timestamp,estimate_x,estimate_y,estimate_z,truth_x,truth_y,truth_z,error_m
1609060363.469352007,0.046488923,-0.021260698,-0.030369868,0.000352647,-0.000128288,-0.000155817,0.059059492
1609060363.517702103,0.046320155,-0.020743256,-0.030199913,0.000266305,0.000024604,-0.000032764,0.058841464
1609060363.568032980,0.046476346,-0.021539984,-0.029383308,0.000273958,0.000023288,-0.000043316,0.058825764
1609060363.616620064,0.046288468,-0.020967225,-0.029050594,0.000455122,0.000045726,-0.000206092,0.058088252
1609060363.669232130,0.046567838,-0.021627015,-0.029591574,0.000322824,-0.000048357,0.000006751,0.058994073
1609060363.717437983,0.046346323,-0.020984573,-0.029353187,0.000309158,-0.000056917,0.000007880,0.058476145
1609060363.769133091,0.045776458,-0.021224028,-0.029720184,0.000313077,-0.000056831,0.000003710,0.058296476
1609060363.816621065,0.045462044,-0.020760018,-0.029499878,0.000357567,-0.000119010,-0.000146163,0.057637710
1609060363.869219065,0.045672406,-0.021358302,-0.029811542,0.000265599,0.000019840,-0.000039722,0.058353786
1609060363.918718100,0.045443693,-0.020868737,-0.029619945,0.000450987,0.000034525,0.000000389,0.057781089
1609060363.968429089,0.045483152,-0.020215891,-0.029592370,0.000272345,0.000020770,-0.000045630,0.057676247
1609060364.018787146,0.045225251,-0.019393528,-0.029414821,0.000364012,-0.000124076,-0.000161475,0.056917491
1609060364.067788124,0.044644500,-0.019484671,-0.028913020,0.000268084,0.000022409,-0.000038284,0.056422893
1609060364.119420052,0.044283034,-0.018684855,-0.028579441,0.000327210,-0.000044406,0.000008343,0.055649279
1609060364.166568995,0.044029629,-0.019276582,-0.028053724,0.000259032,0.000018830,-0.000034140,0.055437128
1609060364.220535994,0.043645970,-0.018618814,-0.027545794,0.000351740,-0.000123126,-0.000146439,0.054472062
1609060364.269806147,0.044609646,-0.019726780,-0.027250302,0.000449516,0.000065556,-0.000167732,0.055455561
1609060364.317873001,0.044516515,-0.019377047,-0.026822118,0.000410911,0.000120631,-0.000035863,0.055163096
1609060364.369445086,0.044665640,-0.019538581,-0.026642479,0.000506974,-0.000022317,-0.000153461,0.055068507
1609060364.418934107,0.044597224,-0.019116308,-0.026105046,0.000302656,-0.000052806,-0.000198416,0.054741021
1609060364.470550060,0.044752726,-0.019327666,-0.025489780,0.000306290,-0.000059472,-0.000213235,0.054641127
1609060364.516581059,0.044911645,-0.019310800,-0.025063101,0.000320215,-0.000061600,-0.000232001,0.054548244
1609060364.568826199,0.045059676,-0.020462162,-0.025673482,0.000270386,0.000004300,-0.000070217,0.055502106
1609060364.618486166,0.045104824,-0.020182010,-0.025486959,0.000364372,-0.000146097,0.000022496,0.055261905
1609060364.666870117,0.046126164,-0.020227602,-0.024764971,0.000403415,0.000091364,-0.000075138,0.055794426
1609060364.718618155,0.046269714,-0.019549664,-0.024336683,0.000473405,0.000031166,-0.000029715,0.055421472
1609060364.766618013,0.046323648,-0.021082458,-0.026075421,0.000310503,-0.000046424,-0.000196683,0.056828103
1609060364.816910982,0.046330624,-0.020132352,-0.026011475,0.000388377,0.000111313,-0.000026214,0.056530787
1609060364.866990089,0.046005484,-0.021266435,-0.026299149,0.000290333,-0.000033732,-0.000153898,0.056782716
1609060364.917939186,0.045845026,-0.021192538,-0.026138210,0.000317779,-0.000033161,0.000036970,0.056617926
1609060364.968490124,0.045420711,-0.020963829,-0.026545184,0.000252330,0.000033302,-0.000003276,0.056440544
1609060365.018791199,0.045177895,-0.020603638,-0.026357159,0.000348575,-0.000112449,-0.000125624,0.055835922
1609060365.069586039,0.044972831,-0.020600537,-0.026565545,0.000349153,-0.000110341,-0.000122836,0.055770401
1609060365.116973162,0.044729949,-0.020294057,-0.026367531,0.000294942,-0.000041077,-0.000170892,0.055415855
1609060365.167543173,0.045040312,-0.021049707,-0.026977285,0.000457233,-0.000050459,-0.000144457,0.056112566
1609060365.216737032,0.045014005,-0.020890083,-0.026808805,0.000484481,-0.000056316,-0.000183928,0.055908930
1609060365.269127131,0.045764774,-0.021381093,-0.027364673,0.000390576,0.000110343,-0.000250328,0.057060383
1609060365.317117214,0.045819559,-0.021122760,-0.027224048,0.000114216,-0.000083058,-0.000040323,0.057189181
1609060365.368606091,0.046511352,-0.022335733,-0.027218907,0.000065035,-0.000000712,-0.000072669,0.058249737
1609060365.419071198,0.046625874,-0.022146977,-0.027005447,0.000064369,-0.000013130,-0.000092099,0.058156764
1609060365.467614174,0.046213622,-0.022847315,-0.027620710,0.000111060,-0.000089327,-0.000047031,0.058341067
1609060365.520151138,0.046403696,-0.022631016,-0.027331800,0.000099009,-0.000060148,0.000013594,0.058320997
1609060365.568042040,0.047058221,-0.022303609,-0.027989492,0.000672148,0.000008775,-0.000064483,0.058560365
1609060365.618832111,0.047421807,-0.022038862,-0.027724909,0.000682031,0.000012436,-0.000069406,0.058614787
1609060365.668703079,0.048009619,-0.022364928,-0.028483562,0.000390677,0.000124731,-0.000006958,0.059868735
1609060365.716791153,0.047912043,-0.021734935,-0.028407828,0.000166939,0.000084516,-0.000046349,0.059666212
1609060365.768277168,0.048416052,-0.021021317,-0.027569086,0.000053714,-0.000000496,-0.000059871,0.059477286
1609060365.817838192,0.048705803,-0.020213330,-0.026983628,0.000162657,-0.000157149,0.000006238,0.059052013
1609060365.869102001,0.047530220,-0.021658801,-0.028570068,-0.000130988,-0.000041771,-0.000143903,0.059556139
1609060365.915625095,0.047333543,-0.020542795,-0.028381025,0.000119453,-0.000087053,-0.000052568,0.058737630
1609060365.967102051,0.046791452,-0.020231718,-0.028851038,0.000205407,-0.000232716,-0.000163459,0.058251153
1609060366.017361164,0.046256026,-0.018773339,-0.028765917,0.000354080,-0.000118558,-0.000141596,0.057221859
1609060366.071130037,0.046733670,-0.020276535,-0.028841430,0.000544710,-0.000089497,-0.000083907,0.058033884
1609060366.166268110,0.046518853,-0.020181576,-0.029065534,0.000384117,-0.000176545,-0.000048651,0.058056822
1609060366.217751026,0.046228696,-0.020728643,-0.028722076,0.000087884,-0.000368910,-0.000035229,0.058020932
1609060366.266285181,0.045110743,-0.020510554,-0.029483430,0.000092678,-0.000059805,0.000021112,0.057579312
1609060366.319833040,0.044575984,-0.021514650,-0.029087473,-0.000047252,0.000040180,0.000117196,0.057521792
1609060366.368166208,0.045717496,-0.021224537,-0.029177091,-0.000108373,-0.000091024,-0.000028616,0.058277519
1609060366.417719126,0.045574318,-0.021259486,-0.028664736,0.000242615,-0.000287834,0.000146380,0.057661545
1609060366.467580080,0.044918450,-0.022949709,-0.028340448,-0.000034002,-0.000166907,-0.000013477,0.057811731
1609060366.517288208,0.045349308,-0.022261118,-0.027543387,0.000236429,-0.000296243,-0.000080591,0.057199937
1609060366.569877148,0.045888350,-0.022520147,-0.028632015,0.000393389,0.000124568,-0.000010204,0.058324803
1609060366.617144108,0.044996821,-0.021735050,-0.028031590,0.000385275,-0.000309961,0.000173706,0.056962823
1609060366.668351173,0.047738199,-0.022062625,-0.028020090,0.000403792,0.000110579,0.000175767,0.059390264
1609060366.715952158,0.049471588,-0.021485813,-0.027324751,-0.000613854,-0.000060705,0.000356339,0.061105069
1609060366.768293142,0.050132587,-0.021754444,-0.027610936,-0.000306125,-0.000446384,0.000052128,0.061346085
1609060366.818122149,0.049208701,-0.021368717,-0.027886043,0.001024256,0.000137844,-0.000021976,0.059671427
1609060366.867343187,0.050012203,-0.022345062,-0.026758311,0.000418142,0.000152065,0.000227344,0.060777604
1609060366.917598009,0.047469812,-0.021357981,-0.026891299,-0.000325635,-0.000062576,0.000476609,0.059049991
1609060366.967342138,0.045874173,-0.021842767,-0.027173805,0.001656293,-0.000071272,0.000044147,0.056303071
1609060367.018635988,0.044558277,-0.021413597,-0.027483208,0.000802165,0.000341478,0.000332733,0.056228172
1609060367.066863060,0.045151562,-0.021479824,-0.027459596,-0.000590914,0.000086231,0.001009948,0.058034333
1609060367.120592117,0.044610662,-0.021522112,-0.027865364,0.000176782,-0.000147327,0.000446900,0.056858029
1609060367.168382168,0.044576950,-0.021369017,-0.027884694,0.000698040,0.000075106,0.000454988,0.056465448
1609060367.220067024,0.043933218,-0.020545268,-0.027906381,-0.000617461,0.000036455,0.000738189,0.056823251
1609060367.268805027,0.044283794,-0.020848402,-0.027780626,-0.000389047,-0.000109275,0.000690649,0.056889258
1609060367.316627979,0.043798565,-0.020473847,-0.027236110,0.000459081,-0.000069937,0.000482253,0.055343817
1609060367.374567032,0.042290350,-0.020718833,-0.027608301,-0.000013172,-0.000190865,0.000585093,0.054825660
1609060367.419722080,0.041909215,-0.020317017,-0.026989920,0.000071738,-0.000023967,0.000762706,0.054151553
1609060367.468986034,0.041781104,-0.020923840,-0.027007768,0.000775383,0.000165729,0.000517080,0.053701549
1609060367.518623114,0.041780076,-0.020168830,-0.025992508,0.001005300,0.000191045,0.000525492,0.052728656
1609060367.566896200,0.043075321,-0.021108141,-0.025803130,0.000889959,-0.000018374,0.000532424,0.054018001
1609060367.616783142,0.043089567,-0.020837782,-0.025205948,0.001010969,0.000152422,0.000676674,0.053675946
1609060367.668950081,0.043156885,-0.020129384,-0.026128864,0.000730315,-0.000085094,0.000379515,0.053893242
1609060367.718545198,0.042508226,-0.019866946,-0.025768967,0.000397581,-0.000209806,0.000542911,0.053404349
1609060367.765889168,0.044383576,-0.021279674,-0.027599223,0.000105201,-0.000078862,0.000416649,0.056523782
1609060367.817234993,0.044651982,-0.021136457,-0.027267096,0.000242984,0.000010138,0.000409641,0.056438811
1609060367.868952990,0.043058348,-0.021028812,-0.027732283,0.000339713,-0.000142813,0.000495190,0.055298255
1609060367.922713995,0.043555287,-0.020409744,-0.027418530,-0.000142040,-0.000038417,0.000754198,0.055840397
1609060367.968739033,0.039055815,-0.019084350,-0.025731195,-0.001113061,-0.000305982,0.001167478,0.051862359
1609060368.018198013,0.036558913,-0.018291587,-0.024896354,-0.002591340,-0.000469840,0.001426557,0.050430672
1609060368.068567038,0.029285940,-0.018485697,-0.026477806,-0.004485227,-0.001351842,0.001637312,0.047164823
1609060368.117814064,0.024848979,-0.017790691,-0.026177142,-0.007008597,-0.002171046,0.001762192,0.045160656
1609060368.170260191,0.018371699,-0.018933599,-0.027334655,-0.008981754,-0.002686339,0.001555349,0.042974610
1609060368.217667103,0.014069660,-0.018416133,-0.026791758,-0.011817858,-0.003851114,0.001463996,0.040996231
1609060368.267811060,0.010796880,-0.017941965,-0.027224447,-0.012638625,-0.003852636,0.001484095,0.039647352
1609060368.318669081,0.007221629,-0.016622948,-0.026590148,-0.012800729,-0.003916812,0.001998616,0.037143750
1609060368.367310047,0.005217156,-0.016680197,-0.028437523,-0.012701319,-0.003757035,0.002368789,0.037909217
1609060368.424607038,0.003211710,-0.015015037,-0.027971359,-0.012259085,-0.003807545,0.002900941,0.036304989
1609060368.476238012,0.005739024,-0.011130254,-0.027634899,-0.010112976,-0.002952009,0.004130070,0.036430520
1609060368.523241997,0.005707831,-0.008949977,-0.026510281,-0.009622581,-0.003024745,0.005233767,0.035746531
1609060368.573940992,0.006948023,-0.007595448,-0.024757669,-0.008666150,-0.002535391,0.006737470,0.035515494
1609060368.625032187,0.007713937,-0.005059862,-0.021583606,-0.008485328,-0.001808579,0.009260493,0.034990649
1609060368.676413059,0.005320761,-0.006887805,-0.016443711,-0.008426871,-0.000540116,0.013900029,0.033912138
1609060368.725769997,0.006191767,-0.004522324,-0.006993000,-0.006980668,0.001387151,0.020947916,0.031450432
1609060368.777173996,0.008493803,-0.002160999,0.004074426,-0.003863052,0.003164326,0.043774036,0.041917896
1609060368.824648142,0.009867363,0.000963325,0.022345805,-0.003041256,0.004224189,0.062690524,0.042484845
1609060368.875344992,0.013530225,0.000370760,0.046707192,-0.001104869,0.005573438,0.083074624,0.039545468
1609060368.923364162,0.015600273,0.002607835,0.075322062,0.001111218,0.008267013,0.110012053,0.038017818
1609060368.974891186,0.014778612,0.008734744,0.107929578,0.001616823,0.009225935,0.139364636,0.034082794
1609060369.023996115,0.016528094,0.011025212,0.147940022,0.006026772,0.014035969,0.208056706,0.061101212
1609060369.076563120,0.017111250,0.015041028,0.202272007,0.005645943,0.016277352,0.250225514,0.049320591
1609060369.122320175,0.017300878,0.018808904,0.251139366,0.006525430,0.018601496,0.295004927,0.045170130
1609060369.175933123,0.015640261,0.022325616,0.317772998,0.005475035,0.021591195,0.345836221,0.029856586
1609060369.225181103,0.013832825,0.026500128,0.381376805,0.004460880,0.025012164,0.400167667,0.021050983
1609060369.277878046,0.011965186,0.029365965,0.453368918,0.003670517,0.031544681,0.514357305,0.061588405
1609060369.325048208,0.009979067,0.033669353,0.522424250,0.002224844,0.035987753,0.576799261,0.054974036
1609060369.375655174,0.012420537,0.036162961,0.597462490,0.000986345,0.039151329,0.639772380,0.043929464
1609060369.423925161,0.010068701,0.039843091,0.673723747,-0.001116003,0.042314623,0.705078997,0.033381998
1609060369.476325035,0.004835306,0.042426502,0.757273256,-0.004156337,0.045257470,0.774513121,0.019648841
1609060369.526211023,0.001256006,0.044959862,0.840047524,-0.010900538,0.050291649,0.909076917,0.070294144
1609060369.576457024,-0.003865057,0.049588065,0.926646388,-0.016939148,0.051896956,0.979990540,0.054971459
1609060369.624904156,-0.008790862,0.052265241,1.006160370,-0.022175154,0.051526789,1.047043231,0.043024329
1609060369.676457167,-0.012145858,0.050126190,1.087894587,-0.027673429,0.050771761,1.113042541,0.029562507
1609060369.724966049,-0.016999399,0.049100172,1.163745549,-0.032117921,0.050163012,1.177115361,0.020210176
1609060369.776529074,-0.023100161,0.044846417,1.244991617,-0.035790958,0.046619757,1.239326189,0.014010643
1609060369.824362040,-0.028436727,0.041629138,1.315422041,-0.048315656,0.041410133,1.362549445,0.051148921
1609060369.874984980,-0.037492984,0.037518670,1.382271934,-0.053330903,0.036474501,1.420254690,0.041165760
1609060369.922994137,-0.043358701,0.030953333,1.447424027,-0.058678361,0.032198394,1.477099828,0.033419983
1609060369.973376989,-0.049559764,0.023323742,1.520269531,-0.065083831,0.023966201,1.532618070,0.019846810
1609060370.024846077,-0.056421376,0.012639750,1.586659243,-0.072377628,0.016004412,1.588192475,0.016379064
1609060370.077591181,-0.063728049,0.001747262,1.648754549,-0.083431370,-0.004630554,1.692531060,0.048428095
1609060370.131295204,-0.071274183,-0.011823398,1.715676703,-0.089787416,-0.014949260,1.745325643,0.035093738
1609060370.176069021,-0.077423382,-0.024453685,1.774294815,-0.096869567,-0.026482980,1.797683407,0.030484396
1609060370.225593090,-0.084957584,-0.039314176,1.835776064,-0.103631683,-0.038952007,1.850505250,0.023786594
1609060370.274984121,-0.089035678,-0.057646155,1.900889202,-0.110097413,-0.052760272,1.902116488,0.021655825
1609060370.332502127,-0.097550927,-0.076321630,1.973605082,-0.125957451,-0.082164741,2.012235544,0.048305126
1609060370.379465103,-0.107132986,-0.089511192,2.030580664,-0.132146366,-0.097639112,2.064290997,0.042756506
1609060370.424487114,-0.114662130,-0.105400582,2.086985108,-0.138970158,-0.113620467,2.114148903,0.037367345
1609060370.475898027,-0.127438945,-0.120475362,2.148736073,-0.146695647,-0.130204811,2.165147451,0.027107491
1609060370.524448156,-0.136575782,-0.138043128,2.210218584,-0.153378897,-0.146180621,2.218056271,0.020248279
1609060370.576019049,-0.145451759,-0.156159469,2.275902903,-0.160283271,-0.161757085,2.271150443,0.016549711
1609060370.625375986,-0.154886885,-0.173215007,2.339129349,-0.176451613,-0.193992806,2.375328685,0.046980276
1609060370.675712109,-0.164185187,-0.190895270,2.404730002,-0.184377598,-0.209235434,2.429577604,0.036898489
1609060370.723781109,-0.173267961,-0.206666626,2.465230903,-0.191083444,-0.223693645,2.478888960,0.028175403
1609060370.775207043,-0.183656939,-0.225128493,2.528780244,-0.200568808,-0.238917265,2.530510875,0.021889190
1609060370.824608088,-0.193405829,-0.240327962,2.586188182,-0.210445223,-0.252993012,2.579952839,0.022127447
1609060370.877348185,-0.205750620,-0.260782848,2.641933472,-0.223900228,-0.280567611,2.665764053,0.035899049
1609060370.923455000,-0.215106429,-0.275302756,2.688338790,-0.232597663,-0.294021379,2.705369191,0.030763041
1609060370.976181030,-0.222851684,-0.291324319,2.736956441,-0.240827341,-0.306444307,2.742874947,0.024223274
1609060371.024459124,-0.231013342,-0.306039485,2.779643712,-0.248395824,-0.318086171,2.778800117,0.021165656
1609060371.076410055,-0.238126170,-0.320293529,2.820853982,-0.255354368,-0.329789166,2.812602268,0.021332340
1609060371.125555992,-0.244955517,-0.334115510,2.859567742,-0.262940383,-0.341479720,2.843007667,0.025532784
1609060371.175806999,-0.249997430,-0.348404525,2.895712917,-0.276828065,-0.363164403,2.904519843,0.031863755
1609060371.226459980,-0.255325565,-0.361420054,2.931360124,-0.282855212,-0.373743247,2.931824766,0.030165518
1609060371.275564194,-0.261565864,-0.376603897,2.962382882,-0.290110462,-0.384411233,2.959635318,0.029720325
1609060371.322875023,-0.266015451,-0.388384251,2.993248189,-0.295871900,-0.394180165,2.985678750,0.031341611
1609060371.381882191,-0.271782511,-0.402920711,3.025691201,-0.306265603,-0.414011999,3.035787875,0.037603764
1609060371.425695181,-0.275130272,-0.414136042,3.051969681,-0.312094368,-0.424202563,3.060710134,0.039294717
1609060371.476238012,-0.283478372,-0.425022117,3.082555034,-0.316266270,-0.433729930,3.084963488,0.034009895
1609060371.523342133,-0.287813143,-0.436002037,3.110346801,-0.320262403,-0.442943325,3.108590964,0.033229789
1609060371.576235056,-0.293923429,-0.449182894,3.145479267,-0.324850774,-0.453096609,3.133294628,0.033470633
1609060371.625576019,-0.299190038,-0.460656230,3.175541143,-0.329130857,-0.462328652,3.157601878,0.034943767
1609060371.677156210,-0.309490555,-0.472476173,3.204253279,-0.336091099,-0.481092748,3.210284976,0.028604470
1609060371.723249197,-0.315165144,-0.482926316,3.232439818,-0.338919177,-0.490106751,3.231828442,0.024823104
1609060371.773763180,-0.323876362,-0.493429742,3.259534631,-0.341977641,-0.499358827,3.255331405,0.019505832
1609060371.824518204,-0.330283343,-0.505226737,3.287317602,-0.344228459,-0.507845517,3.276648967,0.017752297
1609060371.877555132,-0.334728931,-0.516419234,3.316185172,-0.346992589,-0.517474066,3.298539234,0.021514857
1609060371.924982071,-0.340293616,-0.527585228,3.343002280,-0.352742980,-0.534766093,3.344503812,0.014450124
1609060371.975533009,-0.341166166,-0.539580718,3.370177704,-0.355778269,-0.542945984,3.369988573,0.014995811
1609060372.022653103,-0.344794564,-0.549610970,3.402219366,-0.358431258,-0.550976755,3.397110261,0.014626269
1609060372.076374054,-0.350112871,-0.561287939,3.440256685,-0.360854492,-0.559106565,3.430592133,0.014613158
1609060372.125910997,-0.354440345,-0.571029332,3.480967242,-0.363383761,-0.566907763,3.463888234,0.019714577
1609060372.175580978,-0.355640715,-0.580684983,3.511692545,-0.369859639,-0.585870174,3.527273491,0.021721645
1609060372.223182201,-0.359702826,-0.591487595,3.544284120,-0.374836193,-0.595417886,3.557009098,0.020159143
1609060372.275930166,-0.364299887,-0.602903564,3.575669234,-0.380866921,-0.604897358,3.582063065,0.017869608
1609060372.325079203,-0.369861174,-0.614119076,3.603460509,-0.388001282,-0.615304958,3.606595967,0.018447247
1609060372.376758099,-0.378724580,-0.627805961,3.632722795,-0.394522127,-0.625191931,3.628419746,0.016580467
1609060372.429697990,-0.384155772,-0.639875718,3.652203954,-0.406105729,-0.643790196,3.659128772,0.023346881
1609060372.476099014,-0.395229687,-0.650237913,3.673213864,-0.413418562,-0.653739830,3.670040610,0.018792767
1609060372.524174213,-0.404229213,-0.661827884,3.684246420,-0.421934081,-0.663588713,3.679157219,0.018505752
1609060372.576766014,-0.417458746,-0.675179684,3.689916917,-0.432160168,-0.674308577,3.687114134,0.014991539
1609060372.625241041,-0.431468312,-0.688377762,3.695296016,-0.444138523,-0.685748881,3.692944703,0.013151955
1609060372.677778006,-0.450822243,-0.702183834,3.694928262,-0.472182362,-0.709984860,3.700863736,0.023501926
1609060372.722868204,-0.467074478,-0.715424229,3.695737829,-0.487270871,-0.721973900,3.702916409,0.022412597
1609060372.775847197,-0.488717559,-0.732363129,3.692961177,-0.505848083,-0.735761744,3.704256272,0.020798667
1609060372.825339079,-0.512183248,-0.748282904,3.690938833,-0.526069984,-0.750295347,3.704633878,0.019607285
1609060372.877873182,-0.540160853,-0.765160280,3.690342955,-0.547754742,-0.764950797,3.704518656,0.016082958
1609060372.926480055,-0.566859896,-0.782826654,3.688577404,-0.593420072,-0.795760926,3.703677042,0.033177363
1609060372.973802090,-0.592619328,-0.800111136,3.691937215,-0.620897279,-0.813488992,3.702993153,0.033178959
1609060373.024542093,-0.624069652,-0.820072824,3.689750653,-0.646525992,-0.828963408,3.701829861,0.027004389
1609060373.076001167,-0.658937425,-0.840321923,3.689106590,-0.675289520,-0.846026815,3.700759306,0.020873969
1609060373.124036074,-0.693326959,-0.860663194,3.687025332,-0.709971378,-0.867345766,3.699576746,0.021891356
1609060373.180086136,-0.737693548,-0.887608506,3.685697684,-0.776686276,-0.905831842,3.697216106,0.044555549
1609060373.223744154,-0.772749094,-0.908151105,3.684583395,-0.809920388,-0.924243835,3.696345570,0.042178547
1609060373.277434111,-0.816003565,-0.931448980,3.688494422,-0.848077978,-0.945595600,3.695309579,0.035711920
1609060373.323575020,-0.856491342,-0.953973403,3.688015138,-0.886660876,-0.966654444,3.694019147,0.033272477
1609060373.374325037,-0.899653638,-0.980014248,3.692505588,-0.927886646,-0.989412251,3.693097253,0.029761977
1609060373.424693108,-0.945188792,-1.006437414,3.692888266,-0.968898001,-1.011800549,3.691689048,0.024337788
1609060373.477025032,-1.001760308,-1.036668888,3.697272439,-1.051879550,-1.056883816,3.688286607,0.054784368
1609060373.523668051,-1.048928834,-1.062277095,3.698276550,-1.094512317,-1.079666570,3.687373345,0.049991275
1609060373.575177193,-1.103617708,-1.091619202,3.695424934,-1.137913341,-1.101731043,3.686523392,0.036846672
1609060373.624744177,-1.156524312,-1.120268796,3.696920612,-1.181115114,-1.125059384,3.685982054,0.027336958
1609060373.678225040,-1.216852953,-1.151021043,3.697551889,-1.226890779,-1.149619172,3.685943546,0.015410283
1609060373.725805044,-1.266695069,-1.178282942,3.698474802,-1.313001936,-1.195014514,3.686210798,0.050741278
1609060373.776236057,-1.316950644,-1.205441604,3.697077375,-1.355729032,-1.218154311,3.685770352,0.042346488
1609060373.823961020,-1.365919242,-1.232596964,3.697938892,-1.399104199,-1.240364988,3.687241233,0.035721471
1609060373.877856016,-1.421088564,-1.261365880,3.695699941,-1.442353008,-1.262900504,3.687784823,0.022741607
1609060373.925863981,-1.469404738,-1.287645940,3.695020050,-1.484444625,-1.285211253,3.687999352,0.016775461
1609060373.976363182,-1.519507577,-1.314748830,3.692825364,-1.567414308,-1.328708289,3.687688001,0.050162873
1609060374.024655104,-1.566265715,-1.339865246,3.691866431,-1.607214129,-1.348391728,3.687128827,0.042094160
1609060374.074808121,-1.613594616,-1.362710983,3.690679048,-1.649023558,-1.369894380,3.686998311,0.036336744
1609060374.125483036,-1.659238131,-1.387802767,3.689385900,-1.685574068,-1.388050797,3.686381721,0.026507890
1609060374.175988197,-1.704294136,-1.407758769,3.688992060,-1.723239004,-1.407546138,3.686835862,0.019068362
1609060374.224302053,-1.745315071,-1.429156123,3.688635801,-1.797917876,-1.444865798,3.687996877,0.054902251
1609060374.275952101,-1.789209905,-1.449300702,3.691662310,-1.835056586,-1.463849366,3.689566788,0.048145332
1609060374.324405193,-1.828191396,-1.468589304,3.692593161,-1.868965925,-1.481263362,3.690706180,0.042740551
1609060374.377850056,-1.870444975,-1.488605039,3.696138942,-1.903570178,-1.499197235,3.691736314,0.035055054
1609060374.432549000,-1.911364792,-1.508435547,3.698046320,-1.968480002,-1.532020744,3.694499846,0.061894962
1609060374.480001211,-1.950690659,-1.527320012,3.705387669,-1.997598120,-1.546545850,3.695615118,0.051627952
1609060374.523640156,-1.982454376,-1.542286351,3.708360081,-2.026025194,-1.561168729,3.696887070,0.048852741
1609060374.575245142,-2.021454087,-1.562911841,3.703017950,-2.057039284,-1.576932262,3.697876191,0.038591659
1609060374.626283169,-2.056343159,-1.581242764,3.704704219,-2.083748279,-1.590910205,3.698962254,0.029622123
1609060374.675654173,-2.093209510,-1.600600116,3.701572292,-2.110778832,-1.604898674,3.700056864,0.018150901
1609060374.723823071,-2.128564815,-1.619397047,3.702831360,-2.167963863,-1.634482676,3.703121748,0.042189401
1609060374.773189068,-2.163994953,-1.637105344,3.707569074,-2.196033545,-1.648792723,3.705156372,0.034188995
1609060374.824628115,-2.198097019,-1.656822130,3.710328206,-2.222148694,-1.662712311,3.706574629,0.025045292
1609060374.877428055,-2.231884283,-1.674697342,3.710429127,-2.248622865,-1.676677161,3.708262757,0.016993910
1609060374.925567150,-2.263110202,-1.691673811,3.712101898,-2.274520340,-1.689974631,3.709869223,0.011750034
1609060374.975277185,-2.298864621,-1.708783942,3.715545276,-2.328953165,-1.719049486,3.712064275,0.031981545
1609060375.024696112,-2.332263332,-1.726968440,3.716620233,-2.355256542,-1.733483718,3.712563843,0.024240273
1609060375.075798035,-2.363701754,-1.744435295,3.717438300,-2.380948414,-1.747895274,3.713015132,0.018137892
1609060375.126281977,-2.393807703,-1.762668838,3.717694006,-2.406225117,-1.761805666,3.712766709,0.013387139
1609060375.176793098,-2.423606050,-1.779009248,3.718026770,-2.430835217,-1.775682049,3.712397488,0.009747817
1609060375.225218058,-2.452810629,-1.795451202,3.718244105,-2.482020377,-1.803589936,3.712223930,0.030914250
1609060375.275624990,-2.485790720,-1.813124727,3.717798475,-2.508467546,-1.817974345,3.711809752,0.023950408
1609060375.323940992,-2.516757922,-1.829542245,3.717732234,-2.535161045,-1.832814682,3.711240269,0.019787102
1609060375.377138138,-2.552841368,-1.847955905,3.718098491,-2.562666614,-1.848045568,3.710737090,0.012277366
1609060375.425173998,-2.583716172,-1.864480278,3.718068946,-2.589021184,-1.862751002,3.710833725,0.009136847
1609060375.476772070,-2.618358487,-1.879901352,3.720922091,-2.644489253,-1.893887234,3.710146747,0.031536167
1609060375.524785042,-2.648946935,-1.896050524,3.721565858,-2.668875146,-1.907398328,3.710139740,0.025621523
1609060375.575093031,-2.681186309,-1.912897747,3.721577235,-2.695181908,-1.921734615,3.709786963,0.020321848
1609060375.626551151,-2.713765835,-1.930182303,3.721796739,-2.721371946,-1.936574402,3.709420999,0.015870438
1609060375.677131176,-2.747505548,-1.949507109,3.723368845,-2.748409146,-1.951941765,3.708925636,0.014674820
1609060375.728677988,-2.780366046,-1.966836578,3.723518800,-2.799819626,-1.979743185,3.707335200,0.028406535
1609060375.773073196,-2.807174819,-1.981786998,3.720508675,-2.826089864,-1.994085182,3.706154032,0.026740980
1609060375.823648214,-2.837971908,-1.998698509,3.719635889,-2.850103619,-2.006685726,3.705280717,0.020421680
1609060375.876316071,-2.868466783,-2.018365731,3.716071486,-2.877909843,-2.022328085,3.704206825,0.015672964
1609060375.925800085,-2.897515003,-2.035603634,3.713872174,-2.904726782,-2.037382587,3.702733379,0.013388322
1609060375.977324009,-2.927838300,-2.052870383,3.709469097,-2.955760727,-2.064794138,3.699322032,0.032012510
1609060376.024099112,-2.954870012,-2.068284535,3.706813628,-2.980660314,-2.077920130,3.697273739,0.029137499
1609060376.076449156,-2.984328670,-2.086179060,3.703821053,-3.006103080,-2.091799089,3.694722973,0.024258704
1609060376.129225016,-3.013558018,-2.102914777,3.701102858,-3.030186680,-2.105079179,3.691977757,0.019090953
1609060376.176424026,-3.040443474,-2.117091305,3.699761425,-3.054685928,-2.118329044,3.688399529,0.018261220
1609060376.224507093,-3.067381150,-2.132530264,3.695278202,-3.103212274,-2.145148339,3.680569513,0.040736112
1609060376.275020123,-3.098867728,-2.147706106,3.694597292,-3.127546632,-2.158452461,3.676513946,0.035566432
1609060376.324153185,-3.125396024,-2.162990031,3.689267269,-3.149416054,-2.170676780,3.671895928,0.030623707
1609060376.376890182,-3.155402753,-2.180242310,3.683259667,-3.172692456,-2.183860340,3.666715960,0.024201616
1609060376.425126076,-3.181337876,-2.194429038,3.677875438,-3.193773460,-2.195910726,3.662583117,0.019765987
1609060376.479104042,-3.210326915,-2.211483266,3.670694695,-3.216467049,-2.208941268,3.657648730,0.014641045
1609060376.524039984,-3.233475823,-2.224207144,3.665470656,-3.258545551,-2.232089381,3.648034271,0.031538048
1609060376.576709032,-3.260670551,-2.239683853,3.660269280,-3.278799675,-2.244184290,3.642903744,0.025504527
1609060376.624075174,-3.283388611,-2.253702889,3.654956883,-3.298004064,-2.255987085,3.638533976,0.022102961
1609060376.677000999,-3.307721737,-2.267332899,3.652199593,-3.316517064,-2.267522119,3.633843567,0.020355276
1609060376.726062059,-3.328992355,-2.280714592,3.647843292,-3.352388587,-2.288325418,3.626146245,0.032803509
1609060376.776576996,-3.352667301,-2.293496330,3.643383279,-3.370317540,-2.299898488,3.621333897,0.028960211
1609060376.825327158,-3.372577847,-2.306296035,3.638952926,-3.386066999,-2.310452681,3.617051302,0.026056018
1609060376.875717163,-3.392887926,-2.319586719,3.632690359,-3.401729827,-2.320645697,3.612256467,0.022290011
1609060376.923955202,-3.410935866,-2.331150930,3.626521752,-3.417441578,-2.330508790,3.606843174,0.020736032
1609060376.978782177,-3.431242031,-2.343419439,3.617459414,-3.432538953,-2.340990975,3.600895367,0.016791281
1609060377.024703026,-3.446653986,-2.353873071,3.610857931,-3.458459683,-2.358509477,3.589866174,0.024525998
1609060377.076284170,-3.462937176,-2.364210524,3.605031608,-3.472314873,-2.368717367,3.583267167,0.024123510
1609060377.125343084,-3.477046163,-2.374500877,3.598446564,-3.484576842,-2.378104360,3.576954321,0.023056728
1609060377.175764084,-3.490471639,-2.385063574,3.590513137,-3.495520744,-2.386644702,3.570616448,0.020588143
1609060377.224970102,-3.502291106,-2.394876528,3.583077764,-3.506474491,-2.395227126,3.564232376,0.019307311
1609060377.276504040,-3.513530299,-2.404522229,3.571362496,-3.526659296,-2.411309117,3.550972061,0.025183372
1609060377.323620081,-3.523362229,-2.413458943,3.564284019,-3.535962196,-2.419298588,3.543831965,0.024721390
1609060377.372981071,-3.533903039,-2.422782228,3.557432703,-3.544358330,-2.426236397,3.536641204,0.023527236
1609060377.424736977,-3.542451344,-2.431813010,3.548880993,-3.552618105,-2.433840036,3.529068177,0.022361116
1609060377.477060080,-3.552777095,-2.440409070,3.538156742,-3.561006192,-2.441770593,3.520841907,0.019219138
1609060377.525356054,-3.560913338,-2.449413517,3.528483913,-3.575741190,-2.456745999,3.503795010,0.029718217
1609060377.573468208,-3.568703581,-2.459104205,3.520505086,-3.583006782,-2.464307190,3.494719475,0.029942450
1609060377.624278069,-3.575722102,-2.468738697,3.510154965,-3.589691702,-2.472017367,3.485496389,0.028529717
1609060377.676570177,-3.583139760,-2.478123038,3.497241492,-3.595347052,-2.479632415,3.475841473,0.024683132
1609060377.724879026,-3.588674595,-2.487740232,3.487041060,-3.601147778,-2.487659132,3.466743263,0.023824094
1609060377.775535107,-3.594704371,-2.498008813,3.476893447,-3.612022971,-2.503880428,3.448951098,0.033394380
1609060377.825145006,-3.599685621,-2.507659671,3.467001623,-3.616436032,-2.511374594,3.440199978,0.031823028
1609060377.875771999,-3.607467323,-2.521200487,3.456687929,-3.621723694,-2.520843700,3.431377603,0.029051403
1609060377.924765110,-3.611959601,-2.532999365,3.446710275,-3.625965874,-2.529677064,3.423360289,0.027430553
1609060377.975740194,-3.618498297,-2.544628016,3.436149523,-3.629583207,-2.539261014,3.414810762,0.024637830
1609060378.024561167,-3.622875226,-2.557942070,3.425853420,-3.635860906,-2.560492228,3.399032013,0.029908512
1609060378.075357199,-3.627162114,-2.571500619,3.411219293,-3.638464313,-2.572334033,3.390821827,0.023334329
1609060378.124582052,-3.630628153,-2.586504349,3.399732297,-3.640176363,-2.583481522,3.382709075,0.019750845
1609060378.174213171,-3.633437859,-2.602722257,3.386713685,-3.642342880,-2.596753939,3.373047560,0.017369029
1609060378.226052046,-3.635918210,-2.619703438,3.373632577,-3.644498447,-2.609967504,3.363759306,0.016306145
1609060378.276415110,-3.637813992,-2.635198685,3.360755177,-3.645400001,-2.639069770,3.345635012,0.017353738
1609060378.324060202,-3.638127283,-2.653555990,3.349374908,-3.645720149,-2.654334232,3.336803951,0.014706673
1609060378.373277187,-3.638659848,-2.672748804,3.340835565,-3.645522240,-2.671898504,3.327975135,0.014601579
1609060378.423891068,-3.637875844,-2.693119779,3.330901658,-3.644404456,-2.687688442,3.320635545,0.013323485
1609060378.477568150,-3.636238971,-2.715143748,3.322807689,-3.642555575,-2.706188321,3.312997820,0.014708252
1609060378.526171207,-3.633469876,-2.737710906,3.314717982,-3.638592069,-2.746037331,3.298765928,0.018709203
1609060378.574408054,-3.629951673,-2.759185605,3.305653180,-3.635136457,-2.766203155,3.292665219,0.015646568
1609060378.623176098,-3.625672011,-2.783125429,3.298578403,-3.631790212,-2.787288031,3.286938559,0.013792955
1609060378.676959991,-3.620523576,-2.808473631,3.290022874,-3.628051809,-2.809903296,3.281245434,0.011651682
1609060378.726022005,-3.614682891,-2.833210436,3.284268517,-3.623568807,-2.832183282,3.276283789,0.011990430
1609060378.776993036,-3.608578519,-2.860444679,3.280093902,-3.612134117,-2.879055276,3.270310031,0.021324182
1609060378.824391127,-3.600798242,-2.886888089,3.279116449,-3.606332511,-2.903467852,3.270953813,0.019291068
1609060378.877188206,-3.591740792,-2.916470616,3.280327467,-3.599050066,-2.928265005,3.274280360,0.015136069
1609060378.925369024,-3.582938743,-2.943990447,3.285980927,-3.591554965,-2.953193378,3.279915293,0.013990180
1609060378.976911068,-3.573446955,-2.978130400,3.293264810,-3.584765791,-2.980489258,3.286378578,0.013457357
1609060379.027352095,-3.563090648,-3.009355727,3.302967576,-3.568360535,-3.033709838,3.303497641,0.024923390
1609060379.074259043,-3.551115842,-3.040600707,3.314333323,-3.559230228,-3.061752849,3.313754022,0.022662567
1609060379.123567104,-3.539448221,-3.072933324,3.326395768,-3.550707795,-3.087903100,3.323951413,0.018890396
1609060379.172895193,-3.529071340,-3.107232133,3.337745605,-3.541803219,-3.115573310,3.334738512,0.015515109
1609060379.223832130,-3.516769770,-3.142222696,3.351469230,-3.531975395,-3.142700997,3.345793660,0.016237362
1609060379.278740168,-3.502900576,-3.181554023,3.368238824,-3.512527135,-3.199744317,3.366417698,0.020660927
1609060379.324427128,-3.490298317,-3.213895930,3.378883256,-3.501339204,-3.228234457,3.375471175,0.018415669
1609060379.373706102,-3.477969068,-3.246034390,3.389827227,-3.490688696,-3.256363844,3.383699164,0.017493991
1609060379.424789190,-3.463755431,-3.281702674,3.400528890,-3.480199038,-3.283754894,3.391948661,0.018660765
1609060379.477308035,-3.450197756,-3.314771641,3.409992163,-3.469626181,-3.312719800,3.399875350,0.022000537
1609060379.527546167,-3.435374741,-3.348856075,3.418805257,-3.445473909,-3.368499892,3.414188324,0.022565212
1609060379.574175119,-3.423786502,-3.378306617,3.424771655,-3.433834449,-3.397773421,3.419863877,0.022450033
1609060379.624490023,-3.408673716,-3.411350847,3.431878204,-3.421996474,-3.424865858,3.425197845,0.020119110
1609060379.676283121,-3.394878817,-3.443730135,3.437175823,-3.409041724,-3.453201545,3.431210157,0.018052278
1609060379.725444078,-3.379788428,-3.475204129,3.442825636,-3.395672599,-3.481638167,3.436119408,0.018403186
1609060379.778115034,-3.364547681,-3.508066359,3.448056763,-3.382979504,-3.509900341,3.440361359,0.020057788
1609060379.825517178,-3.349090890,-3.538213602,3.452177342,-3.355377424,-3.564908042,3.447713046,0.027785672
1609060379.876507998,-3.333943218,-3.571304557,3.458362882,-3.340890308,-3.593946441,3.451345161,0.024701526
1609060379.924851179,-3.317610218,-3.602426638,3.462137725,-3.326349393,-3.622011318,3.454544537,0.022750590
1609060379.976315022,-3.303030164,-3.634518398,3.463888287,-3.311436577,-3.649173145,3.457969100,0.017901569
1609060380.025951147,-3.286308972,-3.665731879,3.467604287,-3.296229397,-3.677216660,3.461186584,0.016477315
1609060380.076279163,-3.268834549,-3.702312513,3.473051273,-3.263981169,-3.732791610,3.467145278,0.031423103
1609060380.126965046,-3.249796926,-3.735950488,3.477519593,-3.247626910,-3.759228811,3.469813466,0.024616533
1609060380.175324202,-3.230780536,-3.769016084,3.479903513,-3.230427052,-3.787593504,3.472912172,0.019852565
1609060380.224295139,-3.211031175,-3.801955135,3.483706405,-3.212793666,-3.813505725,3.475750415,0.014135781
1609060380.282178164,-3.188714610,-3.839897764,3.485423090,-3.177083283,-3.868931274,3.480877934,0.031605236
1609060380.327114105,-3.168865772,-3.870633847,3.487627821,-3.158766849,-3.893596025,3.483020459,0.025504464
1609060380.418756008,-3.127305863,-3.932340544,3.490199266,-3.118877583,-3.948070041,3.487788216,0.018007391
1609060380.497653008,-3.092923980,-3.980404215,3.495232543,-3.077827159,-4.001126249,3.492175005,0.025819861
1609060380.579474211,-3.051198482,-4.033708710,3.500339572,-3.033666037,-4.055302445,3.496600571,0.028065212
1609060380.613731146,-3.033495096,-4.055385731,3.502415414,-3.012459704,-4.080141876,3.497979175,0.032787721
1609060380.665153980,-3.005227391,-4.087362483,3.507212185,-2.989451526,-4.106792482,3.500006431,0.026044687
1609060380.732620001,-2.967015375,-4.129571969,3.511581598,-2.943221282,-4.158447404,3.504301888,0.038117500
1609060380.775574207,-2.942281732,-4.154329134,3.513831467,-2.918925174,-4.184842992,3.506794514,0.039065881
1609060380.818601131,-2.916897018,-4.180333100,3.517098172,-2.895610243,-4.209410306,3.509168692,0.036898338
1609060380.869970083,-2.888477360,-4.209499377,3.518354526,-2.869744284,-4.235720658,3.511628346,0.032919982
1609060380.919371128,-2.857928048,-4.238660916,3.521642281,-2.843757789,-4.261059535,3.514565625,0.027433073
1609060380.983446121,-2.818749890,-4.275385683,3.523941365,-2.792390890,-4.311074121,3.520282423,0.044517966
1609060381.026141167,-2.791558235,-4.299761854,3.526465571,-2.763708190,-4.338202091,3.524039633,0.047530642
1609060381.072177172,-2.761267170,-4.327308097,3.529121839,-2.739038107,-4.361036134,3.527310100,0.040435060
1609060381.118996143,-2.730343844,-4.353647647,3.532470969,-2.712726349,-4.385275458,3.530657534,0.036248905
1609060381.169764996,-2.694608502,-4.383854625,3.535830207,-2.684748270,-4.410169573,3.533811099,0.028174056
1609060381.224285126,-2.655877079,-4.414923331,3.539902854,-2.657599471,-4.433790021,3.537173777,0.019140703
1609060381.276952028,-2.619895305,-4.446211819,3.544566965,-2.629382162,-4.458193694,3.541575801,0.015572824
1609060381.325170040,-2.584396994,-4.473738628,3.547778622,-2.571749853,-4.505301022,3.549664122,0.034054221
1609060381.373531103,-2.552806483,-4.499803784,3.551097998,-2.542969473,-4.527967815,3.553401424,0.029921316
1609060381.423969030,-2.517039652,-4.527244867,3.555494290,-2.515737271,-4.550046094,3.557554501,0.022931128
1609060381.474560022,-2.482642641,-4.554905886,3.561494687,-2.485870048,-4.572658524,3.561217156,0.018045757
1609060381.525918007,-2.445187757,-4.582772037,3.566179771,-2.456656413,-4.594424898,3.565090522,0.016386143
1609060381.576167107,-2.410070691,-4.610196246,3.571237390,-2.397126210,-4.639917976,3.573348638,0.032486893
1609060381.623407125,-2.375657191,-4.635137972,3.574894972,-2.369739059,-4.659006717,3.576110427,0.024621507
1609060381.675836086,-2.340320964,-4.661905889,3.578478426,-2.338990918,-4.680719163,3.579742630,0.018902552
1609060381.724457979,-2.305920139,-4.686385265,3.581673846,-2.311621641,-4.699898773,3.582150207,0.014674772
1609060381.777621031,-2.272842931,-4.711909775,3.586924042,-2.281600236,-4.720668621,3.585277094,0.012494808
1609060381.825805187,-2.239107009,-4.734884950,3.590244635,-2.224228243,-4.758817721,3.590440605,0.028181441
1609060381.875913143,-2.203977926,-4.756636059,3.593259141,-2.194593620,-4.778610047,3.592860218,0.023897291
1609060381.926110029,-2.168316033,-4.779523734,3.596125549,-2.164925351,-4.796517304,3.595186120,0.017353982
1609060381.974575043,-2.136578054,-4.798888291,3.599434066,-2.135529153,-4.814622067,3.597363290,0.015904088
1609060382.023908138,-2.101678537,-4.819576472,3.601867396,-2.106703127,-4.832500303,3.598818839,0.014197381
1609060382.077841043,-2.066405179,-4.842004888,3.605597154,-2.076244035,-4.850059419,3.600061920,0.013867854
1609060382.126087189,-2.031791944,-4.861139947,3.606628630,-2.017364729,-4.883191294,3.601616482,0.026824020
1609060382.172864199,-2.001360154,-4.876854669,3.606928681,-1.987544429,-4.900079459,3.601291222,0.027605182
1609060382.224690199,-1.964677199,-4.895875021,3.607292546,-1.956068547,-4.915043538,3.601451123,0.021809704
1609060382.276548147,-1.923404408,-4.919733766,3.609264129,-1.926799166,-4.929882036,3.601992239,0.012938012
1609060382.326167107,-1.886826880,-4.937887057,3.609908309,-1.897272794,-4.944477442,3.601574727,0.014899627
1609060382.376545191,-1.852398005,-4.953177072,3.606117632,-1.866812881,-4.958932058,3.601731780,0.016128987
1609060382.423995018,-1.816913479,-4.968707976,3.605839360,-1.806799975,-4.983947707,3.601621597,0.018770239
1609060382.475164175,-1.780950521,-4.983343383,3.605223112,-1.777145457,-4.996343516,3.600342217,0.014398094
1609060382.524759054,-1.744349564,-4.996908413,3.603732036,-1.747638869,-5.007359531,3.599902901,0.011606363
1609060382.573063135,-1.711445449,-5.007138710,3.599598139,-1.717312518,-5.017600173,3.599550762,0.011994456
1609060382.623972178,-1.672570373,-5.019300981,3.598178292,-1.687691648,-5.027547018,3.598314213,0.017224069
1609060382.680236101,-1.633416937,-5.028884934,3.596970157,-1.626876389,-5.045476120,3.596852331,0.017834239
1609060382.726361990,-1.598921539,-5.037832069,3.596395758,-1.596278161,-5.053008703,3.596804589,0.015410542
1609060382.773458004,-1.565844194,-5.046294397,3.597315787,-1.566627308,-5.060709682,3.596698090,0.014449749
1609060382.823677063,-1.528225178,-5.054201493,3.597650227,-1.536866506,-5.067721532,3.596379724,0.016095905
1609060382.877391100,-1.492155132,-5.061068634,3.598880073,-1.506930902,-5.071915734,3.596124881,0.018535750
1609060382.927017212,-1.454312651,-5.066837925,3.600200774,-1.443683911,-5.081787712,3.597529722,0.018536472
1609060382.974920034,-1.422564350,-5.071984199,3.601507651,-1.443684163,-5.081784511,3.597535476,0.023619289
1609060383.024443150,-1.384920551,-5.076476847,3.603431225,-1.376126810,-5.087463838,3.598708603,0.014844090
1609060383.076413155,-1.347001736,-5.078591316,3.604408238,-1.344022801,-5.090456853,3.600129215,0.012960519
1609060383.125964165,-1.308647151,-5.080885879,3.606293294,-1.311826945,-5.093018510,3.600949906,0.013633181
1609060383.175229073,-1.272985088,-5.080692806,3.607353971,-1.249139142,-5.094437498,3.603369662,0.027810438
1609060383.222527981,-1.235700344,-5.080756898,3.608781930,-1.217402464,-5.092801689,3.604199361,0.022380558
1609060383.276117086,-1.195834966,-5.079872860,3.610862250,-1.183891841,-5.092141288,3.605719004,0.017877516
1609060383.323568106,-1.157878148,-5.078197679,3.613442004,-1.150619529,-5.090775835,3.607602327,0.015652457
1609060383.377740145,-1.110790306,-5.072256989,3.617711971,-1.115081411,-5.086617119,3.609911233,0.016896107
1609060383.424261093,-1.070675221,-5.068497086,3.620986770,-1.045434165,-5.079785467,3.614086761,0.028498220
1609060383.476530075,-1.025024540,-5.062533580,3.622632614,-1.010411449,-5.075321877,3.615904339,0.020551220
1609060383.524501085,-0.981987096,-5.056680076,3.625545580,-0.974428694,-5.068929856,3.618159820,0.016178257
1609060383.580219984,-0.934628811,-5.049062687,3.626592772,-0.936789178,-5.062412913,3.619499087,0.015271414
1609060383.625110149,-0.893610515,-5.041904716,3.627535268,-0.901807043,-5.056384201,3.621291112,0.017771551
1609060383.677712202,-0.849331035,-5.031907117,3.626964473,-0.825106100,-5.039962241,3.620932975,0.026231880
1609060383.726248026,-0.804426764,-5.022644432,3.627175354,-0.789548506,-5.032055384,3.621140575,0.018610404
1609060383.775644064,-0.760235496,-5.011747820,3.627488638,-0.752495275,-5.023039522,3.620643003,0.015306086
1609060383.826225996,-0.712696044,-5.000431188,3.627673543,-0.717050131,-5.014585277,3.621125962,0.016191576
1609060383.877563000,-0.666934566,-4.988132428,3.627043669,-0.642546503,-4.993610409,3.621801559,0.025539491
1609060383.925773144,-0.621340327,-4.975965459,3.626581724,-0.604845983,-4.982675121,3.621539949,0.018506821
1609060383.977313995,-0.575975334,-4.962523571,3.625078654,-0.565821007,-4.971280485,3.621468142,0.013886313
1609060384.025890112,-0.529750346,-4.949429087,3.625740797,-0.529310211,-4.960029918,3.622914636,0.010979915
1609060384.082066059,-0.480525112,-4.934004127,3.626636930,-0.487529747,-4.945878753,3.624015426,0.014033671
1609060384.127351046,-0.436826166,-4.920583221,3.628342852,-0.409261543,-4.920282804,3.627604520,0.027576146
1609060384.179015160,-0.391636461,-4.904902939,3.631780324,-0.368093867,-4.905713296,3.629676981,0.023650254
1609060384.225046158,-0.347638670,-4.890523310,3.634191654,-0.327854838,-4.891660730,3.632071767,0.019929567
1609060384.277572155,-0.300780572,-4.872974950,3.637052226,-0.288070222,-4.877472304,3.634003163,0.013823023
1609060384.326673985,-0.253356339,-4.856739699,3.639541727,-0.247175737,-4.862935998,3.635802841,0.009516997
1609060384.378116131,-0.208172386,-4.838307465,3.643424352,-0.206330605,-4.846690410,3.637551218,0.010399982
1609060384.426213980,-0.163125352,-4.821614899,3.646297988,-0.126514290,-4.814888516,3.641927355,0.037479548
1609060384.477639198,-0.109141834,-4.801692038,3.650282882,-0.086727994,-4.798607805,3.643666446,0.023572652
1609060384.526020050,-0.060815163,-4.783295519,3.653026869,-0.047144213,-4.782339957,3.645308009,0.015728597
1609060384.577697992,-0.010542891,-4.760934447,3.656563801,-0.006248386,-4.764230152,3.646935822,0.011045470
1609060384.627104044,0.038438020,-4.740895332,3.658684196,0.031113179,-4.747740738,3.648676720,0.014165537
1609060384.679548025,0.085209653,-4.718780465,3.657705254,0.111394155,-4.712075411,3.651084487,0.027828410
1609060384.725043058,0.129488246,-4.699296167,3.659116298,0.151738760,-4.693003602,3.652031775,0.024184132
1609060384.780750990,0.179480086,-4.672259798,3.660905477,0.190024738,-4.674755365,3.653583972,0.013077537
1609060384.825978994,0.223553101,-4.651034820,3.662229604,0.227295921,-4.656899314,3.654295460,0.010552328
1609060384.879726171,0.272522994,-4.626456878,3.663569713,0.264216777,-4.638107881,3.656008833,0.016183511
1609060384.927287102,0.316043355,-4.604265312,3.665592246,0.341314471,-4.598897150,3.661040918,0.026232824
1609060384.978001118,0.360465182,-4.579470775,3.667414029,0.379321240,-4.578131162,3.662872408,0.019441498
1609060385.025215149,0.403095300,-4.556098174,3.669934938,0.414480397,-4.559261101,3.664975289,0.012814939
1609060385.078049183,0.446453121,-4.528458473,3.674975738,0.452318446,-4.537450547,3.666925012,0.013419151
1609060385.128671169,0.490789396,-4.502238215,3.677862132,0.486790870,-4.517020633,3.668790854,0.017798769
1609060385.178465128,0.530950938,-4.476149817,3.677776551,0.560219358,-4.473693369,3.671306412,0.030075526
1609060385.225788116,0.571851841,-4.451870528,3.677733267,0.595879482,-4.452849431,3.670229429,0.025191137
1609060385.277276993,0.611250222,-4.426943789,3.677367827,0.632087112,-4.429403463,3.669671947,0.022348436
1609060385.324550152,0.650619450,-4.402202023,3.676295647,0.666601723,-4.407614877,3.668171096,0.018728064
1609060385.378527164,0.692480591,-4.373546794,3.676299107,0.701512871,-4.385117380,3.667009320,0.017371260
1609060385.428066015,0.732687459,-4.347584124,3.675397437,0.735816357,-4.362172577,3.665637371,0.017828961
1609060385.478852987,0.769256341,-4.321713839,3.673449151,0.806388871,-4.313926343,3.663785917,0.039151602
1609060385.527404070,0.807815688,-4.295873181,3.672291723,0.841749469,-4.289042630,3.662118136,0.036078522
1609060385.578270197,0.851921761,-4.265871255,3.669030785,0.873842456,-4.266309107,3.660703231,0.023453289
1609060385.624525070,0.889902444,-4.240423863,3.666955349,0.907968453,-4.241627806,3.659139687,0.019720921
1609060385.679279089,0.933518507,-4.209114259,3.664241675,0.938842373,-4.218929519,3.657346417,0.013123546
1609060385.728085995,0.973896699,-4.180980652,3.661929649,1.000423313,-4.172642346,3.653697080,0.028999375
1609060385.780771017,1.012201101,-4.150144160,3.658581005,1.033561134,-4.147848299,3.651231718,0.022705375
1609060385.825530052,1.048574954,-4.123534896,3.656187529,1.065329401,-4.123028548,3.649536773,0.018033314
1609060385.878072977,1.088064906,-4.092130131,3.653486899,1.096268176,-4.097349713,3.647909624,0.011209089
1609060385.927165031,1.127073960,-4.062596985,3.651292208,1.128496204,-4.072365182,3.645658743,0.011365579
1609060385.979855061,1.165042192,-4.031315449,3.649291180,1.159984493,-4.047253696,3.643758888,0.017612902
1609060386.026208162,1.201921143,-4.002933799,3.647487228,1.223580025,-3.995188369,3.640350835,0.024083749
1609060386.077979088,1.239455296,-3.972791626,3.645253838,1.255036599,-3.969007400,3.638575366,0.017369495
1609060386.127557993,1.276700201,-3.942472227,3.643652232,1.283067330,-3.945007179,3.636797599,0.009692900
1609060386.179339170,1.311658924,-3.909927760,3.641508896,1.314809186,-3.917867196,3.634654434,0.010951824
1609060386.225568056,1.346965699,-3.881010036,3.639163827,1.347109013,-3.890868784,3.632148324,0.012100940
1609060386.277292013,1.381570157,-3.848962066,3.635399015,1.378408843,-3.863102740,3.629773900,0.015543310
1609060386.327005148,1.418115363,-3.817321574,3.632703998,1.439526831,-3.806389863,3.625316033,0.025150254
1609060386.378152132,1.449349440,-3.786062849,3.628772866,1.469798219,-3.778320631,3.623015060,0.022610768
1609060386.426437140,1.483511278,-3.755181046,3.626493513,1.499270653,-3.750463033,3.620762662,0.017420109
1609060386.479035139,1.517085411,-3.722939035,3.625634116,1.528727945,-3.722053707,3.618667704,0.013596445
1609060386.526904106,1.550456658,-3.691388431,3.623873840,1.558837027,-3.693008254,3.616754708,0.011114695
1609060386.578626156,1.583364644,-3.658333895,3.622677869,1.587611721,-3.663722467,3.615411451,0.009993758
1609060386.626856089,1.616933271,-3.625686640,3.621778466,1.644431950,-3.605338944,3.611989082,0.035581430
1609060386.678795099,1.654162377,-3.586281398,3.619690074,1.674413833,-3.574101532,3.610076531,0.025512562
1609060386.726828098,1.688660050,-3.551909796,3.618798219,1.703207324,-3.543777721,3.609370291,0.019147837
1609060386.777306080,1.723565987,-3.513692614,3.618724946,1.733399784,-3.511794066,3.607829309,0.014799424
1609060386.826637030,1.759482925,-3.477113616,3.617682215,1.762411781,-3.480483801,3.607187248,0.011405292
1609060386.879197121,1.793864441,-3.437469503,3.614782191,1.818887119,-3.417871745,3.605083517,0.033230570
1609060386.927596092,1.827768592,-3.400831466,3.613466986,1.848399636,-3.383942546,3.603368485,0.028510617
1609060386.977253199,1.859257211,-3.362978564,3.612079815,1.876550421,-3.350258176,3.602333483,0.023576564
1609060387.024797201,1.893270326,-3.324374881,3.610821484,1.905357162,-3.315529513,3.601534615,0.017623225
1609060387.077081203,1.924442914,-3.282196426,3.609430357,1.932391820,-3.282234559,3.600974432,0.011605569
1609060387.128638983,1.959669079,-3.239891966,3.608448428,1.960289894,-3.248117435,3.600472542,0.011474254
1609060387.178961039,1.991436355,-3.198940982,3.607248933,1.987603849,-3.212588256,3.599285002,0.016259163
1609060387.228384018,2.023792751,-3.157324597,3.605608537,2.043142011,-3.139247342,3.596958027,0.027856998
1609060387.279007196,2.053128408,-3.114959200,3.603554034,2.069903856,-3.102405538,3.595630281,0.022400803
1609060387.325957060,2.083120390,-3.074816733,3.601476763,2.094675767,-3.066673452,3.593902940,0.016037536
1609060387.378004074,2.110315470,-3.030124715,3.599044688,2.121636529,-3.028572812,3.592234829,0.013302217
1609060387.428513050,2.141597153,-2.984629184,3.596819443,2.147050238,-2.990191831,3.590462647,0.010054255
1609060387.478980064,2.167053474,-2.940937334,3.596706737,2.172680022,-2.949591707,3.589237782,0.012741330
1609060387.526018143,2.192623077,-2.899105504,3.595716113,2.216627874,-2.871601663,3.587369339,0.037448100
1609060387.578428984,2.218080450,-2.854743900,3.593072595,2.239332053,-2.830664958,3.586630990,0.032755463
1609060387.626721144,2.243235918,-2.811380575,3.591182188,2.260217339,-2.790335411,3.585427508,0.027647494
1609060387.678171158,2.263957465,-2.763985347,3.588675534,2.279956365,-2.750059407,3.584187240,0.021680438
1609060387.728655100,2.287626966,-2.717763957,3.585935299,2.299523538,-2.708676191,3.582646263,0.015327547
1609060387.779019117,2.309520046,-2.663587563,3.583096333,2.335235326,-2.625858578,3.578332674,0.045906909
1609060387.827759981,2.330991246,-2.615566423,3.579474058,2.351355947,-2.584567028,3.575550585,0.037297147
1609060387.878028154,2.348034719,-2.563119543,3.576381761,2.366754904,-2.542755674,3.573250981,0.027837641
1609060387.927401066,2.367329164,-2.511749137,3.572420758,2.380939024,-2.499423057,3.570483497,0.018463843
1609060387.978938103,2.379631713,-2.460142187,3.569408932,2.395443900,-2.455051349,3.568147552,0.016659321
1609060388.028403044,2.394824855,-2.408632722,3.566318072,2.407520080,-2.412453426,3.565291712,0.013297366
1609060388.080017090,2.406915261,-2.356315974,3.563356133,2.418562520,-2.369014510,3.562172453,0.017271726
1609060388.127521992,2.419405456,-2.307276015,3.559988835,2.438249639,-2.283334705,3.556590870,0.030656740
1609060388.177268982,2.429676292,-2.258538096,3.557251530,2.447355418,-2.240133094,3.553654297,0.025772771
1609060388.226025105,2.440676084,-2.207713798,3.554110900,2.456339649,-2.196353044,3.551542979,0.019519432
1609060388.279821157,2.447238216,-2.153083609,3.551561790,2.461196393,-2.154512246,3.547389592,0.014638270
1609060388.327994108,2.454805213,-2.104665771,3.549571763,2.468012016,-2.114168388,3.544978544,0.016906125
1609060388.378304005,2.458199949,-2.056163422,3.548245700,2.480309923,-2.023117502,3.539722042,0.040663701
1609060388.427662134,2.465230599,-2.006985872,3.546051627,2.483405882,-1.980877640,3.536727495,0.033149964
1609060388.479194164,2.467351555,-1.957538392,3.542681552,2.487366183,-1.940957230,3.534986254,0.027106048
1609060388.525289059,2.472375747,-1.912171760,3.541877838,2.490149307,-1.898126140,3.533358223,0.024202536
1609060388.588790178,2.473694064,-1.850514501,3.543813664,2.493778899,-1.814857089,3.531487022,0.042741054
1609060388.632841110,2.476381596,-1.807651848,3.544216032,2.495372105,-1.771266485,3.531182640,0.043062784
1609060388.684895992,2.474496821,-1.758276522,3.542417464,2.496257615,-1.729742659,3.530546057,0.037797404
1609060388.727123022,2.476297262,-1.716893292,3.542639184,2.496067849,-1.689466572,3.529351928,0.036327018
1609060388.777594090,2.476495795,-1.671336995,3.541209931,2.496002220,-1.647843327,3.528909470,0.032920425
1609060388.826026201,2.478054839,-1.626194886,3.541381173,2.496319809,-1.608911984,3.529072806,0.027996495
1609060388.879713058,2.476147433,-1.568742289,3.540459342,2.494857608,-1.569134433,3.528334425,0.022298835
1609060388.928493023,2.477194152,-1.521291248,3.540741507,2.493272984,-1.529060946,3.528356355,0.021732212
1609060388.978852034,2.474504462,-1.472488925,3.539527084,2.490272685,-1.446778124,3.528980195,0.031951824
1609060389.026794195,2.474610618,-1.426093315,3.539628407,2.487127478,-1.407571053,3.529079949,0.024718736
1609060389.078282118,2.466994459,-1.379046082,3.539048310,2.483989415,-1.368908137,3.529898068,0.021802142
1609060389.127646208,2.464933750,-1.332845214,3.539680993,2.481967267,-1.332057144,3.530630301,0.019304838
1609060389.177092075,2.462282095,-1.288124027,3.541551652,2.477957750,-1.294272042,3.531111384,0.019812205
1609060389.227483988,2.458766816,-1.241880901,3.543547666,2.469142848,-1.219703367,3.535183685,0.025873948
1609060389.277998209,2.451022834,-1.198800241,3.545681651,2.465066735,-1.182515038,3.536686726,0.023309819
1609060389.327522993,2.446744344,-1.153564596,3.547168435,2.460405461,-1.144387017,3.537510293,0.019082290
1609060389.378243208,2.438888215,-1.108846145,3.548232324,2.453938759,-1.104479062,3.538011276,0.018709893
1609060389.425644159,2.434519978,-1.065344775,3.548000859,2.449458665,-1.068306160,3.538360121,0.018024372
1609060389.480804205,2.424909534,-1.017491660,3.545823584,2.443637368,-1.028556821,3.538592319,0.022922931
1609060389.530208111,2.419586099,-0.972763529,3.545628341,2.430054209,-0.951871000,3.537962868,0.024593467
1609060389.578667164,2.410416548,-0.932328714,3.547956920,2.422929383,-0.913661744,3.538587465,0.024347761
1609060389.625934124,2.404540115,-0.890776245,3.548882130,2.416796052,-0.879063620,3.538976324,0.019634627
1609060389.678423166,2.393443139,-0.846952405,3.550186694,2.408812961,-0.840848080,3.539444196,0.019720433
1609060389.727277040,2.386998176,-0.803384635,3.550959320,2.401143650,-0.806133503,3.539442063,0.018447166
1609060389.779801130,2.373410377,-0.760781902,3.552022023,2.382977274,-0.725363482,3.539394201,0.038800154
1609060389.824541092,2.366054819,-0.720885921,3.552853475,2.374341012,-0.689962896,3.539213918,0.034798448
1609060389.877240181,2.352547035,-0.675937022,3.550306960,2.364396683,-0.651866225,3.538910562,0.029149534
1609060389.926560163,2.343560221,-0.632797470,3.550652470,2.355362312,-0.614141598,3.539074170,0.024927655
1609060389.978195190,2.329741437,-0.582667862,3.547562048,2.345447542,-0.577189881,3.538529059,0.018928416
1609060390.027326107,2.320239032,-0.537308225,3.546609143,2.324646729,-0.503072840,3.538349925,0.035492310
1609060390.076764107,2.304873596,-0.491606699,3.543589194,2.315361014,-0.466552583,3.538028578,0.027723908
1609060390.127235174,2.294114258,-0.443915589,3.540754139,2.304416062,-0.428608568,3.536479968,0.018939393
1609060390.177085161,2.279655118,-0.398694846,3.537700647,2.292974930,-0.391536744,3.534565175,0.015443024
1609060390.226591110,2.267936518,-0.353125818,3.534529842,2.281588373,-0.353040110,3.532662123,0.013779291
1609060390.280389071,2.251664420,-0.304766754,3.531533690,2.270467026,-0.314987946,3.530071114,0.021451104
1609060390.326570988,2.240360518,-0.262263915,3.527964010,2.246741773,-0.242240677,3.524830851,0.021247757
1609060390.378979206,2.224704639,-0.217164301,3.523496970,2.235012807,-0.204070402,3.522247070,0.016711396
1609060390.426268101,2.212948564,-0.174235179,3.518955161,2.223562176,-0.167638001,3.518642353,0.012500774
1609060390.477884054,2.197337762,-0.132196452,3.513567447,2.210603587,-0.130276165,3.513636281,0.013404266
1609060390.528004169,2.183513984,-0.088228149,3.508147284,2.186221161,-0.058122523,3.504026700,0.030506667
1609060390.577238083,2.165896498,-0.047860606,3.503708037,2.174123030,-0.023592317,3.499455133,0.025975235
1609060390.625013113,2.153715286,-0.005843903,3.498101479,2.160438397,0.013042841,3.494420111,0.020382880
1609060390.676635027,2.134588014,0.035230556,3.492133263,2.147209595,0.049302019,3.488845793,0.019186397
1609060390.726636171,2.121246368,0.078628774,3.485834500,2.134311649,0.086783208,3.483565988,0.015567354
1609060390.780335188,2.099025156,0.122539537,3.477220800,2.105397098,0.162159933,3.472537678,0.040401844
1609060390.825442076,2.086093077,0.161354674,3.471640639,2.091274434,0.196874403,3.466490193,0.036263269
1609060390.878334045,2.063885536,0.203279787,3.466272166,2.077631015,0.230117694,3.462026279,0.030450599
1609060390.928623199,2.047920520,0.245556708,3.460455276,2.061179588,0.270057506,3.456876784,0.028087320
1609060390.978664160,2.025856072,0.284230172,3.457155700,2.043378352,0.311812398,3.451938707,0.033091185
1609060391.025667191,2.009954862,0.323492762,3.452968364,2.026826383,0.348986030,3.446960751,0.031155198
1609060391.085714102,1.982997035,0.379078745,3.447161397,1.993473650,0.420492549,3.438767687,0.043535239
1609060391.125485182,1.968254204,0.413423584,3.443899750,1.976906656,0.454493306,3.435100250,0.042883775
1609060391.175955057,1.943729823,0.457185841,3.439477646,1.960028664,0.489411793,3.432679114,0.036747574
1609060391.225903988,1.923449302,0.500434393,3.436104017,1.941535418,0.523617197,3.431048272,0.029834720
1609060391.278138161,1.899442508,0.543059619,3.433691459,1.923026939,0.558312484,3.428376198,0.028585438
1609060391.328149080,1.877194034,0.585544286,3.431360744,1.904285768,0.592502415,3.426784236,0.028342936
1609060391.378519058,1.852562833,0.626816169,3.429150789,1.864604681,0.661542419,3.424593501,0.037036299
1609060391.420211077,1.833919270,0.662691958,3.427829511,1.843532683,0.695955606,3.423253202,0.034926073
1609060391.470527172,1.805722076,0.701321839,3.425647676,1.820488341,0.731209049,3.422716098,0.033464639
1609060391.521433115,1.780315387,0.744915019,3.424299043,1.797678309,0.765705004,3.420852145,0.027305231
1609060391.570142031,1.753524962,0.779800972,3.422899123,1.774204487,0.800049851,3.420301417,0.029058699
1609060391.619429111,1.729381561,0.818526111,3.422200689,1.751948241,0.831761374,3.419588399,0.026291658
1609060391.671687126,1.699181849,0.856158368,3.421347675,1.728466143,0.864278681,3.419208956,0.030464463
1609060391.722023010,1.673926796,0.895552394,3.420550179,1.681110070,0.927864948,3.419648523,0.033113646
1609060391.775783062,1.642881189,0.933053427,3.420922078,1.658519970,0.957679157,3.420453305,0.029175638
1609060391.826857090,1.616445351,0.971829404,3.420818170,1.631132596,0.991103139,3.420339179,0.024236779
1609060391.878179073,1.586693475,1.007528480,3.422441415,1.603833520,1.026856337,3.420535213,0.025903297
1609060391.928951025,1.559490870,1.045505158,3.423254838,1.577221235,1.057574433,3.421210073,0.021545633
1609060391.978355169,1.528790239,1.078542148,3.427631499,1.526878547,1.116799840,3.422285031,0.038676741
1609060392.025657177,1.502763041,1.113051441,3.429316838,1.503857720,1.144788439,3.422282047,0.032525738
1609060392.078227043,1.468515900,1.145862337,3.428169657,1.477818973,1.171911895,3.423488769,0.028054187
1609060392.128297091,1.440247625,1.180813489,3.429470562,1.453289738,1.199303706,3.424701272,0.023124250
1609060392.181913137,1.404554386,1.224776041,3.433056897,1.399331982,1.257368000,3.425969096,0.033760128
1609060392.225656033,1.378952994,1.257096467,3.434398301,1.372859943,1.284113606,3.426476475,0.028806360
1609060392.277301073,1.342244880,1.292508112,3.435767352,1.345674747,1.313052909,3.427497017,0.022410959
1609060392.326452017,1.311545270,1.329536795,3.437927167,1.317443786,1.341979586,3.429047430,0.016384910
1609060392.380200148,1.273767709,1.364221890,3.438304582,1.289769211,1.369908479,3.430732372,0.018593647
1609060392.427337170,1.242844054,1.397008753,3.439892016,1.236294964,1.422877532,3.431777071,0.027891515
1609060392.477635145,1.205317514,1.429682285,3.440854434,1.210851041,1.447682768,3.433124580,0.020356521
1609060392.527090073,1.172500699,1.462885432,3.441757500,1.182831939,1.474831451,3.433677946,0.017740380
1609060392.578356028,1.136072887,1.492791846,3.441599812,1.154180347,1.500444567,3.433669253,0.021197595
1609060392.627631187,1.103019585,1.524302613,3.443099213,1.125893044,1.526895759,3.435276236,0.024312929
1609060392.678007126,1.068023277,1.551533935,3.446555651,1.066970470,1.580042886,3.440517657,0.029160351
1609060392.726713181,1.035793554,1.580887827,3.450807132,1.038070221,1.604938546,3.443984052,0.025103281
1609060392.778137207,0.997431554,1.607033060,3.456851060,1.010750078,1.628683335,3.448088964,0.026886648
1609060392.825527191,0.966049022,1.634904198,3.461809042,0.982409866,1.653651083,3.452123488,0.026700802
1609060392.879384995,0.929310242,1.663026533,3.464824663,0.952964794,1.677779411,3.456366077,0.029133021
1609060392.928017139,0.897858499,1.689913090,3.469203267,0.899804983,1.720468544,3.463616576,0.031122913
1609060392.978950024,0.859588355,1.713784788,3.472611865,0.872637225,1.742579308,3.467126421,0.032085628
1609060393.025929213,0.828920783,1.738661143,3.476144160,0.845759111,1.762417962,3.470267480,0.029706079
1609060393.078571081,0.794034630,1.763014909,3.480332865,0.817762558,1.782062581,3.474762651,0.030933084
1609060393.127781153,0.762950400,1.787420268,3.483952879,0.789539904,1.804096870,3.478492772,0.031857864
1609060393.179360151,0.726664198,1.808959385,3.485808506,0.729634396,1.846752353,3.484827323,0.037922199
1609060393.225460052,0.697908625,1.830810552,3.488747027,0.702777694,1.864311494,3.488327333,0.033855532
1609060393.278164148,0.663862725,1.859133452,3.493934344,0.675633345,1.884195868,3.491818130,0.027769598
1609060393.326492071,0.634422656,1.882132126,3.497099156,0.648428717,1.902407483,3.494790404,0.024750559
1609060393.378987074,0.597751652,1.904982324,3.499470746,0.619258318,1.919989385,3.497945025,0.026269305
1609060393.427626133,0.568003853,1.927486040,3.502372627,0.565936893,1.953996858,3.504173898,0.026652212
1609060393.477944136,0.534355154,1.944930821,3.506442421,0.565937008,1.953994725,3.504169086,0.032935329
1609060393.526420116,0.505065231,1.964059094,3.510027340,0.511919333,1.984538670,3.510480509,0.021600859
1609060393.577835083,0.471054102,1.980849323,3.514617881,0.484190165,1.999827060,3.514271811,0.023083120
1609060393.627587080,0.440272281,2.000122813,3.518482249,0.460133986,2.014345953,3.517524180,0.024447964
1609060393.681843996,0.406681120,2.018957017,3.523083595,0.405087363,2.043094685,3.523175687,0.024190402
1609060393.726659060,0.379260822,2.034828295,3.526924103,0.380006459,2.054977614,3.525981473,0.020185132
1609060393.777696133,0.346537985,2.049199228,3.531674277,0.354244793,2.068484083,3.529149126,0.020920729
1609060393.825637102,0.317491178,2.065991739,3.535607824,0.328303651,2.081269581,3.532666179,0.018946643
1609060393.880216122,0.284159745,2.080202673,3.540129357,0.301356322,2.093710393,3.534883380,0.022487798
1609060393.929346085,0.254954383,2.095364396,3.543771585,0.273918946,2.105199625,3.537647527,0.022223646
1609060393.978819132,0.224091350,2.106716676,3.546982456,0.220665065,2.129383795,3.542593270,0.023341008
1609060394.025839090,0.196179040,2.120082371,3.550000254,0.193215754,2.139655732,3.545007581,0.020416276
1609060394.078690052,0.164090083,2.130264470,3.551621001,0.166283736,2.150408342,3.546410822,0.020922086
1609060394.127166986,0.135196437,2.143202677,3.554113656,0.139656415,2.161683942,3.548576892,0.019801624
1609060394.178130150,0.103905291,2.153762780,3.555712327,0.113566380,2.171057518,3.550850880,0.020397997
1609060394.227622032,0.074700934,2.165921910,3.558246683,0.058388046,2.190898020,3.554230615,0.030100585
1609060394.277701139,0.043158358,2.173570001,3.562082687,0.033303878,2.200531756,3.556613655,0.029222548
1609060394.327140093,0.013531873,2.184792739,3.565184854,0.005952082,2.210326457,3.558890353,0.027368682
1609060394.378655195,-0.025951653,2.197588672,3.567299373,-0.020693242,2.218190860,3.560702251,0.022262594
1609060394.428137064,-0.058473272,2.209549749,3.569975952,-0.049448468,2.227326913,3.562137538,0.021422310
1609060394.480125189,-0.094728561,2.219808105,3.571241256,-0.106217160,2.246517919,3.564710579,0.029800198
1609060394.526715040,-0.126297179,2.230945676,3.573001554,-0.134552503,2.253490591,3.565915706,0.025032636
1609060394.578184128,-0.162564513,2.240300345,3.573353532,-0.164133577,2.261640493,3.567020493,0.022315270
1609060394.625958204,-0.194610214,2.250079336,3.574017480,-0.192773175,2.270488364,3.567828169,0.021405857
1609060394.678415060,-0.230705182,2.257418975,3.572940434,-0.219252106,2.278031382,3.568078363,0.024076628
1609060394.727630138,-0.265491545,2.266924276,3.572899699,-0.250295528,2.284804137,3.567729627,0.024027859
1609060394.778980017,-0.302155063,2.274111725,3.572409507,-0.310616741,2.299864523,3.567183387,0.027606502
1609060394.825003147,-0.335019187,2.282701817,3.571915986,-0.338424966,2.306638486,3.566327817,0.024815138
1609060394.878548145,-0.373964238,2.289728352,3.569142948,-0.370573248,2.312378021,3.564844627,0.023301971
1609060394.926192045,-0.408145849,2.298055785,3.567322707,-0.400573020,2.317893601,3.563245152,0.021622052
1609060394.979655027,-0.445692011,2.306128708,3.564615794,-0.429814236,2.324179840,3.560064512,0.024467556
1609060395.028001070,-0.480488923,2.314593150,3.561822753,-0.494363757,2.335963887,3.554205340,0.026594066
1609060395.079689980,-0.519652062,2.319543009,3.558948218,-0.524853895,2.340122007,3.551015410,0.022660178
1609060395.126984119,-0.554361654,2.326910142,3.556433864,-0.558063264,2.346320630,3.548093155,0.021448458
1609060395.178426981,-0.592432662,2.331580502,3.552466809,-0.593669141,2.351540003,3.545058781,0.021325793
1609060395.228995085,-0.630387756,2.338683554,3.549134475,-0.625903269,2.355068018,3.541689219,0.018547051
1609060395.278118134,-0.669137797,2.342937088,3.543415919,-0.659766009,2.359212682,3.537833668,0.019593032
1609060395.330049992,-0.708572767,2.349784433,3.540053321,-0.726717621,2.368362724,3.531638943,0.027298175
1609060395.379475117,-0.746906469,2.352101087,3.538429050,-0.762629242,2.370736465,3.528655776,0.026267847
1609060395.425306082,-0.781870425,2.357418539,3.536235714,-0.796234335,2.374409475,3.526137854,0.024433186
1609060395.477863073,-0.829559526,2.360759994,3.532003789,-0.830103857,2.378614508,3.522404734,0.020278605
1609060395.528144121,-0.870611387,2.365964889,3.529415163,-0.864174240,2.380104480,3.520917828,0.017707896
1609060395.580636978,-0.916044778,2.367104483,3.524086462,-0.938008368,2.383754128,3.515690498,0.028811494
1609060395.628876209,-0.956253615,2.370823176,3.521448609,-0.972413786,2.386399076,3.513468666,0.023820984
1609060395.679280996,-0.999146490,2.369863155,3.516667544,-1.009772907,2.387209943,3.511824033,0.020911513
1609060395.726664066,-1.038340239,2.371308106,3.513862142,-1.045713195,2.387367174,3.509001218,0.018327104
1609060395.777697086,-1.083015986,2.370418524,3.511676000,-1.083558727,2.387457281,3.506895595,0.017704974
1609060395.827297211,-1.125720381,2.370893933,3.509184679,-1.116987504,2.388005752,3.505089551,0.019643003
1609060395.878175020,-1.168441720,2.368388209,3.507279756,-1.194038769,2.385360893,3.500951638,0.031358029
1609060395.926741123,-1.211110259,2.367663142,3.504291421,-1.231421880,2.384089220,3.499423516,0.026572062
1609060395.978080988,-1.256973591,2.364906091,3.499081606,-1.267818379,2.383294837,3.497005905,0.021449101
1609060396.025374174,-1.298504411,2.363278104,3.496191568,-1.304132709,2.380573230,3.495388339,0.018205612
1609060396.079258204,-1.346754798,2.358777673,3.492762879,-1.343326503,2.377317293,3.494079240,0.018899828
1609060396.127947092,-1.390169060,2.356002660,3.489791413,-1.380025257,2.374061735,3.490300804,0.020719228
1609060396.179615021,-1.437067542,2.348042592,3.489605612,-1.457607850,2.364802360,3.486249674,0.026721833
1609060396.226527214,-1.478999020,2.343795193,3.488348277,-1.497373333,2.359701870,3.484627037,0.024586285
1609060396.277954102,-1.523567835,2.334813205,3.484778124,-1.535574593,2.354651339,3.483154359,0.023245438
1609060396.329421043,-1.569214170,2.328149798,3.483291786,-1.570666890,2.349163394,3.480999755,0.021188087
1609060396.378897190,-1.611994157,2.320420805,3.481042366,-1.609120025,2.341570899,3.479590449,0.021393811
1609060396.428141117,-1.655318091,2.312727458,3.480314904,-1.685299003,2.324661401,3.476439453,0.032500665
1609060396.478668213,-1.699407936,2.302057812,3.480687541,-1.720688178,2.316777396,3.474343017,0.026641468
1609060396.527477026,-1.741923366,2.292382423,3.480170617,-1.762324488,2.305591626,3.473042299,0.025327885
1609060396.578049183,-1.793900712,2.279784398,3.479837460,-1.804750223,2.293479309,3.472155565,0.019085963
1609060396.627701998,-1.839097592,2.268125636,3.479871997,-1.840825096,2.282445315,3.471294628,0.016781202
1609060396.680634022,-1.889045707,2.250109720,3.479455565,-1.878176100,2.270869871,3.470129905,0.025221026
1609060396.727077007,-1.931291011,2.236766414,3.479381345,-1.956144735,2.243156028,3.468466413,0.027886744
1609060396.779548168,-1.977672311,2.216841402,3.476005570,-1.992151123,2.229202380,3.466629350,0.021221293
1609060396.826028109,-2.018940073,2.201335621,3.475444593,-2.028181034,2.214719744,3.465482615,0.019072785
1609060396.878423214,-2.066414273,2.181762160,3.473583159,-2.067998980,2.197125892,3.464259418,0.018041278
1609060396.928431988,-2.111561630,2.161763157,3.472541392,-2.142044792,2.162665288,3.462657496,0.032058204
1609060396.978091002,-2.156193051,2.138560811,3.470728307,-2.176581843,2.145372981,3.461220805,0.023505342
1609060397.067896128,-2.234524226,2.095965311,3.468789899,-2.251937954,2.104837773,3.458476464,0.022098087
1609060397.143000126,-2.300965677,2.056289563,3.465919986,-2.322990791,2.063200891,3.454910853,0.025574853
1609060397.190607071,-2.341574877,2.032183193,3.464669062,-2.360913804,2.039803778,3.453683674,0.023510554
1609060397.238964081,-2.383468325,2.006333081,3.462604804,-2.398070800,2.015432943,3.452146197,0.020135100
1609060397.285953045,-2.424744349,1.979947736,3.459559135,-2.433479178,1.991935735,3.451080042,0.017085209
1609060397.333422184,-2.465508477,1.952858981,3.458006403,-2.469728796,1.967007900,3.450341386,0.016635969
1609060397.386152983,-2.510498755,1.919279472,3.457577172,-2.540664720,1.915514890,3.447574028,0.032003444
1609060397.430253983,-2.547591955,1.892577335,3.456296905,-2.575161775,1.889146332,3.445959789,0.029643257
1609060397.477351189,-2.587431099,1.862425999,3.455592902,-2.610193035,1.861850697,3.444452561,0.025348449
1609060397.527691126,-2.630380697,1.829831809,3.453760264,-2.648270411,1.831797725,3.442754605,0.021095763
1609060397.579995155,-2.673155179,1.792869395,3.449836860,-2.684021634,1.802342110,3.440577348,0.017133322
1609060397.697091103,-2.777094985,1.709129107,3.443308514,-2.786411689,1.715809810,3.437251733,0.012966007
1609060397.745933056,-2.819842228,1.672981711,3.440869230,-2.823099435,1.683672389,3.434811846,0.012711879
1609060397.824478149,-2.892308966,1.608785936,3.435374863,-2.897666722,1.615755322,3.432215943,0.009341127
1609060397.878262997,-2.934656479,1.565628580,3.434366367,-2.938329343,1.577786469,3.431238325,0.013080093
1609060397.926575184,-2.975706224,1.526607039,3.433058416,-2.975094090,1.542112671,3.430336159,0.015754682
1609060397.980239153,-3.021296545,1.480115444,3.431809012,-3.011246735,1.506189430,3.429537880,0.028035861
1609060398.027523994,-3.061456048,1.440005184,3.430980230,-3.082490467,1.435328532,3.430044339,0.021568351
1609060398.078239202,-3.103232591,1.395499193,3.429733268,-3.117509248,1.398973716,3.430479892,0.014712331
1609060398.126496077,-3.143364303,1.353631222,3.430008956,-3.152529242,1.361734850,3.430355646,0.012238672
1609060398.178829193,-3.185235578,1.308018542,3.430629712,-3.184481911,1.327116814,3.430776344,0.019113699
1609060398.226239204,-3.223759852,1.266482862,3.431310750,-3.250387608,1.255171239,3.432125558,0.028942255
1609060398.277672052,-3.266404329,1.221102124,3.432174995,-3.284379509,1.217589850,3.433170750,0.018342156
1609060398.326209068,-3.305276694,1.177842470,3.433775872,-3.317289229,1.180208802,3.433640504,0.012244135
1609060398.377545118,-3.345193776,1.128274235,3.435012399,-3.351859805,1.140228587,3.435178049,0.013688313
1609060398.433663130,-3.388867699,1.076764678,3.437853798,-3.421399412,1.058849202,3.438486412,0.037144001
1609060398.484022141,-3.427088512,1.028962167,3.439786528,-3.452739964,1.021219549,3.440592000,0.026806602
1609060398.527798176,-3.460762905,0.987823377,3.441735827,-3.486030177,0.979960817,3.441821502,0.026462468
1609060398.578746080,-3.498027024,0.937266690,3.444130226,-3.518669857,0.940086813,3.443954820,0.020835316
1609060398.628152132,-3.535116679,0.890153678,3.446202681,-3.551841540,0.898370941,3.445268280,0.018657907
1609060398.678184032,-3.573635563,0.842964905,3.447343842,-3.583204684,0.858222662,3.447383798,0.018010243
1609060398.726467133,-3.609703607,0.796513793,3.449378282,-3.648897426,0.773869633,3.449401363,0.045264931
1609060398.774976015,-3.652687481,0.743982942,3.453300256,-3.680871589,0.731153660,3.451126342,0.031042878
1609060398.825124025,-3.691223114,0.693981769,3.455847753,-3.710646508,0.690172307,3.452752111,0.020034052
1609060398.878898144,-3.732289341,0.636749594,3.458232341,-3.739277238,0.650560493,3.453244031,0.016262068
1609060398.929849148,-3.771074173,0.583874258,3.460814763,-3.801102044,0.563809196,3.455155015,0.036555608
1609060398.978372097,-3.807456176,0.530685129,3.459054116,-3.831316811,0.520888850,3.455336374,0.026059905
1609060399.025608063,-3.841797414,0.480884749,3.459336487,-3.860297576,0.477177876,3.455706452,0.019213903
1609060399.079013109,-3.878665297,0.423142087,3.456650327,-3.890493147,0.431176173,3.455814428,0.014322824
1609060399.128398180,-3.913135102,0.369994580,3.456740024,-3.917501121,0.388658527,3.454891783,0.019256713
1609060399.178855181,-3.947761900,0.315605241,3.458087497,-3.974076838,0.297755135,3.454248049,0.032028794
1609060399.226141214,-3.979500539,0.264978906,3.457638109,-3.999204819,0.256549412,3.453972696,0.021742822
1609060399.278860092,-4.014229787,0.208152770,3.455012721,-4.026326754,0.210945074,3.453258728,0.012538343
1609060399.326719999,-4.043362103,0.157573477,3.455200390,-4.051861689,0.165622164,3.453193101,0.011876596
1609060399.378432035,-4.072587849,0.102676641,3.457071222,-4.079156575,0.117997378,3.452678932,0.017238485
1609060399.471894026,-4.122631496,0.003959660,3.455937053,-4.126477002,0.027909356,3.451951968,0.024581635
1609060399.544891119,-4.160036326,-0.072304201,3.454399532,-4.169692295,-0.059772946,3.450424417,0.016311703
1609060399.593710184,-4.183492986,-0.122469463,3.453491840,-4.190379297,-0.102665531,3.449271291,0.021387615
1609060399.632601023,-4.201254263,-0.161847637,3.452749374,-4.211588543,-0.147740905,3.448103867,0.018093589
1609060399.681473017,-4.223526742,-0.211993588,3.450513226,-4.247713958,-0.232079711,3.446204676,0.031733852
1609060399.727986097,-4.242572206,-0.258864899,3.449674778,-4.265049713,-0.273438252,3.445007450,0.027192001
1609060399.779188156,-4.261507375,-0.309665264,3.445246557,-4.279902759,-0.313162531,3.444988294,0.018726658
1609060399.827403069,-4.278605659,-0.356450906,3.444901563,-4.296510665,-0.354417933,3.444685072,0.018021351
1609060399.879662991,-4.302249681,-0.414158266,3.443548214,-4.310386889,-0.396133813,3.445410569,0.019863621
1609060399.926999092,-4.317812293,-0.461333997,3.443558397,-4.338541748,-0.481734625,3.446053493,0.029191120
1609060399.977424145,-4.332950239,-0.514491006,3.445026969,-4.350508010,-0.521264273,3.446268467,0.018859846
1609060400.026029110,-4.346592216,-0.562981665,3.444757839,-4.363313211,-0.563567667,3.446673513,0.016840573
1609060400.078128099,-4.358606363,-0.612043162,3.443419122,-4.373012557,-0.603017734,3.447031515,0.017379475
1609060400.129971981,-4.369508898,-0.659039884,3.443900085,-4.382564616,-0.642795595,3.447132350,0.021089718
1609060400.179473162,-4.379435728,-0.704971585,3.444678919,-4.398903018,-0.725335649,3.446762840,0.028249128
1609060400.227545977,-4.387418724,-0.748741698,3.444853876,-4.405642600,-0.762548956,3.446576592,0.022928536
1609060400.278501987,-4.395257472,-0.793335462,3.445597728,-4.411701530,-0.798645351,3.446112898,0.017287781
1609060400.328487158,-4.401929013,-0.835028627,3.446370051,-4.416868957,-0.832872471,3.445653044,0.015111751
1609060400.381268978,-4.407004009,-0.875534214,3.448448757,-4.421442698,-0.865175081,3.444686003,0.018164408
1609060400.428768158,-4.409948209,-0.909197674,3.447255785,-4.425184629,-0.896628550,3.443468146,0.020111628
1609060400.479042053,-4.411638302,-0.942662830,3.443275257,-4.428901321,-0.955885511,3.439982319,0.021993056
1609060400.529211998,-4.412290155,-0.974627830,3.440696997,-4.429243757,-0.981446411,3.437437676,0.018561812
1609060400.578112125,-4.412795404,-1.004001819,3.438078691,-4.429364328,-1.005410825,3.434335307,0.017044866
1609060400.626744986,-4.412009058,-1.029476276,3.435406261,-4.428406001,-1.027307220,3.431803524,0.016927619
1609060400.680422068,-4.412586071,-1.054753682,3.432712465,-4.427251840,-1.048595934,3.429035551,0.016325511
1609060400.728835106,-4.410501111,-1.075599393,3.430422532,-4.425667140,-1.068161318,3.426422448,0.017358976
1609060400.779316187,-4.407581026,-1.094720871,3.428956926,-4.419836540,-1.100997335,3.421512010,0.015653063
1609060400.825790167,-4.404600107,-1.109011095,3.427318404,-4.416497297,-1.114051207,3.419226422,0.015245524
1609060400.879508018,-4.401400666,-1.125801991,3.419852864,-4.412829189,-1.125366209,3.417282057,0.011722205
1609060400.927040100,-4.396783860,-1.137136828,3.417577674,-4.407908758,-1.135572262,3.415653543,0.011397960
1609060400.978569984,-4.395356470,-1.153470970,3.418857365,-4.403031139,-1.144823330,3.414297512,0.012428777
1609060401.028685093,-4.390211149,-1.163307574,3.417621260,-4.391226775,-1.159905409,3.411451096,0.007118788
1609060401.079002142,-4.381627098,-1.172535712,3.416873369,-4.384845500,-1.166497762,3.410509488,0.009344192
1609060401.127573013,-4.374581003,-1.181800553,3.415423275,-4.377680883,-1.172660058,3.409631786,0.011256076
1609060401.169844151,-4.367720738,-1.186706515,3.412844244,-4.369988570,-1.177949011,3.408730089,0.009937968
1609060401.221971035,-4.359126975,-1.192736573,3.411695664,-4.362320545,-1.182239496,3.407876031,0.011617966
1609060401.271665096,-4.347547986,-1.195675562,3.410862832,-4.354010928,-1.186050023,3.406871143,0.012261900
1609060401.327571154,-4.335485677,-1.201524268,3.410658533,-4.336220826,-1.194462634,3.407149273,0.007919725
1609060401.378626108,-4.323679797,-1.206174943,3.410839964,-4.326900328,-1.197190224,3.407372220,0.010154912
1609060401.426519156,-4.312169820,-1.209230507,3.411635180,-4.316288638,-1.200436089,3.408551565,0.010188971
1609060401.480786085,-4.299524467,-1.211875730,3.411222642,-4.305714835,-1.203432848,3.408626620,0.010786206
1609060401.529177189,-4.285360080,-1.215309053,3.413152861,-4.283346545,-1.209700035,3.411160858,0.006283589
1609060401.579622984,-4.269995438,-1.217930526,3.416912641,-4.272202640,-1.212960794,3.411427739,0.007723608
1609060401.625693083,-4.255793739,-1.220402771,3.418503498,-4.259487862,-1.214645167,3.412661578,0.008995809
1609060401.678419113,-4.240217824,-1.221690249,3.418847851,-4.246847691,-1.215598083,3.413241026,0.010606890
1609060401.727393150,-4.225751199,-1.219113035,3.420773775,-4.235515013,-1.213628762,3.414529393,0.012821920
1609060401.778926134,-4.212791215,-1.213241248,3.421084025,-4.211614181,-1.206915593,3.416302952,0.008016108
1609060401.830302000,-4.197359322,-1.208407817,3.422523175,-4.199002694,-1.202679517,3.417662288,0.007690404
1609060401.879027128,-4.181421586,-1.204450715,3.422334864,-4.186739951,-1.197305086,3.419073376,0.009485901
1609060401.925945044,-4.167115957,-1.196198269,3.422585392,-4.174713184,-1.190468945,3.420150062,0.009822110
1609060401.979689121,-4.150438551,-1.183577436,3.426952583,-4.161591807,-1.180036250,3.420882330,0.013182682
1609060402.027944088,-4.136167336,-1.168702644,3.428216698,-4.139206953,-1.155086547,3.423039331,0.014880943
1609060402.077647209,-4.122079889,-1.148382869,3.435897280,-4.127443335,-1.138088929,3.424002002,0.016620150
1609060402.128281116,-4.107986731,-1.125936924,3.438556983,-4.115723031,-1.117369672,3.424873562,0.017902072
1609060402.178361177,-4.094312573,-1.099528385,3.437969327,-4.105341131,-1.095957156,3.425789565,0.016814558
1609060402.225638151,-4.081007334,-1.073419535,3.440344398,-4.095129930,-1.073835601,3.427307241,0.019224679
1609060402.278110027,-4.067778137,-1.047051880,3.438069199,-4.071441841,-1.024761700,3.430853175,0.023713832
1609060402.327462196,-4.055002929,-1.016000405,3.439378087,-4.062771173,-0.997223070,3.431036469,0.021966258
1609060402.377845049,-4.045306971,-0.981607727,3.440676271,-4.053918580,-0.970758060,3.433277316,0.015704127
1609060402.425198078,-4.034415107,-0.948375325,3.441948676,-4.043049378,-0.937153000,3.435701940,0.015476205
1609060402.478965998,-4.024623771,-0.909878872,3.443041333,-4.033820351,-0.903288907,3.437020663,0.012816130
1609060402.526862144,-4.017338169,-0.872563091,3.443205011,-4.027324431,-0.870478569,3.437573468,0.011652680
1609060402.579752207,-4.011973155,-0.830478257,3.442647496,-4.014702753,-0.799884992,3.438465725,0.030998158
1609060402.628553152,-4.006364315,-0.790608937,3.443044448,-4.009579352,-0.765100000,3.439002806,0.026026471
1609060402.678928137,-4.001236192,-0.749273322,3.443966694,-4.006589890,-0.732062113,3.438313018,0.018890524
1609060402.729631186,-3.997518957,-0.708575503,3.443242418,-4.003294751,-0.697160049,3.437519538,0.014015126
1609060402.777162075,-3.995646146,-0.670419263,3.442534557,-4.001564888,-0.664754812,3.436379796,0.010246882
1609060402.827563047,-3.993771846,-0.630556902,3.442262753,-3.998939247,-0.598003049,3.435853359,0.033578798
1609060402.879329205,-3.992692324,-0.590822219,3.443970977,-3.998386779,-0.566647337,3.434710110,0.026506893
1609060402.968847036,-3.994630534,-0.523197865,3.442209482,-3.999784486,-0.499536591,3.433774874,0.025642967
1609060403.036223173,-4.000586104,-0.473847187,3.441255551,-4.010445139,-0.437376235,3.431847548,0.038933809
1609060403.130094051,-4.015484908,-0.410291038,3.437372067,-4.027179808,-0.377050223,3.427821227,0.036509464
1609060403.172846079,-4.027849409,-0.378425770,3.437328460,-4.037755225,-0.350366110,3.425199927,0.032133644
1609060403.219709158,-4.039956523,-0.347912081,3.434947540,-4.049685318,-0.322317034,3.421998192,0.030289297
1609060403.290386200,-4.063326083,-0.299046513,3.429397137,-4.076260817,-0.270441399,3.415593948,0.034294138
1609060403.333377123,-4.078179659,-0.271798686,3.426762370,-4.090561741,-0.246691494,3.413335436,0.031047860
1609060403.376505136,-4.096312725,-0.247225454,3.421697920,-4.108065650,-0.221059114,3.410423018,0.030820966
1609060403.426532984,-4.118069736,-0.217495627,3.417646951,-4.127233511,-0.197225041,3.406961181,0.024679082
1609060403.479250193,-4.143140500,-0.187842772,3.412430543,-4.146854035,-0.174651989,3.404524892,0.015820443
1609060403.529406071,-4.167122782,-0.159818491,3.409054426,-4.169133129,-0.150258161,3.401801581,0.012167381
1609060403.586101055,-4.193597217,-0.128681061,3.406151626,-4.214534946,-0.103441026,3.396902748,0.034073298
1609060403.673426151,-4.241854794,-0.083650082,3.401630165,-4.260174799,-0.060839287,3.393474944,0.030372069
1609060403.719946146,-4.267730641,-0.060484541,3.399542087,-4.284325877,-0.039145661,3.391851186,0.028105153
1609060403.767722130,-4.295744330,-0.037250925,3.395333408,-4.309951331,-0.021936185,3.390406446,0.021462877
1609060403.816894054,-4.324037473,-0.014377499,3.392795756,-4.335405918,0.001222472,3.389173323,0.019639824
1609060403.884765148,-4.363301973,0.018308224,3.392317009,-4.389028272,0.041513919,3.387008767,0.035050309
1609060403.930885077,-4.390287586,0.039483134,3.391242746,-4.415808265,0.061528791,3.386473952,0.034059616
1609060403.979072094,-4.418698784,0.063094984,3.391284400,-4.441282033,0.080960008,3.386229950,0.029235418
1609060404.027512074,-4.446766114,0.086874820,3.391336542,-4.467578733,0.102445450,3.386474033,0.026443404
1609060404.078886032,-4.475929880,0.111770967,3.392239193,-4.493536644,0.123507789,3.385863205,0.022099873
1609060404.128934145,-4.503386124,0.135705843,3.392055391,-4.518539360,0.142746892,3.386447740,0.017625059
1609060404.179248095,-4.533157160,0.158971947,3.388980366,-4.564014117,0.183831750,3.386104422,0.039729493
1609060404.229568005,-4.559882838,0.184397960,3.388173721,-4.588078801,0.206272764,3.385407332,0.035793467
1609060404.280018091,-4.588551329,0.210853926,3.391656097,-4.610747053,0.228507973,3.384759726,0.029186906
1609060404.326958179,-4.612300313,0.235117313,3.391704811,-4.634033984,0.251218510,3.384157186,0.028081446
1609060404.377541065,-4.638543789,0.264223855,3.393019621,-4.655622398,0.274504731,3.384114160,0.021833060
1609060404.427803040,-4.661461856,0.291266810,3.392808538,-4.675741354,0.297316552,3.383445027,0.018115706
1609060404.481217146,-4.685198139,0.320585424,3.389805287,-4.713922327,0.345204064,3.381532527,0.038724604
1609060404.527707100,-4.705159298,0.346586222,3.388752446,-4.730028932,0.367221499,3.381224799,0.033181001
1609060404.571979046,-4.724650570,0.370829566,3.387449223,-4.746929920,0.391605784,3.380860447,0.031167814
1609060404.622480154,-4.743968662,0.400175746,3.387056778,-4.761497981,0.414466550,3.381085727,0.023391399
1609060404.672170162,-4.764605339,0.431412980,3.385207141,-4.776940342,0.439982977,3.381130321,0.015563342
1609060404.724748135,-4.783450052,0.463101050,3.384899299,-4.804756028,0.489999393,3.381321589,0.034500224
1609060404.777429104,-4.800103803,0.495315973,3.383172228,-4.817939917,0.517717139,3.381758443,0.028669461
1609060404.828528166,-4.814539285,0.526835162,3.383959507,-4.828646474,0.540685958,3.382768756,0.019805939
1609060404.878906012,-4.827589722,0.558188007,3.386829763,-4.840092325,0.567524408,3.383011082,0.016064427
1609060404.928469181,-4.839465540,0.589090486,3.387109484,-4.848750604,0.591703842,3.383876148,0.010173323
1609060404.978840113,-4.850867213,0.619655242,3.387801873,-4.866208488,0.644932813,3.384760026,0.029724790
1609060405.026875019,-4.860161777,0.651086430,3.387723390,-4.874323968,0.674298288,3.384546737,0.027376068
1609060405.079665184,-4.869832401,0.686040899,3.388056661,-4.882071775,0.702768820,3.384737974,0.020991410
1609060405.127121210,-4.876977602,0.717123554,3.387977318,-4.888130236,0.731767013,3.384567287,0.018720055
1609060405.180289030,-4.886997369,0.751049024,3.387450198,-4.894731192,0.760675200,3.384589266,0.012675181
1609060405.228845119,-4.893427129,0.783581906,3.387653145,-4.900996393,0.789972123,3.383995089,0.010559830
1609060405.281080008,-4.899800955,0.817672685,3.383242748,-4.910288928,0.851082551,3.383674409,0.035020038
1609060405.325997114,-4.904696098,0.848126924,3.381914872,-4.916017947,0.882210462,3.382284520,0.035916687
1609060405.378040075,-4.910941078,0.889624229,3.377423706,-4.920054141,0.913034701,3.380825906,0.025350997
1609060405.427482128,-4.915460942,0.925952076,3.373511886,-4.923778431,0.945421917,3.378941311,0.021857127
1609060405.480834007,-4.922022988,0.969304654,3.371369635,-4.928585614,0.976465610,3.375564401,0.010580331
1609060405.528052092,-4.925968374,1.004563209,3.367014264,-4.937346651,1.037431548,3.369970580,0.034907488
1609060405.577284098,-4.931683695,1.045342691,3.364936780,-4.941328983,1.070228773,3.367175309,0.026783571
1609060405.626881123,-4.937888874,1.086657785,3.361694648,-4.945905352,1.105248336,3.364305328,0.020412940
1609060405.678483009,-4.946387539,1.127745860,3.359343217,-4.951752903,1.138998125,3.361280519,0.012615615
1609060405.728350163,-4.953371223,1.168696946,3.355101657,-4.957110214,1.171267954,3.357800027,0.005279331
1609060405.780021191,-4.961045517,1.209494370,3.350332014,-4.968663755,1.238279619,3.350308871,0.029776310
1609060405.825129032,-4.969210916,1.245695032,3.345911214,-4.977456984,1.271137361,3.345358633,0.026750983
1609060405.879862070,-4.979556761,1.289138542,3.339508715,-4.985221059,1.303628664,3.340779490,0.015609701
1609060405.927932024,-4.988394649,1.327975631,3.335465828,-4.992859770,1.338746112,3.336900235,0.011747259
1609060405.978623152,-4.998049593,1.369022870,3.331593608,-5.000765494,1.372575224,3.332525446,0.004567676
1609060406.030205011,-5.010723651,1.410678703,3.326180843,-5.011129491,1.406599861,3.327593533,0.004335591
1609060406.079104185,-5.025330387,1.448028547,3.318090958,-5.035263960,1.470966464,3.316439318,0.025050984
1609060406.128489017,-5.040234171,1.485153561,3.310579099,-5.047961556,1.504027310,3.310043115,0.020401425
1609060406.177798986,-5.055982599,1.522871094,3.299605183,-5.062702906,1.536828260,3.303432197,0.015956536
1609060406.227044106,-5.073438509,1.559256902,3.291321792,-5.076851652,1.567351285,3.296798240,0.010351815
1609060406.280534029,-5.093841938,1.596292484,3.288823227,-5.093096241,1.600174926,3.290225278,0.004194660
1609060406.329967022,-5.113799344,1.630274758,3.282485424,-5.130363751,1.661111248,3.278551690,0.035224182
1609060406.378149986,-5.135576944,1.662164052,3.275779625,-5.149266502,1.688983738,3.273355724,0.030208854
1609060406.428543091,-5.159670960,1.695853730,3.270098609,-5.171520027,1.718707444,3.267974398,0.025830309
1609060406.480351210,-5.190597159,1.734277727,3.267381555,-5.193102693,1.745316012,3.263272531,0.012041823
1609060406.530244112,-5.218577517,1.765685111,3.263712928,-5.238683296,1.798298680,3.254349977,0.039440489
1609060406.578059196,-5.245558674,1.796157348,3.256665485,-5.260534521,1.822390728,3.251193659,0.030698650
1609060406.621797085,-5.270580907,1.822963829,3.253315951,-5.285687783,1.847737072,3.247376093,0.029617785
1609060406.670320034,-5.299441022,1.852850092,3.247360374,-5.312735616,1.871432221,3.243914818,0.023106570
1609060406.728110075,-5.337070768,1.884830766,3.242002866,-5.341216205,1.895887609,3.241060826,0.011845922
1609060406.779551983,-5.374043650,1.913781969,3.236234667,-5.368379952,1.919714113,3.238686529,0.008560341
1609060406.824823141,-5.404302407,1.938321921,3.233936793,-5.424739830,1.963734917,3.234139650,0.032612111
1609060406.878969193,-5.438797145,1.967384178,3.234607092,-5.451928441,1.984139435,3.233619171,0.021310691
1609060406.927206039,-5.470829632,1.992430782,3.233423733,-5.480224011,2.006372946,3.232202605,0.016856139
1609060406.980704069,-5.505903288,2.019729588,3.232471495,-5.507430190,2.027245513,3.231565480,0.007722786
1609060407.027716160,-5.535775744,2.042768914,3.231091488,-5.563415554,2.068366326,3.228798690,0.037741801
1609060407.079115152,-5.570180925,2.067215417,3.229563355,-5.592787187,2.088664260,3.227226119,0.031249938
1609060407.127367020,-5.602268051,2.091337618,3.228323940,-5.621257585,2.108585153,3.225930003,0.025764526
1609060407.177980185,-5.637929746,2.115479380,3.224895703,-5.651332130,2.129263871,3.224669684,0.019227250
1609060407.227697134,-5.670616683,2.139686025,3.223124964,-5.678667159,2.149298897,3.223125995,0.012538639
1609060407.280601978,-5.702968417,2.161637075,3.218889844,-5.733798819,2.189266897,3.219188798,0.041400606
1609060407.327654123,-5.733028443,2.183893011,3.215778006,-5.761771782,2.209109678,3.215727118,0.038236924
1609060407.378270149,-5.765135240,2.207418786,3.212464897,-5.787626004,2.227476236,3.212160492,0.030136829
1609060407.428651094,-5.795085668,2.230451637,3.206851701,-5.812437499,2.246020677,3.208030771,0.023342478
1609060407.481408119,-5.826980033,2.254731596,3.200587098,-5.837624346,2.266541310,3.202610716,0.016027033
1609060407.527852058,-5.853763264,2.276711884,3.194995206,-5.888118244,2.305519001,3.192290747,0.044915795
1609060407.578287125,-5.886749220,2.299500781,3.185660969,-5.913013302,2.325686420,3.187387745,0.037127772
1609060407.625300169,-5.914224346,2.321430185,3.179435555,-5.936303592,2.344866431,3.182854141,0.032379584
1609060407.681172132,-5.948462792,2.351804044,3.171091059,-5.962095751,2.365624670,3.177563950,0.020463763
1609060407.728523016,-5.976504357,2.376624478,3.165283514,-5.986885100,2.387628692,3.173488718,0.017209820
1609060407.779933214,-6.009914166,2.407781454,3.163764684,-6.038366670,2.430070916,3.164162334,0.036145860
1609060407.826332092,-6.039637550,2.433299600,3.158923666,-6.063224835,2.449893805,3.161159779,0.028926249
1609060407.879067183,-6.073265547,2.460817934,3.152418194,-6.089315578,2.473775290,3.156644736,0.021056120
1609060407.927498102,-6.103835840,2.488343186,3.148551693,-6.118331048,2.498319845,3.152829948,0.018109341
1609060407.977844000,-6.136275144,2.514093060,3.144792567,-6.146100066,2.523450317,3.149262014,0.014285073
1609060408.026247978,-6.166279838,2.538993401,3.141139702,-6.172948903,2.545311123,3.145317229,0.010091669
1609060408.080068111,-6.200029897,2.565634458,3.136373122,-6.226026967,2.588980424,3.139214202,0.035056433
1609060408.129019022,-6.231769971,2.591361451,3.132568223,-6.251462730,2.609626966,3.136697290,0.027175044
1609060408.178281069,-6.263344196,2.616115519,3.128555209,-6.277666828,2.630686350,3.134071326,0.021163044
1609060408.225942135,-6.294398326,2.640540307,3.125130332,-6.306603188,2.654550454,3.130489766,0.019338212
1609060408.279213190,-6.329426328,2.668940505,3.125054231,-6.337786167,2.678065475,3.128097626,0.012744184
1609060408.328937054,-6.362537155,2.694279605,3.122926239,-6.366294200,2.701039791,3.125723531,0.008224375
1609060408.380493164,-6.395433414,2.718973693,3.121758410,-6.423366729,2.744613754,3.121631531,0.037917000
1609060408.428739071,-6.426144052,2.742880498,3.120327337,-6.449945869,2.765452127,3.119557336,0.032811551
1609060408.479394197,-6.457400147,2.766522029,3.116356687,-6.476059599,2.785988954,3.116895597,0.026970850
1609060408.527713060,-6.486541218,2.788972540,3.112823915,-6.503378329,2.806696823,3.113186364,0.024449333
1609060408.579924107,-6.516772849,2.811820526,3.108711728,-6.531505124,2.827133102,3.110353296,0.021312194
1609060408.628437996,-6.545219020,2.833358958,3.107071276,-6.557415999,2.846757298,3.109568086,0.018289774
1609060408.681055069,-6.577937870,2.856054369,3.109390642,-6.582794858,2.865024819,3.109981177,0.010218025
1609060408.727375984,-6.604865676,2.874968336,3.114047806,-6.633230136,2.898883356,3.119173239,0.037453181
1609060408.778818130,-6.637061186,2.898506736,3.124876181,-6.656962401,2.915823432,3.126706219,0.026443816
1609060408.827222109,-6.663993325,2.916996944,3.134327513,-6.680223255,2.931474342,3.135410274,0.021775629
1609060408.878816128,-6.692252390,2.938365620,3.143888575,-6.702481243,2.947167003,3.143612393,0.013497039
1609060408.928865194,-6.719534255,2.957909906,3.154382581,-6.723903034,2.963157463,3.151873866,0.007274390
1609060408.979489088,-6.747773126,2.976816705,3.166911185,-6.769146314,2.992935079,3.169215655,0.026868675
1609060409.026559114,-6.773761964,2.993542163,3.177192363,-6.791638032,3.007752503,3.178743291,0.022888708
1609060409.079119205,-6.803597541,3.011897191,3.186844368,-6.813870670,3.022184125,3.188490096,0.014631016
1609060409.129620075,-6.828897697,3.029697105,3.198228127,-6.835948577,3.036958089,3.197517062,0.010146053
1609060409.179974079,-6.854641761,3.047755961,3.209001589,-6.858609976,3.052069021,3.206560369,0.006348919
1609060409.227297068,-6.881572521,3.066136478,3.218695687,-6.903846950,3.082189643,3.220670293,0.027527320
1609060409.280170202,-6.911948273,3.086225173,3.230976308,-6.927387957,3.096985893,3.227347720,0.019166209
1609060409.327556133,-6.938591079,3.104002869,3.239118474,-6.951736137,3.113318122,3.233138758,0.017184978
1609060409.378501177,-6.968174031,3.122566520,3.243373973,-6.978315963,3.131276224,3.240273470,0.013723368
1609060409.429986000,-7.000057643,3.142756512,3.250577421,-7.004722420,3.147678654,3.245486713,0.008479559
1609060409.481420994,-7.034355160,3.164610658,3.258471961,-7.033066783,3.165772052,3.250727319,0.007936512
1609060409.528619051,-7.065397938,3.184593869,3.263710472,-7.089180742,3.202535543,3.259033863,0.030156195
1609060409.578970194,-7.099587917,3.206557925,3.266931146,-7.121133372,3.221162893,3.261807630,0.026528515
1609060409.628424168,-7.135511660,3.228872794,3.268769137,-7.152734609,3.240158063,3.263846425,0.021171216
1609060409.680056095,-7.171694331,3.252761136,3.274526344,-7.185814859,3.261052586,3.265834367,0.018538822
1609060409.729544163,-7.209498150,3.276865515,3.276561577,-7.220417118,3.281777866,3.268471085,0.014450298
1609060409.781149149,-7.254619913,3.303742150,3.281717091,-7.289729631,3.323050794,3.270537568,0.041599252
1609060409.829326153,-7.294484980,3.327900460,3.285055625,-7.325848084,3.346346740,3.272284022,0.038561943
1609060409.878853083,-7.340118127,3.356883799,3.286309067,-7.360631888,3.368405922,3.274030012,0.026539572
1609060409.927361012,-7.383606160,3.384544926,3.289499476,-7.399310881,3.391227030,3.276189855,0.021643353
1609060409.980737209,-7.431154423,3.413807169,3.289007710,-7.436118839,3.414549071,3.278453783,0.011686797
1609060410.028295040,-7.474141466,3.440766537,3.290301274,-7.511405847,3.461954158,3.282356924,0.043596584
1609060410.078970194,-7.521337253,3.469820720,3.290403627,-7.551601892,3.485580779,3.283740177,0.034766786
1609060410.128543139,-7.568448275,3.498105052,3.291448392,-7.590299923,3.508848998,3.285549804,0.025054346
1609060410.179124117,-7.618726596,3.527101636,3.292433447,-7.631817139,3.534098334,3.287257931,0.015719480
1609060410.228488207,-7.667807095,3.556363666,3.293188895,-7.672476268,3.556881296,3.288971447,0.006313160
1609060410.279890060,-7.717891321,3.586415862,3.293693373,-7.715593526,3.582827181,3.289759814,0.005799257
1609060410.329349995,-7.764864335,3.615726468,3.295094438,-7.795583176,3.634384330,3.292179142,0.036059146
1609060410.377452135,-7.810806663,3.643619534,3.296960703,-7.833840081,3.657581047,3.293491204,0.027156944
1609060410.427040100,-7.857221716,3.672957297,3.298319832,-7.874911812,3.682738301,3.294341723,0.020601769
1609060410.481698990,-7.905565778,3.708939428,3.301787003,-7.913724946,3.709000319,3.295267355,0.010444210
1609060410.527576208,-7.946490737,3.737754147,3.303254755,-7.952092610,3.736517150,3.295382032,0.009741197
1609060410.578217983,-7.994049968,3.769923203,3.299653902,-7.993897067,3.765899529,3.295706903,0.005638452
1609060410.627376080,-8.038840590,3.802936140,3.300065032,-8.074512376,3.823435100,3.297940019,0.041197079
1609060410.679148197,-8.084913426,3.837722771,3.304460511,-8.113471599,3.853113912,3.298560368,0.032973749
1609060410.726834059,-8.127450480,3.871262496,3.305519636,-8.153757664,3.883262601,3.299065795,0.029626382
1609060410.779208183,-8.175857120,3.904898469,3.306863872,-8.192296729,3.913573640,3.299098139,0.020145123
1609060410.828528166,-8.219076819,3.938829669,3.308850716,-8.230586261,3.944176375,3.300923532,0.014963114
1609060410.879283190,-8.269009245,3.979969527,3.313052896,-8.307347926,4.008860388,3.302188325,0.049219663
1609060410.928606033,-8.313294856,4.018046892,3.315833034,-8.344833882,4.042261987,3.304494531,0.041347826
1609060410.978766203,-8.360809606,4.057029382,3.314136836,-8.381844754,4.074291528,3.306239896,0.028334093
1609060411.025828123,-8.403177672,4.094431108,3.315551133,-8.418739799,4.108837422,3.307518514,0.022676963
1609060411.080110073,-8.451350607,4.136497570,3.313647516,-8.457160598,4.143789499,3.308290638,0.010752877
1609060411.129387140,-8.495030972,4.177504233,3.312653848,-8.527240010,4.212174116,3.308076261,0.047543424
1609060411.176635981,-8.537053670,4.217962044,3.310011547,-8.560219373,4.246024466,3.307775636,0.036457491
1609060411.226155996,-8.579178073,4.259760365,3.308945855,-8.594956696,4.281689547,3.307478726,0.027055617
1609060411.277624130,-8.622581105,4.304001157,3.307211520,-8.629288075,4.317966895,3.307172625,0.015492799
1609060411.326937199,-8.663254002,4.346629860,3.306329880,-8.663829321,4.354356281,3.307561404,0.007845076
1609060411.379705191,-8.703872871,4.390886760,3.305368649,-8.695954199,4.388849587,3.306800911,0.008301012
1609060411.427775145,-8.742011254,4.431009042,3.304717353,-8.760647549,4.458088175,3.305826729,0.032891058
1609060411.470930099,-8.776199645,4.465919674,3.304806314,-8.791361406,4.492070276,3.306591489,0.030280684
1609060411.521054029,-8.814060190,4.507251637,3.305727778,-8.823911192,4.528168414,3.307903280,0.023222545
1609060411.580197096,-8.857731720,4.554765916,3.310029857,-8.854979278,4.562859237,3.310098431,0.008548830
1609060411.626838207,-8.891201144,4.591872823,3.312007575,-8.914551498,4.631110544,3.312916850,0.045669077
1609060411.679201126,-8.927931166,4.635556322,3.311901662,-8.942901831,4.662802358,3.315008690,0.031242933
1609060411.728243113,-8.962007775,4.674867368,3.314129170,-8.973812275,4.697414630,3.316451012,0.025556138
1609060411.778196096,-8.994020404,4.715634629,3.315714003,-9.002611575,4.731784318,3.318297857,0.018474225
1609060411.838414192,-9.034073535,4.765829266,3.319383522,-9.064189697,4.805679204,3.324626700,0.050224413
1609060411.878583193,-9.061133031,4.798968020,3.320994705,-9.092052647,4.839513333,3.327946300,0.051461342
1609060411.925848007,-9.091388132,4.837402755,3.324045993,-9.120851046,4.874568944,3.330182574,0.047823076
1609060411.970710993,-9.124426376,4.876778170,3.327041134,-9.148542273,4.908376065,3.333784305,0.040317165
1609060412.021212101,-9.156934386,4.918664704,3.330267033,-9.176797671,4.944046389,3.336087880,0.032751524
1609060412.070445061,-9.190433601,4.961719198,3.334576699,-9.203205317,4.977344834,3.338539435,0.020566490
1609060412.129059076,-9.228558600,5.013212594,3.338767417,-9.258096670,5.049297038,3.344359244,0.046966511
1609060412.171797991,-9.259057134,5.051134443,3.343386033,-9.283635795,5.082999536,3.347704886,0.040474031
1609060412.220314980,-9.291251115,5.093804120,3.347657439,-9.310968204,5.119076352,3.350838966,0.032211355
1609060412.280927181,-9.331604282,5.145774245,3.353947521,-9.337447829,5.154887614,3.354586863,0.010844782
1609060412.328114033,-9.361420626,5.186248627,3.358564899,-9.365246384,5.191334963,3.358942910,0.006375746
1609060412.381548166,-9.394162061,5.232582774,3.363700550,-9.415811768,5.264211902,3.367965506,0.038565547
1609060412.426798105,-9.421511122,5.271749484,3.368245083,-9.441502158,5.299788315,3.370944971,0.034541380
1609060412.481037140,-9.453159047,5.319002440,3.374585339,-9.464695819,5.334142852,3.374834381,0.019036576
1609060412.528138161,-9.480666181,5.360392010,3.379332493,-9.492153734,5.374312812,3.378606071,0.018063230
1609060412.578795195,-9.509319937,5.404485766,3.385296832,-9.518749157,5.413705582,3.381745149,0.013657585
1609060412.628405094,-9.536010562,5.447315445,3.389548174,-9.543198977,5.450949754,3.385282549,0.009114663
1609060412.680060148,-9.564312445,5.490219396,3.391207743,-9.590949967,5.523176545,3.389575903,0.042407478
1609060412.727285147,-9.589144889,5.531051467,3.394152274,-9.613563769,5.558644480,3.391082600,0.036974031
1609060412.778535128,-9.617994787,5.571199206,3.397431098,-9.635515287,5.592455047,3.393229012,0.027864605
1609060412.828056097,-9.643077116,5.611313237,3.400369936,-9.657599551,5.626674465,3.394317328,0.021988691
1609060412.880711079,-9.668919920,5.650686440,3.401244597,-9.679991496,5.658382286,3.395304440,0.014734020
1609060412.929073095,-9.691541561,5.686295822,3.403094240,-9.719199243,5.721520222,3.399489244,0.044929965
1609060412.978442192,-9.714505200,5.722926132,3.404767634,-9.736752146,5.751413558,3.401142069,0.036326365
1609060413.026663065,-9.735463402,5.756791452,3.407035088,-9.756335749,5.780950163,3.401452337,0.032410882
1609060413.079564095,-9.760292906,5.794752671,3.406041185,-9.774241999,5.810991576,3.403553904,0.021551469
1609060413.128509045,-9.781366289,5.828115101,3.407931417,-9.793521675,5.842402056,3.404811657,0.019015872
1609060413.179367065,-9.805990259,5.865103601,3.409163195,-9.829280507,5.897996061,3.408745226,0.040305388
1609060413.225435019,-9.825452307,5.895491124,3.411269054,-9.845538880,5.924289762,3.410064483,0.035132363
1609060413.280374050,-9.849636177,5.928556760,3.415309363,-9.861620072,5.949624334,3.411366988,0.024556033
1609060413.327057123,-9.869285440,5.958181078,3.416359793,-9.877444592,5.974007345,3.412166020,0.018292901
1609060413.379295111,-9.890510384,5.988877120,3.418840509,-9.893091007,5.999527880,3.414048336,0.011960904
1609060413.429748058,-9.910137542,6.017422381,3.421422650,-9.923353379,6.044215240,3.417961897,0.030074781
1609060413.477909088,-9.928552804,6.044078887,3.424021078,-9.937612143,6.066609172,3.419750626,0.024656077
1609060413.527525187,-9.946562024,6.070648669,3.427030910,-9.951776407,6.088334729,3.421732345,0.019184923
1609060413.577910185,-9.963867534,6.096649789,3.430385431,-9.965398880,6.109496445,3.423565846,0.014624921
1609060413.626291037,-9.980300142,6.120185031,3.433200089,-9.979675845,6.129876718,3.426205620,0.011968340
1609060413.681443214,-9.999208257,6.145365911,3.435809574,-9.994041701,6.150071149,3.427559657,0.010811739
1609060413.729362011,-10.015323619,6.167312591,3.438101162,-10.021546810,6.188077148,3.430981574,0.022816298
1609060413.778925180,-10.030320916,6.187307491,3.437278293,-10.034673459,6.205842104,3.432566473,0.019613204
1609060413.825621128,-10.044672300,6.207172718,3.438912365,-10.047386310,6.223604830,3.434300869,0.017281379
1609060413.870529175,-10.058574813,6.224134904,3.437899866,-10.060391991,6.241308128,3.435146419,0.017487231
1609060413.926827192,-10.074894256,6.245759903,3.439587690,-10.073031665,6.257961945,3.436366051,0.012756882
1609060413.980643988,-10.088191794,6.267504327,3.444873246,-10.086426228,6.274578129,3.438065361,0.009975129
1609060414.029057980,-10.100630434,6.284516753,3.447655418,-10.110456767,6.305484886,3.442153971,0.023800952
1609060414.078119040,-10.112778737,6.300872482,3.450191096,-10.122192590,6.320094663,3.445271001,0.021961790
1609060414.129755020,-10.125346493,6.317876482,3.454890355,-10.133808759,6.333925897,3.448592346,0.019205692
1609060414.178076982,-10.137199647,6.333288052,3.458535880,-10.145359824,6.347853656,3.452021990,0.017921385
1609060414.237054110,-10.150680119,6.351544744,3.464300521,-10.167206683,6.374418483,3.459520838,0.028621331
1609060414.278896093,-10.163282716,6.365569465,3.467861447,-10.177966839,6.386555360,3.464009824,0.025901086
1609060414.326367140,-10.173672103,6.379325846,3.472569351,-10.188234498,6.398240264,3.468043668,0.024296098
1609060414.372323990,-10.185566764,6.392553025,3.476297617,-10.197489494,6.408864935,3.472082471,0.020639704
1609060414.422741175,-10.196937581,6.406321969,3.481208237,-10.207347295,6.419573154,3.476242559,0.017567413
1609060414.469741106,-10.209088180,6.417273580,3.485952707,-10.216558605,6.428823310,3.480188256,0.014914168
1609060414.523486137,-10.221400591,6.429772568,3.491417930,-10.225726554,6.438636039,3.484769405,0.011894450
1609060414.571552992,-10.233094187,6.441893533,3.495820620,-10.243232714,6.457982797,3.493200236,0.019196889
1609060414.619873047,-10.243331974,6.452517776,3.500348477,-10.252068980,6.466961590,3.497059684,0.017198116
1609060414.671653986,-10.254072266,6.461910640,3.505631341,-10.260164261,6.475381868,3.500694866,0.015587019
1609060414.721688986,-10.263688491,6.471320349,3.510132630,-10.268517043,6.483702097,3.504631358,0.014383552
1609060414.773606062,-10.274053574,6.481173973,3.514892797,-10.276112772,6.490940425,3.508715708,0.011737986
1609060414.820553064,-10.283058335,6.489174438,3.519498433,-10.284151412,6.498414104,3.512617359,0.011572183
1609060414.871097088,-10.292396890,6.497808619,3.520904318,-10.299617509,6.513045558,3.520400265,0.016868779
1609060414.921655178,-10.301571245,6.506307341,3.525472618,-10.306968768,6.520358333,3.524163557,0.015108848
1609060414.970494986,-10.313130203,6.514406906,3.530765904,-10.314818272,6.527673072,3.528656075,0.013538541
1609060415.021867990,-10.322688279,6.522467359,3.535769461,-10.321796816,6.534432495,3.532651997,0.012396685
1609060415.071359158,-10.329320531,6.533886767,3.540799214,-10.329501543,6.541301761,3.536063077,0.008800335
1609060415.122093201,-10.336595196,6.541202473,3.545647492,-10.343528413,6.552949671,3.544686316,0.013674430
1609060415.169690132,-10.342089638,6.548271390,3.548933597,-10.349530082,6.558146521,3.548536783,0.012370766
1609060415.270138025,-10.355682160,6.562810037,3.562529381,-10.363206947,6.570112975,3.559661959,0.010870945
1609060415.335822105,-10.363175391,6.571612043,3.570236113,-10.374889660,6.580950293,3.569555413,0.014996345
1609060415.385161161,-10.369451338,6.578392440,3.577907174,-10.380185134,6.586508847,3.574555470,0.013868106
1609060415.426522017,-10.373329811,6.583263281,3.583158539,-10.385507975,6.590662524,3.579529241,0.014704703
1609060415.478945017,-10.380831883,6.590309422,3.588512690,-10.390721166,6.595229971,3.584624919,0.011710016
1609060415.527222157,-10.385714038,6.595604311,3.594839238,-10.395086073,6.599065501,3.589514604,0.011321069
1609060415.579497099,-10.390395052,6.598196703,3.601131242,-10.399315209,6.601633383,3.594373820,0.011706525
1609060415.625437021,-10.394009092,6.600952511,3.606430524,-10.407075346,6.605830931,3.604038523,0.014150889
1609060415.671557188,-10.397253437,6.604226687,3.609036718,-10.410777621,6.607541792,3.609420306,0.013929846
1609060415.721713066,-10.400619840,6.606237077,3.614760415,-10.414446842,6.609573560,3.614156059,0.014236690
1609060415.778937101,-10.408963918,6.608867080,3.620453777,-10.417673130,6.612020450,3.619341866,0.009329012
1609060415.826449156,-10.413250906,6.610275215,3.626192028,-10.421627457,6.613170870,3.625245902,0.008913282
1609060415.880214214,-10.418470663,6.609741610,3.633879577,-10.424834853,6.613691147,3.630722769,0.008128173
1609060415.929654121,-10.422543244,6.609618501,3.639746217,-10.430126654,6.613673511,3.640045956,0.008604711
1609060415.978931189,-10.428386952,6.610984348,3.646695650,-10.432765786,6.612973346,3.644330168,0.005359646
1609060416.026129007,-10.431795035,6.609276810,3.652745779,-10.435239915,6.611798425,3.650192584,0.004974388
1609060416.071283102,-10.435229454,6.608419902,3.657099192,-10.437689939,6.610717505,3.655546343,0.003707331
1609060416.132973194,-10.440247231,6.606854610,3.664838070,-10.440474579,6.609763044,3.661252584,0.004622379
1609060416.179527044,-10.442382588,6.604907536,3.668820384,-10.443613860,6.608260705,3.666682625,0.004162906
1609060416.224436998,-10.445658131,6.603576433,3.673542753,-10.449591663,6.605761003,3.676437735,0.005350321
1609060416.281552076,-10.449637359,6.602624205,3.681411840,-10.453500432,6.604559294,3.681166333,0.004327606
1609060416.327483177,-10.453502095,6.600999087,3.686595275,-10.457605830,6.603137691,3.686113786,0.004652537
1609060416.379132032,-10.459607456,6.596040105,3.693298992,-10.461793922,6.600858050,3.691152503,0.005709697
1609060416.428481102,-10.463171268,6.592621770,3.700676074,-10.464483500,6.599204189,3.696635623,0.007834248
1609060416.478361130,-10.470074875,6.590370528,3.709165897,-10.473109436,6.593190664,3.708463675,0.004201767
1609060416.527779102,-10.475544392,6.587493893,3.717216401,-10.478351268,6.590777317,3.714772194,0.004963223
1609060416.578441143,-10.480791247,6.584478425,3.723507314,-10.482976894,6.588346166,3.720397259,0.005422999
1609060416.625756025,-10.486342826,6.581162369,3.730336379,-10.487869569,6.585217097,3.725875031,0.006218954
1609060416.688992977,-10.493134003,6.575606457,3.738388959,-10.499874077,6.577980873,3.739542448,0.007238576
1609060416.735008001,-10.498297783,6.571580485,3.744571242,-10.504487177,6.574561229,3.746493768,0.007133690
1609060416.779157162,-10.503709998,6.567347220,3.751644362,-10.509224206,6.570949464,3.752877012,0.006700901
1609060416.830991983,-10.509313839,6.561071278,3.760150214,-10.515453130,6.565777730,3.759586200,0.007756268
1609060416.901623011,-10.516635040,6.550477249,3.771826749,-10.526250767,6.553616806,3.773877799,0.010321135
1609060416.940310001,-10.521595220,6.544907398,3.778873936,-10.531003380,6.546871059,3.779668487,0.009643690
1609060416.983126163,-10.527082675,6.538265027,3.785925081,-10.536795236,6.538796460,3.786449909,0.009741237
1609060417.031743050,-10.532429069,6.528942710,3.793435873,-10.542507823,6.531103878,3.794049345,0.010326097
1609060417.080188990,-10.540223994,6.519969399,3.800283387,-10.547069218,6.523016706,3.799520896,0.007531571
1609060417.128481150,-10.545369670,6.509184968,3.808140919,-10.552532174,6.512982331,3.806566145,0.008258410
1609060417.178506136,-10.551704640,6.496727158,3.813571356,-10.556291256,6.503639663,3.813060263,0.008311497
1609060417.229984999,-10.555886954,6.483250342,3.821319687,-10.560030568,6.493156084,3.819762286,0.010849828
1609060417.281683207,-10.559842130,6.470626193,3.830074861,-10.566672683,6.467821481,3.830707589,0.007411019
1609060417.327920198,-10.562324895,6.457021110,3.836872592,-10.568988304,6.454998208,3.838170370,0.007083599
1609060417.380889177,-10.565347041,6.440221609,3.842594421,-10.571036873,6.441146152,3.843463581,0.005829615
1609060417.427345037,-10.566427664,6.425122238,3.848796234,-10.573082598,6.426725769,3.846941619,0.007092183
1609060417.482033014,-10.571875166,6.399990509,3.855004593,-10.574211160,6.411461458,3.852597078,0.011951388
1609060417.528115988,-10.572679315,6.382175515,3.860688492,-10.574812618,6.381749326,3.864496236,0.004385378
1609060417.578565121,-10.574115992,6.363075191,3.869708630,-10.575385072,6.363429303,3.867805303,0.002314868
1609060417.628115177,-10.573976808,6.342763535,3.875794178,-10.574400493,6.347455226,3.871236271,0.006554845
1609060417.680741072,-10.574626698,6.322268398,3.880836610,-10.572791039,6.329853086,3.875472404,0.009469522
1609060417.728932142,-10.573370496,6.302370363,3.885089057,-10.571486899,6.311863240,3.879749737,0.011053099
1609060417.780569077,-10.570359070,6.280052311,3.888452717,-10.566963204,6.274797725,3.888370413,0.006256944
1609060417.827723026,-10.567085791,6.258928810,3.893352826,-10.563505754,6.256993976,3.892623286,0.004134304
1609060417.878182173,-10.562224278,6.237233999,3.899269304,-10.559479815,6.237101755,3.896270029,0.004067581
1609060417.928631067,-10.556291795,6.213241800,3.903506703,-10.555517511,6.217211965,3.898656047,0.006315899
1609060417.978594065,-10.549941405,6.189102741,3.906735354,-10.549839448,6.195870110,3.900944343,0.008907496
1609060418.027911186,-10.542625392,6.165368066,3.911082664,-10.538854060,6.154896101,3.908986879,0.011325958
1609060418.080447197,-10.534274968,6.140692599,3.915986063,-10.532453511,6.131367463,3.910449398,0.010996842
1609060418.127730131,-10.525383825,6.116874215,3.919519683,-10.524484270,6.111345071,3.914250539,0.007690547
1609060418.178858995,-10.516023410,6.091539722,3.921373619,-10.517049468,6.088855874,3.917159653,0.005100328
1609060418.229143143,-10.504733948,6.064866912,3.924432673,-10.509626562,6.067229424,3.917718774,0.008636873
1609060418.278476000,-10.495358334,6.038051783,3.927453096,-10.489664297,6.021884973,3.923700466,0.017546226
1609060418.327845097,-10.482336072,6.010855532,3.929982828,-10.478670679,5.998035522,3.924089730,0.014577941
1609060418.379217148,-10.469802640,5.984058848,3.931978576,-10.468606525,5.974056173,3.927273415,0.011118576
1609060418.427738190,-10.455533062,5.956454835,3.934275162,-10.456091056,5.950399441,3.926559964,0.009823616
1609060418.479364157,-10.441221638,5.926902718,3.939021320,-10.443737338,5.923597127,3.931224481,0.008834386
1609060418.530038118,-10.424346094,5.896949183,3.942105675,-10.430318986,5.898947648,3.934096923,0.010188690
1609060418.580530167,-10.408703690,5.866067915,3.943759728,-10.400687955,5.845932592,3.936520902,0.022849154
1609060418.627577066,-10.390943321,5.836490132,3.946570593,-10.385785101,5.818245606,3.937185044,0.021155579
1609060418.679231167,-10.374390239,5.801606108,3.946432998,-10.370237672,5.792265310,3.939369378,0.012425339
1609060418.727707148,-10.355495069,5.769884573,3.949729854,-10.353086870,5.765920286,3.942008232,0.009007688
1609060418.779791117,-10.333715571,5.736080517,3.951409168,-10.336896116,5.739734153,3.944717338,0.008261084
1609060418.826940060,-10.313944958,5.704921326,3.954212917,-10.319781490,5.711526541,3.948332253,0.010596045
1609060418.877894163,-10.291749139,5.671664134,3.955769965,-10.282068726,5.657161959,3.954143942,0.017511923
1609060418.928442001,-10.268402347,5.637521073,3.958399765,-10.265350019,5.631354853,3.958421583,0.006880367
1609060418.980247021,-10.244120108,5.603395857,3.960649835,-10.245467733,5.602675752,3.958610580,0.002548177
1609060419.028758049,-10.221026486,5.571639023,3.963693490,-10.227476738,5.577855323,3.962240211,0.009075250
1609060419.080204010,-10.196874001,5.539334554,3.967312533,-10.187113455,5.521172028,3.967241198,0.020619183
1609060419.127290010,-10.172853942,5.507867683,3.970783323,-10.166400840,5.491617617,3.969712230,0.017517260
1609060419.179020166,-10.146044121,5.473204520,3.975521345,-10.146453425,5.464052880,3.972256729,0.009725110
1609060419.227241039,-10.121399252,5.441541652,3.979264924,-10.125975991,5.435881822,3.976303047,0.007858303
1609060419.280115128,-10.094830067,5.408401896,3.984123354,-10.106768837,5.408621772,3.979505953,0.012802459
1609060419.327326059,-10.069919891,5.377396687,3.989751002,-10.064809287,5.353212512,3.989507129,0.024719467
1609060419.378854990,-10.046908141,5.346931791,3.999438588,-10.043651240,5.325573684,3.997252146,0.021715355
1609060419.471464157,-10.001521926,5.286122569,4.012891548,-10.000273734,5.268369608,4.009397821,0.018136476
1609060419.537253141,-9.968419997,5.243888813,4.023141929,-9.958603231,5.212972437,4.020084791,0.032581241
1609060419.585476160,-9.946049522,5.213453523,4.031731625,-9.937848766,5.185379365,4.027093882,0.029612825
1609060419.629018068,-9.924546801,5.185889455,4.038449551,-9.917568584,5.157872476,4.030832359,0.029860815
1609060419.673011065,-9.903388662,5.154486323,4.042955492,-9.895726963,5.130354288,4.038435684,0.025719358
1609060419.726917028,-9.876291149,5.119053597,4.050443041,-9.875406267,5.102208725,4.041181885,0.019243225
1609060419.777944088,-9.849457939,5.084078230,4.052892757,-9.855991803,5.075945628,4.047514232,0.011737083
1609060419.829607010,-9.823188020,5.049213545,4.058849461,-9.814036285,5.022868433,4.057518647,0.027921143
1609060419.879155159,-9.797674110,5.017232546,4.065251621,-9.794930926,4.996020529,4.064803051,0.021393363
1609060419.928565025,-9.773760690,4.985648750,4.072553498,-9.774287993,4.967847767,4.066096926,0.018943083
1609060419.977845192,-9.748561084,4.952760573,4.077553944,-9.752928294,4.939808002,4.072067045,0.014729144
1609060420.026153088,-9.723313662,4.920196613,4.081444294,-9.731066488,4.910087413,4.074814391,0.014361681
1609060420.080102205,-9.697279300,4.884426337,4.083844763,-9.709219014,4.880888626,4.078904588,0.013396922
1609060420.127996206,-9.673366274,4.852899879,4.087690981,-9.668802405,4.826559536,4.085359276,0.026834296
1609060420.178651094,-9.649236257,4.820612835,4.092795344,-9.649618262,4.801585930,4.087813000,0.019672132
1609060420.225896120,-9.625785202,4.789625002,4.095680305,-9.628757826,4.773464033,4.091219596,0.017026783
1609060420.278553009,-9.601482947,4.755867245,4.096978943,-9.609113624,4.746672054,4.092985843,0.012598556
1609060420.329905987,-9.575788929,4.722029188,4.098734919,-9.588210415,4.719030231,4.096467656,0.012977964
1609060420.379353046,-9.554460183,4.688862251,4.100303189,-9.547532729,4.665121219,4.101721019,0.024771687
1609060420.425460100,-9.532301398,4.658830489,4.101644141,-9.525507892,4.637493367,4.102810315,0.022422856
1609060420.478222132,-9.509659391,4.624914055,4.109202400,-9.507143247,4.610391307,4.104886396,0.015358030
1609060420.527751207,-9.485920099,4.591909143,4.111603944,-9.485237705,4.583495396,4.107031649,0.009600141
1609060420.579862118,-9.462294624,4.560698572,4.114125274,-9.464758035,4.555146001,4.109011933,0.007940132
1609060420.629007101,-9.438385327,4.528724716,4.116645549,-9.423079666,4.501279520,4.112258604,0.031729281
1609060420.681604147,-9.414302738,4.495486644,4.116613284,-9.400918253,4.472320381,4.114261891,0.026857946
1609060420.727938175,-9.392145288,4.466123247,4.118559607,-9.379640627,4.445614952,4.115858110,0.024171363
1609060420.778449059,-9.365318350,4.432231669,4.125661655,-9.357730255,4.418451481,4.116675155,0.018117118
1609060420.827750206,-9.339585571,4.400342779,4.128317469,-9.335015807,4.392347147,4.117349168,0.014321889
1609060420.880737066,-9.310015840,4.367669444,4.127190424,-9.312129174,4.364373845,4.119559721,0.008576409
1609060420.928517103,-9.282450402,4.337573661,4.128757643,-9.265412670,4.313055849,4.120017024,0.031109578
1609060420.978013039,-9.255644385,4.307468366,4.127456467,-9.242721869,4.288846785,4.120990191,0.023570478
1609060421.026174068,-9.227280983,4.277535928,4.128740280,-9.218267301,4.262972315,4.121253125,0.018692318
1609060421.073661089,-9.199695272,4.249991035,4.128686625,-9.193227389,4.238037255,4.121892996,0.015194728
1609060421.120455027,-9.170257398,4.221479655,4.130552117,-9.167288102,4.212744130,4.122801020,0.012050129
1609060421.172883987,-9.140286739,4.191491916,4.130947976,-9.140743431,4.187798402,4.124294625,0.007623496
1609060421.224383116,-9.106543351,4.161008905,4.132260634,-9.087015702,4.138527723,4.125412878,0.030555268
1609060421.280524015,-9.071593587,4.131819356,4.131531575,-9.061320783,4.115286671,4.125777573,0.020297013
1609060421.327854156,-9.040364429,4.105297369,4.132936289,-9.032942533,4.092857448,4.125801413,0.016147527
1609060421.378944159,-9.007529946,4.077492937,4.135822815,-9.004425280,4.071725980,4.124296107,0.013257517
1609060421.427192211,-8.973530843,4.051515720,4.135920129,-8.976530148,4.048318947,4.125702742,0.011118011
1609060421.479579210,-8.938312912,4.025926506,4.134663293,-8.917454569,4.005062024,4.123785249,0.031444060
1609060421.527832985,-8.903148929,4.000502831,4.133782441,-8.886544409,3.983085869,4.122638506,0.026518822
1609060421.580437183,-8.867034186,3.974796840,4.130558885,-8.855689370,3.960513859,4.121865730,0.020205923
1609060421.629995108,-8.829370079,3.950321193,4.129104483,-8.825868652,3.941445887,4.120003438,0.013185600
1609060421.681367159,-8.791967937,3.924740815,4.126564994,-8.759613775,3.899746610,4.116961787,0.041996710
1609060421.727432013,-8.755945552,3.902469550,4.124884260,-8.727202214,3.878345417,4.116152544,0.038527861
1609060421.778424025,-8.717762447,3.879582285,4.120112578,-8.692666247,3.858761638,4.114618082,0.033068233
1609060421.825348139,-8.680314015,3.857870443,4.118196198,-8.658243301,3.839099475,4.113831091,0.029300509
1609060421.880194187,-8.633266697,3.830284349,4.114820056,-8.624228369,3.819559408,4.111530706,0.014406094
1609060421.928580046,-8.592010415,3.808172270,4.110902099,-8.557401909,3.783331071,4.106032833,0.042878242
1609060421.978991032,-8.548619238,3.784520211,4.106920587,-8.521135168,3.764705440,4.102645123,0.034150825
1609060422.027255058,-8.505522659,3.762008070,4.101807476,-8.485499352,3.745497056,4.098196512,0.026202776
1609060422.079162121,-8.463351179,3.738647748,4.096191580,-8.450816201,3.726996795,4.094471779,0.017199654
1609060422.129970074,-8.419627776,3.717267524,4.094858090,-8.417383473,3.710514157,4.090902034,0.008142189
1609060422.180117130,-8.373858534,3.694760265,4.090759412,-8.343606561,3.674727975,4.083033190,0.037096752
1609060422.228345156,-8.331433981,3.673877270,4.086571115,-8.307847104,3.656838406,4.079007655,0.030064423
1609060422.279767036,-8.287580173,3.652159540,4.080636607,-8.269565161,3.639376220,4.073146119,0.023325122
1609060422.327003002,-8.244373405,3.632683531,4.073024431,-8.234578524,3.624697766,4.065875016,0.014519858
1609060422.379480124,-8.198951531,3.613549903,4.063159363,-8.199635565,3.607825904,4.058121351,0.007655955
1609060422.427206993,-8.156338785,3.595098310,4.053358639,-8.131446278,3.578643697,4.040930843,0.032324005
1609060422.478839159,-8.112934532,3.576519132,4.042924919,-8.095982555,3.564976690,4.032300295,0.023097189
1609060422.528550148,-8.068492422,3.557870004,4.032678610,-8.061412881,3.549794767,4.023913252,0.013862209
1609060422.580224037,-8.025264373,3.541400651,4.021796094,-7.992959187,3.521264445,4.007448084,0.040681166
1609060422.627099037,-7.983137919,3.525014979,4.012963122,-7.956900989,3.508230042,4.000294740,0.033624373
1609060422.677823067,-7.940069904,3.508662092,4.001040824,-7.919649740,3.494399264,3.991825797,0.026558014
1609060422.727541208,-7.895107653,3.492669809,3.990906528,-7.884344331,3.480621711,3.984533883,0.017367106
1609060422.783367157,-7.845177696,3.474877996,3.977526294,-7.811333006,3.457155656,3.968063269,0.039358521
1609060422.828356028,-7.804688808,3.461298803,3.968166256,-7.774814967,3.445246672,3.960939810,0.034674757
1609060422.880164146,-7.759073215,3.447759829,3.960561254,-7.737536877,3.432778691,3.953626081,0.027135677
1609060422.928488016,-7.714681186,3.434443836,3.952010124,-7.700714304,3.420937914,3.946482693,0.020199906
1609060422.979838133,-7.663917469,3.419678566,3.944674846,-7.662134075,3.411000073,3.940039966,0.009998942
1609060423.029355049,-7.616207575,3.406853533,3.938165255,-7.586169188,3.390101598,3.928933801,0.035611119
1609060423.080885172,-7.566065166,3.394493012,3.932052756,-7.547053297,3.379339178,3.924847595,0.025357527
1609060423.127178192,-7.521247624,3.383562901,3.928041225,-7.508207367,3.372020205,3.921038263,0.018770286
1609060423.179766178,-7.476089608,3.375395231,3.926494954,-7.468275476,3.363357301,3.918121428,0.016615907
1609060423.227312088,-7.430907317,3.366126510,3.923025582,-7.430754990,3.354830131,3.914863793,0.013937222
1609060423.280233145,-7.379245808,3.356253365,3.919341230,-7.352145789,3.340155191,3.910928203,0.032624244
1609060423.327131987,-7.334506646,3.348495738,3.916519147,-7.311944176,3.334699814,3.909120614,0.027461443
1609060423.378704071,-7.288799076,3.340941316,3.914502406,-7.272887339,3.327656649,3.907837432,0.021773553
1609060423.425829172,-7.244618408,3.334073499,3.913777267,-7.234739484,3.321842399,3.907743244,0.016840498
1609060423.477626085,-7.198533461,3.326309356,3.913967615,-7.193839861,3.317278206,3.908781073,0.011423299
1609060423.526779175,-7.152548280,3.320162383,3.914907103,-7.152968436,3.313586449,3.910058785,0.008180808
1609060423.580407143,-7.104361359,3.314794420,3.917015174,-7.075091256,3.304044035,3.912411320,0.031519918
1609060423.627583027,-7.060428140,3.309780052,3.918702820,-7.034768832,3.301712073,3.914294129,0.027256722
1609060423.678277016,-7.015529358,3.307303828,3.921439326,-6.994710498,3.298920469,3.916002158,0.023092606
1609060423.726454020,-6.970354456,3.303426038,3.923149473,-6.956289160,3.294833814,3.917279907,0.017496018
1609060423.779623032,-6.923809231,3.300291895,3.924723147,-6.917716423,3.291627380,3.919107196,0.011988955
1609060423.827763081,-6.879208925,3.297344425,3.926992303,-6.877441849,3.290786896,3.921004134,0.009054386
1609060423.881376028,-6.832588674,3.296456396,3.928350248,-6.801873571,3.288109442,3.924951074,0.032010055
1609060423.927520037,-6.790353281,3.294981138,3.930499554,-6.763580798,3.287310221,3.926501822,0.028135221
1609060423.978104115,-6.745950506,3.293507018,3.934228735,-6.723181360,3.288271633,3.928830491,0.023978831
1609060424.026549101,-6.701158595,3.293281033,3.936443221,-6.683980374,3.288756854,3.931149410,0.018536017
1609060424.079257011,-6.648686190,3.293411165,3.939315590,-6.646065927,3.288744786,3.933249837,0.008089143
1609060424.131283998,-6.598564322,3.293457083,3.941759877,-6.568201628,3.290737008,3.936886019,0.030871451
1609060424.180812120,-6.551233653,3.296702580,3.943533291,-6.528906670,3.292815045,3.937947227,0.023341192
1609060424.269929171,-6.469705223,3.302351431,3.945707580,-6.452838688,3.295056224,3.939345850,0.019446636
1609060424.338038206,-6.406654675,3.307619751,3.946844407,-6.374934007,3.302718582,3.940721846,0.032675801
1609060424.385066986,-6.361014951,3.311354259,3.947541963,-6.338024407,3.305232587,3.941047544,0.024662065
1609060424.427415133,-6.320343798,3.315254717,3.947878867,-6.300469129,3.308389510,3.940455516,0.022298872
1609060424.479503155,-6.273324447,3.320786069,3.946903270,-6.261744527,3.313099493,3.940104323,0.015472675
1609060424.528802156,-6.226689699,3.325562291,3.944923548,-6.223631666,3.317596021,3.938903085,0.010443132
1609060424.580688000,-6.179471644,3.331285284,3.941225546,-6.150094424,3.325881142,3.933482468,0.030857432
1609060424.627767086,-6.134450741,3.337101944,3.938013197,-6.114649061,3.329911072,3.931374987,0.022088029
1609060424.678000212,-6.088335277,3.343488512,3.934296753,-6.076110108,3.335551060,3.929212500,0.015437214
1609060424.727902174,-6.040703152,3.350506832,3.930553224,-6.037450033,3.342189484,3.926088324,0.009984808
1609060424.779567003,-5.996755894,3.357030345,3.925489930,-6.001319758,3.347073787,3.922723676,0.011296640
1609060424.828402996,-5.950476033,3.364215319,3.921347189,-5.918938725,3.361877297,3.916453305,0.032000286
1609060424.880347013,-5.904897448,3.372873091,3.918591667,-5.878278648,3.369604700,3.913179703,0.027359318
1609060424.927685022,-5.860343563,3.380939367,3.914815525,-5.837248711,3.377071593,3.908710082,0.024199346
1609060424.979326010,-5.816572479,3.390731574,3.910027722,-5.796749949,3.385488276,3.905045856,0.021100802
1609060425.028661013,-5.770143819,3.400224586,3.905635171,-5.757514604,3.395080401,3.901863839,0.014148592
1609060425.080376148,-5.722849159,3.412075705,3.899231834,-5.681571742,3.411533733,3.893744774,0.041644048
1609060425.127739191,-5.677991247,3.422074426,3.894888093,-5.645526857,3.419956479,3.890854404,0.032782510
1609060425.178142071,-5.625880215,3.434814086,3.890846559,-5.604057965,3.431313078,3.888123306,0.022268448
1609060425.225172997,-5.579456905,3.446345552,3.887037991,-5.563514774,3.441958247,3.884910642,0.016671101
1609060425.281213045,-5.525065274,3.461450041,3.880401586,-5.525452698,3.451467871,3.880858070,0.010000110
1609060425.331796169,-5.473407637,3.475226359,3.876017319,-5.446649786,3.474383647,3.874199217,0.026832783
1609060425.382135153,-5.431840629,3.490241152,3.873067798,-5.408059635,3.485921764,3.871139149,0.024246906
1609060425.428689003,-5.387040272,3.503616399,3.870256769,-5.371907901,3.495785948,3.867429328,0.017271335
1609060425.480192184,-5.336020123,3.518839136,3.866119929,-5.335149302,3.507052513,3.863817953,0.012040843
1609060425.529694080,-5.288338841,3.533680131,3.861858340,-5.296028308,3.520393101,3.860909329,0.015380952
1609060425.580114126,-5.241973499,3.548953520,3.857094588,-5.215648729,3.546728791,3.853901608,0.026610863
1609060425.627465010,-5.196561997,3.563467827,3.853107792,-5.178144529,3.558478583,3.850206466,0.019300605
1609060425.680615187,-5.149764466,3.580012857,3.848853805,-5.137163873,3.573099052,3.847126669,0.014476140
1609060425.728845119,-5.104790182,3.595214824,3.844668932,-5.097259633,3.587459927,3.843937276,0.010834340
1609060425.781431198,-5.058115838,3.612419519,3.839902148,-5.057439027,3.601431424,3.840731224,0.011040094
1609060425.828500986,-5.013408869,3.627920237,3.836286043,-4.981933044,3.629006498,3.834029473,0.031575300
1609060425.879981995,-4.968376008,3.646478866,3.832309318,-4.940998023,3.645894755,3.831087239,0.027411471
1609060425.928338051,-4.923578012,3.663175498,3.829436661,-4.906540890,3.658018723,3.829510072,0.017800597
1609060425.981427193,-4.878228881,3.680912773,3.827672228,-4.870151350,3.672332211,3.826638238,0.011829695
1609060426.028719187,-4.834666669,3.697667401,3.825548488,-4.793779362,3.703827746,3.823196675,0.041415610
1609060426.080445051,-4.790725240,3.717391176,3.825213802,-4.755610989,3.719496177,3.821345775,0.035389310
1609060426.133275986,-4.742965917,3.736905601,3.822803311,-4.719273033,3.734408951,3.818878959,0.024145114
1609060426.178623199,-4.705058100,3.755911879,3.820580152,-4.679700566,3.751846491,3.816171522,0.026057013
1609060426.229953051,-4.658966116,3.775547151,3.817367366,-4.641700174,3.769083637,3.813399810,0.018858188
1609060426.279983997,-4.610592153,3.796961054,3.813034806,-4.605991107,3.784397866,3.810225605,0.013670951
1609060426.327455997,-4.566464752,3.816501778,3.808707303,-4.533414375,3.818262215,3.802065962,0.033756984
1609060426.379871130,-4.519571823,3.839426158,3.799654668,-4.496356728,3.836164342,3.797096391,0.023582299
1609060426.428410053,-4.474169014,3.860284469,3.793706490,-4.459240602,3.854360332,3.791915040,0.016160513
1609060426.480945110,-4.433682274,3.881542808,3.786658515,-4.423615569,3.871800737,3.786732880,0.014008999
1609060426.528591156,-4.391624837,3.904555980,3.780876002,-4.351461768,3.909172614,3.775787012,0.040746573
1609060426.580346107,-4.344884583,3.928511631,3.773641410,-4.318555476,3.926886567,3.771044846,0.026506695
1609060426.628355980,-4.302696562,3.951396329,3.767097101,-4.282507140,3.946799360,3.764956765,0.020816482
1609060426.678764105,-4.260928899,3.975168916,3.760347781,-4.248636470,3.966137874,3.759529364,0.015275251
1609060426.727844000,-4.218665040,3.998962195,3.753269443,-4.213373906,3.986466279,3.752932244,0.013574156
1609060426.780528069,-4.174969217,4.024649459,3.746581348,-4.142777762,4.028156581,3.740283852,0.032988607
1609060426.828762054,-4.134801090,4.048114212,3.739477161,-4.109181208,4.048587933,3.734068524,0.026188855
1609060426.880460024,-4.095079458,4.072422046,3.732084610,-4.076039639,4.069436616,3.727884345,0.019724850
1609060426.927973032,-4.054936895,4.096481363,3.724299012,-4.042596823,4.090325004,3.721088679,0.014159251
1609060426.980300188,-4.014206052,4.123583597,3.714646331,-4.007285347,4.113385290,3.713306941,0.012397403
1609060427.028684139,-3.974311839,4.148634807,3.705200157,-3.973768442,4.135595565,3.704834095,0.013055694
1609060427.080138206,-3.938031857,4.174576968,3.695896406,-3.939050190,4.159461051,3.696535845,0.015163668
1609060427.128703117,-3.899205519,4.200259697,3.686217575,-3.874178975,4.204919914,3.679562558,0.026312255
1609060427.179259062,-3.861805828,4.226940819,3.674902543,-3.841412849,4.228310978,3.670734501,0.020859614
1609060427.228806019,-3.822946073,4.254003317,3.664693985,-3.806681713,4.253674399,3.661267214,0.016624691
1609060427.281520128,-3.786224152,4.281953997,3.653876526,-3.773228565,4.278787364,3.651642210,0.013561158
1609060427.329280138,-3.750151135,4.308258962,3.642828186,-3.741387820,4.303064130,3.642244275,0.010204064
1609060427.381112099,-3.709112695,4.340364813,3.628082477,-3.676372987,4.353420920,3.621281260,0.035897172
1609060427.429231167,-3.671861463,4.368217611,3.615376376,-3.645435949,4.378519544,3.610806402,0.028728423
1609060427.478861094,-3.633669944,4.400109641,3.602929234,-3.613568829,4.403924871,3.599641549,0.020722444
1609060427.529126167,-3.593779377,4.431388186,3.589003798,-3.583666536,4.429017969,3.588660684,0.010392555
1609060427.579799175,-3.561171471,4.461636813,3.575569712,-3.554393800,4.453456267,3.577891610,0.010874252
1609060427.630326033,-3.525346852,4.494806149,3.563379264,-3.522219408,4.480798751,3.565996134,0.014588904
1609060427.681500196,-3.487100893,4.527865331,3.549351549,-3.461573323,4.535210669,3.543451275,0.027210733
1609060427.727840185,-3.452811927,4.558231816,3.536783949,-3.432981055,4.562179184,3.532648542,0.020638478
1609060427.779484987,-3.417737176,4.590724487,3.523247386,-3.402758875,4.590949639,3.521143640,0.015126993
1609060427.829073191,-3.383249303,4.623109074,3.510512530,-3.372430666,4.620009807,3.509674776,0.011284954
1609060427.880336046,-3.350156324,4.656586731,3.498441093,-3.340812170,4.651095143,3.497702933,0.010863500
1609060427.928755045,-3.317216505,4.689252391,3.486990600,-3.311325873,4.680163125,3.487277463,0.010834971
1609060427.980607986,-3.284647346,4.724631698,3.475270157,-3.283162307,4.708133743,3.477420948,0.016703705
1609060428.028478146,-3.251708078,4.757577025,3.464361962,-3.229518517,4.765156736,3.458256532,0.024230248
1609060428.077799082,-3.223688872,4.790581232,3.453178179,-3.201209659,4.795862870,3.449541011,0.023376049
1609060428.129625082,-3.188890386,4.826489768,3.442585636,-3.173519890,4.826224371,3.440817140,0.015474177
1609060428.179145098,-3.160964822,4.861005078,3.434352161,-3.146604421,4.856255412,3.432057156,0.015298612
1609060428.230478048,-3.128109089,4.896944092,3.425246709,-3.121116760,4.884801853,3.424589479,0.014027066
1609060428.281023979,-3.098470846,4.931285346,3.414175442,-3.067059799,4.949180115,3.410569000,0.036330195
1609060428.327894211,-3.068884480,4.964569745,3.406447434,-3.043926117,4.977571585,3.404066100,0.028242494
1609060428.378302097,-3.041284712,5.001700062,3.402073961,-3.017423229,5.009192804,3.396968959,0.025525919
1609060428.427620173,-3.011804145,5.037216907,3.395581234,-2.991314957,5.041487576,3.391310745,0.021360770
1609060428.481490135,-2.978091046,5.078489460,3.385482630,-2.966775931,5.072721694,3.386325884,0.012728316
1609060428.530129194,-2.947525150,5.115503995,3.379340812,-2.941731102,5.103867079,3.381646561,0.013202473
1609060428.580730200,-2.919738508,5.155041489,3.373764447,-2.893059914,5.167615041,3.372256844,0.029531584
1609060428.626178026,-2.891598344,5.189494782,3.368955346,-2.867779381,5.200651635,3.368711728,0.026303570
1609060428.678228140,-2.866255379,5.230243439,3.367761678,-2.845787019,5.229926656,3.365380687,0.020608815
1609060428.727977991,-2.840418281,5.266405884,3.364520944,-2.822460518,5.260860023,3.361587977,0.019022096
1609060428.780537128,-2.809493583,5.307338564,3.360351337,-2.797032651,5.293871569,3.358065269,0.018489481
1609060428.829004049,-2.781620017,5.345320213,3.357157987,-2.752509523,5.357217213,3.353310171,0.031682253
1609060428.879436016,-2.755129980,5.383144235,3.354383120,-2.727894389,5.390278780,3.350280337,0.028451924
1609060428.929301977,-2.727024943,5.420887302,3.349970292,-2.701880397,5.423839131,3.346072164,0.025615559
1609060428.979768991,-2.700177730,5.458757686,3.344271246,-2.680052827,5.454984482,3.342989753,0.020515629
1609060429.027988195,-2.672633557,5.495150326,3.340536582,-2.655287632,5.488336280,3.340137753,0.018640584
1609060429.080878019,-2.644253442,5.534015028,3.338113546,-2.631125889,5.522000768,3.336655957,0.017854962
1609060429.129002094,-2.615828537,5.571765004,3.334560202,-2.583075754,5.589422649,3.330968327,0.037382333
1609060429.179460049,-2.591286021,5.608532178,3.329886638,-2.561337643,5.621674452,3.329665811,0.032705863
1609060429.226698160,-2.563363164,5.645521917,3.326797419,-2.538303730,5.654773062,3.327589525,0.026724265
1609060429.280256987,-2.537057486,5.685134514,3.324461970,-2.512295158,5.690082923,3.324247582,0.025252834
1609060429.328555107,-2.507993728,5.724078532,3.320611029,-2.490069218,5.724044208,3.321155849,0.017932821
1609060429.381138086,-2.480698233,5.766232530,3.318434424,-2.467142657,5.759518298,3.318321293,0.015127702
1609060429.428529024,-2.452822800,5.805166833,3.315210188,-2.416260387,5.833174006,3.311524891,0.046203822
1609060429.478585005,-2.427440290,5.843965100,3.313510596,-2.396442381,5.867180755,3.308092741,0.039104861
1609060429.529040098,-2.397472519,5.887820937,3.310261141,-2.373248251,5.904935118,3.305047472,0.030114659
1609060429.579662085,-2.367356777,5.938645018,3.304600633,-2.348503968,5.944342058,3.302860154,0.019771543
1609060429.628737211,-2.336097077,5.985271151,3.301435629,-2.323349485,5.981553820,3.300913113,0.013288818
1609060429.681184053,-2.307570347,6.036284422,3.298660845,-2.276360810,6.062257195,3.296454994,0.040663077
1609060429.727297068,-2.277451120,6.083989440,3.296724088,-2.250980680,6.106360834,3.293098734,0.034846903
1609060429.779306173,-2.249458242,6.137424308,3.296184626,-2.225417381,6.151680558,3.293203755,0.028108526
1609060429.828670979,-2.222557335,6.188560596,3.296062337,-2.203120043,6.193798077,3.292701538,0.020409177
1609060429.881679058,-2.189290716,6.247658803,3.295392905,-2.177408609,6.240380764,3.292006984,0.014339414
1609060429.928592205,-2.160929227,6.302247727,3.295089948,-2.127325537,6.336236161,3.292410125,0.047870691
1609060429.979950190,-2.132560360,6.363615205,3.295456971,-2.105030509,6.385439538,3.292499236,0.035255388
1609060430.029108047,-2.103713408,6.424027911,3.296234873,-2.083062064,6.435731741,3.291940402,0.024122606
1609060430.079665184,-2.076580565,6.484546491,3.297659809,-2.057805377,6.487848938,3.293239494,0.019569186
1609060430.139734030,-2.045962384,6.560106550,3.300151046,-2.034164141,6.542315821,3.294693549,0.022033903
1609060430.179250002,-2.024440850,6.610573967,3.302659859,-2.012914254,6.594250093,3.296709422,0.020850395
1609060430.227625132,-1.997451516,6.674506485,3.306232977,-1.972701050,6.702002483,3.301408848,0.037308011
1609060430.279911041,-1.974988818,6.739854785,3.309178782,-1.950135427,6.758600664,3.306488586,0.031246378
1609060430.329241037,-1.949384945,6.804562383,3.315062000,-1.930486887,6.812199111,3.310789293,0.020825759
1609060430.379837036,-1.928721449,6.869063648,3.322341716,-1.909611605,6.869654075,3.318140047,0.019575208
1609060430.429674149,-1.904579033,6.935654528,3.331279510,-1.889075998,6.927422111,3.326049396,0.018315864
1609060430.481505156,-1.885376476,7.001556306,3.340313857,-1.853295841,7.042119358,3.342670439,0.051769507
1609060430.528452158,-1.866325228,7.064333518,3.350051215,-1.839912186,7.098584825,3.351415952,0.043274281
1609060430.580064058,-1.852417585,7.131753628,3.362190251,-1.825742607,7.152640579,3.360490465,0.033922094
1609060430.628176212,-1.834742518,7.195450688,3.371494270,-1.808340557,7.212218535,3.370803887,0.031284195
1609060430.679733992,-1.819116792,7.267989518,3.387180756,-1.793912366,7.269122180,3.380507900,0.026097376
1609060430.730561018,-1.802176456,7.335542649,3.398856829,-1.771377784,7.379790624,3.397456739,0.053929601
1609060430.780865192,-1.792402243,7.402045815,3.409461051,-1.762837840,7.433901057,3.405519113,0.043638851
1609060430.828189135,-1.781385932,7.464332873,3.418777716,-1.754156940,7.486656400,3.413774409,0.035563900
1609060430.877870083,-1.774963963,7.528236409,3.425819808,-1.748722329,7.536023201,3.420488476,0.027886925
1609060430.929910183,-1.767957039,7.591666436,3.434361143,-1.741104849,7.588775249,3.429290840,0.027479211
1609060430.981590033,-1.759407907,7.655623520,3.442405440,-1.734926171,7.640820008,3.436329834,0.029247433
1609060431.028035164,-1.754312179,7.712846015,3.449122964,-1.727508837,7.737673055,3.449460428,0.036536488
1609060431.080696106,-1.752951590,7.774175638,3.456376351,-1.726140905,7.782302422,3.455171048,0.028041223
1609060431.127861023,-1.751195931,7.829059760,3.463848519,-1.725465701,7.830697782,3.461653582,0.025875580
1609060431.179397106,-1.756791761,7.886244918,3.473477058,-1.727140523,7.878096574,3.468189447,0.031201767
1609060431.228162050,-1.760021857,7.941091578,3.481167098,-1.738289323,7.969021094,3.480507929,0.035394850
1609060431.281984091,-1.766465436,7.997505506,3.488897073,-1.746383231,8.015592433,3.487395292,0.027068196
1609060431.327632189,-1.774808001,8.047735669,3.495241210,-1.755829417,8.061872011,3.494010559,0.023696779
1609060431.380648136,-1.794029315,8.101798609,3.503423938,-1.770009619,8.106516361,3.499683090,0.024762813
1609060431.441133022,-1.815115545,8.164796890,3.512508607,-1.804857646,8.197958517,3.509662295,0.034828429
1609060431.487370014,-1.834788565,8.212666813,3.519096722,-1.823377365,8.241791763,3.514417202,0.031628723
1609060431.531643152,-1.851736329,8.258692008,3.523148974,-1.839726685,8.283065340,3.518764515,0.027522978
1609060431.578772068,-1.872832267,8.301559301,3.527304116,-1.857584986,8.324147769,3.524280884,0.027420037
1609060431.629288197,-1.892418992,8.350848386,3.532476992,-1.876095593,8.363631582,3.527536680,0.021313614
1609060431.681290150,-1.918149090,8.396973099,3.535190192,-1.896385915,8.403949947,3.530908015,0.023251866
1609060431.728561163,-1.937577477,8.440844040,3.539768162,-1.916080117,8.442082087,3.534670945,0.022128057
1609060431.780210018,-1.965372992,8.492481904,3.543733871,-1.960025753,8.517901978,3.541893317,0.026041520
1609060431.826713085,-1.987888745,8.535450660,3.548402644,-1.983650453,8.555176186,3.543935595,0.020664317
1609060431.878309011,-2.019564640,8.581170125,3.552435910,-2.006900748,8.591179528,3.546560082,0.017178116
1609060431.923537016,-2.042468778,8.624256193,3.556662178,-2.031945013,8.630382748,3.548196269,0.014830911
1609060431.972276211,-2.073642483,8.669311971,3.558876048,-2.056258949,8.667563159,3.550776258,0.019257523
1609060432.020538092,-2.098476242,8.713610627,3.562670929,-2.104189298,8.742733687,3.556772318,0.030258640
1609060432.079569101,-2.131514980,8.766837912,3.565847484,-2.125121253,8.776491860,3.560303098,0.012838173
1609060432.129607201,-2.155909028,8.810739858,3.569103769,-2.145570419,8.810323107,3.562323027,0.012370892
1609060432.185536146,-2.181801243,8.856566451,3.572558355,-2.182364945,8.878514047,3.567694859,0.022487070
1609060432.231467009,-2.203444079,8.894563905,3.575200039,-2.200919052,8.914056295,3.570795531,0.020142709
1609060432.277867079,-2.223879009,8.931624431,3.577704048,-2.217940760,8.948309326,3.573943624,0.018104953
1609060432.328068018,-2.241406098,8.972635183,3.579983671,-2.232758472,8.981059191,3.576498609,0.012565470
1609060432.376345158,-2.260252660,9.010709076,3.581765405,-2.247424503,9.015709771,3.579065247,0.014030660
1609060432.422329187,-2.272682519,9.048897402,3.584082900,-2.260140659,9.048605003,3.581732818,0.012763488
1609060432.479573011,-2.292657004,9.092434463,3.587398521,-2.284338977,9.117396105,3.585128501,0.026408827
1609060432.527909040,-2.303260631,9.132777909,3.589036242,-2.296349556,9.152608269,3.586794295,0.021119480
1609060432.578797102,-2.316594518,9.172348016,3.590539697,-2.305300063,9.186390821,3.587717179,0.018240934
1609060432.628079176,-2.324968771,9.214460616,3.591624000,-2.316126348,9.222034610,3.589404521,0.011852422
1609060432.681718111,-2.339257657,9.257386725,3.591125439,-2.322997783,9.258927202,3.590991511,0.016333233
1609060432.729138136,-2.345721208,9.299040500,3.591529423,-2.338843948,9.331186350,3.592674393,0.032893211
1609060432.780515194,-2.357804866,9.340097023,3.595465509,-2.346722152,9.368149993,3.592780707,0.030282071
1609060432.828166008,-2.363451293,9.381775070,3.595696799,-2.352884701,9.406997070,3.593405964,0.027441758
1609060432.878829002,-2.368346077,9.435340528,3.597935396,-2.358877969,9.447848921,3.593662551,0.016259218
1609060432.928115129,-2.371987119,9.482973156,3.596977746,-2.365756914,9.486116839,3.592868326,0.008098489
1609060432.980693102,-2.381514739,9.530233112,3.592230638,-2.369966569,9.525622940,3.591659502,0.012447494
1609060433.027698994,-2.384157577,9.576017360,3.589766640,-2.379583482,9.602326587,3.588813964,0.026720879
1609060433.081295013,-2.397924700,9.620514870,3.587831667,-2.386156891,9.640816891,3.586242923,0.023519725
1609060433.129487038,-2.404356994,9.667394927,3.585471222,-2.387085785,9.681502322,3.585585539,0.022300815
1609060433.178853035,-2.413267499,9.715010374,3.583839148,-2.392462032,9.721955622,3.584283224,0.021938576
1609060433.229087114,-2.418087947,9.764298547,3.583306467,-2.395106194,9.760305935,3.584576632,0.023360549
1609060433.281847000,-2.423315819,9.814862454,3.583788705,-2.402104084,9.845412035,3.585539284,0.037232769
1609060433.328270197,-2.427017990,9.861431655,3.584875461,-2.407319697,9.886656894,3.585961090,0.032023648
1609060433.378964186,-2.432366853,9.910438789,3.586722824,-2.408960127,9.926220773,3.587844480,0.028252504
1609060433.429242134,-2.437123713,9.962921074,3.588914711,-2.414582023,9.973421194,3.589814803,0.024883539
1609060433.479380131,-2.444619492,10.014272573,3.591396903,-2.419090767,10.021055688,3.592298097,0.026429881
1609060433.528609991,-2.448433384,10.065321431,3.593817976,-2.424545378,10.065100623,3.595008175,0.023918658
1609060433.579957008,-2.458274681,10.114073481,3.597230078,-2.430389834,10.108406995,3.597980980,0.028464673
1609060433.628313065,-2.462085558,10.164299443,3.599372855,-2.441206891,10.194968843,3.601509160,0.037163082
1609060433.678635120,-2.470317591,10.212983055,3.600452242,-2.446419459,10.235574745,3.603085257,0.032991482
1609060433.728372097,-2.476212391,10.265220618,3.601890232,-2.455473338,10.278976555,3.604086903,0.024983184
1609060433.782214165,-2.494236668,10.315818972,3.608729311,-2.464091984,10.321197834,3.605496263,0.030791017
1609060433.829161167,-2.503322973,10.363549685,3.610951044,-2.483929056,10.405934056,3.609257036,0.046641490
1609060433.880794048,-2.517548732,10.411494151,3.610915577,-2.495364391,10.445397601,3.609759941,0.040533003
1609060433.926801205,-2.528291145,10.458165574,3.612747382,-2.508385615,10.488781138,3.611329682,0.036545215
1609060433.981521130,-2.548571914,10.519039458,3.617677378,-2.521115839,10.531269012,3.613658652,0.030324053
1609060434.028669119,-2.562844340,10.567917513,3.620847114,-2.537095821,10.573911379,3.616147443,0.026851435
1609060434.082746029,-2.587390235,10.622414185,3.620941217,-2.571780904,10.657746143,3.622401515,0.038653989
1609060434.128036022,-2.605166719,10.669353515,3.624725751,-2.590254046,10.696102450,3.625222559,0.030629074
1609060434.179499149,-2.635996910,10.713340219,3.630241219,-2.610009531,10.733339947,3.628271066,0.032851400
1609060434.227372169,-2.661095876,10.761145146,3.635411236,-2.635943838,10.777353640,3.632823940,0.030033888
1609060434.278692007,-2.692174277,10.808418374,3.642392064,-2.665111405,10.823013024,3.636648408,0.031279266
1609060434.329144001,-2.723506217,10.855996573,3.647729124,-2.691334448,10.859961229,3.641359405,0.033035051
1609060434.378516197,-2.757780588,10.900168787,3.652006863,-2.721814850,10.900113319,3.646984978,0.036314690
1609060434.427966118,-2.791389938,10.943668850,3.658082948,-2.751235824,10.936183979,3.652285167,0.041255187
1609060434.478496075,-2.827959618,10.983483237,3.663513153,-2.814675341,11.005591281,3.661798959,0.025849102
1609060434.527953148,-2.865242146,11.024723007,3.671464291,-2.849699724,11.040642045,3.669474075,0.022337045
1609060434.579734087,-2.909290845,11.064550816,3.681958166,-2.883244760,11.072718011,3.675549531,0.028038763
1609060434.638806105,-2.959064498,11.110193126,3.690318477,-2.963387915,11.140408160,3.689065416,0.030548492
1609060434.685126066,-3.003023147,11.144186515,3.695088546,-3.003520023,11.171163785,3.696247387,0.027006720
1609060434.728393078,-3.041416992,11.176349047,3.701626992,-3.044664126,11.201326067,3.702720120,0.025210917
1609060434.779199123,-3.091537841,11.206767325,3.706976555,-3.087575642,11.229441302,3.709322441,0.023136798
1609060434.828484058,-3.138159743,11.240015023,3.713918550,-3.131126275,11.257756336,3.715530693,0.019152620
1609060434.881369114,-3.194822659,11.273091537,3.720575162,-3.175240035,11.284785069,3.722126813,0.022861003
1609060434.930052042,-3.243183400,11.302657644,3.727307096,-3.265545043,11.333078172,3.734385605,0.038412978
1609060434.979966164,-3.297879600,11.327973999,3.740117658,-3.310831016,11.355477566,3.740830939,0.030408784
1609060435.028119087,-3.347677777,11.354387840,3.746758778,-3.357219046,11.379357142,3.747554046,0.026741995
1609060435.079649210,-3.412023445,11.383759056,3.753822137,-3.402711440,11.401639223,3.753115789,0.020172078
1609060435.130227089,-3.467782308,11.410711473,3.761668472,-3.448592062,11.420081151,3.759052058,0.021515159
1609060435.181203127,-3.528809080,11.433971329,3.768772167,-3.545259162,11.461106055,3.772889576,0.031997681
1609060435.226970196,-3.579384534,11.457071799,3.776554326,-3.587111533,11.480048367,3.777703617,0.024268294
1609060435.280694008,-3.644418507,11.477807938,3.783726230,-3.636081210,11.496766042,3.784482464,0.020724192
1609060435.329034090,-3.699642004,11.498801070,3.794293639,-3.691595496,11.516593588,3.791403727,0.019740102
1609060435.379420996,-3.756869508,11.520649535,3.801921450,-3.742570738,11.536627396,3.798476415,0.021716702
1609060435.429876089,-3.813362133,11.541019167,3.809137145,-3.785710480,11.552834329,3.804138087,0.030482824
1609060435.481629133,-3.870686052,11.560755983,3.815218012,-3.878652602,11.585219522,3.813468131,0.025787453
1609060435.527260065,-3.919279708,11.579436953,3.818320898,-3.922608107,11.603000292,3.817607019,0.023807957
1609060435.578764200,-3.974729563,11.599372972,3.818169341,-3.964550346,11.620025071,3.821485113,0.023261987
1609060435.627921104,-4.024447161,11.619570878,3.822132504,-4.013370000,11.637706694,3.824559463,0.021389283
1609060435.678073168,-4.075508131,11.639154038,3.828513700,-4.061516154,11.655398190,3.828031163,0.021444830
1609060435.729574203,-4.127055411,11.660505586,3.832693348,-4.104392789,11.673149857,3.831984671,0.025961014
1609060435.779999018,-4.179156260,11.677632754,3.833832205,-4.147466098,11.690273943,3.834847264,0.034133507
1609060435.828428030,-4.225570294,11.697826415,3.837229665,-4.231249939,11.722987572,3.838944787,0.025851186
1609060435.881323099,-4.276922530,11.717016417,3.839660805,-4.268742816,11.739908951,3.842125584,0.024434626
1609060435.928601027,-4.319506750,11.736996885,3.842616683,-4.307876342,11.757853706,3.845518447,0.024056051
1609060435.979134083,-4.366970535,11.755285736,3.845880953,-4.348500304,11.775384390,3.848180983,0.027393347
1609060436.028963089,-4.411024608,11.777902231,3.849045549,-4.427813509,11.810442321,3.854617357,0.037037410
1609060436.079155207,-4.459635040,11.796876054,3.851994251,-4.467105504,11.830335803,3.857856829,0.034781208
1609060436.128490210,-4.504394218,11.819933638,3.855271935,-4.507230569,11.849616526,3.860426402,0.030260324
1609060436.178976059,-4.555572037,11.849457084,3.862301498,-4.548870258,11.868069521,3.862165901,0.019782695
1609060436.229210138,-4.602809977,11.875312914,3.866855335,-4.585625893,11.886268815,3.865792409,0.020407212
1609060436.281616211,-4.655374748,11.898879778,3.871670659,-4.670620887,11.925907002,3.875002960,0.031209291
1609060436.328548193,-4.701281857,11.923704236,3.877928772,-4.709804617,11.942609044,3.879347190,0.020785599
1609060436.378961086,-4.752303913,11.941348419,3.883571582,-4.749395044,11.960102096,3.884672679,0.019009848
1609060436.429300070,-4.803348308,11.962320062,3.892728160,-4.788878938,11.978312866,3.890937556,0.021641135
1609060436.481732130,-4.856683771,11.988310773,3.900586002,-4.871818607,12.015349567,3.899154751,0.031019480
1609060436.530310154,-4.908640925,12.010908447,3.906395287,-4.914952342,12.031625530,3.904155118,0.021772687
1609060436.580796003,-4.963982406,12.033005938,3.911495186,-4.957226884,12.049930327,3.909422534,0.018340336
1609060436.628488064,-5.015365291,12.054869257,3.916175724,-5.001849622,12.068743122,3.913587143,0.019541192
1609060436.680999994,-5.072324972,12.076708720,3.918780845,-5.049633572,12.086142415,3.917813433,0.024593294
1609060436.731419086,-5.127810155,12.097532669,3.923968993,-5.140343577,12.120907630,3.926426069,0.026636680
1609060436.778729200,-5.180668493,12.116480326,3.928801885,-5.186170236,12.138951295,3.930414137,0.023190795
1609060436.828267097,-5.235091516,12.137680163,3.933733516,-5.235708529,12.154813281,3.934649348,0.017168668
1609060436.880110025,-5.293638879,12.154092066,3.937461511,-5.285745630,12.171349307,3.937899435,0.018981769
1609060436.929759979,-5.349091032,12.173607389,3.941860670,-5.333234951,12.186954024,3.941491847,0.020728821
1609060436.981503010,-5.408403238,12.189106911,3.946022249,-5.428496048,12.218924999,3.947736060,0.035996895
1609060437.028449059,-5.460674253,12.206235679,3.950069592,-5.475191943,12.231561635,3.951100900,0.029210118
1609060437.082385063,-5.521107603,12.222747944,3.955226637,-5.523356526,12.245740112,3.953833898,0.023143836
1609060437.128386021,-5.572143745,12.238599457,3.959352927,-5.570492162,12.260004033,3.957238194,0.021572104
1609060437.181104183,-5.630882463,12.253077581,3.961864043,-5.619813046,12.273187325,3.960395929,0.023001938
1609060437.229670048,-5.684575944,12.267964432,3.965422742,-5.716446949,12.296011042,3.965109117,0.042455526
1609060437.279520988,-5.748217944,12.284925656,3.969475004,-5.760260989,12.308128894,3.967670351,0.026204617
1609060437.328559160,-5.804232154,12.300029654,3.972624723,-5.809289441,12.319254673,3.968880810,0.020228554
1609060437.379776001,-5.864156890,12.311691991,3.974449080,-5.858147002,12.328179575,3.970229480,0.018048939
1609060437.437894106,-5.931611581,12.328373107,3.976304345,-5.953724271,12.348903358,3.973163267,0.030336919
1609060437.484019995,-5.981432898,12.335852024,3.977722692,-6.002846764,12.357961887,3.973883037,0.031018424
1609060437.532320023,-6.037961346,12.345290568,3.980667229,-6.051729922,12.365802248,3.973525681,0.025715839
1609060437.579575062,-6.092622474,12.356184043,3.982042087,-6.100843897,12.373422206,3.974162831,0.020659834
1609060437.628848076,-6.149565748,12.366059945,3.982928397,-6.149261124,12.382359361,3.975374327,0.017967408
1609060437.681441069,-6.209849342,12.374438133,3.983140473,-6.197300445,12.389491899,3.976439024,0.020712318
1609060437.729734182,-6.264626000,12.382162472,3.984483299,-6.245033827,12.394081253,3.976363253,0.024327880
1609060437.780804157,-6.321384219,12.388357313,3.986016905,-6.338829442,12.405688985,3.978534885,0.025704149
1609060437.827929020,-6.374982298,12.394735012,3.987094063,-6.387489804,12.410882135,3.979048926,0.021952027
1609060437.880667210,-6.434124978,12.398899245,3.986875708,-6.433938820,12.413628975,3.980318106,0.016124570
1609060437.929320097,-6.487932323,12.405200304,3.988337503,-6.480615700,12.418327874,3.980236853,0.017072978
1609060437.980836153,-6.545193629,12.406827129,3.990828816,-6.571256249,12.427007231,3.982718795,0.033945090
1609060438.029119015,-6.598773069,12.411378618,3.992122468,-6.617515351,12.428296124,3.982984920,0.026850884
1609060438.079920053,-6.653904729,12.412262091,3.992334353,-6.664364715,12.430640562,3.983231439,0.023022653
1609060438.129821062,-6.708410003,12.415810639,3.992799819,-6.709647075,12.432922960,3.982992289,0.019762326
1609060438.180252075,-6.763487195,12.416829295,3.991793521,-6.757967465,12.435035331,3.982985449,0.020964477
1609060438.228499174,-6.815165967,12.419338371,3.991241363,-6.853154772,12.434965034,3.982423613,0.042013029
1609060438.280722141,-6.871763305,12.418653782,3.989251286,-6.898395451,12.436802841,3.981574724,0.033129883
1609060438.328006983,-6.921844763,12.420297559,3.988108211,-6.942258535,12.437451731,3.980902735,0.027620763
1609060438.379569054,-6.985712706,12.421581556,3.988014526,-6.991522316,12.436298372,3.979768272,0.017842000
1609060438.429699183,-7.040837465,12.422826182,3.987590776,-7.037603020,12.434505609,3.979229405,0.014723559
1609060438.481365204,-7.098311229,12.421104314,3.984257095,-7.083557280,12.434812533,3.977817164,0.021143959
1609060438.528198004,-7.149930432,12.421555043,3.983559039,-7.172689865,12.433250204,3.976410649,0.026568177
1609060438.580866098,-7.202437073,12.415720189,3.980854159,-7.216762421,12.430710938,3.975753974,0.021352987
1609060438.628835201,-7.256297237,12.412945895,3.980260217,-7.263250399,12.428829294,3.974831397,0.018168680
1609060438.681217194,-7.314085046,12.411204641,3.978740389,-7.305885055,12.427593837,3.973647050,0.019020718
1609060438.729390144,-7.367141889,12.408235166,3.977193394,-7.399709107,12.419950223,3.972444449,0.034934491
1609060438.779657125,-7.421516071,12.403443430,3.975245512,-7.441733736,12.417645736,3.971652180,0.024967408
1609060438.827876091,-7.474673214,12.399907934,3.972847251,-7.485562855,12.415052914,3.970282020,0.018829103
1609060438.878496170,-7.529649747,12.394543347,3.968702713,-7.531473234,12.411586558,3.969007779,0.017143197
1609060438.928888083,-7.583258321,12.390245313,3.966284157,-7.576632246,12.406833874,3.966969318,0.017876092
1609060438.980331182,-7.636873904,12.384263113,3.964525585,-7.665601839,12.398764276,3.964176639,0.032182289
1609060439.027786016,-7.686963899,12.380162686,3.962511162,-7.707291075,12.394991591,3.961538754,0.025180073
1609060439.079364061,-7.740048113,12.372672263,3.961333134,-7.751289662,12.388380796,3.959934558,0.019367149
1609060439.130916119,-7.793585168,12.367296594,3.959035781,-7.794065845,12.382791249,3.958340504,0.015517693
1609060439.180733204,-7.844214450,12.359510712,3.957822892,-7.875076673,12.373313919,3.953378944,0.034099178
1609060439.228211164,-7.892742645,12.353685023,3.955988796,-7.917569324,12.366472171,3.953036174,0.028081900
1609060439.281038046,-7.947610346,12.343460353,3.955811141,-7.961580111,12.360627355,3.953238681,0.022281782
1609060439.327913046,-7.994725157,12.337248593,3.954304871,-8.000543595,12.354232283,3.949211696,0.018661200
1609060439.379565001,-8.046050964,12.327783581,3.950181478,-8.045294231,12.347035470,3.948176705,0.019370776
1609060439.429732084,-8.095806098,12.320572805,3.948420327,-8.131283413,12.331487948,3.943026439,0.037508322
1609060439.481400013,-8.155600669,12.312018744,3.944925905,-8.171640797,12.324674808,3.941007632,0.020804195
1609060439.539367199,-8.215568820,12.302788721,3.942773264,-8.210948653,12.317295637,3.939783229,0.015515697
1609060439.587499142,-8.267496578,12.291415259,3.939681435,-8.295865819,12.298561476,3.935850767,0.029505190
1609060439.636876106,-8.319094151,12.282506727,3.937954317,-8.336077537,12.291228436,3.935433471,0.019257681
1609060439.681042194,-8.360190638,12.268853193,3.938494407,-8.375908248,12.282761801,3.932798673,0.021747046
1609060439.728736162,-8.409432400,12.257446139,3.937633199,-8.419225850,12.273483739,3.931960094,0.019629070
1609060439.779679060,-8.460899852,12.246799272,3.935603260,-8.462383077,12.262436265,3.928975334,0.017048311
1609060439.829038143,-8.510845835,12.235684862,3.932466404,-8.500990989,12.254341121,3.926803516,0.021845876
1609060439.881503105,-8.563727629,12.222668321,3.928103773,-8.582608321,12.235360108,3.921152984,0.023788137
1609060439.928616047,-8.608909120,12.211941869,3.924207635,-8.622909806,12.225190384,3.918054688,0.020233664
1609060439.981040001,-8.657687112,12.199196025,3.919630922,-8.660759815,12.215863294,3.915188485,0.017520691
1609060440.027599096,-8.701373477,12.189341348,3.916100589,-8.696939363,12.207971560,3.912146497,0.019554565
1609060440.081411123,-8.750818196,12.177124238,3.912252691,-8.738863665,12.196639608,3.908858414,0.023136154
1609060440.128535032,-8.794099781,12.167284492,3.908794216,-8.813828547,12.177357898,3.902314139,0.023080059
1609060440.180097103,-8.838071936,12.155638664,3.905088103,-8.850008172,12.168000287,3.899035348,0.018218652
1609060440.225985050,-8.878087708,12.146019182,3.901396766,-8.886977064,12.158726090,3.896991513,0.016121179
1609060440.279961109,-8.923598179,12.132737722,3.892507603,-8.925069388,12.147628443,3.891517700,0.014995930
1609060440.329184055,-8.964379611,12.122968513,3.887215914,-8.996413908,12.127530086,3.883895431,0.032527369
1609060440.378593206,-9.005133202,12.110564705,3.886405621,-9.032391001,12.116843850,3.880848000,0.028518457
1609060440.426942110,-9.043983571,12.100562691,3.882218041,-9.066610822,12.107626023,3.877096535,0.024251042
1609060440.478640079,-9.085843629,12.088745522,3.874781004,-9.103255596,12.096308598,3.873741432,0.019012033
1609060440.528146982,-9.124794671,12.078011552,3.870833252,-9.133601345,12.088091923,3.870718158,0.013385987
1609060440.580146074,-9.172580902,12.064674196,3.867284956,-9.203542026,12.067012972,3.864735669,0.031153811
1609060440.629389048,-9.211580949,12.054463022,3.864483093,-9.234939533,12.057256873,3.862197479,0.023635843
1609060440.676387072,-9.248035738,12.040934381,3.860289077,-9.265478887,12.047573466,3.860038250,0.018665578
1609060440.727923155,-9.287961939,12.028726845,3.857285992,-9.294957424,12.038777329,3.857603340,0.012249480
1609060440.786754131,-9.331193440,12.016509884,3.853866434,-9.357044099,12.019582368,3.853618383,0.026033791
1609060440.827316999,-9.359664581,12.005963279,3.851703402,-9.383720641,12.012456027,3.851959003,0.024918168
1609060440.875877142,-9.394541600,11.994913480,3.849828799,-9.412767253,12.003011544,3.851107126,0.019984674
1609060440.931124210,-9.433514052,11.982262293,3.848278000,-9.441970379,11.993686888,3.849869016,0.014302524
1609060440.979609013,-9.466981324,11.971276895,3.847708163,-9.471253918,11.984465138,3.849935816,0.014040913
1609060441.028758049,-9.499799986,11.960245962,3.848337640,-9.525211032,11.967515170,3.850990856,0.026563174
1609060441.129243135,-9.564778632,11.937813798,3.850361989,-9.554205702,11.957531856,3.851012649,0.022383298
1609060441.182025194,-9.597906363,11.926284351,3.851218963,-9.605034982,11.941310439,3.854372272,0.016927607
1609060441.228152037,-9.625925667,11.916617666,3.851908020,-9.631794921,11.931376420,3.854889203,0.016160334
1609060441.280858994,-9.656821246,11.903688192,3.853279235,-9.681577607,11.912874056,3.856352544,0.026583881
1609060441.329025030,-9.685190167,11.893428132,3.854805121,-9.705555112,11.904379323,3.859555278,0.023605583
1609060441.378175020,-9.711112748,11.882903875,3.857901655,-9.730187151,11.894131874,3.860117461,0.022244339
1609060441.428585052,-9.739359075,11.871326232,3.859955576,-9.757245286,11.882557490,3.862368963,0.021257519
1609060441.478903055,-9.767878315,11.858501169,3.863026349,-9.781497512,11.871561057,3.863799913,0.018884957
1609060441.537096977,-9.800292192,11.844967994,3.866296270,-9.831071776,11.849777423,3.867460617,0.031174815
1609060441.583423138,-9.827331904,11.833601457,3.868165489,-9.855486184,11.836962246,3.869696983,0.028395490
1609060441.627671003,-9.851722366,11.821755712,3.871355676,-9.876818269,11.824717799,3.871993626,0.025278158
1609060441.680040121,-9.886583289,11.800186118,3.877403974,-9.900562211,11.809902413,3.873792472,0.017402861
1609060441.728864193,-9.915628113,11.782156059,3.880940085,-9.924873037,11.793486411,3.875541122,0.015588274
1609060441.781987190,-9.946234747,11.760432313,3.884340515,-9.951138609,11.774670770,3.878257984,0.016241265
1609060441.830039978,-9.975101097,11.739010162,3.887862615,-9.998583556,11.736797988,3.882856553,0.024111827
1609060441.894683123,-10.010753301,11.707895541,3.885929075,-10.024627760,11.713203178,3.883309320,0.015084255
1609060441.930989981,-10.031741348,11.684967110,3.887250211,-10.049610093,11.689545831,3.885560810,0.018523251
1609060441.978468180,-10.060114400,11.658175726,3.889732128,-10.073495403,11.665859356,3.887333235,0.015615508
1609060442.026913166,-10.089615215,11.627334923,3.892126168,-10.098497308,11.638895118,3.889518407,0.014809798
1609060442.082087994,-10.123002237,11.591204084,3.894910067,-10.125765232,11.608507917,3.891542420,0.017843705
1609060442.129801989,-10.151549690,11.555134322,3.896785623,-10.174657646,11.547086709,3.895820386,0.024488230
1609060442.180477142,-10.180872438,11.514282912,3.898544205,-10.198155769,11.514079188,3.898209529,0.017287772
1609060442.228999138,-10.210743687,11.472539982,3.902229356,-10.225802445,11.476279163,3.901329104,0.015542140
1609060442.280194044,-10.241952951,11.426620143,3.906852108,-10.252962325,11.436877277,3.904898019,0.015173449
1609060442.330140114,-10.272692689,11.378227876,3.910444838,-10.276869282,11.396752684,3.908882968,0.019053920
1609060442.380113125,-10.303541481,11.329464852,3.915555628,-10.328019975,11.309389666,3.915054584,0.031661662
1609060442.429234982,-10.333256018,11.276957777,3.920064198,-10.355793422,11.261056678,3.918665363,0.027617680
1609060442.480772018,-10.362679116,11.218658949,3.926606755,-10.378909022,11.215222607,3.922996779,0.016977933
1609060442.528684139,-10.390625980,11.163529790,3.932315157,-10.403611974,11.165830751,3.927382289,0.014080613
1609060442.580502987,-10.419436970,11.103509451,3.936747304,-10.426366943,11.117451548,3.931767976,0.016346263
1609060442.628773212,-10.446441273,11.044936327,3.942484414,-10.475658597,11.010039092,3.941398524,0.045526346
1609060442.681797981,-10.474855036,10.979056733,3.947689931,-10.499406344,10.957387914,3.946288858,0.032776020
1609060442.728772163,-10.499577823,10.920592734,3.953436987,-10.522223912,10.903445191,3.951238587,0.028490639
1609060442.780261040,-10.529857573,10.843501133,3.959301039,-10.545953130,10.846012357,3.957340473,0.016407834
1609060442.829646111,-10.555385961,10.776260997,3.965727106,-10.567463445,10.790472819,3.963111508,0.018833025
1609060442.881582022,-10.584719383,10.701154908,3.973118657,-10.610120844,10.674202404,3.974890712,0.037078456
1609060442.927739143,-10.608056576,10.635466045,3.979635598,-10.630486107,10.615388554,3.982863305,0.030275528
1609060442.978944063,-10.632187820,10.567640592,3.989668099,-10.650354777,10.557483356,3.988765973,0.020833185
1609060443.029739141,-10.656496855,10.495843181,3.999573291,-10.667640179,10.501225844,3.996540108,0.012741543
1609060443.082411051,-10.680196530,10.421431843,4.009712301,-10.703222800,10.388260227,4.012055141,0.040448165
1609060443.127682209,-10.699014492,10.358244349,4.019255490,-10.719061465,10.333461905,4.020962599,0.031921229
1609060443.179086208,-10.718108594,10.288461394,4.030530777,-10.734504564,10.276022144,4.030612916,0.020580805
1609060443.228727102,-10.736407063,10.221693558,4.040717537,-10.747671477,10.223435635,4.039856132,0.011430830
1609060443.281817198,-10.755338930,10.153582857,4.050116371,-10.761300619,10.169887328,4.049017210,0.017394990
1609060443.328857183,-10.769729695,10.092547775,4.059768003,-10.787473434,10.060306800,4.067649139,0.037635529
1609060443.380503178,-10.783418162,10.026839668,4.070142551,-10.799230244,10.005679393,4.077120370,0.027321588
1609060443.427570105,-10.795278834,9.967846524,4.079916334,-10.809462319,9.951704572,4.086682739,0.022528162
1609060443.482220173,-10.809190090,9.900146509,4.088809247,-10.819844471,9.897426469,4.095459523,0.012850706
1609060443.528699160,-10.818410624,9.844349539,4.097932561,-10.828028378,9.845254000,4.103926195,0.011368504
1609060443.588477135,-10.829673202,9.775363596,4.114356506,-10.843211467,9.745925654,4.120020807,0.032893181
1609060443.632436991,-10.835876951,9.724775753,4.123677653,-10.850036836,9.697952827,4.128303564,0.030681766
1609060443.679489136,-10.841946845,9.671737937,4.132089016,-10.854300629,9.651834597,4.135414555,0.023660476
1609060443.728943110,-10.846905974,9.616047798,4.141755769,-10.858134278,9.604181995,4.144060026,0.016497930
1609060443.781625986,-10.854009957,9.559049406,4.151359205,-10.862472214,9.556853065,4.151824761,0.008755024
1609060443.830082178,-10.857249501,9.507666566,4.160339724,-10.867187144,9.463810251,4.166983835,0.045456323
1609060443.879235983,-10.860311210,9.449603443,4.170710568,-10.869194680,9.421396587,4.174246267,0.029783282
1609060443.928887129,-10.861756155,9.396600597,4.180818036,-10.870814716,9.377569491,4.183476393,0.021243996
1609060443.980231047,-10.861568537,9.343103988,4.189335412,-10.872353538,9.334617832,4.190146337,0.013747316
1609060444.029864073,-10.860593585,9.292450340,4.198418054,-10.871406638,9.291868606,4.197081334,0.010910882
1609060444.080605030,-10.859143730,9.245585281,4.205395812,-10.869179195,9.251399366,4.203475239,0.011755967
1609060444.129366159,-10.857741643,9.199303127,4.214886304,-10.866086532,9.171810422,4.216538048,0.028778712
1609060444.179435015,-10.854943892,9.152153018,4.222720026,-10.863028584,9.136099469,4.222592110,0.017974845
1609060444.228093147,-10.851416222,9.105963419,4.230115857,-10.859069624,9.101361487,4.229006775,0.008999022
1609060444.281483173,-10.848026268,9.057795684,4.237911541,-10.856393835,9.065777780,4.235223115,0.011872559
1609060444.331593037,-10.842904729,9.013309191,4.246582689,-10.846400506,8.990729536,4.248414762,0.022921993
1609060444.387536049,-10.836697903,8.964857585,4.255442020,-10.841249659,8.957035231,4.255177032,0.009054166
1609060444.432651043,-10.830815167,8.928963325,4.261816389,-10.837198822,8.921121633,4.260066668,0.010261808
1609060444.485102177,-10.824029958,8.888310951,4.268874640,-10.831979040,8.887524035,4.265475358,0.008681144
1609060444.534483194,-10.817176006,8.850940443,4.275193645,-10.825267407,8.856433118,4.271192556,0.010566407
1609060444.581612110,-10.809689906,8.817759692,4.281553368,-10.818583687,8.825321304,4.276551078,0.012700402
1609060444.630171061,-10.801486102,8.783962448,4.287198069,-10.805344289,8.766356835,4.285877199,0.018071744
1609060444.679744005,-10.793504611,8.750579127,4.288644011,-10.796832994,8.738668140,4.289594244,0.012403736
1609060444.729159117,-10.784414652,8.719026990,4.292770449,-10.788703236,8.710844542,4.293437971,0.009262289
1609060444.780722141,-10.775664265,8.688656025,4.300535373,-10.780894572,8.683689217,4.298414013,0.007518341
1609060444.830566168,-10.766594738,8.660275778,4.304992609,-10.772921298,8.658979272,4.301243259,0.007467523
1609060444.881223202,-10.757212884,8.633150627,4.310865387,-10.764651357,8.634372535,4.303689530,0.010407539
1609060444.930093050,-10.747453621,8.606157146,4.314380027,-10.748383022,8.588583374,4.309470633,0.018270288
1609060444.979432106,-10.736499746,8.579709080,4.311005191,-10.740321411,8.568639370,4.311621949,0.011727062
1609060445.028347015,-10.726982770,8.557016739,4.312252507,-10.731888316,8.547615868,4.314027655,0.010751368
1609060445.081011057,-10.717822954,8.533487307,4.312700080,-10.723676192,8.528563541,4.315716224,0.008221982
1609060445.129235029,-10.708936869,8.514979247,4.313113038,-10.716229643,8.513025182,4.315118523,0.007811842
1609060445.181812048,-10.700377646,8.500859143,4.320358256,-10.709005259,8.498945440,4.318408096,0.009049921
1609060445.228995085,-10.692792402,8.485807992,4.324026465,-10.695886965,8.475247390,4.317602439,0.012742478
1609060445.280653000,-10.685231532,8.473715901,4.324672409,-10.690046770,8.466669802,4.319224186,0.010125076
1609060445.329303980,-10.678970912,8.465833592,4.324631249,-10.684549583,8.460829567,4.318412402,0.009738372
1609060445.380624056,-10.673792739,8.461981848,4.324056051,-10.681217311,8.456423056,4.317563977,0.011321283
1609060445.430977106,-10.670348491,8.460719341,4.324034602,-10.678549465,8.454829020,4.315612931,0.013148246
1609060445.480096102,-10.668916808,8.463588047,4.323970956,-10.673994686,8.461780235,4.314207553,0.011152446
1609060445.528472185,-10.668245220,8.470050650,4.323419531,-10.674643132,8.468412485,4.312531232,0.012734674
1609060445.578977108,-10.669801324,8.478956466,4.323094887,-10.677512965,8.477178500,4.311037311,0.014422750
1609060445.621975183,-10.674302116,8.489913714,4.321683350,-10.684246471,8.487676918,4.308965039,0.016298738
1609060445.681045055,-10.689529982,8.507381451,4.319646333,-10.695299766,8.500391912,4.306086232,0.016310131
1609060445.731163979,-10.706983196,8.525661952,4.316977699,-10.708852575,8.515727215,4.305406082,0.015365412
1609060445.780709028,-10.727438516,8.541604731,4.312754625,-10.746134887,8.551189793,4.298670423,0.025294119
1609060445.828881025,-10.750787842,8.563442671,4.310080459,-10.768350377,8.572258392,4.297093013,0.023554900
1609060445.880499125,-10.778343238,8.589452421,4.308459733,-10.792578377,8.594063050,4.295049427,0.020093118
1609060445.927330017,-10.807493267,8.615283893,4.306411168,-10.820810407,8.619531360,4.293308938,0.019158696
1609060445.979900122,-10.839927198,8.644607782,4.305130148,-10.851604961,8.647640999,4.292093570,0.017762965
1609060446.029411077,-10.875914810,8.674610903,4.304319287,-10.881415610,8.672701561,4.291343696,0.014222178
1609060446.081185102,-10.923341043,8.709588238,4.315650211,-10.953772397,8.730169906,4.289711959,0.044971828
1609060446.131128073,-10.969160061,8.742453534,4.317203914,-10.993791774,8.759870618,4.288977784,0.041313321
1609060446.178665161,-11.018893830,8.777120975,4.312121239,-11.034327798,8.788470947,4.287095344,0.031517053
1609060446.228984118,-11.071670118,8.812199434,4.310915829,-11.079141575,8.819246099,4.287660674,0.025422045
1609060446.281457186,-11.125769859,8.848757515,4.291758776,-11.124886805,8.846997117,4.286385387,0.005722944
1609060446.328745127,-11.180935639,8.880429530,4.290649189,-11.219196782,8.902671747,4.281085219,0.045278038
1609060446.380972147,-11.243273346,8.914644272,4.286695468,-11.264809517,8.929133632,4.278986669,0.027077183
1609060446.428580046,-11.300231655,8.945532112,4.281630241,-11.316683974,8.957496139,4.275969685,0.021115365
1609060446.480714083,-11.363178048,8.980046477,4.274361637,-11.368412785,8.985004158,4.272898092,0.007356836
1609060446.528998137,-11.420888005,9.010762691,4.269762711,-11.419630348,9.013818649,4.270494245,0.003384630
1609060446.580425978,-11.479710260,9.042988820,4.265048874,-11.516659526,9.068718983,4.262173499,0.045117151
1609060446.628514051,-11.532010131,9.072670277,4.259406505,-11.563119600,9.095208820,4.257390994,0.038468783
1609060446.680069208,-11.586683644,9.103722181,4.253317778,-11.606448684,9.121007864,4.252498149,0.026270200
1609060446.731581211,-11.639857720,9.134566597,4.246973193,-11.649330588,9.148314080,4.248202018,0.016740327
1609060446.780048132,-11.686622107,9.165315134,4.248267523,-11.692640834,9.174227111,4.243259145,0.011863063
1609060446.829411983,-11.733118463,9.193447758,4.243774242,-11.735750319,9.199356664,4.239086918,0.007988294
1609060446.880906105,-11.782973096,9.224670530,4.234362636,-11.817039114,9.251696887,4.229726058,0.043731172
1609060446.930359125,-11.824987080,9.253253149,4.229412360,-11.854441348,9.276882011,4.224579134,0.038068847
1609060446.979737997,-11.866215616,9.279951444,4.218151835,-11.890800431,9.302618882,4.220096648,0.033496391
1609060447.028401136,-11.905388624,9.310058316,4.212894858,-11.925569533,9.330045440,4.215541429,0.028526454
1609060447.082936049,-11.945538994,9.343260009,4.213402731,-11.955594171,9.355604054,4.210560634,0.016172803
1609060447.130169153,-11.974638811,9.370682611,4.208875355,-12.007855030,9.405438105,4.201178190,0.048687862
1609060447.180736065,-12.005564416,9.403085029,4.200972146,-12.030735744,9.430845558,4.196537362,0.037734732
1609060447.229449034,-12.029729582,9.431967010,4.195361529,-12.051658063,9.455754064,4.192369416,0.032490537
1609060447.281094074,-12.056732420,9.466494457,4.188014083,-12.071835642,9.481591532,4.188326726,0.021357124
1609060447.330182076,-12.078529636,9.496083121,4.182848646,-12.091152186,9.506412782,4.185498864,0.016524355
1609060447.375482082,-12.097535790,9.524679541,4.182259214,-12.123978913,9.556675436,4.177846500,0.041742641
1609060447.423263073,-12.115310160,9.554934171,4.180750822,-12.137752105,9.582668600,4.176404410,0.035940655
1609060447.477159977,-12.132355540,9.589782485,4.178267919,-12.148720240,9.606702616,4.172307402,0.024282133
1609060447.528703213,-12.145899279,9.622279580,4.173352950,-12.159652369,9.633535533,4.167288206,0.018778314
1609060447.581300020,-12.158105691,9.654009875,4.166428372,-12.168241861,9.657991014,4.164941006,0.010991072
1609060447.628663063,-12.168478351,9.684258914,4.162548031,-12.184239516,9.708765045,4.159338568,0.029313230
1609060447.681246996,-12.179522147,9.719267052,4.159185416,-12.190399582,9.733236365,4.155138946,0.018161338
1609060447.728794098,-12.186417556,9.749208707,4.154775257,-12.197005013,9.759302400,4.151966027,0.014895256
1609060447.778280020,-12.192065525,9.779755281,4.149288959,-12.201710420,9.787162588,4.149457900,0.012162267
1609060447.830143213,-12.197706944,9.813114761,4.145127051,-12.205603751,9.813767714,4.144889103,0.007927328
1609060447.882296085,-12.205906874,9.847826354,4.144973699,-12.215940604,9.871106439,4.139471222,0.025940612
1609060447.928719997,-12.211454038,9.879731893,4.141807654,-12.219605768,9.898439333,4.134570997,0.021651518
1609060447.979175091,-12.217578695,9.913504197,4.131278526,-12.225640223,9.926629612,4.131997840,0.015420187
1609060448.028673172,-12.224119569,9.945374719,4.126396890,-12.231086071,9.951969307,4.130260604,0.010341616
1609060448.081704140,-12.233193064,9.980837918,4.122802537,-12.239608534,9.980692273,4.125477221,0.006952222
1609060448.130548000,-12.242663196,10.014971746,4.118580534,-12.254955532,10.037082020,4.121273354,0.025440460
1609060448.182169199,-12.256446708,10.047962585,4.122708524,-12.264050884,10.064378203,4.119192763,0.018429775
1609060448.228177071,-12.266250455,10.077164250,4.120625915,-12.272376535,10.093256339,4.116382381,0.017733915
1609060448.279637098,-12.277548931,10.113061360,4.116441924,-12.283666020,10.121992820,4.114404987,0.011015392
1609060448.330150127,-12.291087238,10.145075131,4.114514191,-12.295017452,10.148043479,4.113725377,0.004987976
1609060448.380889177,-12.308592324,10.180331059,4.111827975,-12.322679614,10.203464141,4.112076686,0.027086031
1609060448.430328131,-12.327116600,10.214363972,4.111315952,-12.339148587,10.232592940,4.111562189,0.021843182
1609060448.481029034,-12.347459826,10.251363526,4.110945454,-12.355979273,10.260904486,4.111095664,0.012791929
1609060448.528560162,-12.367716783,10.283220616,4.114266645,-12.373568396,10.290064334,4.112586442,0.009159746
1609060448.582046986,-12.392367203,10.319150628,4.115639671,-12.392242588,10.315744240,4.112371686,0.004722154
1609060448.629378080,-12.414375006,10.349887006,4.115777947,-12.432918091,10.369737257,4.114337638,0.027202076
1609060448.682945013,-12.440447304,10.384964060,4.115592653,-12.454346120,10.396261479,4.115780236,0.017912118
1609060448.728159189,-12.463779213,10.413665659,4.116623751,-12.475441418,10.421038557,4.116403035,0.013799108
1609060448.781961203,-12.493448305,10.446307295,4.117665410,-12.500005318,10.446947196,4.118883325,0.006699792
1609060448.830974102,-12.521986655,10.474399502,4.119719612,-12.523574585,10.470061022,4.120193754,0.004644217
1609060448.882435083,-12.552102949,10.502467716,4.121937164,-12.572886452,10.515109288,4.121854327,0.024326328
1609060448.929800034,-12.579838093,10.528347737,4.123646887,-12.599425823,10.538243207,4.123723934,0.021945511
1609060448.980499029,-12.612552905,10.554854387,4.125939947,-12.624608681,10.559193484,4.124953707,0.012850766
1609060449.029496193,-12.642940982,10.579096389,4.127996510,-12.652554709,10.583523525,4.126282791,0.010721946
1609060449.081385136,-12.675606600,10.604645156,4.132698284,-12.682939484,10.604695444,4.128546873,0.008426620
1609060449.129601002,-12.705148743,10.627097644,4.135378662,-12.710736261,10.624208179,4.130713865,0.007831327
1609060449.182257175,-12.739228887,10.649762064,4.140896464,-12.767039277,10.663093965,4.135610724,0.031290517
1609060449.229597092,-12.769588143,10.669002821,4.144174537,-12.792593344,10.680557555,4.136993587,0.026726714
1609060449.281344175,-12.804331272,10.689646550,4.143715407,-12.821144240,10.697588871,4.138063289,0.019434577
1609060449.328800201,-12.835163499,10.707999568,4.146695377,-12.850144373,10.716092455,4.141037690,0.017942431
1609060449.380174160,-12.873939839,10.728323957,4.149338294,-12.881815983,10.733346003,4.142872568,0.011360467
1609060449.429436207,-12.908890645,10.745957169,4.151984182,-12.912384404,10.748204934,4.144857782,0.008248901
1609060449.481356144,-12.946739121,10.766367002,4.153038649,-12.971840194,10.776922984,4.147379562,0.027812190
1609060449.530636072,-12.980663645,10.781474670,4.154813672,-13.001146482,10.790040247,4.148723499,0.023021858
1609060449.580252171,-13.015909054,10.795822437,4.154180359,-13.029499540,10.801588080,4.149456160,0.015500387
1609060449.629147053,-13.050188756,10.810428050,4.155985423,-13.057782111,10.814609535,4.150434557,0.010293491
1609060449.680668116,-13.086785892,10.825265393,4.156361916,-13.088774447,10.824323268,4.151041214,0.005757762
1609060449.730679035,-13.122133087,10.837190566,4.155540645,-13.115796077,10.835964348,4.151233898,0.007759470
1609060449.780331135,-13.158159917,10.847595624,4.154301564,-13.177453511,10.853978993,4.151955481,0.020457133
1609060449.829497099,-13.193054333,10.857501837,4.154198330,-13.207514554,10.862970596,4.152216333,0.015586328
1609060449.881090164,-13.229284460,10.866880571,4.155022216,-13.237319647,10.870305895,4.152932812,0.008981241
1609060449.932608128,-13.264582392,10.876443790,4.153816152,-13.269759377,10.877400723,4.152277593,0.005484893
1609060449.981177092,-13.297605356,10.884290579,4.152908489,-13.302207454,10.884130604,4.152990028,0.004605599
1609060450.029534101,-13.331695453,10.889680391,4.153980701,-13.331559016,10.889898523,4.153208877,0.000813577
1609060450.083388090,-13.370323417,10.894331949,4.156850738,-13.394222629,10.896181438,4.154714288,0.024065688
1609060450.135148048,-13.407060739,10.898117674,4.157616875,-13.424725471,10.898459132,4.153499124,0.018141532
1609060450.181058168,-13.439502677,10.900695430,4.155748218,-13.453131565,10.901180662,4.155647510,0.013637896
1609060450.228619099,-13.473450362,10.902323385,4.156613825,-13.485855793,10.901615493,4.156144239,0.012434482
1609060450.282606125,-13.512897965,10.907464975,4.161851628,-13.518695374,10.903315601,4.156738835,0.008773136
1609060450.330546141,-13.549330516,10.909982156,4.164399485,-13.581498267,10.907478475,4.156779562,0.033152614
1609060450.379955053,-13.585882592,10.910450480,4.162491358,-13.611913175,10.907490066,4.160075553,0.026309531
1609060450.428682089,-13.620166834,10.910303423,4.164042687,-13.644110414,10.907383925,4.160692907,0.024352403
1609060450.482573032,-13.665679829,10.914367709,4.164628353,-13.676141387,10.908629688,4.160553072,0.012608608
1609060450.531778097,-13.704774927,10.915828321,4.164836914,-13.710102204,10.909696283,4.161543229,0.008765281
1609060450.581305027,-13.748592942,10.916277134,4.164522931,-13.782273074,10.909636588,4.162177724,0.034408547
1609060450.629453182,-13.788927155,10.916674571,4.165132352,-13.817640933,10.911812412,4.164140068,0.029139428
1609060450.681060076,-13.832517934,10.922255291,4.168458418,-13.855848101,10.915112950,4.165378286,0.024592619
1609060450.728013039,-13.874976182,10.925819003,4.169168666,-13.894317255,10.917821763,4.165572428,0.021235957
1609060450.781613111,-13.924895264,10.933590771,4.170867860,-13.933096969,10.924568179,4.168173111,0.012487465
1609060450.828855038,-13.968483838,10.941550516,4.171935996,-13.970779122,10.930731312,4.166718219,0.012229011
1609060450.881541014,-14.017992387,10.953893998,4.172103339,-14.053824496,10.949161480,4.169715153,0.036222096
1609060450.930435181,-14.065393743,10.966423750,4.174684005,-14.093313337,10.960139577,4.170801788,0.028880204
1609060450.980435133,-14.114542216,10.981542528,4.178245640,-14.133494858,10.973869229,4.168965540,0.022454451
1609060451.032390118,-14.167344056,11.000785646,4.177449576,-14.177736031,10.990678875,4.170095946,0.016254717
1609060451.090063095,-14.225865113,11.023132843,4.177052555,-14.269042677,11.026748210,4.173653960,0.043461746
1609060451.134982109,-14.272118875,11.043174735,4.177079551,-14.312831816,11.046805931,4.173356386,0.041043771
1609060451.179135084,-14.318850101,11.062669218,4.170152224,-14.354738938,11.068656401,4.175284457,0.036744997
1609060451.228018999,-14.370448372,11.089038432,4.169895457,-14.400201626,11.091950462,4.176851653,0.030694050
1609060451.280712128,-14.425512093,11.115297705,4.175445391,-14.446085861,11.114829169,4.178296050,0.020775604
1609060451.330120087,-14.477923052,11.143617480,4.175638430,-14.490253687,11.139446243,4.179780274,0.013660111
1609060451.380979061,-14.532101529,11.172055751,4.181525388,-14.534993030,11.165670777,4.180257504,0.007122935
1609060451.428116083,-14.578543095,11.196674312,4.182326063,-14.621078292,11.215528269,4.183157972,0.046533931
1609060451.479802132,-14.631732173,11.228993019,4.183889220,-14.660264882,11.239860405,4.182926150,0.030547391
1609060451.530027151,-14.682082947,11.258576787,4.183724022,-14.707257889,11.269393241,4.183770822,0.027400285
1609060451.579686165,-14.735447919,11.289236479,4.186892878,-14.755177788,11.298785816,4.183758358,0.022142330
1609060451.630514145,-14.785889732,11.318443307,4.186830928,-14.795506789,11.323102111,4.182418996,0.011561029
1609060451.684009075,-14.840195192,11.352963977,4.183878020,-14.876474146,11.375267089,4.181839396,0.042635049
1609060451.728813171,-14.881895928,11.377669307,4.183446453,-14.913363349,11.397416207,4.181518496,0.037200211
1609060451.780947208,-14.929217047,11.407551089,4.181993584,-14.950218181,11.419476056,4.181270781,0.024161434
1609060451.828563213,-14.970023659,11.431684255,4.180330489,-14.983707903,11.439773782,4.180938636,0.015908137
1609060451.881102085,-15.012667939,11.456567323,4.179660211,-15.017127016,11.459528257,4.180442560,0.005409488
1609060451.930507183,-15.049272606,11.476647766,4.179297325,-15.077968808,11.492242523,4.179537506,0.032660773
1609060451.979911089,-15.083956260,11.495604761,4.179466932,-15.104692095,11.506758629,4.179124941,0.023547836
1609060452.030478001,-15.116728393,11.512679446,4.178019756,-15.132041879,11.520645398,4.178869324,0.017282391
1609060452.079850197,-15.146905840,11.528295617,4.176317492,-15.157452685,11.532543745,4.178256272,0.011534357
1609060452.141802073,-15.184195805,11.546602698,4.178090800,-15.182997355,11.544575081,4.177997091,0.002357179
1609060452.179795027,-15.205747189,11.557050211,4.178708698,-15.228089147,11.565679584,4.178021932,0.023960401
1609060452.229011059,-15.231564103,11.568694759,4.179836808,-15.249951686,11.573836163,4.178290366,0.019155384
1609060452.279659033,-15.257507112,11.579854717,4.178018215,-15.269802345,11.581464387,4.178299905,0.012403352
1609060452.328589201,-15.278963108,11.587741311,4.178773609,-15.289020485,11.588111444,4.179472105,0.010088395
1609060452.381144047,-15.302146116,11.595762437,4.177770565,-15.307897717,11.594071406,4.180569180,0.006616097
1609060452.430617094,-15.322821894,11.603042017,4.178929915,-15.343051780,11.604933488,4.181016165,0.020424945
1609060452.479754210,-15.342867635,11.608378636,4.180567625,-15.361310564,11.610027707,4.183685538,0.018777179
1609060452.529028177,-15.362423723,11.614688140,4.182623887,-15.378972753,11.614796867,4.186707954,0.017045874
1609060452.579004049,-15.382270516,11.621159172,4.189820469,-15.395855737,11.619722366,4.188574433,0.013717698
1609060452.630564213,-15.403334914,11.626881774,4.193563119,-15.414360477,11.624633989,4.191786932,0.011391682
1609060452.681979179,-15.428323160,11.634222095,4.191383048,-15.432051889,11.628544138,4.193135324,0.007015204
1609060452.729056120,-15.448617009,11.639362384,4.194560456,-15.469769155,11.639381424,4.201674956,0.022316580
1609060452.779504061,-15.474722948,11.646952428,4.199309946,-15.488116577,11.643879426,4.205757500,0.015179051
1609060452.830963135,-15.499346686,11.654068717,4.204779750,-15.509062661,11.649362499,4.209759100,0.011888759
1609060452.880644083,-15.524182751,11.662117378,4.214084110,-15.528778960,11.654603117,4.213521439,0.008826429
1609060452.931265116,-15.550440936,11.668399498,4.219725953,-15.571133702,11.666036633,4.224265380,0.021316193
1609060452.979619980,-15.575378502,11.674731262,4.225572743,-15.592154262,11.671047268,4.228759555,0.017468650
1609060453.028874159,-15.601392747,11.681894626,4.231613609,-15.614782549,11.678399776,4.234691544,0.014176546
1609060453.081588984,-15.630263781,11.690337606,4.237955540,-15.637368339,11.685097509,4.238526268,0.008846417
1609060453.129861116,-15.658626791,11.700307888,4.243561619,-15.662925472,11.692032076,4.244768319,0.009403396
1609060453.181578159,-15.690287356,11.711118557,4.249406926,-15.714336895,11.711202479,4.255513575,0.024812870
1609060453.228747129,-15.719520620,11.721141834,4.254611635,-15.740681646,11.720629227,4.261099146,0.022139097
1609060453.280352116,-15.753193939,11.733720318,4.259485328,-15.768381796,11.729234108,4.266986352,0.017523198
1609060453.330042124,-15.785289507,11.745166080,4.265919253,-15.796162682,11.738440477,4.272444573,0.014354075
1609060453.383922100,-15.819204199,11.756489981,4.274760210,-15.821796327,11.748079227,4.279367836,0.009934291
1609060453.429046154,-15.847851087,11.766708711,4.280995803,-15.876571447,11.766226052,4.287474839,0.029446051
1609060453.481620073,-15.881650255,11.777635695,4.291050192,-15.904351310,11.775736265,4.298611467,0.024002471
1609060453.530162096,-15.911427896,11.787767168,4.297866812,-15.930894707,11.787284551,4.303854233,0.020372503
1609060453.580815077,-15.943913990,11.799038437,4.301213757,-15.958363550,11.796486472,4.308190326,0.016247303
1609060453.629384041,-15.973699766,11.809397142,4.307319823,-15.986488409,11.806501419,4.315149195,0.015271990
1609060453.682363987,-16.006495019,11.820041861,4.317926559,-16.013924670,11.816059434,4.322242293,0.009470217
1609060453.732746124,-16.036587450,11.829921408,4.325085406,-16.040033231,11.824962814,4.327118496,0.006371383
1609060453.780745029,-16.068358522,11.839789946,4.329821248,-16.090585540,11.841230891,4.339523508,0.024295072
1609060453.828164101,-16.095587432,11.848214372,4.336868744,-16.113119661,11.848882228,4.346129680,0.019839103
1609060453.880906105,-16.127063443,11.857417589,4.347598739,-16.136748990,11.856985522,4.352048164,0.010667422
1609060453.931298018,-16.155366085,11.863611770,4.356457430,-16.162288919,11.862648268,4.359047990,0.007454191
1609060453.980770111,-16.183226278,11.869232112,4.362579292,-16.205893276,11.872385300,4.372850172,0.025084385
1609060454.029380083,-16.207144005,11.873144408,4.370806059,-16.226330925,11.875060733,4.378820884,0.020881754
1609060454.081245184,-16.232151796,11.876268239,4.379233576,-16.244493816,11.876505886,4.384554122,0.013442104
1609060454.129816055,-16.253348305,11.876823786,4.386424668,-16.262505686,11.877192280,4.390092535,0.009871507
1609060454.181892157,-16.274882316,11.875264066,4.394111537,-16.279026159,11.876745015,4.396135982,0.004843864
1609060454.230159998,-16.293500608,11.873044975,4.400678364,-16.311902462,11.871299927,4.407340676,0.019648405
1609060454.280667067,-16.312585464,11.870716206,4.407617507,-16.325084084,11.869477109,4.412352823,0.013422894
1609060454.327840090,-16.328104690,11.867687109,4.414359454,-16.338319818,11.867320173,4.417771121,0.010776036
1609060454.380474091,-16.344443453,11.865062056,4.421277772,-16.352058222,11.863918699,4.423283675,0.007957111
1609060454.430658102,-16.358839489,11.859551154,4.428252264,-16.364199007,11.859026064,4.428745014,0.005407675
1609060454.483566999,-16.374825566,11.853676807,4.434774525,-16.387558412,11.846547505,4.439052163,0.015206923
1609060454.531413078,-16.387422143,11.846133361,4.441399519,-16.398453520,11.838850004,4.443082946,0.013325633
1609060454.578727007,-16.397658426,11.839246543,4.443880765,-16.407805552,11.830139144,4.447844058,0.014199175
1609060454.627688169,-16.405881072,11.828641021,4.449746572,-16.415417812,11.821380331,4.454084266,0.012746867
1609060454.680584192,-16.415913794,11.815809442,4.454113135,-16.423564531,11.810056218,4.458538233,0.010545845
1609060454.731364012,-16.423475601,11.802534597,4.460225320,-16.430576477,11.797607045,4.462358244,0.008902392
1609060454.781885147,-16.429540260,11.787122622,4.467653924,-16.441101018,11.772282692,4.473168483,0.019603188
1609060454.831376076,-16.433865713,11.771012492,4.473505789,-16.445576225,11.758235358,4.480034833,0.018520790
1609060454.881854057,-16.440242262,11.752467379,4.479648697,-16.447891870,11.743078402,4.484318096,0.012979702
1609060454.934195042,-16.442574982,11.732201587,4.485673512,-16.449339954,11.728654893,4.488485993,0.008139651
1609060454.985146046,-16.443904706,11.711626709,4.494109466,-16.452291104,11.711356378,4.495191672,0.008460255
1609060455.032769203,-16.443802610,11.690037420,4.500109313,-16.451885256,11.677209674,4.503218143,0.015477243
1609060455.088777065,-16.445499663,11.664771860,4.504109762,-16.450795112,11.658726875,4.507904414,0.008887239
1609060455.134570122,-16.442207157,11.642167150,4.510951686,-16.448764892,11.638146958,4.512902542,0.007935469
1609060455.183914185,-16.438973353,11.617124568,4.516061864,-16.445223275,11.617394316,4.517028021,0.006329909
1609060455.233921051,-16.436012008,11.590200655,4.519945725,-16.441573479,11.597021454,4.521185369,0.008887631
1609060455.281438112,-16.431489724,11.564074643,4.524425535,-16.431255860,11.549690102,4.529829753,0.015367995
1609060455.329286098,-16.423939320,11.536501293,4.529823933,-16.431255808,11.549689206,4.529826815,0.015081513
1609060455.380719185,-16.414433578,11.507069798,4.536154319,-16.415795333,11.500663656,4.540816087,0.008038975
1609060455.428884983,-16.404807939,11.477595189,4.542699717,-16.407432843,11.472806416,4.546400200,0.006596669
1609060455.480583191,-16.393745701,11.445716960,4.549954709,-16.397893514,11.445595310,4.552441449,0.004837668
1609060455.532083988,-16.381445799,11.412292112,4.556546417,-16.388513102,11.417471797,4.558676906,0.009017477
1609060455.580499172,-16.371005375,11.379338369,4.562699939,-16.365968706,11.357033524,4.572077005,0.024714440
1609060455.628786087,-16.357755000,11.345509366,4.569529014,-16.353860533,11.326786666,4.578735111,0.021224010
1609060455.680741072,-16.342068877,11.311335735,4.580209606,-16.340782622,11.296881673,4.586335830,0.015751348
1609060455.731168985,-16.326512193,11.275664745,4.590104547,-16.327714231,11.266051679,4.594105581,0.010481612
1609060455.779289007,-16.312990999,11.243205316,4.598596461,-16.314509837,11.234181419,4.602571278,0.009976812
1609060455.829546213,-16.295389177,11.206315911,4.608649784,-16.299793202,11.202781824,4.610427676,0.005919975
1609060455.880892038,-16.278809922,11.169764596,4.619242291,-16.269110843,11.136057388,4.627673649,0.036074032
1609060455.928446054,-16.262046096,11.134957887,4.628779077,-16.253209242,11.103537868,4.636069117,0.033443269
1609060455.979711056,-16.242646337,11.089923335,4.639899327,-16.238871051,11.071772141,4.644312498,0.019057668
1609060456.029316187,-16.224346674,11.051428358,4.649950908,-16.223415436,11.039899689,4.652542963,0.011853108
1609060456.081103086,-16.205014801,11.009533599,4.659215643,-16.208156652,11.007679533,4.660683008,0.003932168
1609060456.132400036,-16.184606760,10.968737698,4.668624851,-16.191639183,10.975816571,4.668562270,0.009978444
1609060456.179992199,-16.167523690,10.937345969,4.678146589,-16.157796425,10.907496719,4.685450575,0.032232680
1609060456.229928017,-16.147495652,10.898355124,4.686816185,-16.140728603,10.875105786,4.693610322,0.025149253
1609060456.280745983,-16.126322449,10.857901527,4.695613243,-16.123735753,10.841431982,4.701016051,0.017525046
1609060456.328821182,-16.105876638,10.819725262,4.703008744,-16.104808157,10.804810708,4.706757848,0.015415620
1609060456.375164032,-16.086196758,10.783616405,4.708730143,-16.084498735,10.768000893,4.712347292,0.016118662
1609060456.426805019,-16.063511473,10.742568838,4.714641479,-16.066081783,10.734851889,4.717837341,0.008739069
1609060456.485151052,-16.038126775,10.695879604,4.720410140,-16.028463984,10.667867936,4.724941724,0.029975963
1609060456.528421164,-16.018508911,10.661614845,4.725160610,-16.008864522,10.634156633,4.728401650,0.029282623
1609060456.579080105,-15.997358743,10.622084575,4.730997316,-15.990670922,10.602741379,4.732610770,0.020530207
1609060456.627412081,-15.973946611,10.583065635,4.735366028,-15.972014553,10.570677111,4.735667267,0.012541894
1609060456.680670023,-15.948691312,10.540935331,4.739617546,-15.951357619,10.537472364,4.739038063,0.004408757
1609060456.726881981,-15.924913613,10.503349728,4.743296611,-15.911276502,10.472812250,4.743935631,0.033450212
1609060456.779075146,-15.898406411,10.463143439,4.745398497,-15.888008207,10.438981291,4.746652244,0.026334463
1609060456.827740192,-15.871547343,10.424328168,4.748022214,-15.864701641,10.407843630,4.748150770,0.017849935
1609060456.878676176,-15.845188565,10.386870850,4.746118584,-15.844909246,10.374689299,4.749419130,0.012623859
1609060456.929023027,-15.815755592,10.347442658,4.746957177,-15.794618072,10.309735200,4.751027926,0.043419098
1609060456.978980064,-15.788211272,10.309306773,4.750923426,-15.769524894,10.277798990,4.751943189,0.036646433
1609060457.027249098,-15.758486909,10.271955874,4.751447830,-15.742994135,10.244474693,4.751847094,0.031549972
1609060457.078922987,-15.724563824,10.229185323,4.750554933,-15.715706132,10.211430291,4.751787177,0.019880097
1609060457.129274130,-15.690011949,10.189531269,4.750047407,-15.687956111,10.179245100,4.751378746,0.010573751
1609060457.172206163,-15.659041306,10.154701168,4.748465487,-15.658115731,10.146042593,4.750561221,0.008956545
1609060457.221413136,-15.623459758,10.116802990,4.747015309,-15.599416833,10.084237104,4.748321554,0.040500685
1609060457.273039103,-15.586721663,10.079531136,4.743222601,-15.569527710,10.054360553,4.746943220,0.030708847
1609060457.322131157,-15.549460540,10.043894734,4.740745800,-15.534038794,10.020919174,4.745053148,0.028004640
1609060457.371599197,-15.510578408,10.007874005,4.738105305,-15.498056509,9.988150154,4.742591255,0.023789746
1609060457.428241014,-15.463467521,9.967233323,4.734696079,-15.463250915,9.958568815,4.740408152,0.010380193
1609060457.479582071,-15.419501339,9.931814870,4.731806057,-15.396926107,9.904329613,4.735617078,0.035771558
1609060457.528037071,-15.377837266,9.899079873,4.728246347,-15.361904715,9.873572028,4.733535370,0.030536374
1609060457.578487158,-15.334912332,9.867024916,4.724057509,-15.323927748,9.850318176,4.730504218,0.021008006
1609060457.627092123,-15.291281432,9.836685700,4.720778019,-15.288387265,9.824531773,4.728201030,0.014532557
1609060457.679813147,-15.245142374,9.805970585,4.717932213,-15.249872115,9.800057096,4.724672320,0.010137497
1609060457.727046013,-15.200371778,9.777920900,4.714648044,-15.175087915,9.752918041,4.718819197,0.035802446
1609060457.778679132,-15.153000592,9.749152919,4.712144546,-15.134251350,9.728387234,4.716406481,0.028300386
1609060457.827083111,-15.106356911,9.722590963,4.709303225,-15.095036583,9.707495415,4.713090766,0.019245021
1609060457.879731178,-15.057617257,9.694747971,4.707813621,-15.056877904,9.685121436,4.710308076,0.009971916
1609060457.929150105,-15.008965114,9.669279404,4.705836888,-14.973025071,9.643731436,4.704484350,0.044115924
1609060457.979729176,-14.962255407,9.646273083,4.703907722,-14.933762500,9.624220366,4.702403646,0.036061479
1609060458.026831150,-14.915446596,9.624034859,4.701906947,-14.892711920,9.603785413,4.699819938,0.030516572
1609060458.078697205,-14.867330038,9.602529439,4.700325812,-14.850685751,9.584674961,4.697362222,0.024588565
1609060458.137619019,-14.808905576,9.577030741,4.697946766,-14.806188932,9.568063047,4.694107117,0.010126332
1609060458.180298090,-14.762339518,9.554806121,4.695916400,-14.763728855,9.548085407,4.692951004,0.007476083
1609060458.226857185,-14.714181567,9.535291324,4.694530011,-14.679593987,9.513467176,4.688524362,0.041335965
1609060458.276430130,-14.661409866,9.515783794,4.689078681,-14.637982999,9.499937012,4.686689639,0.028383906
1609060458.327916145,-14.606052579,9.495842415,4.686405168,-14.591029902,9.482827091,4.683881660,0.020036156
1609060458.378300190,-14.555299522,9.481191554,4.681911777,-14.544414528,9.465144476,4.681151132,0.019405421
1609060458.428943157,-14.503712756,9.464317191,4.677327941,-14.500511561,9.451156009,4.677758356,0.013551739
1609060458.480785131,-14.448974889,9.446691189,4.672406825,-14.417867952,9.425696358,4.671379646,0.037543036
1609060458.527002096,-14.400351949,9.431719380,4.667991757,-14.374465707,9.412427499,4.667098710,0.032296621
1609060458.579663992,-14.347128887,9.415565148,4.663523837,-14.332550712,9.400114999,4.663915977,0.021245801
1609060458.628001213,-14.297997513,9.401476872,4.659390023,-14.290927671,9.390786726,4.660172111,0.012840310
1609060458.680536985,-14.246635112,9.387514644,4.656166160,-14.248446230,9.378475039,4.656425264,0.009222892
1609060458.733805180,-14.192715986,9.373765458,4.651826491,-14.165542234,9.355061536,4.649115840,0.033099805
1609060458.778982162,-14.147414679,9.361755188,4.648190331,-14.121778656,9.344435045,4.645939506,0.031020303
1609060458.827742100,-14.097365709,9.348801425,4.644325803,-14.081514865,9.334229124,4.641827115,0.021675900
1609060458.879104137,-14.049138112,9.336987186,4.638783115,-14.040624282,9.322846915,4.638355848,0.016511060
1609060458.930878162,-13.997003090,9.323655243,4.634679470,-13.997629350,9.312952424,4.634649096,0.010721168
1609060458.980327129,-13.950381409,9.312725225,4.634329069,-13.912954275,9.292428719,4.628690753,0.042947981
1609060459.026729107,-13.904601978,9.301103311,4.631636024,-13.874373684,9.282950993,4.624899749,0.035897546
1609060459.080546141,-13.852303108,9.287276917,4.627960100,-13.832300750,9.272429398,4.621580870,0.025714542
1609060459.127784014,-13.805336219,9.275197554,4.624425920,-13.787354526,9.264045380,4.617573826,0.022241031
1609060459.181243181,-13.754900739,9.264201718,4.618246293,-13.744319587,9.253481224,4.613787054,0.015709061
1609060459.227688074,-13.708963444,9.253087881,4.614214666,-13.664241669,9.233885836,4.605778938,0.049395518
1609060459.279424191,-13.651300732,9.238454500,4.609767111,-13.622607463,9.225626790,4.602073035,0.032358193
1609060459.328384161,-13.600631668,9.226405811,4.605564199,-13.580473672,9.216612176,4.598149290,0.023605952
1609060459.388609171,-13.540036167,9.212838295,4.598461156,-13.536532121,9.205174913,4.593804835,0.009627413
1609060459.433518171,-13.492048089,9.202273528,4.594594107,-13.493376982,9.196349766,4.589960429,0.007637270
1609060459.486275196,-13.440867058,9.193607629,4.588641802,-13.409527913,9.180518904,4.582862162,0.034450849
1609060459.533322096,-13.391940330,9.185013449,4.584799036,-13.367717740,9.170520362,4.579214058,0.028774562
1609060459.579319000,-13.342959327,9.175189230,4.580970558,-13.325809469,9.161142178,4.576396402,0.022635374
1609060459.627422094,-13.291684207,9.165272672,4.577219502,-13.283693429,9.154927585,4.573967391,0.013470323
1609060459.680034161,-13.238777864,9.154873514,4.573158720,-13.239950782,9.146375315,4.571436840,0.008749857
1609060459.728425026,-13.187506785,9.145179930,4.569885666,-13.153327753,9.129485623,4.566198986,0.037790331
1609060459.779250145,-13.136131286,9.135461146,4.566756487,-13.107856376,9.122257533,4.564577931,0.031281816
1609060459.827799082,-13.085014147,9.126524217,4.563307446,-13.062401589,9.114716482,4.562959683,0.025512180
1609060459.879274130,-13.032582505,9.117247607,4.558934981,-13.018979636,9.106370167,4.560599393,0.017496485
1609060459.927618980,-12.980310093,9.108994024,4.556000539,-12.972395304,9.099800095,4.557925888,0.012283289
1609060459.983558178,-12.920401697,9.100312925,4.554099079,-12.877701363,9.087123260,4.554346828,0.044691690
1609060460.025993109,-12.874139543,9.093378566,4.551367185,-12.835885915,9.078790160,4.552778567,0.040965274
1609060460.077687025,-12.820306378,9.085993956,4.547625386,-12.792757934,9.072175797,4.550619857,0.030964901
1609060460.131011009,-12.761261518,9.078091849,4.544361594,-12.743829666,9.067022551,4.549023320,0.021169093
1609060460.180317163,-12.710747802,9.072597515,4.542199093,-12.697677069,9.062403164,4.548077305,0.017587559
1609060460.228507996,-12.657098334,9.066333358,4.540440361,-12.608208510,9.049923071,4.546428084,0.051916907
1609060460.278956175,-12.603854273,9.059744668,4.540954965,-12.560107199,9.045792253,4.546281530,0.046226060
1609060460.329240084,-12.547654564,9.053687461,4.540092595,-12.512095174,9.041133180,4.546099615,0.038185919
1609060460.378509045,-12.485772873,9.044605108,4.539256895,-12.464203452,9.036152406,4.545371042,0.023959777
1609060460.428874016,-12.425876746,9.038402377,4.538669950,-12.418819552,9.031225254,4.544377065,0.011570922
1609060460.480195045,-12.363809548,9.033022721,4.538340125,-12.320331795,9.023729339,4.545093707,0.044969910
1609060460.526538134,-12.306944884,9.028024952,4.538189498,-12.272813456,9.018982064,4.544770325,0.035917064
1609060460.578445196,-12.250070147,9.024942000,4.537529215,-12.225891787,9.013911162,4.544275166,0.027418613
1609060460.625929117,-12.194217772,9.020889903,4.538335373,-12.179492860,9.011670397,4.543949672,0.018257674
1609060460.680358171,-12.127943549,9.016337856,4.538602589,-12.128949837,9.009682358,4.544934256,0.009241119
1609060460.727480173,-12.070420767,9.013207006,4.538678697,-12.035764900,9.003080532,4.545133176,0.036677444
1609060460.778958082,-12.011318799,9.011142971,4.538474618,-11.984997027,9.000636505,4.545347657,0.029162650
1609060460.828413010,-11.952056168,9.008724052,4.538468730,-11.935488093,8.999456692,4.546147266,0.020477914
1609060460.880685091,-11.893005761,9.007321240,4.538468087,-11.888334369,8.998749550,4.545921481,0.012282054
1609060460.929251194,-11.835879115,9.005800351,4.540430953,-11.792142997,8.995483228,4.547982001,0.045566537
1609060460.978983164,-11.778053672,9.004915219,4.543532735,-11.742670188,8.995525958,4.550137293,0.037199050
1609060461.027152061,-11.719757989,9.004094104,4.546228422,-11.693399797,8.994243896,4.553348213,0.029025373
1609060461.079848051,-11.660040977,9.003021352,4.551180796,-11.645428207,8.992801260,4.555419568,0.018328953
1609060461.127817154,-11.602318085,9.002894726,4.554539729,-11.599227557,8.992951808,4.557512231,0.010828146
1609060461.179355145,-11.545128627,9.003913179,4.558454595,-11.497081332,8.995387205,4.563185410,0.049026680
1609060461.226543188,-11.488497954,9.004827162,4.561942423,-11.450138308,8.995223896,4.566043509,0.039755553
1609060461.278989077,-11.430034625,9.006592239,4.565587317,-11.401073723,8.995902185,4.567937211,0.030960186
1609060461.327422142,-11.372464211,9.008807731,4.568598827,-11.342489845,9.001448335,4.569969760,0.030895028
1609060461.380146027,-11.312861568,9.012148244,4.572146713,-11.287440709,9.005351737,4.572328995,0.026314366
1609060461.428488016,-11.255891015,9.016000321,4.574985671,-11.238776944,9.007515813,4.574077218,0.019123378
1609060461.480466127,-11.187261073,9.019073196,4.575673228,-11.143168379,9.015799045,4.576046734,0.044215667
1609060461.526633978,-11.129799831,9.023744911,4.577695835,-11.091407636,9.022628286,4.577437840,0.038409296
1609060461.578130007,-11.066310411,9.031775354,4.580548001,-11.043087481,9.026911605,4.578532034,0.023812280
1609060461.628714085,-11.002053791,9.039124454,4.582608421,-10.997226174,9.031879182,4.579794723,0.009149686
1609060461.680414200,-10.945750451,9.050281784,4.582768587,-10.945904437,9.039598765,4.580599963,0.010901997
1609060461.726855993,-10.890619476,9.058424166,4.585054836,-10.849735766,9.055903674,4.582602763,0.041034659
1609060461.778423071,-10.826786713,9.069278184,4.585466302,-10.806187283,9.062003082,4.583041718,0.021980497
1609060461.826656103,-10.766474775,9.080777678,4.584796898,-10.758500796,9.072117279,4.582520387,0.011990386
1609060461.881693125,-10.701168274,9.095448626,4.581894629,-10.705757137,9.084210008,4.582690307,0.012165414
1609060461.929234982,-10.642428976,9.109007869,4.580681852,-10.605241593,9.107498079,4.581725524,0.037232649
1609060461.978337049,-10.584185445,9.123811839,4.579186367,-10.605241841,9.107502212,4.581738249,0.026756081
1609060462.026682138,-10.524913809,9.139949601,4.576956679,-10.499543131,9.136359237,4.579143498,0.025716613
1609060462.079570055,-10.464174609,9.159584103,4.573826142,-10.449736490,9.150396813,4.577297229,0.017461787
1609060462.129022121,-10.404214088,9.177903848,4.571088570,-10.403140093,9.164074111,4.574279709,0.014233708
1609060462.180023193,-10.344609496,9.197569900,4.568681555,-10.299234847,9.197678663,4.567741555,0.045384515
1609060462.227467060,-10.285880370,9.217546007,4.564774832,-10.249497302,9.215760842,4.563995056,0.036435183
1609060462.279769182,-10.225752656,9.239445972,4.559013831,-10.199299784,9.232864779,4.559997512,0.027276990
1609060462.330918074,-10.162808691,9.263115130,4.554103571,-10.147979367,9.252787359,4.555340813,0.018113599
1609060462.380113125,-10.106007856,9.285223594,4.550419935,-10.098462022,9.272314671,4.551181709,0.014971981
1609060462.427350998,-10.048299243,9.308431848,4.545390283,-9.997105912,9.314159380,4.541772460,0.051639621
1609060462.479017019,-9.988762545,9.334145446,4.541323844,-9.950902185,9.333420650,4.536553096,0.038166637
1609060462.527957201,-9.928376259,9.360757269,4.536217793,-9.896134576,9.358922602,4.531562784,0.032627614
1609060462.580631018,-9.855863437,9.390633570,4.527119463,-9.844711558,9.383487908,4.526681880,0.013252033
1609060462.628690004,-9.794294172,9.418833460,4.521610322,-9.749109204,9.429521348,4.516845201,0.046675676
1609060462.679250002,-9.733301195,9.452460422,4.515057957,-9.697789029,9.455791429,4.511401900,0.035854935
1609060462.727450132,-9.671107424,9.483208582,4.509152164,-9.645403320,9.484255630,4.506446312,0.025867333
1609060462.779249191,-9.616359387,9.516427342,4.504351308,-9.593004785,9.512704701,4.500926681,0.023896099
1609060462.828996181,-9.557587309,9.551175402,4.498075816,-9.544214309,9.539908826,4.495110005,0.017736091
1609060462.879943132,-9.495755741,9.587422971,4.491680783,-9.448470072,9.597545388,4.485194898,0.048790004
1609060462.929316998,-9.437752151,9.622810752,4.485234837,-9.401056274,9.626347987,4.480240280,0.037202756
1609060462.979207039,-9.381537243,9.658427149,4.478315066,-9.356378727,9.654168459,4.474878735,0.025746761
1609060463.027507067,-9.325662023,9.693949206,4.471267323,-9.311184796,9.682910415,4.469017219,0.018344154
1609060463.080178022,-9.269073344,9.731575796,4.460954594,-9.262582473,9.715455261,4.462872705,0.017483770
1609060463.129511118,-9.214737582,9.768272250,4.451823275,-9.215640307,9.747584797,4.455995941,0.021123369
1609060463.178997993,-9.163006971,9.805383370,4.442716401,-9.128551936,9.809874106,4.438759234,0.034971065
1609060463.226540089,-9.111538997,9.842419359,4.432883915,-9.081891484,9.845481418,4.430558539,0.029895796
1609060463.279219151,-9.061897126,9.883070271,4.421011569,-9.037535387,9.880672873,4.422249008,0.024510673
1609060463.330190182,-9.009572813,9.924208675,4.410127323,-8.995340987,9.914901300,4.413395270,0.017316223
1609060463.379824162,-8.964543277,9.964346421,4.399501130,-8.956491067,9.947599737,4.404486723,0.019239170
1609060463.427031994,-8.918962517,10.003267153,4.389439527,-8.872894099,10.021215480,4.387802177,0.049468398
1609060463.479870081,-8.873095921,10.047289851,4.379455255,-8.837047667,10.054831934,4.380023254,0.036833168
1609060463.529342175,-8.828182500,10.088766673,4.370012110,-8.799957494,10.090711609,4.371890689,0.028354238
1609060463.580952168,-8.785054163,10.130427918,4.366344631,-8.766469078,10.124438614,4.364592000,0.019604818
1609060463.628221035,-8.743945399,10.170973468,4.358907635,-8.693337220,10.199029115,4.350487878,0.058473921
1609060463.677978992,-8.698507838,10.218108213,4.349953888,-8.661278561,10.234466391,4.342395305,0.041361108
1609060463.732715130,-8.651447704,10.267644167,4.340765420,-8.629383090,10.271479908,4.334571952,0.023236160
1609060463.778750181,-8.614315203,10.311022379,4.330166848,-8.592216185,10.314234212,4.325883559,0.022738273
1609060463.828248024,-8.572887368,10.358170674,4.320046898,-8.559984482,10.353648576,4.316895800,0.014030796
1609060463.879996061,-8.539659841,10.408337050,4.307981385,-8.503135004,10.428398039,4.299374919,0.042550891
1609060463.933847189,-8.501037651,10.461497323,4.297627015,-8.471007226,10.471064804,4.290970667,0.032212887
1609060463.980240107,-8.466345669,10.507769552,4.287406775,-8.442146024,10.511778372,4.282359652,0.025043300
1609060464.028326035,-8.431870121,10.556648300,4.276147739,-8.415414465,10.550161621,4.274138378,0.017801773
1609060464.080262184,-8.398534967,10.608376340,4.263563743,-8.388438538,10.591867220,4.264469188,0.019372887
1609060464.130795002,-8.365486646,10.660182290,4.252184095,-8.331818360,10.676691667,4.246498772,0.037926718
1609060464.178006172,-8.336523011,10.708099469,4.241693528,-8.307782356,10.719516865,4.237019114,0.031276707
1609060464.226155043,-8.305518010,10.758447840,4.231333462,-8.281794575,10.763204698,4.226549380,0.024664073
1609060464.277084112,-8.277396553,10.811282090,4.222867468,-8.256148313,10.808389696,4.218787563,0.021828864
1609060464.328767061,-8.245278484,10.867104761,4.211938853,-8.230500970,10.853211247,4.210107369,0.020365632
1609060464.378328085,-8.221273665,10.918158973,4.201884850,-8.209204122,10.897970010,4.200284059,0.023576062
1609060464.427219152,-8.192938801,10.972124001,4.192273628,-8.166935052,10.983832849,4.183284881,0.029901332
1609060464.476723194,-8.169394558,11.025181788,4.180393378,-8.142596493,11.033523714,4.174765858,0.028625041
1609060464.528161049,-8.141499815,11.082769017,4.169967616,-8.122804849,11.079752996,4.165875224,0.019373844
1609060464.584477186,-8.115276224,11.145114161,4.157591069,-8.083694855,11.174034116,4.149290642,0.043619304
1609060464.627368212,-8.092933632,11.194628504,4.149306604,-8.061045879,11.224529869,4.141669070,0.044376259
1609060464.677657127,-8.071795176,11.251885345,4.144160489,-8.042875031,11.272085304,4.134258877,0.036639528
1609060464.725933075,-8.048220768,11.308775882,4.136272542,-8.024958124,11.325401178,4.125920108,0.030409275
1609060464.778755188,-8.021210389,11.377212361,4.124324831,-8.003377908,11.383061784,4.117966236,0.019815268
1609060464.829033136,-7.996183753,11.440104121,4.115963557,-7.984146109,11.436252210,4.110654516,0.013708684
1609060464.881244183,-7.976688231,11.506964417,4.105560172,-7.952501229,11.535664357,4.097062320,0.038482607
1609060464.926936150,-7.955145812,11.566109320,4.097402929,-7.936854613,11.589809618,4.089462846,0.030972843
1609060464.979433060,-7.943565367,11.632013372,4.087456652,-7.919013457,11.643376862,4.082956519,0.027425834
1609060465.026580095,-7.925664132,11.693590660,4.079072604,-7.903584049,11.695281048,4.075754333,0.022391927
1609060465.080960035,-7.904251563,11.765158115,4.068254331,-7.890021346,11.748477992,4.068841718,0.021933322
1609060465.131188154,-7.887244280,11.832100490,4.058837059,-7.861302520,11.858571288,4.053517633,0.037442948
1609060465.178850174,-7.872406115,11.895614847,4.050212740,-7.846624869,11.914823235,4.046420362,0.032373090
1609060465.228109121,-7.855397602,11.961460290,4.040562489,-7.836206744,11.966575783,4.039783978,0.019876200
1609060465.278582096,-7.839774234,12.027703720,4.030980536,-7.821003613,12.023263482,4.032075881,0.019319723
1609060465.329045057,-7.824091236,12.095397578,4.022539568,-7.805467119,12.081033542,4.025235728,0.023673879
1609060465.380448103,-7.810626005,12.163837137,4.016304365,-7.783841204,12.193283229,4.012419532,0.039994872
1609060465.427752018,-7.795490601,12.228465926,4.009261478,-7.773761400,12.249418469,4.005247448,0.030451267
1609060465.479211092,-7.784645226,12.295431094,4.002213292,-7.761162803,12.306129062,4.000168379,0.025885370
1609060465.529885054,-7.770019949,12.363850041,3.995245221,-7.749571712,12.362593189,3.995749367,0.020493028
1609060465.579433203,-7.759558918,12.427393661,3.986439421,-7.741682534,12.414029367,3.990021874,0.022605385
1609060465.628167152,-7.746280224,12.492706081,3.979975381,-7.721984373,12.527850298,3.979389696,0.042728765
1609060465.678918123,-7.738276804,12.559770701,3.973969959,-7.712487221,12.581983015,3.975575349,0.034074430
1609060465.726876020,-7.726648598,12.624915792,3.968664362,-7.702909491,12.646751639,3.970873762,0.032330030
1609060465.780047178,-7.718778370,12.694501657,3.966357663,-7.696461117,12.709271298,3.966087151,0.026763319
1609060465.828760147,-7.708229523,12.761362366,3.961998537,-7.687496435,12.768804120,3.962030878,0.022028202
1609060465.880266190,-7.699919931,12.839834558,3.956154251,-7.674787331,12.881585400,3.955320544,0.048738849
1609060465.932221174,-7.689729979,12.913994643,3.951266628,-7.670386890,12.939271095,3.950884241,0.031830809
1609060465.979675055,-7.685331018,12.982362335,3.945404511,-7.664354875,12.998160751,3.947374503,0.026333807
1609060466.027986050,-7.676881150,13.052839720,3.941162780,-7.658058977,13.055317076,3.945342414,0.019439157
1609060466.079845190,-7.676109782,13.124157669,3.939714054,-7.655478246,13.113152937,3.942266948,0.023521940
1609060466.161890984,-7.670342026,13.242589336,3.939782301,-7.649647715,13.225076472,3.938728446,0.027130527
1609060466.229519129,-7.665208582,13.340999101,3.941098750,-7.644238094,13.340409802,3.940491218,0.020987561
1609060466.280148983,-7.664322862,13.413443356,3.942901500,-7.642065603,13.402334862,3.941853645,0.024897434
1609060466.328636169,-7.662138350,13.484340347,3.944210093,-7.637892520,13.523221598,3.944831944,0.045825742
1609060466.378987074,-7.662516393,13.556028640,3.945554619,-7.638837449,13.581336996,3.945451341,0.034658562
1609060466.429597139,-7.662137365,13.629590898,3.947003021,-7.640327205,13.641644456,3.946415281,0.024926227
1609060466.479005098,-7.663673791,13.699547821,3.948105696,-7.640287330,13.702653982,3.947766746,0.023594271
1609060466.527721167,-7.663000339,13.770578098,3.949304484,-7.640276970,13.763592017,3.949050095,0.023774388
1609060466.581521034,-7.667442269,13.846154253,3.951688884,-7.643348383,13.825623907,3.950002201,0.031699453
1609060466.628607988,-7.668094412,13.914664217,3.952957028,-7.648655742,13.946375672,3.952036450,0.037206528
1609060466.679336071,-7.674480000,13.985932030,3.954684784,-7.651214824,14.005348979,3.953010481,0.030349458
1609060466.727976084,-7.676559135,14.056446863,3.955831857,-7.655654503,14.072314747,3.953670839,0.026333693
1609060466.779019117,-7.682826097,14.127538018,3.957400402,-7.661941593,14.139831346,3.954052529,0.024464191
1609060466.829914093,-7.685833712,14.201690947,3.958274705,-7.666365117,14.202213109,3.954297572,0.019877536
1609060466.880611181,-7.694309427,14.271841563,3.958957025,-7.675600331,14.323181295,3.956183963,0.054712779
1609060466.928917170,-7.699151265,14.342141939,3.959266455,-7.682904483,14.384827132,3.956589413,0.045750959
1609060466.979152203,-7.709127927,14.423152592,3.959138084,-7.690395085,14.445699268,3.956917654,0.029397317
1609060467.028021097,-7.715528485,14.496742096,3.959257189,-7.695723169,14.504413534,3.957789793,0.021289781
1609060467.080524206,-7.728778291,14.576281594,3.958135142,-7.704941107,14.566309023,3.957960188,0.025839777
1609060467.126882076,-7.736503596,14.647717696,3.957666867,-7.723285108,14.683202142,3.957692557,0.037866542
1609060467.180591106,-7.751199086,14.726912823,3.958555447,-7.732559487,14.744790989,3.957563571,0.025846611
1609060467.226670980,-7.764132692,14.794232647,3.960198967,-7.742253432,14.806747022,3.957166336,0.025387171
1609060467.279661179,-7.776803275,14.875311803,3.958859900,-7.754039387,14.864952461,3.955612438,0.025220162
1609060467.329204082,-7.790225625,14.950520588,3.956872973,-7.776893914,14.987524078,3.953406659,0.039484277
1609060467.379631042,-7.806698116,15.024125849,3.954688571,-7.789316840,15.048604160,3.952736309,0.030085009
1609060467.427987099,-7.820947694,15.097099922,3.952926375,-7.804026454,15.109519347,3.950657393,0.021112053
1609060467.479583025,-7.840098491,15.170791026,3.951681398,-7.818285332,15.170692167,3.949341389,0.021938535
1609060467.528842211,-7.856863921,15.243635661,3.949266380,-7.833008849,15.233021650,3.948023730,0.026139355
1609060467.580595016,-7.877768159,15.317739225,3.945568470,-7.848872320,15.295756716,3.946809462,0.036328229
1609060467.627780199,-7.894228295,15.386771358,3.943874558,-7.883060313,15.415574873,3.944511322,0.030899382
1609060467.693520069,-7.923961521,15.476721823,3.939973822,-7.899339063,15.474197177,3.943121133,0.024950848
1609060467.770143986,-7.961568772,15.582747954,3.937974872,-7.942621700,15.607356407,3.939900943,0.031117154
1609060467.835719109,-7.990881832,15.675091691,3.935480889,-7.982528999,15.726526662,3.937452147,0.052146064
1609060467.886023998,-8.017826900,15.742329038,3.937193671,-8.003724186,15.782830398,3.936972877,0.042887008
1609060467.932846069,-8.040562749,15.807109598,3.938002139,-8.026640437,15.843592727,3.937923513,0.039049400
1609060467.978756189,-8.067437411,15.867662952,3.939017901,-8.049428659,15.900782745,3.938458968,0.037703425
1609060468.027256012,-8.092681967,15.933254097,3.940312770,-8.070637366,15.955357287,3.939989159,0.031218908
1609060468.081122160,-8.121952120,16.019928445,3.942944905,-8.095741676,16.013098510,3.940697170,0.027178810
1609060468.129112005,-8.148360047,16.087456124,3.944999982,-8.146207499,16.125404538,3.943836765,0.038027210
1609060468.179625988,-8.182295563,16.155135410,3.946599106,-8.173937808,16.182400761,3.945090583,0.028557434
1609060468.227814198,-8.210986263,16.222185408,3.948668903,-8.202065866,16.238326226,3.946439385,0.018576066
1609060468.278457165,-8.250664028,16.271012059,3.949215940,-8.229395024,16.292596072,3.948328750,0.030315463
1609060468.327484131,-8.285221107,16.332510949,3.950681413,-8.257771326,16.345503004,3.951072205,0.030371643
1609060468.380009174,-8.321312779,16.400243924,3.953571616,-8.287505127,16.398878153,3.952520259,0.033851559
1609060468.427757025,-8.355057318,16.460646919,3.955834075,-8.347240913,16.500980457,3.958715848,0.041184889
1609060468.477749109,-8.392092209,16.521084771,3.956488446,-8.375608447,16.547492171,3.961599176,0.031546550
1609060468.527155161,-8.427446823,16.581327815,3.959301044,-8.409618949,16.601981928,3.964719228,0.027816941
1609060468.571753025,-8.459833729,16.631478602,3.962851463,-8.444928862,16.655764230,3.967760782,0.028914498
1609060468.623512030,-8.497303609,16.691524688,3.966225225,-8.477257715,16.703512758,3.970018770,0.023663108
1609060468.674556017,-8.539843686,16.746074082,3.969985260,-8.510518950,16.749574402,3.973029294,0.029689367
1609060468.722122192,-8.576730131,16.799578292,3.972636675,-8.580714052,16.840959433,3.976876549,0.041788120
1609060468.779278040,-8.624778251,16.858471872,3.976009550,-8.614430740,16.882049396,3.979635063,0.026002211
1609060468.825678110,-8.662310696,16.907319469,3.978658632,-8.650507965,16.924926380,3.981492648,0.021385496
1609060468.881869078,-8.712300005,16.960812301,3.981821960,-8.689894954,16.967036524,3.984392925,0.023395238
1609060468.928879976,-8.752894944,17.007930251,3.984611233,-8.767666502,17.046089394,3.987895346,0.041050024
1609060468.978708029,-8.799423966,17.052448676,3.988484480,-8.807324779,17.086239770,3.990137175,0.034741794
1609060469.026169062,-8.843604342,17.097334302,3.991001053,-8.848862446,17.125311396,3.991852956,0.028479662
1609060469.079028130,-8.894251515,17.143268761,3.993271118,-8.891653811,17.162849390,3.993485508,0.019753356
1609060469.128238201,-8.942390413,17.186705323,3.995341247,-8.933983797,17.196315838,3.995579928,0.012770676
1609060469.179890156,-9.001370758,17.239694589,3.996977501,-9.025731756,17.269583474,3.998841166,0.038604105
1609060469.227359056,-9.052629247,17.282324864,3.998912626,-9.072683868,17.300127417,4.001264338,0.026919310
1609060469.277248144,-9.116220137,17.319915981,4.000295373,-9.123354334,17.332769529,4.002631380,0.014885140
1609060469.330085039,-9.180140904,17.365094390,4.002213064,-9.173423211,17.363379052,4.004962384,0.007458454
1609060469.379516125,-9.241525214,17.393055618,4.005403631,-9.222018333,17.394228995,4.007545634,0.019659181
1609060469.428099155,-9.306720785,17.426759769,4.008933305,-9.330857603,17.451431012,4.014023302,0.034887881
1609060469.478720188,-9.374381007,17.463311769,4.013772888,-9.385592341,17.478766272,4.017061037,0.019373889
1609060469.527437210,-9.442242211,17.496491016,4.018320681,-9.442576240,17.506771468,4.022325024,0.011037845
1609060469.582027197,-9.520580967,17.528761547,4.023492837,-9.498105375,17.533058604,4.025753148,0.022994041
1609060469.630171061,-9.589997049,17.557388093,4.027125549,-9.620467704,17.578344432,4.032214717,0.037329996
1609060469.679854155,-9.662874370,17.584486185,4.030712710,-9.681520272,17.602320852,4.036624922,0.026470724
1609060469.728006124,-9.734708810,17.610908006,4.034982336,-9.743326076,17.624550244,4.040974455,0.017212595
1609060469.779536009,-9.812331677,17.636382937,4.039489548,-9.807843472,17.646027804,4.043724167,0.011449867
1609060469.828714132,-9.887971502,17.660192326,4.043230379,-9.872459139,17.663303392,4.046628384,0.016182046
1609060469.880279064,-9.968191001,17.682599193,4.046124737,-10.002519870,17.702155725,4.054488997,0.040384279
1609060469.928411007,-10.043031027,17.703788646,4.049758317,-10.070469049,17.718933949,4.057182746,0.032207878
1609060469.979132175,-10.123381199,17.720118985,4.055738799,-10.136687754,17.733080092,4.059388374,0.018930771
1609060470.027426004,-10.199549887,17.738137532,4.059732526,-10.203654577,17.747458362,4.062130100,0.010463016
1609060470.081245184,-10.284680893,17.753464262,4.062699345,-10.272969228,17.762230163,4.066985671,0.015243906
1609060470.129621983,-10.361099892,17.768716360,4.066329596,-10.408504297,17.786891993,4.071722148,0.051054979
1609060470.178888083,-10.439521230,17.781404173,4.069882814,-10.479382317,17.798049073,4.073655571,0.043361188
1609060470.228217125,-10.517914550,17.794560662,4.073213159,-10.547146504,17.810588420,4.077489275,0.033610733
1609060470.278670073,-10.609483330,17.807187759,4.075894640,-10.615106743,17.819913283,4.080153564,0.014549920
1609060470.328602076,-10.691560440,17.818857338,4.078957432,-10.681661190,17.826144387,4.082318805,0.012743432
1609060470.379962206,-10.778043178,17.827726562,4.081105622,-10.815588995,17.842415057,4.084482464,0.040457920
1609060470.428395987,-10.857751310,17.836929143,4.083290786,-10.880400523,17.847006377,4.087472652,0.025140117
1609060470.478901148,-10.933403942,17.838534681,4.084379408,-10.948860664,17.852120538,4.087950110,0.020886256
1609060470.534272194,-11.022607058,17.843991907,4.085564190,-11.016807465,17.854097043,4.088975804,0.012140353
1609060470.579819202,-11.095042424,17.848663155,4.086194865,-11.075871464,17.859720220,4.088238406,0.022225220
1609060470.629103184,-11.172811588,17.851991135,4.085943427,-11.204413268,17.864848829,4.088532452,0.034215341
1609060470.679993153,-11.252332226,17.853096894,4.084567388,-11.266912865,17.864624762,4.087440618,0.018808036
1609060470.733728170,-11.335263806,17.852408859,4.083283679,-11.337105380,17.864640012,4.086209972,0.012710456
1609060470.778460979,-11.402890979,17.851427929,4.082117675,-11.405431186,17.865183825,4.085359581,0.014359223
1609060470.828742981,-11.477282429,17.849439888,4.080370582,-11.469384622,17.862278387,4.083692656,0.015434980
1609060470.881497145,-11.552411739,17.844568578,4.077888551,-11.588042915,17.854633814,4.080310450,0.037104653
1609060470.927678108,-11.617637356,17.840297810,4.075886249,-11.646757947,17.850746163,4.078345573,0.031035870
1609060471.020473003,-11.744986076,17.828352924,4.070350898,-11.763253446,17.837131612,4.074045685,0.020601301
1609060471.085931063,-11.834071003,17.815214508,4.065812405,-11.874762272,17.823032063,4.069285357,0.041580703
1609060471.133906126,-11.897481027,17.806367498,4.063187168,-11.932035811,17.813579609,4.067144687,0.035520552
1609060471.179148197,-11.954927525,17.795600634,4.062640257,-11.991399867,17.800347692,4.065184323,0.036867853
1609060471.228013039,-12.017817546,17.783681927,4.060402671,-12.045102960,17.788847231,4.063063685,0.027897226
1609060471.278729200,-12.080850031,17.768822657,4.057003683,-12.095900932,17.778153859,4.060980571,0.018149837
1609060471.328710079,-12.142367922,17.753661637,4.055172666,-12.150925121,17.763664088,4.059754289,0.013937933
1609060471.380196095,-12.218099437,17.734475210,4.059138816,-12.258816463,17.729000596,4.056445076,0.041171638
1609060471.428129196,-12.278522314,17.716564936,4.059442013,-12.305847346,17.712432268,4.055623410,0.027898352
1609060471.479714155,-12.346353870,17.691019736,4.057701912,-12.355290462,17.693469998,4.054570448,0.009781233
1609060471.529009104,-12.407302298,17.667434527,4.058445648,-12.407237475,17.669817704,4.053797808,0.005223614
1609060471.582780123,-12.463591472,17.632049737,4.050295754,-12.453881723,17.647530233,4.053129313,0.018492000
1609060471.629180193,-12.517261247,17.601435966,4.049257123,-12.546968084,17.597288060,4.051314386,0.030065488
1609060471.679857016,-12.576346866,17.568510228,4.047229241,-12.591980429,17.570100165,4.049418208,0.015865930
1609060471.727349043,-12.630433824,17.535099208,4.044492838,-12.643922713,17.536417986,4.047530657,0.013889479
1609060471.778539181,-12.685729386,17.495520981,4.040699550,-12.691808206,17.502626394,4.044888284,0.010246192
1609060471.828935146,-12.740062762,17.455345224,4.037606877,-12.735226475,17.468687474,4.042493025,0.015009322
1609060471.880558014,-12.794670253,17.411745665,4.034339710,-12.781383472,17.431120208,4.040470128,0.024279487
1609060471.928007126,-12.843173210,17.368768303,4.032161748,-12.865698634,17.355021569,4.035765813,0.026633751
1609060471.979415178,-12.892897274,17.318690354,4.031523633,-12.904153746,17.315089840,4.033690814,0.012015345
1609060472.028941154,-12.939855570,17.268443388,4.029301934,-12.943366789,17.272942420,4.030817875,0.005904915
1609060472.082103014,-12.987257150,17.211689533,4.026734969,-12.984040498,17.226792189,4.028791151,0.015577707
1609060472.129687071,-13.029437409,17.158630229,4.025000196,-13.058477580,17.132398251,4.024476668,0.039137224
1609060472.179258108,-13.072601022,17.102322460,4.021982929,-13.095002441,17.082018473,4.023289181,0.030261886
1609060472.227492094,-13.112740931,17.045765839,4.019982454,-13.129765215,17.031218419,4.020954650,0.022414255
1609060472.279079199,-13.153305968,16.981988364,4.017381384,-13.165804239,16.977267192,4.018565950,0.013412660
1609060472.329487085,-13.191837770,16.918791927,4.015815034,-13.198210148,16.923527987,4.016936766,0.008018463
1609060472.381889105,-13.230235670,16.851687647,4.012847756,-13.263027144,16.810728653,4.016176993,0.052573793
1609060472.429280996,-13.264390712,16.789678002,4.012417956,-13.295769871,16.752006054,4.014728638,0.049083261
1609060472.480375051,-13.309898798,16.713147006,4.006687111,-13.325890175,16.693925766,4.014050814,0.026065386
1609060472.526813030,-13.344330650,16.648228405,4.004967114,-13.357897318,16.628792163,4.013727130,0.025269742
1609060472.580457211,-13.382506321,16.568937336,4.006242352,-13.391863854,16.560793847,4.012284785,0.013798219
1609060472.628858089,-13.417389385,16.497404446,4.005148867,-13.419216977,16.503495159,4.010881634,0.008561629
1609060472.680225134,-13.445511579,16.421061997,4.006937956,-13.471836112,16.381297489,4.011099475,0.047869776
1609060472.726508141,-13.476528995,16.350193234,4.008456314,-13.500065536,16.316798384,4.010673743,0.040915789
1609060472.778885126,-13.511032028,16.269868826,4.008257432,-13.527138203,16.254659280,4.010037857,0.022224066
1609060472.828325987,-13.540350883,16.195773205,4.009943991,-13.550963834,16.194571055,4.009816986,0.010681574
1609060472.881620169,-13.572531813,16.116298182,4.010577361,-13.573186475,16.134299808,4.010820654,0.018015170
1609060472.928589106,-13.600350546,16.045743598,4.011036782,-13.622654266,16.010790353,4.013017523,0.041510343
1609060472.979053020,-13.628648222,15.972787977,4.011840524,-13.647296342,15.946717969,4.013580391,0.032100230
1609060473.028273106,-13.656126892,15.900536317,4.013205588,-13.669269812,15.885904316,4.016082454,0.019877328
1609060473.079199076,-13.683225616,15.827166533,4.013965660,-13.692742335,15.824451124,4.017837622,0.010627015
1609060473.127213001,-13.709129491,15.757599723,4.016712771,-13.716994343,15.763619272,4.020416241,0.010573862
1609060473.180847168,-13.737468027,15.681917675,4.022857141,-13.758835505,15.643297116,4.025682750,0.044227827
1609060473.228025198,-13.760698053,15.615936984,4.026406227,-13.778090577,15.588176855,4.028614797,0.032832947
1609060473.279670000,-13.785109947,15.543748284,4.028555507,-13.800297334,15.527322086,4.032037056,0.022640625
1609060473.329110146,-13.808064780,15.476898904,4.032262608,-13.820307195,15.469661751,4.034377734,0.014377999
1609060473.380846024,-13.829463451,15.409559743,4.035401371,-13.835462356,15.419139627,4.037724621,0.011539434
1609060473.428627014,-13.848740668,15.348917665,4.038473627,-13.870924459,15.309350387,4.043785290,0.045671696
1609060473.479654074,-13.867998392,15.283701361,4.044715443,-13.887641470,15.258384670,4.046199945,0.032077860
1609060473.528223991,-13.885552505,15.223846371,4.047577298,-13.903700121,15.201379134,4.049365516,0.028936317
1609060473.579666138,-13.906969091,15.154324576,4.052189833,-13.919691890,15.144488972,4.051641478,0.016090663
1609060473.629147053,-13.923423754,15.094287611,4.054754503,-13.935862675,15.092483908,4.053998730,0.012591715
1609060473.680805206,-13.940293976,15.032266360,4.056662029,-13.960110003,14.999357918,4.056254290,0.038416231
1609060473.728483200,-13.953829409,14.977716709,4.057752710,-13.971128108,14.953992888,4.057634593,0.029361176
1609060473.778892040,-13.962749428,14.927301753,4.058306362,-13.980155668,14.910468594,4.059712587,0.024255101
1609060473.832645178,-13.975100379,14.871061972,4.060591345,-13.991371917,14.869005473,4.061388272,0.016420330
1609060473.888217211,-13.985721252,14.815707065,4.063193378,-14.003847868,14.790641485,4.065875915,0.031049211
1609060473.933340073,-13.993532108,14.772630877,4.065053727,-14.010666967,14.753786209,4.067941392,0.025633249
1609060473.979749203,-14.000431586,14.730107179,4.067029195,-14.014951386,14.717729534,4.070527284,0.019397610
1609060474.028207064,-14.005287971,14.688518598,4.068760993,-14.019361168,14.682774786,4.072408931,0.015631817
1609060474.084556103,-14.008725896,14.641868266,4.070883949,-14.020854953,14.650138367,4.074540783,0.015128814
1609060474.137107134,-14.011018145,14.603735833,4.073195995,-14.025667367,14.586728158,4.077712373,0.022896689
1609060474.179860115,-14.011818483,14.573990733,4.075344532,-14.025748220,14.560825081,4.081759794,0.020212065
1609060474.228349209,-14.011392323,14.542023070,4.078928614,-14.023774947,14.533542733,4.084634951,0.016056393
1609060474.277875185,-14.010145764,14.511081147,4.083848703,-14.021794988,14.507206336,4.087198654,0.012725594
1609060474.327560186,-14.007611862,14.481747679,4.086926624,-14.021318301,14.482493515,4.089954925,0.014056790
1609060474.380293131,-14.005201720,14.452628589,4.088057170,-14.014118083,14.434949908,4.093484739,0.020530363
1609060474.427479029,-14.001365627,14.428172689,4.090591225,-14.011067223,14.414863738,4.098026221,0.018070094
1609060474.477905989,-13.995676915,14.404017434,4.093988926,-14.006580471,14.393281400,4.100027114,0.016450217
1609060474.528779030,-13.989824767,14.380977697,4.096208146,-14.001592375,14.373383812,4.102847727,0.015499281
1609060474.581426144,-13.984938425,14.357903586,4.109982210,-13.996619227,14.355016105,4.104752758,0.013119674
1609060474.629651070,-13.978919104,14.338455973,4.113111234,-13.985741648,14.319108007,4.107640755,0.021232453
1609060474.680217981,-13.973211845,14.314903429,4.118129742,-13.979259680,14.301975044,4.108063859,0.017465436
1609060474.727298021,-13.967033014,14.296991276,4.121183751,-13.973156151,14.286299390,4.109512838,0.016971136
1609060474.781194210,-13.959346597,14.276091953,4.118471243,-13.966073965,14.269666376,4.110045731,0.012551286
1609060474.828670979,-13.952212283,14.258469188,4.120240549,-13.959446714,14.254123271,4.110609511,0.012805502
1609060474.881358147,-13.944259452,14.236125188,4.115286495,-13.946497172,14.221354501,4.111294736,0.015463335
1609060474.929676056,-13.937214522,14.220351331,4.114510317,-13.940152222,14.209850945,4.111709085,0.011257668
1609060475.000697136,-13.926914826,14.198538582,4.114005290,-13.927692325,14.185228897,4.112121935,0.013464741
1609060475.084722042,-13.912855015,14.168976270,4.112915400,-13.913809988,14.157170993,4.111357928,0.011945805
1609060475.126618147,-13.905759883,14.154357394,4.111348880,-13.906987768,14.143604330,4.111925074,0.010838269
1609060475.178278208,-13.898155652,14.137268770,4.109846818,-13.899927570,14.130198845,4.106531561,0.008007151
1609060475.229041100,-13.889350679,14.120342168,4.106421271,-13.893415937,14.117573142,4.103348160,0.005799815
1609060475.281843185,-13.880404762,14.103879570,4.103566785,-13.886450919,14.104037815,4.100305618,0.006871408
1609060475.328446150,-13.872530207,14.088757622,4.099976540,-13.872566287,14.078903022,4.095108499,0.010991464
1609060475.379393101,-13.864460341,14.072713509,4.095524728,-13.864996003,14.065017876,4.091533965,0.008685383
1609060475.430552006,-13.855318380,14.054533887,4.090999681,-13.858167314,14.050639175,4.088238118,0.005559806
1609060475.480121136,-13.847280449,14.039443758,4.085546833,-13.851217722,14.037065779,4.084712554,0.004674711
1609060475.529694080,-13.838869635,14.023088673,4.081145433,-13.836492985,14.009301047,4.077397265,0.014484332
1609060475.580530167,-13.830140657,14.005186538,4.078666793,-13.829131243,13.995193174,4.074071857,0.011045347
1609060475.623762131,-13.822240171,13.989483850,4.074946922,-13.821099587,13.980387139,4.070606212,0.010143611
1609060475.681043148,-13.812580517,13.972585697,4.070962251,-13.812960156,13.965269965,4.067552596,0.008080211
1609060475.730020046,-13.802883261,13.954439023,4.067335738,-13.805288989,13.951080963,4.064461476,0.005032442
1609060475.781841040,-13.790933546,13.934269941,4.064482812,-13.786692525,13.918612815,4.059651236,0.016925601
1609060475.829219103,-13.779803000,13.915328613,4.061570420,-13.777532357,13.902365164,4.056302695,0.014175887
1609060475.878290176,-13.766133257,13.892538702,4.055379079,-13.766835206,13.884574033,4.053378562,0.008242012
1609060475.927850008,-13.752546577,13.870201016,4.051946084,-13.756450633,13.866844714,4.050601714,0.005321067
1609060475.980598211,-13.738729666,13.846414840,4.045663607,-13.745772104,13.849469621,4.049057521,0.008393228
1609060476.029070139,-13.724543966,13.824692209,4.045386176,-13.722482320,13.811143094,4.045190096,0.013706471
1609060476.079783201,-13.709595149,13.800701960,4.042995365,-13.711439925,13.792853923,4.043589279,0.008083787
1609060476.149460077,-13.688652415,13.765221121,4.041225322,-13.697187826,13.770470525,4.042618681,0.010116863
1609060476.228608131,-13.661866636,13.722264643,4.038587164,-13.667240857,13.724382841,4.040805668,0.006187953
1609060476.282281160,-13.643820735,13.693728012,4.037191782,-13.638727810,13.678953540,4.039677242,0.015824046
1609060476.327225208,-13.627445772,13.667664166,4.036893386,-13.623205095,13.654690131,4.039571715,0.013909794
1609060476.372508049,-13.610745763,13.642176881,4.037334057,-13.607269895,13.629670779,4.040197568,0.013292252
1609060476.429035187,-13.588937896,13.608031480,4.038629008,-13.591956210,13.606203374,4.040651530,0.004067282
1609060476.480401039,-13.569218943,13.576684508,4.040817070,-13.574212843,13.580121462,4.041312478,0.006082526
1609060476.533285141,-13.547253004,13.541975265,4.041651261,-13.540221131,13.524442421,4.043096911,0.018945653
1609060476.579155207,-13.529197247,13.514779704,4.042224373,-13.521607165,13.495613115,4.043690787,0.020666829
1609060476.628695011,-13.508418055,13.482069683,4.043196972,-13.502461155,13.466386335,4.044612284,0.016836127
1609060476.680046082,-13.486565987,13.447082452,4.043557148,-13.484326434,13.437246006,4.045007077,0.010191838
1609060476.728375196,-13.465475199,13.414133931,4.044845364,-13.465394304,13.408219112,4.046683240,0.006194305
1609060476.779676199,-13.444046149,13.379189709,4.048203384,-13.445834913,13.377282530,4.047813786,0.002643633
1609060476.828135014,-13.422362094,13.345015347,4.049270399,-13.408493156,13.317060955,4.049368529,0.031205851
1609060476.876777172,-13.398713877,13.308092072,4.050266417,-13.389349838,13.286905244,4.049056707,0.023195480
1609060476.927697182,-13.374704601,13.270123032,4.051159638,-13.367532244,13.253129591,4.049313102,0.018537245
1609060476.979966164,-13.349154022,13.227563753,4.048044983,-13.346476959,13.218031277,4.048948516,0.009942391
1609060477.029965162,-13.325027736,13.188898555,4.048244133,-13.326757907,13.186089671,4.049039504,0.003393514
1609060477.080779076,-13.301742834,13.151918197,4.047765296,-13.307588431,13.155507920,4.049000842,0.006970199
1609060477.126787186,-13.280689756,13.115993174,4.048492940,-13.269695624,13.095555300,4.049316368,0.023221879
1609060477.179460049,-13.256085897,13.076717544,4.048503586,-13.251035727,13.065034848,4.048691762,0.012728905
1609060477.227986097,-13.233984728,13.041677277,4.048442594,-13.232764614,13.035862598,4.048324713,0.005942480
1609060477.281500101,-13.209383638,13.002062170,4.047910373,-13.213933953,13.005124901,4.047846438,0.005485415
1609060477.332756996,-13.186535907,12.965824228,4.046280737,-13.178425963,12.948683142,4.048249867,0.019064771
1609060477.378741980,-13.166051336,12.933153959,4.044937885,-13.158464942,12.920159683,4.049062763,0.015601897
1609060477.428728104,-13.143086915,12.898159421,4.044875223,-13.142011634,12.889897579,4.048555569,0.009108195
1609060477.480911016,-13.119442127,12.863385475,4.046217674,-13.124095528,12.861472837,4.048564022,0.005551367
1609060477.529803991,-13.097331580,12.830804083,4.046583428,-13.086736172,12.807595241,4.048804166,0.025609465
1609060477.578423023,-13.076194333,12.798927069,4.047711601,-13.068913679,12.781215616,4.048482541,0.019165016
1609060477.627958059,-13.054028462,12.767285679,4.047991184,-13.051408999,12.754701386,4.049336104,0.012924196
1609060477.680728197,-13.033762461,12.737622533,4.047075704,-13.034108234,12.729321105,4.049325273,0.008607778
1609060477.723581076,-13.015706168,12.712421589,4.047533443,-13.016661228,12.704305508,4.049685741,0.008450757
1609060477.773975134,-12.993852817,12.683758369,4.048665185,-12.998556032,12.679148136,4.050447113,0.006822737
1609060477.828898191,-12.970008601,12.653564912,4.049163635,-12.962790049,12.633152081,4.050587946,0.021698383
1609060477.879162073,-12.950845547,12.625770547,4.049020438,-12.946304254,12.611192867,4.050575715,0.015347671
1609060477.927370071,-12.929972364,12.600283303,4.048405088,-12.926487979,12.587291644,4.050672430,0.013640564
1609060477.979067087,-12.905408457,12.570873549,4.050673428,-12.905966057,12.563435669,4.050821789,0.007460226
1609060478.028429985,-12.883065344,12.546030506,4.051173107,-12.887194338,12.542630954,4.050055023,0.005464033
1609060478.080372095,-12.858814730,12.520448623,4.048120721,-12.850452630,12.504634580,4.049879032,0.017974992
1609060478.126526117,-12.836656320,12.498448237,4.048049982,-12.830790247,12.485994047,4.049592386,0.013852677
1609060478.172044992,-12.812951311,12.477765846,4.047293848,-12.810763280,12.468266440,4.050430321,0.010240295
1609060478.225057125,-12.786708537,12.454892452,4.046876760,-12.792297177,12.452482472,4.050121739,0.006897159
1609060478.281713009,-12.758495794,12.431912883,4.046035934,-12.771696740,12.434932709,4.050130859,0.014147534
1609060478.329128027,-12.735246506,12.414119273,4.045162444,-12.729067523,12.404597432,4.048861101,0.011938398
1609060478.379383087,-12.709644535,12.395708315,4.043833408,-12.706260102,12.390376373,4.048958376,0.008133222
1609060478.427805185,-12.684437604,12.379180774,4.042800592,-12.683974610,12.375098946,4.047884458,0.006536159
1609060478.480800152,-12.657538985,12.363508284,4.042976409,-12.660937246,12.361446916,4.047180797,0.005785697
1609060478.528940201,-12.630575930,12.348946881,4.042064359,-12.636806545,12.349232098,4.046659183,0.007746891
1609060478.580368996,-12.601589185,12.335423083,4.040974368,-12.611739076,12.336910856,4.045987785,0.011417886
1609060478.629499197,-12.573434479,12.322968243,4.040087913,-12.565232527,12.313687250,4.044880984,0.013280903
1609060478.680297136,-12.544118470,12.311390095,4.038959957,-12.539439430,12.304697437,4.043483386,0.009335229
1609060478.728594065,-12.515878841,12.301260564,4.036977351,-12.512611304,12.293077109,4.041206115,0.009773852
1609060478.779266119,-12.487141354,12.290096933,4.035756849,-12.483619270,12.282879596,4.039334161,0.008791597
1609060478.829585075,-12.456683363,12.280219855,4.033536109,-12.456404595,12.274833860,4.037894997,0.006934447
1609060478.880124092,-12.425778150,12.269053326,4.031003737,-12.406298394,12.259198951,4.033978482,0.022032220
1609060478.926433086,-12.397068808,12.260942784,4.029098751,-12.380540210,12.251524632,4.032410905,0.019309752
1609060478.979730129,-12.364475097,12.252678314,4.027493816,-12.352502982,12.246555398,4.030510230,0.013781161
1609060479.029379129,-12.333675596,12.245597883,4.025259430,-12.325874502,12.240513587,4.028312538,0.009799418
1609060479.080957174,-12.299926400,12.233782198,4.024530822,-12.299375890,12.233971905,4.026122219,0.001694577
1609060479.130403042,-12.268031079,12.226107530,4.022669360,-12.244716054,12.225118620,4.022010482,0.023345288
1609060479.180795193,-12.234401623,12.221557380,4.018961759,-12.217955937,12.220069298,4.019848416,0.016536661
1609060479.228103161,-12.203161364,12.215079823,4.017151298,-12.192063963,12.214390387,4.018245618,0.011172519
1609060479.282148123,-12.166839253,12.213499736,4.013926672,-12.165310551,12.210257518,4.016957177,0.004693919
1609060479.328881025,-12.135837822,12.209111758,4.012481947,-12.137743665,12.207177523,4.015395613,0.003982832
1609060479.380424023,-12.101202547,12.203596660,4.010707798,-12.109821036,12.202916304,4.013807241,0.009184105
1609060479.428443193,-12.069540889,12.198693972,4.008748202,-12.056349523,12.193798852,4.010521044,0.014181583
1609060479.481338024,-12.036139255,12.193321195,4.006674695,-12.029657225,12.189946634,4.008790512,0.007607960
1609060479.528342009,-12.005524830,12.188611884,4.004609075,-11.999864816,12.184903280,4.006515303,0.007030164
1609060479.579895020,-11.972576899,12.184064151,4.002193319,-11.970346174,12.178705959,4.004582104,0.006276355
1609060479.629096031,-11.939950222,12.177515777,3.999880819,-11.942167231,12.173812753,4.003042781,0.005350282
1609060479.680663109,-11.906106203,12.169580353,3.996639730,-11.888098214,12.163276990,3.999959126,0.019365910
1609060479.729127169,-11.873649593,12.162608730,3.995565648,-11.860552175,12.156667313,3.998336642,0.014646542
1609060479.779810190,-11.840526048,12.155374023,3.995257649,-11.832197984,12.149453854,3.996981710,0.010362308
1609060479.828247070,-11.807232986,12.146675715,3.993509165,-11.803976178,12.143229362,3.995407244,0.005107529
1609060479.881755114,-11.772168140,12.136089859,3.991184413,-11.774767097,12.133774033,3.993221418,0.004033239
1609060479.928881168,-11.737936362,12.124619851,3.989119531,-11.713616673,12.114148324,3.988716143,0.026481369
1609060479.979612112,-11.703602728,12.113723539,3.986768604,-11.681226791,12.103789019,3.987157651,0.024485274
1609060480.028473139,-11.667954751,12.100795476,3.985014422,-11.650266735,12.091025486,3.985599621,0.020215368
1609060480.078821182,-11.631908074,12.087175561,3.983737704,-11.619391485,12.077898145,3.983951036,0.015581430
1609060480.128672123,-11.594437277,12.072228351,3.982846369,-11.586265950,12.065837707,3.982330912,0.010386367
1609060480.181447983,-11.551614210,12.050574051,3.981089598,-11.552848902,12.051269400,3.981925619,0.001645267
1609060480.227405071,-11.513798595,12.032753683,3.980627421,-11.485901127,12.019138439,3.979744655,0.031055159
1609060480.277834177,-11.471185330,12.012092204,3.978067788,-11.452397264,12.003614220,3.979871944,0.020691124
1609060480.328183174,-11.427477544,11.990064639,3.977662268,-11.413782370,11.984162039,3.979968862,0.015090357
1609060480.379876137,-11.384263651,11.969369331,3.976419208,-11.373318023,11.962508832,3.979407735,0.013259130
1609060480.429113150,-11.341150756,11.947192921,3.977549293,-11.336690707,11.941468307,3.979333334,0.007473021
1609060480.480789185,-11.293952429,11.921100015,3.977730683,-11.264264216,11.902556860,3.979370191,0.035041784
1609060480.532296181,-11.247411988,11.895226244,3.978584784,-11.226443903,11.880338978,3.978975391,0.025718551
1609060480.580609083,-11.202669465,11.869649484,3.978713449,-11.189014603,11.857173439,3.978992116,0.018498233
1609060480.629172087,-11.156860024,11.842558334,3.978356620,-11.149916284,11.834673324,3.979191980,0.010539769
1609060480.680544138,-11.110040096,11.813628410,3.977928847,-11.110430713,11.810585963,3.980010201,0.003706899
1609060480.729022980,-11.065337688,11.786417395,3.978579532,-11.033952981,11.762078436,3.980936791,0.039786197
1609060480.779507160,-11.019788046,11.758212411,3.979146559,-10.995165596,11.738581800,3.982083797,0.031626781
1609060480.830286980,-10.971383341,11.728480835,3.980549160,-10.954728211,11.713770087,3.983358097,0.022398428
1609060480.878767014,-10.925376789,11.700416061,3.981414145,-10.915174620,11.688267876,3.984199345,0.016106520
1609060480.928699017,-10.877471701,11.670380943,3.981738251,-10.875412905,11.662899551,3.984612285,0.008274656
1609060480.981075048,-10.830470444,11.642426459,3.980675810,-10.833068462,11.637851172,3.985626409,0.007224360
1609060481.028006077,-10.784998936,11.614490233,3.980293053,-10.754204915,11.586534758,3.985966879,0.041975857
1609060481.078581095,-10.739336069,11.585240605,3.979893633,-10.716089771,11.562247619,3.986463270,0.033350081
1609060481.128023148,-10.691797636,11.556357303,3.979892176,-10.671020045,11.534775818,3.987405565,0.030885593
1609060481.179006100,-10.644875518,11.527612114,3.984480864,-10.626166319,11.506887081,3.988011595,0.028142977
1609060481.229451180,-10.597387195,11.499043699,3.985448108,-10.586964763,11.480989307,3.988314277,0.021042887
1609060481.281218052,-10.543171100,11.465148933,3.986698568,-10.509069367,11.436273584,3.987731762,0.044696549
1609060481.326537132,-10.498521915,11.439204820,3.986577991,-10.470457059,11.411930148,3.987134415,0.039138900
1609060481.379728079,-10.446945623,11.406837302,3.985425104,-10.432287298,11.388210606,3.986330586,0.023720038
1609060481.444012165,-10.383566740,11.370641030,3.984152352,-10.354488964,11.345885585,3.983343141,0.038196910
1609060481.485725164,-10.348960950,11.352894006,3.981365568,-10.317274059,11.324303392,3.981890695,0.042682057
1609060481.527129173,-10.310433002,11.330889599,3.981060883,-10.280401860,11.303403995,3.980187773,0.040719654
1609060481.580744982,-10.258297376,11.302831809,3.979444373,-10.239581057,11.282504287,3.978230015,0.027658333
1609060481.628387213,-10.213955735,11.280183753,3.976635116,-10.201495082,11.262819917,3.977526421,0.021390772
1609060481.682008028,-10.163057498,11.254666128,3.974892036,-10.165845246,11.244474073,3.975859930,0.010610671
1609060481.727735043,-10.120150508,11.233639905,3.973694371,-10.089540556,11.207636776,3.973429811,0.040164684
1609060481.779087067,-10.074367636,11.210838014,3.971845938,-10.051577827,11.190682907,3.972825783,0.030439511
1609060481.828232050,-10.029976793,11.190327694,3.970809089,-10.015915614,11.172023363,3.972632710,0.023153637
1609060481.879717112,-9.986221272,11.170585909,3.969276594,-9.979683083,11.154517337,3.971584762,0.017500701
1609060481.933407068,-9.940331268,11.149830872,3.968544621,-9.944820724,11.139598803,3.970547652,0.011351765
1609060481.981904984,-9.899526691,11.131564762,3.967004324,-9.871339927,11.107118260,3.968944395,0.037361598
1609060482.028050184,-9.859611392,11.114350650,3.965336798,-9.837930347,11.092860865,3.967805235,0.030626324
1609060482.081947088,-9.815982536,11.096931139,3.964613072,-9.801905392,11.078169333,3.966951814,0.023572040
1609060482.128210068,-9.777286692,11.081662913,3.962983350,-9.764152717,11.065060708,3.965917835,0.021371610
1609060482.180625200,-9.737333581,11.066139685,3.962542507,-9.728698846,11.049866430,3.964520143,0.018528047
1609060482.228815079,-9.698202931,11.050771739,3.960381221,-9.662180914,11.024853684,3.961400033,0.044388842
1609060482.279059172,-9.659198984,11.035301758,3.959322064,-9.628162810,11.013073975,3.960015166,0.038181132
1609060482.327528000,-9.620800004,11.020828737,3.957431371,-9.597268154,10.999560327,3.958785578,0.031747868
1609060482.380026102,-9.575547536,11.001439268,3.954058860,-9.565082451,10.986979553,3.957169865,0.018118491
1609060482.429511070,-9.535769599,10.986294162,3.951887900,-9.533243198,10.976951878,3.955528093,0.010339825
1609060482.482517004,-9.496481754,10.971863571,3.947501247,-9.472221482,10.952889090,3.952312117,0.031172683
1609060482.527718067,-9.461369371,10.958806826,3.945085587,-9.442837814,10.941371723,3.950525407,0.026019090
1609060482.621788979,-9.400997850,10.935418853,3.942919370,-9.386381766,10.922005550,3.946547871,0.020167117
1609060482.734424114,-9.327459061,10.906526430,3.938514986,-9.304027480,10.890338275,3.940145934,0.028526397
1609060482.779277086,-9.297728394,10.894675793,3.936361172,-9.277087624,10.879728351,3.938491178,0.025573509
1609060482.828587055,-9.266871546,10.882014393,3.934505960,-9.251711446,10.868206859,3.937515106,0.020725144
1609060482.881298065,-9.236833259,10.869215757,3.932656276,-9.226499942,10.857520575,3.936725470,0.016128021
1609060482.930871010,-9.208115725,10.856466217,3.933182972,-9.201621414,10.846945156,3.936235651,0.011922480
1609060482.980209112,-9.181130782,10.843223513,3.934256547,-9.177094190,10.834469736,3.935823904,0.009766233
1609060483.028465986,-9.153990944,10.829133745,3.934899898,-9.131786665,10.810125296,3.936511697,0.029273692
1609060483.081049204,-9.127176221,10.814559218,3.936498655,-9.109259597,10.798393932,3.937307176,0.024144888
1609060483.128555059,-9.101132249,10.800892161,3.937513517,-9.087461944,10.785720743,3.938027021,0.020428237
1609060483.180977106,-9.078278044,10.786885587,3.938058818,-9.067135215,10.772056621,3.939717917,0.018622928
1609060483.230127096,-9.053201326,10.771026490,3.939410801,-9.025205234,10.745120661,3.941946260,0.038227238
1609060483.281493187,-9.030179144,10.752822278,3.939134957,-9.005315757,10.729472295,3.942899728,0.034315933
1609060483.328428030,-9.006778421,10.735804338,3.940112340,-8.985765768,10.713795537,3.943744573,0.030644935
1609060483.378969193,-8.985069155,10.717221786,3.945255442,-8.964424604,10.695402434,3.945595847,0.030039931
1609060483.430318117,-8.960634018,10.695397645,3.946787927,-8.944796429,10.676454110,3.946079115,0.024702007
1609060483.480869055,-8.936477169,10.668849047,3.949372039,-8.908422335,10.637174330,3.949090438,0.042313599
1609060483.528273106,-8.913119575,10.644830961,3.951170736,-8.889367281,10.615454339,3.950547590,0.037782875
1609060483.579897165,-8.890532882,10.614441911,3.950565583,-8.870676272,10.592916867,3.951510873,0.029300274
1609060483.628494024,-8.866824123,10.586136794,3.951362231,-8.853515021,10.570814673,3.952113491,0.020309210
1609060483.682538033,-8.844512965,10.551500996,3.951728071,-8.835253287,10.545678987,3.952385261,0.010957616
1609060483.730038166,-8.824692068,10.522249395,3.953027865,-8.799468317,10.492412999,3.952486464,0.039073537
1609060483.772054195,-8.805620821,10.493850643,3.952956699,-8.781147850,10.462740585,3.952861262,0.039582460
1609060483.822942019,-8.783197396,10.457506384,3.952570296,-8.763033657,10.432252508,3.952423104,0.032316502
1609060483.874164104,-8.761139314,10.418976315,3.951620577,-8.745532867,10.401142080,3.952214744,0.023705994
1609060483.923398018,-8.739044778,10.380550579,3.950731775,-8.728318705,10.368127975,3.951181701,0.016418653
1609060483.980666161,-8.717543110,10.336417679,3.949520837,-8.711051327,10.334463936,3.951132807,0.006968415
1609060484.028288126,-8.697433080,10.298387840,3.948786518,-8.677509631,10.267582986,3.948879237,0.036686393
1609060484.081130028,-8.676163205,10.255058576,3.948521540,-8.659976527,10.233109138,3.947452258,0.027293401
1609060484.131193161,-8.654632702,10.213560655,3.946481282,-8.641806082,10.197063361,3.946091134,0.020900601
1609060484.179687977,-8.634662005,10.172444972,3.944048053,-8.624951820,10.161546777,3.943471959,0.014607883
1609060484.229885101,-8.611950145,10.127186624,3.940956622,-8.591633182,10.085807498,3.937734296,0.046210329
1609060484.281463146,-8.592451330,10.081092701,3.938033809,-8.575615625,10.047517557,3.934838615,0.037695364
1609060484.329643011,-8.570304701,10.038069808,3.934439953,-8.557503770,10.010142557,3.931710434,0.030842268
1609060484.380283117,-8.551179436,9.993897172,3.929234794,-8.539726041,9.970428978,3.927744522,0.026156401
1609060484.429648161,-8.528366203,9.950298983,3.924807936,-8.520713214,9.932222818,3.923717974,0.019659705
1609060484.481362104,-8.507494401,9.906318317,3.918527081,-8.485348972,9.860284969,3.913487593,0.051331137
1609060484.534080029,-8.482180499,9.860538988,3.912050485,-8.465844048,9.823479896,3.909207882,0.040599708
1609060484.579492092,-8.458160867,9.815826207,3.907753361,-8.445874587,9.787289274,3.904641864,0.031224839
1609060484.629556179,-8.430652884,9.772466884,3.901181757,-8.426386134,9.752552591,3.899379014,0.020445882
1609060484.681941986,-8.402503381,9.726795309,3.891861063,-8.404538803,9.716727671,3.893120933,0.010348311
1609060484.730236053,-8.372690335,9.685885835,3.885607602,-8.358504373,9.648477993,3.882941262,0.040096104
1609060484.779811144,-8.346107563,9.644693840,3.876820578,-8.334155803,9.614862451,3.877498237,0.032143671
1609060484.828018188,-8.318241464,9.607026909,3.872029979,-8.310488819,9.583953244,3.872401643,0.024344109
1609060484.878533125,-8.285885333,9.567530586,3.865242869,-8.284659860,9.552438962,3.866270225,0.015176112
1609060484.930534124,-8.254539375,9.530415202,3.859204015,-8.258595598,9.522264639,3.860917812,0.009264002
1609060484.981159210,-8.219978652,9.493993809,3.852162736,-8.201685982,9.462780897,3.850185817,0.036232249
1609060485.028194189,-8.185301988,9.461744976,3.845218648,-8.173891837,9.437525537,3.844716398,0.026777323
1609060485.079768181,-8.148114906,9.428359038,3.837108020,-8.141601034,9.410360960,3.839558141,0.019296747
1609060485.129080057,-8.110594738,9.397459064,3.830241867,-8.111788502,9.384590871,3.834359764,0.013563648
1609060485.180635214,-8.072683374,9.367644172,3.823301000,-8.080096755,9.361291910,3.829773832,0.011713539
1609060485.228953123,-8.033827601,9.340376266,3.817727325,-8.012490530,9.315549947,3.820647946,0.032865587
1609060485.278696060,-7.993917440,9.313624058,3.811882447,-7.978540199,9.294278813,3.816176295,0.025082568
1609060485.329076052,-7.949344840,9.288215266,3.805912211,-7.939587888,9.270232055,3.811482029,0.021204171
1609060485.380200148,-7.907527601,9.263839071,3.799912594,-7.897551065,9.248075658,3.806257484,0.019704672
1609060485.430720091,-7.861349110,9.240718706,3.794567981,-7.858177151,9.229537444,3.801843100,0.013711649
1609060485.481105089,-7.818837568,9.218632275,3.791416378,-7.782924955,9.194484314,3.792221594,0.043283809
1609060485.527322054,-7.774538958,9.199643681,3.787122890,-7.742812601,9.177606777,3.788596222,0.038656922
1609060485.581003189,-7.726463206,9.180732724,3.782405085,-7.701232046,9.162221939,3.784463481,0.031360765
1609060485.629459143,-7.679260928,9.163305400,3.778249628,-7.662795330,9.148558324,3.779680847,0.022150407
1609060485.682391167,-7.624370300,9.143327571,3.768583895,-7.622143996,9.133002781,3.775263008,0.012496730
1609060485.728686094,-7.576500693,9.128218887,3.764214387,-7.538087038,9.107511194,3.768548534,0.043854330
1609060485.780714035,-7.524632358,9.110910104,3.757939595,-7.496793957,9.094202303,3.765007939,0.033227830
1609060485.828873158,-7.474568282,9.095889088,3.753365718,-7.459639856,9.080741964,3.762185005,0.023023316
1609060485.880715132,-7.425647462,9.079013497,3.753135344,-7.421341483,9.069009773,3.759105509,0.012420098
1609060485.935539007,-7.373759730,9.063625876,3.748826231,-7.337651989,9.045807272,3.752291114,0.040413822
1609060485.979164124,-7.329250361,9.050723520,3.744435826,-7.298118824,9.032985234,3.748203071,0.036027927
1609060486.027441025,-7.282457760,9.036227400,3.741665052,-7.256907813,9.020928261,3.744767139,0.029941382
1609060486.080199003,-7.230591656,9.020232184,3.736551179,-7.214522428,9.009527260,3.740916001,0.019795635
1609060486.128912210,-7.183180687,9.005740060,3.730434413,-7.173984392,8.997515567,3.735886716,0.013488578
1609060486.179495096,-7.135769539,8.991484141,3.722552398,-7.133882313,8.983960136,3.729284290,0.010270864
1609060486.228121042,-7.090008053,8.976716952,3.713995813,-7.054993860,8.959607415,3.715530383,0.039001088
1609060486.281726122,-7.042620349,8.958693304,3.703986413,-7.017325622,8.945290994,3.708584052,0.028992816
1609060486.327965021,-7.001370972,8.942364571,3.695706994,-6.979113830,8.929457382,3.699991166,0.026083136
1609060486.380213022,-6.957502232,8.923357876,3.686611224,-6.944426724,8.914316270,3.693488470,0.017320972
1609060486.428727150,-6.914311349,8.903567150,3.677189959,-6.868163707,8.880817030,3.677118050,0.051450734
1609060486.481432199,-6.872726784,8.882720681,3.669430009,-6.832778552,8.861580924,3.668698977,0.045202710
1609060486.527513027,-6.834259622,8.861999986,3.661026210,-6.799200688,8.842721579,3.661671039,0.040015018
1609060486.580152035,-6.792539605,8.837624712,3.655529353,-6.766059750,8.824531304,3.654215934,0.029569327
1609060486.629222155,-6.752895371,8.814186565,3.646873489,-6.732426155,8.803805581,3.646249966,0.022959582
1609060486.680812120,-6.715608631,8.790178132,3.638495587,-6.669589591,8.760030715,3.631139835,0.055504287
1609060486.728094101,-6.678987919,8.764410347,3.630532188,-6.636775732,8.735878215,3.623494883,0.051434180
1609060486.779956102,-6.640795309,8.731899500,3.621995291,-6.606423444,8.710487059,3.615797431,0.040967440
1609060486.829302073,-6.603819256,8.700961681,3.614151092,-6.577443845,8.684411453,3.608521320,0.031642799
1609060486.881893158,-6.565169065,8.663602306,3.602936192,-6.546452092,8.656970747,3.601030440,0.019948296
1609060486.933675051,-6.526587775,8.626804378,3.594621680,-6.491357201,8.601440790,3.588721826,0.043809967
1609060486.980293036,-6.492114754,8.591325729,3.584926205,-6.465132605,8.573442784,3.582909846,0.032433036
1609060487.030152082,-6.459250320,8.555482602,3.579304533,-6.438449333,8.545723325,3.575988339,0.023214687
1609060487.081585169,-6.423772935,8.516317202,3.571853618,-6.411760437,8.514482163,3.570225597,0.012260422
1609060487.134253025,-6.391992728,8.476988751,3.565731827,-6.358500440,8.450889116,3.558405280,0.043088312
1609060487.179390192,-6.362494468,8.441193164,3.559455645,-6.333220786,8.416318453,3.553241169,0.038914257
1609060487.229357004,-6.331128322,8.400167945,3.552410417,-6.307257259,8.380925521,3.548038221,0.030971190
1609060487.281926155,-6.299933747,8.357017505,3.544989789,-6.283241945,8.346868217,3.543570575,0.019586692
1609060487.332370996,-6.271004230,8.315360606,3.539250722,-6.260375088,8.313987289,3.539288777,0.010717562
1609060487.381510019,-6.244058370,8.273812832,3.533848603,-6.212722579,8.241729897,3.531655996,0.044900490
1609060487.429805994,-6.217517025,8.233487479,3.528792118,-6.191704918,8.208291041,3.527330246,0.036100726
1609060487.481407166,-6.191244325,8.190736011,3.522952981,-6.169244574,8.171961269,3.523854794,0.028936020
1609060487.531018019,-6.163644245,8.148376948,3.517130717,-6.147733047,8.136014923,3.519448095,0.020281915
1609060487.573276997,-6.142774161,8.113430889,3.513375345,-6.127121995,8.101388417,3.516156076,0.019943517
1609060487.623480082,-6.115102841,8.070590988,3.507652991,-6.085312408,8.029205903,3.506886530,0.050997870
1609060487.680495024,-6.087635909,8.021679533,3.503048818,-6.065334830,7.994335525,3.502491355,0.035289427
1609060487.728843212,-6.061420242,7.981064653,3.497445797,-6.043692740,7.954510652,3.497820199,0.031929915
1609060487.780599117,-6.039103152,7.937171308,3.490894819,-6.021345708,7.913220648,3.492399990,0.029853416
1609060487.831240177,-6.013742882,7.893990497,3.484803023,-6.001011372,7.876785315,3.488004589,0.021641618
1609060487.881911993,-5.987183355,7.846407314,3.478617227,-5.965532057,7.807299020,3.477871129,0.044707874
1609060487.928303003,-5.963443485,7.806080649,3.472688987,-5.946384743,7.771130320,3.472727495,0.038891228
1609060487.979984045,-5.940477271,7.759232565,3.465627303,-5.928009516,7.735311417,3.467588960,0.027046521
1609060488.029487133,-5.915502641,7.715808054,3.459046943,-5.911495457,7.701105023,3.462062055,0.015534721
1609060488.082446098,-5.897166347,7.668665862,3.451852419,-5.893041116,7.665715801,3.455951502,0.006520956
1609060488.130092144,-5.878821710,7.627358731,3.445126308,-5.859080849,7.597848177,3.443749693,0.035531247
1609060488.181658030,-5.856111889,7.582385496,3.436950014,-5.842178755,7.561548312,3.436836036,0.025066580
1609060488.228613138,-5.836781340,7.543345112,3.428598432,-5.825536470,7.527431117,3.430766567,0.019606201
1609060488.281764984,-5.814522286,7.498461672,3.419881301,-5.810332436,7.495488853,3.424337589,0.006800809
1609060488.328850031,-5.795862575,7.459455873,3.412779207,-5.778542129,7.427676684,3.410820844,0.036245688
1609060488.380331039,-5.777331746,7.417794306,3.405869337,-5.763198586,7.394705826,3.404531221,0.027103776
1609060488.429883003,-5.758236622,7.378593505,3.398321168,-5.747615781,7.360990016,3.398553666,0.020560621
1609060488.480764151,-5.739504534,7.339381396,3.390410383,-5.732062451,7.327814694,3.392068875,0.013853656
1609060488.535542011,-5.720859908,7.297309047,3.379514744,-5.716439310,7.294587994,3.385679762,0.008059359
1609060488.580343008,-5.705068486,7.262722599,3.371883257,-5.701216954,7.260835100,3.379015028,0.008322206
1609060488.629785061,-5.685397299,7.225669412,3.364494230,-5.669968747,7.196793478,3.367269662,0.032856701
1609060488.681182146,-5.668069855,7.188573648,3.361766546,-5.654970632,7.167440152,3.362475348,0.024874016
1609060488.733952999,-5.646834708,7.151169001,3.355597882,-5.638226826,7.136649964,3.357135765,0.016948839
1609060488.780320168,-5.629505930,7.118556709,3.349786803,-5.621209410,7.108034582,3.351963283,0.013575141
1609060488.830223083,-5.607168669,7.084947764,3.343574402,-5.588601716,7.051426909,3.341553805,0.038372676
1609060488.878646135,-5.592380918,7.052953800,3.336561447,-5.572802076,7.022984039,3.336429022,0.035798536
1609060488.926599026,-5.572856206,7.019695388,3.330906527,-5.556392503,6.993312027,3.331676372,0.031108325
1609060488.980388165,-5.548898827,6.979068343,3.323352547,-5.538552151,6.961617749,3.327407359,0.020688606
1609060489.026468992,-5.528123499,6.947791830,3.318471275,-5.521296244,6.932821950,3.323077537,0.017085853
1609060489.085741043,-5.503634972,6.904860000,3.312179205,-5.487245798,6.878157334,3.316173304,0.031584651
1609060489.127518177,-5.483853623,6.875961511,3.309305188,-5.471245054,6.848236076,3.314171235,0.030844029
1609060489.181252003,-5.463255229,6.837575377,3.310532851,-5.449637553,6.821695288,3.312409112,0.021003302
1609060489.229586124,-5.441825750,6.804505952,3.308165048,-5.431805035,6.795126939,3.309816691,0.013824201
1609060489.282239199,-5.416051008,6.767589735,3.305352130,-5.412671658,6.766252711,3.307865452,0.004418646
1609060489.327752113,-5.395030000,6.737972811,3.303765867,-5.374285211,6.712195045,3.304337097,0.033093289
1609060489.379934072,-5.368131571,6.702489422,3.301275812,-5.352958623,6.684064009,3.302681403,0.023910038
1609060489.424185991,-5.344099350,6.673322451,3.299076646,-5.331821177,6.657719900,3.301335282,0.019982356
1609060489.474608183,-5.319110317,6.642323674,3.295977246,-5.310724730,6.632402964,3.299747721,0.013526087
1609060489.524008036,-5.291999952,6.609517129,3.293684129,-5.288378829,6.605264092,3.298176471,0.007168124
1609060489.573360205,-5.266917034,6.575839716,3.291327065,-5.244007017,6.552198943,3.293848156,0.033016827
1609060489.623059988,-5.237860271,6.543567102,3.288699235,-5.220853251,6.525239291,3.292310368,0.025262376
1609060489.680881023,-5.207894530,6.508965653,3.288308493,-5.196836090,6.498616568,3.290439871,0.015294948
1609060489.728197098,-5.177960955,6.479558326,3.285859116,-5.171072675,6.472104797,3.288377159,0.010456770
1609060489.780966043,-5.148473975,6.448319958,3.282210443,-5.145556105,6.445607461,3.287110909,0.006315550
1609060489.828963041,-5.117658324,6.419547273,3.279910616,-5.094206085,6.394548398,3.283454418,0.034460264
1609060489.879400015,-5.088629471,6.391960017,3.274816942,-5.069356790,6.371914698,3.281176441,0.028525326
1609060489.928678036,-5.055925455,6.364500001,3.271689953,-5.039568910,6.345237581,3.278820593,0.026256873
1609060489.979420185,-5.024085490,6.336312960,3.274403010,-5.008979415,6.319112248,3.276149091,0.022958807
1609060490.031026125,-4.987425322,6.309508623,3.272697523,-4.979154948,6.296846912,3.274506050,0.015231178
1609060490.081745148,-4.948590126,6.281443444,3.270074007,-4.920770405,6.256461726,3.271319901,0.037410899
1609060490.129084110,-4.911254492,6.258387865,3.268538876,-4.890651640,6.235903862,3.269643582,0.030516033
1609060490.180391073,-4.874435527,6.232631542,3.264467564,-4.858946253,6.216551980,3.267923294,0.022592299
1609060490.229308128,-4.835360109,6.209344175,3.262351040,-4.829154879,6.198588310,3.265969124,0.012933833
1609060490.280956984,-4.798062570,6.183808495,3.261140887,-4.798127351,6.179117359,3.263906102,0.005445857
1609060490.329324007,-4.763462592,6.164081378,3.260316883,-4.737125996,6.144259623,3.260644500,0.032964004
1609060490.380764008,-4.721961420,6.141320234,3.258229410,-4.704578608,6.126366826,3.258999347,0.022942523
1609060490.429780006,-4.685544086,6.120825390,3.256343406,-4.673989428,6.108368636,3.256992770,0.017003015
1609060490.481692076,-4.644204301,6.098598673,3.253966981,-4.643974691,6.092063533,3.255103839,0.006637259
1609060490.529579163,-4.608403654,6.077783391,3.250863235,-4.580072168,6.057053776,3.250287925,0.035110127
1609060490.579999208,-4.571935461,6.055887925,3.245848072,-4.549908138,6.038775231,3.247173730,0.027924982
1609060490.629163027,-4.534189165,6.033837938,3.242500164,-4.518577763,6.019855401,3.244313015,0.021036008
1609060490.681888103,-4.496298515,6.009082264,3.239592671,-4.486513198,6.001656765,3.241067926,0.012372018
1609060490.728027105,-4.462364595,5.987960265,3.235816261,-4.455806323,5.981659797,3.237316481,0.009217239
1609060490.781954050,-4.426606076,5.962815897,3.231141599,-4.424475296,5.960417708,3.233262668,0.003845838
1609060490.830234051,-4.391173324,5.938462936,3.226285467,-4.364142444,5.918985058,3.225773398,0.033321441
1609060490.882236004,-4.355779313,5.912588891,3.222488184,-4.335407688,5.896364443,3.221238267,0.026072938
1609060490.927493095,-4.323867443,5.886154051,3.218011859,-4.306368236,5.871916528,3.217383432,0.022568213
1609060490.979726076,-4.292434047,5.854757330,3.213688718,-4.277817629,5.846718609,3.213480964,0.016682443
1609060491.030094147,-4.257736379,5.822504355,3.209812644,-4.222620811,5.793021374,3.206499970,0.045970894
1609060491.081507206,-4.226220466,5.789417806,3.207328067,-4.195774182,5.764389555,3.203693240,0.039580318
1609060491.128799200,-4.194254522,5.756302033,3.204825290,-4.169106391,5.734753238,3.201251134,0.033309964
1609060491.179252148,-4.160738635,5.715306611,3.203564149,-4.142169490,5.701667794,3.199336802,0.023424366
1609060491.237707138,-4.122056074,5.667916949,3.201713581,-4.090340021,5.634459026,3.195204551,0.046558652
1609060491.285046101,-4.092490499,5.624836725,3.198601914,-4.064113771,5.597913761,3.192980909,0.039518102
1609060491.327813148,-4.063777365,5.586756322,3.196833017,-4.038490509,5.560351065,3.192400220,0.036828146
1609060491.379707098,-4.032303637,5.538573287,3.194371278,-4.013500261,5.522034509,3.191378276,0.025220154
1609060491.431063175,-4.003122228,5.490786354,3.193369433,-3.990229863,5.485691272,3.190550282,0.014146397
1609060491.483215094,-3.970728562,5.438940981,3.193211446,-3.965973521,5.445483800,3.191148958,0.008347021
1609060491.534535170,-3.942594944,5.388757806,3.195105390,-3.919041186,5.361370827,3.191977099,0.036257583
1609060491.580775023,-3.915127197,5.341111760,3.195765741,-3.895304886,5.317450666,3.193192675,0.030974054
1609060491.630144119,-3.887036220,5.290135431,3.195581049,-3.871596516,5.273114523,3.194094456,0.023028368
1609060491.681989193,-3.859565686,5.235883377,3.194984886,-3.849766553,5.228901869,3.195929593,0.012068842
1609060491.729292154,-3.833918871,5.186553783,3.195567736,-3.829133901,5.187650558,3.196400448,0.004979182
1609060491.782570124,-3.805932355,5.132054429,3.196455965,-3.784858974,5.098009120,3.199630126,0.040165230
1609060491.829774141,-3.780135156,5.082827376,3.199039473,-3.763925618,5.056209410,3.201103976,0.031233434
1609060491.882502079,-3.753255399,5.028040743,3.203314013,-3.741759376,5.011577996,3.203013489,0.020081606
1609060491.929095984,-3.727405174,4.980093527,3.204463934,-3.720992311,4.969665736,3.203921009,0.012253914
1609060491.981079102,-3.702523074,4.928369947,3.203919289,-3.700487900,4.928558717,3.204745271,0.002204498
1609060492.029659986,-3.674518681,4.880226956,3.204331600,-3.655129652,4.843308350,3.207089595,0.041791440
1609060492.080188990,-3.649968003,4.831634819,3.204851314,-3.633943006,4.803434333,3.207944615,0.032582763
1609060492.128679991,-3.622617149,4.785224125,3.205117213,-3.611002685,4.761478332,3.208347344,0.026630663
1609060492.182240009,-3.595638327,4.736544319,3.205351457,-3.589180966,4.723560605,3.208270828,0.014791791
1609060492.230466127,-3.568336747,4.692801722,3.205372362,-3.542692384,4.647225290,3.207833778,0.052353635
1609060492.279041052,-3.537529827,4.646779673,3.206522449,-3.518365525,4.610372105,3.208062725,0.041172247
1609060492.328356028,-3.506077869,4.604207869,3.206482531,-3.493402829,4.574662235,3.207848599,0.032178677
1609060492.380124092,-3.472857682,4.557154739,3.204340184,-3.466819070,4.539121285,3.207841168,0.019337197
1609060492.428395033,-3.438761111,4.517914608,3.204568120,-3.439471868,4.504566067,3.208018658,0.013805613
1609060492.484305143,-3.403590451,4.473921815,3.206034402,-3.385992000,4.443769429,3.209911273,0.035126942
1609060492.534708023,-3.368605009,4.437975482,3.208360208,-3.356648628,4.414114568,3.211132559,0.026832521
1609060492.579715014,-3.335259206,4.405962996,3.210252410,-3.326930996,4.384746394,3.213330199,0.022999480
1609060492.630504131,-3.299545379,4.370940134,3.210881282,-3.298351328,4.360258222,3.214631762,0.011383985
1609060492.682944059,-3.259037621,4.336460966,3.213179448,-3.266403364,4.332971734,3.216635948,0.008853039
1609060492.730010033,-3.223282295,4.308117261,3.215958418,-3.201103353,4.284853059,3.220585444,0.032473649
1609060492.779417038,-3.187454846,4.279890281,3.219477026,-3.167986267,4.261301456,3.222875498,0.027131524
1609060492.828896046,-3.147892769,4.252833551,3.222325584,-3.134825952,4.238559232,3.225500692,0.019610691
1609060492.881380081,-3.106641465,4.225994335,3.225105626,-3.100137384,4.216246976,3.229099918,0.012380163
1609060492.929259062,-3.067614198,4.201897044,3.229127502,-3.064866152,4.195713653,3.232641618,0.007624638
1609060492.980987072,-3.026254304,4.177715341,3.233769154,-3.028526560,4.174427889,3.236056913,0.004604816
1609060493.029018164,-2.983992290,4.155309168,3.237271323,-2.958571463,4.135057385,3.242188162,0.032871392
1609060493.079579115,-2.941969816,4.130495592,3.243466798,-2.922918644,4.116735716,3.245304397,0.023572401
1609060493.128925085,-2.899252440,4.107557149,3.247059294,-2.886407097,4.097187428,3.248131554,0.016543388
1609060493.180499077,-2.859886318,4.084572759,3.248476975,-2.851639131,4.078082054,3.249714198,0.010567689
1609060493.228688002,-2.817355237,4.062526490,3.249741764,-2.781173357,4.041390048,3.252356812,0.041984712
1609060493.280271053,-2.778394956,4.039696871,3.250080742,-2.745748712,4.021707744,3.252869983,0.037378681
1609060493.328587055,-2.737238805,4.015695779,3.249934453,-2.710321055,3.999935933,3.252744508,0.031318277
1609060493.380046129,-2.690773604,3.986530661,3.247176617,-2.672423585,3.975660834,3.252795997,0.022055697
1609060493.428469181,-2.648028885,3.959670077,3.246364952,-2.635112776,3.952465592,3.253031316,0.016222542
1609060493.480937004,-2.603632837,3.925088053,3.247865538,-2.567651824,3.905626464,3.251602512,0.041077387
1609060493.529367208,-2.560280073,3.894228553,3.246922711,-2.532539672,3.878478870,3.251280253,0.032195815
1609060493.579791069,-2.516780431,3.857734605,3.249915322,-2.496910515,3.850924507,3.250728555,0.021020284
1609060493.628499031,-2.477641958,3.824871848,3.248843357,-2.463239674,3.824049623,3.249206015,0.014430293
1609060493.682790041,-2.430708222,3.783567216,3.246678296,-2.428404229,3.792664809,3.247636454,0.009433591
1609060493.728916168,-2.392775118,3.749746114,3.245827852,-2.361029762,3.729210011,3.244788498,0.037823001
1609060493.780441999,-2.347806504,3.706734039,3.243287570,-2.325410757,3.693198186,3.243257351,0.026168487
1609060493.829635143,-2.307402377,3.664004367,3.240934544,-2.292081848,3.657052042,3.241448752,0.016832049
1609060493.883442163,-2.265249451,3.616207006,3.238285203,-2.259343047,3.622228898,3.238913895,0.008458372
1609060493.929495096,-2.226796100,3.572895452,3.236801541,-2.191568300,3.542221051,3.235737674,0.046723106
1609060493.978958130,-2.187461475,3.523550109,3.235635925,-2.159084841,3.499883402,3.234381800,0.036971871
1609060494.028350115,-2.146565504,3.472876606,3.233538843,-2.125415477,3.454313186,3.234099123,0.028146724
1609060494.082203150,-2.104475947,3.417201407,3.231876783,-2.090688389,3.409114652,3.232799628,0.016010747
1609060494.129577160,-2.064803008,3.364288303,3.230223126,-2.058871205,3.364294182,3.230420373,0.005935084
1609060494.183086157,-2.023690333,3.304029274,3.228399243,-1.991515558,3.264740085,3.229604412,0.050796742
1609060494.228484154,-1.986034452,3.250595928,3.227419097,-1.960718796,3.217288761,3.228997738,0.041865761
1609060494.280737162,-1.949243809,3.188661984,3.226677088,-1.926748641,3.163868435,3.227845597,0.033498031
1609060494.329248190,-1.909486091,3.129267493,3.225927121,-1.893656536,3.111677271,3.226773194,0.023679243
1609060494.374109983,-1.875423147,3.073585847,3.223888661,-1.862042060,3.059907569,3.226303853,0.019286833
1609060494.429419041,-1.830587105,3.003315469,3.222650761,-1.796710871,2.950190359,3.224332308,0.063029390
1609060494.481046200,-1.783696013,2.929048974,3.225904790,-1.765327827,2.896246124,3.224341653,0.037627923
1609060494.533081055,-1.738620026,2.858209163,3.225861855,-1.730076865,2.837573805,3.223563262,0.022451885
1609060494.580868006,-1.700665399,2.787240167,3.223374362,-1.697214749,2.780494806,3.223064885,0.007583051
1609060494.630129099,-1.657984480,2.717794377,3.223328959,-1.633088229,2.667181617,3.221314744,0.056440516
1609060494.679522991,-1.623879435,2.647274392,3.219522120,-1.600595119,2.608029371,3.220332261,0.045639757
1609060494.730046988,-1.584275297,2.574629216,3.218832086,-1.567574717,2.549367349,3.220536377,0.030331104
1609060494.779560089,-1.542908005,2.502531438,3.218525203,-1.534147918,2.488909696,3.220489774,0.016314120
1609060494.830006123,-1.503763737,2.428932969,3.218841558,-1.503404247,2.431117246,3.220670708,0.002871600
1609060494.881098986,-1.460786493,2.353084110,3.218949268,-1.435695247,2.307606769,3.221762066,0.052016065
1609060494.928388119,-1.422554436,2.282950365,3.219102568,-1.402540359,2.244393296,3.221081630,0.043487097
1609060494.981044054,-1.382267159,2.205144525,3.219247659,-1.370315429,2.183008123,3.221011268,0.025218535
1609060495.029597044,-1.343336381,2.133021466,3.219411891,-1.338951074,2.124635702,3.220376968,0.009512272
1609060495.082610130,-1.302690502,2.053831330,3.219297600,-1.304259948,2.061595074,3.221049786,0.008112277
1609060495.129621983,-1.264965813,1.983856963,3.219941584,-1.237795808,1.936062033,3.221006990,0.054988177
1609060495.180171013,-1.226727031,1.909045684,3.221785369,-1.202918384,1.871570894,3.222882980,0.044411894
1609060495.229920149,-1.184926925,1.833377901,3.223364883,-1.167532852,1.805522412,3.223792771,0.032843038
1609060495.281436205,-1.145965418,1.758678583,3.225776353,-1.134313002,1.741766178,3.225028440,0.020551584
1609060495.335170031,-1.102195701,1.678961809,3.227943086,-1.101136290,1.679511269,3.226810097,0.001645576
1609060495.382240057,-1.067959837,1.611541798,3.229032271,-1.065809835,1.612928732,3.227376389,0.003047629
1609060495.429296017,-1.029149573,1.541673964,3.231064427,-1.000211104,1.486879204,3.231467122,0.061968241
1609060495.483244181,-0.989719051,1.459086301,3.234616153,-0.967205642,1.424889304,3.233416363,0.040960075
1609060495.528154135,-0.954086912,1.392806170,3.237289318,-0.933704499,1.361103850,3.235569885,0.037728455
1609060495.580590010,-0.907760653,1.307771445,3.240458466,-0.901207160,1.296931098,3.236480045,0.013277396
1609060495.628806114,-0.867332898,1.234322447,3.243570120,-0.837113574,1.172769303,3.241678384,0.068597199
1609060495.681596041,-0.827982453,1.148517083,3.244282713,-0.805307655,1.110413621,3.243975734,0.044340890
1609060495.728053093,-0.789266798,1.075946882,3.247396712,-0.775228782,1.050720609,3.246988666,0.028872084
1609060495.781130075,-0.748866219,0.991595947,3.250527238,-0.745857485,0.991173127,3.249720354,0.003143615
1609060495.830497026,-0.711812574,0.916665817,3.254993204,-0.683124295,0.868421135,3.254519745,0.056131905
1609060495.881890059,-0.670856058,0.836730694,3.258367433,-0.652257294,0.805430910,3.257045853,0.036432637
1609060495.929169178,-0.637711950,0.767044507,3.260498380,-0.623170721,0.745758375,3.260086996,0.025782087
1609060495.979615211,-0.599209696,0.689845731,3.263427555,-0.591049538,0.681773144,3.262922529,0.011489556
1609060496.030449152,-0.562022020,0.613839036,3.267146623,-0.560611592,0.620334410,3.265620562,0.006819682
1609060496.082633018,-0.526272556,0.537287061,3.271322630,-0.499661366,0.493562529,3.271095501,0.051186343
1609060496.130023003,-0.492072818,0.468616555,3.273576766,-0.469570200,0.433154098,3.274114971,0.042002897
1609060496.181450129,-0.457016129,0.394572277,3.275722439,-0.440845864,0.372602337,3.277456459,0.027334275
1609060496.229318142,-0.424522174,0.326774112,3.279389488,-0.414741500,0.316836397,3.280386927,0.013979078
1609060496.281906128,-0.390547375,0.254357403,3.283811700,-0.386991772,0.256650381,3.284046962,0.004237382
1609060496.329352140,-0.357542742,0.189296464,3.287476609,-0.334255418,0.148136035,3.292019429,0.047509132
1609060496.380367041,-0.326770639,0.123136347,3.294583460,-0.309930181,0.095996610,3.294562718,0.031940049
1609060496.429882050,-0.294822789,0.060039188,3.298606926,-0.284939612,0.041553059,3.297386038,0.020997731
1609060496.482614040,-0.266771190,-0.003096335,3.302580031,-0.258637283,-0.013177068,3.300757036,0.013080708
1609060496.530198097,-0.237401932,-0.060264474,3.305299560,-0.210631409,-0.116113964,3.306498570,0.061945654
1609060496.579577208,-0.213212608,-0.117096770,3.306774750,-0.187430686,-0.167036459,3.308461700,0.056227447
1609060496.629139185,-0.184182065,-0.175526569,3.310023557,-0.163613048,-0.217272934,3.311504005,0.046562165
1609060496.680529118,-0.154445790,-0.240585131,3.310818899,-0.141382721,-0.266433336,3.313924211,0.029127588
1609060496.729876995,-0.126512145,-0.295916340,3.313177453,-0.119887506,-0.314175011,3.316544079,0.019712917
1609060496.781874180,-0.099681197,-0.356805920,3.315563658,-0.098299298,-0.362419990,3.318586986,0.006524412
1609060496.830726147,-0.072818340,-0.409479887,3.317032860,-0.057081996,-0.451065930,3.321169145,0.044655799
1609060496.879760027,-0.052426528,-0.463149991,3.322000006,-0.038959558,-0.491149925,3.321262613,0.031078920
1609060496.931555986,-0.028749585,-0.515958343,3.323365740,-0.018386848,-0.536647688,3.321388132,0.023223829
1609060496.979130030,-0.005273403,-0.563604629,3.323073502,0.002798505,-0.581568063,3.320808969,0.019823440
1609060497.030738115,0.018378628,-0.612569695,3.321806715,0.021536078,-0.621414183,3.320352940,0.009503049
1609060497.082527161,0.043220505,-0.662166800,3.320046651,0.055830229,-0.695718915,3.317330175,0.035946193
1609060497.128504992,0.064237288,-0.703792046,3.318098673,0.073792077,-0.733090481,3.315870689,0.030897511
1609060497.180168152,0.085049656,-0.749446877,3.314997668,0.091132686,-0.769152604,3.313450407,0.020681222
1609060497.229369164,0.105911642,-0.792635434,3.312361743,0.106370274,-0.803048078,3.310915316,0.010522626
1609060497.282119989,0.125625508,-0.836911295,3.309147744,0.123442517,-0.839577249,3.307996109,0.003633046
1609060497.331099033,0.144929729,-0.877093716,3.305794254,0.155815628,-0.908944826,3.300499561,0.034073887
1609060497.379763126,0.162514184,-0.915420342,3.301717660,0.172546617,-0.943541423,3.296483047,0.030312474
1609060497.430797100,0.184422375,-0.955378803,3.296420281,0.188564341,-0.976454909,3.292615384,0.021813651
1609060497.479521990,0.200232563,-0.993956024,3.290478569,0.204139743,-1.010155358,3.287844360,0.016870789
1609060497.539794207,0.222922161,-1.040637237,3.283279417,0.235044667,-1.075728058,3.278412434,0.037443403
1609060497.585959196,0.238515113,-1.076040037,3.276983181,0.251135148,-1.107690187,3.273065840,0.034297855
1609060497.628929138,0.255948271,-1.109202437,3.270779406,0.266199512,-1.138513539,3.268508030,0.031134994
1609060497.679800987,0.272767481,-1.148247083,3.264206023,0.282451264,-1.172252752,3.262130762,0.025968337
1609060497.728677988,0.293212041,-1.186004185,3.257049860,0.298506463,-1.204324963,3.256194411,0.019089620
1609060497.782530069,0.315900974,-1.231156680,3.249016068,0.314620593,-1.235499023,3.250150742,0.004667205
1609060497.828576088,0.336681587,-1.266516636,3.242730801,0.348055942,-1.299843965,3.237289541,0.035632768
1609060497.881426096,0.355822621,-1.309598792,3.233838958,0.364203626,-1.330343563,3.232067036,0.022443851
1609060497.928340197,0.377071622,-1.346702275,3.227785937,0.382777432,-1.366105469,3.226017563,0.020301905
1609060497.980730057,0.396945295,-1.389463918,3.220487595,0.401406560,-1.402633319,3.219736480,0.013924805
1609060498.030624151,0.415108690,-1.429848039,3.212295408,0.418626662,-1.435508598,3.214974384,0.007182964
1609060498.081089020,0.438194611,-1.471164177,3.206425949,0.451847201,-1.500109200,3.207053620,0.032009397
1609060498.129364014,0.457394868,-1.510142278,3.203250842,0.469733985,-1.532517544,3.205384221,0.025640937
1609060498.179213047,0.480093646,-1.551067295,3.199280467,0.488028155,-1.566068542,3.202800150,0.017331532
1609060498.229629040,0.503026241,-1.592354842,3.196144189,0.504650558,-1.598114643,3.200512090,0.007408932
1609060498.282165051,0.525463396,-1.634867754,3.194228320,0.523496433,-1.631570006,3.197928202,0.005332281
1609060498.330411196,0.547784217,-1.670617917,3.192556594,0.560594924,-1.696362574,3.196577976,0.029035721
1609060498.380028009,0.569603914,-1.707889141,3.191246861,0.579103814,-1.730486854,3.195990700,0.024968154
1609060498.428318977,0.591466746,-1.747744026,3.191049983,0.598085001,-1.763263175,3.195829693,0.017535419
1609060498.482119083,0.615128821,-1.791522858,3.192165949,0.616225576,-1.795394515,3.195500316,0.005225955
1609060498.530372143,0.639030650,-1.830563750,3.191801288,0.636340672,-1.830204000,3.194826871,0.004064426
1609060498.580444098,0.658394777,-1.869869480,3.193907797,0.675411420,-1.899004356,3.193846242,0.033740346
1609060498.629819155,0.682501181,-1.909484355,3.193516243,0.695225138,-1.933949241,3.193127648,0.027578628
1609060498.681581020,0.703207100,-1.953428171,3.192350699,0.714873379,-1.970383204,3.192855119,0.020587124
1609060498.728110075,0.726068705,-1.992354333,3.192154226,0.735261492,-2.006046526,3.191339901,0.016512014
1609060498.786158085,0.749212912,-2.039993977,3.190323530,0.774662945,-2.078536311,3.188508770,0.046222387
1609060498.829328060,0.769748077,-2.078347657,3.188835416,0.793086814,-2.117108541,3.187203392,0.045274345
1609060498.881321192,0.796318310,-2.131177157,3.188858047,0.812392514,-2.154024829,3.185371746,0.028152272
1609060498.928911209,0.820904032,-2.175811589,3.187303764,0.833828395,-2.195656532,3.183215617,0.024032766
1609060498.980941057,0.845567704,-2.230283743,3.183418986,0.854665039,-2.235844598,3.180585920,0.011032265
1609060499.029283047,0.872183137,-2.277077208,3.181630441,0.875196330,-2.277531282,3.177600593,0.005052245
1609060499.083007097,0.895308073,-2.330159205,3.176952650,0.918051659,-2.362276772,3.173779257,0.039482644
1609060499.128166199,0.915832219,-2.375842925,3.175175539,0.938644391,-2.404922256,3.172494595,0.037056580
1609060499.180455208,0.943619010,-2.430316609,3.172867950,0.957290314,-2.446111225,3.170533068,0.021019660
1609060499.228965044,0.967832677,-2.480069370,3.173936629,0.978292701,-2.489510503,3.169128772,0.014888338
1609060499.279461145,0.994688074,-2.534933300,3.172024870,0.999394010,-2.532796268,3.168082031,0.006500671
1609060499.330644131,1.021293063,-2.589919454,3.169109136,1.042146209,-2.626644836,3.165356811,0.042399143
1609060499.381079197,1.046737172,-2.644188050,3.165574648,1.064241826,-2.673838470,3.164834574,0.034439919
1609060499.429335117,1.071901798,-2.697086600,3.164254885,1.084904091,-2.717344362,3.164096649,0.024072008
1609060499.481731176,1.096660389,-2.754988911,3.164511814,1.105016195,-2.763968826,3.163326733,0.012323262
1609060499.528813124,1.120886154,-2.806600206,3.164260547,1.124735219,-2.809377011,3.162861648,0.004948017
1609060499.632210016,1.172964788,-2.916335433,3.165291613,1.187770824,-2.950116038,3.161000473,0.037131682
1609060499.673256159,1.190136531,-2.958300598,3.164829104,1.206800512,-2.993947799,3.160523285,0.039584735
1609060499.721397161,1.215146190,-3.009581611,3.164603731,1.226380554,-3.040015523,3.159493533,0.032841255
1609060499.790719032,1.244226853,-3.082438623,3.161520269,1.265266504,-3.128293905,3.159222049,0.050504015
1609060499.834521055,1.265449438,-3.127331995,3.160757448,1.284326081,-3.174698080,3.158607495,0.051034263
1609060499.881643057,1.284449286,-3.174511643,3.159966513,1.302470931,-3.218113242,3.158249873,0.047210444
1609060499.929025173,1.305715969,-3.222195126,3.158658947,1.320014983,-3.257837555,3.158504897,0.038404014
1609060499.979601145,1.329444678,-3.275816190,3.159014992,1.338005211,-3.299189578,3.157511995,0.024937060
1609060500.030206203,1.354226925,-3.324673152,3.157337439,1.354948048,-3.339277395,3.155804845,0.014702135
1609060500.082598209,1.374760200,-3.375727114,3.154479061,1.372929120,-3.380834588,3.154294448,0.005428925
1609060500.131497145,1.396927137,-3.420370685,3.152094730,1.407341831,-3.458257745,3.149749377,0.039362366
1609060500.180402040,1.415504316,-3.465606230,3.147157746,1.421589136,-3.492261742,3.145584250,0.027386442
1609060500.229773998,1.432563988,-3.507912198,3.143481426,1.437404597,-3.527880031,3.140470138,0.020765686
1609060500.278079033,1.452098904,-3.548297517,3.136740415,1.452683628,-3.560550785,3.135748733,0.012307230
1609060500.330481052,1.468733986,-3.589452483,3.128338357,1.466991840,-3.593602264,3.128545511,0.004505404
1609060500.384297132,1.488814531,-3.630302956,3.118916122,1.495986430,-3.658248757,3.112539869,0.029547598
1609060500.430405140,1.504910853,-3.662915856,3.109813138,1.510504367,-3.687486119,3.104255764,0.025804450
1609060500.481509209,1.521318550,-3.697408064,3.097895801,1.523348550,-3.713684257,3.094869053,0.016679225
1609060500.528917074,1.536999485,-3.727114942,3.085570071,1.536279054,-3.740406006,3.082876498,0.013580380
1609060500.580059052,1.551163656,-3.756727310,3.071518294,1.548835110,-3.764451528,3.070365887,0.008149461
1609060500.630463123,1.565865660,-3.785384029,3.054623039,1.573627832,-3.811679199,3.041276756,0.030492794
1609060500.682104111,1.579853403,-3.813790209,3.036655894,1.585106289,-3.832768592,3.026873700,0.021987795
1609060500.730499029,1.594336015,-3.839217032,3.020052065,1.595903317,-3.854930496,3.011753347,0.017839229
1609060500.779981136,1.602559882,-3.866125430,3.005103835,1.605706461,-3.875862683,2.996498489,0.013370379
1609060500.830636978,1.615695712,-3.890880775,2.988388913,1.616179586,-3.896660228,2.981851546,0.008739187
1609060500.879229069,1.623869583,-3.910744045,2.964063435,1.634981431,-3.936735734,2.950692225,0.031270278
1609060500.929196119,1.635695179,-3.933794918,2.944224519,1.643560054,-3.955311500,2.935289826,0.024589597
1609060500.980226994,1.644074652,-3.959212215,2.925396673,1.651979785,-3.973264996,2.920011838,0.016999066
1609060501.030568123,1.654796613,-3.980908975,2.907907405,1.660450400,-3.990549418,2.905599035,0.011411924
1609060501.082099199,1.666660069,-4.005000950,2.893393270,1.669043758,-4.008770463,2.892024796,0.004665182
1609060501.130629063,1.678265130,-4.025454837,2.881070658,1.685280341,-4.044226078,2.868670499,0.023565581
1609060501.181288004,1.685180079,-4.049117643,2.865872929,1.692215348,-4.060390321,2.858543936,0.015175059
1609060501.229866028,1.695567376,-4.070668608,2.853566161,1.698273766,-4.078063103,2.848806990,0.009200696
1609060501.279139996,1.700955774,-4.095633520,2.840417683,1.704442747,-4.094989274,2.839058625,0.003797509
1609060501.331067085,1.707101622,-4.117572988,2.827890003,1.710206641,-4.113678458,2.828942473,0.005090796
1609060501.383850098,1.716444885,-4.143214989,2.812311666,1.723253554,-4.153280315,2.803293118,0.015132844
1609060501.428828001,1.723130690,-4.162896506,2.797644957,1.729516336,-4.173094190,2.788991298,0.014820763
1609060501.481386185,1.732776295,-4.188999284,2.777710230,1.735739741,-4.192130285,2.774240043,0.005534201
1609060501.528599024,1.741128602,-4.211783045,2.760006314,1.741968008,-4.212664702,2.758640250,0.001829769
1609060501.581145048,1.748361090,-4.236991529,2.741951880,1.748291162,-4.232697575,2.744467033,0.004976839
1609060501.629769087,1.756991958,-4.261473583,2.725631730,1.762380132,-4.274994108,2.716278272,0.017300989
1609060501.678136110,1.764184550,-4.285646745,2.710489347,1.768981116,-4.296033736,2.702940701,0.013706884
1609060501.729612112,1.773810478,-4.311986342,2.694363822,1.777551096,-4.316403409,2.689973841,0.007264616
1609060501.791958094,1.784327681,-4.343304635,2.676250818,1.790370331,-4.358932917,2.666102011,0.019589667
1609060501.833837032,1.793781001,-4.364203818,2.664748985,1.797908308,-4.381429826,2.653239880,0.021124145
1609060501.881379128,1.799599435,-4.387172933,2.650801928,1.805084512,-4.401128735,2.640890758,0.017974476
1609060501.927842140,1.809932731,-4.409967663,2.636104350,1.812226884,-4.422244135,2.627442357,0.015198849
1609060501.979767084,1.817267997,-4.433389076,2.619106733,1.825054556,-4.438562150,2.611524716,0.012036535
1609060502.030068159,1.828596206,-4.457713968,2.601537897,1.827800200,-4.463356763,2.598046002,0.006683419
1609060502.081687212,1.836532853,-4.482106913,2.585128442,1.843388201,-4.503028009,2.571089873,0.026110715
1609060502.129033089,1.847064850,-4.503896855,2.570529659,1.851217309,-4.522968999,2.557784611,0.023311496
1609060502.177217007,1.857783775,-4.525715916,2.555408160,1.858268396,-4.541673740,2.545176453,0.018962458
1609060502.228680134,1.870108558,-4.548326593,2.537928959,1.866207391,-4.561311068,2.530079985,0.015665953
1609060502.281580210,1.877237921,-4.573594510,2.516022131,1.874370041,-4.580009990,2.513603691,0.007431822
1609060502.331065178,1.888655071,-4.594025436,2.498375880,1.881955459,-4.598176492,2.497798745,0.007902477
1609060502.379868984,1.895182083,-4.613949640,2.482077622,1.896324288,-4.630264915,2.469318897,0.020743141
1609060502.429216146,1.901237698,-4.632847078,2.468249708,1.903005225,-4.645504936,2.456424674,0.017411978
1609060502.478612185,1.910217920,-4.650440547,2.453777269,1.909194679,-4.658640443,2.445465323,0.011720654
1609060502.529726028,1.917736333,-4.665195286,2.438870667,1.915735964,-4.672265867,2.432909506,0.009462031
1609060502.581580162,1.926029216,-4.681019490,2.423233581,1.922228836,-4.685122498,2.419888843,0.006516505
1609060502.628553152,1.933785304,-4.693094846,2.409431262,1.934614586,-4.705594494,2.397796479,0.017096697
1609060502.679982185,1.939757667,-4.706221928,2.394899670,1.940349513,-4.715312269,2.387783267,0.011559747
1609060502.729335070,1.946741517,-4.718707626,2.382653615,1.945905371,-4.724189657,2.378431082,0.006970050
1609060502.779874086,1.953683082,-4.730377502,2.370207532,1.951917065,-4.732926576,2.367916740,0.003855428
1609060502.831654072,1.960802965,-4.740386281,2.357355545,1.957777822,-4.741222748,2.356534268,0.003244328
1609060502.876046181,1.965743779,-4.748533713,2.345963907,1.967535255,-4.754052077,2.332783973,0.014400431
1609060502.925194979,1.973887715,-4.756471706,2.331055061,1.973602540,-4.761593341,2.319560346,0.012587333
1609060502.972741127,1.976277265,-4.763356611,2.314349352,1.978939358,-4.767139541,2.306380142,0.009214423
1609060503.024496078,1.985141387,-4.770530967,2.296399815,1.984531290,-4.772492103,2.291925556,0.004923135
1609060503.074285984,1.990604440,-4.776381056,2.281718049,1.989905706,-4.776998206,2.277965558,0.003866560
1609060503.123784065,1.999038978,-4.782072880,2.265053204,2.001895641,-4.786329638,2.249926267,0.015971998
1609060503.173135042,2.003460668,-4.788036531,2.248958198,2.008139990,-4.791332266,2.234913642,0.015165997
1609060503.222823143,2.012693451,-4.794242558,2.230178416,2.014414780,-4.796226762,2.218758307,0.011718317
1609060503.283221006,2.021842922,-4.802493880,2.201019319,2.020541485,-4.801181930,2.202482354,0.002356995
1609060503.329416037,2.031219628,-4.809367442,2.181384784,2.033505407,-4.812048320,2.168373006,0.013480292
1609060503.379991055,2.035996549,-4.816440492,2.157825662,2.033505367,-4.812047471,2.168374356,0.011695280
1609060503.429008007,2.047013672,-4.823942805,2.136239562,2.048794616,-4.823419146,2.132056423,0.004576530
1609060503.478389978,2.053070279,-4.831813820,2.117205923,2.055578919,-4.829078665,2.115369677,0.004140791
1609060503.532170057,2.062086368,-4.837811771,2.097012182,2.062853630,-4.834688989,2.098448637,0.003521911
1609060503.583558083,2.072786689,-4.846411414,2.075609922,2.078887706,-4.848114194,2.063939490,0.013278587
1609060503.628724098,2.081100037,-4.854302295,2.056883736,2.086496528,-4.855307463,2.047513469,0.010859760
1609060503.681049109,2.092239910,-4.864559932,2.035682800,2.093956935,-4.863170865,2.031962962,0.004326070
1609060503.730980158,2.100878048,-4.874139492,2.017540827,2.102212998,-4.871639815,2.016125590,0.003167550
1609060503.781499147,2.108838361,-4.884346020,2.001664535,2.109895162,-4.879423758,2.003262249,0.005281873
1609060503.830842018,2.119457640,-4.895035772,1.987376176,2.126867848,-4.899106965,1.978080339,0.012565763
1609060503.876079082,2.128183133,-4.905414128,1.974411148,2.134292528,-4.908698156,1.967278370,0.009949174
1609060503.923665047,2.138414933,-4.916903648,1.960551848,2.142161754,-4.919246032,1.955194536,0.006944510
1609060503.973829985,2.146322722,-4.929151942,1.947996387,2.149879764,-4.930112080,1.941969634,0.007063722
1609060504.025320053,2.157721534,-4.941667399,1.931978766,2.157417400,-4.940665039,1.929012164,0.003146100
1609060504.075659990,2.161933351,-4.952592309,1.916387378,2.165037356,-4.952413106,1.914822228,0.003480898
1609060504.124380112,2.170915998,-4.965092335,1.901706646,2.176832004,-4.974772111,1.890508764,0.015940194
1609060504.175167084,2.175275419,-4.978085035,1.886099848,2.181283235,-4.986006525,1.878297295,0.012638184
1609060504.224220037,2.182445640,-4.990033759,1.870783206,2.186339672,-4.996163101,1.866003159,0.008693743
1609060504.273495197,2.188646250,-5.004372629,1.855377593,2.191555814,-5.006360492,1.853701466,0.003902123
1609060504.325726032,2.197218121,-5.017274821,1.839029547,2.201105382,-5.028193526,1.829016547,0.015316301
1609060504.372953176,2.202439820,-5.029046262,1.826112742,2.205538876,-5.038947114,1.816161367,0.014375705
1609060504.428673029,2.211750870,-5.042156018,1.809585267,2.209739791,-5.048827840,1.804245642,0.008778909
1609060504.478152037,2.212112963,-5.052784719,1.792779023,2.213741732,-5.057878791,1.792746741,0.005348224
1609060504.529919147,2.220198548,-5.063141355,1.777211771,2.218180541,-5.066767637,1.780611415,0.005364686
1609060504.581017017,2.224670202,-5.076298789,1.762967948,2.224229530,-5.084263047,1.755061660,0.011230894
1609060504.631231070,2.224515833,-5.087930805,1.747087099,2.227282661,-5.092436384,1.742189888,0.007206820
1609060504.682337999,2.229380690,-5.098004828,1.730346717,2.229689811,-5.100100306,1.729740215,0.002203277
1609060504.729389191,2.232763284,-5.106690495,1.716379587,2.231868833,-5.107703037,1.716600027,0.001368896
1609060504.781613111,2.234457444,-5.116905522,1.701149792,2.232605624,-5.115397426,1.704476617,0.004095284
1609060504.830829144,2.234553139,-5.125638018,1.686476462,2.232912142,-5.129815051,1.680873793,0.007178466
1609060504.881592989,2.232636256,-5.134332064,1.671253237,2.232458809,-5.136552181,1.669604291,0.002771179
1609060504.929919004,2.231804364,-5.141677778,1.658613122,2.231508891,-5.143125380,1.658911742,0.001507325
1609060504.979718208,2.228869003,-5.148533860,1.646184037,2.230089493,-5.149392448,1.647730544,0.002149059
1609060505.031477213,2.226458902,-5.155901409,1.632606687,2.228025662,-5.155438672,1.637366654,0.005032509
1609060505.083100080,2.223168706,-5.162860842,1.619125252,2.222447071,-5.167626639,1.615805945,0.005852467
1609060505.129166126,2.220194918,-5.168888077,1.607710840,2.218833393,-5.173024941,1.606420973,0.004542153
1609060505.179536104,2.213388267,-5.174023885,1.595840778,2.214019420,-5.179113933,1.596495301,0.005170623
1609060505.229914188,2.208144028,-5.180396845,1.583330362,2.208788005,-5.185298527,1.587093144,0.006212868
1609060505.288335085,2.200125542,-5.190288762,1.570025445,2.196975499,-5.196991064,1.568267868,0.007611353
1609060505.329346180,2.194565544,-5.196042410,1.561654675,2.189959832,-5.203088405,1.559896877,0.008599331
1609060505.378872156,2.183750476,-5.203582315,1.554026268,2.182170065,-5.209262077,1.551427438,0.006442928
1609060505.430555105,2.176626304,-5.210285180,1.544337681,2.174908205,-5.214993430,1.543457146,0.005088695
1609060505.479947090,2.167877397,-5.217260977,1.532916687,2.167630549,-5.220849735,1.534713497,0.004021025
1609060505.532739162,2.160966015,-5.224337241,1.522539662,2.159774396,-5.227257937,1.525592767,0.004389974
1609060505.582180977,2.146798341,-5.229823346,1.510885873,2.142667173,-5.239890272,1.508934878,0.011055132
1609060505.672855139,2.128394954,-5.247132889,1.489222972,2.127134200,-5.251997530,1.490778222,0.005260517
1609060505.743427038,2.116171916,-5.255700800,1.474118062,2.111749490,-5.264329664,1.469306137,0.010824499
1609060505.785398006,2.110567341,-5.261467612,1.462820780,2.105622276,-5.269352277,1.458356963,0.010322174
1609060505.830541134,2.101496862,-5.269350105,1.451699040,2.099587683,-5.274465517,1.446778556,0.007350072
1609060505.880026102,2.095937206,-5.275996234,1.437522240,2.094147937,-5.279075014,1.435299732,0.004197608
1609060505.928045988,2.091228350,-5.282137769,1.422906033,2.089004406,-5.283706028,1.422459917,0.002757604
1609060505.980888128,2.083005810,-5.289981457,1.404920284,2.084048041,-5.287981753,1.408917819,0.004589700
1609060506.030166149,2.078465394,-5.295472853,1.389037826,2.079702151,-5.292415089,1.395330002,0.007104292
1609060506.082507133,2.073760451,-5.300850995,1.371586321,2.075404168,-5.296871806,1.380647769,0.010032227
1609060506.131301165,2.070166922,-5.304862519,1.354192196,2.070236269,-5.303733037,1.350404762,0.003952872
1609060506.181574106,2.066960689,-5.308468934,1.335366803,2.068540886,-5.307173654,1.334855021,0.002106347
1609060506.229834080,2.067404745,-5.311986694,1.316529981,2.067620044,-5.309989181,1.318572406,0.002864945
1609060506.283174038,2.063740511,-5.315580063,1.296549225,2.066595555,-5.312673865,1.303211049,0.007808788
1609060506.329013109,2.065055809,-5.318373513,1.279621093,2.065768412,-5.315564746,1.286953986,0.007884687
1609060506.381528139,2.061182334,-5.321367080,1.260857768,2.066810378,-5.321458667,1.256959631,0.006846804
1609060506.429151058,2.063549464,-5.324936509,1.245925504,2.067743253,-5.324013964,1.244029942,0.004693838
1609060506.479460001,2.062534673,-5.327458436,1.232458256,2.068418454,-5.326436365,1.231975622,0.005991364
1609060506.528196096,2.064900935,-5.330572808,1.218521655,2.069284775,-5.329207694,1.219640627,0.004725853
1609060506.575851202,2.065317883,-5.332529875,1.204180557,2.070615229,-5.331903075,1.208148772,0.006648420
1609060506.625441074,2.069340141,-5.335254495,1.190883945,2.073517564,-5.337746999,1.186320255,0.006670136
1609060506.676068068,2.068885560,-5.340470144,1.176571952,2.074891216,-5.340844543,1.176667130,0.006018068
1609060506.725394011,2.072693963,-5.344646733,1.164627075,2.076531009,-5.344410528,1.167091903,0.004566628
1609060506.773559093,2.073539619,-5.348577637,1.153151270,2.077910283,-5.347837600,1.157588037,0.006271783
1609060506.823841095,2.074868719,-5.354917622,1.141622504,2.079933314,-5.351790695,1.147887331,0.008641520
1609060506.874558210,2.078218058,-5.360904879,1.128884976,2.084317462,-5.360438414,1.127112343,0.006368873
1609060506.971599102,2.081753438,-5.371627615,1.104246598,2.088456419,-5.370377066,1.104817623,0.006842507
1609060507.042611122,2.083533531,-5.378692206,1.080392792,2.093177063,-5.380624646,1.078706807,0.009978706
1609060507.086133003,2.086692713,-5.384755669,1.065029006,2.094926008,-5.386581589,1.063938364,0.008503565
1609060507.130787134,2.087494151,-5.390497455,1.049641665,2.096764115,-5.392497455,1.049551430,0.009483690
1609060507.178247213,2.086978779,-5.396942580,1.032391450,2.098298228,-5.398486868,1.034590930,0.011634108
1609060507.229111195,2.089837556,-5.403695729,1.012220612,2.099973296,-5.405005621,1.017961896,0.011722261
1609060507.282870054,2.092266824,-5.409544003,0.990800060,2.101556902,-5.411370920,1.001660368,0.014407965
1609060507.330032110,2.095915786,-5.416283466,0.970898712,2.103538949,-5.418065166,0.984308004,0.015527272
1609060507.381578207,2.096148222,-5.427042827,0.950146268,2.106294911,-5.432747442,0.948925975,0.011704147
1609060507.430997133,2.099871983,-5.435469721,0.929770251,2.107967864,-5.439937345,0.931670940,0.009440104
1609060507.480647087,2.100258100,-5.447796294,0.908749980,2.108885628,-5.446370808,0.916857655,0.011924791
1609060507.532473087,2.103735602,-5.458213618,0.888706502,2.109153992,-5.454284482,0.900490467,0.013552081
1609060507.581765175,2.102861304,-5.466423733,0.873572702,2.110682339,-5.468657404,0.871576397,0.008375148
1609060507.629183054,2.106075755,-5.475543988,0.858667779,2.111255072,-5.475736420,0.858480166,0.005186285
1609060507.678351164,2.104843840,-5.484256017,0.842254445,2.111666371,-5.482600002,0.847247698,0.008615212
1609060507.730005980,2.108061707,-5.494470941,0.828664193,2.111370104,-5.490156770,0.835603933,0.008815756
1609060507.781391144,2.107213247,-5.505155400,0.815271569,2.111037180,-5.498230371,0.824689110,0.012299128
1609060507.829667091,2.110277476,-5.514591612,0.803931990,2.110277045,-5.505700814,0.815048489,0.014234565
1609060507.882309198,2.106969050,-5.523923277,0.790272843,2.109129957,-5.520064653,0.796793649,0.007879049
1609060507.930590153,2.104401306,-5.532573409,0.780798857,2.107549708,-5.526921568,0.788262900,0.009877635
1609060507.981079102,2.104143231,-5.542069218,0.770027219,2.105950804,-5.533665896,0.780505035,0.013552408
1609060508.029278040,2.100510363,-5.549794714,0.761730910,2.104100821,-5.540358613,0.772093272,0.014467548
1609060508.088443995,2.099261565,-5.559684980,0.749727828,2.099295121,-5.553662293,0.755348921,0.008238360
1609060508.131664038,2.097024159,-5.565843767,0.740788402,2.097304635,-5.559332980,0.747504908,0.009358443
1609060508.179089069,2.095287993,-5.571726449,0.730946063,2.095029141,-5.564894733,0.739120012,0.010656116
1609060508.230317116,2.093471590,-5.577263277,0.721298835,2.092889920,-5.570005486,0.731214191,0.012301551
1609060508.283871174,2.090105775,-5.581878927,0.712009888,2.090782768,-5.574866196,0.722832211,0.012913535
1609060508.331052065,2.088166634,-5.586001079,0.703801047,2.089028555,-5.579449623,0.714471511,0.012550828
1609060508.379541159,2.084586011,-5.590435543,0.695539121,2.084868127,-5.587774672,0.699176808,0.004515815
1609060508.430205107,2.084825047,-5.594408409,0.686333687,2.083191712,-5.591582701,0.691210792,0.005868437
1609060508.482200146,2.079196197,-5.598229005,0.673978999,2.081053181,-5.595160971,0.683637531,0.010302838
1609060508.530605078,2.078277824,-5.601533681,0.663542536,2.079040936,-5.598745720,0.674359027,0.011196050
1609060508.584336042,2.073842481,-5.603979296,0.651568784,2.076390585,-5.603722020,0.655022258,0.004299477
1609060508.630553007,2.074281328,-5.606008103,0.639925341,2.075414083,-5.605966545,0.644746777,0.004952889
1609060508.680194139,2.071452900,-5.608865621,0.626020721,2.074868178,-5.607285105,0.633325085,0.008216805
1609060508.729096174,2.073192930,-5.609987606,0.612472600,2.074331996,-5.608700132,0.621574093,0.009262410
1609060508.780822039,2.072415388,-5.609796483,0.598072053,2.074268861,-5.609514704,0.610940735,0.013004528
1609060508.873443127,2.074107835,-5.610444344,0.571532042,2.075651890,-5.610539071,0.587602717,0.016144958
1609060508.941129208,2.079010540,-5.611215538,0.551541079,2.077570081,-5.611849200,0.561998202,0.010574870
1609060508.986562014,2.075936326,-5.611743687,0.538490215,2.078481596,-5.612329133,0.549100015,0.010926527
1609060509.031994104,2.074616157,-5.611648631,0.523290831,2.078947145,-5.612611181,0.536534692,0.013967241
1609060509.076798201,2.076911375,-5.611799741,0.510508050,2.081054369,-5.612893020,0.513152367,0.005035084
1609060509.122907162,2.077459031,-5.611156512,0.499024315,2.082524033,-5.613001176,0.502947282,0.006666837
1609060509.176576138,2.079100779,-5.610420174,0.486075193,2.083671370,-5.612734658,0.492208300,0.007991379
1609060509.223483086,2.081542190,-5.610158285,0.474440679,2.084468902,-5.612635787,0.481213679,0.007783135
1609060509.276262999,2.077905175,-5.609462144,0.460199502,2.085186029,-5.612933584,0.470555306,0.013126477
1609060509.324488163,2.079830960,-5.609215507,0.447222787,2.086388171,-5.613250793,0.448497319,0.007804164
1609060509.372967005,2.078677281,-5.609770599,0.434068297,2.086746301,-5.613467937,0.435990786,0.009081595
1609060509.424610138,2.079561263,-5.610222159,0.419472214,2.086316458,-5.613762499,0.423790171,0.008764213
1609060509.473656178,2.078059500,-5.610696100,0.405076317,2.085822491,-5.614524517,0.411039444,0.010510932
1609060509.524735212,2.078173541,-5.611991482,0.389736985,2.084409384,-5.615120250,0.398467103,0.011175414
1609060509.575262070,2.074435088,-5.616175735,0.373366243,2.082717235,-5.616834432,0.384891555,0.014207768
1609060509.623697042,2.074097444,-5.618486336,0.358366008,2.078969137,-5.619701222,0.357711249,0.005063403
1609060509.675162077,2.070010723,-5.619455564,0.340667328,2.076782586,-5.620972570,0.344272964,0.007820488
1609060509.723975182,2.070246875,-5.621028536,0.325379687,2.074739287,-5.621943460,0.331290241,0.007480207
1609060509.774631023,2.066714507,-5.623153574,0.309838305,2.072798286,-5.622852202,0.318681572,0.010738089
1609060509.830249071,2.066252903,-5.625329369,0.292213328,2.067091159,-5.625466086,0.293287299,0.001369225
1609060509.879842043,2.063344937,-5.625808864,0.277022962,2.064497159,-5.627194447,0.280076865,0.003545953
1609060509.929027081,2.063221801,-5.627462515,0.261943195,2.062442927,-5.627450991,0.267502748,0.005613859
1609060509.978571177,2.059089182,-5.632066723,0.245273267,2.059435242,-5.628648853,0.255802110,0.011075113
1609060510.031541109,2.056901229,-5.635384018,0.229495395,2.054746786,-5.630608844,0.243812767,0.015245690
1609060510.084635019,2.045605763,-5.635887388,0.213431781,2.045230007,-5.634931152,0.220813650,0.007453024
1609060510.131839991,2.038246391,-5.639608774,0.199976425,2.040934944,-5.636895434,0.209410775,0.010178285
1609060510.181102991,2.035498545,-5.642250425,0.185663555,2.036871578,-5.639278951,0.197042624,0.011840528
1609060510.229454041,2.029452014,-5.642724040,0.171428738,2.032917117,-5.640920399,0.184968453,0.014091982
1609060510.282863140,2.025786908,-5.644290060,0.154328068,2.029363045,-5.642651566,0.172578806,0.018669839
1609060510.329972982,2.021644104,-5.645717923,0.139557660,2.021167897,-5.646106310,0.147754915,0.008220256
1609060510.380298138,2.015457341,-5.647959594,0.124117351,2.017516178,-5.647085295,0.135121015,0.011228705
1609060510.428771019,2.012699353,-5.648600797,0.109157538,2.014008994,-5.648325625,0.123160827,0.014067088
1609060510.478412151,2.007461647,-5.649359939,0.094052043,2.010195343,-5.650253201,0.111573074,0.017755493
1609060510.531696081,2.002501188,-5.654321708,0.076575294,2.005969609,-5.652004616,0.100053423,0.023845783
1609060510.584844112,1.996820304,-5.659741156,0.057732193,1.997106833,-5.656401343,0.076851155,0.019410594
1609060510.630853176,1.994311880,-5.663414600,0.042744278,1.992032837,-5.659060010,0.065392139,0.023175032
1609060510.681565046,1.986255200,-5.663143773,0.033833361,1.988080387,-5.661771706,0.053146892,0.019448042
1609060510.728801012,1.983773499,-5.666305382,0.019937333,1.984336306,-5.664557948,0.041945150,0.022084254
1609060510.782432079,1.979947505,-5.670217912,0.007265669,1.981874480,-5.667152143,0.032409660,0.025403395
1609060510.829675198,1.988170422,-5.664346955,0.011053456,1.988051513,-5.662985488,0.033439670,0.022427892
1609060510.881379128,1.987803346,-5.662221698,0.012885178,1.989558554,-5.662504261,0.028374574,0.015591087
1609060510.930631161,1.991864662,-5.660866382,0.008072626,1.992795235,-5.661190194,0.024978329,0.016934392
1609060510.983911991,1.997999977,-5.652748424,0.012697363,1.995167153,-5.656531266,0.026195738,0.014301780
1609060511.029888153,2.001686809,-5.650290505,0.011976212,1.996506724,-5.652999599,0.025823881,0.015030982
1609060511.082311153,1.995450464,-5.647089897,0.007456494,1.997334809,-5.645216069,0.024017111,0.016772478
1609060511.128465176,1.997977637,-5.645071784,0.007370882,1.994387077,-5.643668134,0.024149949,0.017216256
1609060511.178915977,1.994674637,-5.641512503,0.006760864,1.993796987,-5.642053609,0.024149340,0.017419018
1609060511.230607033,1.995276600,-5.640246137,0.007010275,1.994393331,-5.640481380,0.024072053,0.017086245
1609060511.283373117,1.996244018,-5.640493431,0.006447939,1.995036974,-5.640329502,0.024208418,0.017802202
1609060511.330246210,1.996884582,-5.639913301,0.006971567,1.994532430,-5.642142627,0.024073979,0.017406752
1609060511.382980108,1.998935309,-5.641504955,0.005826399,1.995380163,-5.643085298,0.024118753,0.018701518
1609060511.424667120,2.001558952,-5.642361807,0.005051394,1.996135075,-5.644282700,0.024306823,0.020096762
1609060511.474285126,2.000284903,-5.645172168,0.005161734,1.995889021,-5.645291175,0.024388039,0.019722798
1609060511.522655010,2.002868661,-5.646121818,0.004525214,1.996064824,-5.646020363,0.024607022,0.021203337
1609060511.576474190,2.001683767,-5.647758125,0.003562972,1.996853870,-5.646895609,0.024414930,0.021421391
1609060511.625574112,2.003303530,-5.648526408,0.003001920,1.996648570,-5.647257669,0.024338779,0.022386598
1609060511.672990084,2.002495011,-5.648977602,0.003091700,1.996332803,-5.646972234,0.024637620,0.022499355
1609060511.724516153,2.004809556,-5.649458978,0.002639719,1.996448760,-5.646883178,0.024638888,0.023674905
1609060511.774074078,2.001437308,-5.649005858,0.001440279,1.996756005,-5.646754286,0.024694503,0.023827361
1609060511.824729204,2.003480308,-5.649470905,0.000949710,1.996695135,-5.647102481,0.024494105,0.024616794
1609060511.873460054,2.002206220,-5.649048026,0.001949123,1.996638831,-5.647356409,0.024411421,0.023203711
1609060511.923904181,2.004591326,-5.649590666,0.001676043,1.996852009,-5.647405194,0.024520381,0.024218528
1609060511.975442171,2.001101656,-5.649355479,0.001388636,1.996976911,-5.647631830,0.024485706,0.023525712
1609060512.022669077,2.002407993,-5.649706604,0.001306637,1.996893873,-5.647979673,0.024498660,0.023900999
1609060512.075103045,2.004011545,-5.648096549,0.001133188,1.996965569,-5.648194747,0.024531368,0.024436248
1609060512.126736164,2.006300563,-5.648197595,0.001320251,1.997159648,-5.648309710,0.024382292,0.024807794
1609060512.173801184,2.001983679,-5.649768273,-0.000219415,1.997159300,-5.648317929,0.024371981,0.025102090
1609060512.223273039,2.003926785,-5.649990885,-0.000315321,1.997090612,-5.648386167,0.024351159,0.025646512
1609060512.274697065,2.000118182,-5.649326646,-0.000806457,1.997140660,-5.648485465,0.024555260,0.025549754
1609060512.323801994,1.999773879,-5.649692682,-0.001089805,1.997202819,-5.648722068,0.024569451,0.025806004
1609060512.374632120,2.000062064,-5.650200700,-0.001352481,1.997118797,-5.648791186,0.024562588,0.026119731
1609060512.423748016,1.999275632,-5.649441303,-0.000262824,1.997266055,-5.648996546,0.024533488,0.024881585
1609060512.475403070,1.999557131,-5.649574967,0.000358903,1.997362071,-5.649115691,0.024475553,0.024220694
1609060512.522479057,2.001371967,-5.649222539,0.000349919,1.997313400,-5.649045040,0.024424010,0.024414449
1609060512.575136185,1.998505607,-5.649127367,0.000775600,1.996859013,-5.647956271,0.024563323,0.023873385
1609060512.624689102,1.999307496,-5.647646194,0.001205396,1.995671465,-5.644375918,0.024260348,0.023567907
1609060512.673336029,1.996066436,-5.644709269,0.001596185,1.994954831,-5.642458604,0.024012629,0.022556553
1609060512.723724127,1.996872994,-5.642556183,0.001838590,1.994292615,-5.640429225,0.023856694,0.022270591
1609060512.773655176,1.993869462,-5.640781768,0.001706601,1.993592640,-5.639008097,0.023713618,0.022080113
1609060512.826208115,1.995001121,-5.639569172,0.002017067,1.993180814,-5.637650445,0.023777772,0.021920842
1609060512.874486208,1.992352890,-5.636488784,0.002721631,1.992937112,-5.636928212,0.023807826,0.021098864
1609060512.923703194,1.994320683,-5.636519903,0.003183759,1.993122488,-5.637137427,0.023736133,0.020596531
1609060512.974423170,1.989897062,-5.636143817,0.003040232,1.993267576,-5.637788002,0.023896132,0.021190381
1609060513.023060083,1.991472453,-5.636551091,0.003660244,1.993707452,-5.638602929,0.023934877,0.020500390
1609060513.077083111,1.989349827,-5.637517915,0.005158474,1.994011881,-5.639532840,0.023766825,0.019288997
1609060513.125016212,1.991234545,-5.638199633,0.005547035,1.994523582,-5.640728043,0.023815022,0.018733125
1609060513.173258066,1.990323194,-5.638118411,0.006824785,1.994662410,-5.641182944,0.023852781,0.017837399
1609060513.225908041,1.992947628,-5.638644939,0.007269546,1.994850951,-5.641422861,0.023929267,0.016996641
1609060513.277425051,1.990629829,-5.638026879,0.006390123,1.994747128,-5.641276095,0.023839651,0.018220746
1609060513.376724005,1.990649899,-5.637254574,0.004497541,1.994324512,-5.640257712,0.023856600,0.019932255
1609060513.424143076,1.989765731,-5.636300342,0.005246671,1.994255890,-5.639853782,0.023874703,0.019488254
1609060513.474897146,1.990551338,-5.635820641,0.005230167,1.994074367,-5.639613213,0.023792155,0.019270255
1609060513.524019003,1.989803915,-5.637203185,0.004836972,1.993925727,-5.639370653,0.023679807,0.019409783
1609060513.574426174,1.990175688,-5.638135055,0.004085416,1.994041769,-5.639066676,0.023577537,0.019893650
1609060513.626206160,1.992328695,-5.638425671,0.003582078,1.993853444,-5.638898760,0.023789656,0.020270543
1609060513.674419165,1.991315689,-5.636818256,0.002074924,1.993749668,-5.638811920,0.023622284,0.021775850
1609060513.723834038,1.993990515,-5.636650627,0.001563815,1.993568985,-5.638445677,0.023701885,0.022214725
1609060513.774116993,1.992743846,-5.634696976,0.002789788,1.993357313,-5.637884475,0.023682645,0.021143508
1609060513.823392153,1.995519815,-5.633782227,0.002743523,1.993333066,-5.637091844,0.023778967,0.021406199
1609060513.879414082,1.993236395,-5.631588298,0.004706980,1.992379657,-5.635314080,0.023965912,0.019634712
1609060513.923260212,1.995814623,-5.630410084,0.004849500,1.992304750,-5.634453268,0.024009509,0.019894031
1609060513.974857092,1.993797623,-5.628571551,0.004175221,1.992098671,-5.633905100,0.024159026,0.020752967
1609060514.024241209,1.996497243,-5.627572717,0.004399963,1.991760906,-5.633522798,0.023840866,0.020875466
1609060514.073918104,1.993173990,-5.627509648,0.004985550,1.991636191,-5.633097941,0.023750306,0.019639498
1609060514.127549171,1.995865814,-5.627070604,0.005373430,1.991584269,-5.632920093,0.023841015,0.019839351
1609060514.172559023,1.993182162,-5.629441088,0.005245459,1.991679525,-5.633268241,0.023868968,0.019071971
1609060514.223515034,1.995471775,-5.630003510,0.005413814,1.991707083,-5.633700620,0.024045464,0.019364398
