timestamp,estimate_x,estimate_y,estimate_z,truth_x,truth_y,truth_z,error_m
1609060363.469352007,0.047117673,-0.021246169,-0.029159876,0.000352647,-0.000128288,-0.000155817,0.058942073
1609060363.517702103,0.046948881,-0.020728736,-0.028989913,0.000266305,0.000024604,-0.000032764,0.058723764
1609060363.568032980,0.047104899,-0.021525529,-0.028173340,0.000273958,0.000023288,-0.000043316,0.058726373
1609060363.616620064,0.046916968,-0.020952793,-0.027840618,0.000455122,0.000045726,-0.000206092,0.057994034
1609060363.669232130,0.047196431,-0.021612547,-0.028381595,0.000322824,-0.000048357,0.000006751,0.058890130
1609060363.717437983,0.046974881,-0.020970119,-0.028143201,0.000309158,-0.000056917,0.000007880,0.058374096
1609060363.769133091,0.046405082,-0.021209534,-0.028510327,0.000313077,-0.000056831,0.000003710,0.058180410
1609060363.816621065,0.046090635,-0.020745536,-0.028290046,0.000357567,-0.000119010,-0.000146163,0.057524301
1609060363.869219065,0.046301046,-0.021343800,-0.028601714,0.000265599,0.000019840,-0.000039722,0.058236199
1609060363.918718100,0.046072305,-0.020854245,-0.028410125,0.000450987,0.000034525,0.000000389,0.057661102
1609060363.968429089,0.046111771,-0.020201402,-0.028382492,0.000272345,0.000020770,-0.000045630,0.057560117
1609060364.018787146,0.045853851,-0.019379048,-0.028204930,0.000364012,-0.000124076,-0.000161475,0.056802419
1609060364.067788124,0.045273001,-0.019470219,-0.027703248,0.000268084,0.000022409,-0.000038284,0.056309460
1609060364.119420052,0.044911486,-0.018670422,-0.027369678,0.000327210,-0.000044406,0.000008343,0.055535954
1609060364.166568995,0.044657968,-0.019262184,-0.026844055,0.000259032,0.000018830,-0.000034140,0.055333485
1609060364.220535994,0.044274224,-0.018604448,-0.026336148,0.000351740,-0.000123126,-0.000146439,0.054375038
1609060364.269806147,0.045237822,-0.019712454,-0.026040555,0.000449516,0.000065556,-0.000167732,0.055376575
1609060364.317873001,0.045144615,-0.019362752,-0.025612362,0.000410911,0.000120631,-0.000035863,0.055089598
1609060364.369445086,0.045293702,-0.019524302,-0.025432707,0.000506974,-0.000022317,-0.000153461,0.055001988
1609060364.418934107,0.045225190,-0.019102070,-0.024895255,0.000302656,-0.000052806,-0.000198416,0.054688594
1609060364.470550060,0.045380570,-0.019313477,-0.024279975,0.000306290,-0.000059472,-0.000213235,0.054604170
1609060364.516581059,0.045539407,-0.019296647,-0.023853264,0.000320215,-0.000061600,-0.000232001,0.054522715
1609060364.568826199,0.045687534,-0.020447965,-0.024463705,0.000270386,0.000004300,-0.000070217,0.055462192
1609060364.618486166,0.045732651,-0.020167828,-0.024277151,0.000364372,-0.000146097,0.000022496,0.055223395
1609060364.666870117,0.046753851,-0.020213494,-0.023554970,0.000403415,0.000091364,-0.000075138,0.055784879
1609060364.718618155,0.046897331,-0.019535592,-0.023126602,0.000473405,0.000031166,-0.000029715,0.055421161
1609060364.766618013,0.046951572,-0.021068254,-0.024865447,0.000310503,-0.000046424,-0.000196683,0.056796607
1609060364.816910982,0.046958553,-0.020118153,-0.024801428,0.000388377,0.000111313,-0.000026214,0.056496229
1609060364.866990089,0.046633447,-0.021252208,-0.025089251,0.000290333,-0.000033732,-0.000153898,0.056742222
1609060364.917939186,0.046472960,-0.021178320,-0.024928337,0.000317779,-0.000033161,0.000036970,0.056574597
1609060364.968490124,0.046048728,-0.020949572,-0.025335376,0.000252330,0.000033302,-0.000003276,0.056385338
1609060365.018791199,0.045805882,-0.020589391,-0.025147370,0.000348575,-0.000112449,-0.000125624,0.055783148
1609060365.069586039,0.045600858,-0.020586270,-0.025355795,0.000349153,-0.000110341,-0.000122836,0.055710705
1609060365.116973162,0.045357944,-0.020279801,-0.025157805,0.000294942,-0.000041077,-0.000170892,0.055359063
1609060365.167543173,0.045668410,-0.021035410,-0.025767557,0.000457233,-0.000050459,-0.000144457,0.056044286
1609060365.216737032,0.045642074,-0.020875798,-0.025599069,0.000484481,-0.000056316,-0.000183928,0.055844324
1609060365.269127131,0.046392941,-0.021366780,-0.026154830,0.000390576,0.000110343,-0.000250328,0.056995856
1609060365.317117214,0.046447704,-0.021108458,-0.026014174,0.000114216,-0.000083058,-0.000040323,0.057127056
1609060365.368606091,0.047139474,-0.022321445,-0.026008993,0.000065035,-0.000000712,-0.000072669,0.058197172
1609060365.419071198,0.047253958,-0.022132707,-0.025795496,0.000064369,-0.000013130,-0.000092099,0.058110220
1609060365.467614174,0.046841812,-0.022832990,-0.026410893,0.000111060,-0.000089327,-0.000047031,0.058275986
1609060365.520151138,0.047031833,-0.022616717,-0.026121929,0.000099009,-0.000060148,0.000013594,0.058262805
1609060365.568042040,0.047686492,-0.022289272,-0.026779470,0.000672148,0.000008775,-0.000064483,0.058491383
1609060365.618832111,0.048050032,-0.022024552,-0.026514796,0.000682031,0.000012436,-0.000069406,0.058555231
1609060365.668703079,0.048637984,-0.022350571,-0.027273361,0.000390677,0.000124731,-0.000006958,0.059802998
1609060365.716791153,0.048540404,-0.021720582,-0.027197598,0.000166939,0.000084516,-0.000046349,0.059604067
1609060365.768277168,0.049044266,-0.021007037,-0.026358704,0.000053714,-0.000000496,-0.000059871,0.059438855
1609060365.817838192,0.049333919,-0.020199101,-0.025773128,0.000162657,-0.000157149,0.000006238,0.059025998
1609060365.869102001,0.048158615,-0.021644428,-0.027359906,-0.000130988,-0.000041771,-0.000143903,0.059491776
1609060365.915625095,0.047961922,-0.020528434,-0.027170816,0.000119453,-0.000087053,-0.000052568,0.058669849
1609060365.967102051,0.047419927,-0.020217311,-0.027640909,0.000205407,-0.000232716,-0.000163459,0.058168765
1609060366.017361164,0.046884511,-0.018758928,-0.027555779,0.000354080,-0.000118558,-0.000141596,0.057132144
1609060366.071130037,0.047362143,-0.020262127,-0.027631315,0.000544710,-0.000089497,-0.000083907,0.057945377
1609060366.166268110,0.047147370,-0.020167147,-0.027855453,0.000384117,-0.000176545,-0.000048651,0.057962439
1609060366.217751026,0.046857137,-0.020714235,-0.027512094,0.000087884,-0.000368910,-0.000035229,0.057933353
1609060366.266285181,0.045739335,-0.020496067,-0.028273646,0.000092678,-0.000059805,0.000021112,0.057461738
1609060366.319833040,0.045204481,-0.021500183,-0.027877870,-0.000047252,0.000040180,0.000117196,0.057405838
1609060366.368166208,0.046346016,-0.021210084,-0.027967245,-0.000108373,-0.000091024,-0.000028616,0.058177246
1609060366.417719126,0.046202738,-0.021245070,-0.027454920,0.000242615,-0.000287834,0.000146380,0.057561883
1609060366.467580080,0.045546776,-0.022935305,-0.027130888,-0.000034002,-0.000166907,-0.000013477,0.057717946
1609060366.517288208,0.045977494,-0.022246783,-0.026333692,0.000236429,-0.000296243,-0.000080591,0.057125270
1609060366.569877148,0.046516741,-0.022505739,-0.027422235,0.000393389,0.000124568,-0.000010204,0.058231553
1609060366.617144108,0.045625111,-0.021720672,-0.026821922,0.000385275,-0.000309961,0.000173706,0.056866732
1609060366.668351173,0.048366480,-0.022048299,-0.026809919,0.000403792,0.000110579,0.000175767,0.059326744
1609060366.715952158,0.050099746,-0.021471572,-0.026114200,-0.000613854,-0.000060705,0.000356339,0.061081780
1609060366.768293142,0.050760795,-0.021740193,-0.026400279,-0.000306125,-0.000446384,0.000052128,0.061326882
1609060366.818122149,0.049836969,-0.021354428,-0.026675535,0.001024256,0.000137844,-0.000021976,0.059623912
1609060366.867343187,0.050640236,-0.022330874,-0.025547722,0.000418142,0.000152065,0.000227344,0.060762614
1609060366.917598009,0.048097888,-0.021343735,-0.025681125,-0.000325635,-0.000062576,0.000476609,0.059008071
1609060366.967342138,0.046502295,-0.021828470,-0.025963976,0.001656293,-0.000071272,0.000044147,0.056222433
1609060367.018635988,0.045186467,-0.021399252,-0.026273600,0.000802165,0.000341478,0.000332733,0.056129517
1609060367.066863060,0.045779746,-0.021465492,-0.026249879,-0.000590914,0.000086231,0.001009948,0.057946639
1609060367.120592117,0.045238924,-0.021507739,-0.026655755,0.000176782,-0.000147327,0.000446900,0.056757534
1609060367.168382168,0.045205217,-0.021354642,-0.026675079,0.000698040,0.000075106,0.000454988,0.056357462
1609060367.220067024,0.044561506,-0.020530879,-0.026696828,-0.000617461,0.000036455,0.000738189,0.056717144
1609060367.268805027,0.044912052,-0.020834030,-0.026571028,-0.000389047,-0.000109275,0.000690649,0.056788239
1609060367.316627979,0.044426724,-0.020459507,-0.026026577,0.000459081,-0.000069937,0.000482253,0.055241346
1609060367.374567032,0.042918577,-0.020704437,-0.026399078,-0.000013172,-0.000190865,0.000585093,0.054699974
1609060367.419722080,0.042537330,-0.020302661,-0.025780739,0.000071738,-0.000023967,0.000762706,0.054028756
1609060367.468986034,0.042409211,-0.020909480,-0.025798659,0.000775383,0.000165729,0.000517080,0.053572924
1609060367.518623114,0.042408001,-0.020154548,-0.024783341,0.001005300,0.000191045,0.000525492,0.052618094
1609060367.566896200,0.043703192,-0.021093898,-0.024593785,0.000889959,-0.000018374,0.000532424,0.053930298
1609060367.616783142,0.043717328,-0.020823585,-0.023996579,0.001010969,0.000152422,0.000676674,0.053596598
1609060367.668950081,0.043784837,-0.020115117,-0.024919429,0.000730315,-0.000085094,0.000379515,0.053804556
1609060367.718545198,0.043136113,-0.019852694,-0.024559637,0.000397581,-0.000209806,0.000542911,0.053315692
1609060367.765889168,0.045011790,-0.021265317,-0.026389639,0.000105201,-0.000078862,0.000416649,0.056427340
1609060367.817234993,0.045280135,-0.021122131,-0.026057448,0.000242984,0.000010138,0.000409641,0.056350906
1609060367.868952990,0.043686593,-0.021014421,-0.026522935,0.000339713,-0.000142813,0.000495190,0.055177487
1609060367.922713995,0.044183483,-0.020395386,-0.026209039,-0.000142040,-0.000038417,0.000754198,0.055733062
1609060367.968739033,0.039683709,-0.019070037,-0.024522471,-0.001113061,-0.000305982,0.001167478,0.051734319
1609060368.018198013,0.037186661,-0.018277292,-0.023688051,-0.002591340,-0.000469840,0.001426557,0.050300480
1609060368.068567038,0.029913990,-0.018471146,-0.025270921,-0.004485227,-0.001351842,0.001637312,0.046908738
1609060368.117814064,0.025476984,-0.017776081,-0.024971060,-0.007008597,-0.002171046,0.001762192,0.044872006
1609060368.170260191,0.018999906,-0.018918780,-0.026129910,-0.008981754,-0.002686339,0.001555349,0.042578621
1609060368.217667103,0.014697772,-0.018401276,-0.025587803,-0.011817858,-0.003851114,0.001463996,0.040578143
1609060368.267811060,0.011425084,-0.017927014,-0.026021088,-0.012638625,-0.003852636,0.001484095,0.039162295
1609060368.318669081,0.007849736,-0.016607979,-0.025387378,-0.012800729,-0.003916812,0.001998616,0.036571848
1609060368.367310047,0.005845619,-0.016665050,-0.027235144,-0.012701319,-0.003757035,0.002368789,0.037242430
1609060368.424607038,0.003840113,-0.014999889,-0.026769239,-0.012259085,-0.003807545,0.002900941,0.035563637
1609060368.476238012,0.006367434,-0.011115178,-0.026431995,-0.010112976,-0.002952009,0.004130070,0.035669048
1609060368.523241997,0.006336064,-0.008934986,-0.025307216,-0.009622581,-0.003024745,0.005233767,0.034962279
1609060368.573940992,0.007575943,-0.007580614,-0.023554261,-0.008666150,-0.002535391,0.006737470,0.034739730
1609060368.625032187,0.008341292,-0.005045285,-0.020379857,-0.008485328,-0.001808579,0.009260493,0.034236848
1609060368.676413059,0.005947090,-0.006873577,-0.015240563,-0.008426871,-0.000540116,0.013900029,0.033104344
1609060368.725769997,0.006816316,-0.004508834,-0.005789503,-0.006980668,0.001387151,0.020947916,0.030659566
1609060368.777173996,0.009116261,-0.002148398,0.005278547,-0.003863052,0.003164326,0.043774036,0.040970603
1609060368.824648142,0.010486353,0.000974503,0.023550429,-0.003041256,0.004224189,0.062690524,0.041539182
1609060368.875344992,0.014144505,0.000380007,0.047912477,-0.001104869,0.005573438,0.083074624,0.038676760
1609060368.923364162,0.016209072,0.002614856,0.076527917,0.001111218,0.008267013,0.110012053,0.037162877
1609060368.974891186,0.014663670,0.010078965,0.109059280,0.001616823,0.009225935,0.139364636,0.033005492
1609060369.023996115,0.016258270,0.012644405,0.149046471,0.006026772,0.014035969,0.208056706,0.059906827
1609060369.076563120,0.017639162,0.015791262,0.204074133,0.005645943,0.016277352,0.250225514,0.047686724
1609060369.122320175,0.017855108,0.019553190,0.253086753,0.006525430,0.018601496,0.295004927,0.043432713
1609060369.175933123,0.014173324,0.025729982,0.317545648,0.005475035,0.021591195,0.345836221,0.029885554
1609060369.225181103,0.012025762,0.030392044,0.380783684,0.004460880,0.025012164,0.400167667,0.021492077
1609060369.277878046,0.012903286,0.029121036,0.454661462,0.003670517,0.031544681,0.514357305,0.060454212
1609060369.325048208,0.010933544,0.033364374,0.523723386,0.002224844,0.035987753,0.576799261,0.053849531
1609060369.375655174,0.013204041,0.035965361,0.598659854,0.000986345,0.039151329,0.639772380,0.043007700
1609060369.423925161,0.010830252,0.039628853,0.674928443,-0.001116003,0.042314623,0.705078997,0.032542007
1609060369.476325035,0.005452802,0.042175608,0.758530470,-0.004156337,0.045257470,0.774513121,0.018901814
1609060369.526211023,0.001844148,0.044700493,0.841306887,-0.010900538,0.050291649,0.909076917,0.069184284
1609060369.576457024,-0.003309153,0.049346131,0.927897542,-0.016939148,0.051896956,0.979990540,0.053906993
1609060369.624904156,-0.008264731,0.052019057,1.007413140,-0.022175154,0.051526789,1.047043231,0.042003409
1609060369.676457167,-0.011672054,0.049894192,1.089130393,-0.027673429,0.050771761,1.113042541,0.028785499
1609060369.724966049,-0.016560642,0.048871396,1.164979190,-0.032117921,0.050163012,1.177115361,0.019773312
1609060369.776529074,-0.022662036,0.044645771,1.246221470,-0.035790958,0.046619757,1.239326189,0.014960284
1609060369.824362040,-0.028025210,0.041439012,1.316648624,-0.048315656,0.041410133,1.362549445,0.050185540
1609060369.874984980,-0.037101195,0.037339301,1.383493744,-0.053330903,0.036474501,1.420254690,0.040193513
1609060369.922994137,-0.042990462,0.030785930,1.448641556,-0.058678361,0.032198394,1.477099828,0.032526580
1609060369.973376989,-0.049210498,0.023161684,1.521483156,-0.065083831,0.023966201,1.532618070,0.019406089
1609060370.024846077,-0.056093618,0.012489237,1.587867688,-0.072377628,0.016004412,1.588192475,0.016662261
1609060370.077591181,-0.063379607,0.001572494,1.649908487,-0.083431370,-0.004630554,1.692531060,0.047510365
1609060370.131295204,-0.070939955,-0.011995482,1.716817039,-0.089787416,-0.014949260,1.745325643,0.034302946
1609060370.176069021,-0.077150230,-0.024586561,1.775244478,-0.096869567,-0.026482980,1.797683407,0.029932494
1609060370.225593090,-0.084704046,-0.039438387,1.836704965,-0.103631683,-0.038952007,1.850505250,0.023429466
1609060370.274984121,-0.088791256,-0.057782876,1.901857862,-0.110097413,-0.052760272,1.902116488,0.021891683
1609060370.332502127,-0.097323461,-0.076457200,1.974568631,-0.125957451,-0.082164741,2.012235544,0.047657925
1609060370.379465103,-0.106914481,-0.089652343,2.031586787,-0.132146366,-0.097639112,2.064290997,0.042071390
1609060370.424487114,-0.114456572,-0.105540651,2.087996752,-0.138970158,-0.113620467,2.114148903,0.036744174
1609060370.475898027,-0.127251493,-0.120628784,2.149758304,-0.146695647,-0.130204811,2.165147451,0.026581973
1609060370.524448156,-0.136401807,-0.138195617,2.211243988,-0.153378897,-0.146180621,2.218056271,0.019959686
1609060370.576019049,-0.145294376,-0.156309079,2.276890318,-0.160283271,-0.161757085,2.271150443,0.016949747
1609060370.625375986,-0.154742580,-0.173362653,2.340103659,-0.176451613,-0.193992806,2.375328685,0.046235136
1609060370.675712109,-0.164052940,-0.191042565,2.405636587,-0.184377598,-0.209235434,2.429577604,0.036293863
1609060370.723781109,-0.173146719,-0.206812301,2.466120859,-0.191083444,-0.223693645,2.478888960,0.027744013
1609060370.775207043,-0.183574524,-0.225328836,2.529713088,-0.200568808,-0.238917265,2.530510875,0.021773552
1609060370.824608088,-0.193337486,-0.240536111,2.587101907,-0.210445223,-0.252993012,2.579952839,0.022337372
1609060370.877348185,-0.205655718,-0.260960523,2.642995324,-0.223900228,-0.280567611,2.665764053,0.035152739
1609060370.923455000,-0.215019575,-0.275482544,2.689404512,-0.232597663,-0.294021379,2.705369191,0.030125546
1609060370.976181030,-0.222763297,-0.291523067,2.738020327,-0.240827341,-0.306444307,2.742874947,0.023927399
1609060371.024459124,-0.230931147,-0.306241983,2.780710004,-0.248395824,-0.318086171,2.778800117,0.021188379
1609060371.076410055,-0.238056274,-0.320491920,2.821923276,-0.255354368,-0.329789166,2.812602268,0.021738078
1609060371.125555992,-0.244892828,-0.334315336,2.860639329,-0.262940383,-0.341479720,2.843007667,0.026228194
1609060371.175806999,-0.249942439,-0.348605785,2.896783870,-0.276828065,-0.363164403,2.904519843,0.031537843
1609060371.226459980,-0.255277818,-0.361622231,2.932432880,-0.282855212,-0.373743247,2.931824766,0.030129744
1609060371.275564194,-0.261527117,-0.376809770,2.963452422,-0.290110462,-0.384411233,2.959635318,0.029822142
1609060371.322875023,-0.265983993,-0.388591492,2.994318408,-0.295871900,-0.394180165,2.985678750,0.031609555
1609060371.381882191,-0.271754882,-0.403127004,3.026761279,-0.306265603,-0.414011999,3.035787875,0.037295474
1609060371.425695181,-0.275108315,-0.414343074,3.053039889,-0.312094368,-0.424202563,3.060710134,0.039038575
1609060371.476238012,-0.283462507,-0.425231158,3.083621525,-0.316266270,-0.433729930,3.084963488,0.033913373
1609060371.523342133,-0.287802873,-0.436212478,3.111413338,-0.320262403,-0.442943325,3.108590964,0.033269974
1609060371.576235056,-0.293915920,-0.449399499,3.146554243,-0.324850774,-0.453096609,3.133294628,0.033859286
1609060371.625576019,-0.299188114,-0.460875128,3.176614701,-0.329130857,-0.462328652,3.157601878,0.035498845
1609060371.677156210,-0.309498760,-0.472694481,3.205313502,-0.336091099,-0.481092748,3.210284976,0.028326647
1609060371.723249197,-0.315178909,-0.483146493,3.233498564,-0.338919177,-0.490106751,3.231828442,0.024795863
1609060371.773763180,-0.323895613,-0.493651972,3.260588894,-0.341977641,-0.499358827,3.255331405,0.019676613
1609060371.824518204,-0.330308078,-0.505450732,3.288369695,-0.344228459,-0.507845517,3.276648967,0.018354494
1609060371.877555132,-0.334759568,-0.516645449,3.317236478,-0.346992589,-0.517474066,3.298539234,0.022358898
1609060371.924982071,-0.340329585,-0.527813103,3.344051041,-0.352742980,-0.534766093,3.344503812,0.014235218
1609060371.975533009,-0.341207859,-0.539810043,3.371223389,-0.355778269,-0.542945984,3.369988573,0.014955125
1609060372.022653103,-0.344842699,-0.549842238,3.403262640,-0.358431258,-0.550976755,3.397110261,0.014959540
1609060372.076374054,-0.350168501,-0.561522353,3.441298651,-0.360854492,-0.559106565,3.430592133,0.015318485
1609060372.125910997,-0.354504065,-0.571266425,3.482006624,-0.363383761,-0.566907763,3.463888234,0.020642747
1609060372.175580978,-0.355709931,-0.580924976,3.512730465,-0.369859639,-0.585870174,3.527273491,0.020884656
1609060372.223182201,-0.359778377,-0.591729745,3.545318986,-0.374836193,-0.595417886,3.557009098,0.019416460
1609060372.275930166,-0.364386425,-0.603150537,3.576700901,-0.380866921,-0.604897358,3.582063065,0.017418695
1609060372.325079203,-0.369954149,-0.614368421,3.604488677,-0.388001282,-0.615304958,3.606595967,0.018193867
1609060372.376758099,-0.378817453,-0.628054788,3.633744167,-0.394522127,-0.625191931,3.628419746,0.016828019
1609060372.429697990,-0.384252440,-0.640125737,3.653221009,-0.406105729,-0.643790196,3.659128772,0.022932426
1609060372.476099014,-0.395374292,-0.650568125,3.674294783,-0.413418562,-0.653739830,3.670040610,0.018808333
1609060372.524174213,-0.404392638,-0.662180371,3.685325023,-0.421934081,-0.663588713,3.679157219,0.018647452
1609060372.576766014,-0.417702415,-0.675040879,3.690086679,-0.432160168,-0.674308577,3.687114134,0.014778326
1609060372.625241041,-0.431803193,-0.688109928,3.695501060,-0.444138523,-0.685748881,3.692944703,0.012816780
1609060372.677778006,-0.451448021,-0.701585938,3.696127527,-0.472182362,-0.709984860,3.700863736,0.022866710
1609060372.722868204,-0.467789236,-0.714782825,3.696977268,-0.487270871,-0.721973900,3.702916409,0.021599053
1609060372.775847197,-0.489178306,-0.732190989,3.692633399,-0.505848083,-0.735761744,3.704256272,0.020633054
1609060372.825339079,-0.512591954,-0.748133302,3.690632110,-0.526069984,-0.750295347,3.704633878,0.019554571
1609060372.877873182,-0.540221240,-0.765370233,3.690694023,-0.547754742,-0.764950797,3.704518656,0.015749605
1609060372.926480055,-0.567024986,-0.782909477,3.688973539,-0.593420072,-0.795760926,3.703677042,0.032833721
1609060372.973802090,-0.593361923,-0.799725243,3.692506552,-0.620897279,-0.813488992,3.702993153,0.032520846
1609060373.024542093,-0.624954740,-0.819610208,3.690494625,-0.646525992,-0.828963408,3.701829861,0.026101510
1609060373.076001167,-0.659277580,-0.840229671,3.688965315,-0.675289520,-0.846026815,3.700759306,0.020714423
1609060373.124036074,-0.693675291,-0.860517072,3.686895541,-0.709971378,-0.867345766,3.699576746,0.021748712
1609060373.180086136,-0.737946683,-0.887359841,3.685573023,-0.776686276,-0.905831842,3.697216106,0.044469454
1609060373.223744154,-0.772851231,-0.907896845,3.684481455,-0.809920388,-0.924243835,3.696345570,0.042214970
1609060373.277434111,-0.816981945,-0.931876826,3.688613029,-0.848077978,-0.945595600,3.695309579,0.034641188
1609060373.323575020,-0.857417268,-0.954551930,3.688110641,-0.886660876,-0.966654444,3.694019147,0.032195805
1609060373.374325037,-0.901073022,-0.979336705,3.693603199,-0.927886646,-0.989412251,3.693097253,0.028648614
1609060373.424693108,-0.946599476,-1.005625477,3.694092817,-0.968898001,-1.011800549,3.691689048,0.023262283
1609060373.477025032,-1.003073151,-1.035922243,3.697682530,-1.051879550,-1.056883816,3.688286607,0.053941965
1609060373.523668051,-1.050134108,-1.061476131,3.698564222,-1.094512317,-1.079666570,3.687373345,0.049249906
1609060373.575177193,-1.105059953,-1.090944055,3.697021384,-1.137913341,-1.101731043,3.686523392,0.036137406
1609060373.624744177,-1.157865807,-1.119675399,3.698614469,-1.181115114,-1.125059384,3.685982054,0.027001768
1609060373.678225040,-1.217521778,-1.150601386,3.698483132,-1.226890779,-1.149619172,3.685943546,0.015683881
1609060373.725805044,-1.267320601,-1.177916356,3.699255643,-1.313001936,-1.195014514,3.686210798,0.050490587
1609060373.776236057,-1.318580226,-1.204995902,3.697156579,-1.355729032,-1.218154311,3.685770352,0.041022234
1609060373.823961020,-1.367451504,-1.232270828,3.697851677,-1.399104199,-1.240364988,3.687241233,0.034350983
1609060373.877856016,-1.422028489,-1.261141207,3.696711979,-1.442353008,-1.262900504,3.687784823,0.022268257
1609060373.925863981,-1.470219526,-1.287533693,3.696004694,-1.484444625,-1.285211253,3.687999352,0.016487349
1609060373.976363182,-1.520264817,-1.314698566,3.693678424,-1.567414308,-1.328708289,3.687688001,0.049550298
1609060374.024655104,-1.566889836,-1.339910570,3.692688384,-1.607214129,-1.348391728,3.687128827,0.041579891
1609060374.074808121,-1.614101558,-1.362795449,3.691409938,-1.649023558,-1.369894380,3.686998311,0.035908263
1609060374.125483036,-1.659611112,-1.387962470,3.690081630,-1.685574068,-1.388050797,3.686381721,0.026225411
1609060374.175988197,-1.704684805,-1.407842740,3.689692807,-1.723239004,-1.407546138,3.686835862,0.018775208
1609060374.224302053,-1.745618752,-1.429270868,3.689313252,-1.797917876,-1.444865798,3.687996877,0.054590595
1609060374.275952101,-1.789499790,-1.449576153,3.692324911,-1.835056586,-1.463849366,3.689566788,0.047820012
1609060374.324405193,-1.828424656,-1.468905145,3.693236622,-1.868965925,-1.481263362,3.690706180,0.042458488
1609060374.377850056,-1.870571419,-1.488872711,3.696781117,-1.903570178,-1.499197235,3.691736314,0.034942294
1609060374.432549000,-1.911436848,-1.508724942,3.698672641,-1.968480002,-1.532020744,3.694499846,0.061757818
1609060374.480001211,-1.950757948,-1.527636904,3.706026160,-1.997598120,-1.546545850,3.695615118,0.051574603
1609060374.523640156,-1.982493978,-1.542615449,3.708989600,-2.026025194,-1.561168729,3.696887070,0.048843241
1609060374.575245142,-2.021448352,-1.563242221,3.703622973,-2.057039284,-1.576932262,3.697876191,0.038563677
1609060374.626283169,-2.056303880,-1.581591344,3.705294378,-2.083748279,-1.590910205,3.698962254,0.029667018
1609060374.675654173,-2.093138635,-1.601013095,3.702222641,-2.110778832,-1.604898674,3.700056864,0.018192440
1609060374.723823071,-2.128458788,-1.619843501,3.703477813,-2.167963863,-1.634482676,3.703121748,0.042131736
1609060374.773189068,-2.163997712,-1.637448073,3.708207882,-2.196033545,-1.648792723,3.705156372,0.034121948
1609060374.824628115,-2.198098309,-1.657173701,3.710964772,-2.222148694,-1.662712311,3.706574629,0.025067321
1609060374.877428055,-2.231827571,-1.675101350,3.711063600,-2.248622865,-1.676677161,3.708262757,0.017099994
1609060374.925567150,-2.263056471,-1.692085198,3.712725418,-2.274520340,-1.689974631,3.709869223,0.012001359
1609060374.975277185,-2.298906291,-1.709145489,3.716133891,-2.328953165,-1.719049486,3.712064275,0.031897736
1609060375.024696112,-2.332306830,-1.727336573,3.717197359,-2.355256542,-1.733483718,3.712563843,0.024206324
1609060375.075798035,-2.363716068,-1.744818980,3.718046963,-2.380948414,-1.747895274,3.713015132,0.018213640
1609060375.126281977,-2.393815026,-1.763070868,3.718295730,-2.406225117,-1.761805666,3.712766709,0.013644822
1609060375.176793098,-2.423629015,-1.779441393,3.718632938,-2.430835217,-1.775682049,3.712397488,0.010244162
1609060375.225218058,-2.452817140,-1.795912276,3.718842566,-2.482020377,-1.803589936,3.712223930,0.030912486
1609060375.275624990,-2.485861607,-1.813438083,3.718387431,-2.508467546,-1.817974345,3.711809752,0.023976489
1609060375.323940992,-2.516830560,-1.829848543,3.718309481,-2.535161045,-1.832814682,3.711240269,0.019869032
1609060375.377138138,-2.552909895,-1.848252695,3.718637776,-2.562666614,-1.848045568,3.710737090,0.012556166
1609060375.425173998,-2.583789530,-1.864765502,3.718595223,-2.589021184,-1.862751002,3.710833725,0.009574407
1609060375.476772070,-2.618443219,-1.880185055,3.721441785,-2.644489253,-1.893887234,3.710146747,0.031523380
1609060375.524785042,-2.649036950,-1.896324252,3.722070528,-2.668875146,-1.907398328,3.710139740,0.025661895
1609060375.575093031,-2.681287071,-1.913168622,3.722025528,-2.695181908,-1.921734615,3.709786963,0.020401597
1609060375.626551151,-2.713875795,-1.930443782,3.722227791,-2.721371946,-1.936574402,3.709420999,0.016055862
1609060375.677131176,-2.747552122,-1.949832696,3.723810043,-2.748409146,-1.951941765,3.708925636,0.015057498
1609060375.728677988,-2.780397596,-1.967176551,3.723947308,-2.799819626,-1.979743185,3.707335200,0.028479776
1609060375.773073196,-2.807256981,-1.982077186,3.720930247,-2.826089864,-1.994085182,3.706154032,0.026780702
1609060375.823648214,-2.838046630,-1.998998272,3.720049522,-2.850103619,-2.006685726,3.705280717,0.020556886
1609060375.876316071,-2.868513204,-2.018692249,3.716517730,-2.877909843,-2.022328085,3.704206825,0.015908315
1609060375.925800085,-2.897557065,-2.035957916,3.714305755,-2.904726782,-2.037382587,3.702733379,0.013687747
1609060375.977324009,-2.927938119,-2.053312380,3.709825401,-2.955760727,-2.064794138,3.699322032,0.031878662
1609060376.024099112,-2.954968278,-2.068755510,3.707168825,-2.980660314,-2.077920130,3.697273739,0.029016955
1609060376.076449156,-2.984381086,-2.086536085,3.704280751,-3.006103080,-2.091799089,3.694722973,0.024308339
1609060376.129225016,-3.013609446,-2.103282256,3.701512828,-3.030186680,-2.105079179,3.691977757,0.019208101
1609060376.176424026,-3.040504437,-2.117456465,3.700073901,-3.054685928,-2.118329044,3.688399529,0.018389318
1609060376.224507093,-3.067440594,-2.132898273,3.695580487,-3.103212274,-2.145148339,3.680569513,0.040681772
1609060376.275020123,-3.098945906,-2.148025937,3.694941738,-3.127546632,-2.158452461,3.676513946,0.035585074
1609060376.324153185,-3.125486416,-2.163288447,3.689611028,-3.149416054,-2.170676780,3.671895928,0.030676373
1609060376.376890182,-3.155606586,-2.180467949,3.683607225,-3.172692456,-2.183860340,3.666715960,0.024264174
1609060376.425126076,-3.181585444,-2.194614185,3.678224375,-3.193773460,-2.195910726,3.662583117,0.019871531
1609060376.479104042,-3.210439984,-2.211713779,3.671073988,-3.216467049,-2.208941268,3.657648730,0.014974975
1609060376.524039984,-3.233600951,-2.224412597,3.665854279,-3.258545551,-2.232089381,3.648034271,0.031602512
1609060376.576709032,-3.260840778,-2.239854923,3.660653032,-3.278799675,-2.244184290,3.642903744,0.025618403
1609060376.624075174,-3.283573142,-2.253846684,3.655340326,-3.298004064,-2.255987085,3.638533976,0.022255027
1609060376.677000999,-3.307925789,-2.267419753,3.652467337,-3.316517064,-2.267522119,3.633843567,0.020510127
1609060376.726062059,-3.329214143,-2.280767416,3.648095113,-3.352388587,-2.288325418,3.626146245,0.032801388
1609060376.776576996,-3.352883351,-2.293492266,3.643680544,-3.370317540,-2.299898488,3.621333897,0.029057929
1609060376.825327158,-3.372803913,-2.306240520,3.639237487,-3.386066999,-2.310452681,3.617051302,0.026189284
1609060376.875717163,-3.393135910,-2.319643974,3.632928705,-3.401729827,-2.320645697,3.612256467,0.022409825
1609060376.923955202,-3.411195032,-2.331190455,3.626738268,-3.417441578,-2.330508790,3.606843174,0.020863815
1609060376.978782177,-3.431516304,-2.343462067,3.617766274,-3.432538953,-2.340990975,3.600895367,0.017081558
1609060377.024703026,-3.446930637,-2.353912773,3.611189316,-3.458459683,-2.358509477,3.589866174,0.024672352
1609060377.076284170,-3.463118255,-2.364364485,3.605621007,-3.472314873,-2.368717367,3.583267167,0.024560528
1609060377.125343084,-3.477243727,-2.374643344,3.599074292,-3.484576842,-2.378104360,3.576954321,0.023559421
1609060377.175764084,-3.490777413,-2.385189204,3.591101941,-3.495520744,-2.386644702,3.570616448,0.021077787
1609060377.224970102,-3.502576009,-2.395003329,3.583656389,-3.506474491,-2.395227126,3.564232376,0.019812636
1609060377.276504040,-3.513753787,-2.404665900,3.571887546,-3.526659296,-2.411309117,3.550972061,0.025458632
1609060377.323620081,-3.523562986,-2.413604886,3.564791675,-3.535962196,-2.419298588,3.543831965,0.025009360
1609060377.372981071,-3.534114245,-2.422951942,3.557923187,-3.544358330,-2.426236397,3.536641204,0.023846420
1609060377.424736977,-3.542634721,-2.431991722,3.549345432,-3.552618105,-2.433840036,3.529068177,0.022677109
1609060377.477060080,-3.552957093,-2.440578037,3.538597671,-3.561006192,-2.441770593,3.520841907,0.019531445
1609060377.525356054,-3.561071262,-2.449591117,3.528897184,-3.575741190,-2.456745999,3.503795010,0.029941915
1609060377.573468208,-3.568840635,-2.459259709,3.520889453,-3.583006782,-2.464307190,3.494719475,0.030183183
1609060377.624278069,-3.575839901,-2.468894989,3.510508397,-3.589691702,-2.472017367,3.485496389,0.028761470
1609060377.676570177,-3.583290261,-2.478287866,3.497593631,-3.595347052,-2.479632415,3.475841473,0.024906433
1609060377.724879026,-3.588827514,-2.487901518,3.487368608,-3.601147778,-2.487659132,3.466743263,0.024026080
1609060377.775535107,-3.594778661,-2.498189432,3.477209217,-3.612022971,-2.503880428,3.448951098,0.033589804
1609060377.825145006,-3.599744047,-2.507844062,3.467295036,-3.616436032,-2.511374594,3.440199978,0.032019200
1609060377.875771999,-3.607029728,-2.521704894,3.457058324,-3.621723694,-2.520843700,3.431377603,0.029599894
1609060377.924765110,-3.611367241,-2.533610971,3.447083414,-3.625965874,-2.529677064,3.423360289,0.028131520
1609060377.975740194,-3.618080699,-2.545056532,3.437360087,-3.629583207,-2.539261014,3.414810762,0.025968591
1609060378.024561167,-3.622327954,-2.558295789,3.427084666,-3.635860906,-2.560492228,3.399032013,0.031223653
1609060378.075357199,-3.626375099,-2.572591673,3.413580348,-3.638464313,-2.572334033,3.390821827,0.025771414
1609060378.124582052,-3.629774877,-2.587715437,3.402119262,-3.640176363,-2.583481522,3.382709075,0.022424815
1609060378.174213171,-3.632495896,-2.603465935,3.388245692,-3.642342880,-2.596753939,3.373047560,0.019313135
1609060378.226052046,-3.635006873,-2.620549828,3.375191119,-3.644498447,-2.609967504,3.363759306,0.018241763
1609060378.276415110,-3.637111848,-2.637165054,3.363065046,-3.645400001,-2.639069770,3.345635012,0.019394007
1609060378.324060202,-3.637396726,-2.655586901,3.351422134,-3.645720149,-2.654334232,3.336803951,0.016868308
1609060378.373277187,-3.638129377,-2.673653133,3.341911746,-3.645522240,-2.671898504,3.327975135,0.015873320
1609060378.423891068,-3.637304043,-2.694074701,3.331551405,-3.644404456,-2.687688442,3.320635545,0.014503661
1609060378.477568150,-3.636741152,-2.716162642,3.323319932,-3.642555575,-2.706188321,3.312997820,0.015486788
1609060378.526171207,-3.634029845,-2.738875497,3.314778108,-3.638592069,-2.746037331,3.298765928,0.018124450
1609060378.574408054,-3.631170319,-2.757675229,3.305911171,-3.635136457,-2.766203155,3.292665219,0.016245338
1609060378.623176098,-3.626948572,-2.781117916,3.298385493,-3.631790212,-2.787288031,3.286938559,0.013876025
1609060378.676959991,-3.621831524,-2.808931736,3.291169425,-3.628051809,-2.809903296,3.281245434,0.011752508
1609060378.726022005,-3.615943901,-2.833750058,3.285259071,-3.623568807,-2.832183282,3.276283789,0.011880643
1609060378.776993036,-3.610263541,-2.860356396,3.281465527,-3.612134117,-2.879055276,3.270310031,0.021853885
1609060378.824391127,-3.602637364,-2.886834777,3.280468847,-3.606332511,-2.903467852,3.270953813,0.019515357
1609060378.877188206,-3.593937782,-2.915825911,3.281296706,-3.599050066,-2.928265005,3.274280360,0.015168903
1609060378.925369024,-3.585181923,-2.943299212,3.286793628,-3.591554965,-2.953193378,3.279915293,0.013631642
1609060378.976911068,-3.573738802,-2.977065992,3.294661036,-3.584765791,-2.980489258,3.286378578,0.014209587
1609060379.027352095,-3.563074795,-3.008203084,3.304428156,-3.568360535,-3.033709838,3.303497641,0.026065291
1609060379.074259043,-3.551970703,-3.040868698,3.313777155,-3.559230228,-3.061752849,3.313754022,0.022109929
1609060379.123567104,-3.540090909,-3.073329606,3.325463321,-3.550707795,-3.087903100,3.323951413,0.018093946
1609060379.172895193,-3.528828093,-3.107402406,3.339826221,-3.541803219,-3.115573310,3.334738512,0.016155567
1609060379.223832130,-3.516311911,-3.142381393,3.353761515,-3.531975395,-3.142700997,3.345793660,0.017576507
1609060379.278740168,-3.503272617,-3.181728346,3.369165303,-3.512527135,-3.199744317,3.366417698,0.020439438
1609060379.324427128,-3.490614857,-3.214216448,3.379827917,-3.501339204,-3.228234457,3.375471175,0.018179588
1609060379.373706102,-3.477910153,-3.246793796,3.388748212,-3.490688696,-3.256363844,3.383699164,0.016744249
1609060379.424789190,-3.463613262,-3.282668118,3.399476251,-3.480199038,-3.283754894,3.391948661,0.018246469
1609060379.477308035,-3.450503878,-3.316545273,3.408860634,-3.469626181,-3.312719800,3.399875350,0.021471657
1609060379.527546167,-3.435636104,-3.350916006,3.417801619,-3.445473909,-3.368499892,3.414188324,0.020470256
1609060379.574175119,-3.423939134,-3.378049791,3.422427116,-3.433834449,-3.397773421,3.419863877,0.022215063
1609060379.624490023,-3.408841094,-3.410716643,3.429545631,-3.421996474,-3.424865858,3.425197845,0.019803221
1609060379.676283121,-3.395982485,-3.444273622,3.435947436,-3.409041724,-3.453201545,3.431210157,0.016513429
1609060379.725444078,-3.381104308,-3.475486579,3.441762735,-3.395672599,-3.481638167,3.436119408,0.016790601
1609060379.778115034,-3.365692633,-3.508913018,3.448746101,-3.382979504,-3.509900341,3.440361359,0.019238363
1609060379.825517178,-3.350523917,-3.538822205,3.453294289,-3.355377424,-3.564908042,3.447713046,0.027114160
1609060379.876507998,-3.334036034,-3.572274356,3.458076326,-3.340890308,-3.593946441,3.451345161,0.023705883
1609060379.924851179,-3.317646800,-3.603301527,3.461950777,-3.326349393,-3.622011318,3.454544537,0.021923590
1609060379.976315022,-3.302910784,-3.634537411,3.464786438,-3.311436577,-3.649173145,3.457969100,0.018258421
1609060380.025951147,-3.286223763,-3.665483664,3.468719816,-3.296229397,-3.677216660,3.461186584,0.017161744
1609060380.076279163,-3.268782591,-3.702345382,3.474004812,-3.263981169,-3.732791610,3.467145278,0.031576568
1609060380.126965046,-3.249714235,-3.735947784,3.478441080,-3.247626910,-3.759228811,3.469813466,0.024915835
1609060380.175324202,-3.233136643,-3.767896644,3.481603940,-3.230427052,-3.787593504,3.472912172,0.021699193
1609060380.224295139,-3.213785192,-3.800411684,3.485331827,-3.212793666,-3.813505725,3.475750415,0.016255476
1609060380.282178164,-3.190560091,-3.840607768,3.488567840,-3.177083283,-3.868931274,3.480877934,0.032295201
1609060380.327114105,-3.171027156,-3.871076523,3.490645429,-3.158766849,-3.893596025,3.483020459,0.026750388
1609060380.418756008,-3.129871504,-3.931761773,3.492253600,-3.118877583,-3.948070041,3.487788216,0.020168429
1609060380.497653008,-3.092116808,-3.981854533,3.496498405,-3.077827159,-4.001126249,3.492175005,0.024377960
1609060380.579474211,-3.051112910,-4.033594563,3.501600757,-3.033666037,-4.055302445,3.496600571,0.028295359
1609060380.613731146,-3.033288186,-4.055339759,3.503465310,-3.012459704,-4.080141876,3.497979175,0.032849176
1609060380.665153980,-3.005406359,-4.087160133,3.506856013,-2.989451526,-4.106792482,3.500006431,0.026208827
1609060380.732620001,-2.967053203,-4.129624160,3.510674651,-2.943221282,-4.158447404,3.504301888,0.037938793
1609060380.775574207,-2.944245416,-4.152788240,3.514336071,-2.918925174,-4.184842992,3.506794514,0.041539101
1609060380.818601131,-2.919019764,-4.178744791,3.517407584,-2.895610243,-4.209410306,3.509168692,0.039449447
1609060380.869970083,-2.890015889,-4.209007505,3.519585453,-2.869744284,-4.235720658,3.511628346,0.034465143
1609060380.919371128,-2.859416743,-4.238404177,3.522886251,-2.843757789,-4.261059535,3.514565625,0.028769792
1609060380.983446121,-2.819458972,-4.275925772,3.524754577,-2.792390890,-4.311074121,3.520282423,0.044587977
1609060381.026141167,-2.792078920,-4.300628663,3.527333660,-2.763708190,-4.338202091,3.524039633,0.047196519
1609060381.072177172,-2.763227743,-4.326415123,3.529437621,-2.739038107,-4.361036134,3.527310100,0.042288050
1609060381.118996143,-2.732307067,-4.352644059,3.532739215,-2.712726349,-4.385275458,3.530657534,0.038112283
1609060381.169764996,-2.695720180,-4.385144744,3.536877329,-2.684748270,-4.410169573,3.533811099,0.027495938
1609060381.224285126,-2.656667515,-4.416678325,3.541110223,-2.657599471,-4.433790021,3.537173777,0.017583353
1609060381.276952028,-2.621407817,-4.446675206,3.542631904,-2.629382162,-4.458193694,3.541575801,0.014049239
1609060381.325170040,-2.585937483,-4.474172914,3.545558167,-2.571749853,-4.505301022,3.549664122,0.034454416
1609060381.373531103,-2.554346695,-4.500174785,3.551380417,-2.542969473,-4.527967815,3.553401424,0.030099471
1609060381.423969030,-2.518517685,-4.527842975,3.556115193,-2.515737271,-4.550046094,3.557554501,0.022422775
1609060381.474560022,-2.482267284,-4.557067749,3.563091392,-2.485870048,-4.572658524,3.561217156,0.016111018
1609060381.525918007,-2.444603760,-4.584918653,3.568096283,-2.456656413,-4.594424898,3.565090522,0.015641923
1609060381.576167107,-2.409180998,-4.611324895,3.573665916,-2.397126210,-4.639917976,3.573348638,0.031031965
1609060381.623407125,-2.374606411,-4.636381025,3.577807813,-2.369739059,-4.659006717,3.576110427,0.023205478
1609060381.675836086,-2.340075596,-4.662231214,3.581445033,-2.338990918,-4.680719163,3.579742630,0.018597821
1609060381.724457979,-2.305476956,-4.686573152,3.584942334,-2.311621641,-4.699898773,3.582150207,0.014937380
1609060381.777621031,-2.270705288,-4.711367623,3.590644259,-2.281600236,-4.720668621,3.585277094,0.015297546
1609060381.825805187,-2.236687440,-4.734145313,3.594202810,-2.224228243,-4.758817721,3.590440605,0.027894685
1609060381.875913143,-2.204479501,-4.756807782,3.596514267,-2.194593620,-4.778610047,3.592860218,0.024216141
1609060381.926110029,-2.169140710,-4.779698209,3.599657630,-2.164925351,-4.796517304,3.595186120,0.017906580
1609060381.974575043,-2.135750290,-4.799161477,3.600786376,-2.135529153,-4.814622067,3.597363290,0.015836548
1609060382.023908138,-2.100985826,-4.819858789,3.603032537,-2.106703127,-4.832500303,3.598818839,0.014500023
1609060382.077841043,-2.065755584,-4.842254168,3.609705884,-2.076244035,-4.850059419,3.600061920,0.016246095
1609060382.126087189,-2.031339902,-4.861478036,3.611166026,-2.017364729,-4.883191294,3.601616482,0.027531161
1609060382.172864199,-2.001174392,-4.877778175,3.609993462,-1.987544429,-4.900079459,3.601291222,0.027547271
1609060382.224690199,-1.964906149,-4.897086570,3.610684106,-1.956068547,-4.915043538,3.601451123,0.022040960
1609060382.276548147,-1.925919306,-4.917985005,3.609558362,-1.926799166,-4.929882036,3.601992239,0.014126561
1609060382.326167107,-1.889912042,-4.935761962,3.609981901,-1.897272794,-4.944477442,3.601574727,0.014171127
1609060382.376545191,-1.853363802,-4.953561856,3.605341783,-1.866812881,-4.958932058,3.601731780,0.014924776
1609060382.423995018,-1.818084949,-4.969097181,3.604774326,-1.806799975,-4.983947707,3.601621597,0.018916354
1609060382.475164175,-1.784052186,-4.981021746,3.602512533,-1.777145457,-4.996343516,3.600342217,0.016946085
1609060382.524759054,-1.747580712,-4.994457173,3.600744482,-1.747638869,-5.007359531,3.599902901,0.012929906
1609060382.573063135,-1.712104168,-5.005931312,3.598601113,-1.717312518,-5.017600173,3.599550762,0.012813706
1609060382.623972178,-1.673401540,-5.018198348,3.597111016,-1.687691648,-5.027547018,3.598314213,0.017118776
1609060382.680236101,-1.634573015,-5.029875329,3.596075915,-1.626876389,-5.045476120,3.596852331,0.017413373
1609060382.726361990,-1.600203353,-5.039009583,3.595395064,-1.596278161,-5.053008703,3.596804589,0.014607164
1609060382.773458004,-1.566938225,-5.046579752,3.594971906,-1.566627308,-5.060709682,3.596698090,0.014238374
1609060382.823677063,-1.529598598,-5.054510010,3.595222860,-1.536866506,-5.067721532,3.596379724,0.015123000
1609060382.877391100,-1.492905633,-5.060176832,3.595838804,-1.506930902,-5.071915734,3.596124881,0.018291851
1609060382.927017212,-1.455249881,-5.065860717,3.597121476,-1.443683911,-5.081787712,3.597529722,0.019687750
1609060382.974920034,-1.421614450,-5.070451914,3.599026453,-1.443684163,-5.081784511,3.597535476,0.024854034
1609060383.024443150,-1.383714314,-5.074839258,3.600989674,-1.376126810,-5.087463838,3.598708603,0.014904815
1609060383.076413155,-1.347691939,-5.077323531,3.603286005,-1.344022801,-5.090456853,3.600129215,0.013996858
1609060383.125964165,-1.309354171,-5.079659182,3.605339367,-1.311826945,-5.093018510,3.600949906,0.014277732
1609060383.175229073,-1.273085926,-5.080371378,3.607661635,-1.249139142,-5.094437498,3.603369662,0.028102051
1609060383.222527981,-1.235693675,-5.080710169,3.609408096,-1.217402464,-5.092801689,3.604199361,0.022536729
1609060383.276117086,-1.196749265,-5.078930681,3.610079482,-1.183891841,-5.092141288,3.605719004,0.018943264
1609060383.323568106,-1.158815120,-5.077178874,3.612629452,-1.150619529,-5.090775835,3.607602327,0.016652840
1609060383.377740145,-1.110643087,-5.071615435,3.616719076,-1.115081411,-5.086617119,3.609911233,0.017061535
1609060383.424261093,-1.070422467,-5.067867976,3.619934952,-1.045434165,-5.079785467,3.614086761,0.028295638
1609060383.476530075,-1.025155060,-5.061973470,3.621526782,-1.010411449,-5.075321877,3.615904339,0.020667992
1609060383.524501085,-0.981919036,-5.056159548,3.624311126,-0.974428694,-5.068929856,3.618159820,0.016031986
1609060383.580219984,-0.935256853,-5.048751309,3.625747366,-0.936789178,-5.062412913,3.619499087,0.015100610
1609060383.625110149,-0.894133044,-5.041652976,3.626528709,-0.901807043,-5.056384201,3.621291112,0.017416419
1609060383.677712202,-0.849557967,-5.031984341,3.625763707,-0.825106100,-5.039962241,3.620932975,0.026170149
1609060383.726248026,-0.804694753,-5.022947190,3.625800171,-0.789548506,-5.032055384,3.621140575,0.018277851
1609060383.775644064,-0.760601547,-5.013006477,3.625759715,-0.752495275,-5.023039522,3.620643003,0.013876397
1609060383.826225996,-0.713053720,-5.001939324,3.626101672,-0.717050131,-5.014585277,3.621125962,0.014165067
1609060383.877563000,-0.667137751,-4.989317796,3.626625573,-0.642546503,-4.993610409,3.621801559,0.025424930
1609060383.925773144,-0.621402488,-4.977419562,3.626370025,-0.604845983,-4.982675121,3.621539949,0.018029653
1609060383.977313995,-0.575688836,-4.964571086,3.624739622,-0.565821007,-4.971280485,3.621468142,0.012373062
1609060384.025890112,-0.529536326,-4.951692771,3.625539531,-0.529310211,-4.960029918,3.622914636,0.008743524
1609060384.082066059,-0.480328738,-4.935326678,3.628030251,-0.487529747,-4.945878753,3.624015426,0.013391027
1609060384.127351046,-0.436802799,-4.921854491,3.630049391,-0.409261543,-4.920282804,3.627604520,0.027694194
1609060384.179015160,-0.391173249,-4.906288414,3.633024585,-0.368093867,-4.905713296,3.629676981,0.023327989
1609060384.225046158,-0.347332243,-4.891723025,3.635612116,-0.327854838,-4.891660730,3.632071767,0.019796647
1609060384.277572155,-0.300513795,-4.874983109,3.638127688,-0.288070222,-4.877472304,3.634003163,0.013343549
1609060384.326673985,-0.252990533,-4.858668700,3.640591540,-0.247175737,-4.862935998,3.635802841,0.008657559
1609060384.378116131,-0.207628869,-4.840615824,3.645211680,-0.206330605,-4.846690410,3.637551218,0.009862494
1609060384.426213980,-0.162484366,-4.823900524,3.648126745,-0.126514290,-4.814888516,3.641927355,0.037596477
1609060384.477639198,-0.109531076,-4.802087176,3.651583295,-0.086727994,-4.798607805,3.643666446,0.024387765
1609060384.526020050,-0.061392202,-4.783247560,3.654284362,-0.047144213,-4.782339957,3.645308009,0.016864277
1609060384.577697992,-0.011031215,-4.760372642,3.656876415,-0.006248386,-4.764230152,3.646935822,0.011686369
1609060384.627104044,0.037980710,-4.739930924,3.658944432,0.031113179,-4.747740738,3.648676720,0.014614448
1609060384.679548025,0.084595145,-4.716821264,3.658843116,0.111394155,-4.712075411,3.651084487,0.028300290
1609060384.725043058,0.129032676,-4.696896017,3.660297510,0.151738760,-4.693003602,3.652031775,0.024475283
1609060384.780750990,0.179295887,-4.669695714,3.662035330,0.190024738,-4.674755365,3.653583972,0.014564813
1609060384.825978994,0.223418542,-4.648304316,3.663232935,0.227295921,-4.656899314,3.654295460,0.012991787
1609060384.879726171,0.272280160,-4.624471278,3.663061258,0.264216777,-4.638107881,3.656008833,0.017341043
1609060384.927287102,0.315709980,-4.602314558,3.665005019,0.341314471,-4.598897150,3.661040918,0.026133938
1609060384.978001118,0.358774453,-4.577854016,3.666527552,0.379321240,-4.578131162,3.662872408,0.020871209
1609060385.025215149,0.401415836,-4.554656959,3.668871840,0.414480397,-4.559261101,3.664975289,0.014389718
1609060385.078049183,0.446075554,-4.528030542,3.673186522,0.452318446,-4.537450547,3.666925012,0.012919625
1609060385.128671169,0.490359911,-4.501965204,3.675709349,0.486790870,-4.517020633,3.668790854,0.016949028
1609060385.178465128,0.530662960,-4.476667114,3.678792041,0.560219358,-4.473693369,3.671306412,0.030634270
1609060385.225788116,0.571738151,-4.452587969,3.679032361,0.595879482,-4.452849431,3.670229429,0.025697545
1609060385.277276993,0.610225058,-4.425612697,3.678037984,0.632087112,-4.429403463,3.669671947,0.023713075
1609060385.324550152,0.649526343,-4.400676759,3.677216782,0.666601723,-4.407614877,3.668171096,0.020531208
1609060385.378527164,0.690465924,-4.372621471,3.675360428,0.701512871,-4.385117380,3.667009320,0.018652716
1609060385.428066015,0.730334612,-4.346619630,3.674368129,0.735816357,-4.362172577,3.665637371,0.018659309
1609060385.478852987,0.769004503,-4.320731036,3.673421214,0.806388871,-4.313926343,3.663785917,0.039201196
1609060385.527404070,0.807671671,-4.294965979,3.672500080,0.841749469,-4.289042630,3.662118136,0.036113254
1609060385.578270197,0.851042976,-4.264390025,3.670181238,0.873842456,-4.266309107,3.660703231,0.024765536
1609060385.624525070,0.888763729,-4.239064438,3.668324054,0.907968453,-4.241627806,3.659139687,0.021441662
1609060385.679279089,0.933176924,-4.207298953,3.664298033,0.938842373,-4.218929519,3.657346417,0.014686468
1609060385.728085995,0.973707480,-4.179183774,3.662037783,1.000423313,-4.172642346,3.653697080,0.028741839
1609060385.780771017,1.011567124,-4.148500332,3.658211408,1.033561134,-4.147848299,3.651231718,0.023084144
1609060385.825530052,1.047882073,-4.121999379,3.655760474,1.065329401,-4.123028548,3.649536773,0.018552706
1609060385.878072977,1.087389006,-4.090581263,3.652502963,1.096268176,-4.097349713,3.647909624,0.012072711
1609060385.927165031,1.126439553,-4.061230094,3.650432442,1.128496204,-4.072365182,3.645658743,0.012288539
1609060385.979855061,1.165498623,-4.029975342,3.649069539,1.159984493,-4.047253696,3.643758888,0.018898416
1609060386.026208162,1.201823492,-4.001596092,3.647312197,1.223580025,-3.995188369,3.640350835,0.023724802
1609060386.077979088,1.236083164,-3.970721917,3.645266719,1.255036599,-3.969007400,3.638575366,0.020172914
1609060386.127557993,1.273530072,-3.940761427,3.643807099,1.283067330,-3.945007179,3.636797599,0.012574529
1609060386.179339170,1.310081230,-3.909939544,3.642012090,1.314809186,-3.917867196,3.634654434,0.011804081
1609060386.225568056,1.345714847,-3.881173514,3.639906220,1.347109013,-3.890868784,3.632148324,0.012495075
1609060386.277292013,1.377498453,-3.848373187,3.634653259,1.378408843,-3.863102740,3.629773900,0.015543381
1609060386.327005148,1.413885485,-3.816739239,3.631918841,1.439526831,-3.806389863,3.625316033,0.028428599
1609060386.378152132,1.448371605,-3.786019447,3.628833899,1.469798219,-3.778320631,3.623015060,0.023499584
1609060386.426437140,1.482980398,-3.755245796,3.626524924,1.499270653,-3.750463033,3.620762662,0.017929052
1609060386.479035139,1.514906791,-3.722318077,3.625228743,1.528727945,-3.722053707,3.618667704,0.015301681
1609060386.526904106,1.548503365,-3.690999938,3.623469235,1.558837027,-3.693008254,3.616754708,0.012486104
1609060386.578626156,1.581937462,-3.657068583,3.621650866,1.587611721,-3.663722467,3.615411451,0.010742517
1609060386.626856089,1.615650920,-3.624562959,3.620534136,1.644431950,-3.605338944,3.611989082,0.035650083
1609060386.678795099,1.653981454,-3.585309022,3.619176429,1.674413833,-3.574101532,3.610076531,0.025017956
1609060386.726828098,1.688617379,-3.551049923,3.618334796,1.703207324,-3.543777721,3.609370291,0.018604133
1609060386.777306080,1.721969413,-3.513553929,3.617878303,1.733399784,-3.511794066,3.607829309,0.015320991
1609060386.826637030,1.757708255,-3.477067839,3.616847321,1.762411781,-3.480483801,3.607187248,0.011274262
1609060386.879197121,1.792184739,-3.437868231,3.614958055,1.818887119,-3.417871745,3.605083517,0.034790560
1609060386.927596092,1.826185359,-3.401328624,3.613507874,1.848399636,-3.383942546,3.603368485,0.029975940
1609060386.977253199,1.858484811,-3.363097148,3.611469858,1.876550421,-3.350258176,3.602333483,0.023972459
1609060387.024797201,1.892581652,-3.324511302,3.610087905,1.905357162,-3.315529513,3.601534615,0.017805756
1609060387.077081203,1.924543746,-3.283354780,3.607576326,1.932391820,-3.282234559,3.600974432,0.010316596
1609060387.128638983,1.960044253,-3.241004848,3.606607839,1.960289894,-3.248117435,3.600472542,0.009396334
1609060387.178961039,1.992038840,-3.199951901,3.605709034,1.987603849,-3.212588256,3.599285002,0.014853107
1609060387.228384018,2.024245031,-3.158455989,3.604291289,2.043142011,-3.139247342,3.596958027,0.027925699
1609060387.279007196,2.052650396,-3.116275448,3.602719261,2.069903856,-3.102405538,3.595630281,0.023244568
1609060387.325957060,2.082689726,-3.076059614,3.600876061,2.094675767,-3.066673452,3.593902940,0.016744839
1609060387.378004074,2.110826841,-3.029874164,3.598117265,2.121636529,-3.028572812,3.592234829,0.012375214
1609060387.428513050,2.142211434,-2.983971488,3.595915398,2.147050238,-2.990191831,3.590462647,0.009583276
1609060387.478980064,2.166972544,-2.943806622,3.596119871,2.172680022,-2.949591707,3.589237782,0.010649209
1609060387.526018143,2.192448412,-2.902124412,3.595189699,2.216627874,-2.871601663,3.587369339,0.039717031
1609060387.578428984,2.217295645,-2.856415477,3.594172076,2.239332053,-2.830664958,3.586630990,0.034721181
1609060387.626721144,2.242194297,-2.812741597,3.592472544,2.260217339,-2.790335411,3.585427508,0.029605739
1609060387.678171158,2.264570384,-2.766047385,3.587129996,2.279956365,-2.750059407,3.584187240,0.022383112
1609060387.728655100,2.288267968,-2.719390745,3.583961853,2.299523538,-2.708676191,3.582646263,0.015595522
1609060387.779019117,2.308275784,-2.666615600,3.582761156,2.335235326,-2.625858578,3.578332674,0.049066925
1609060387.827759981,2.329383357,-2.618501461,3.579147149,2.351355947,-2.584567028,3.575550585,0.040586645
1609060387.878028154,2.347430663,-2.564907694,3.575201353,2.366754904,-2.542755674,3.573250981,0.029460859
1609060387.927401066,2.366429643,-2.513227554,3.571266213,2.380939024,-2.499423057,3.570483497,0.020042428
1609060387.978938103,2.380831674,-2.459920930,3.568574021,2.395443900,-2.455051349,3.568147552,0.015408175
1609060388.028403044,2.395511641,-2.408703750,3.565777077,2.407520080,-2.412453426,3.565291712,0.012589609
1609060388.080017090,2.406305729,-2.358181312,3.563468477,2.418562520,-2.369014510,3.562172453,0.016409351
1609060388.127521992,2.418683042,-2.308730162,3.560261926,2.438249639,-2.283334705,3.556590870,0.032268523
1609060388.177268982,2.428596888,-2.258951587,3.557313560,2.447355418,-2.240133094,3.553654297,0.026821788
1609060388.226025105,2.439636201,-2.208083927,3.554415487,2.456339649,-2.196353044,3.551542979,0.020612377
1609060388.279821157,2.446632594,-2.154423934,3.552655419,2.461196393,-2.154512246,3.547389592,0.015486800
1609060388.327994108,2.454641328,-2.105707707,3.550470767,2.468012016,-2.114168388,3.544978544,0.016748820
1609060388.378304005,2.459628523,-2.056572132,3.548090979,2.480309923,-2.023117502,3.539722042,0.040211587
1609060388.427662134,2.466634728,-2.007347068,3.545909436,2.483405882,-1.980877640,3.536727495,0.032652875
1609060388.479194164,2.468927280,-1.958162659,3.543871726,2.487366183,-1.940957230,3.534986254,0.026738952
1609060388.525289059,2.473998097,-1.912814733,3.543345497,2.490149307,-1.898126140,3.533358223,0.024007541
1609060388.588790178,2.473788250,-1.851000319,3.543760588,2.493778899,-1.814857089,3.531487022,0.043088276
1609060388.632841110,2.476290640,-1.808178816,3.544173532,2.495372105,-1.771266485,3.531182640,0.043536028
1609060388.684895992,2.476987629,-1.759676330,3.541647243,2.496257615,-1.729742659,3.530546057,0.037290660
1609060388.727123022,2.478922655,-1.718539415,3.541784765,2.496067849,-1.689466572,3.529351928,0.035968921
1609060388.777594090,2.477500978,-1.672029944,3.541800912,2.496002220,-1.647843327,3.528909470,0.033067774
1609060388.826026201,2.479031207,-1.626862991,3.542301869,2.496319809,-1.608911984,3.529072806,0.028215997
1609060388.879713058,2.478910562,-1.569603547,3.541179466,2.494857608,-1.569134433,3.528334425,0.020482271
1609060388.928493023,2.480166245,-1.522199992,3.541551130,2.493272984,-1.529060946,3.528356355,0.019823253
1609060388.978852034,2.474941381,-1.473766493,3.540647080,2.490272685,-1.446778124,3.528980195,0.033159270
1609060389.026794195,2.474938096,-1.427345938,3.541018813,2.487127478,-1.407571053,3.529079949,0.026118262
1609060389.078282118,2.468453792,-1.380123294,3.540661150,2.483989415,-1.368908137,3.529898068,0.021976789
1609060389.127646208,2.465942333,-1.334075278,3.541286649,2.481967267,-1.332057144,3.530630301,0.019350171
1609060389.177092075,2.461297494,-1.290176279,3.542422328,2.477957750,-1.294272042,3.531111384,0.020549376
1609060389.227483988,2.457820114,-1.243662679,3.544481869,2.469142848,-1.219703367,3.535183685,0.028083966
1609060389.277998209,2.450887645,-1.199604956,3.547123391,2.465066735,-1.182515038,3.536686726,0.024536419
1609060389.327522993,2.446446983,-1.154185713,3.548641467,2.460405461,-1.144387017,3.537510293,0.020365573
1609060389.378243208,2.438434796,-1.109008793,3.549771817,2.453938759,-1.104479062,3.538011276,0.019980031
1609060389.425644159,2.434069205,-1.065393688,3.549455569,2.449458665,-1.068306160,3.538360121,0.019194451
1609060389.480804205,2.424649416,-1.017673033,3.546486629,2.443637368,-1.028556821,3.538592319,0.023266270
1609060389.530208111,2.419225387,-0.972680151,3.546137794,2.430054209,-0.951871000,3.537962868,0.024841770
1609060389.578667164,2.410400027,-0.934011061,3.549503835,2.422929383,-0.913661744,3.538587465,0.026272545
1609060389.625934124,2.404369617,-0.892576713,3.550480327,2.416796052,-0.879063620,3.538976324,0.021664766
1609060389.678423166,2.393608031,-0.848278566,3.552093113,2.408812961,-0.840848080,3.539444196,0.021128113
1609060389.727277040,2.387019029,-0.804617391,3.552866710,2.401143650,-0.806133503,3.539442063,0.019545451
1609060389.779801130,2.374161366,-0.761990077,3.554129551,2.382977274,-0.725363482,3.539394201,0.040451925
1609060389.824541092,2.366802073,-0.722154049,3.554892297,2.374341012,-0.689962896,3.539213918,0.036591221
1609060389.877240181,2.352557852,-0.677728970,3.552727815,2.364396683,-0.651866225,3.538910562,0.031622081
1609060389.926560163,2.343487983,-0.634887393,3.553066116,2.355362312,-0.614141598,3.539074170,0.027697694
1609060389.978195190,2.329694387,-0.583219903,3.550305870,2.345447542,-0.577189881,3.538529059,0.020572223
1609060390.027326107,2.320193575,-0.537780157,3.549324403,2.324646729,-0.503072840,3.538349925,0.036672437
1609060390.076764107,2.305621699,-0.491805690,3.547010812,2.315361014,-0.466552583,3.538028578,0.028517612
1609060390.127235174,2.295082646,-0.444085165,3.544321105,2.304416062,-0.428608568,3.536479968,0.019700791
1609060390.177085161,2.279227832,-0.400335645,3.540854118,2.292974930,-0.391536744,3.534565175,0.017491546
1609060390.226591110,2.267510293,-0.354684815,3.537508935,2.281588373,-0.353040110,3.532662123,0.014979619
1609060390.280389071,2.251903622,-0.305528667,3.533535229,2.270467026,-0.314987946,3.530071114,0.021120560
1609060390.326570988,2.240765466,-0.262955588,3.529913430,2.246741773,-0.242240677,3.524830851,0.022150765
1609060390.378979206,2.225655227,-0.217344633,3.525659015,2.235012807,-0.204070402,3.522247070,0.016595508
1609060390.426268101,2.213843812,-0.174264139,3.520852193,2.223562176,-0.167638001,3.518642353,0.011968111
1609060390.477884054,2.197387895,-0.131721404,3.514848256,2.210603587,-0.130276165,3.513636281,0.013349611
1609060390.528004169,2.183517793,-0.087936858,3.509241554,2.186221161,-0.058122523,3.504026700,0.030387455
1609060390.577238083,2.166141757,-0.048149224,3.505085723,2.174123030,-0.023592317,3.499455133,0.026428128
1609060390.625013113,2.153694722,-0.006041613,3.499191927,2.160438397,0.013042841,3.494420111,0.020795764
1609060390.676635027,2.136267437,0.035013274,3.493107451,2.147209595,0.049302019,3.488845793,0.018494885
1609060390.726636171,2.122868991,0.078465510,3.486482485,2.134311649,0.086783208,3.483565988,0.014443838
1609060390.780335188,2.099866671,0.122369018,3.478835295,2.105397098,0.162159933,3.472537678,0.040664019
1609060390.825442076,2.086809470,0.161305618,3.473333943,2.091274434,0.196874403,3.466490193,0.036495360
1609060390.878334045,2.066850120,0.203464693,3.467745797,2.077631015,0.230117694,3.462026279,0.029314212
1609060390.928623199,2.050923022,0.245857417,3.461831285,2.061179588,0.270057506,3.456876784,0.026746748
1609060390.978664160,2.027830326,0.285250229,3.457081659,2.043378352,0.311812398,3.451938707,0.031204806
1609060391.025667191,2.011724115,0.324865765,3.452585642,2.026826383,0.348986030,3.446960751,0.029008707
1609060391.085714102,1.984864422,0.380586798,3.447806245,1.993473650,0.420492549,3.438767687,0.041812478
1609060391.125485182,1.969933876,0.414953457,3.444395829,1.976906656,0.454493306,3.435100250,0.041211978
1609060391.175955057,1.943755247,0.457681480,3.440581118,1.960028664,0.489411793,3.432679114,0.036525040
1609060391.225903988,1.922949255,0.500886947,3.437053837,1.941535418,0.523617197,3.431048272,0.029969593
1609060391.278138161,1.898650667,0.542860750,3.434848503,1.923026939,0.558312484,3.428376198,0.029577854
1609060391.328149080,1.876322383,0.585389618,3.432471082,1.904285768,0.592502415,3.426784236,0.029408893
1609060391.378519058,1.852189429,0.627120765,3.430364744,1.864604681,0.661542419,3.424593501,0.037044514
1609060391.420211077,1.833359285,0.662946809,3.429031046,1.843532683,0.695955606,3.423253202,0.035020882
1609060391.470527172,1.803847048,0.702492979,3.427084648,1.820488341,0.731209049,3.422716098,0.033475805
1609060391.521433115,1.778205346,0.746164759,3.425655812,1.797678309,0.765705004,3.420852145,0.028001656
1609060391.570142031,1.752415156,0.780471992,3.424070571,1.774204487,0.800049851,3.420301417,0.029534286
1609060391.619429111,1.728384696,0.819207575,3.423256071,1.751948241,0.831761374,3.419588399,0.026949774
1609060391.671687126,1.697571114,0.855391886,3.423358804,1.728466143,0.864278681,3.419208956,0.032414490
1609060391.722023010,1.672276844,0.894817309,3.422605610,1.681110070,0.927864948,3.419648523,0.034335357
1609060391.775783062,1.643390347,0.932594262,3.423009924,1.658519970,0.957679157,3.420453305,0.029405675
1609060391.826857090,1.617361680,0.971295441,3.422919032,1.631132596,0.991103139,3.420339179,0.024261877
1609060391.878179073,1.585417947,1.006125449,3.424223745,1.603833520,1.026856337,3.420535213,0.027973350
1609060391.928951025,1.558261062,1.044060058,3.425058581,1.577221235,1.057574433,3.421210073,0.023599523
1609060391.978355169,1.527927037,1.076914101,3.428117253,1.526878547,1.116799840,3.422285031,0.040323521
1609060392.025657177,1.501937205,1.111369071,3.429592482,1.503857720,1.144788439,3.422282047,0.034263464
1609060392.078227043,1.468841827,1.145385798,3.428024437,1.477818973,1.171911895,3.423488769,0.028368914
1609060392.128297091,1.440896627,1.180550388,3.429163768,1.453289738,1.199303706,3.424701272,0.022917024
1609060392.181913137,1.403684242,1.223811209,3.431479104,1.399331982,1.257368000,3.425969096,0.034283533
1609060392.225656033,1.378097664,1.256180375,3.432622776,1.372859943,1.284113606,3.426476475,0.029077072
1609060392.277301073,1.342079135,1.291390925,3.434254102,1.345674747,1.313052909,3.427497017,0.022974511
1609060392.326452017,1.311435042,1.328333155,3.436256076,1.317443786,1.341979586,3.429047430,0.016561843
1609060392.380200148,1.271881872,1.362519158,3.436756378,1.289769211,1.369908479,3.430732372,0.020269376
1609060392.427337170,1.240843681,1.394933752,3.438339134,1.236294964,1.422877532,3.431777071,0.029062112
1609060392.477635145,1.203518028,1.426575539,3.439321322,1.210851041,1.447682768,3.433124580,0.023188096
1609060392.527090073,1.170647080,1.459830961,3.440633661,1.182831939,1.474831451,3.433677946,0.020539413
1609060392.578356028,1.134669409,1.490340882,3.441645167,1.154180347,1.500444567,3.433669253,0.023374695
1609060392.627631187,1.101447192,1.522213682,3.443323404,1.125893044,1.526895759,3.435276236,0.026158716
1609060392.678007126,1.065879636,1.551185329,3.446489201,1.066970470,1.580042886,3.440517657,0.029489115
1609060392.726713181,1.033727724,1.580801312,3.450895202,1.038070221,1.604938546,3.443984052,0.025479940
1609060392.778137207,0.996031419,1.607414461,3.456623019,1.010750078,1.628683335,3.448088964,0.027236630
1609060392.825527191,0.964610786,1.635535264,3.461762832,0.982409866,1.653651083,3.452123488,0.027164446
1609060392.879384995,0.925044857,1.662249102,3.465924903,0.952964794,1.677779411,3.456366077,0.033347931
1609060392.928017139,0.893223205,1.689248425,3.470680715,0.899804983,1.720468544,3.463616576,0.032679010
1609060392.978950024,0.857142101,1.713240891,3.474092229,0.872637225,1.742579308,3.467126421,0.033902272
1609060393.025929213,0.826526034,1.738289586,3.477928147,0.845759111,1.762417962,3.470267480,0.031792697
1609060393.078571081,0.791481366,1.762787775,3.482509493,0.817762558,1.782062581,3.474762651,0.033499743
1609060393.127781153,0.760531864,1.787252740,3.486351103,0.789539904,1.804096870,3.478492772,0.034452060
1609060393.179360151,0.724225152,1.808794352,3.487508607,0.729634396,1.846752353,3.484827323,0.038435128
1609060393.225460052,0.695733607,1.830816940,3.490492570,0.702777694,1.864311494,3.488327333,0.034295664
1609060393.278164148,0.661901730,1.859252386,3.494717830,0.675633345,1.884195868,3.491818130,0.028620671
1609060393.326492071,0.632930191,1.882327054,3.497729748,0.648428717,1.902407483,3.494790404,0.025535615
1609060393.378987074,0.596774716,1.906315007,3.501237842,0.619258318,1.919989385,3.497945025,0.026520627
1609060393.427626133,0.567465394,1.929154461,3.504139158,0.565936893,1.953996858,3.504173898,0.024889400
1609060393.477944136,0.532212776,1.945251526,3.507508216,0.565937008,1.953994725,3.504169086,0.034998816
1609060393.526420116,0.503441490,1.964425367,3.511104848,0.511919333,1.984538670,3.510480509,0.021835947
1609060393.577835083,0.470821735,1.981742585,3.516169943,0.484190165,1.999827060,3.514271811,0.022569139
1609060393.627587080,0.439953925,2.001241255,3.520196283,0.460133986,2.014345953,3.517524180,0.024209670
1609060393.681843996,0.405059906,2.020696964,3.525319947,0.405087363,2.043094685,3.523175687,0.022500145
1609060393.726659060,0.377774071,2.036364726,3.529133692,0.380006459,2.054977614,3.525981473,0.019009462
1609060393.777696133,0.345733835,2.048991753,3.533597819,0.354244793,2.068484083,3.529149126,0.021729662
1609060393.825637102,0.316829478,2.065611078,3.537345071,0.328303651,2.081269581,3.532666179,0.019968409
1609060393.880216122,0.284326374,2.080179710,3.541513959,0.301356322,2.093710393,3.534883380,0.022739022
1609060393.929346085,0.255139190,2.095121172,3.545012033,0.273918946,2.105199625,3.537647527,0.022549732
1609060393.978819132,0.224162032,2.106946203,3.546748720,0.220665065,2.129383795,3.542593270,0.023085538
1609060394.025839090,0.196440624,2.120202025,3.549459082,0.193215754,2.139655732,3.545007581,0.020215399
1609060394.078690052,0.164255405,2.130477529,3.551247107,0.166283736,2.150408342,3.546410822,0.020609247
1609060394.127166986,0.135515400,2.143331991,3.553486063,0.139656415,2.161683942,3.548576892,0.019443305
1609060394.178130150,0.102496347,2.153292749,3.555362004,0.113566380,2.171057518,3.550850880,0.021412214
1609060394.227622032,0.073137833,2.165363757,3.557761909,0.058388046,2.190898020,3.554230615,0.029698904
1609060394.277701139,0.041320573,2.173666112,3.561451952,0.033303878,2.200531756,3.556613655,0.028450647
1609060394.327140093,0.011534788,2.184829351,3.564334968,0.005952082,2.210326457,3.558890353,0.026662949
1609060394.378655195,-0.027843637,2.198290868,3.568266920,-0.020693242,2.218190860,3.560702251,0.022458007
1609060394.428137064,-0.060461246,2.210302507,3.571020407,-0.049448468,2.227326913,3.562137538,0.022136329
1609060394.480125189,-0.096882322,2.221628316,3.570758196,-0.106217160,2.246517919,3.564710579,0.027261790
1609060394.526715040,-0.128416834,2.232969171,3.572383955,-0.134552503,2.253490591,3.565915706,0.022374391
1609060394.578184128,-0.164615890,2.240864971,3.572768677,-0.164133577,2.261640493,3.567020493,0.021561461
1609060394.625958204,-0.196731059,2.250690465,3.573354389,-0.192773175,2.270488364,3.567828169,0.020932290
1609060394.678415060,-0.233317771,2.259376580,3.573019446,-0.219252106,2.278031382,3.568078363,0.023880094
1609060394.727630138,-0.267716827,2.268935057,3.573186295,-0.250295528,2.284804137,3.567729627,0.024188935
1609060394.778980017,-0.303180866,2.276073081,3.573641247,-0.310616741,2.299864523,3.567183387,0.025749348
1609060394.825003147,-0.335760682,2.284503457,3.573100586,-0.338424966,2.306638486,3.566327817,0.023300822
1609060394.878548145,-0.374451363,2.291201140,3.569337678,-0.370573248,2.312378021,3.564844627,0.021992898
1609060394.926192045,-0.408550128,2.299310750,3.567645226,-0.400573020,2.317893601,3.563245152,0.020695827
1609060394.979655027,-0.446711072,2.307014823,3.566551363,-0.429814236,2.324179840,3.560064512,0.024944340
1609060395.028001070,-0.481498655,2.315328863,3.563827654,-0.494363757,2.335963887,3.554205340,0.026151558
1609060395.079689980,-0.520305765,2.319115342,3.560038254,-0.524853895,2.340122007,3.551015410,0.023310452
1609060395.126984119,-0.555020253,2.326226895,3.557392690,-0.558063264,2.346320630,3.548093155,0.022349484
1609060395.178426981,-0.592724251,2.331592336,3.555289772,-0.593669141,2.351540003,3.545058781,0.022438258
1609060395.228995085,-0.630847809,2.338636866,3.552171795,-0.625903269,2.355068018,3.541689219,0.020107602
1609060395.278118134,-0.669593776,2.342892132,3.548267618,-0.659766009,2.359212682,3.537833668,0.021721249
1609060395.330049992,-0.709179067,2.349670356,3.545446837,-0.726717621,2.368362724,3.531638943,0.029114660
1609060395.379475117,-0.746714857,2.351865447,3.540614927,-0.762629242,2.370736465,3.528655776,0.027429988
1609060395.425306082,-0.781688615,2.357008501,3.538153743,-0.796234335,2.374409475,3.526137854,0.025666193
1609060395.477863073,-0.829864100,2.362101465,3.536035883,-0.830103857,2.378614508,3.522404734,0.021413694
1609060395.528144121,-0.871012535,2.367455887,3.533689020,-0.864174240,2.380104480,3.520917828,0.019231550
1609060395.580636978,-0.915290888,2.367265010,3.526530326,-0.938008368,2.383754128,3.515690498,0.030091141
1609060395.628876209,-0.955248726,2.370943071,3.523796795,-0.972413786,2.386399076,3.513468666,0.025302127
1609060395.679280996,-0.997631648,2.371288985,3.518602694,-1.009772907,2.387209943,3.511824033,0.021138526
1609060395.726664066,-1.036675025,2.372500826,3.515886811,-1.045713195,2.387367174,3.509001218,0.018711179
1609060395.777697086,-1.080593985,2.370168636,3.514728848,-1.083558727,2.387457281,3.506895595,0.019210590
1609060395.827297211,-1.123816660,2.370667478,3.511928468,-1.116987504,2.388005752,3.505089551,0.019850036
1609060395.878175020,-1.169107320,2.368806698,3.507763329,-1.194038769,2.385360893,3.500951638,0.030692306
1609060395.926741123,-1.211677523,2.367968468,3.504724623,-1.231421880,2.384089220,3.499423516,0.026034976
1609060395.978080988,-1.256781208,2.364415141,3.499878784,-1.267818379,2.383294837,3.497005905,0.022057096
1609060396.025374174,-1.298573537,2.362875109,3.496965793,-1.304132709,2.380573230,3.495388339,0.018617632
1609060396.079258204,-1.346584733,2.359468655,3.493102973,-1.343326503,2.377317293,3.494079240,0.018169838
1609060396.127947092,-1.389986433,2.356831267,3.490062655,-1.380025257,2.374061735,3.490300804,0.019904038
1609060396.179615021,-1.435752004,2.348408803,3.489316087,-1.457607850,2.364802360,3.486249674,0.027492355
1609060396.226527214,-1.477569060,2.344263960,3.487883785,-1.497373333,2.359701870,3.484627037,0.025320836
1609060396.277954102,-1.523841496,2.335629556,3.485986632,-1.535574593,2.354651339,3.483154359,0.022528106
1609060396.329421043,-1.569697748,2.329080755,3.484695853,-1.570666890,2.349163394,3.480999755,0.020442915
1609060396.378897190,-1.613063248,2.321268444,3.483165700,-1.609120025,2.341570899,3.479590449,0.020988595
1609060396.428141117,-1.656258197,2.313832511,3.482657306,-1.685299003,2.324661401,3.476439453,0.031611627
1609060396.478668213,-1.700884139,2.300626571,3.481465465,-1.720688178,2.316777396,3.474343017,0.026528822
1609060396.527477026,-1.743549428,2.290785909,3.480957001,-1.762324488,2.305591626,3.473042299,0.025186397
1609060396.578049183,-1.795192261,2.278895820,3.480392092,-1.804750223,2.293479309,3.472155565,0.019284013
1609060396.627701998,-1.840453240,2.267255268,3.480301547,-1.840825096,2.282445315,3.471294628,0.017663534
1609060396.680634022,-1.889145213,2.249646837,3.479614595,-1.878176100,2.270869871,3.470129905,0.025704046
1609060396.727077007,-1.931343222,2.236413978,3.479411294,-1.956144735,2.243156028,3.468466413,0.027934937
1609060396.779548168,-1.978156720,2.218082415,3.477874656,-1.992151123,2.229202380,3.466629350,0.021117619
1609060396.826028109,-2.019340059,2.202562296,3.477268326,-2.028181034,2.214719744,3.465482615,0.019101554
1609060396.878423214,-2.067501716,2.181466763,3.474407325,-2.067998980,2.197125892,3.464259418,0.018666431
1609060396.928431988,-2.112983686,2.161484334,3.473300074,-2.142044792,2.162665288,3.462657496,0.030971067
1609060396.978091002,-2.158671691,2.138331694,3.471236421,-2.176581843,2.145372981,3.461220805,0.021694834
1609060397.067896128,-2.237652567,2.096561745,3.466437067,-2.251937954,2.104837773,3.458476464,0.018328561
1609060397.143000126,-2.304674513,2.057686307,3.465028215,-2.322990791,2.063200891,3.454910853,0.021639263
1609060397.190607071,-2.345307662,2.033749152,3.463823699,-2.360913804,2.039803778,3.453683674,0.019571159
1609060397.238964081,-2.386276842,2.007494296,3.462104872,-2.398070800,2.015432943,3.452146197,0.017357845
1609060397.285953045,-2.425608548,1.979942580,3.459762107,-2.433479178,1.991935735,3.451080042,0.016767851
1609060397.333422184,-2.465922164,1.952819953,3.458282684,-2.469728796,1.967007900,3.450341386,0.016698877
1609060397.386152983,-2.510756733,1.919743295,3.455996179,-2.540664720,1.915514890,3.447574028,0.031357610
1609060397.430253983,-2.547625681,1.892940158,3.454685871,-2.575161775,1.889146332,3.445959789,0.029133727
1609060397.477351189,-2.585877745,1.863497497,3.455736831,-2.610193035,1.861850697,3.444452561,0.026856657
1609060397.527691126,-2.628316476,1.830782016,3.454013291,-2.648270411,1.831797725,3.442754605,0.022933582
1609060397.579995155,-2.671446374,1.794847767,3.450324564,-2.684021634,1.802342110,3.440577348,0.017587228
1609060397.697091103,-2.776711283,1.709744363,3.444381054,-2.786411689,1.715809810,3.437251733,0.013480160
1609060397.745933056,-2.819233920,1.673304243,3.442038045,-2.823099435,1.683672389,3.434811846,0.013215846
1609060397.824478149,-2.889063347,1.608450482,3.435729119,-2.897666722,1.615755322,3.432215943,0.011820370
1609060397.878262997,-2.934620622,1.566009734,3.433275411,-2.938329343,1.577786469,3.431238325,0.012513825
1609060397.926575184,-2.975617934,1.527072409,3.432025072,-2.975094090,1.542112671,3.430336159,0.015143854
1609060397.980239153,-3.018884569,1.482570432,3.431375704,-3.011246735,1.506189430,3.429537880,0.024891186
1609060398.027523994,-3.059063876,1.442505263,3.430964019,-3.082490467,1.435328532,3.430044339,0.024518492
1609060398.078239202,-3.101658093,1.397723661,3.431206521,-3.117509248,1.398973716,3.430479892,0.015916963
1609060398.126496077,-3.142036146,1.355669288,3.431663442,-3.152529242,1.361734850,3.430355646,0.012190424
1609060398.178829193,-3.183804915,1.309307975,3.431790874,-3.184481911,1.327116814,3.430776344,0.017850556
1609060398.226239204,-3.222434875,1.267376537,3.432588645,-3.250387608,1.255171239,3.432125558,0.030504738
1609060398.277672052,-3.264373430,1.221187370,3.433014589,-3.284379509,1.217589850,3.433170750,0.020327561
1609060398.326209068,-3.303607027,1.177240990,3.434562607,-3.317289229,1.180208802,3.433640504,0.014030710
1609060398.377545118,-3.343834475,1.129339692,3.435307546,-3.351859805,1.140228587,3.435178049,0.013527406
1609060398.433663130,-3.387848654,1.077653197,3.438022559,-3.421399412,1.058849202,3.438486412,0.038463733
1609060398.484022141,-3.427157049,1.029666516,3.439895484,-3.452739964,1.021219549,3.440592000,0.026950360
1609060398.527798176,-3.461319713,0.988230584,3.441813415,-3.486030177,0.979960817,3.441821502,0.026057554
1609060398.578746080,-3.498247887,0.941707704,3.445182133,-3.518669857,0.940086813,3.443954820,0.020522925
1609060398.628152132,-3.535770132,0.894742150,3.447333706,-3.551841540,0.898370941,3.445268280,0.016604947
1609060398.678184032,-3.573341213,0.844654912,3.448542926,-3.583204684,0.858222662,3.447383798,0.016814145
1609060398.726467133,-3.609504540,0.797989470,3.450677264,-3.648897426,0.773869633,3.449401363,0.046208158
1609060398.774976015,-3.652511738,0.745627753,3.453437745,-3.680871589,0.731153660,3.451126342,0.031923707
1609060398.825124025,-3.690989907,0.695334145,3.455775509,-3.710646508,0.690172307,3.452752111,0.020546714
1609060398.878898144,-3.732837578,0.637443823,3.458069054,-3.739277238,0.650560493,3.453244031,0.015388213
1609060398.929849148,-3.771738074,0.584367856,3.460496521,-3.801102044,0.563809196,3.455155015,0.036241314
1609060398.978372097,-3.806475594,0.531609438,3.459652328,-3.831316811,0.520888850,3.455336374,0.027397893
1609060399.025608063,-3.840881049,0.481530782,3.460257030,-3.860297576,0.477177876,3.455706452,0.020412180
1609060399.079013109,-3.879625052,0.422991934,3.459643902,-3.890493147,0.431176173,3.455814428,0.014133723
1609060399.128398180,-3.914011311,0.369675657,3.459308765,-3.917501121,0.388658527,3.454891783,0.019799945
1609060399.178855181,-3.948216624,0.315244753,3.458809523,-3.974076838,0.297755135,3.454248049,0.031550665
1609060399.226141214,-3.980035799,0.264626250,3.458765527,-3.999204819,0.256549412,3.453972696,0.021346145
1609060399.278860092,-4.013909505,0.209144425,3.458471902,-4.026326754,0.210945074,3.453258728,0.013587037
1609060399.326719999,-4.043038073,0.158529159,3.458375740,-4.051861689,0.165622164,3.453193101,0.012450971
1609060399.378432035,-4.072161999,0.102876673,3.457436253,-4.079156575,0.117997378,3.452678932,0.017326047
1609060399.471894026,-4.123175045,0.004786265,3.456059345,-4.126477002,0.027909356,3.451951968,0.023716046
1609060399.544891119,-4.160388083,-0.072103818,3.453923025,-4.169692295,-0.059772946,3.450424417,0.015838530
1609060399.593710184,-4.183784019,-0.122794564,3.452726504,-4.190379297,-0.102665531,3.449271291,0.021461923
1609060399.632601023,-4.201508092,-0.162348018,3.452007709,-4.211588543,-0.147740905,3.448103867,0.018172046
1609060399.681473017,-4.222840499,-0.211620830,3.450286382,-4.247713958,-0.232079711,3.446204676,0.032464058
1609060399.727986097,-4.241819653,-0.258534019,3.449495096,-4.265049713,-0.273438252,3.445007450,0.027962669
1609060399.779188156,-4.260847073,-0.309975735,3.445181796,-4.279902759,-0.313162531,3.444988294,0.019321291
1609060399.827403069,-4.278017821,-0.356903455,3.444767308,-4.296510665,-0.354417933,3.444685072,0.018659311
1609060399.879662991,-4.301114916,-0.414585474,3.444966064,-4.310386889,-0.396133813,3.445410569,0.020655045
1609060399.926999092,-4.316771527,-0.461982412,3.445117903,-4.338541748,-0.481734625,3.446053493,0.029410335
1609060399.977424145,-4.333148920,-0.514637693,3.446110788,-4.350508010,-0.521264273,3.446268467,0.018581562
1609060400.026029110,-4.347043721,-0.563283609,3.445849319,-4.363313211,-0.563567667,3.446673513,0.016292829
1609060400.078128099,-4.357469934,-0.612157410,3.444732414,-4.373012557,-0.603017734,3.447031515,0.018176707
1609060400.129971981,-4.368563100,-0.659429527,3.445321960,-4.382564616,-0.642795595,3.447132350,0.021817600
1609060400.179473162,-4.378772108,-0.705471672,3.446386424,-4.398903018,-0.725335649,3.446762840,0.028283791
1609060400.227545977,-4.386684243,-0.749340626,3.446139016,-4.405642600,-0.762548956,3.446576592,0.023109970
1609060400.278501987,-4.393939876,-0.793879789,3.444956285,-4.411701530,-0.798645351,3.446112898,0.018426196
1609060400.328487158,-4.400370492,-0.835653887,3.445752832,-4.416868957,-0.832872471,3.445653044,0.016731574
1609060400.381268978,-4.404837145,-0.876249082,3.447924432,-4.421442698,-0.865175081,3.444686003,0.020220419
1609060400.428768158,-4.407906425,-0.909627735,3.446990818,-4.425184629,-0.896628550,3.443468146,0.021907176
1609060400.479042053,-4.410221583,-0.942379575,3.443742924,-4.428901321,-0.955885511,3.439982319,0.023355622
1609060400.529211998,-4.410868073,-0.974008988,3.441255337,-4.429243757,-0.981446411,3.437437676,0.020188006
1609060400.578112125,-4.412003581,-1.003914464,3.438852577,-4.429364328,-1.005410825,3.434335307,0.018001120
1609060400.626744986,-4.411175715,-1.029245567,3.436140778,-4.428406001,-1.027307220,3.431803524,0.017873212
1609060400.680422068,-4.411532477,-1.054728379,3.433916566,-4.427251840,-1.048595934,3.429035551,0.017565010
1609060400.728835106,-4.409478900,-1.075516663,3.431810859,-4.425667140,-1.068161318,3.426422448,0.018579429
1609060400.779316187,-4.406772115,-1.095132185,3.429171679,-4.419836540,-1.100997335,3.421512010,0.016240372
1609060400.825790167,-4.403862815,-1.109525331,3.427578146,-4.416497297,-1.114051207,3.419226422,0.015807118
1609060400.879508018,-4.400667191,-1.125711144,3.419736488,-4.412829189,-1.125366209,3.417282057,0.012411987
1609060400.927040100,-4.396098799,-1.136743040,3.417390583,-4.407908758,-1.135572262,3.415653543,0.011994298
1609060400.978569984,-4.394415612,-1.152880515,3.419480077,-4.403031139,-1.144823330,3.414297512,0.012884274
1609060401.028685093,-4.389188287,-1.162368198,3.418372622,-4.391226775,-1.159905409,3.411451096,0.007624191
1609060401.079002142,-4.380656675,-1.173690269,3.418581716,-4.384845500,-1.166497762,3.410509488,0.011594795
1609060401.127573013,-4.373484975,-1.183103563,3.417370993,-4.377680883,-1.172660058,3.409631786,0.013658981
1609060401.169844151,-4.366913612,-1.187926937,3.414517148,-4.369988570,-1.177949011,3.408730089,0.011937521
1609060401.221971035,-4.358365016,-1.193977713,3.413387157,-4.362320545,-1.182239496,3.407876031,0.013557451
1609060401.271665096,-4.347759067,-1.198006468,3.412911979,-4.354010928,-1.186050023,3.406871143,0.014782896
1609060401.327571154,-4.335690819,-1.203542912,3.412603332,-4.336220826,-1.194462634,3.407149273,0.010605617
1609060401.378626108,-4.323994015,-1.206691623,3.413317570,-4.326900328,-1.197190224,3.407372220,0.011578878
1609060401.426519156,-4.312287072,-1.209728644,3.413896119,-4.316288638,-1.200436089,3.408551565,0.011442393
1609060401.480786085,-4.298052085,-1.212497904,3.412564041,-4.305714835,-1.203432848,3.408626620,0.012505849
1609060401.529177189,-4.284125446,-1.215801449,3.414269660,-4.283346545,-1.209700035,3.411160858,0.006891922
1609060401.579622984,-4.269600626,-1.217990044,3.417676940,-4.272202640,-1.212960794,3.411427739,0.008433051
1609060401.625693083,-4.255267242,-1.220390463,3.419055344,-4.259487862,-1.214645167,3.412661578,0.009576132
1609060401.678419113,-4.240483048,-1.221131206,3.420471834,-4.246847691,-1.215598083,3.413241026,0.011108948
1609060401.727393150,-4.226077736,-1.218345205,3.422356885,-4.235515013,-1.213628762,3.414529393,0.013136844
1609060401.778926134,-4.212832093,-1.213042531,3.422271236,-4.211614181,-1.206915593,3.416302952,0.008639624
1609060401.830302000,-4.197351250,-1.208139589,3.423529811,-4.199002694,-1.202679517,3.417662288,0.008183366
1609060401.879027128,-4.182176016,-1.203908679,3.424995981,-4.186739951,-1.197305086,3.419073376,0.009975681
1609060401.925945044,-4.167926294,-1.195308744,3.425427439,-4.174713184,-1.190468945,3.420150062,0.009865913
1609060401.979689121,-4.151479544,-1.184821277,3.431963556,-4.161591807,-1.180036250,3.420882330,0.015746362
1609060402.027944088,-4.137461458,-1.169900765,3.433603320,-4.139206953,-1.155086547,3.423039331,0.018278557
1609060402.077647209,-4.123674215,-1.148987402,3.436664255,-4.127443335,-1.138088929,3.424002002,0.017126460
1609060402.128281116,-4.109846106,-1.126599777,3.439080883,-4.115723031,-1.117369672,3.424873562,0.017932681
1609060402.178361177,-4.096356097,-1.098441129,3.439040006,-4.105341131,-1.095957156,3.425789565,0.016201085
1609060402.225638151,-4.083370783,-1.071971603,3.441271063,-4.095129930,-1.073835601,3.427307241,0.018350487
1609060402.278110027,-4.068765216,-1.046398893,3.439740085,-4.071441841,-1.024761700,3.430853175,0.023543780
1609060402.327462196,-4.055706070,-1.015482528,3.440957583,-4.062771173,-0.997223070,3.431036469,0.021948849
1609060402.377845049,-4.044126598,-0.981910892,3.441396642,-4.053918580,-0.970758060,3.433277316,0.016917211
1609060402.425198078,-4.033133897,-0.948637573,3.442514072,-4.043049378,-0.937153000,3.435701940,0.016631816
1609060402.478965998,-4.025449537,-0.908526566,3.443716769,-4.033820351,-0.903288907,3.437020663,0.011930692
1609060402.526862144,-4.017749129,-0.871436582,3.444064410,-4.027324431,-0.870478569,3.437573468,0.011607607
1609060402.579752207,-4.010433849,-0.830863496,3.444313477,-4.014702753,-0.799884992,3.438465725,0.031813322
1609060402.628553152,-4.004890064,-0.790964739,3.444337194,-4.009579352,-0.765100000,3.439002806,0.026822190
1609060402.678928137,-4.000401029,-0.749586069,3.443946261,-4.006589890,-0.732062113,3.438313018,0.019419693
1609060402.729631186,-3.996552967,-0.709038262,3.443315553,-4.003294751,-0.697160049,3.437519538,0.014837028
1609060402.777162075,-3.994017541,-0.671243301,3.443674996,-4.001564888,-0.664754812,3.436379796,0.012340295
1609060402.827563047,-3.991979832,-0.631554859,3.443619995,-3.998939247,-0.598003049,3.435853359,0.035135139
1609060402.879329205,-3.991783827,-0.591171070,3.444937600,-3.998386779,-0.566647337,3.434710110,0.027379080
1609060402.968847036,-3.993301968,-0.521618497,3.443413205,-3.999784486,-0.499536591,3.433774874,0.024950572
1609060403.036223173,-3.999432980,-0.472280584,3.442816268,-4.010445139,-0.437376235,3.431847548,0.038208560
1609060403.130094051,-4.016170220,-0.408421360,3.438570349,-4.027179808,-0.377050223,3.427821227,0.034941421
1609060403.172846079,-4.029057902,-0.376517253,3.435831648,-4.037755225,-0.350366110,3.425199927,0.029539114
1609060403.219709158,-4.041808411,-0.345861317,3.433180182,-4.049685318,-0.322317034,3.421998192,0.027228952
1609060403.290386200,-4.063300153,-0.300956480,3.427460140,-4.076260817,-0.270441399,3.415593948,0.035213001
1609060403.333377123,-4.078329529,-0.274254836,3.424690945,-4.090561741,-0.246691494,3.413335436,0.032222855
1609060403.376505136,-4.096342850,-0.248304511,3.419906382,-4.108065650,-0.221059114,3.410423018,0.031139523
1609060403.426532984,-4.118199036,-0.218510999,3.415880185,-4.127233511,-0.197225041,3.406961181,0.024784317
1609060403.479250193,-4.143584938,-0.187536646,3.410568009,-4.146854035,-0.174651989,3.404524892,0.014602077
1609060403.529406071,-4.167816181,-0.159331553,3.406903034,-4.169133129,-0.150258161,3.401801581,0.010492169
1609060403.586101055,-4.194938417,-0.128008394,3.403413721,-4.214534946,-0.103441026,3.396902748,0.032093182
1609060403.673426151,-4.241001323,-0.083198056,3.400939395,-4.260174799,-0.060839287,3.393474944,0.030385107
1609060403.719946146,-4.266683468,-0.059911448,3.399226950,-4.284325877,-0.039145661,3.391851186,0.028228964
1609060403.767722130,-4.294611534,-0.038686956,3.397172205,-4.309951331,-0.021936185,3.390406446,0.023699646
1609060403.816894054,-4.322672629,-0.016162995,3.395386915,-4.335405918,0.001222472,3.389173323,0.022427659
1609060403.884765148,-4.362099519,0.017215503,3.393558521,-4.389028272,0.041513919,3.387008767,0.036857428
1609060403.930885077,-4.388848737,0.038346929,3.392591076,-4.415808265,0.061528791,3.386473952,0.036078166
1609060403.979072094,-4.417583075,0.061050359,3.392083016,-4.441282033,0.080960008,3.386229950,0.031500684
1609060404.027512074,-4.445666707,0.084777552,3.392301188,-4.467578733,0.102445450,3.386474033,0.028744516
1609060404.078886032,-4.474697473,0.110726375,3.393213244,-4.493536644,0.123507789,3.385863205,0.023922834
1609060404.128934145,-4.502182485,0.134648596,3.393146737,-4.518539360,0.142746892,3.386447740,0.019442385
1609060404.179248095,-4.529874114,0.158573254,3.390708282,-4.564014117,0.183831750,3.386104422,0.042716823
1609060404.229568005,-4.556368008,0.184184620,3.390065087,-4.588078801,0.206272764,3.385407332,0.038924994
1609060404.280018091,-4.585606428,0.211151309,3.394283594,-4.610747053,0.228507973,3.384759726,0.032000138
1609060404.326958179,-4.609315055,0.235483056,3.394598960,-4.634033984,0.251218510,3.384157186,0.031107244
1609060404.377541065,-4.637237592,0.264142785,3.395140830,-4.655622398,0.274504731,3.384114160,0.023810890
1609060404.427803040,-4.660594060,0.291196205,3.395012737,-4.675741354,0.297316552,3.383445027,0.020017769
1609060404.481217146,-4.685192956,0.320266318,3.392410760,-4.713922327,0.345204064,3.381532527,0.039567712
1609060404.527707100,-4.705484387,0.346305679,3.391293301,-4.730028932,0.367221499,3.381224799,0.033782850
1609060404.571979046,-4.724383724,0.370405632,3.389705544,-4.746929920,0.391605784,3.380860447,0.032187158
1609060404.622480154,-4.744047743,0.399711598,3.389182815,-4.761497981,0.414466550,3.381085727,0.024244221
1609060404.672170162,-4.762355193,0.429782387,3.388639337,-4.776940342,0.439982977,3.381130321,0.019317451
1609060404.724748135,-4.781255640,0.461332262,3.388288207,-4.804756028,0.489999393,3.381321589,0.037717455
1609060404.777429104,-4.799506882,0.494463288,3.386149808,-4.817939917,0.517717139,3.381758443,0.029996708
1609060404.828528166,-4.814368353,0.526171863,3.386296145,-4.828646474,0.540685958,3.382768756,0.020663160
1609060404.878906012,-4.828319981,0.557809383,3.387580112,-4.840092325,0.567524408,3.383011082,0.015932540
1609060404.928469181,-4.840397336,0.588690146,3.387482915,-4.848750604,0.591703842,3.383876148,0.009584791
1609060404.978840113,-4.850073131,0.619784917,3.387663058,-4.866208488,0.644932813,3.384760026,0.030019893
1609060405.026875019,-4.859391217,0.651307380,3.387426273,-4.874323968,0.674298288,3.384546737,0.027565570
1609060405.079665184,-4.870042224,0.685570754,3.386558992,-4.882071775,0.702768820,3.384737974,0.021066554
1609060405.127121210,-4.877394770,0.716642575,3.386094556,-4.888130236,0.731767013,3.384567287,0.018609981
1609060405.180289030,-4.886201232,0.750188302,3.388218879,-4.894731192,0.760675200,3.384589266,0.013996761
1609060405.228845119,-4.892681023,0.782719065,3.388524163,-4.900996393,0.789972123,3.383995089,0.011927478
1609060405.281080008,-4.900306416,0.818193416,3.384409881,-4.910288928,0.851082551,3.383674409,0.034378578
1609060405.325997114,-4.905511094,0.848914069,3.383191268,-4.916017947,0.882210462,3.382284520,0.034926579
1609060405.378040075,-4.910323144,0.889815432,3.380315676,-4.920054141,0.913034701,3.380825906,0.025181086
1609060405.427482128,-4.914764757,0.926243695,3.376632612,-4.923778431,0.945421917,3.378941311,0.021316205
1609060405.480834007,-4.922181814,0.970064557,3.374484463,-4.928585614,0.976465610,3.375564401,0.009118574
1609060405.528052092,-4.926334302,1.005512832,3.370416564,-4.937346651,1.037431548,3.369970580,0.033767961
1609060405.577284098,-4.932391035,1.045350452,3.367519914,-4.941328983,1.070228773,3.367175309,0.026437407
1609060405.626881123,-4.938578360,1.086625258,3.363892223,-4.945905352,1.105248336,3.364305328,0.020016855
1609060405.678483009,-4.946259402,1.127808904,3.359580355,-4.951752903,1.138998125,3.361280519,0.012580452
1609060405.728350163,-4.953234345,1.168814229,3.355357151,-4.957110214,1.171267954,3.357800027,0.005197188
1609060405.780021191,-4.961107097,1.209719824,3.351124284,-4.968663755,1.238279619,3.350308871,0.029553847
1609060405.825129032,-4.969414225,1.245920205,3.346766471,-4.977456984,1.271137361,3.345358633,0.026506092
1609060405.879862070,-4.980739985,1.289177171,3.340484345,-4.985221059,1.303628664,3.340779490,0.015133168
1609060405.927932024,-4.989619400,1.328199827,3.336289373,-4.992859770,1.338746112,3.336900235,0.011049764
1609060405.978623152,-4.999341500,1.369737122,3.331993148,-5.000765494,1.372575224,3.332525446,0.003219616
1609060406.030205011,-5.012119260,1.411513140,3.326799524,-5.011129491,1.406599861,3.327593533,0.005074485
1609060406.079104185,-5.026762331,1.447548162,3.318011540,-5.035263960,1.470966464,3.316439318,0.024963302
1609060406.128489017,-5.041780395,1.484708014,3.310599757,-5.047961556,1.504027310,3.310043115,0.020291668
1609060406.177798986,-5.057101627,1.521826092,3.300340258,-5.062702906,1.536828260,3.303432197,0.016309490
1609060406.227044106,-5.074535525,1.558261889,3.292256230,-5.076851652,1.567351285,3.296798240,0.010421680
1609060406.280534029,-5.095047936,1.595186002,3.289405986,-5.093096241,1.600174926,3.290225278,0.005419383
1609060406.329967022,-5.115037932,1.628954233,3.283153959,-5.130363751,1.661111248,3.278551690,0.035918452
1609060406.378149986,-5.135826387,1.662289701,3.277232439,-5.149266502,1.688983738,3.273355724,0.030136974
1609060406.428543091,-5.159771306,1.696167313,3.271699964,-5.171520027,1.718707444,3.267974398,0.025689878
1609060406.480351210,-5.189314799,1.734094674,3.268455507,-5.193102693,1.745316012,3.263272531,0.012927869
1609060406.530244112,-5.216847809,1.765511932,3.264772862,-5.238683296,1.798298680,3.254349977,0.040747956
1609060406.578059196,-5.244011306,1.795339736,3.257349143,-5.260534521,1.822390728,3.251193659,0.032290289
1609060406.621797085,-5.268835235,1.822111615,3.253964960,-5.285687783,1.847737072,3.247376093,0.031370138
1609060406.670320034,-5.298380304,1.851320542,3.248775448,-5.312735616,1.871432221,3.243914818,0.025182937
1609060406.728110075,-5.335765562,1.883390559,3.243514348,-5.341216205,1.895887609,3.241060826,0.013852998
1609060406.779551983,-5.371768674,1.912889878,3.237787405,-5.368379952,1.919714113,3.238686529,0.007672160
1609060406.824823141,-5.401886117,1.937494966,3.235615759,-5.424739830,1.963734917,3.234139650,0.034828237
1609060406.878969193,-5.438592070,1.967403303,3.236669492,-5.451928441,1.984139435,3.233619171,0.021616229
1609060406.927206039,-5.470367115,1.992637283,3.235353770,-5.480224011,2.006372946,3.232202605,0.017197578
1609060406.980704069,-5.504270737,2.020314068,3.233419771,-5.507430190,2.027245513,3.231565480,0.007839991
1609060407.027716160,-5.534373242,2.043425761,3.231817371,-5.563415554,2.068366326,3.228798690,0.038400522
1609060407.079115152,-5.569695731,2.067745496,3.229921843,-5.592787187,2.088664260,3.227226119,0.031274222
1609060407.127367020,-5.602031241,2.091929376,3.228809575,-5.621257585,2.108585153,3.225930003,0.025599983
1609060407.177980185,-5.635572518,2.116293819,3.223511202,-5.651332130,2.129263871,3.224669684,0.020443329
1609060407.227697134,-5.667977226,2.140376033,3.221457920,-5.678667159,2.149298897,3.223125995,0.014024074
1609060407.280601978,-5.702956986,2.162003438,3.221136275,-5.733798819,2.189266897,3.219188798,0.041210527
1609060407.327654123,-5.733110898,2.183982679,3.218352003,-5.761771782,2.209109678,3.215727118,0.038206051
1609060407.378270149,-5.764863292,2.209205538,3.213899203,-5.787626004,2.227476236,3.212160492,0.029240085
1609060407.428651094,-5.794942332,2.232302697,3.208652116,-5.812437499,2.246020677,3.208030771,0.022240727
1609060407.481408119,-5.825173320,2.255739669,3.200816959,-5.837624346,2.266541310,3.202610716,0.016580744
1609060407.527852058,-5.851794701,2.277741622,3.195324004,-5.888118244,2.305519001,3.192290747,0.045827756
1609060407.578287125,-5.885280570,2.301272296,3.186257605,-5.913013302,2.325686420,3.187387745,0.036965268
1609060407.625300169,-5.912778030,2.323322777,3.180242280,-5.936303592,2.344866431,3.182854141,0.032006295
1609060407.681172132,-5.946615940,2.352479064,3.173616251,-5.962095751,2.365624670,3.177563950,0.020688544
1609060407.728523016,-5.974540907,2.377265093,3.168414335,-5.986885100,2.387628692,3.173488718,0.016897711
1609060407.779933214,-6.010090952,2.406696263,3.162842988,-6.038366670,2.430070916,3.164162334,0.036710098
1609060407.826332092,-6.039772091,2.431984522,3.158646425,-6.063224835,2.449893805,3.161159779,0.029615716
1609060407.879067183,-6.072383233,2.459104426,3.156125345,-6.089315578,2.473775290,3.156644736,0.022410004
1609060407.927498102,-6.102753731,2.486913731,3.152100746,-6.118331048,2.498319845,3.152829948,0.019320558
1609060407.977844000,-6.135119681,2.514239327,3.146236444,-6.146100066,2.523450317,3.149262014,0.014648046
1609060408.026247978,-6.164929686,2.539359359,3.142556809,-6.172948903,2.545311123,3.145317229,0.010361045
1609060408.080068111,-6.199258687,2.567095809,3.137731540,-6.226026967,2.588980424,3.139214202,0.034607448
1609060408.129019022,-6.230792255,2.593097944,3.134504059,-6.251462730,2.609626966,3.136697290,0.026557247
1609060408.178281069,-6.262563531,2.618463885,3.131885356,-6.277666828,2.630686350,3.134071326,0.019551898
1609060408.225942135,-6.293540231,2.643191672,3.128915988,-6.306603188,2.654550454,3.130489766,0.017382163
1609060408.279213190,-6.327293673,2.668974357,3.127010256,-6.337786167,2.678065475,3.128097626,0.013925632
1609060408.328937054,-6.360134671,2.693997792,3.124859800,-6.366294200,2.701039791,3.125723531,0.009395508
1609060408.380493164,-6.394268758,2.720536805,3.124827167,-6.423366729,2.744613754,3.121631531,0.037902553
1609060408.428739071,-6.425081897,2.744492740,3.123546375,-6.449945869,2.765452127,3.119557336,0.032763172
1609060408.479394197,-6.457837862,2.766884314,3.118208084,-6.476059599,2.785988954,3.116895597,0.026433721
1609060408.527713060,-6.487343986,2.789032381,3.114691683,-6.503378329,2.806696823,3.113186364,0.023903947
1609060408.579924107,-6.517931708,2.812455984,3.109633406,-6.531505124,2.827133102,3.110353296,0.020004341
1609060408.628437996,-6.546645186,2.834005666,3.107918289,-6.557415999,2.846757298,3.109568086,0.016773084
1609060408.681055069,-6.578210734,2.857015740,3.111084868,-6.582794858,2.865024819,3.109981177,0.009293959
1609060408.727375984,-6.604998419,2.875860442,3.115978373,-6.633230136,2.898883356,3.119173239,0.036568997
1609060408.778818130,-6.637097597,2.898505724,3.125994184,-6.656962401,2.915823432,3.126706219,0.026363241
1609060408.827222109,-6.663888129,2.916837394,3.135598585,-6.680223255,2.931474342,3.135410274,0.021934266
1609060408.878816128,-6.692366135,2.938880173,3.145959358,-6.702481243,2.947167003,3.143612393,0.013285149
1609060408.928865194,-6.719265944,2.958564397,3.156345629,-6.723903034,2.963157463,3.151873866,0.007911734
1609060408.979489088,-6.746842876,2.977835148,3.168209466,-6.769146314,2.992935079,3.169215655,0.026952990
1609060409.026559114,-6.772563430,2.994492159,3.178676723,-6.791638032,3.007752503,3.178743291,0.023231048
1609060409.079119205,-6.802220195,3.012424976,3.189043424,-6.813870670,3.022184125,3.188490096,0.015207916
1609060409.129620075,-6.827897344,3.030462192,3.200457041,-6.835948577,3.036958089,3.197517062,0.010754650
1609060409.179974079,-6.854606410,3.049079468,3.210998718,-6.858609976,3.052069021,3.206560369,0.006683181
1609060409.227297068,-6.881160855,3.067294461,3.220808487,-6.903846950,3.082189643,3.220670293,0.027139353
1609060409.280170202,-6.910237821,3.086069030,3.233678323,-6.927387957,3.096985893,3.227347720,0.021292759
1609060409.327556133,-6.936815667,3.103674417,3.241967411,-6.951736137,3.113318122,3.233138758,0.019838512
1609060409.378501177,-6.968115687,3.123161290,3.245343200,-6.978315963,3.131276224,3.240273470,0.013985705
1609060409.429986000,-7.000207011,3.143175105,3.252528906,-7.004722420,3.147678654,3.245486713,0.009500702
1609060409.481420994,-7.032071565,3.164660927,3.259374966,-7.033066783,3.165772052,3.250727319,0.008775355
1609060409.528619051,-7.062781453,3.184250803,3.264400801,-7.089180742,3.202535543,3.259033863,0.032558535
1609060409.578970194,-7.096016910,3.207196526,3.268270999,-7.121133372,3.221162893,3.261807630,0.029456259
1609060409.628424168,-7.131612686,3.229400115,3.270034938,-7.152734609,3.240158063,3.263846425,0.024498301
1609060409.680056095,-7.170340619,3.252527588,3.274272373,-7.185814859,3.261052586,3.265834367,0.019578755
1609060409.729544163,-7.208178034,3.276067774,3.275825486,-7.220417118,3.281777866,3.268471085,0.015378151
1609060409.781149149,-7.255278770,3.304863927,3.284666601,-7.289729631,3.323050794,3.270537568,0.041439757
1609060409.829326153,-7.295651057,3.329051318,3.288230346,-7.325848084,3.346346740,3.272284022,0.038278941
1609060409.878853083,-7.340233401,3.356274718,3.287584465,-7.360631888,3.368405922,3.274030012,0.027331073
1609060409.927361012,-7.383817431,3.383904498,3.290631037,-7.399310881,3.391227030,3.276189855,0.022410136
1609060409.980737209,-7.430604750,3.414681080,3.292174234,-7.436118839,3.414549071,3.278453783,0.014787610
1609060410.028295040,-7.473994561,3.441579314,3.293673374,-7.511405847,3.461954158,3.282356924,0.044077212
1609060410.078970194,-7.522365498,3.470592682,3.293867397,-7.551601892,3.485580779,3.283740177,0.034379796
1609060410.128543139,-7.569258365,3.499226854,3.294892291,-7.590299923,3.508848998,3.285549804,0.024952252
1609060410.179124117,-7.618364065,3.528714279,3.294894819,-7.631817139,3.534098334,3.287257931,0.016379722
1609060410.228488207,-7.667295310,3.557826746,3.296017935,-7.672476268,3.556881296,3.288971447,0.008797113
1609060410.279890060,-7.717406570,3.587219715,3.297332262,-7.715593526,3.582827181,3.289759814,0.008939992
1609060410.329349995,-7.764631285,3.616319981,3.298550075,-7.795583176,3.634384330,3.292179142,0.036399575
1609060410.377452135,-7.810794111,3.644361619,3.299549576,-7.833840081,3.657581047,3.293491204,0.027250209
1609060410.427040100,-7.857121384,3.673837249,3.300764493,-7.874911812,3.682738301,3.294341723,0.020904067
1609060410.481698990,-7.907463478,3.708455340,3.303694192,-7.913724946,3.709000319,3.295267355,0.010512591
1609060410.527576208,-7.948854476,3.737143978,3.304998620,-7.952092610,3.736517150,3.295382032,0.010166474
1609060410.578217983,-7.995849176,3.768072455,3.302133986,-7.993897067,3.765899529,3.295706903,0.007059726
1609060410.627376080,-8.040867631,3.800642163,3.302269137,-8.074512376,3.823435100,3.297940019,0.040868424
1609060410.679148197,-8.086888544,3.836742514,3.306966373,-8.113471599,3.853113912,3.298560368,0.032331754
1609060410.726834059,-8.129706216,3.870130389,3.307989553,-8.153757664,3.883262601,3.299065795,0.028819449
1609060410.779208183,-8.177473077,3.904237422,3.308014267,-8.192296729,3.913573640,3.299098139,0.019657135
1609060410.828528166,-8.220724186,3.938322390,3.309775883,-8.230586261,3.944176375,3.300923532,0.014487711
1609060410.879283190,-8.269119529,3.979137045,3.314346927,-8.307347926,4.008860388,3.302188325,0.049927138
1609060410.928606033,-8.313096358,4.017234398,3.316934295,-8.344833882,4.042261987,3.304494531,0.042289460
1609060410.978766203,-8.360873208,4.057906132,3.316510765,-8.381844754,4.074291528,3.306239896,0.028526789
1609060411.025828123,-8.403004175,4.095554395,3.318126074,-8.418739799,4.108837422,3.307518514,0.023163959
1609060411.080110073,-8.451592725,4.137712613,3.314094587,-8.457160598,4.143789499,3.308290638,0.010080455
1609060411.129387140,-8.495089285,4.179164703,3.313521377,-8.527240010,4.212174116,3.308076261,0.046399781
1609060411.176635981,-8.536688323,4.220185475,3.311879543,-8.560219373,4.246024466,3.307775636,0.035188149
1609060411.226155996,-8.578556573,4.261949151,3.310879424,-8.594956696,4.281689547,3.307478726,0.025888453
1609060411.277624130,-8.621226074,4.304973089,3.309134499,-8.629288075,4.317966895,3.307172625,0.015416998
1609060411.326937199,-8.661865491,4.347208061,3.308065483,-8.663829321,4.354356281,3.307561404,0.007430194
1609060411.379705191,-8.703374090,4.390673786,3.306241737,-8.695954199,4.388849587,3.306800911,0.007661277
1609060411.427775145,-8.741334540,4.430544590,3.305779720,-8.760647549,4.458088175,3.305826729,0.033639911
1609060411.470930099,-8.775150515,4.465806344,3.307125205,-8.791361406,4.492070276,3.306591489,0.030868624
1609060411.521054029,-8.813010489,4.507033195,3.308283733,-8.823911192,4.528168414,3.307903280,0.023783767
1609060411.580197096,-8.855159793,4.555832780,3.310911022,-8.854979278,4.562859237,3.310098431,0.007075591
1609060411.626838207,-8.888514398,4.593036544,3.312781762,-8.914551498,4.631110544,3.312916850,0.046125680
1609060411.679201126,-8.924500220,4.636727710,3.313757118,-8.942901831,4.662802358,3.315008690,0.031938581
1609060411.728243113,-8.958332135,4.676208253,3.316004409,-8.973812275,4.697414630,3.316451012,0.026259182
1609060411.778196096,-8.992850923,4.715487168,3.318367597,-9.002611575,4.731784318,3.318297857,0.018996639
1609060411.838414192,-9.033105653,4.765272958,3.322197971,-9.064189697,4.805679204,3.324626700,0.051037058
1609060411.878583193,-9.059673366,4.798498928,3.324587607,-9.092052647,4.839513333,3.327946300,0.052362965
1609060411.925848007,-9.089959884,4.836846004,3.327775509,-9.120851046,4.874568944,3.330182574,0.048816781
1609060411.970710993,-9.123204149,4.876067207,3.328479625,-9.148542273,4.908376065,3.333784305,0.041400755
1609060412.021212101,-9.155758028,4.917791218,3.331433136,-9.176797671,4.944046389,3.336087880,0.033965677
1609060412.070445061,-9.188849849,4.960798847,3.336757818,-9.203205317,4.977344834,3.338539435,0.021977791
1609060412.129059076,-9.226932995,5.012109230,3.340978444,-9.258096670,5.049297038,3.344359244,0.048636792
1609060412.171797991,-9.257877863,5.049930273,3.344359592,-9.283635795,5.082999536,3.347704886,0.042050424
1609060412.220314980,-9.290281936,5.092829789,3.348459947,-9.310968204,5.119076352,3.350838966,0.033503186
1609060412.280927181,-9.330507116,5.144440632,3.355679335,-9.337447829,5.154887614,3.354586863,0.012589934
1609060412.328114033,-9.360586470,5.185306118,3.360316702,-9.365246384,5.191334963,3.358942910,0.007742679
1609060412.381548166,-9.393850371,5.232568355,3.365198468,-9.415811768,5.264211902,3.367965506,0.038617010
1609060412.426798105,-9.421201317,5.271885020,3.369845609,-9.441502158,5.299788315,3.370944971,0.034524290
1609060412.481037140,-9.452437997,5.318639589,3.376431689,-9.464695819,5.334142852,3.374834381,0.019828181
1609060412.528138161,-9.479955076,5.360315890,3.380994870,-9.492153734,5.374312812,3.378606071,0.018719707
1609060412.578795195,-9.508639923,5.404997520,3.386373558,-9.518749157,5.413705582,3.381745149,0.014122645
1609060412.628405094,-9.535419090,5.447927639,3.390540699,-9.543198977,5.450949754,3.385282549,0.009864480
1609060412.680060148,-9.563591003,5.489810199,3.391723255,-9.590949967,5.523176545,3.389575903,0.043202281
1609060412.727285147,-9.588482995,5.530539687,3.394487613,-9.613563769,5.558644480,3.391082600,0.037822199
1609060412.778535128,-9.617689541,5.571866876,3.396857521,-9.635515287,5.592455047,3.393229012,0.027473552
1609060412.828056097,-9.642859236,5.611904125,3.399358894,-9.657599551,5.626674465,3.394317328,0.021467586
1609060412.880711079,-9.670514173,5.651188426,3.402057188,-9.679991496,5.658382286,3.395304440,0.013681041
1609060412.929073095,-9.693490325,5.686739655,3.403767236,-9.719199243,5.721520222,3.399489244,0.043461909
1609060412.978442192,-9.714764377,5.723598493,3.404965470,-9.736752146,5.751413558,3.401142069,0.035661719
1609060413.026663065,-9.735702660,5.757585410,3.407145846,-9.756335749,5.780950163,3.401452337,0.031686781
1609060413.079564095,-9.760550635,5.796307156,3.405995402,-9.774241999,5.810991576,3.403553904,0.020224899
1609060413.128509045,-9.781416055,5.830058580,3.407787050,-9.793521675,5.842402056,3.404811657,0.017543102
1609060413.179367065,-9.805933546,5.864664508,3.408834425,-9.829280507,5.897996061,3.408745226,0.040694975
1609060413.225435019,-9.825132615,5.894736988,3.410690104,-9.845538880,5.924289762,3.410064483,0.035918985
1609060413.280374050,-9.848860265,5.931266648,3.415627274,-9.861620072,5.949624334,3.411366988,0.022758896
1609060413.327057123,-9.868496578,5.959197970,3.416681020,-9.877444592,5.974007345,3.412166020,0.017882108
1609060413.379295111,-9.889617773,5.989433715,3.419225456,-9.893091007,5.999527880,3.414048336,0.011864152
1609060413.429748058,-9.909195382,6.018360770,3.421897713,-9.923353379,6.044215240,3.417961897,0.029738748
1609060413.477909088,-9.927833352,6.045881154,3.424596603,-9.937612143,6.066609172,3.419750626,0.023425606
1609060413.527525187,-9.945906370,6.072320220,3.427562320,-9.951776407,6.088334729,3.421732345,0.018025271
1609060413.577910185,-9.963181621,6.098009805,3.430894995,-9.965398880,6.109496445,3.423565846,0.013804911
1609060413.626291037,-9.979618709,6.121509000,3.433536892,-9.979675845,6.129876718,3.426205620,0.011125175
1609060413.681443214,-9.998901640,6.147068386,3.435554699,-9.994041701,6.150071149,3.427559657,0.009826306
1609060413.729362011,-10.015188837,6.168905119,3.437827315,-10.021546810,6.188077148,3.430981574,0.021327323
1609060413.778925180,-10.030969761,6.188494219,3.437965509,-10.034673459,6.205842104,3.432566473,0.018542278
1609060413.825621128,-10.045513651,6.208313690,3.439770234,-10.047386310,6.223604830,3.434300869,0.016347470
1609060413.870529175,-10.056341616,6.225886758,3.439055215,-10.060391991,6.241308128,3.435146419,0.016416543
1609060413.926827192,-10.072096537,6.247761182,3.440760267,-10.073031665,6.257961945,3.436366051,0.011146262
1609060413.980643988,-10.088527229,6.266998366,3.445844210,-10.086426228,6.274578129,3.438065361,0.011062438
1609060414.029057980,-10.101022595,6.283827116,3.448492018,-10.110456767,6.305484886,3.442153971,0.024458812
1609060414.078119040,-10.113318825,6.301157728,3.451630081,-10.122192590,6.320094663,3.445271001,0.021858387
1609060414.129755020,-10.125909925,6.318253988,3.456201537,-10.133808759,6.333925897,3.448592346,0.019128516
1609060414.178076982,-10.137107309,6.334752400,3.460030295,-10.145359824,6.347853656,3.452021990,0.017432151
1609060414.237054110,-10.150630315,6.353366678,3.465813248,-10.167206683,6.374418483,3.459520838,0.027523606
1609060414.278896093,-10.162642207,6.366622025,3.468477479,-10.177966839,6.386555360,3.464009824,0.025537074
1609060414.326367140,-10.172974033,6.380635684,3.473027314,-10.188234498,6.398240264,3.468043668,0.023825192
1609060414.372323990,-10.185867872,6.393832508,3.475996507,-10.197489494,6.408864935,3.472082471,0.019399888
1609060414.422741175,-10.197282691,6.407725196,3.480667500,-10.207347295,6.419573154,3.476242559,0.016163244
1609060414.469741106,-10.207634460,6.420197756,3.484979399,-10.216558605,6.428823310,3.480188256,0.013303969
1609060414.523486137,-10.219902470,6.432947860,3.490296289,-10.225726554,6.438636039,3.484769405,0.009839806
1609060414.571552992,-10.232587906,6.443626060,3.495750264,-10.243232714,6.457982797,3.493200236,0.018053545
1609060414.619873047,-10.242904498,6.454185049,3.500245072,-10.252068980,6.466961590,3.497059684,0.016042893
1609060414.671653986,-10.254179784,6.463467597,3.505363483,-10.260164261,6.475381868,3.500694866,0.014126563
1609060414.721688986,-10.263927151,6.472694356,3.509911356,-10.268517043,6.483702097,3.504631358,0.013042846
1609060414.773606062,-10.273758096,6.481270119,3.514100051,-10.276112772,6.490940425,3.508715708,0.011315939
1609060414.820553064,-10.282530482,6.489027563,3.518648121,-10.284151412,6.498414104,3.512617359,0.011274070
1609060414.871097088,-10.294360653,6.497552199,3.520973844,-10.299617509,6.513045558,3.520400265,0.016370941
1609060414.921655178,-10.303564268,6.505927621,3.525515405,-10.306968768,6.520358333,3.524163557,0.014888370
1609060414.970494986,-10.312899149,6.516154464,3.530760275,-10.314818272,6.527673072,3.528656075,0.011865455
1609060415.021867990,-10.322237279,6.524421903,3.535828481,-10.321796816,6.534432495,3.532651997,0.010511708
1609060415.071359158,-10.328828590,6.534524179,3.539793847,-10.329501543,6.541301761,3.536063077,0.007765767
1609060415.122093201,-10.336003776,6.541694624,3.544782164,-10.343528413,6.552949671,3.544686316,0.013539034
1609060415.169690132,-10.340787743,6.549297614,3.548479521,-10.349530082,6.558146521,3.548536783,0.012439249
1609060415.270138025,-10.354078030,6.562722145,3.561762654,-10.363206947,6.570112975,3.559661959,0.011932075
1609060415.335822105,-10.361420088,6.571183304,3.569657360,-10.374889660,6.580950293,3.569555413,0.016638324
1609060415.385161161,-10.369918879,6.578253004,3.575919341,-10.380185134,6.586508847,3.574555470,0.013244436
1609060415.426522017,-10.374020950,6.583010619,3.581082713,-10.385507975,6.590662524,3.579529241,0.013889444
1609060415.478945017,-10.380333146,6.589503523,3.586531429,-10.390721166,6.595229971,3.584624919,0.012014073
1609060415.527222157,-10.385550122,6.594677432,3.592606291,-10.395086073,6.599065501,3.589514604,0.010942944
1609060415.579497099,-10.391953456,6.597833455,3.597917541,-10.399315209,6.601633383,3.594373820,0.009010706
1609060415.625437021,-10.395941558,6.600465841,3.603210218,-10.407075346,6.605830931,3.604038523,0.012386748
1609060415.671557188,-10.399681261,6.602901257,3.606517435,-10.410777621,6.607541792,3.609420306,0.012372972
1609060415.721713066,-10.403319450,6.604932258,3.612320688,-10.414446842,6.609573560,3.614156059,0.012195455
1609060415.778937101,-10.410808832,6.608419243,3.618683499,-10.417673130,6.612020450,3.619341866,0.007779507
1609060415.826449156,-10.414873932,6.610286996,3.624699799,-10.421627457,6.613170870,3.625245902,0.007363767
1609060415.880214214,-10.419075608,6.611339039,3.633207404,-10.424834853,6.613691147,3.630722769,0.006698860
1609060415.929654121,-10.422884081,6.611711458,3.639355804,-10.430126654,6.613673511,3.640045956,0.007535305
1609060415.978931189,-10.428696258,6.611041128,3.645138743,-10.432765786,6.612973346,3.644330168,0.004576933
1609060416.026129007,-10.431774740,6.609299182,3.651221794,-10.435239915,6.611798425,3.650192584,0.004394647
1609060416.071283102,-10.434871623,6.608199206,3.656725681,-10.437689939,6.610717505,3.655546343,0.003959239
1609060416.132973194,-10.439562453,6.606632295,3.664532867,-10.440474579,6.609763044,3.661252584,0.004625345
1609060416.179527044,-10.443519956,6.605132512,3.667309370,-10.443613860,6.608260705,3.666682625,0.003191742
1609060416.224436998,-10.447025059,6.603857949,3.671999331,-10.449591663,6.605761003,3.676437735,0.005468866
1609060416.281552076,-10.449946216,6.602544593,3.680723012,-10.453500432,6.604559294,3.681166333,0.004109501
1609060416.327483177,-10.453863590,6.601059088,3.685925920,-10.457605830,6.603137691,3.686113786,0.004284885
1609060416.379132032,-10.460353613,6.596871558,3.691163005,-10.461793922,6.600858050,3.691152503,0.004238716
1609060416.428481102,-10.464039373,6.593608174,3.698258148,-10.464483500,6.599204189,3.696635623,0.005843391
1609060416.478361130,-10.469550462,6.590117447,3.710050029,-10.473109436,6.593190664,3.708463675,0.004962608
1609060416.527779102,-10.474832002,6.587248953,3.718338312,-10.478351268,6.590777317,3.714772194,0.006127952
1609060416.578441143,-10.481215838,6.584172207,3.721182709,-10.482976894,6.588346166,3.720397259,0.004597846
1609060416.625756025,-10.487000297,6.580956677,3.727978216,-10.487869569,6.585217097,3.725875031,0.004830134
1609060416.688992977,-10.494876847,6.576338374,3.737246685,-10.499874077,6.577980873,3.739542448,0.005739394
1609060416.735008001,-10.499578429,6.571504640,3.743675820,-10.504487177,6.574561229,3.746493768,0.006432680
1609060416.779157162,-10.504637207,6.566816949,3.750850082,-10.509224206,6.570949464,3.752877012,0.006498207
1609060416.830991983,-10.511017438,6.560486891,3.759207046,-10.515453130,6.565777730,3.759586200,0.006914629
1609060416.901623011,-10.519457236,6.549748889,3.770679088,-10.526250767,6.553616806,3.773877799,0.008446573
1609060416.940310001,-10.524184164,6.544209900,3.777897627,-10.531003380,6.546871059,3.779668487,0.007531230
1609060416.983126163,-10.529659194,6.537543281,3.784831333,-10.536795236,6.538796460,3.786449909,0.007423836
1609060417.031743050,-10.535141108,6.528237799,3.792387891,-10.542507823,6.531103878,3.794049345,0.008077334
1609060417.080188990,-10.542574521,6.521077180,3.800565329,-10.547069218,6.523016706,3.799520896,0.005005488
1609060417.128481150,-10.547837235,6.510524544,3.808537903,-10.552532174,6.512982331,3.806566145,0.005654290
1609060417.178506136,-10.552109709,6.498338340,3.814784001,-10.556291256,6.503639663,3.813060263,0.006968546
1609060417.229984999,-10.556197727,6.484989859,3.822762201,-10.560030568,6.493156084,3.819762286,0.009506702
1609060417.281683207,-10.561492900,6.471618729,3.829904869,-10.566672683,6.467821481,3.830707589,0.006472526
1609060417.327920198,-10.564231219,6.457909990,3.836659162,-10.568988304,6.454998208,3.838170370,0.005778588
1609060417.380889177,-10.565558302,6.440787653,3.842285404,-10.571036873,6.441146152,3.843463581,0.005615279
1609060417.427345037,-10.566707578,6.425516515,3.848501800,-10.573082598,6.426725769,3.846941619,0.006673630
1609060417.482033014,-10.571260399,6.402800247,3.855590135,-10.574211160,6.411461458,3.852597078,0.009627147
1609060417.528115988,-10.572045856,6.385059832,3.861368961,-10.574812618,6.381749326,3.864496236,0.005328627
1609060417.578565121,-10.574173338,6.365315766,3.868840363,-10.575385072,6.363429303,3.867805303,0.002469492
1609060417.628115177,-10.574173972,6.344931291,3.874757703,-10.574400493,6.347455226,3.871236271,0.004338439
1609060417.680741072,-10.575793906,6.323225015,3.881864605,-10.572791039,6.329853086,3.875472404,0.009685492
1609060417.728932142,-10.574862783,6.303107019,3.886347757,-10.571486899,6.311863240,3.879749737,0.011471786
1609060417.780569077,-10.572346145,6.280564675,3.889901038,-10.566963204,6.274797725,3.888370413,0.008035955
1609060417.827723026,-10.569066408,6.259117443,3.894636046,-10.563505754,6.256993976,3.892623286,0.006283405
1609060417.878182173,-10.563587702,6.236371461,3.899686997,-10.559479815,6.237101755,3.896270029,0.005392934
1609060417.928631067,-10.557617432,6.212473780,3.904263134,-10.555517511,6.217211965,3.898656047,0.007635410
1609060417.978594065,-10.551472639,6.189302831,3.908445361,-10.549839448,6.195870110,3.900944343,0.010102561
1609060418.027911186,-10.544213222,6.165160208,3.912489595,-10.538854060,6.154896101,3.908986879,0.012097171
1609060418.080447197,-10.536593620,6.139269996,3.916094688,-10.532453511,6.131367463,3.910449398,0.010557455
1609060418.127730131,-10.527613985,6.115376241,3.919748698,-10.524484270,6.111345071,3.914250539,0.007501680
1609060418.178858995,-10.518581293,6.090876646,3.921916033,-10.517049468,6.088855874,3.917159653,0.005390098
1609060418.229143143,-10.507371870,6.064442260,3.925120497,-10.509626562,6.067229424,3.917718774,0.008224197
1609060418.278476000,-10.497108393,6.038812899,3.927791205,-10.489664297,6.021884973,3.923700466,0.018939467
1609060418.327845097,-10.483867801,6.012096657,3.930360986,-10.478670679,5.998035522,3.924089730,0.016249745
1609060418.379217148,-10.472230994,5.983031127,3.932708048,-10.468606525,5.974056173,3.927273415,0.011100532
1609060418.427738190,-10.458053209,5.955475894,3.935158544,-10.456091056,5.950399441,3.926559964,0.010176246
1609060418.479364157,-10.442597363,5.926646993,3.938232738,-10.443737338,5.923597127,3.931224481,0.007727671
1609060418.530038118,-10.425585340,5.896938476,3.941089154,-10.430318986,5.898947648,3.934096923,0.008679600
1609060418.580530167,-10.409798824,5.866423157,3.944990816,-10.400687955,5.845932592,3.936520902,0.023971038
1609060418.627577066,-10.391901238,5.837089599,3.947961588,-10.385785101,5.818245606,3.937185044,0.022552985
1609060418.679231167,-10.375177924,5.802012414,3.947139955,-10.370237672,5.792265310,3.939369378,0.013408728
1609060418.727707148,-10.356108142,5.770452730,3.950484345,-10.353086870,5.765920286,3.942008232,0.010075497
1609060418.779791117,-10.335546881,5.735266088,3.952640601,-10.336896116,5.739734153,3.944717338,0.009195767
1609060418.826940060,-10.315816115,5.704153049,3.955564263,-10.319781490,5.711526541,3.948332253,0.011063207
1609060418.877894163,-10.293481764,5.670947700,3.957127593,-10.282068726,5.657161959,3.954143942,0.018144042
1609060418.928442001,-10.270075884,5.636785145,3.959371682,-10.265350019,5.631354853,3.958421583,0.007261168
1609060418.980247021,-10.245671369,5.602976377,3.960582032,-10.245467733,5.602675752,3.958610580,0.002004611
1609060419.028758049,-10.222208281,5.571423243,3.963267388,-10.227476738,5.577855323,3.962240211,0.008377552
1609060419.080204010,-10.197106072,5.539494747,3.966092743,-10.187113455,5.521172028,3.967241198,0.020901994
1609060419.127290010,-10.173283405,5.508332938,3.969448735,-10.166400840,5.491617617,3.969712230,0.018078746
1609060419.179020166,-10.147533754,5.474772674,3.974678839,-10.146453425,5.464052880,3.972256729,0.011042994
1609060419.227241039,-10.122738149,5.443334017,3.978175042,-10.125975991,5.435881822,3.976303047,0.008338058
1609060419.280115128,-10.096891607,5.410465414,3.983759309,-10.106768837,5.408621772,3.979505953,0.010910991
1609060419.327326059,-10.072012993,5.379711314,3.989521105,-10.064809287,5.353212512,3.989507129,0.027460518
1609060419.378854990,-10.048589509,5.347701652,3.998856324,-10.043651240,5.325573684,3.997252146,0.022728987
1609060419.471464157,-10.002354817,5.286593901,4.012243533,-10.000273734,5.268369608,4.009397821,0.018562162
1609060419.537253141,-9.969069321,5.244504364,4.022974136,-9.958603231,5.212972437,4.020084791,0.033348909
1609060419.585476160,-9.946609779,5.213318881,4.029525257,-9.937848766,5.185379365,4.027093882,0.029381686
1609060419.629018068,-9.924959119,5.185677155,4.036240643,-9.917568584,5.157872476,4.030832359,0.029274045
1609060419.673011065,-9.903562723,5.155546440,4.041860643,-9.895726963,5.130354288,4.038435684,0.026604021
1609060419.726917028,-9.876399813,5.120123931,4.049501282,-9.875406267,5.102208725,4.041181885,0.019777616
1609060419.777944088,-9.849928911,5.085309951,4.055896931,-9.855991803,5.075945628,4.047514232,0.013954170
1609060419.829607010,-9.823784827,5.050320525,4.062431733,-9.814036285,5.022868433,4.057518647,0.029543017
1609060419.879155159,-9.800350643,5.019416136,4.066974756,-9.794930926,4.996020529,4.064803051,0.024113152
1609060419.928565025,-9.775601987,4.986681981,4.073868068,-9.774287993,4.967847767,4.066096926,0.020416778
1609060419.977845192,-9.750551748,4.953381913,4.078896532,-9.752928294,4.939808002,4.072067045,0.015379886
1609060420.026153088,-9.725654141,4.920687175,4.082981503,-9.731066488,4.910087413,4.074814391,0.014434340
1609060420.080102205,-9.700589987,4.885715709,4.086424591,-9.709219014,4.880888626,4.078904588,0.012422210
1609060420.127996206,-9.677026534,4.853685736,4.090508349,-9.668802405,4.826559536,4.085359276,0.028809373
1609060420.178651094,-9.653260386,4.820483591,4.095577367,-9.649618262,4.801585930,4.087813000,0.020752639
1609060420.225896120,-9.630021121,4.789147326,4.098701153,-9.628757826,4.773464033,4.091219596,0.017422264
1609060420.278553009,-9.605700339,4.755609629,4.099700329,-9.609113624,4.746672054,4.092985843,0.011688246
1609060420.329905987,-9.580114707,4.721361832,4.101817378,-9.588210415,4.719030231,4.096467656,0.009979799
1609060420.379353046,-9.557255318,4.689029448,4.102910412,-9.547532729,4.665121219,4.101721019,0.025836927
1609060420.425460100,-9.534616134,4.658838397,4.104391781,-9.525507892,4.637493367,4.102810315,0.023260942
1609060420.478222132,-9.513959071,4.624729744,4.110310229,-9.507143247,4.610391307,4.104886396,0.016776895
1609060420.527751207,-9.490146640,4.591541380,4.112657849,-9.485237705,4.583495396,4.107031649,0.010976777
1609060420.579862118,-9.466030767,4.560078645,4.115716926,-9.464758035,4.555146001,4.109011933,0.008420675
1609060420.629007101,-9.441827275,4.528068368,4.118119428,-9.423079666,4.501279520,4.112258604,0.033218436
1609060420.681604147,-9.415671299,4.495854180,4.120216455,-9.400918253,4.472320381,4.114261891,0.028406846
1609060420.727938175,-9.393071411,4.466534679,4.122408401,-9.379640627,4.445614952,4.115858110,0.025708505
1609060420.778449059,-9.366373095,4.433772182,4.127802590,-9.357730255,4.418451481,4.116675155,0.020814475
1609060420.827750206,-9.340190503,4.402314204,4.130363935,-9.335015807,4.392347147,4.117349168,0.017190226
1609060420.880737066,-9.310899467,4.368609019,4.128122487,-9.312129174,4.364373845,4.119559721,0.009631710
1609060420.928517103,-9.283090858,4.338621789,4.129466579,-9.265412670,4.313055849,4.120017024,0.032487378
1609060420.978013039,-9.255282606,4.309052560,4.127236380,-9.242721869,4.288846785,4.120990191,0.024597974
1609060421.026174068,-9.226855049,4.279209695,4.128214834,-9.218267301,4.262972315,4.121253125,0.019643505
1609060421.073661089,-9.200622779,4.250738703,4.127922007,-9.193227389,4.238037255,4.121892996,0.015886081
1609060421.120455027,-9.171163920,4.222350134,4.129309326,-9.167288102,4.212744130,4.122801020,0.012233369
1609060421.172883987,-9.139957246,4.192898816,4.131910536,-9.140743431,4.187798402,4.124294625,0.009199697
1609060421.224383116,-9.106107412,4.162431389,4.133412951,-9.087015702,4.138527723,4.125412878,0.031620876
1609060421.280524015,-9.071118053,4.130728502,4.134368486,-9.061320783,4.115286671,4.125777573,0.020204961
1609060421.327854156,-9.039762026,4.104585651,4.135452299,-9.032942533,4.092857448,4.125801413,0.016649199
1609060421.378944159,-9.006054646,4.078316486,4.136408201,-9.004425280,4.071725980,4.124296107,0.013884971
1609060421.427192211,-8.972068511,4.052572253,4.136466032,-8.976530148,4.048318947,4.125702742,0.012403435
1609060421.479579210,-8.936157082,4.027251065,4.134754313,-8.917454569,4.005062024,4.123785249,0.031023506
1609060421.527832985,-8.900824812,4.001955710,4.133821063,-8.886544409,3.983085869,4.122638506,0.026173467
1609060421.580437183,-8.864953019,3.976575526,4.130242262,-8.855689370,3.960513859,4.121865730,0.020345973
1609060421.629995108,-8.827360797,3.952087378,4.128811760,-8.825868652,3.941445887,4.120003438,0.013894400
1609060421.681367159,-8.790532193,3.926739471,4.126943737,-8.759613775,3.899746610,4.116961787,0.042239820
1609060421.727432013,-8.754755384,3.904353600,4.125432982,-8.727202214,3.878345417,4.116152544,0.039009348
1609060421.778424025,-8.716938534,3.881477085,4.119570271,-8.692666247,3.858761638,4.114618082,0.033610410
1609060421.825348139,-8.679859751,3.859626233,4.117690042,-8.658243301,3.839099475,4.113831091,0.030058447
1609060421.880194187,-8.634260784,3.831655172,4.113610618,-8.624228369,3.819559408,4.111530706,0.015851905
1609060421.928580046,-8.593442779,3.809401842,4.109484522,-8.557401909,3.783331071,4.106032833,0.044615509
1609060421.978991032,-8.548559311,3.784744683,4.107584478,-8.521135168,3.764705440,4.102645123,0.034322764
1609060422.027255058,-8.505696330,3.761900066,4.102575582,-8.485499352,3.745497056,4.098196512,0.026384710
1609060422.079162121,-8.462419363,3.738044889,4.098915769,-8.450816201,3.726996795,4.094471779,0.016626568
1609060422.129970074,-8.420036342,3.715946110,4.095468107,-8.417383473,3.710514157,4.090902034,0.007575807
1609060422.180117130,-8.374512809,3.693197564,4.091211556,-8.343606561,3.674727975,4.083033190,0.036921642
1609060422.228345156,-8.331998997,3.672331774,4.087019780,-8.307847104,3.656838406,4.079007655,0.029791820
1609060422.279767036,-8.287528924,3.651157538,4.081123293,-8.269565161,3.639376220,4.073146119,0.022915748
1609060422.327003002,-8.244437669,3.631686433,4.073182221,-8.234578524,3.624697766,4.065875016,0.014122303
1609060422.379480124,-8.199641003,3.612527680,4.061910398,-8.199635565,3.607825904,4.058121351,0.006038511
1609060422.427206993,-8.156847807,3.593920639,4.052093796,-8.131446278,3.578643697,4.040930843,0.031673871
1609060422.478839159,-8.111966233,3.574790239,4.041960476,-8.095982555,3.564976690,4.032300295,0.021097460
1609060422.528550148,-8.067279263,3.556149634,4.031629270,-8.061412881,3.549794767,4.023913252,0.011590328
1609060422.580224037,-8.025852640,3.539394365,4.020958408,-7.992959187,3.521264445,4.007448084,0.039914936
1609060422.627099037,-7.983797466,3.522959846,4.012132204,-7.956900989,3.508230042,4.000294740,0.032871160
1609060422.677823067,-7.940060174,3.508096947,4.000229088,-7.919649740,3.494399264,3.991825797,0.025977445
1609060422.727541208,-7.895089688,3.492346760,3.990166429,-7.884344331,3.480621711,3.984533883,0.016872019
1609060422.783367157,-7.845662486,3.474293727,3.977382424,-7.811333006,3.457155656,3.968063269,0.039485102
1609060422.828356028,-7.805209601,3.460874744,3.968058587,-7.774814967,3.445246672,3.960939810,0.034910562
1609060422.880164146,-7.760812228,3.446693445,3.960157811,-7.737536877,3.432778691,3.953626081,0.027893114
1609060422.928488016,-7.716524111,3.433343936,3.951616427,-7.700714304,3.420937914,3.946482693,0.020741615
1609060422.979838133,-7.665255374,3.418653787,3.943805875,-7.662134075,3.411000073,3.940039966,0.009083167
1609060423.029355049,-7.617321552,3.405777740,3.937220518,-7.586169188,3.390101598,3.928933801,0.035845235
1609060423.080885172,-7.568361289,3.393163119,3.930496604,-7.547053297,3.379339178,3.924847595,0.026020053
1609060423.127178192,-7.523567698,3.382166940,3.926383317,-7.508207367,3.372020205,3.921038263,0.019169392
1609060423.179766178,-7.477871070,3.373490409,3.924648130,-7.468275476,3.363357301,3.918121428,0.015406269
1609060423.227312088,-7.433029421,3.364675075,3.923189546,-7.430754990,3.354830131,3.914863793,0.013092522
1609060423.280233145,-7.381498055,3.354924152,3.919982576,-7.352145789,3.340155191,3.910928203,0.034083125
1609060423.327131987,-7.336404023,3.347256421,3.917439417,-7.311944176,3.334699814,3.909120614,0.028725512
1609060423.378704071,-7.289453197,3.339776724,3.916100977,-7.272887339,3.327656649,3.907837432,0.022127134
1609060423.425829172,-7.245064660,3.332866477,3.915549843,-7.234739484,3.321842399,3.907743244,0.017002428
1609060423.477626085,-7.198998223,3.324412082,3.915706270,-7.193839861,3.317278206,3.908781073,0.011200859
1609060423.526779175,-7.152578432,3.318578479,3.916698836,-7.152968436,3.313586449,3.910058785,0.008316414
1609060423.580407143,-7.103796936,3.315000539,3.918477327,-7.075091256,3.304044035,3.912411320,0.031318644
1609060423.627583027,-7.059603767,3.310273626,3.920060014,-7.034768832,3.301712073,3.914294129,0.026894601
1609060423.678277016,-7.015915316,3.306524556,3.923446863,-6.994710498,3.298920469,3.916002158,0.023725305
1609060423.726454020,-6.970627380,3.302621094,3.925206065,-6.956289160,3.294833814,3.917279907,0.018139743
1609060423.779623032,-6.924982993,3.300535120,3.926536033,-6.917716423,3.291627380,3.919107196,0.013687166
1609060423.827763081,-6.880465694,3.297555581,3.928773403,-6.877441849,3.290786896,3.921004134,0.010738728
1609060423.881376028,-6.833104233,3.295659715,3.931454827,-6.801873571,3.288109442,3.924951074,0.032782003
1609060423.927520037,-6.790843399,3.293969292,3.933719456,-6.763580798,3.287310221,3.926501822,0.028977351
1609060423.978104115,-6.747057409,3.293993020,3.935664476,-6.723181360,3.288271633,3.928830491,0.025485356
1609060424.026549101,-6.702192151,3.293846372,3.937695819,-6.683980374,3.288756854,3.931149410,0.020010684
1609060424.079257011,-6.650054333,3.292959480,3.940897958,-6.646065927,3.288744786,3.933249837,0.009600250
1609060424.131283998,-6.599758770,3.292931777,3.943259021,-6.568201628,3.290737008,3.936886019,0.032268954
1609060424.180812120,-6.552530695,3.295286568,3.944850885,-6.528906670,3.292815045,3.937947227,0.024735875
1609060424.269929171,-6.470627105,3.301655799,3.945805625,-6.452838688,3.295056224,3.939345850,0.020042726
1609060424.338038206,-6.408474174,3.307311041,3.946569418,-6.374934007,3.302718582,3.940721846,0.034354440
1609060424.385066986,-6.362852107,3.311008061,3.946828802,-6.338024407,3.305232587,3.941047544,0.026137974
1609060424.427415133,-6.321789269,3.314670171,3.947134718,-6.300469129,3.308389510,3.940455516,0.023207904
1609060424.479503155,-6.273431776,3.319545429,3.946980895,-6.261744527,3.313099493,3.940104323,0.015014297
1609060424.528802156,-6.226485466,3.324128743,3.945096358,-6.223631666,3.317596021,3.938903085,0.009443372
1609060424.580688000,-6.179020082,3.329727653,3.941764117,-6.150094424,3.325881142,3.933482468,0.030332739
1609060424.627767086,-6.133993259,3.335515211,3.938405457,-6.114649061,3.329911072,3.931374987,0.021331476
1609060424.678000212,-6.088362734,3.342098615,3.934343034,-6.076110108,3.335551060,3.929212500,0.014809446
1609060424.727902174,-6.040629286,3.349028745,3.930501425,-6.037450033,3.342189484,3.926088324,0.008738341
1609060424.779567003,-5.996248699,3.356824501,3.926043742,-6.001319758,3.347073787,3.922723676,0.011481067
1609060424.828402996,-5.949879370,3.364019719,3.921933232,-5.918938725,3.361877297,3.916453305,0.031495128
1609060424.880347013,-5.904672368,3.373572998,3.918071254,-5.878278648,3.369604700,3.913179703,0.027134906
1609060424.927685022,-5.859976542,3.381759764,3.914167764,-5.837248711,3.377071593,3.908710082,0.023839454
1609060424.979326010,-5.816463505,3.390697808,3.909717761,-5.796749949,3.385488276,3.905045856,0.020918657
1609060425.028661013,-5.770068240,3.400223566,3.905304113,-5.757514604,3.395080401,3.901863839,0.013995764
1609060425.080376148,-5.723881851,3.412006530,3.899369580,-5.681571742,3.411533733,3.893744774,0.042684978
1609060425.127739191,-5.679442747,3.422018756,3.895014677,-5.645526857,3.419956479,3.890854404,0.034232273
1609060425.178142071,-5.626336696,3.434444606,3.890864207,-5.604057965,3.431313078,3.888123306,0.022664088
1609060425.225172997,-5.580040714,3.445908412,3.887008833,-5.563514774,3.441958247,3.884910642,0.017120540
1609060425.281213045,-5.525206347,3.461393513,3.881487554,-5.525452698,3.451467871,3.880858070,0.009948633
1609060425.331796169,-5.473582615,3.475235577,3.877195078,-5.446649786,3.474383647,3.874199217,0.027112327
1609060425.382135153,-5.431423703,3.490328263,3.874691307,-5.408059635,3.485921764,3.871139149,0.024039857
1609060425.428689003,-5.388168787,3.502553788,3.871698540,-5.371907901,3.495785948,3.867429328,0.018123087
1609060425.480192184,-5.337128055,3.517562820,3.867549188,-5.335149302,3.507052513,3.863817953,0.011327141
1609060425.529694080,-5.289354836,3.532346697,3.862910733,-5.296028308,3.520393101,3.860909329,0.013835798
1609060425.580114126,-5.242625194,3.547713020,3.857543899,-5.215648729,3.546728791,3.853901608,0.027239027
1609060425.627465010,-5.196907746,3.562450258,3.853567903,-5.178144529,3.558478583,3.850206466,0.019471306
1609060425.680615187,-5.149879610,3.579879968,3.849503736,-5.137163873,3.573099052,3.847126669,0.014605521
1609060425.728845119,-5.104657717,3.595272860,3.845445028,-5.097259633,3.587459927,3.843937276,0.010864938
1609060425.781431198,-5.057471903,3.612909911,3.840906159,-5.057439027,3.601431424,3.840731224,0.011479868
1609060425.828500986,-5.012480687,3.628547715,3.837349402,-4.981933044,3.629006498,3.834029473,0.030730943
1609060425.879981995,-4.968422554,3.646238952,3.834845930,-4.940998023,3.645894755,3.831087239,0.027683048
1609060425.928338051,-4.923641612,3.662874938,3.832197877,-4.906540890,3.658018723,3.829510072,0.017978927
1609060425.981427193,-4.877045460,3.681632933,3.830004872,-4.870151350,3.672332211,3.826638238,0.012056799
1609060426.028719187,-4.833285497,3.698454485,3.828065225,-4.793779362,3.703827746,3.823196675,0.040166023
1609060426.080445051,-4.789508726,3.718172249,3.827236977,-4.755610989,3.719496177,3.821345775,0.034431317
1609060426.133275986,-4.741542394,3.737986082,3.824908220,-4.719273033,3.734408951,3.818878959,0.023346783
1609060426.178623199,-4.703590611,3.753664967,3.823601283,-4.679700566,3.751846491,3.816171522,0.025084705
1609060426.229953051,-4.657190771,3.773059157,3.820559858,-4.641700174,3.769083637,3.813399810,0.017522261
1609060426.279983997,-4.609638627,3.795084496,3.815282468,-4.605991107,3.784397866,3.810225605,0.012372563
1609060426.327455997,-4.565373078,3.814583754,3.810988924,-4.533414375,3.818262215,3.802065962,0.033384264
1609060426.379871130,-4.519303552,3.836684902,3.801909786,-4.496356728,3.836164342,3.797096391,0.023452004
1609060426.428410053,-4.473990100,3.857427307,3.795902754,-4.459240602,3.854360332,3.791915040,0.015583834
1609060426.480945110,-4.432547467,3.880918837,3.788747440,-4.423615569,3.871800737,3.786732880,0.012921958
1609060426.528591156,-4.390447463,3.902234686,3.782958709,-4.351461768,3.909172614,3.775787012,0.040242421
1609060426.580346107,-4.343711648,3.926066293,3.775538131,-4.318555476,3.926886567,3.771044846,0.025567469
1609060426.628355980,-4.301136122,3.948994043,3.769108102,-4.282507140,3.946799360,3.764956765,0.019211694
1609060426.678764105,-4.258460149,3.972782864,3.763032170,-4.248636470,3.966137874,3.759529364,0.012366495
1609060426.727844000,-4.216662429,3.996836032,3.755242656,-4.213373906,3.986466279,3.752932244,0.011121338
1609060426.780528069,-4.174915334,4.023367060,3.746039573,-4.142777762,4.028156581,3.740283852,0.032998354
1609060426.828762054,-4.134607109,4.047220857,3.738879620,-4.109181208,4.048587933,3.734068524,0.025913163
1609060426.880460024,-4.094143274,4.072184893,3.731979662,-4.076039639,4.069436616,3.727884345,0.018763429
1609060426.927973032,-4.054000059,4.096455040,3.724055796,-4.042596823,4.090325004,3.721088679,0.013282128
1609060426.980300188,-4.014859173,4.123375780,3.713951443,-4.007285347,4.113385290,3.713306941,0.012553411
1609060427.028684139,-3.975095799,4.148727961,3.704472088,-3.973768442,4.135595565,3.704834095,0.013204270
1609060427.080138206,-3.936729291,4.175461580,3.694527606,-3.939050190,4.159461051,3.696535845,0.016292223
1609060427.128703117,-3.897562518,4.201470046,3.684855793,-3.874178975,4.204919914,3.679562558,0.024222097
1609060427.179259062,-3.861804098,4.227330499,3.673695385,-3.841412849,4.228310978,3.670734501,0.020628407
1609060427.228806019,-3.822926498,4.254470177,3.663647958,-3.806681713,4.253674399,3.661267214,0.016437586
1609060427.281520128,-3.785991025,4.283817423,3.652696127,-3.773228565,4.278787364,3.651642210,0.013758365
1609060427.329280138,-3.749984005,4.310281519,3.641848512,-3.741387820,4.303064130,3.642244275,0.011231283
1609060427.381112099,-3.708272328,4.342651467,3.628306065,-3.676372987,4.353420920,3.621281260,0.034393269
1609060427.429231167,-3.670905810,4.370649967,3.616062164,-3.645435949,4.378519544,3.610806402,0.027171071
1609060427.478861094,-3.633817617,4.402282637,3.603514859,-3.613568829,4.403924871,3.599641549,0.020681221
1609060427.529126167,-3.593966793,4.433723485,3.589824122,-3.583666536,4.429017969,3.588660684,0.011383795
1609060427.579799175,-3.559885329,4.463482296,3.577940142,-3.554393800,4.453456267,3.577891610,0.011431557
1609060427.630326033,-3.525483180,4.496607897,3.564039044,-3.522219408,4.480798751,3.565996134,0.016260735
1609060427.681500196,-3.487357163,4.529504395,3.550151430,-3.461573323,4.535210669,3.543451275,0.027244449
1609060427.727840185,-3.453236556,4.559626190,3.537657654,-3.432981055,4.562179184,3.532648542,0.021021282
1609060427.779484987,-3.418253826,4.591614950,3.524202640,-3.402758875,4.590949639,3.521143640,0.015808024
1609060427.829073191,-3.383549541,4.624213551,3.511618914,-3.372430666,4.620009807,3.509674776,0.012044937
1609060427.880336046,-3.350211887,4.658243938,3.499548776,-3.340812170,4.651095143,3.497702933,0.011952702
1609060427.928755045,-3.317386080,4.690393009,3.487945255,-3.311325873,4.680163125,3.487277463,0.011908929
1609060427.980607986,-3.285192773,4.724762757,3.475828512,-3.283162307,4.708133743,3.477420948,0.016828035
1609060428.028478146,-3.252291057,4.757342275,3.464928551,-3.229518517,4.765156736,3.458256532,0.024983399
1609060428.077799082,-3.223273508,4.790123537,3.454175752,-3.201209659,4.795862870,3.449541011,0.023264440
1609060428.129625082,-3.188362510,4.825704788,3.443638716,-3.173519890,4.826224371,3.440817140,0.015117361
1609060428.179145098,-3.160457564,4.861879049,3.434491817,-3.146604421,4.856255412,3.432057156,0.015148018
1609060428.230478048,-3.127506508,4.897854693,3.425345877,-3.121116760,4.884801853,3.424589479,0.014552582
1609060428.281023979,-3.099217720,4.931607741,3.414565802,-3.067059799,4.949180115,3.410569000,0.036863188
1609060428.327894211,-3.069742662,4.964973981,3.406803634,-3.043926117,4.977571585,3.404066100,0.028856329
1609060428.378302097,-3.041613157,5.000854102,3.403577995,-3.017423229,5.009192804,3.396968959,0.026426614
1609060428.427620173,-3.012086506,5.036358366,3.397477533,-2.991314957,5.041487576,3.391310745,0.022266461
1609060428.481490135,-2.978144194,5.078332810,3.386942392,-2.966775931,5.072721694,3.386325884,0.012692600
1609060428.530129194,-2.947542036,5.115590241,3.381044033,-2.941731102,5.103867079,3.381646561,0.013098188
1609060428.580730200,-2.919195626,5.154104741,3.376406560,-2.893059914,5.167615041,3.372256844,0.029712351
1609060428.626178026,-2.890854832,5.188488111,3.372058353,-2.867779381,5.200651635,3.368711728,0.026298815
1609060428.678228140,-2.867279679,5.228874680,3.369978026,-2.845787019,5.229926656,3.365380687,0.022004014
1609060428.727977991,-2.839539244,5.265713689,3.365458581,-2.822460518,5.260860023,3.361587977,0.018172026
1609060428.780537128,-2.808236500,5.306923767,3.361260976,-2.797032651,5.293871569,3.358065269,0.017495675
1609060428.829004049,-2.780031406,5.344756176,3.357728700,-2.752509523,5.357217213,3.353310171,0.030532849
1609060428.879436016,-2.752814979,5.382068581,3.354158296,-2.727894389,5.390278780,3.350280337,0.026523230
1609060428.929301977,-2.724861610,5.420101202,3.350225646,-2.701880397,5.423839131,3.346072164,0.023650786
1609060428.979768991,-2.698857463,5.458438341,3.345613835,-2.680052827,5.454984482,3.342989753,0.019298427
1609060429.027988195,-2.672023714,5.494305523,3.341583109,-2.655287632,5.488336280,3.340137753,0.017827433
1609060429.080878019,-2.645898007,5.531237323,3.337604449,-2.631125889,5.522000768,3.336655957,0.017447895
1609060429.129002094,-2.618152521,5.568849312,3.333946857,-2.583075754,5.589422649,3.330968327,0.040773931
1609060429.179460049,-2.590986565,5.607754334,3.330436497,-2.561337643,5.621674452,3.329665811,0.032763123
1609060429.226698160,-2.563009301,5.645027580,3.327400541,-2.538303730,5.654773062,3.327589525,0.026558905
1609060429.280256987,-2.537282307,5.684560141,3.325213487,-2.512295158,5.690082923,3.324247582,0.025608430
1609060429.328555107,-2.508337720,5.723660807,3.321380339,-2.490069218,5.724044208,3.321155849,0.018273904
1609060429.381138086,-2.480783908,5.766342532,3.319339142,-2.467142657,5.759518298,3.318321293,0.015286921
1609060429.428529024,-2.452786994,5.805429893,3.316213980,-2.416260387,5.833174006,3.311524891,0.046107661
1609060429.478585005,-2.427808623,5.846535574,3.312764117,-2.396442381,5.867180755,3.308092741,0.037840275
1609060429.529040098,-2.397789538,5.890967687,3.309390506,-2.373248251,5.904935118,3.305047472,0.028569666
1609060429.579662085,-2.369583152,5.939522183,3.305482811,-2.348503968,5.944342058,3.302860154,0.021781678
1609060429.628737211,-2.338764060,5.986317924,3.302468973,-2.323349485,5.981553820,3.300913113,0.016208840
1609060429.681184053,-2.307000928,6.037737051,3.298853408,-2.276360810,6.062257195,3.296454994,0.039316748
1609060429.727297068,-2.276756292,6.085535510,3.296865195,-2.250980680,6.106360834,3.293098734,0.033350600
1609060429.779306173,-2.249465199,6.138259013,3.296734981,-2.225417381,6.151680558,3.293203755,0.027765175
1609060429.828670979,-2.222062309,6.189692588,3.296352259,-2.203120043,6.193798077,3.292701538,0.019722886
1609060429.881679058,-2.188692264,6.248828709,3.295510513,-2.177408609,6.240380764,3.292006984,0.014524578
1609060429.928592205,-2.160331154,6.303488637,3.294921397,-2.127325537,6.336236161,3.292410125,0.046562620
1609060429.979950190,-2.132203312,6.364892768,3.294869723,-2.105030509,6.385439538,3.292499236,0.034148941
1609060430.029108047,-2.103358090,6.425414786,3.295575811,-2.083062064,6.435731741,3.291940402,0.023056114
1609060430.079665184,-2.076193866,6.486197024,3.297131826,-2.057805377,6.487848938,3.293239494,0.018868376
1609060430.139734030,-2.045418357,6.560235332,3.299430016,-2.034164141,6.542315821,3.294693549,0.021684104
1609060430.179250002,-2.023939252,6.610457609,3.301819411,-2.012914254,6.594250093,3.296709422,0.020257003
1609060430.227625132,-1.997013171,6.673968290,3.305345811,-1.972701050,6.702002483,3.301408848,0.037316148
1609060430.279911041,-1.974933980,6.740007220,3.308685659,-1.950135427,6.758600664,3.306488586,0.031072681
1609060430.329241037,-1.949260324,6.804396221,3.314545563,-1.930486887,6.812199111,3.310789293,0.020674539
1609060430.379837036,-1.929514911,6.869724775,3.323122708,-1.909611605,6.869654075,3.318140047,0.020517639
1609060430.429674149,-1.905398009,6.936194422,3.332197248,-1.889075998,6.927422111,3.326049396,0.019523258
1609060430.481505156,-1.886417501,7.002368429,3.341178856,-1.853295841,7.042119358,3.342670439,0.051762975
1609060430.528452158,-1.867487862,7.065169674,3.350918040,-1.839912186,7.098584825,3.351415952,0.043327107
1609060430.580064058,-1.851523599,7.132582185,3.363079646,-1.825742607,7.152640579,3.360490465,0.032767402
1609060430.628176212,-1.833634552,7.196084260,3.372322589,-1.808340557,7.212218535,3.370803887,0.030040097
1609060430.679733992,-1.818954066,7.268626641,3.389062614,-1.793912366,7.269122180,3.380507900,0.026467252
1609060430.730561018,-1.802003591,7.336065431,3.400912389,-1.771377784,7.379790624,3.397456739,0.053495552
1609060430.780865192,-1.790733792,7.402294654,3.410677115,-1.762837840,7.433901057,3.405519113,0.042470623
1609060430.828189135,-1.779452034,7.464400380,3.420034026,-1.754156940,7.486656400,3.413774409,0.034268863
1609060430.877870083,-1.774425157,7.527665743,3.426030351,-1.748722329,7.536023201,3.420488476,0.027589760
1609060430.929910183,-1.767520916,7.591247658,3.435827542,-1.741104849,7.588775249,3.429290840,0.027324895
1609060430.981590033,-1.759024900,7.654869986,3.443987786,-1.734926171,7.640820008,3.436329834,0.028927406
1609060431.028035164,-1.753787803,7.712472762,3.450649966,-1.727508837,7.737673055,3.449460428,0.036428750
1609060431.080696106,-1.751949477,7.775688694,3.457460948,-1.726140905,7.782302422,3.455171048,0.026740744
1609060431.127861023,-1.750265462,7.830123779,3.464853746,-1.725465701,7.830697782,3.461653582,0.025011971
1609060431.179397106,-1.756174754,7.885770382,3.474327869,-1.727140523,7.878096574,3.468189447,0.030652147
1609060431.228162050,-1.760021949,7.940600115,3.481931671,-1.738289323,7.969021094,3.480507929,0.035806230
1609060431.281984091,-1.768891468,7.997228338,3.489205553,-1.746383231,8.015592433,3.487395292,0.029105631
1609060431.327632189,-1.777576260,8.047451502,3.495380016,-1.755829417,8.061872011,3.494010559,0.026129517
1609060431.380648136,-1.793586110,8.102371004,3.504048693,-1.770009619,8.106516361,3.499683090,0.024332969
1609060431.441133022,-1.814948716,8.164845746,3.512944453,-1.804857646,8.197958517,3.509662295,0.034771509
1609060431.487370014,-1.834968034,8.212031276,3.519459377,-1.823377365,8.241791763,3.514417202,0.032333477
1609060431.531643152,-1.851940882,8.257978591,3.523332147,-1.839726685,8.283065340,3.518764515,0.028273571
1609060431.578772068,-1.873502131,8.301556417,3.527116021,-1.857584986,8.324147769,3.524280884,0.027780617
1609060431.629288197,-1.893033290,8.350635439,3.532253291,-1.876095593,8.363631582,3.527536680,0.021863937
1609060431.681290150,-1.919290760,8.396449126,3.534637955,-1.896385915,8.403949947,3.530908015,0.024388659
1609060431.728561163,-1.938739094,8.439976823,3.539026804,-1.916080117,8.442082087,3.534670945,0.023169698
1609060431.780210018,-1.965398108,8.492276940,3.543042054,-1.960025753,8.517901978,3.541893317,0.026207334
1609060431.826713085,-1.987578542,8.535107214,3.547691518,-1.983650453,8.555176186,3.543935595,0.020791836
1609060431.878309011,-2.019306931,8.580156861,3.551949624,-2.006900748,8.591179528,3.546560082,0.017448774
1609060431.923537016,-2.041854146,8.623226043,3.556221232,-2.031945013,8.630382748,3.548196269,0.014622222
1609060431.972276211,-2.073359957,8.667280358,3.557243347,-2.056258949,8.667563159,3.550776258,0.018285177
1609060432.020538092,-2.098076184,8.711420214,3.560793218,-2.104189298,8.742733687,3.556772318,0.032156981
1609060432.079569101,-2.131615330,8.764514197,3.564024381,-2.125121253,8.776491860,3.560303098,0.014123930
1609060432.129607201,-2.156089808,8.809636350,3.567821529,-2.145570419,8.810323107,3.562323027,0.011889604
1609060432.185536146,-2.182149093,8.858029730,3.572295518,-2.182364945,8.878514047,3.567694859,0.020995712
1609060432.231467009,-2.203028864,8.895391790,3.574434717,-2.200919052,8.914056295,3.570795531,0.019132662
1609060432.277867079,-2.222687589,8.931830432,3.576281827,-2.217940760,8.948309326,3.573943624,0.017307615
1609060432.328068018,-2.240548194,8.972452221,3.578842340,-2.232758472,8.981059191,3.576498609,0.011842837
1609060432.376345158,-2.260491655,9.008503697,3.581182654,-2.247424503,9.015709771,3.579065247,0.015071873
1609060432.422329187,-2.273192418,9.046664598,3.583705779,-2.260140659,9.048605003,3.581732818,0.013341895
1609060432.479573011,-2.291458418,9.091278051,3.586668849,-2.284338977,9.117396105,3.585128501,0.027114791
1609060432.527909040,-2.301913380,9.131828090,3.588440583,-2.296349556,9.152608269,3.586794295,0.021575037
1609060432.578797102,-2.316801984,9.170030639,3.588723783,-2.305300063,9.186390821,3.587717179,0.020024060
1609060432.628079176,-2.325191217,9.212356170,3.589740526,-2.316126348,9.222034610,3.589404521,0.013264876
1609060432.681718111,-2.339142354,9.254793853,3.589323766,-2.322997783,9.258927202,3.590991511,0.016748525
1609060432.729138136,-2.345375796,9.296450339,3.589658374,-2.338843948,9.331186350,3.592674393,0.035473256
1609060432.780515194,-2.357679042,9.339307234,3.595798804,-2.346722152,9.368149993,3.592780707,0.031001082
1609060432.828166008,-2.362995565,9.381509201,3.596289873,-2.352884701,9.406997070,3.593405964,0.027571325
1609060432.878829002,-2.368706053,9.434334690,3.596544333,-2.358877969,9.447848921,3.593662551,0.016956720
1609060432.928115129,-2.372058528,9.482378866,3.595543712,-2.365756914,9.486116839,3.592868326,0.007800030
1609060432.980693102,-2.382726300,9.530775790,3.591625638,-2.369966569,9.525622940,3.591659502,0.013760950
1609060433.027698994,-2.385281108,9.577055847,3.589354697,-2.379583482,9.602326587,3.588813964,0.025910724
1609060433.081295013,-2.399796191,9.620584365,3.585077945,-2.386156891,9.640816891,3.586242923,0.024428319
1609060433.129487038,-2.404822297,9.667825920,3.583507567,-2.387085785,9.681502322,3.585585539,0.022493239
1609060433.178853035,-2.410656158,9.716025104,3.583745799,-2.392462032,9.721955622,3.584283224,0.019143826
1609060433.229087114,-2.415401841,9.765639997,3.583869339,-2.395106194,9.760305935,3.584576632,0.020996804
1609060433.281847000,-2.421435197,9.816886646,3.585672803,-2.402104084,9.845412035,3.585539284,0.034458780
1609060433.328270197,-2.425300804,9.863916763,3.586788621,-2.407319697,9.886656894,3.585961090,0.029002044
1609060433.378964186,-2.431658164,9.913561165,3.587984628,-2.408960127,9.926220773,3.587844480,0.025990118
1609060433.429242134,-2.436864821,9.965566352,3.590053669,-2.414582023,9.973421194,3.589814803,0.023627922
1609060433.479380131,-2.445741905,10.015304162,3.591923832,-2.419090767,10.021055688,3.592298097,0.027267256
1609060433.528609991,-2.449824588,10.066038869,3.594210614,-2.424545378,10.065100623,3.595008175,0.025309185
1609060433.579957008,-2.455899654,10.114727862,3.597707480,-2.430389834,10.108406995,3.597980980,0.026282677
1609060433.628313065,-2.459485093,10.164557584,3.599698870,-2.441206891,10.194968843,3.601509160,0.035527658
1609060433.678635120,-2.471120157,10.212391659,3.601486077,-2.446419459,10.235574745,3.603085257,0.033913675
1609060433.728372097,-2.477332695,10.264236672,3.602911990,-2.455473338,10.278976555,3.604086903,0.026390833
1609060433.782214165,-2.491957966,10.316389957,3.609330914,-2.464091984,10.321197834,3.605496263,0.028536524
1609060433.829161167,-2.500779984,10.363984822,3.611447339,-2.483929056,10.405934056,3.609257036,0.045260242
1609060433.880794048,-2.516881129,10.412983925,3.613038734,-2.495364391,10.445397601,3.609759941,0.039043140
1609060433.926801205,-2.527653158,10.459761670,3.615012182,-2.508385615,10.488781138,3.611329682,0.035027540
1609060433.981521130,-2.550255284,10.519399377,3.618233249,-2.521115839,10.531269012,3.613658652,0.031795006
1609060434.028669119,-2.564878671,10.568260783,3.621250600,-2.537095821,10.573911379,3.616147443,0.028807260
1609060434.082746029,-2.589405030,10.622010343,3.622258564,-2.571780904,10.657746143,3.622401515,0.039845673
1609060434.128036022,-2.607588391,10.668900017,3.626012994,-2.590254046,10.696102450,3.625222559,0.032265720
1609060434.179499149,-2.637734711,10.711817457,3.630345565,-2.610009531,10.733339947,3.628271066,0.035159732
1609060434.227372169,-2.662620282,10.759837938,3.635276271,-2.635943838,10.777353640,3.632823940,0.032006974
1609060434.278692007,-2.692905518,10.808946854,3.641812190,-2.665111405,10.823013024,3.636648408,0.031575853
1609060434.329144001,-2.724372289,10.856508732,3.647807919,-2.691334448,10.859961229,3.641359405,0.033837879
1609060434.378516197,-2.758971968,10.900255026,3.653903382,-2.721814850,10.900113319,3.646984978,0.037795976
1609060434.427966118,-2.793023900,10.943984090,3.659668915,-2.751235824,10.936183979,3.652285167,0.043146318
1609060434.478496075,-2.831391231,10.984544478,3.663610324,-2.814675341,11.005591281,3.661798959,0.026938262
1609060434.527953148,-2.868944871,11.025661522,3.671330071,-2.849699724,11.040642045,3.669474075,0.024458873
1609060434.579734087,-2.912942226,11.064918959,3.681398870,-2.883244760,11.072718011,3.675549531,0.031256671
1609060434.638806105,-2.962401673,11.110112616,3.689869415,-2.963387915,11.140408160,3.689065416,0.030322254
1609060434.685126066,-3.005221041,11.142690207,3.695317968,-3.003520023,11.171163785,3.696247387,0.028539480
1609060434.728393078,-3.043586949,11.174514786,3.701724534,-3.044664126,11.201326067,3.702720120,0.026851375
1609060434.779199123,-3.092322079,11.206382668,3.710941604,-3.087575642,11.229441302,3.709322441,0.023597690
1609060434.828484058,-3.138709927,11.239548563,3.718364078,-3.131126275,11.257756336,3.715530693,0.019926436
1609060434.881369114,-3.195093976,11.273448544,3.723193550,-3.175240035,11.284785069,3.722126813,0.022887414
1609060434.930052042,-3.243200736,11.303140399,3.730109258,-3.265545043,11.333078172,3.734385605,0.037600871
1609060434.979966164,-3.297822129,11.328409384,3.742016881,-3.310831016,11.355477566,3.740830939,0.030055350
1609060435.028119087,-3.347215687,11.354960992,3.748730914,-3.357219046,11.379357142,3.747554046,0.026393643
1609060435.079649210,-3.412258538,11.384758174,3.756893618,-3.402711440,11.401639223,3.753115789,0.019758261
1609060435.130227089,-3.467826602,11.411825140,3.765037157,-3.448592062,11.420081151,3.759052058,0.021770408
1609060435.181203127,-3.528957853,11.435219608,3.771433826,-3.545259162,11.461106055,3.772889576,0.030626133
1609060435.226970196,-3.579533343,11.458472722,3.779293270,-3.587111533,11.480048367,3.777703617,0.022923011
1609060435.280694008,-3.643773390,11.476892907,3.786140021,-3.636081210,11.496766042,3.784482464,0.021374252
1609060435.329034090,-3.699327389,11.499829074,3.795664660,-3.691595496,11.516593588,3.791403727,0.018946943
1609060435.379420996,-3.756787464,11.522181597,3.803188555,-3.742570738,11.536627396,3.798476415,0.020808668
1609060435.429876089,-3.813604660,11.542133444,3.809747754,-3.785710480,11.552834329,3.804138087,0.030398398
1609060435.481629133,-3.871324918,11.560949934,3.814602699,-3.878652602,11.585219522,3.813468131,0.025377059
1609060435.527260065,-3.920267565,11.579406413,3.818138420,-3.922608107,11.603000292,3.817607019,0.023715642
1609060435.578764200,-3.976742634,11.598158327,3.820598166,-3.964550346,11.620025071,3.821485113,0.025051808
1609060435.627921104,-4.026662380,11.618067113,3.823954199,-4.013370000,11.637706694,3.824559463,0.023722707
1609060435.678073168,-4.077644490,11.637335987,3.828242040,-4.061516154,11.655398190,3.828031163,0.024215922
1609060435.729574203,-4.129131313,11.658602918,3.832069874,-4.104392789,11.673149857,3.831984671,0.028698698
1609060435.779999018,-4.183393244,11.675618989,3.834910739,-4.147466098,11.690273943,3.834847264,0.038801179
1609060435.828428030,-4.230289092,11.695857146,3.838240438,-4.231249939,11.722987572,3.838944787,0.027156570
1609060435.881323099,-4.278414931,11.715843665,3.837597752,-4.268742816,11.739908951,3.842125584,0.026328483
1609060435.928601027,-4.320791824,11.735890572,3.840102577,-4.307876342,11.757853706,3.845518447,0.026048427
1609060435.979134083,-4.368304509,11.755127027,3.844946300,-4.348500304,11.775384390,3.848180983,0.028513689
1609060436.028963089,-4.412093522,11.777885847,3.847914434,-4.427813509,11.810442321,3.854617357,0.036769161
1609060436.079155207,-4.459381854,11.798231580,3.848956547,-4.467105504,11.830335803,3.857856829,0.034198698
1609060436.128490210,-4.503623453,11.821709273,3.851906408,-4.507230569,11.849616526,3.860426402,0.029400958
1609060436.178976059,-4.556215927,11.849333403,3.861282490,-4.548870258,11.868069521,3.862165901,0.020144016
1609060436.229210138,-4.603266078,11.875311000,3.865874571,-4.585625893,11.886268815,3.865792409,0.020766719
1609060436.281616211,-4.656665162,11.900270915,3.871480793,-4.670620887,11.925907002,3.875002960,0.029400287
1609060436.328548193,-4.702566300,11.925404744,3.877959903,-4.709804617,11.942609044,3.879347190,0.018716457
1609060436.378961086,-4.752742564,11.941884143,3.885591095,-4.749395044,11.960102096,3.884672679,0.018545705
1609060436.429300070,-4.803443232,11.964103685,3.892177139,-4.788878938,11.978312866,3.890937556,0.020385192
1609060436.481732130,-4.856801548,11.990424990,3.899850460,-4.871818607,12.015349567,3.899154751,0.029107226
1609060436.530310154,-4.908395838,12.012873619,3.906124345,-4.914952342,12.031625530,3.904155118,0.019962459
1609060436.580796003,-4.963198000,12.034713894,3.912068312,-4.957226884,12.049930327,3.909422534,0.016558811
1609060436.628488064,-5.014749016,12.056329421,3.916889773,-5.001849622,12.068743122,3.913587143,0.018204443
1609060436.680999994,-5.072612682,12.077322481,3.919391060,-5.049633572,12.086142415,3.917813433,0.024664137
1609060436.731419086,-5.128105967,12.097805835,3.924006802,-5.140343577,12.120907630,3.926426069,0.026254617
1609060436.778729200,-5.180870698,12.116413474,3.928121333,-5.186170236,12.138951295,3.930414137,0.023265757
1609060436.828267097,-5.235329433,12.137221153,3.932740383,-5.235708529,12.154813281,3.934649348,0.017699458
1609060436.880110025,-5.295411208,12.154885586,3.939385940,-5.285745630,12.171349307,3.937899435,0.019149079
1609060436.929759979,-5.351226944,12.174301091,3.943842972,-5.333234951,12.186954024,3.941491847,0.022120947
1609060436.981503010,-5.408488848,12.189627755,3.947297943,-5.428496048,12.218924999,3.947736060,0.035479691
1609060437.028449059,-5.460837068,12.206708533,3.951422851,-5.475191943,12.231561635,3.951100900,0.028702661
1609060437.082385063,-5.520322940,12.222965953,3.956529389,-5.523356526,12.245740112,3.953833898,0.023132890
1609060437.128386021,-5.571299559,12.238697852,3.960618361,-5.570492162,12.260004033,3.957238194,0.021587746
1609060437.181104183,-5.628228764,12.252804318,3.963116781,-5.619813046,12.273187325,3.960395929,0.022219233
1609060437.229670048,-5.681529723,12.267873424,3.966743289,-5.716446949,12.296011042,3.965109117,0.044873252
1609060437.279520988,-5.745919224,12.284254471,3.969271695,-5.760260989,12.308128894,3.967670351,0.027896929
1609060437.328559160,-5.801699627,12.299361762,3.972221450,-5.809289441,12.319254673,3.968880810,0.021552101
1609060437.379776001,-5.863296313,12.312476723,3.973315676,-5.858147002,12.328179575,3.970229480,0.016811293
1609060437.437894106,-5.931021780,12.329461580,3.974780661,-5.953724271,12.348903358,3.973163267,0.029933289
1609060437.484019995,-5.980947901,12.337971934,3.976999814,-6.002846764,12.357961887,3.973883037,0.029813968
1609060437.532320023,-6.036905292,12.345887200,3.978306505,-6.051729922,12.365802248,3.973525681,0.025283098
1609060437.579575062,-6.091800917,12.356863823,3.979210489,-6.100843897,12.373422206,3.974162831,0.019530346
1609060437.628848076,-6.149114283,12.366625609,3.980428418,-6.149261124,12.382359361,3.975374327,0.016526233
1609060437.681441069,-6.210187284,12.374674097,3.981913974,-6.197300445,12.389491899,3.976439024,0.020386588
1609060437.729734182,-6.265002334,12.382410678,3.983062723,-6.245033827,12.394081253,3.976363253,0.024079586
1609060437.780804157,-6.321758809,12.388564806,3.984339667,-6.338829442,12.405688985,3.978534885,0.024866434
1609060437.827929020,-6.375198840,12.395425770,3.985512882,-6.387489804,12.410882135,3.979048926,0.020778588
1609060437.880667210,-6.433471080,12.400864900,3.985974914,-6.433938820,12.413628975,3.980318106,0.013969248
1609060437.929320097,-6.487289171,12.407605911,3.987447443,-6.480615700,12.418327874,3.980236853,0.014542637
1609060437.980836153,-6.543754588,12.409358248,3.988103603,-6.571256249,12.427007231,3.982718795,0.033118336
1609060438.029119015,-6.597233599,12.414144656,3.989203023,-6.617515351,12.428296124,3.982984920,0.025500556
1609060438.079920053,-6.652766556,12.415238320,3.990156846,-6.664364715,12.430640562,3.983231439,0.020486768
1609060438.129821062,-6.707344346,12.419070273,3.990643717,-6.709647075,12.432922960,3.982992289,0.015991993
1609060438.180252075,-6.760970770,12.418390706,3.990056672,-6.757967465,12.435035331,3.982985449,0.018332091
1609060438.228499174,-6.812564832,12.420789789,3.989633746,-6.853154772,12.434965034,3.982423613,0.043594344
1609060438.280722141,-6.868922389,12.419407925,3.987437536,-6.898395451,12.436802841,3.981574724,0.034721996
1609060438.328006983,-6.919072336,12.420803744,3.986252655,-6.942258535,12.437451731,3.980902735,0.029040952
1609060438.379569054,-6.983243193,12.422065674,3.986335452,-6.991522316,12.436298372,3.979768272,0.017726856
1609060438.429699183,-7.038537599,12.423060850,3.985949810,-7.037603020,12.434505609,3.979229405,0.013304879
1609060438.481365204,-7.098316586,12.420998848,3.982677833,-7.083557280,12.434812533,3.977817164,0.020791372
1609060438.528198004,-7.150386945,12.421152139,3.981936893,-7.172689865,12.433250204,3.976410649,0.025967726
1609060438.580866098,-7.200998197,12.415786331,3.981279098,-7.216762421,12.430710938,3.975753974,0.022400483
1609060438.628835201,-7.255368767,12.412316377,3.978877638,-7.263250399,12.428829294,3.974831397,0.018739494
1609060438.681217194,-7.313421623,12.410192985,3.977161792,-7.305885055,12.427593837,3.973647050,0.019285822
1609060438.729390144,-7.366409633,12.407763013,3.975756678,-7.399709107,12.419950223,3.972444449,0.035613957
1609060438.779657125,-7.420335495,12.404323063,3.973987539,-7.441733736,12.417645736,3.971652180,0.025314664
1609060438.827876091,-7.473522169,12.400534685,3.971968484,-7.485562855,12.415052914,3.970282020,0.018936770
1609060438.878496170,-7.528556897,12.394258735,3.969262076,-7.531473234,12.411586558,3.969007779,0.017573365
1609060438.928888083,-7.582586224,12.389979662,3.967237583,-7.576632246,12.406833874,3.966969318,0.017876976
1609060438.980331182,-7.637031037,12.384222654,3.966044034,-7.665601839,12.398764276,3.964176639,0.032112874
1609060439.027786016,-7.687249401,12.380061541,3.964296600,-7.707291075,12.394991591,3.961538754,0.025143206
1609060439.079364061,-7.740812973,12.372132616,3.962701394,-7.751289662,12.388380796,3.959934558,0.019529970
1609060439.130916119,-7.794640896,12.366604668,3.960642911,-7.794065845,12.382791249,3.958340504,0.016359620
1609060439.180733204,-7.843792105,12.358892005,3.957310260,-7.875076673,12.373313919,3.953378944,0.034672338
1609060439.228211164,-7.892432960,12.352965916,3.955469353,-7.917569324,12.366472171,3.953036174,0.028638716
1609060439.281038046,-7.946618201,12.343532225,3.955724076,-7.961580111,12.360627355,3.953238681,0.022853433
1609060439.327913046,-7.993692924,12.337389154,3.954355457,-8.000543595,12.354232283,3.949211696,0.018896586
1609060439.379565001,-8.045339655,12.328558252,3.952074347,-8.045294231,12.347035470,3.948176705,0.018883889
1609060439.429732084,-8.094985854,12.321303719,3.950494036,-8.131283413,12.331487948,3.943026439,0.038431709
1609060439.481400013,-8.154352846,12.312483661,3.946291849,-8.171640797,12.324674808,3.941007632,0.021804134
1609060439.539367199,-8.213970532,12.303221052,3.944102718,-8.210948653,12.317295637,3.939783229,0.015029427
1609060439.587499142,-8.267273205,12.291232250,3.941583995,-8.295865819,12.298561476,3.935850767,0.030068672
1609060439.636876106,-8.318846987,12.282210871,3.939894926,-8.336077537,12.291228436,3.935433471,0.019952767
1609060439.681042194,-8.359875210,12.270110976,3.938369032,-8.375908248,12.282761801,3.932798673,0.021169095
1609060439.728736162,-8.408610986,12.257919815,3.937976994,-8.419225850,12.273483739,3.931960094,0.019776606
1609060439.779679060,-8.459898595,12.247173742,3.935742927,-8.462383077,12.262436265,3.928975334,0.016879501
1609060439.829038143,-8.509892318,12.235504873,3.932091838,-8.500990989,12.254341121,3.926803516,0.021494284
1609060439.881503105,-8.563030781,12.221298389,3.926967384,-8.582608321,12.235360108,3.921152984,0.024795549
1609060439.928616047,-8.608303911,12.210808762,3.922844037,-8.622909806,12.225190384,3.918054688,0.021049967
1609060439.981040001,-8.657440590,12.199073156,3.917998032,-8.660759815,12.215863294,3.915188485,0.017344150
1609060440.027599096,-8.701118497,12.189337782,3.914785714,-8.696939363,12.207971560,3.912146497,0.019278182
1609060440.081411123,-8.750846693,12.177622441,3.912782018,-8.738863665,12.196639608,3.908858414,0.022817543
1609060440.128535032,-8.794141187,12.167966875,3.909381518,-8.813828547,12.177357898,3.902314139,0.022928832
1609060440.180097103,-8.837659382,12.155682077,3.903462031,-8.850008172,12.168000287,3.899035348,0.017995178
1609060440.225985050,-8.877556155,12.146089872,3.899481662,-8.886977064,12.158726090,3.896991513,0.015957079
1609060440.279961109,-8.924413360,12.132126836,3.892009478,-8.925069388,12.147628443,3.891517700,0.015523274
1609060440.329184055,-8.965202199,12.122262485,3.886796621,-8.996413908,12.127530086,3.883895431,0.031785772
1609060440.378593206,-9.006601164,12.110208408,3.885338884,-9.032391001,12.116843850,3.880848000,0.027005793
1609060440.426942110,-9.045601278,12.100213658,3.881181317,-9.066610822,12.107626023,3.877096535,0.022650156
1609060440.478640079,-9.085824637,12.087026455,3.874065483,-9.103255596,12.096308598,3.873741432,0.019750988
1609060440.528146982,-9.124658690,12.076208520,3.870141145,-9.133601345,12.088091923,3.870718158,0.014883525
1609060440.580146074,-9.172614137,12.063725923,3.866833573,-9.203542026,12.067012972,3.864735669,0.031172748
1609060440.629389048,-9.211485593,12.053798895,3.864128499,-9.234939533,12.057256873,3.862197479,0.023785998
1609060440.676387072,-9.248554991,12.039933263,3.860481949,-9.265478887,12.047573466,3.860038250,0.018573847
1609060440.727923155,-9.288620342,12.028020372,3.857722761,-9.294957424,12.038777329,3.857603340,0.012485391
1609060440.786754131,-9.329218918,12.015228318,3.853488790,-9.357044099,12.019582368,3.853618383,0.028164078
1609060440.827316999,-9.358555878,12.004738068,3.851831250,-9.383720641,12.012456027,3.851959003,0.026322015
1609060440.875877142,-9.393472060,11.993923411,3.850223362,-9.412767253,12.003011544,3.851107126,0.021346655
1609060440.931124210,-9.431978678,11.981432766,3.848976651,-9.441970379,11.993686888,3.849869016,0.015836474
1609060440.979609013,-9.464833993,11.970659282,3.848568335,-9.471253918,11.984465138,3.849935816,0.015286828
1609060441.028758049,-9.497723205,11.959802452,3.848777397,-9.525211032,11.967515170,3.850990856,0.028635050
1609060441.129243135,-9.562949514,11.937624603,3.849327086,-9.554205702,11.957531856,3.851012649,0.021808119
1609060441.182025194,-9.595732838,11.926331203,3.849608254,-9.605034982,11.941310439,3.854372272,0.018264810
1609060441.228152037,-9.623799407,11.916842918,3.850246243,-9.631794921,11.931376420,3.854889203,0.017225214
1609060441.280858994,-9.655590776,11.903610692,3.851942192,-9.681577607,11.912874056,3.856352544,0.027938800
1609060441.329025030,-9.683989326,11.893551584,3.853496236,-9.705555112,11.904379323,3.859555278,0.024880415
1609060441.378175020,-9.709941551,11.882418993,3.855611585,-9.730187151,11.894131874,3.860117461,0.023819715
1609060441.428585052,-9.738381126,11.870817113,3.857691340,-9.757245286,11.882557490,3.862368963,0.022706235
1609060441.478903055,-9.768025937,11.858418072,3.861712220,-9.781497512,11.871561057,3.863799913,0.018936205
1609060441.537096977,-9.800770642,11.844922345,3.865015670,-9.831071776,11.849777423,3.867460617,0.030784870
1609060441.583423138,-9.827202356,11.833733419,3.868884617,-9.855486184,11.836962246,3.869696983,0.028479118
1609060441.627671003,-9.851682406,11.821973865,3.872362802,-9.876818269,11.824717799,3.871993626,0.025287883
1609060441.680040121,-9.887478594,11.801006106,3.878278258,-9.900562211,11.809902413,3.873792472,0.016445290
1609060441.728864193,-9.916848366,11.783185660,3.881992087,-9.924873037,11.793486411,3.875541122,0.014564194
1609060441.781987190,-9.947994096,11.760375434,3.885125196,-9.951138609,11.774670770,3.878257984,0.016167968
1609060441.830039978,-9.977122357,11.738864057,3.888590458,-9.998583556,11.736797988,3.882856553,0.022309849
1609060441.894683123,-10.009993054,11.707988396,3.886730826,-10.024627760,11.713203178,3.883309320,0.015908340
1609060441.930989981,-10.031941578,11.686287254,3.888509001,-10.049610093,11.689545831,3.885560810,0.018206773
1609060441.978468180,-10.060496751,11.659365304,3.890983100,-10.073495403,11.665859356,3.887333235,0.014981962
1609060442.026913166,-10.090019515,11.628341026,3.893567443,-10.098497308,11.638895118,3.889518407,0.014129986
1609060442.082087994,-10.122767836,11.592235814,3.897409873,-10.125765232,11.608507917,3.891542420,0.017555418
1609060442.129801989,-10.151445382,11.556513152,3.898663206,-10.174657646,11.547086709,3.895820386,0.025214057
1609060442.180477142,-10.181101277,11.516510389,3.899070642,-10.198155769,11.514079188,3.898209529,0.017248419
1609060442.228999138,-10.210637862,11.474171089,3.903090565,-10.225802445,11.476279163,3.901329104,0.015411402
1609060442.280194044,-10.241049829,11.426931868,3.908839718,-10.252962325,11.436877277,3.904898019,0.016011112
1609060442.330140114,-10.271479471,11.378326614,3.912387329,-10.276869282,11.396752684,3.908882968,0.019515396
1609060442.380113125,-10.302764476,11.328115545,3.917438705,-10.328019975,11.309389666,3.915054584,0.031530665
1609060442.429234982,-10.332557462,11.275051588,3.922028306,-10.355793422,11.261056678,3.918665363,0.027332704
1609060442.480772018,-10.362526412,11.218584770,3.926923421,-10.378909022,11.215222607,3.922996779,0.017178841
1609060442.528684139,-10.390506738,11.163325198,3.932441416,-10.403611974,11.165830751,3.927382289,0.014269541
1609060442.580502987,-10.420184917,11.103009133,3.936168776,-10.426366943,11.117451548,3.931767976,0.016314651
1609060442.628773212,-10.447264950,11.044246491,3.941671306,-10.475658597,11.010039092,3.941398524,0.044456943
1609060442.681797981,-10.475498650,10.979601006,3.948452678,-10.499406344,10.957387914,3.946288858,0.032705984
1609060442.728772163,-10.500158910,10.921051564,3.954341573,-10.522223912,10.903445191,3.951238587,0.028398542
1609060442.780261040,-10.532042937,10.843456038,3.957907129,-10.545953130,10.846012357,3.957340473,0.014154481
1609060442.829646111,-10.557742622,10.776199313,3.964122759,-10.567463445,10.790472819,3.963111508,0.017298843
1609060442.881582022,-10.585030596,10.701650481,3.972108126,-10.610120844,10.674202404,3.974890712,0.037291558
1609060442.927739143,-10.608101192,10.635997452,3.978407199,-10.630486107,10.615388554,3.982863305,0.030751714
1609060442.978944063,-10.632632061,10.568092605,3.989026462,-10.650354777,10.557483356,3.988765973,0.020657170
1609060443.029739141,-10.656608044,10.496777507,3.998825850,-10.667640179,10.501225844,3.996540108,0.012112817
1609060443.082411051,-10.680011637,10.422566791,4.008871211,-10.703222800,10.388260227,4.012055141,0.041543181
1609060443.127682209,-10.698718499,10.359298974,4.018046446,-10.719061465,10.333461905,4.020962599,0.033013548
1609060443.179086208,-10.718120710,10.289114615,4.028332336,-10.734504564,10.276022144,4.030612916,0.021096077
1609060443.228727102,-10.736261480,10.222097520,4.039327761,-10.747671477,10.223435635,4.039856132,0.011500337
1609060443.281817198,-10.755061986,10.153054002,4.051047474,-10.761300619,10.169887328,4.049017210,0.018066637
1609060443.328857183,-10.769423816,10.092440213,4.060120665,-10.787473434,10.060306800,4.067649139,0.037616790
1609060443.380503178,-10.783327967,10.027924065,4.068880688,-10.799230244,10.005679393,4.077120370,0.028558715
1609060443.427570105,-10.795382683,9.968999232,4.078520514,-10.809462319,9.951704572,4.086682739,0.023747912
1609060443.482220173,-10.807308623,9.901145090,4.090290264,-10.819844471,9.897426469,4.095459523,0.014060471
1609060443.528699160,-10.816401983,9.845292070,4.099686755,-10.828028378,9.845254000,4.103926195,0.012375273
1609060443.588477135,-10.826381014,9.776648675,4.114215970,-10.843211467,9.745925654,4.120020807,0.035508651
1609060443.632436991,-10.832499791,9.726096027,4.123473829,-10.850036836,9.697952827,4.128303564,0.033509910
1609060443.679489136,-10.840041751,9.672831742,4.132054101,-10.854300629,9.651834597,4.135414555,0.025602506
1609060443.728943110,-10.845256077,9.617210396,4.141560091,-10.858134278,9.604181995,4.144060026,0.018488834
1609060443.781625986,-10.850769509,9.559631805,4.152764230,-10.862472214,9.556853065,4.151824761,0.012064713
1609060443.830082178,-10.853992686,9.508145671,4.161988636,-10.867187144,9.463810251,4.166983835,0.046526070
1609060443.879235983,-10.858432400,9.448688563,4.168592618,-10.869194680,9.421396587,4.174246267,0.029877121
1609060443.928887129,-10.860163091,9.395566689,4.178306745,-10.870814716,9.377569491,4.183476393,0.021542551
1609060443.980231047,-10.859930775,9.342407666,4.187798318,-10.872353538,9.334617832,4.190146337,0.014849907
1609060444.029864073,-10.859378916,9.291586000,4.196859415,-10.871406638,9.291868606,4.197081334,0.012033088
1609060444.080605030,-10.859228246,9.243754605,4.205665112,-10.869179195,9.251399366,4.203475239,0.012738104
1609060444.129366159,-10.857640630,9.196961521,4.214335490,-10.866086532,9.171810422,4.216538048,0.026622591
1609060444.179435015,-10.854947771,9.149595885,4.222029878,-10.863028584,9.136099469,4.222592110,0.015740676
1609060444.228093147,-10.851118403,9.103069119,4.229887951,-10.859069624,9.101361487,4.229006775,0.008180122
1609060444.281483173,-10.846540609,9.054890571,4.239209782,-10.856393835,9.065777780,4.235223115,0.015215482
1609060444.331593037,-10.841752062,9.010042037,4.246663597,-10.846400506,8.990729536,4.248414762,0.019941096
1609060444.387536049,-10.835796025,8.961303544,4.253988101,-10.841249659,8.957035231,4.255177032,0.007026676
1609060444.432651043,-10.831192511,8.925978508,4.261294288,-10.837198822,8.921121633,4.260066668,0.007821257
1609060444.485102177,-10.825373437,8.885892272,4.269023297,-10.831979040,8.887524035,4.265475358,0.007673625
1609060444.534483194,-10.818499111,8.848825608,4.275321632,-10.825267407,8.856433118,4.271192556,0.010987871
1609060444.581612110,-10.809966049,8.814933238,4.281299852,-10.818583687,8.825321304,4.276551078,0.014308265
1609060444.630171061,-10.801482358,8.781162468,4.286835221,-10.805344289,8.766356835,4.285877199,0.015330985
1609060444.679744005,-10.793006166,8.748688340,4.287572487,-10.796832994,8.738668140,4.289594244,0.010914968
1609060444.729159117,-10.783699993,8.717550417,4.291734468,-10.788703236,8.710844542,4.293437971,0.008538333
1609060444.780722141,-10.775912488,8.687277988,4.301442942,-10.780894572,8.683689217,4.298414013,0.006846520
1609060444.830566168,-10.766713646,8.659438601,4.306100522,-10.772921298,8.658979272,4.301243259,0.007895501
1609060444.881223202,-10.758249208,8.631599183,4.312175449,-10.764651357,8.634372535,4.303689530,0.010985892
1609060444.930093050,-10.748547753,8.604995959,4.316024345,-10.748383022,8.588583374,4.309470633,0.017673461
1609060444.979432106,-10.736505489,8.578590798,4.313221064,-10.740321411,8.568639370,4.311621949,0.010777261
1609060445.028347015,-10.726714537,8.556277227,4.314754281,-10.731888316,8.547615868,4.314027655,0.010115093
1609060445.081011057,-10.716906539,8.531903278,4.314437967,-10.723676192,8.528563541,4.315716224,0.007656107
1609060445.129235029,-10.707681606,8.513688803,4.315131529,-10.716229643,8.513025182,4.315118523,0.008573767
1609060445.181812048,-10.699701098,8.496679549,4.323145668,-10.709005259,8.498945440,4.318408096,0.010683925
1609060445.228995085,-10.691390518,8.483465529,4.324990315,-10.695886965,8.475247390,4.317602439,0.011930489
1609060445.280653000,-10.683447704,8.471680735,4.325304602,-10.690046770,8.466669802,4.319224186,0.010277577
1609060445.329303980,-10.677620648,8.464325522,4.325969320,-10.684549583,8.460829567,4.318412402,0.010832306
1609060445.380624056,-10.673678293,8.461285733,4.327075245,-10.681217311,8.456423056,4.317563977,0.013074656
1609060445.430977106,-10.670147775,8.460095589,4.327003182,-10.678549465,8.454829020,4.315612931,0.015101753
1609060445.480096102,-10.668582605,8.462738891,4.326817000,-10.673994686,8.461780235,4.314207553,0.013755282
1609060445.528472185,-10.668277365,8.469587897,4.324980951,-10.674643132,8.468412485,4.312531232,0.014032109
1609060445.578977108,-10.670766166,8.479312381,4.321144115,-10.677512965,8.477178500,4.311037311,0.012337757
1609060445.621975183,-10.675697725,8.490617506,4.319118370,-10.684246471,8.487676918,4.308965039,0.013594787
1609060445.681045055,-10.690008815,8.506454274,4.318829269,-10.695299766,8.500391912,4.306086232,0.015070879
1609060445.731163979,-10.707754314,8.524596126,4.316008154,-10.708852575,8.515727215,4.305406082,0.013866063
1609060445.780709028,-10.727643267,8.542462990,4.310561689,-10.746134887,8.551189793,4.298670423,0.023653737
1609060445.828881025,-10.751000370,8.564437904,4.307711834,-10.768350377,8.572258392,4.297093013,0.021793167
1609060445.880499125,-10.778159554,8.589039030,4.304375261,-10.792578377,8.594063050,4.295049427,0.017891741
1609060445.927330017,-10.807195209,8.614655291,4.301979798,-10.820810407,8.619531360,4.293308938,0.016862191
1609060445.979900122,-10.840178506,8.643674112,4.304554695,-10.851604961,8.647640999,4.292093570,0.017366051
1609060446.029411077,-10.876174182,8.673537991,4.304118494,-10.881415610,8.672701561,4.291343696,0.013833569
1609060446.081185102,-10.924593652,8.709906033,4.313430251,-10.953772397,8.730169906,4.289711959,0.042715115
1609060446.131128073,-10.970611597,8.742817070,4.315147815,-10.993791774,8.759870618,4.288977784,0.038897489
1609060446.178665161,-11.018900904,8.776455059,4.310295226,-11.034327798,8.788470947,4.287095344,0.030341476
1609060446.228984118,-11.071721305,8.811433592,4.309431365,-11.079141575,8.819246099,4.287660674,0.024291123
1609060446.281457186,-11.126208040,8.847446010,4.290341872,-11.124886805,8.846997117,4.286385387,0.004195348
1609060446.328745127,-11.181188830,8.879137265,4.288837500,-11.219196782,8.902671747,4.281085219,0.045371511
1609060446.380972147,-11.243720009,8.913230044,4.285042256,-11.264809517,8.929133632,4.278986669,0.027099107
1609060446.428580046,-11.300710050,8.944013948,4.280502181,-11.316683974,8.957496139,4.275969685,0.021388765
1609060446.480714083,-11.363406744,8.978529811,4.274363340,-11.368412785,8.985004158,4.272898092,0.008314119
1609060446.528998137,-11.420918809,9.009220071,4.269895764,-11.419630348,9.013818649,4.270494245,0.004813028
1609060446.580425978,-11.479405585,9.041535337,4.265115782,-11.516659526,9.068718983,4.262173499,0.046211078
1609060446.628514051,-11.531424010,9.071465251,4.259462069,-11.563119600,9.095208820,4.257390994,0.039656738
1609060446.680069208,-11.585738942,9.103166928,4.253343431,-11.606448684,9.121007864,4.252498149,0.027347887
1609060446.731581211,-11.638769121,9.134347910,4.247140685,-11.649330588,9.148314080,4.248202018,0.017542090
1609060446.780048132,-11.688569253,9.164931250,4.248585648,-11.692640834,9.174227111,4.243259145,0.011461345
1609060446.829411983,-11.735420934,9.193384480,4.244126823,-11.735750319,9.199356664,4.239086918,0.007821516
1609060446.880906105,-11.783092150,9.224019815,4.235823625,-11.817039114,9.251696887,4.229726058,0.044222132
1609060446.930359125,-11.824987621,9.252643228,4.231078226,-11.854441348,9.276882011,4.224579134,0.038694687
1609060446.979737997,-11.865724376,9.281044142,4.220127546,-11.890800431,9.302618882,4.220096648,0.033079887
1609060447.028401136,-11.904670671,9.311440041,4.215130626,-11.925569533,9.330045440,4.215541429,0.027983782
1609060447.082936049,-11.946482954,9.343448736,4.214716953,-11.955594171,9.355604054,4.210560634,0.015749319
1609060447.130169153,-11.975804842,9.370955336,4.210269726,-12.007855030,9.405438105,4.201178190,0.047947179
1609060447.180736065,-12.004470945,9.402428672,4.200554622,-12.030735744,9.430845558,4.196537362,0.038903695
1609060447.229449034,-12.028412276,9.431182134,4.194738633,-12.051658063,9.455754064,4.192369416,0.033908104
1609060447.281094074,-12.055907771,9.465335783,4.189881587,-12.071835642,9.481591532,4.188326726,0.022811490
1609060447.330182076,-12.077752089,9.494876002,4.185001391,-12.091152186,9.506412782,4.185498864,0.017689188
1609060447.375482082,-12.097914693,9.524224993,4.183408900,-12.123978913,9.556675436,4.177846500,0.041991846
1609060447.423263073,-12.114927064,9.554701830,4.180915052,-12.137752105,9.582668600,4.176404410,0.036379508
1609060447.477159977,-12.131445886,9.589920197,4.177693475,-12.148720240,9.606702616,4.172307402,0.024679195
1609060447.528703213,-12.145550106,9.622468032,4.173615814,-12.159652369,9.633535533,4.167288206,0.019010577
1609060447.581300020,-12.159221074,9.653907688,4.169003693,-12.168241861,9.657991014,4.164941006,0.010702970
1609060447.628663063,-12.169480541,9.683963928,4.164848440,-12.184239516,9.708765045,4.159338568,0.029381651
1609060447.681246996,-12.179344075,9.718223882,4.160261698,-12.190399582,9.733236365,4.155138946,0.019334980
1609060447.728794098,-12.186761642,9.748125059,4.156203787,-12.197005013,9.759302400,4.151966027,0.015742243
1609060447.778280020,-12.193660779,9.778856836,4.151610446,-12.201710420,9.787162588,4.149457900,0.011765019
1609060447.830143213,-12.199545524,9.812147508,4.147718221,-12.205603751,9.813767714,4.144889103,0.006879760
1609060447.882296085,-12.207193253,9.847093663,4.145928554,-12.215940604,9.871106439,4.139471222,0.026359565
1609060447.928719997,-12.212775413,9.878925248,4.142849643,-12.219605768,9.898439333,4.134570997,0.022270816
1609060447.979175091,-12.218196874,9.912665512,4.131989029,-12.225640223,9.926629612,4.131997840,0.015824020
1609060448.028673172,-12.224781337,9.944544845,4.127238518,-12.231086071,9.951969307,4.130260604,0.010198300
1609060448.081704140,-12.233057750,9.979501563,4.122969555,-12.239608534,9.980692273,4.125477221,0.007114699
1609060448.130548000,-12.242441461,10.013520440,4.118751576,-12.254955532,10.037082020,4.121273354,0.026797562
1609060448.182169199,-12.254700173,10.047715992,4.122967095,-12.264050884,10.064378203,4.119192763,0.019475899
1609060448.228177071,-12.264240956,10.077080498,4.120922710,-12.272376535,10.093256339,4.116382381,0.018667085
1609060448.279637098,-12.276421277,10.111761753,4.117337211,-12.283666020,10.121992820,4.114404987,0.012874741
1609060448.330150127,-12.289971965,10.143792392,4.115553360,-12.295017452,10.148043479,4.113725377,0.006846182
1609060448.380889177,-12.308195575,10.180516316,4.113347425,-12.322679614,10.203464141,4.112076686,0.027166244
1609060448.430328131,-12.326838978,10.214790994,4.112959271,-12.339148587,10.232592940,4.111562189,0.021688421
1609060448.481029034,-12.347541272,10.252285330,4.113228227,-12.355979273,10.260904486,4.111095664,0.012248981
1609060448.528560162,-12.367303769,10.283580558,4.115594548,-12.373568396,10.290064334,4.112586442,0.009504399
1609060448.582046986,-12.391848011,10.319677746,4.116816490,-12.392242588,10.315744240,4.112371686,0.005948483
1609060448.629378080,-12.413638449,10.350490801,4.116642705,-12.432918091,10.369737257,4.114337638,0.027339422
1609060448.682945013,-12.439313587,10.385558861,4.115901631,-12.454346120,10.396261479,4.115780236,0.018453667
1609060448.728159189,-12.462927539,10.414342928,4.116969938,-12.475441418,10.421038557,4.116403035,0.014203873
1609060448.781961203,-12.493675072,10.447124924,4.118265890,-12.500005318,10.446947196,4.118883325,0.006362769
1609060448.830974102,-12.522382527,10.475090300,4.120503508,-12.523574585,10.470061022,4.120193754,0.005177894
1609060448.882435083,-12.552684652,10.502702049,4.123101502,-12.572886452,10.515109288,4.121854327,0.023740425
1609060448.929800034,-12.580579728,10.528519020,4.124993638,-12.599425823,10.538243207,4.123723934,0.021244935
1609060448.980499029,-12.612172979,10.554968607,4.127466910,-12.624608681,10.559193484,4.124953707,0.013372077
1609060449.029496193,-12.642508121,10.579213892,4.129728921,-12.652554709,10.583523525,4.126282791,0.011462229
1609060449.081385136,-12.676067801,10.603765544,4.134219533,-12.682939484,10.604695444,4.128546873,0.008959007
1609060449.129601002,-12.705726850,10.625956956,4.137076660,-12.710736261,10.624208179,4.130713865,0.008284780
1609060449.182257175,-12.738727658,10.649939023,4.141381951,-12.767039277,10.663093965,4.135610724,0.031747556
1609060449.229597092,-12.769036972,10.669211002,4.144508097,-12.792593344,10.680557555,4.136993587,0.027205051
1609060449.281344175,-12.803661061,10.690226211,4.145289089,-12.821144240,10.697588871,4.138063289,0.020299815
1609060449.328800201,-12.834353383,10.708446703,4.148341721,-12.850144373,10.716092455,4.141037690,0.019004256
1609060449.380174160,-12.873118388,10.729948642,4.151804988,-12.881815983,10.733346003,4.142872568,0.012922010
1609060449.429436207,-12.908111831,10.747664099,4.154688348,-12.912384404,10.748204934,4.144857782,0.010732540
1609060449.481356144,-12.947227162,10.766634238,4.153964539,-12.971840194,10.776922984,4.147379562,0.027477656
1609060449.530636072,-12.981501020,10.781527320,4.155752100,-13.001146482,10.790040247,4.148723499,0.022534759
1609060449.580252171,-13.014757360,10.796441853,4.153089413,-13.029499540,10.801588080,4.149456160,0.016031719
1609060449.629147053,-13.048225841,10.809990812,4.155414191,-13.057782111,10.814609535,4.150434557,0.011723977
1609060449.680668116,-13.084688684,10.824474661,4.155622851,-13.088774447,10.824323268,4.151041214,0.006140666
1609060449.730679035,-13.120066896,10.836607886,4.154755441,-13.115796077,10.835964348,4.151233898,0.005572728
1609060449.780331135,-13.156220163,10.847442871,4.153576188,-13.177453511,10.853978993,4.151955481,0.022275607
1609060449.829497099,-13.191308512,10.857307125,4.153323221,-13.207514554,10.862970596,4.152216333,0.017202787
1609060449.881090164,-13.227854487,10.866945597,4.153951882,-13.237319647,10.870305895,4.152932812,0.010095512
1609060449.932608128,-13.263479701,10.876411215,4.152531793,-13.269759377,10.877400723,4.152277593,0.006362238
1609060449.981177092,-13.296945869,10.884268632,4.151428257,-13.302207454,10.884130604,4.152990028,0.005490214
1609060450.029534101,-13.330996433,10.889763199,4.152829324,-13.331559016,10.889898523,4.153208877,0.000692006
1609060450.083388090,-13.369282202,10.894438210,4.156498169,-13.394222629,10.896181438,4.154714288,0.025064835
1609060450.135148048,-13.406190427,10.898249986,4.157219005,-13.424725471,10.898459132,4.153499124,0.018905795
1609060450.181058168,-13.438727062,10.901368278,4.152987616,-13.453131565,10.901180662,4.155647510,0.014649230
1609060450.228619099,-13.472784399,10.903035232,4.153677983,-13.485855793,10.901615493,4.156144239,0.013377572
1609060450.282606125,-13.513070883,10.906040787,4.160604013,-13.518695374,10.903315601,4.156738835,0.007348547
1609060450.330546141,-13.549419754,10.908467678,4.163217454,-13.581498267,10.907478475,4.156779562,0.032733102
1609060450.379955053,-13.586791687,10.909929969,4.162698522,-13.611913175,10.907490066,4.160075553,0.025375624
1609060450.428682089,-13.621118898,10.910101763,4.164547578,-13.644110414,10.907383925,4.160692907,0.023470300
1609060450.482573032,-13.666126065,10.911089187,4.163513177,-13.676141387,10.908629688,4.160553072,0.010729307
1609060450.531778097,-13.705003362,10.912189361,4.163786877,-13.710102204,10.909696283,4.161543229,0.006103080
1609060450.581305027,-13.747323013,10.915093989,4.163900940,-13.782273074,10.909636588,4.162177724,0.035415526
1609060450.629453182,-13.787057846,10.915686179,4.164603868,-13.817640933,10.911812412,4.164140068,0.030830932
1609060450.681060076,-13.833296771,10.919849866,4.166925418,-13.855848101,10.915112950,4.165378286,0.023095334
1609060450.728013039,-13.875956877,10.924909283,4.169140747,-13.894317255,10.917821763,4.165572428,0.020001733
1609060450.781613111,-13.925834697,10.933076348,4.171126217,-13.933096969,10.924568179,4.168173111,0.011569372
1609060450.828855038,-13.969198787,10.940796363,4.171901818,-13.970779122,10.930731312,4.166718219,0.011431204
1609060450.881541014,-14.018204934,10.952364965,4.171319993,-14.053824496,10.949161480,4.169715153,0.035799316
1609060450.930435181,-14.065772350,10.964695275,4.174697426,-14.093313337,10.960139577,4.170801788,0.028185747
1609060450.980435133,-14.115340959,10.979474711,4.179531973,-14.133494858,10.973869229,4.168965540,0.021740170
1609060451.032390118,-14.167862013,10.998901176,4.178567951,-14.177736031,10.990678875,4.170095946,0.015390819
1609060451.090063095,-14.226038479,11.021383871,4.178092296,-14.269042677,11.026748210,4.173653960,0.043564159
1609060451.134982109,-14.272186111,11.041503210,4.178339580,-14.312831816,11.046805931,4.173356386,0.041291941
1609060451.179135084,-14.318997265,11.061609249,4.171031885,-14.354738938,11.068656401,4.175284457,0.036677158
1609060451.228018999,-14.370512503,11.087953520,4.170998968,-14.400201626,11.091950462,4.176851653,0.030523328
1609060451.280712128,-14.426344895,11.115475546,4.175626222,-14.446085861,11.114829169,4.178296050,0.019931170
1609060451.330120087,-14.478947056,11.144040725,4.175937852,-14.490253687,11.139446243,4.179780274,0.012795053
1609060451.380979061,-14.531782726,11.171854863,4.181860787,-14.534993030,11.165670777,4.180257504,0.007149789
1609060451.428116083,-14.578184924,11.196537508,4.182799348,-14.621078292,11.215528269,4.183157972,0.046910752
1609060451.479802132,-14.631282476,11.227849489,4.183015530,-14.660264882,11.239860405,4.182926150,0.031372758
1609060451.530027151,-14.681647367,11.257192594,4.182668835,-14.707257889,11.269393241,4.183770822,0.028389594
1609060451.579686165,-14.736515397,11.287629669,4.184570846,-14.755177788,11.298785816,4.183758358,0.021757862
1609060451.630514145,-14.787317992,11.316696731,4.184073361,-14.795506789,11.323102111,4.182418996,0.010527213
1609060451.684009075,-14.840616232,11.351755037,4.182384178,-14.876474146,11.375267089,4.181839396,0.042882437
1609060451.728813171,-14.882573215,11.376374521,4.181803911,-14.913363349,11.397416207,4.181518496,0.037294321
1609060451.780947208,-14.929616852,11.405267200,4.180189231,-14.950218181,11.419476056,4.181270781,0.025049473
1609060451.828563213,-14.970707357,11.429015564,4.179917377,-14.983707903,11.439773782,4.180938636,0.016905514
1609060451.881102085,-15.013557103,11.453681870,4.179344330,-15.017127016,11.459528257,4.180442560,0.006937624
1609060451.930507183,-15.050510091,11.473773981,4.178983829,-15.077968808,11.492242523,4.179537506,0.033096446
1609060451.979911089,-15.085407536,11.492775679,4.178996866,-15.104692095,11.506758629,4.179124941,0.023820863
1609060452.030478001,-15.117689339,11.510024831,4.178780607,-15.132041879,11.520645398,4.178869324,0.017854964
1609060452.079850197,-15.147016674,11.526188489,4.178900030,-15.157452685,11.532543745,4.178256272,0.012235768
1609060452.141802073,-15.184767194,11.545261366,4.177988137,-15.182997355,11.544575081,4.177997091,0.001898262
1609060452.179795027,-15.206341054,11.555752507,4.178488492,-15.228089147,11.565679584,4.178021932,0.023911170
1609060452.229011059,-15.232178963,11.567432379,4.179485575,-15.249951686,11.573836163,4.178290366,0.018928991
1609060452.279659033,-15.256895887,11.578731082,4.178735944,-15.269802345,11.581464387,4.178299905,0.013199914
1609060452.328589201,-15.278279790,11.586597470,4.179590720,-15.289020485,11.588111444,4.179472105,0.010847521
1609060452.381144047,-15.300925804,11.594550815,4.177727915,-15.307897717,11.594071406,4.180569180,0.007543884
1609060452.430617094,-15.321485527,11.601680404,4.178900511,-15.343051780,11.604933488,4.181016165,0.021912595
1609060452.479754210,-15.340726217,11.607645957,4.181668863,-15.361310564,11.610027707,4.183685538,0.020819584
1609060452.529028177,-15.359911192,11.613929468,4.183939339,-15.378972753,11.614796867,4.186707954,0.019281098
1609060452.579004049,-15.380783129,11.620387414,4.187942478,-15.395855737,11.619722366,4.188574433,0.015100502
1609060452.630564213,-15.401997224,11.626158669,4.191312815,-15.414360477,11.624633989,4.191786932,0.012465933
1609060452.681979179,-15.427273079,11.634017675,4.190910376,-15.432051889,11.628544138,4.193135324,0.007599147
1609060452.729056120,-15.447783863,11.639180074,4.194154442,-15.469769155,11.639381424,4.201674956,0.023236861
1609060452.779504061,-15.472839631,11.645756348,4.197483724,-15.488116577,11.643879426,4.205757500,0.017474646
1609060452.830963135,-15.497597930,11.652938832,4.202692472,-15.509062661,11.649362499,4.209759100,0.013934398
1609060452.880644083,-15.524214769,11.661552978,4.212322161,-15.528778960,11.654603117,4.213521439,0.008400636
1609060452.931265116,-15.550075602,11.669367086,4.219255085,-15.571133702,11.666036633,4.224265380,0.021900652
1609060452.979619980,-15.575207529,11.676054165,4.225233833,-15.592154262,11.671047268,4.228759555,0.018019199
1609060453.028874159,-15.601569333,11.683241392,4.231283165,-15.614782549,11.678399776,4.234691544,0.014479205
1609060453.081588984,-15.631001292,11.691150547,4.237522927,-15.637368339,11.685097509,4.238526268,0.008842243
1609060453.129861116,-15.659326699,11.701064297,4.243430757,-15.662925472,11.692032076,4.244768319,0.009814339
1609060453.181578159,-15.690647371,11.711579879,4.249800688,-15.714336895,11.711202479,4.255513575,0.024371562
1609060453.228747129,-15.720007572,11.721456576,4.255026184,-15.740681646,11.720629227,4.261099146,0.021563458
1609060453.280352116,-15.753887213,11.733788366,4.259655431,-15.768381796,11.729234108,4.266986352,0.016869399
1609060453.330042124,-15.786183956,11.745119810,4.266308563,-15.796162682,11.738440477,4.272444573,0.013484772
1609060453.383922100,-15.819306361,11.756144829,4.276103627,-15.821796327,11.748079227,4.279367836,0.009050356
1609060453.429046154,-15.847817719,11.766182167,4.282662850,-15.876571447,11.766226052,4.287474839,0.029153628
1609060453.481620073,-15.881507133,11.776588915,4.289878475,-15.904351310,11.775736265,4.298611467,0.024471383
1609060453.530162096,-15.911281957,11.786399072,4.296634296,-15.930894707,11.787284551,4.303854233,0.020918210
1609060453.580815077,-15.943822884,11.798291818,4.300995517,-15.958363550,11.796486472,4.308190326,0.016323466
1609060453.629384041,-15.973710754,11.808520593,4.307103879,-15.986488409,11.806501419,4.315149195,0.015233931
1609060453.682363987,-16.004922697,11.818753733,4.318044111,-16.013924670,11.816059434,4.322242293,0.010291720
1609060453.732746124,-16.034742246,11.828448929,4.325213876,-16.040033231,11.824962814,4.327118496,0.006616275
1609060453.780745029,-16.068113174,11.838992976,4.331642906,-16.090585540,11.841230891,4.339523508,0.023919018
1609060453.828164101,-16.095292266,11.847277255,4.338916553,-16.113119661,11.848882228,4.346129680,0.019298217
1609060453.880906105,-16.128053793,11.856066078,4.346709650,-16.136748990,11.856985522,4.352048164,0.010244587
1609060453.931298018,-16.156573636,11.862084549,4.355368873,-16.162288919,11.862648268,4.359047990,0.006820421
1609060453.980770111,-16.182564516,11.868939324,4.362414534,-16.205893276,11.872385300,4.372850172,0.025787755
1609060454.029380083,-16.208450205,11.872843316,4.370206351,-16.226330925,11.875060733,4.378820884,0.019971161
1609060454.081245184,-16.233759486,11.875858580,4.378551455,-16.244493816,11.876505886,4.384554122,0.012315716
1609060454.129816055,-16.255390683,11.876646800,4.386539311,-16.262505686,11.877192280,4.390092535,0.007971587
1609060454.181892157,-16.277584726,11.875517457,4.395791004,-16.279026159,11.876745015,4.396135982,0.001924484
1609060454.230159998,-16.296121329,11.873066897,4.401543223,-16.311902462,11.871299927,4.407340676,0.016904934
1609060454.280667067,-16.314774573,11.870454530,4.406944467,-16.325084084,11.869477109,4.412352823,0.011682966
1609060454.327840090,-16.330105370,11.867704448,4.414056560,-16.338319818,11.867320173,4.417771121,0.009023458
1609060454.380474091,-16.345952193,11.865814924,4.422324319,-16.352058222,11.863918699,4.423283675,0.006465263
1609060454.430658102,-16.360148402,11.860377327,4.429584454,-16.364199007,11.859026064,4.428745014,0.004351777
1609060454.483566999,-16.375636902,11.852608856,4.434254211,-16.387558412,11.846547505,4.439052163,0.014208545
1609060454.531413078,-16.387923235,11.844772085,4.440777162,-16.398453520,11.838850004,4.443082946,0.012299373
1609060454.578727007,-16.398754531,11.839043647,4.444378354,-16.407805552,11.830139144,4.447844058,0.013161393
1609060454.627688169,-16.406819276,11.828377903,4.450366119,-16.415417812,11.821380331,4.454084266,0.011692966
1609060454.680584192,-16.418127462,11.814860017,4.453407769,-16.423564531,11.810056218,4.458538233,0.008885936
1609060454.731364012,-16.425832472,11.801533727,4.459404300,-16.430576477,11.797607045,4.462358244,0.006830095
1609060454.781885147,-16.432239433,11.787140865,4.466307758,-16.441101018,11.772282692,4.473168483,0.018610818
1609060454.831376076,-16.436656133,11.771204266,4.471902399,-16.445576225,11.758235358,4.480034833,0.017717141
1609060454.881854057,-16.441695598,11.753255674,4.479027645,-16.447891870,11.743078402,4.484318096,0.013036853
1609060454.934195042,-16.443942865,11.733276042,4.484899007,-16.449339954,11.728654893,4.488485993,0.007959275
1609060454.985146046,-16.446773705,11.710393824,4.491657203,-16.452291104,11.711356378,4.495191672,0.006622739
1609060455.032769203,-16.446781411,11.688689763,4.497229662,-16.451885256,11.677209674,4.503218143,0.013917744
1609060455.088777065,-16.447212631,11.661936181,4.503360556,-16.450795112,11.658726875,4.507904414,0.006616681
1609060455.134570122,-16.445605302,11.641263454,4.511290440,-16.448764892,11.638146958,4.512902542,0.004721698
1609060455.183914185,-16.442712349,11.616237548,4.516469310,-16.445223275,11.617394316,4.517028021,0.002820465
1609060455.233921051,-16.438001507,11.589305732,4.520404028,-16.441573479,11.597021454,4.521185369,0.008538257
1609060455.281438112,-16.432540187,11.563147183,4.525086146,-16.431255860,11.549690102,4.529829753,0.014326351
1609060455.329286098,-16.425055504,11.535801573,4.529840786,-16.431255808,11.549689206,4.529826815,0.015208889
1609060455.380719185,-16.415786606,11.506761954,4.534608218,-16.415795333,11.500663656,4.540816087,0.008702124
1609060455.428884983,-16.405970443,11.476713304,4.541133598,-16.407432843,11.472806416,4.546400200,0.006718593
1609060455.480583191,-16.394679270,11.443325290,4.548755159,-16.397893514,11.445595310,4.552441449,0.005391947
1609060455.532083988,-16.382349314,11.409783927,4.555262026,-16.388513102,11.417471797,4.558676906,0.010428664
1609060455.580499172,-16.371995438,11.378551288,4.560258295,-16.365968706,11.357033524,4.572077005,0.025278797
1609060455.628786087,-16.358606639,11.344966442,4.566815472,-16.353860533,11.326786666,4.578735111,0.022251013
1609060455.680741072,-16.343588830,11.309305784,4.579614145,-16.340782622,11.296881673,4.586335830,0.014401888
1609060455.731168985,-16.327971191,11.273542800,4.589506362,-16.327714231,11.266051679,4.594105581,0.008794074
1609060455.779289007,-16.313813353,11.241187284,4.597473108,-16.314509837,11.234181419,4.602571278,0.008692444
1609060455.829546213,-16.296226169,11.204355835,4.607517756,-16.299793202,11.202781824,4.610427676,0.004865066
1609060455.880892038,-16.279302346,11.168506697,4.617334183,-16.269110843,11.136057388,4.627673649,0.035548965
1609060455.928446054,-16.262409703,11.133935179,4.626740821,-16.253209242,11.103537868,4.636069117,0.033100786
1609060455.979711056,-16.244289257,11.088396630,4.636938857,-16.238871051,11.071772141,4.644312498,0.018976332
1609060456.029316187,-16.226172293,11.049926776,4.646790364,-16.223415436,11.039899689,4.652542963,0.011884239
1609060456.081103086,-16.206363825,11.009271458,4.657472789,-16.208156652,11.007679533,4.660683008,0.004006739
1609060456.132400036,-16.185964004,10.968529702,4.666919790,-16.191639183,10.975816571,4.668562270,0.009381037
1609060456.179992199,-16.167354468,10.938088303,4.675745730,-16.157796425,10.907496719,4.685450575,0.033487090
1609060456.229928017,-16.147694911,10.898123234,4.683672115,-16.140728603,10.875105786,4.693610322,0.026021151
1609060456.280745983,-16.126530459,10.857579268,4.692286471,-16.123735753,10.841431982,4.701016051,0.018567466
1609060456.328821182,-16.105989918,10.818928455,4.700144700,-16.104808157,10.804810708,4.706757848,0.015634611
1609060456.375164032,-16.086360929,10.781714541,4.707259745,-16.084498735,10.768000893,4.712347292,0.014745001
1609060456.426805019,-16.063951852,10.740572342,4.713510673,-16.066081783,10.734851889,4.717837341,0.007481994
1609060456.485151052,-16.039275266,10.694358740,4.720705382,-16.028463984,10.667867936,4.724941724,0.028923920
1609060456.528421164,-16.019265506,10.659839603,4.725343366,-16.008864522,10.634156633,4.728401650,0.027877384
1609060456.579080105,-15.996648393,10.619872705,4.730572118,-15.990670922,10.602741379,4.732610770,0.018258384
1609060456.627412081,-15.973332628,10.580812434,4.735174632,-15.972014553,10.570677111,4.735667267,0.010232535
1609060456.680670023,-15.948670758,10.538604698,4.740107851,-15.951357619,10.537472364,4.739038063,0.003105777
1609060456.726881981,-15.925132495,10.501133215,4.744058369,-15.911276502,10.472812250,4.743935631,0.031529044
1609060456.779075146,-15.898648218,10.460507657,4.745703418,-15.888008207,10.438981291,4.746652244,0.024031116
1609060456.827740192,-15.872020954,10.421873222,4.748485437,-15.864701641,10.407843630,4.748150770,0.015827628
1609060456.878676176,-15.845595185,10.385354614,4.746550100,-15.844909246,10.374689299,4.749419130,0.011065748
1609060456.929023027,-15.816279743,10.346101644,4.747566143,-15.794618072,10.309735200,4.751027926,0.042470345
1609060456.978980064,-15.787557469,10.308760012,4.751372823,-15.769524894,10.277798990,4.751943189,0.035834118
1609060457.027249098,-15.757822914,10.271616476,4.751907008,-15.742994135,10.244474693,4.751847094,0.030928509
1609060457.078922987,-15.723509296,10.227508117,4.753309291,-15.715706132,10.211430291,4.751787177,0.017936072
1609060457.129274130,-15.688820971,10.187772434,4.753355955,-15.687956111,10.179245100,4.751378746,0.008796179
1609060457.172206163,-15.658475642,10.154007072,4.748150242,-15.658115731,10.146042593,4.750561221,0.008329182
1609060457.221413136,-15.622764273,10.116267169,4.746544129,-15.599416833,10.084237104,4.748321554,0.039676029
1609060457.273039103,-15.585069414,10.078489340,4.743547567,-15.569527710,10.054360553,4.746943220,0.028901096
1609060457.322131157,-15.547906856,10.042589206,4.741697270,-15.534038794,10.020919174,4.745053148,0.025945622
1609060457.371599197,-15.509054864,10.006177901,4.739513175,-15.498056509,9.988150154,4.742591255,0.021340996
1609060457.428241014,-15.462501121,9.965546148,4.736002542,-15.463250915,9.958568815,4.740408152,0.008285818
1609060457.479582071,-15.420542011,9.930414429,4.732692358,-15.396926107,9.904329613,4.735617078,0.035308392
1609060457.528037071,-15.378839212,9.897388913,4.728995981,-15.361904715,9.873572028,4.733535370,0.029574098
1609060457.578487158,-15.335523179,9.865321543,4.724360478,-15.323927748,9.850318176,4.730504218,0.019932400
1609060457.627092123,-15.291882381,9.834842080,4.720807105,-15.288387265,9.824531773,4.728201030,0.013160105
1609060457.679813147,-15.245476590,9.804144358,4.716870883,-15.249872115,9.800057096,4.724672320,0.009843210
1609060457.727046013,-15.200545069,9.776029297,4.713429062,-15.175087915,9.752918041,4.718819197,0.034803023
1609060457.778679132,-15.153301922,9.746656639,4.711361150,-15.134251350,9.728387234,4.716406481,0.026872864
1609060457.827083111,-15.106365226,9.719786786,4.708530830,-15.095036583,9.707495415,4.713090766,0.017326539
1609060457.879731178,-15.058491968,9.694571231,4.708098572,-15.056877904,9.685121436,4.710308076,0.009837974
1609060457.929150105,-15.009949403,9.669389514,4.706210042,-14.973025071,9.643731436,4.704484350,0.044996904
1609060457.979729176,-14.963125847,9.646579388,4.704781108,-14.933762500,9.624220366,4.702403646,0.036983568
1609060458.026831150,-14.916407104,9.624624530,4.702889014,-14.892711920,9.603785413,4.699819938,0.031704097
1609060458.078697205,-14.866722756,9.602311915,4.700103168,-14.850685751,9.584674961,4.697362222,0.023995009
1609060458.137619019,-14.807970093,9.576704356,4.697726828,-14.806188932,9.568063047,4.694107117,0.009536617
1609060458.180298090,-14.762939328,9.555340294,4.695137637,-14.763728855,9.548085407,4.692951004,0.007618274
1609060458.226857185,-14.714957137,9.536008499,4.693571501,-14.679593987,9.513467176,4.688524362,0.042239048
1609060458.276430130,-14.660361455,9.516029648,4.687887164,-14.637982999,9.499937012,4.686689639,0.027589896
1609060458.327916145,-14.605012619,9.496078922,4.685025438,-14.591029902,9.482827091,4.683881660,0.019298591
1609060458.378300190,-14.555086994,9.480418193,4.680031299,-14.544414528,9.465144476,4.681151132,0.018666601
1609060458.428943157,-14.503634167,9.462960582,4.677074346,-14.500511561,9.451156009,4.677758356,0.012229737
1609060458.480785131,-14.449057712,9.445032562,4.672282062,-14.417867952,9.425696358,4.671379646,0.036708368
1609060458.527002096,-14.400816672,9.430000685,4.667682763,-14.374465707,9.412427499,4.667098710,0.031678562
1609060458.579663992,-14.348297491,9.414582213,4.662067882,-14.332550712,9.400114999,4.663915977,0.021463382
1609060458.628001213,-14.298874720,9.399962832,4.658450625,-14.290927671,9.390786726,4.660172111,0.012260507
1609060458.680536985,-14.246034486,9.384251602,4.657017373,-14.248446230,9.378475039,4.656425264,0.006287749
1609060458.733805180,-14.192304819,9.370155806,4.652043044,-14.165542234,9.355061536,4.649115840,0.030864890
1609060458.778982162,-14.147211413,9.357956489,4.648078439,-14.121778656,9.344435045,4.645939506,0.028883033
1609060458.827742100,-14.097249529,9.344706408,4.644342447,-14.081514865,9.334229124,4.641827115,0.019070397
1609060458.879104137,-14.048440204,9.332451885,4.639574953,-14.040624282,9.322846915,4.638355848,0.012443083
1609060458.930878162,-13.996243694,9.319123411,4.635462610,-13.997629350,9.312952424,4.634649096,0.006376749
1609060458.980327129,-13.948774127,9.308670664,4.633982628,-13.912954275,9.292428719,4.628690753,0.039684588
1609060459.026729107,-13.902699761,9.297154585,4.631043017,-13.874373684,9.282950993,4.624899749,0.032277677
1609060459.080546141,-13.850857377,9.284610899,4.628745082,-13.832300750,9.272429398,4.621580870,0.023325164
1609060459.127784014,-13.803647769,9.272986605,4.625225043,-13.787354526,9.264045380,4.617573826,0.020098666
1609060459.181243181,-13.754100626,9.261745350,4.618648256,-13.744319587,9.253481224,4.613787054,0.013696561
1609060459.227688074,-13.708012532,9.250827314,4.614611504,-13.664241669,9.233885836,4.605778938,0.047758940
1609060459.279424191,-13.652067435,9.237486453,4.608839884,-13.622607463,9.225626790,4.602073035,0.032470476
1609060459.328384161,-13.601576980,9.225790138,4.604429481,-13.580473672,9.216612176,4.598149290,0.023854253
1609060459.388609171,-13.539746987,9.212193733,4.598381576,-13.536532121,9.205174913,4.593804835,0.008974729
1609060459.433518171,-13.491620896,9.201796699,4.594479940,-13.493376982,9.196349766,4.589960429,0.007292387
1609060459.486275196,-13.440821157,9.194286823,4.588138916,-13.409527913,9.180518904,4.582862162,0.034592873
1609060459.533322096,-13.392971796,9.184862537,4.585767156,-13.367717740,9.170520362,4.579214058,0.029772611
1609060459.579319000,-13.344066670,9.175041927,4.581926933,-13.325809469,9.161142178,4.576396402,0.023603287
1609060459.627422094,-13.292755520,9.165333977,4.577886458,-13.283693429,9.154927585,4.573967391,0.014344811
1609060459.680034161,-13.239490428,9.155991536,4.572611880,-13.239950782,9.146375315,4.571436840,0.009698678
1609060459.728425026,-13.188179347,9.146535913,4.569369982,-13.153327753,9.129485623,4.566198986,0.038928154
1609060459.779250145,-13.136926527,9.137061015,4.566762353,-13.107856376,9.122257533,4.564577931,0.032695389
1609060459.827799082,-13.085522962,9.128177165,4.563618927,-13.062401589,9.114716482,4.562959683,0.026762333
1609060459.879274130,-13.032404727,9.118506925,4.560475974,-13.018979636,9.106370167,4.560599393,0.018098320
1609060459.927618980,-12.980554900,9.110043720,4.557110302,-12.972395304,9.099800095,4.557925888,0.013121587
1609060459.983558178,-12.922630741,9.100857084,4.553138862,-12.877701363,9.087123260,4.554346828,0.046997087
1609060460.025993109,-12.876557152,9.093780173,4.550261734,-12.835885915,9.078790160,4.552778567,0.043418711
1609060460.077687025,-12.820757399,9.086394941,4.545884213,-12.792757934,9.072175797,4.550619857,0.031758155
1609060460.131011009,-12.761585941,9.078257020,4.542455856,-12.743829666,9.067022551,4.549023320,0.022014317
1609060460.180317163,-12.710561596,9.072158703,4.540887224,-12.697677069,9.062403164,4.548077305,0.017688381
1609060460.228507996,-12.656702189,9.065487332,4.539066653,-12.608208510,9.049923071,4.546428084,0.051459438
1609060460.278956175,-12.602973832,9.059713407,4.542606339,-12.560107199,9.045792253,4.546281530,0.045220059
1609060460.329240084,-12.546528717,9.053588886,4.542139373,-12.512095174,9.041133180,4.546099615,0.036830653
1609060460.378509045,-12.483060320,9.043169555,4.540700309,-12.464203452,9.036152406,4.545371042,0.020655208
1609060460.428874016,-12.422554419,9.036741311,4.540308098,-12.418819552,9.031225254,4.544377065,0.007805934
1609060460.480195045,-12.362278965,9.031170015,4.541140664,-12.320331795,9.023729339,4.545093707,0.042784990
1609060460.526538134,-12.305310847,9.026039535,4.541251601,-12.272813456,9.018982064,4.544770325,0.033440540
1609060460.578445196,-12.246819232,9.022957577,4.540464020,-12.225891787,9.013911162,4.544275166,0.023115372
1609060460.625929117,-12.192127285,9.018718223,4.541080339,-12.179492860,9.011670397,4.543949672,0.014749021
1609060460.680358171,-12.126276369,9.013991422,4.541240652,-12.128949837,9.009682358,4.544934256,0.006273609
1609060460.727480173,-12.068961776,9.011122081,4.541283526,-12.035764900,9.003080532,4.545133176,0.034373229
1609060460.778958082,-12.010365267,9.010222767,4.541265616,-11.984997027,9.000636505,4.545347657,0.027424570
1609060460.828413010,-11.950829837,9.007773688,4.541061057,-11.935488093,8.999456692,4.546147266,0.018177213
1609060460.880685091,-11.890637260,9.005906314,4.540792992,-11.888334369,8.998749550,4.545921481,0.009100768
1609060460.929251194,-11.833507381,9.004706987,4.541885275,-11.792142997,8.995483228,4.547982001,0.042816587
1609060460.978983164,-11.775933209,9.004251866,4.543369917,-11.742670188,8.995525958,4.550137293,0.035048072
1609060461.027152061,-11.717607536,9.003695844,4.545347321,-11.693399797,8.994243896,4.553348213,0.027191326
1609060461.079848051,-11.658497220,9.003333951,4.551059243,-11.645428207,8.992801260,4.555419568,0.017342120
1609060461.127817154,-11.600936684,9.003541388,4.554146000,-11.599227557,8.992951808,4.557512231,0.011242412
1609060461.179355145,-11.544066776,9.004020434,4.556963564,-11.497081332,8.995387205,4.563185410,0.048175470
1609060461.226543188,-11.487743053,9.005113852,4.560037800,-11.450138308,8.995223896,4.566043509,0.039344588
1609060461.278989077,-11.429868536,9.007423039,4.566645786,-11.401073723,8.995902185,4.567937211,0.031040927
1609060461.327422142,-11.372561673,9.009828958,4.569932238,-11.342489845,9.001448335,4.569969760,0.031217801
1609060461.380146027,-11.313104699,9.013742486,4.570956441,-11.287440709,9.005351737,4.572328995,0.027035698
1609060461.428488016,-11.256386723,9.017818516,4.573714782,-11.238776944,9.007515813,4.574077218,0.020405425
1609060461.480466127,-11.187643109,9.020342198,4.575595998,-11.143168379,9.015799045,4.576046734,0.044708444
1609060461.526633978,-11.130402858,9.024997469,4.577647728,-11.091407636,9.022628286,4.577437840,0.039067690
1609060461.578130007,-11.066978200,9.033798000,4.578980876,-11.043087481,9.026911605,4.578532034,0.024867455
1609060461.628714085,-11.002812200,9.041191581,4.580952080,-10.997226174,9.031879182,4.579794723,0.010920803
1609060461.680414200,-10.947098437,9.051070525,4.580691901,-10.945904437,9.039598765,4.580599963,0.011534096
1609060461.726855993,-10.890869686,9.059939163,4.582956903,-10.849735766,9.055903674,4.582602763,0.041332916
1609060461.778423071,-10.826659961,9.070880255,4.583442656,-10.806187283,9.062003082,4.583041718,0.022318054
1609060461.826656103,-10.766141044,9.082285168,4.582855407,-10.758500796,9.072117279,4.582520387,0.012722877
1609060461.881693125,-10.701187735,9.096425978,4.580045587,-10.705757137,9.084210008,4.582690307,0.013308039
1609060461.929234982,-10.642427524,9.109863070,4.579409855,-10.605241593,9.107498079,4.581725524,0.037332947
1609060461.978337049,-10.584206201,9.124741012,4.578956136,-10.605241841,9.107502212,4.581738249,0.027338883
1609060462.026682138,-10.524756406,9.140442883,4.576967631,-10.499543131,9.136359237,4.579143498,0.025634348
1609060462.079570055,-10.463666543,9.158042844,4.573829839,-10.449736490,9.150396813,4.577297229,0.016264408
1609060462.129022121,-10.403437882,9.176406972,4.571137375,-10.403140093,9.164074111,4.574279709,0.012730373
1609060462.180023193,-10.343537918,9.196624002,4.568563566,-10.299234847,9.197678663,4.567741555,0.044323246
1609060462.227467060,-10.284800863,9.216283300,4.564928894,-10.249497302,9.215760842,4.563995056,0.035319774
1609060462.279769182,-10.224471232,9.238983875,4.558889471,-10.199299784,9.232864779,4.559997512,0.025928225
1609060462.330918074,-10.161586675,9.262435529,4.554170635,-10.147979367,9.252787359,4.555340813,0.016721702
1609060462.380113125,-10.104924079,9.285703661,4.550255349,-10.098462022,9.272314671,4.551181709,0.014895683
1609060462.427350998,-10.047186517,9.308889657,4.545311819,-9.997105912,9.314159380,4.541772460,0.050481324
1609060462.479017019,-9.988297296,9.333832135,4.540648909,-9.950902185,9.333420650,4.536553096,0.037620995
1609060462.527957201,-9.928229981,9.360162542,4.535491717,-9.896134576,9.358922602,4.531562784,0.032358754
1609060462.580631018,-9.855551412,9.391206844,4.526969635,-9.844711558,9.383487908,4.526681880,0.013310417
1609060462.628690004,-9.794141921,9.419461190,4.521465932,-9.749109204,9.429521348,4.516845201,0.046373522
1609060462.679250002,-9.732271336,9.451652636,4.515061489,-9.697789029,9.455791429,4.511401900,0.034922080
1609060462.727450132,-9.670040480,9.482183325,4.509230715,-9.645403320,9.484255630,4.506446312,0.024880455
1609060462.779249191,-9.615529300,9.515797320,4.503404381,-9.593004785,9.512704701,4.500926681,0.022870441
1609060462.828996181,-9.556169887,9.550461904,4.498624530,-9.544214309,9.539908826,4.495110005,0.016329580
1609060462.879943132,-9.494252370,9.586705751,4.492363986,-9.448470072,9.597545388,4.485194898,0.047591096
1609060462.929316998,-9.435983863,9.622423043,4.485827455,-9.401056274,9.626347987,4.480240280,0.035588737
1609060462.979207039,-9.379445769,9.658733362,4.478459913,-9.356378727,9.654168459,4.474878735,0.023785534
1609060463.027507067,-9.323731800,9.694227532,4.471355747,-9.311184796,9.682910415,4.469017219,0.017057935
1609060463.080178022,-9.267698193,9.731401064,4.461402680,-9.262582473,9.715455261,4.462872705,0.016810716
1609060463.129511118,-9.213714936,9.767835696,4.452152658,-9.215640307,9.747584797,4.455995941,0.020702095
1609060463.178997993,-9.162590066,9.804470853,4.442977758,-9.128551936,9.809874106,4.438759234,0.034721541
1609060463.226540089,-9.111343857,9.841574148,4.433027598,-9.081891484,9.845481418,4.430558539,0.029812837
1609060463.279219151,-9.061101102,9.881900506,4.421588683,-9.037535387,9.880672873,4.422249008,0.023606906
1609060463.330190182,-9.008876041,9.923062429,4.410656771,-8.995340987,9.914901300,4.413395270,0.016040608
1609060463.379824162,-8.964845019,9.962975810,4.400170877,-8.956491067,9.947599737,4.404486723,0.018023281
1609060463.427031994,-8.919436380,10.001888412,4.390072236,-8.872894099,10.021215480,4.387802177,0.050446731
1609060463.479870081,-8.873374407,10.045699200,4.380513285,-8.837047667,10.054831934,4.380023254,0.037460366
1609060463.529342175,-8.828642712,10.087246102,4.370917033,-8.799957494,10.090711609,4.371890689,0.028910197
1609060463.580952168,-8.785659317,10.129402668,4.367344927,-8.766469078,10.124438614,4.364592000,0.020012139
1609060463.628221035,-8.744603827,10.170123132,4.359775014,-8.693337220,10.199029115,4.350487878,0.059582478
1609060463.677978992,-8.697347719,10.217007996,4.350543768,-8.661278561,10.234466391,4.342395305,0.040892263
1609060463.732715130,-8.649910598,10.266632119,4.341329021,-8.629383090,10.271479908,4.334571952,0.022148083
1609060463.778750181,-8.613634449,10.310421956,4.328657874,-8.592216185,10.314234212,4.325883559,0.021931077
1609060463.828248024,-8.572027725,10.357617567,4.318163611,-8.559984482,10.353648576,4.316895800,0.012743623
1609060463.879996061,-8.540126164,10.408666074,4.305330601,-8.503135004,10.428398039,4.299374919,0.042345797
1609060463.933847189,-8.500868560,10.461469194,4.296032104,-8.471007226,10.471064804,4.290970667,0.031770948
1609060463.980240107,-8.466319219,10.507833436,4.285599946,-8.442146024,10.511778372,4.282359652,0.024706383
1609060464.028326035,-8.431783666,10.556547440,4.274517259,-8.415414465,10.550161621,4.274138378,0.017574783
1609060464.080262184,-8.398354871,10.607580573,4.262513220,-8.388438538,10.591867220,4.264469188,0.018683386
1609060464.130795002,-8.364979352,10.659379927,4.251321585,-8.331818360,10.676691667,4.246498772,0.037717466
1609060464.178006172,-8.335392240,10.707455860,4.241118968,-8.307782356,10.719516865,4.237019114,0.030406946
1609060464.226155043,-8.304308757,10.757854621,4.230723275,-8.281794575,10.763204698,4.226549380,0.023514530
1609060464.277084112,-8.276327694,10.810733731,4.222229284,-8.256148313,10.808389696,4.218787563,0.020604547
1609060464.328767061,-8.244147821,10.866664537,4.211230850,-8.230500970,10.853211247,4.210107369,0.019196087
1609060464.378328085,-8.220211360,10.918347755,4.200072672,-8.209204122,10.897970010,4.200284059,0.023161531
1609060464.427219152,-8.191844053,10.972456788,4.190204169,-8.166935052,10.983832849,4.183284881,0.028244462
1609060464.476723194,-8.168245210,11.024976661,4.179733415,-8.142596493,11.033523714,4.174765858,0.027487914
1609060464.528161049,-8.140097267,11.082716638,4.169392469,-8.122804849,11.079752996,4.165875224,0.017893628
1609060464.584477186,-8.114915350,11.144472438,4.158564506,-8.083694855,11.174034116,4.149290642,0.043984277
1609060464.627368212,-8.092654023,11.194158994,4.150439191,-8.061045879,11.224529869,4.141669070,0.044703242
1609060464.677657127,-8.071398817,11.250615238,4.144801308,-8.042875031,11.272085304,4.134258877,0.037225166
1609060464.725933075,-8.047849123,11.307560892,4.137051370,-8.024958124,11.325401178,4.125920108,0.031083415
1609060464.778755188,-8.021352214,11.376261347,4.124933885,-8.003377908,11.383061784,4.117966236,0.020441862
1609060464.829033136,-7.996507305,11.439256984,4.116583075,-7.984146109,11.436252210,4.110654516,0.014034801
1609060464.881244183,-7.976751551,11.507033056,4.106109857,-7.952501229,11.535664357,4.097062320,0.038596469
1609060464.926936150,-7.955339048,11.566613962,4.097889739,-7.936854613,11.589809618,4.089462846,0.030833834
1609060464.979433060,-7.942060860,11.631391520,4.088504979,-7.919013457,11.643376862,4.082956519,0.026563445
1609060465.026580095,-7.925675979,11.692884764,4.079891017,-7.903584049,11.695281048,4.075754333,0.022603268
1609060465.080960035,-7.904615554,11.764831826,4.069140625,-7.890021346,11.748477992,4.068841718,0.021920952
1609060465.131188154,-7.887485378,11.831585764,4.058598739,-7.861302520,11.858571288,4.053517633,0.037941774
1609060465.178850174,-7.872358011,11.894797159,4.048667692,-7.846624869,11.914823235,4.046420362,0.032684688
1609060465.228109121,-7.855712718,11.960841144,4.039290826,-7.836206744,11.966575783,4.039783978,0.020337460
1609060465.278582096,-7.841158845,12.027311613,4.030936606,-7.821003613,12.023263482,4.032075881,0.020589286
1609060465.329045057,-7.825502630,12.095030146,4.021854650,-7.805467119,12.081033542,4.025235728,0.024673028
1609060465.380448103,-7.811724829,12.163174330,4.014159244,-7.783841204,12.193283229,4.012419532,0.041073945
1609060465.427752018,-7.796433448,12.228064130,4.006948818,-7.773761400,12.249418469,4.005247448,0.031191734
1609060465.479211092,-7.786188630,12.294414336,4.001020357,-7.761162803,12.306129062,4.000168379,0.027645121
1609060465.529885054,-7.771479939,12.362983882,3.994033820,-7.749571712,12.362593189,3.995749367,0.021978766
1609060465.579433203,-7.761630142,12.427521035,3.985509091,-7.741682534,12.414029367,3.990021874,0.024500967
1609060465.628167152,-7.748309677,12.493103722,3.979026718,-7.721984373,12.527850298,3.979389696,0.043594471
1609060465.678918123,-7.740670183,12.559249703,3.974571555,-7.712487221,12.581983015,3.975575349,0.036222788
1609060465.726876020,-7.729007731,12.624399184,3.969564975,-7.702909491,12.646751639,3.970873762,0.034386964
1609060465.780047178,-7.718938870,12.694902927,3.966288532,-7.696461117,12.709271298,3.966087151,0.026678456
1609060465.828760147,-7.707962076,12.762033969,3.962114238,-7.687496435,12.768804120,3.962030878,0.021556539
1609060465.880266190,-7.698704391,12.839253305,3.954915998,-7.674787331,12.881585400,3.955320544,0.048622995
1609060465.932221174,-7.687984716,12.913418492,3.950023249,-7.670386890,12.939271095,3.950884241,0.031285490
1609060465.979675055,-7.684276348,12.981983778,3.945035880,-7.664354875,12.998160751,3.947374503,0.025768754
1609060466.027986050,-7.675563265,13.052519734,3.940876184,-7.658058977,13.055317076,3.945342414,0.018280384
1609060466.079845190,-7.673471416,13.124704994,3.939914039,-7.655478246,13.113152937,3.942266948,0.021511401
1609060466.161890984,-7.669221113,13.243329115,3.938446297,-7.649647715,13.225076472,3.938728446,0.026764837
1609060466.229519129,-7.663674240,13.341260058,3.940088600,-7.644238094,13.340409802,3.940491218,0.019458900
1609060466.280148983,-7.661656627,13.412419574,3.942642037,-7.642065603,13.402334862,3.941853645,0.022048383
1609060466.328636169,-7.660027824,13.483273072,3.943923385,-7.637892520,13.523221598,3.944831944,0.045680213
1609060466.378987074,-7.662243051,13.555161387,3.944779476,-7.638837449,13.581336996,3.945451341,0.035120309
1609060466.429597139,-7.661799371,13.628690869,3.946710914,-7.640327205,13.641644456,3.946415281,0.025078611
1609060466.479005098,-7.663140651,13.698883401,3.948695433,-7.640287330,13.702653982,3.947766746,0.023180898
1609060466.527721167,-7.662565573,13.769949833,3.950122205,-7.640276970,13.763592017,3.949050095,0.023202436
1609060466.581521034,-7.667717805,13.845879911,3.951820223,-7.643348383,13.825623907,3.950002201,0.031740820
1609060466.628607988,-7.668599330,13.914603750,3.953187526,-7.648655742,13.946375672,3.952036450,0.037530344
1609060466.679336071,-7.672805484,13.985928833,3.953758262,-7.651214824,14.005348979,3.953010481,0.029049231
1609060466.727976084,-7.674689662,14.056584251,3.954853519,-7.655654503,14.072314747,3.953670839,0.024722147
1609060466.779019117,-7.681861803,14.126023922,3.957202627,-7.661941593,14.139831346,3.954052529,0.024441416
1609060466.829914093,-7.684955116,14.199909852,3.958124804,-7.666365117,14.202213109,3.954297572,0.019119121
1609060466.880611181,-7.693185443,14.272446722,3.958377251,-7.675600331,14.323181295,3.956183963,0.053740521
1609060466.928917170,-7.697973293,14.342906542,3.958779704,-7.682904483,14.384827132,3.956589413,0.044600474
1609060466.979152203,-7.707044803,14.423221758,3.957252698,-7.690395085,14.445699268,3.956917654,0.027974341
1609060467.028021097,-7.713231816,14.496795786,3.957295229,-7.695723169,14.504413534,3.957789793,0.019100456
1609060467.080524206,-7.727377339,14.578051402,3.956355410,-7.704941107,14.566309023,3.957960188,0.025374067
1609060467.126882076,-7.734916259,14.649734610,3.956012884,-7.723285108,14.683202142,3.957692557,0.035470842
1609060467.180591106,-7.751493604,14.726022061,3.956966756,-7.732559487,14.744790989,3.957563571,0.026667014
1609060467.226670980,-7.765723112,14.794124257,3.958723359,-7.742253432,14.806747022,3.957166336,0.026694277
1609060467.279661179,-7.778960342,14.875289648,3.957686858,-7.754039387,14.864952461,3.955612438,0.027059465
1609060467.329204082,-7.791789643,14.950729665,3.956285916,-7.776893914,14.987524078,3.953406659,0.039799519
1609060467.379631042,-7.806537374,15.024726561,3.954992085,-7.789316840,15.048604160,3.952736309,0.029525837
1609060467.427987099,-7.820577979,15.097708846,3.953330794,-7.804026454,15.109519347,3.950657393,0.020508242
1609060467.479583025,-7.839403744,15.171256362,3.951610841,-7.818285332,15.170692167,3.949341389,0.021247495
1609060467.528842211,-7.856180363,15.243653528,3.949308633,-7.833008849,15.233021650,3.948023730,0.025526591
1609060467.580595016,-7.877306558,15.316687065,3.945571503,-7.848872320,15.295756716,3.946809462,0.035328713
1609060467.627780199,-7.893652621,15.385537155,3.944082523,-7.883060313,15.415574873,3.944511322,0.031853499
1609060467.693520069,-7.923631446,15.475543229,3.940681617,-7.899339063,15.474197177,3.943121133,0.024451645
1609060467.770143986,-7.959829854,15.583189046,3.938096753,-7.942621700,15.607356407,3.939900943,0.029722668
1609060467.835719109,-7.989225934,15.675545808,3.935622428,-7.982528999,15.726526662,3.937452147,0.051451378
1609060467.886023998,-8.016679184,15.741569635,3.937401511,-8.003724186,15.782830398,3.936972877,0.043248888
1609060467.932846069,-8.039539031,15.806243934,3.938130539,-8.026640437,15.843592727,3.937923513,0.039513908
1609060467.978756189,-8.065530055,15.866827374,3.938241479,-8.049428659,15.900782745,3.938458968,0.037580174
1609060468.027256012,-8.090624849,15.932468321,3.939399561,-8.070637366,15.955357287,3.939989159,0.030393287
1609060468.081122160,-8.122285435,16.018702337,3.943660349,-8.095741676,16.013098510,3.940697170,0.027290189
1609060468.129112005,-8.149047591,16.086150156,3.945773230,-8.146207499,16.125404538,3.943836765,0.039404601
1609060468.179625988,-8.182927907,16.153607049,3.947311336,-8.173937808,16.182400761,3.945090583,0.030246181
1609060468.227814198,-8.211899864,16.220641220,3.949313587,-8.202065866,16.238326226,3.946439385,0.020438395
1609060468.278457165,-8.251563272,16.271029335,3.946919897,-8.229395024,16.292596072,3.948328750,0.030960302
1609060468.327484131,-8.284645888,16.333737130,3.949355019,-8.257771326,16.345503004,3.951072205,0.029387524
1609060468.380009174,-8.320434871,16.402018247,3.952067392,-8.287505127,16.398878153,3.952520259,0.033082221
1609060468.427757025,-8.354022203,16.462526958,3.954563040,-8.347240913,16.500980457,3.958715848,0.039267077
1609060468.477749109,-8.391229969,16.522596927,3.956571959,-8.375608447,16.547492171,3.961599176,0.029817411
1609060468.527155161,-8.427045638,16.582732589,3.959443467,-8.409618949,16.601981928,3.964719228,0.026496418
1609060468.571753025,-8.460888187,16.632200406,3.963018541,-8.444928862,16.655764230,3.967760782,0.028852083
1609060468.623512030,-8.498735157,16.692281350,3.966286230,-8.477257715,16.703512758,3.970018770,0.024522578
1609060468.674556017,-8.539740851,16.748163962,3.970298671,-8.510518950,16.749574402,3.973029294,0.029383076
1609060468.722122192,-8.576713363,16.801639503,3.972796958,-8.580714052,16.840959433,3.976876549,0.039732927
1609060468.779278040,-8.622813105,16.858964967,3.974441469,-8.614430740,16.882049396,3.979635063,0.025102357
1609060468.825678110,-8.660110792,16.907521947,3.976640380,-8.650507965,16.924926380,3.981492648,0.020461503
1609060468.881869078,-8.710517589,16.962109127,3.981185151,-8.689894954,16.967036524,3.984392925,0.021444397
1609060468.928879976,-8.750724112,17.009173928,3.983591338,-8.767666502,17.046089394,3.987895346,0.040845081
1609060468.978708029,-8.799037683,17.052503448,3.986016047,-8.807324779,17.086239770,3.990137175,0.034982840
1609060469.026169062,-8.843088917,17.097303786,3.988141403,-8.848862446,17.125311396,3.991852956,0.028836356
1609060469.079028130,-8.895000339,17.141805366,3.991042492,-8.891653811,17.162849390,3.993485508,0.021448042
1609060469.128238201,-8.943269705,17.185063568,3.992877463,-8.933983797,17.196315838,3.995579928,0.014837283
1609060469.179890156,-9.001412470,17.238059970,3.995725834,-9.025731756,17.269583474,3.998841166,0.039935751
1609060469.227359056,-9.052624543,17.280420953,3.997628050,-9.072683868,17.300127417,4.001264338,0.028353903
1609060469.277248144,-9.117098499,17.319860561,4.002139364,-9.123354334,17.332769529,4.002631380,0.014353362
1609060469.330085039,-9.181055013,17.365239077,4.004746163,-9.173423211,17.363379052,4.004962384,0.007858170
1609060469.379516125,-9.243621433,17.390663408,4.006041959,-9.222018333,17.394228995,4.007545634,0.021946945
1609060469.428099155,-9.308235750,17.426086474,4.009298464,-9.330857603,17.451431012,4.014023302,0.034298949
1609060469.478720188,-9.375861618,17.462973643,4.014191032,-9.385592341,17.478766272,4.017061037,0.018770482
1609060469.527437210,-9.443560521,17.496246464,4.018651520,-9.442576240,17.506771468,4.022325024,0.011191029
1609060469.582027197,-9.521411260,17.528324286,4.023223225,-9.498105375,17.533058604,4.025753148,0.023916072
1609060469.630171061,-9.590368874,17.556997679,4.026291752,-9.620467704,17.578344432,4.032214717,0.037372516
1609060469.679854155,-9.662394007,17.583856837,4.028850728,-9.681520272,17.602320852,4.036624922,0.027697869
1609060469.728006124,-9.734285998,17.610422872,4.033321070,-9.743326076,17.624550244,4.040974455,0.018435833
1609060469.779536009,-9.812370835,17.636465669,4.038771161,-9.807843472,17.646027804,4.043724167,0.011681769
1609060469.828714132,-9.887557945,17.660456520,4.042467969,-9.872459139,17.663303392,4.046628384,0.015918156
1609060469.880279064,-9.966803035,17.682953558,4.045356635,-10.002519870,17.702155725,4.054488997,0.041567000
1609060469.928411007,-10.041349516,17.703988008,4.048926157,-10.070469049,17.718933949,4.057182746,0.033756476
1609060469.979132175,-10.123001338,17.720797615,4.054167060,-10.136687754,17.733080092,4.059388374,0.019116468
1609060470.027426004,-10.199071870,17.738722283,4.057925797,-10.203654577,17.747458362,4.062130100,0.010723640
1609060470.081245184,-10.284946665,17.753234014,4.061255451,-10.272969228,17.762230163,4.066985671,0.016038239
1609060470.129621983,-10.361296984,17.768297198,4.064650402,-10.408504297,17.786891993,4.071722148,0.051227984
1609060470.178888083,-10.438693516,17.780508180,4.067328149,-10.479382317,17.798049073,4.073655571,0.044758215
1609060470.228217125,-10.517196290,17.793263639,4.070280500,-10.547146504,17.810588420,4.077489275,0.035343031
1609060470.278670073,-10.609315386,17.807573231,4.074894220,-10.615106743,17.819913283,4.080153564,0.014610865
1609060470.328602076,-10.691327040,17.819293033,4.077936803,-10.681661190,17.826144387,4.082318805,0.012632168
1609060470.379962206,-10.777805111,17.827718090,4.078538300,-10.815588995,17.842415057,4.084482464,0.040975063
1609060470.428395987,-10.857616848,17.837033891,4.080552793,-10.880400523,17.847006377,4.087472652,0.025815320
1609060470.478901148,-10.933520987,17.839575716,4.082515132,-10.948860664,17.852120538,4.087950110,0.020547925
1609060470.534272194,-11.023478905,17.845086141,4.083031860,-11.016807465,17.854097043,4.088975804,0.012689954
1609060470.579819202,-11.095977227,17.849945457,4.083560165,-11.075871464,17.859720220,4.088238406,0.022840176
1609060470.629103184,-11.173859116,17.852975141,4.083325702,-11.204413268,17.864848829,4.088532452,0.033191127
1609060470.679993153,-11.253386470,17.852980703,4.082000880,-11.266912865,17.864624762,4.087440618,0.018658463
1609060470.733728170,-11.336478215,17.852942978,4.080858574,-11.337105380,17.864640012,4.086209972,0.012878330
1609060470.778460979,-11.404148599,17.852334071,4.079819652,-11.405431186,17.865183825,4.085359581,0.014051762
1609060470.828742981,-11.478524234,17.850193036,4.078373426,-11.469384622,17.862278387,4.083692656,0.016058718
1609060470.881497145,-11.553489167,17.845101514,4.076836949,-11.588042915,17.854633814,4.080310450,0.036012380
1609060470.927678108,-11.618639901,17.841082069,4.074789015,-11.646757947,17.850746163,4.078345573,0.029944421
1609060471.020473003,-11.745970363,17.830073075,4.068155763,-11.763253446,17.837131612,4.074045685,0.019575982
1609060471.085931063,-11.833836879,17.816130525,4.067179617,-11.874762272,17.823032063,4.069285357,0.041556625
1609060471.133906126,-11.897213089,17.807047664,4.064882445,-11.932035811,17.813579609,4.067144687,0.035502198
1609060471.179148197,-11.954645378,17.796082109,4.063070353,-11.991399867,17.800347692,4.065184323,0.037061523
1609060471.228013039,-12.017340387,17.783954368,4.060990886,-12.045102960,17.788847231,4.063063685,0.028266536
1609060471.278729200,-12.081150713,17.769125055,4.056830707,-12.095900932,17.778153859,4.060980571,0.017785096
1609060471.328710079,-12.142770156,17.753993438,4.055041098,-12.150925121,17.763664088,4.059754289,0.013499596
1609060471.380196095,-12.219267075,17.734454161,4.058126673,-12.258816463,17.729000596,4.056445076,0.039959019
1609060471.428129196,-12.279887277,17.716525345,4.058184775,-12.305847346,17.712432268,4.055623410,0.026405284
1609060471.479714155,-12.345887654,17.690704292,4.056501284,-12.355290462,17.693469998,4.054570448,0.009989497
1609060471.529009104,-12.406381394,17.667181329,4.056944916,-12.407237475,17.669817704,4.053797808,0.004193761
1609060471.582780123,-12.463449214,17.632658020,4.049140027,-12.453881723,17.647530233,4.053129313,0.018128265
1609060471.629180193,-12.518355378,17.602117780,4.048056777,-12.546968084,17.597288060,4.051314386,0.029199745
1609060471.679857016,-12.577509748,17.569358807,4.046091291,-12.591980429,17.570100165,4.049418208,0.014866694
1609060471.727349043,-12.631467528,17.535984050,4.043165406,-12.643922713,17.536417986,4.047530657,0.013205125
1609060471.778539181,-12.686216454,17.496154021,4.038539426,-12.691808206,17.502626394,4.044888284,0.010652103
1609060471.828935146,-12.740629078,17.455829726,4.035256520,-12.735226475,17.468687474,4.042493025,0.015712314
1609060471.880558014,-12.795805788,17.411852439,4.031821299,-12.781383472,17.431120208,4.040470128,0.025574448
1609060471.928007126,-12.844119977,17.368782719,4.029379387,-12.865698634,17.355021569,4.035765813,0.026377910
1609060471.979415178,-12.893035954,17.318610958,4.028015954,-12.904153746,17.315089840,4.033690814,0.012969487
1609060472.028941154,-12.940276683,17.268473510,4.025668067,-12.943366789,17.272942420,4.030817875,0.007486016
1609060472.082103014,-12.988732487,17.212022311,4.023012050,-12.984040498,17.226792189,4.028791151,0.016539712
1609060472.129687071,-13.031035454,17.159050389,4.021377417,-13.058477580,17.132398251,4.024476668,0.038379840
1609060472.179258108,-13.072045107,17.101923743,4.018543365,-13.095002441,17.082018473,4.023289181,0.030753565
1609060472.227492094,-13.111795332,17.045112804,4.016775413,-13.129765215,17.031218419,4.020954650,0.023096248
1609060472.279079199,-13.154270279,16.983322284,4.013358462,-13.165804239,16.977267192,4.018565950,0.014029052
1609060472.329487085,-13.192733632,16.920290410,4.011965565,-13.198210148,16.923527987,4.016936766,0.008073845
1609060472.381889105,-13.231051557,16.851365667,4.008659475,-13.263027144,16.810728653,4.016176993,0.052252446
1609060472.429280996,-13.265205808,16.789084500,4.008371193,-13.295769871,16.752006054,4.014728638,0.048470509
1609060472.480375051,-13.310894284,16.713762121,4.004760303,-13.325890175,16.693925766,4.014050814,0.026545646
1609060472.526813030,-13.345468754,16.648810474,4.003593735,-13.357897318,16.628792163,4.013727130,0.025649321
1609060472.580457211,-13.383097033,16.568669216,4.005756164,-13.391863854,16.560793847,4.012284785,0.013472248
1609060472.628858089,-13.417954309,16.496908566,4.005280298,-13.419216977,16.503495159,4.010881634,0.008737992
1609060472.680225134,-13.445790040,16.422401832,4.006123157,-13.471836112,16.381297489,4.011099475,0.048915525
1609060472.726508141,-13.476574191,16.350235199,4.006106229,-13.500065536,16.316798384,4.010673743,0.041118440
1609060472.778885126,-13.510740620,16.269630875,4.005712483,-13.527138203,16.254659280,4.010037857,0.022621633
1609060472.828325987,-13.541173524,16.196171737,4.008909270,-13.550963834,16.194571055,4.009816986,0.009961742
1609060472.881620169,-13.573498385,16.116786468,4.009939028,-13.573186475,16.134299808,4.010820654,0.017538291
1609060472.928589106,-13.601299089,16.046393541,4.010379688,-13.622654266,16.010790353,4.013017523,0.041600345
1609060472.979053020,-13.629192036,15.973828812,4.010558685,-13.647296342,15.946717969,4.013580391,0.032739798
1609060473.028273106,-13.656763189,15.901359491,4.012228061,-13.669269812,15.885904316,4.016082454,0.020251776
1609060473.079199076,-13.684227404,15.827362156,4.013606781,-13.692742335,15.824451124,4.017837622,0.009943750
1609060473.127213001,-13.709928297,15.757713339,4.016384526,-13.716994343,15.763619272,4.020416241,0.010053048
1609060473.180847168,-13.737243743,15.681239273,4.022141959,-13.758835505,15.643297116,4.025682750,0.043798957
1609060473.228025198,-13.760001907,15.615258655,4.025801559,-13.778090577,15.588176855,4.028614797,0.032688502
1609060473.279670000,-13.784893281,15.543521614,4.027520349,-13.800297334,15.527322086,4.032037056,0.022805925
1609060473.329110146,-13.807668271,15.476784665,4.031278289,-13.820307195,15.469661751,4.034377734,0.014835257
1609060473.380846024,-13.829422266,15.408409887,4.034808029,-13.835462356,15.419139627,4.037724621,0.012653716
1609060473.428627014,-13.848715212,15.347720230,4.037905191,-13.870924459,15.309350387,4.043785290,0.044722154
1609060473.479654074,-13.868051867,15.283324170,4.045224406,-13.887641470,15.258384670,4.046199945,0.031728266
1609060473.528223991,-13.885776998,15.223652634,4.048290415,-13.903700121,15.201379134,4.049365516,0.028609491
1609060473.579666138,-13.906303591,15.153606673,4.050859667,-13.919691890,15.144488972,4.051641478,0.016216974
1609060473.629147053,-13.922796767,15.093795605,4.053270441,-13.935862675,15.092483908,4.053998730,0.013151764
1609060473.680805206,-13.939459666,15.030994184,4.056089672,-13.960110003,14.999357918,4.056254290,0.037779847
1609060473.728483200,-13.953020338,14.976640175,4.057147098,-13.971128108,14.953992888,4.057634593,0.029000493
1609060473.778892040,-13.961098177,14.926364216,4.057887141,-13.980155668,14.910468594,4.059712587,0.024883549
1609060473.832645178,-13.974467366,14.869558439,4.060416767,-13.991371917,14.869005473,4.061388272,0.016941471
1609060473.888217211,-13.985272000,14.814305553,4.062968122,-14.003847868,14.790641485,4.065875915,0.030224266
1609060473.933340073,-13.992482288,14.771921726,4.064282401,-14.010666967,14.753786209,4.067941392,0.025941621
1609060473.979749203,-13.999028338,14.729819847,4.065811393,-14.014951386,14.717729534,4.070527284,0.020541635
1609060474.028207064,-14.004112210,14.688646505,4.067520246,-14.019361168,14.682774786,4.072408931,0.017055998
1609060474.084556103,-14.008038436,14.643185983,4.069777320,-14.020854953,14.650138367,4.074540783,0.015339144
1609060474.137107134,-14.010417361,14.604272788,4.073543943,-14.025667367,14.586728158,4.077712373,0.023616785
1609060474.179860115,-14.011355424,14.574434222,4.076037262,-14.025748220,14.560825081,4.081759794,0.020618164
1609060474.228349209,-14.011076270,14.542074870,4.079316964,-14.023774947,14.533542733,4.084634951,0.016196751
1609060474.277875185,-14.009918015,14.510252125,4.083040522,-14.021794988,14.507206336,4.087198654,0.012947176
1609060474.327560186,-14.007513190,14.480852400,4.085873460,-14.021318301,14.482493515,4.089954925,0.014489055
1609060474.380293131,-14.004800190,14.451504976,4.087509671,-14.014118083,14.434949908,4.093484739,0.019914689
1609060474.427479029,-14.001133122,14.426867408,4.090030784,-14.011067223,14.414863738,4.098026221,0.017512894
1609060474.477905989,-13.996072844,14.402854816,4.094218154,-14.006580471,14.393281400,4.100027114,0.015355928
1609060474.528779030,-13.990382306,14.379607043,4.096599095,-14.001592375,14.373383812,4.102847727,0.014263227
1609060474.581426144,-13.985575201,14.356895380,4.106971796,-13.996619227,14.355016105,4.104752758,0.011420434
1609060474.629651070,-13.979604838,14.337459730,4.109652712,-13.985741648,14.319108007,4.107640755,0.019454926
1609060474.680217981,-13.974604103,14.313781211,4.116709120,-13.979259680,14.301975044,4.108063859,0.015355797
1609060474.727298021,-13.968575997,14.295878700,4.119701609,-13.973156151,14.286299390,4.109512838,0.014715707
1609060474.781194210,-13.960760076,14.274288647,4.116200389,-13.966073965,14.269666376,4.110045731,0.009353215
1609060474.828670979,-13.953660710,14.256645224,4.117844877,-13.959446714,14.254123271,4.110609511,0.009601490
1609060474.881358147,-13.944173657,14.236830644,4.111708417,-13.946497172,14.221354501,4.111294736,0.015655058
1609060474.929676056,-13.937539200,14.219994411,4.113626691,-13.940152222,14.209850945,4.111709085,0.010648709
1609060475.000697136,-13.927106649,14.198256389,4.113405909,-13.927692325,14.185228897,4.112121935,0.013103708
1609060475.084722042,-13.912586380,14.167262104,4.111807363,-13.913809988,14.157170993,4.111357928,0.010174956
1609060475.126618147,-13.905517124,14.152684545,4.110176475,-13.906987768,14.143604330,4.111925074,0.009363263
1609060475.178278208,-13.898686790,14.136410700,4.108322144,-13.899927570,14.130198845,4.106531561,0.006582770
1609060475.229041100,-13.889772310,14.119318240,4.104356250,-13.893415937,14.117573142,4.103348160,0.004163848
1609060475.281843185,-13.880593113,14.102434403,4.100349917,-13.886450919,14.104037815,4.100305618,0.006073449
1609060475.328446150,-13.872531074,14.087485224,4.096760185,-13.872566287,14.078903022,4.095108499,0.008739766
1609060475.379393101,-13.864046415,14.071870491,4.092471392,-13.864996003,14.065017876,4.091533965,0.006981319
1609060475.430552006,-13.854700098,14.053984226,4.087953958,-13.858167314,14.050639175,4.088238118,0.004826148
1609060475.480121136,-13.847769549,14.037801387,4.083386508,-13.851217722,14.037065779,4.084712554,0.003766884
1609060475.529694080,-13.839292303,14.021437755,4.079320139,-13.836492985,14.009301047,4.077397265,0.012602909
1609060475.580530167,-13.830853726,14.006174469,4.076915847,-13.829131243,13.995193174,4.074071857,0.011473625
1609060475.623762131,-13.822924358,13.991075068,4.073457321,-13.821099587,13.980387139,4.070606212,0.011211175
1609060475.681043148,-13.812711479,13.970663896,4.068427322,-13.812960156,13.965269965,4.067552596,0.005470053
1609060475.730020046,-13.802808981,13.952521614,4.064864284,-13.805288989,13.951080963,4.064461476,0.002896233
1609060475.781841040,-13.790967355,13.932173252,4.063017999,-13.786692525,13.918612815,4.059651236,0.014611458
1609060475.829219103,-13.779742846,13.913296492,4.060275449,-13.777532357,13.902365164,4.056302695,0.011839044
1609060475.878290176,-13.765964318,13.891611256,4.057375136,-13.766835206,13.884574033,4.053378562,0.008139628
1609060475.927850008,-13.752245437,13.869566267,4.054441613,-13.756450633,13.866844714,4.050601714,0.006311526
1609060475.980598211,-13.738053080,13.845867670,4.047483681,-13.745772104,13.849469621,4.049057521,0.008662237
1609060476.029070139,-13.724108499,13.823150120,4.045728602,-13.722482320,13.811143094,4.045190096,0.012128608
1609060476.079783201,-13.709131669,13.799049382,4.043205339,-13.711439925,13.792853923,4.043589279,0.006622625
1609060476.149460077,-13.688193661,13.766932072,4.041561080,-13.697187826,13.770470525,4.042618681,0.009722869
1609060476.228608131,-13.661308463,13.723744284,4.038547741,-13.667240857,13.724382841,4.040805668,0.006379599
1609060476.282281160,-13.643739451,13.693192132,4.036659783,-13.638727810,13.678953540,4.039677242,0.015393476
1609060476.327225208,-13.627598488,13.667060578,4.035888814,-13.623205095,13.654690131,4.039571715,0.013634282
1609060476.372508049,-13.611809486,13.641803249,4.034961243,-13.607269895,13.629670779,4.040197568,0.013972251
1609060476.429035187,-13.589960823,13.607930396,4.036102866,-13.591956210,13.606203374,4.040651530,0.005258756
1609060476.480401039,-13.569482786,13.577405920,4.038574857,-13.574212843,13.580121462,4.041312478,0.006102637
1609060476.533285141,-13.547662722,13.542890501,4.039280984,-13.540221131,13.524442421,4.043096911,0.020255129
1609060476.579155207,-13.528629924,13.513779923,4.040425908,-13.521607165,13.495613115,4.043690787,0.019748708
1609060476.628695011,-13.507767177,13.480847087,4.041553261,-13.502461155,13.466386335,4.044612284,0.015704293
1609060476.680046082,-13.485853765,13.446098751,4.041924908,-13.484326434,13.437246006,4.045007077,0.009497558
1609060476.728375196,-13.464707475,13.413091599,4.043279329,-13.465394304,13.408219112,4.046683240,0.005983265
1609060476.779676199,-13.443497172,13.379474031,4.047712966,-13.445834913,13.377282530,4.047813786,0.003205913
1609060476.828135014,-13.421913702,13.345582499,4.048982559,-13.408493156,13.317060955,4.049368529,0.031523619
1609060476.876777172,-13.397320993,13.307625219,4.047484696,-13.389349838,13.286905244,4.049056707,0.022255963
1609060476.927697182,-13.373358327,13.269754666,4.048031624,-13.367532244,13.253129591,4.049313102,0.017662915
1609060476.979966164,-13.348761393,13.229674918,4.046835165,-13.346476959,13.218031277,4.048948516,0.012052355
1609060477.029965162,-13.324940628,13.191497840,4.046956808,-13.326757907,13.186089671,4.049039504,0.006073584
1609060477.080779076,-13.300909329,13.152479789,4.047736318,-13.307588431,13.155507920,4.049000842,0.007441706
1609060477.126787186,-13.279937044,13.116897410,4.045813752,-13.269695624,13.095555300,4.049316368,0.023929912
1609060477.179460049,-13.255546251,13.077851097,4.044949869,-13.251035727,13.065034848,4.048691762,0.014092651
1609060477.227986097,-13.233123906,13.042593875,4.045824741,-13.232764614,13.035862598,4.048324713,0.007189509
1609060477.281500101,-13.208517399,13.003097984,4.045274599,-13.213933953,13.005124901,4.047846438,0.006329440
1609060477.332756996,-13.185826338,12.966716986,4.044572063,-13.178425963,12.948683142,4.048249867,0.019837120
1609060477.378741980,-13.165588494,12.933769556,4.043955288,-13.158464942,12.920159683,4.049062763,0.016188265
1609060477.428728104,-13.142586391,12.898395914,4.043818114,-13.142011634,12.889897579,4.048555569,0.009746566
1609060477.480911016,-13.118619137,12.862837123,4.044788534,-13.124095528,12.861472837,4.048564022,0.006790173
1609060477.529803991,-13.096882951,12.830423967,4.044935112,-13.086736172,12.807595241,4.048804166,0.025279981
1609060477.578423023,-13.076186329,12.799318788,4.045515646,-13.068913679,12.781215616,4.048482541,0.019733695
1609060477.627958059,-13.054233166,12.767604221,4.045744964,-13.051408999,12.754701386,4.049336104,0.013687781
1609060477.680728197,-13.033522278,12.735957242,4.045684910,-13.034108234,12.729321105,4.049325273,0.007591700
1609060477.723581076,-13.015527843,12.710335891,4.046210791,-13.016661228,12.704305508,4.049685741,0.007051621
1609060477.773975134,-12.993039544,12.682292098,4.046765202,-12.998556032,12.679148136,4.050447113,0.007339796
1609060477.828898191,-12.969085584,12.651796542,4.047286758,-12.962790049,12.633152081,4.050587946,0.019953634
1609060477.879162073,-12.949436228,12.624902169,4.047349567,-12.946304254,12.611192867,4.050575715,0.014427829
1609060477.927370071,-12.928323880,12.599405442,4.046752618,-12.926487979,12.587291644,4.050672430,0.012863886
1609060477.979067087,-12.905160473,12.570070934,4.050549058,-12.905966057,12.563435669,4.050821789,0.006689550
1609060478.028429985,-12.882890124,12.545280184,4.051424936,-12.887194338,12.542630954,4.050055023,0.005236538
1609060478.080372095,-12.858148106,12.520524977,4.049387305,-12.850452630,12.504634580,4.049879032,0.017662584
1609060478.126526117,-12.835855928,12.498682437,4.049618149,-12.830790247,12.485994047,4.049592386,0.013662249
1609060478.172044992,-12.812896910,12.477370955,4.046887891,-12.810763280,12.468266440,4.050430321,0.009999669
1609060478.225057125,-12.786584494,12.455211850,4.046423885,-12.792297177,12.452482472,4.050121739,0.007332011
1609060478.281713009,-12.758140922,12.432811453,4.045433064,-12.771696740,12.434932709,4.050130859,0.014502731
1609060478.329128027,-12.734574717,12.415371514,4.046032097,-12.729067523,12.404597432,4.048861101,0.012426315
1609060478.379383087,-12.708770930,12.397282254,4.045035990,-12.706260102,12.390376373,4.048958376,0.008329500
1609060478.427805185,-12.683278076,12.380722245,4.043959496,-12.683974610,12.375098946,4.047884458,0.006892893
1609060478.480800152,-12.655819776,12.364008262,4.043540272,-12.660937246,12.361446916,4.047180797,0.006782507
1609060478.528940201,-12.628861790,12.349283452,4.042368021,-12.636806545,12.349232098,4.046659183,0.009029719
1609060478.580368996,-12.600453191,12.335541662,4.040730403,-12.611739076,12.336910856,4.045987785,0.012525412
1609060478.629499197,-12.572220800,12.322730443,4.039678773,-12.565232527,12.313687250,4.044880984,0.012557002
1609060478.680297136,-12.543024800,12.310584517,4.038410276,-12.539439430,12.304697437,4.043483386,0.008558565
1609060478.728594065,-12.514668851,12.300172094,4.036371619,-12.512611304,12.293077109,4.041206115,0.008828627
1609060478.779266119,-12.486454023,12.288675030,4.032779059,-12.483619270,12.282879596,4.039334161,0.009197404
1609060478.829585075,-12.455962780,12.278546464,4.030202348,-12.456404595,12.274833860,4.037894997,0.008553097
1609060478.880124092,-12.424744246,12.269311309,4.027849414,-12.406298394,12.259198951,4.033978482,0.021910608
1609060478.926433086,-12.395928905,12.261479796,4.025544060,-12.380540210,12.251524632,4.032410905,0.019572195
1609060478.979730129,-12.363549040,12.250926084,4.026435712,-12.352502982,12.246555398,4.030510230,0.012558662
1609060479.029379129,-12.332821589,12.243727425,4.024172920,-12.325874502,12.240513587,4.028312538,0.008702138
1609060479.080957174,-12.298504680,12.232923090,4.023117737,-12.299375890,12.233971905,4.026122219,0.003299383
1609060479.130403042,-12.266583709,12.225212678,4.021285374,-12.244716054,12.225118620,4.022010482,0.021879875
1609060479.180795193,-12.233330058,12.219647589,4.016418243,-12.217955937,12.220069298,4.019848416,0.015757777
1609060479.228103161,-12.202017669,12.213009421,4.014419109,-12.192063963,12.214390387,4.018245618,0.010752930
1609060479.282148123,-12.165234796,12.213463081,4.009922605,-12.165310551,12.210257518,4.016957177,0.007730884
1609060479.328881025,-12.134914577,12.208869722,4.010216556,-12.137743665,12.207177523,4.015395613,0.006139211
1609060479.380424023,-12.100680943,12.203686425,4.008718127,-12.109821036,12.202916304,4.013807241,0.010489684
1609060479.428443193,-12.068849773,12.198686188,4.006514863,-12.056349523,12.193798852,4.010521044,0.014006848
1609060479.481338024,-12.034320769,12.192686220,4.003492501,-12.029657225,12.189946634,4.008790512,0.007571188
1609060479.528342009,-12.004119328,12.188101163,4.002220721,-11.999864816,12.184903280,4.006515303,0.006838915
1609060479.579895020,-11.972525020,12.183507842,4.002153481,-11.970346174,12.178705959,4.004582104,0.005805485
1609060479.629096031,-11.939869205,12.177286086,4.000223058,-11.942167231,12.173812753,4.003042781,0.005029494
1609060479.680663109,-11.905873755,12.170197178,3.997183985,-11.888098214,12.163276990,3.999959126,0.019275899
1609060479.729127169,-11.873678226,12.163201840,3.995557972,-11.860552175,12.156667313,3.998336642,0.014923614
1609060479.779810190,-11.840820404,12.155666884,3.993621837,-11.832197984,12.149453854,3.996981710,0.011146148
1609060479.828247070,-11.807625039,12.147032221,3.991807058,-11.803976178,12.143229362,3.995407244,0.006382575
1609060479.881755114,-11.772451126,12.136409067,3.989286678,-11.774767097,12.133774033,3.993221418,0.005271556
1609060479.928881168,-11.738374608,12.125077978,3.987187392,-11.713616673,12.114148324,3.988716143,0.027106268
1609060479.979612112,-11.702794498,12.113432995,3.984437597,-11.681226791,12.103789019,3.987157651,0.023781736
1609060480.028473139,-11.667046866,12.100599914,3.982499535,-11.650266735,12.091025486,3.985599621,0.019566630
1609060480.078821182,-11.631320094,12.087068479,3.981712660,-11.619391485,12.077898145,3.983951036,0.015211741
1609060480.128672123,-11.593802115,12.072111799,3.980794347,-11.586265950,12.065837707,3.982330912,0.009925676
1609060480.181447983,-11.549899509,12.050505282,3.979156042,-11.552848902,12.051269400,3.981925619,0.004117444
1609060480.227405071,-11.511802037,12.032735447,3.978635758,-11.485901127,12.019138439,3.979744655,0.029273972
1609060480.277834177,-11.470059375,12.013038867,3.976612378,-11.452397264,12.003614220,3.979871944,0.020282971
1609060480.328183174,-11.426194387,11.991119756,3.976238581,-11.413782370,11.984162039,3.979968862,0.014709962
1609060480.379876137,-11.382657164,11.969973768,3.976196793,-11.373318023,11.962508832,3.979407735,0.012379619
1609060480.429113150,-11.340005601,11.947541730,3.977034255,-11.336690707,11.941468307,3.979333334,0.007291142
1609060480.480789185,-11.292666362,11.921433661,3.977306609,-11.264264216,11.902556860,3.979370191,0.034165390
1609060480.532296181,-11.246843211,11.894917076,3.976795930,-11.226443903,11.880338978,3.978975391,0.025167494
1609060480.580609083,-11.202114008,11.869100742,3.976896838,-11.189014603,11.857173439,3.978992116,0.017839426
1609060480.629172087,-11.156554853,11.842592397,3.976475793,-11.149916284,11.834673324,3.979191980,0.010684568
1609060480.680544138,-11.110206215,11.815162252,3.975906952,-11.110430713,11.810585963,3.980010201,0.006150566
1609060480.729022980,-11.065343318,11.787644696,3.976595907,-11.033952981,11.762078436,3.980936791,0.040716460
1609060480.779507160,-11.019468874,11.758613248,3.977391382,-10.995165596,11.738581800,3.982083797,0.031842219
1609060480.830286980,-10.971162758,11.729348094,3.979234220,-10.954728211,11.713770087,3.983358097,0.023016842
1609060480.878767014,-10.925265176,11.702074943,3.980905433,-10.915174620,11.688267876,3.984199345,0.017415633
1609060480.928699017,-10.877293319,11.672426189,3.981461705,-10.875412905,11.662899551,3.984612285,0.010208768
1609060480.981075048,-10.830324397,11.642664068,3.979648270,-10.833068462,11.637851172,3.985626409,0.008150584
1609060481.028006077,-10.785120319,11.614762338,3.979356259,-10.754204915,11.586534758,3.985966879,0.042382293
1609060481.078581095,-10.738567213,11.584886382,3.980099327,-10.716089771,11.562247619,3.986463270,0.032530736
1609060481.128023148,-10.690896543,11.555750510,3.980276359,-10.671020045,11.534775818,3.987405565,0.029763039
1609060481.179006100,-10.644082917,11.526313454,3.983476625,-10.626166319,11.506887081,3.988011595,0.026813325
1609060481.229451180,-10.596440087,11.497523112,3.984273091,-10.586964763,11.480989307,3.988314277,0.019480238
1609060481.281218052,-10.543501604,11.464295115,3.986083177,-10.509069367,11.436273584,3.987731762,0.044424127
1609060481.326537132,-10.498893034,11.438258773,3.985884912,-10.470457059,11.411930148,3.987134415,0.038773218
1609060481.379728079,-10.447147490,11.406187657,3.984632529,-10.432287298,11.388210606,3.986330586,0.023385531
1609060481.444012165,-10.383604728,11.370075304,3.983274783,-10.354488964,11.345885585,3.983343141,0.037853333
1609060481.485725164,-10.348422763,11.352655546,3.981021036,-10.317274059,11.324303392,3.981890695,0.042128882
1609060481.527129173,-10.310197387,11.330635148,3.980425657,-10.280401860,11.303403995,3.980187773,0.040365402
1609060481.580744982,-10.257959941,11.302737262,3.978633278,-10.239581057,11.282504287,3.978230015,0.027337141
1609060481.628387213,-10.214518368,11.280849166,3.976388547,-10.201495082,11.262819917,3.977526421,0.022270037
1609060481.682008028,-10.163878426,11.255546718,3.974767228,-10.165845246,11.244474073,3.975859930,0.011298931
1609060481.727735043,-10.120916487,11.234553850,3.973502059,-10.089540556,11.207636776,3.973429811,0.041339849
1609060481.779087067,-10.074680941,11.211607166,3.971409263,-10.051577827,11.190682907,3.972825783,0.031202324
1609060481.828232050,-10.030481890,11.190999758,3.970243149,-10.015915614,11.172023363,3.972632710,0.024041422
1609060481.879717112,-9.987689361,11.170754902,3.968126115,-9.979683083,11.154517337,3.971584762,0.018431528
1609060481.933407068,-9.941322550,11.150204612,3.967496303,-9.944820724,11.139598803,3.970547652,0.011577182
1609060481.981904984,-9.900301222,11.132008464,3.966034058,-9.871339927,11.107118260,3.968944395,0.038298158
1609060482.028050184,-9.860564195,11.114842094,3.964242467,-9.837930347,11.092860865,3.967805235,0.031751517
1609060482.081947088,-9.818403250,11.097338891,3.962263551,-9.801905392,11.078169333,3.966951814,0.025722191
1609060482.128210068,-9.780015014,11.082037839,3.960344054,-9.764152717,11.065060708,3.965917835,0.023893566
1609060482.180625200,-9.738529179,11.065741978,3.960387041,-9.728698846,11.049866430,3.964520143,0.019124618
1609060482.228815079,-9.699513836,11.050253654,3.957979714,-9.662180914,11.024853684,3.961400033,0.045283596
1609060482.279059172,-9.661177863,11.034124818,3.957477795,-9.628162810,11.013073975,3.960015166,0.039237355
1609060482.327528000,-9.622970745,11.019368211,3.955557882,-9.597268154,10.999560327,3.958785578,0.032609714
1609060482.380026102,-9.576409287,11.000665909,3.951678622,-9.565082451,10.986979553,3.957169865,0.018594820
1609060482.429511070,-9.536414983,10.985529097,3.949236266,-9.533243198,10.976951878,3.955528093,0.011100269
1609060482.482517004,-9.498097213,10.972463871,3.946946580,-9.472221482,10.952889090,3.952312117,0.032886388
1609060482.527718067,-9.462932964,10.959535340,3.944664231,-9.442837814,10.941371723,3.950525407,0.027714354
1609060482.621788979,-9.402688894,10.935893295,3.942777151,-9.386381766,10.922005550,3.946547871,0.021748798
1609060482.734424114,-9.327989996,10.907315270,3.938865714,-9.304027480,10.890338275,3.940145934,0.029394890
1609060482.779277086,-9.298223262,10.895605833,3.936815050,-9.277087624,10.879728351,3.938491178,0.026488093
1609060482.828587055,-9.267164398,10.882809862,3.935492993,-9.251711446,10.868206859,3.937515106,0.021357208
1609060482.881298065,-9.236464298,10.869558060,3.934720496,-9.226499942,10.857520575,3.936725470,0.015754661
1609060482.930871010,-9.207913173,10.856847640,3.935254877,-9.201621414,10.846945156,3.936235651,0.011773162
1609060482.980209112,-9.181191934,10.843593248,3.936239433,-9.177094190,10.834469736,3.935823904,0.010010127
1609060483.028465986,-9.154100198,10.829596027,3.936332748,-9.131786665,10.810125296,3.936511697,0.029614780
1609060483.081049204,-9.127733536,10.815340689,3.936291934,-9.109259597,10.798393932,3.937307176,0.025090032
1609060483.128555059,-9.101795442,10.801720531,3.937115581,-9.087461944,10.785720743,3.938027021,0.021500537
1609060483.180977106,-9.078759675,10.786760146,3.938454474,-9.067135215,10.772056621,3.939717917,0.018786112
1609060483.230127096,-9.053745753,10.770817944,3.939701177,-9.025205234,10.745120661,3.941946260,0.038470143
1609060483.281493187,-9.029466004,10.752420726,3.939637378,-9.005315757,10.729472295,3.942899728,0.033473988
1609060483.328428030,-9.005902219,10.735400016,3.940573582,-8.985765768,10.713795537,3.943744573,0.029703288
1609060483.378969193,-8.984702579,10.714755545,3.944620972,-8.964424604,10.695402434,3.945595847,0.028047986
1609060483.430318117,-8.960244072,10.692612689,3.945970717,-8.944796429,10.676454110,3.946079115,0.022354889
1609060483.480869055,-8.937277317,10.667606827,3.947596619,-8.908422335,10.637174330,3.949090438,0.041964012
1609060483.528273106,-8.914141824,10.643626452,3.949208785,-8.889367281,10.615454339,3.950547590,0.037539823
1609060483.579897165,-8.891195647,10.613594816,3.951480593,-8.870676272,10.592916867,3.951510873,0.029131139
1609060483.628494024,-8.867558164,10.585392906,3.952562324,-8.853515021,10.570814673,3.952113491,0.020246881
1609060483.682538033,-8.845835221,10.551445876,3.950246943,-8.835253287,10.545678987,3.952385261,0.012239558
1609060483.730038166,-8.825178922,10.521767214,3.952801029,-8.799468317,10.492412999,3.952486464,0.039023122
1609060483.772054195,-8.806025566,10.493450149,3.952934039,-8.781147850,10.462740585,3.952861262,0.039521935
1609060483.822942019,-8.784417446,10.457942843,3.952989134,-8.763033657,10.432252508,3.952423104,0.033430228
1609060483.874164104,-8.763260772,10.420173048,3.952371301,-8.745532867,10.401142080,3.952214744,0.026009246
1609060483.923398018,-8.741409902,10.382220097,3.951616413,-8.728318705,10.368127975,3.951181701,0.019239447
1609060483.980666161,-8.718668789,10.338567465,3.949951967,-8.711051327,10.334463936,3.951132807,0.008732644
1609060484.028288126,-8.698619615,10.300727444,3.949702373,-8.677509631,10.267582986,3.948879237,0.039304759
1609060484.081130028,-8.677847694,10.257177503,3.950543654,-8.659976527,10.233109138,3.947452258,0.030136714
1609060484.131193161,-8.655462740,10.215759435,3.948017105,-8.641806082,10.197063361,3.946091134,0.023232668
1609060484.179687977,-8.634569685,10.174709182,3.944800515,-8.624951820,10.161546777,3.943471959,0.016355956
1609060484.229885101,-8.611766395,10.129489831,3.941757628,-8.591633182,10.085807498,3.937734296,0.048266756
1609060484.281463146,-8.593816731,10.083971621,3.936347490,-8.575615625,10.047517557,3.934838615,0.040773223
1609060484.329643011,-8.571930195,10.041052126,3.932374991,-8.557503770,10.010142557,3.931710434,0.034116929
1609060484.380283117,-8.551658984,9.994934957,3.928108728,-8.539726041,9.970428978,3.927744522,0.027259325
1609060484.429648161,-8.529018721,9.951074375,3.923405694,-8.520713214,9.932222818,3.923717974,0.020602431
1609060484.481362104,-8.506604199,9.907418573,3.917041379,-8.485348972,9.860284969,3.913487593,0.051826544
1609060484.534080029,-8.481094700,9.861518119,3.910342428,-8.465844048,9.823479896,3.909207882,0.040997268
1609060484.579492092,-8.456741091,9.819208519,3.907213378,-8.445874587,9.787289274,3.904641864,0.033816147
1609060484.629556179,-8.428870840,9.776121261,3.900730379,-8.426386134,9.752552591,3.899379014,0.023737779
1609060484.681941986,-8.403195764,9.728508005,3.890999802,-8.404538803,9.716727671,3.893120933,0.012044883
1609060484.730236053,-8.373564286,9.687607937,3.884743717,-8.358504373,9.648477993,3.882941262,0.041966681
1609060484.779811144,-8.346271452,9.646387770,3.875744150,-8.334155803,9.614862451,3.877498237,0.033818804
1609060484.828018188,-8.318248913,9.608834557,3.871039012,-8.310488819,9.583953244,3.872401643,0.026098957
1609060484.878533125,-8.285966777,9.569382638,3.864336421,-8.284659860,9.552438962,3.866270225,0.017103678
1609060484.930534124,-8.254834221,9.531362467,3.860258493,-8.258595598,9.522264639,3.860917812,0.009866769
1609060484.981159210,-8.220416233,9.494857921,3.853643694,-8.201685982,9.462780897,3.850185817,0.037305693
1609060485.028194189,-8.186301783,9.462610064,3.846717391,-8.173891837,9.437525537,3.844716398,0.028057873
1609060485.079768181,-8.150039664,9.429353916,3.838195771,-8.141601034,9.410360960,3.839558141,0.020827840
1609060485.129080057,-8.112787805,9.398890842,3.831106328,-8.111788502,9.384590871,3.834359764,0.014699409
1609060485.180635214,-8.074972632,9.370122505,3.822992357,-8.080096755,9.361291910,3.829773832,0.012256609
1609060485.228953123,-8.036130749,9.342900439,3.817712745,-8.012490530,9.315549947,3.820647946,0.036270164
1609060485.278696060,-7.995657410,9.315862717,3.812714628,-7.978540199,9.294278813,3.816176295,0.027764131
1609060485.329076052,-7.950973301,9.290578266,3.806745288,-7.939587888,9.270232055,3.811482029,0.023791440
1609060485.380200148,-7.908423259,9.266778574,3.801147672,-7.897551065,9.248075658,3.806257484,0.022228671
1609060485.430720091,-7.862068532,9.243894466,3.795815780,-7.858177151,9.229537444,3.801843100,0.016049783
1609060485.481105089,-7.820741917,9.221696206,3.792829464,-7.782924955,9.194484314,3.792221594,0.046593768
1609060485.527322054,-7.776466313,9.202878334,3.788589732,-7.742812601,9.177606777,3.788596222,0.042085912
1609060485.581003189,-7.727709601,9.182439385,3.783273883,-7.701232046,9.162221939,3.784463481,0.033334985
1609060485.629459143,-7.680372054,9.164842899,3.778950551,-7.662795330,9.148558324,3.779680847,0.023972108
1609060485.682391167,-7.624392445,9.146138853,3.769151622,-7.622143996,9.133002781,3.775263008,0.014661546
1609060485.728686094,-7.576334082,9.131137663,3.764373037,-7.538087038,9.107511194,3.768548534,0.045149542
1609060485.780714035,-7.524855396,9.112157118,3.759822073,-7.496793957,9.094202303,3.765007939,0.033715175
1609060485.828873158,-7.474654766,9.096846626,3.755072785,-7.459639856,9.080741964,3.762185005,0.023138524
1609060485.880715132,-7.424779006,9.079831739,3.754658898,-7.421341483,9.069009773,3.759105509,0.012194420
1609060485.935539007,-7.371484155,9.063972560,3.751249785,-7.337651989,9.045807272,3.752291114,0.038414548
1609060485.979164124,-7.326674916,9.050584058,3.746861794,-7.298118824,9.032985234,3.748203071,0.033570345
1609060486.027441025,-7.280223013,9.036104140,3.744345600,-7.256907813,9.020928261,3.744767139,0.027822357
1609060486.080199003,-7.228211620,9.019799029,3.739203111,-7.214522428,9.009527260,3.740916001,0.017199919
1609060486.128912210,-7.180685393,9.004983427,3.733261985,-7.173984392,8.997515567,3.735886716,0.010371189
1609060486.179495096,-7.133246120,8.990526513,3.725781934,-7.133882313,8.983960136,3.729284290,0.007469172
1609060486.228121042,-7.087472500,8.975499404,3.717343953,-7.054993860,8.959607415,3.715530383,0.036203680
1609060486.281726122,-7.040080020,8.957324725,3.707467057,-7.017325622,8.945290994,3.708584052,0.025764724
1609060486.327965021,-6.998791905,8.940848545,3.698943526,-6.979113830,8.929457382,3.699991166,0.022761431
1609060486.380213022,-6.954705996,8.921555509,3.689305289,-6.944426724,8.914316270,3.693488470,0.013250246
1609060486.428727150,-6.911568479,8.901748215,3.679589132,-6.868163707,8.880817030,3.677118050,0.048251373
1609060486.481432199,-6.869520575,8.881745358,3.670199190,-6.832778552,8.861580924,3.668698977,0.041938423
1609060486.527513027,-6.830944576,8.861085348,3.661419092,-6.799200688,8.842721579,3.661671039,0.036673776
1609060486.580152035,-6.790852223,8.837489534,3.654471084,-6.766059750,8.824531304,3.654215934,0.027975839
1609060486.629222155,-6.751390880,8.814308815,3.645236049,-6.732426155,8.803805581,3.646249966,0.021702690
1609060486.680812120,-6.713364414,8.787990355,3.638532946,-6.669589591,8.760030715,3.631139835,0.052465557
1609060486.728094101,-6.676838223,8.762101822,3.630390246,-6.636775732,8.735878215,3.623494883,0.048375891
1609060486.779956102,-6.635932460,8.729776667,3.622107788,-6.606423444,8.710487059,3.615797431,0.035814685
1609060486.829302073,-6.598397202,8.698708296,3.614126805,-6.577443845,8.684411453,3.608521320,0.025978151
1609060486.881893158,-6.558762336,8.660848898,3.602493864,-6.546452092,8.656970747,3.601030440,0.012989372
1609060486.933675051,-6.519640132,8.623876892,3.593948107,-6.491357201,8.601440790,3.588721826,0.036477622
1609060486.980293036,-6.489862927,8.587885782,3.583970669,-6.465132605,8.573442784,3.582909846,0.028658583
1609060487.030152082,-6.456727446,8.554872236,3.579879075,-6.438449333,8.545723325,3.575988339,0.020806965
1609060487.081585169,-6.421566902,8.515958706,3.572654680,-6.411760437,8.514482163,3.570225597,0.010210161
1609060487.134253025,-6.389936557,8.476841688,3.563915367,-6.358500440,8.450889116,3.558405280,0.041135465
1609060487.179390192,-6.360399586,8.441078115,3.557499891,-6.333220786,8.416318453,3.553241169,0.037011684
1609060487.229357004,-6.328819061,8.400027063,3.550773944,-6.307257259,8.380925521,3.548038221,0.028935520
1609060487.281926155,-6.297129665,8.356599159,3.544464004,-6.283241945,8.346868217,3.543570575,0.016981113
1609060487.332370996,-6.268400849,8.314379463,3.538262421,-6.260375088,8.313987289,3.539288777,0.008100620
1609060487.381510019,-6.241504311,8.272233448,3.532534731,-6.212722579,8.241729897,3.531655996,0.041947906
1609060487.429805994,-6.214678764,8.231960722,3.527877490,-6.191704918,8.208291041,3.527330246,0.032990163
1609060487.481407166,-6.187982072,8.189347528,3.522915600,-6.169244574,8.171961269,3.523854794,0.025578466
1609060487.531018019,-6.160154109,8.146846255,3.517449139,-6.147733047,8.136014923,3.519448095,0.016601095
1609060487.573276997,-6.138945521,8.112327092,3.514708085,-6.127121995,8.101388417,3.516156076,0.016172416
1609060487.623480082,-6.111071418,8.069619466,3.509437658,-6.085312408,8.029205903,3.506886530,0.047992613
1609060487.680495024,-6.084358699,8.020164244,3.502884801,-6.065334830,7.994335525,3.502491355,0.032080915
1609060487.728843212,-6.058450212,7.979503391,3.497271153,-6.043692740,7.954510652,3.497820199,0.029029665
1609060487.780599117,-6.036293045,7.936891534,3.491484858,-6.021345708,7.913220648,3.492399990,0.028010198
1609060487.831240177,-6.011094967,7.894068404,3.485349010,-6.001011372,7.876785315,3.488004589,0.020185048
1609060487.881911993,-5.983973881,7.847826630,3.479781326,-5.965532057,7.807299020,3.477871129,0.044567217
1609060487.928303003,-5.960465870,7.808091761,3.473892682,-5.946384743,7.771130320,3.472727495,0.039569988
1609060487.979984045,-5.938247739,7.760081454,3.465104315,-5.928009516,7.735311417,3.467588960,0.026917455
1609060488.029487133,-5.913489555,7.716905455,3.458354683,-5.911495457,7.701105023,3.462062055,0.016351596
1609060488.082446098,-5.897107662,7.670634207,3.450395064,-5.893041116,7.665715801,3.455951502,0.008461767
1609060488.130092144,-5.878423506,7.629494548,3.444988983,-5.859080849,7.597848177,3.443749693,0.037110201
1609060488.181658030,-5.855899198,7.584751181,3.436791687,-5.842178755,7.561548312,3.436836036,0.026955994
1609060488.228613138,-5.837207140,7.546223637,3.429531051,-5.825536470,7.527431117,3.430766567,0.022156033
1609060488.281764984,-5.814896179,7.501408186,3.421062965,-5.810332436,7.495488853,3.424337589,0.008160233
1609060488.328850031,-5.796443845,7.462429529,3.413921211,-5.778542129,7.427676684,3.410820844,0.039215354
1609060488.380331039,-5.778382224,7.420884709,3.406554478,-5.763198586,7.394705826,3.404531221,0.030331013
1609060488.429883003,-5.759079028,7.381747233,3.399675765,-5.747615781,7.360990016,3.398553666,0.023738728
1609060488.480764151,-5.740095866,7.342520132,3.392990502,-5.732062451,7.327814694,3.392068875,0.016781986
1609060488.535542011,-5.720841883,7.300211406,3.380992258,-5.716439310,7.294587994,3.385679762,0.008542722
1609060488.580343008,-5.704660284,7.265412644,3.372943753,-5.701216954,7.260835100,3.379015028,0.008346904
1609060488.629785061,-5.684733974,7.228105840,3.365360499,-5.669968747,7.196793478,3.367269662,0.034671614
1609060488.681182146,-5.667146574,7.190028403,3.363266586,-5.654970632,7.167440152,3.362475348,0.025673112
1609060488.733952999,-5.645638690,7.152258778,3.357044359,-5.638226826,7.136649964,3.357135765,0.017279443
1609060488.780320168,-5.629143738,7.119824282,3.350382847,-5.621209410,7.108034582,3.351963283,0.014298544
1609060488.830223083,-5.606770252,7.085818938,3.344088339,-5.588601716,7.051426909,3.341553805,0.038978598
1609060488.878646135,-5.590385588,7.053642310,3.337975721,-5.572802076,7.022984039,3.336429022,0.035376571
1609060488.926599026,-5.570643737,7.020003722,3.332307627,-5.556392503,6.993312027,3.331676372,0.030264546
1609060488.980388165,-5.546389495,6.979509112,3.322668522,-5.538552151,6.961617749,3.327407359,0.020099288
1609060489.026468992,-5.525401570,6.948006487,3.317417228,-5.521296244,6.932821950,3.323077537,0.016717146
1609060489.085741043,-5.502538691,6.906387016,3.312035420,-5.487245798,6.878157334,3.316173304,0.032371432
1609060489.127518177,-5.482820366,6.877408200,3.309079375,-5.471245054,6.848236076,3.314171235,0.031795089
1609060489.181252003,-5.460020656,6.837847204,3.310675243,-5.449637553,6.821695288,3.312409112,0.019279511
1609060489.229586124,-5.440506359,6.805303800,3.308290682,-5.431805035,6.795126939,3.309816691,0.013476284
1609060489.282239199,-5.415025476,6.768393304,3.305527139,-5.412671658,6.766252711,3.307865452,0.003948456
1609060489.327752113,-5.394102529,6.737679191,3.303660122,-5.374285211,6.712195045,3.304337097,0.032289720
1609060489.379934072,-5.367356966,6.702010074,3.301009562,-5.352958623,6.684064009,3.302681403,0.023068780
1609060489.424185991,-5.343288263,6.672792722,3.298774401,-5.331821177,6.657719900,3.301335282,0.019111310
1609060489.474608183,-5.315784268,6.641971567,3.296428860,-5.310724730,6.632402964,3.299747721,0.011321304
1609060489.524008036,-5.288457838,6.609317423,3.294113299,-5.288378829,6.605264092,3.298176471,0.005739782
1609060489.573360205,-5.265225209,6.577985187,3.290824877,-5.244007017,6.552198943,3.293848156,0.033530318
1609060489.623059988,-5.236024204,6.546047071,3.288131942,-5.220853251,6.525239291,3.292310368,0.026087942
1609060489.680881023,-5.205273107,6.509687225,3.287724689,-5.196836090,6.498616568,3.290439871,0.014181499
1609060489.728197098,-5.175159114,6.480378707,3.285233765,-5.171072675,6.472104797,3.288377159,0.009748718
1609060489.780966043,-5.146752128,6.449717890,3.283080913,-5.145556105,6.445607461,3.287110909,0.005879368
1609060489.828963041,-5.115826696,6.421036424,3.280917318,-5.094206085,6.394548398,3.283454418,0.034285612
1609060489.879400015,-5.086706962,6.393723581,3.276502239,-5.069356790,6.371914698,3.281176441,0.028257813
1609060489.928678036,-5.054087032,6.366337833,3.273552652,-5.039568910,6.345237581,3.278820593,0.026148570
1609060489.979420185,-5.022506917,6.339195854,3.275270088,-5.008979415,6.319112248,3.276149091,0.024230501
1609060490.031026125,-4.985703445,6.312504995,3.273681847,-4.979154948,6.296846912,3.274506050,0.016992282
1609060490.081745148,-4.947915759,6.284695994,3.270157745,-4.920770405,6.256461726,3.271319901,0.039184114
1609060490.129084110,-4.910782693,6.261752116,3.268438271,-4.890651640,6.235903862,3.269643582,0.032784818
1609060490.180391073,-4.872691646,6.235572302,3.265335466,-4.858946253,6.216551980,3.267923294,0.023609433
1609060490.229308128,-4.833424204,6.212243515,3.263098626,-4.829154879,6.198588310,3.265969124,0.014592173
1609060490.280956984,-4.797776916,6.187185634,3.262767277,-4.798127351,6.179117359,3.263906102,0.008155782
1609060490.329324007,-4.762246638,6.166762726,3.261609467,-4.737125996,6.144259623,3.260644500,0.033739701
1609060490.380764008,-4.720698772,6.143737036,3.259335930,-4.704578608,6.126366826,3.258999347,0.023700151
1609060490.429780006,-4.684157369,6.123508822,3.256302409,-4.673989428,6.108368636,3.256992770,0.018250722
1609060490.481692076,-4.642876958,6.101058372,3.253654107,-4.643974691,6.092063533,3.255103839,0.009176811
1609060490.529579163,-4.606989883,6.079412455,3.250471771,-4.580072168,6.057053776,3.250287925,0.034992967
1609060490.579999208,-4.570730012,6.055972200,3.245535857,-4.549908138,6.038775231,3.247173730,0.027054922
1609060490.629163027,-4.533872909,6.034549227,3.242179934,-4.518577763,6.019855401,3.244313015,0.021316661
1609060490.681888103,-4.497546284,6.011811366,3.239296008,-4.486513198,6.001656765,3.241067926,0.015099159
1609060490.728027105,-4.463124782,5.990410406,3.235541679,-4.455806323,5.981659797,3.237316481,0.011544822
1609060490.781954050,-4.425032230,5.964416361,3.231434413,-4.424475296,5.960417708,3.233262668,0.004431920
1609060490.830234051,-4.389456789,5.939956959,3.226601873,-4.364142444,5.918985058,3.225773398,0.032883477
1609060490.882236004,-4.355925688,5.912350689,3.220578691,-4.335407688,5.896364443,3.221238267,0.026018906
1609060490.927493095,-4.324070876,5.885500454,3.215972917,-4.306368236,5.871916528,3.217383432,0.022358356
1609060490.979726076,-4.291387358,5.854224379,3.211292790,-4.277817629,5.846718609,3.213480964,0.015660851
1609060491.030094147,-4.256613880,5.821562488,3.207272617,-4.222620811,5.793021374,3.206499970,0.044392802
1609060491.081507206,-4.224966893,5.788749884,3.205626329,-4.195774182,5.764389555,3.203693240,0.038070682
1609060491.128799200,-4.193049469,5.755435681,3.203001235,-4.169106391,5.734753238,3.201251134,0.031687494
1609060491.179252148,-4.158871627,5.714176525,3.202448414,-4.142169490,5.701667794,3.199336802,0.021097675
1609060491.237707138,-4.119921713,5.666518385,3.200807188,-4.090340021,5.634459026,3.195204551,0.043980320
1609060491.285046101,-4.092070863,5.625103339,3.198023037,-4.064113771,5.597913761,3.192980909,0.039322960
1609060491.327813148,-4.063329819,5.587269083,3.196407918,-4.038490509,5.560351065,3.192400220,0.036846066
1609060491.379707098,-4.033318917,5.538441764,3.192710701,-4.013500261,5.522034509,3.191378276,0.025763395
1609060491.431063175,-4.001707687,5.490146005,3.193558468,-3.990229863,5.485691272,3.190550282,0.012674157
1609060491.483215094,-3.968843546,5.438388827,3.193789353,-3.965973521,5.445483800,3.191148958,0.008096133
1609060491.534535170,-3.941917881,5.388326054,3.195201031,-3.919041186,5.361370827,3.191977099,0.035501002
1609060491.580775023,-3.914269673,5.340774947,3.196079264,-3.895304886,5.317450666,3.193192675,0.030199630
1609060491.630144119,-3.886284264,5.289909384,3.196400715,-3.871596516,5.273114523,3.194094456,0.022430251
1609060491.681989193,-3.859190890,5.235833784,3.196359877,-3.849766553,5.228901869,3.195929593,0.011707037
1609060491.729292154,-3.833791479,5.186162486,3.196780496,-3.829133901,5.187650558,3.196400448,0.004904266
1609060491.782570124,-3.806239594,5.130979015,3.197063908,-3.784858974,5.098009120,3.199630126,0.039379313
1609060491.829774141,-3.780112374,5.082895172,3.199335935,-3.763925618,5.056209410,3.201103976,0.031261269
1609060491.882502079,-3.752551277,5.030130010,3.202850242,-3.741759376,5.011577996,3.203013489,0.021463202
1609060491.929095984,-3.726648767,4.982333193,3.203824472,-3.720992311,4.969665736,3.203921009,0.013873330
1609060491.981079102,-3.702647963,4.929720883,3.202645911,-3.700487900,4.928558717,3.204745271,0.003228593
1609060492.029659986,-3.674624058,4.881575703,3.202713716,-3.655129652,4.843308350,3.207089595,0.043169092
1609060492.080188990,-3.650773732,4.833699756,3.203924155,-3.633943006,4.803434333,3.207944615,0.034863064
1609060492.128679991,-3.623442478,4.787411516,3.203914991,-3.611002685,4.761478332,3.208347344,0.029101963
1609060492.182240009,-3.595335196,4.737777314,3.204037246,-3.589180966,4.723560605,3.208270828,0.016059657
1609060492.230466127,-3.567725970,4.693909926,3.203927960,-3.542692384,4.647225290,3.207833778,0.053116768
1609060492.279041052,-3.537971448,4.648025984,3.204311094,-3.518365525,4.610372105,3.208062725,0.042617855
1609060492.328356028,-3.506495512,4.605376815,3.204029448,-3.493402829,4.574662235,3.207848599,0.033606393
1609060492.380124092,-3.474779966,4.558851716,3.203450092,-3.466819070,4.539121285,3.207841168,0.021724348
1609060492.428395033,-3.440860450,4.519610063,3.203661658,-3.439471868,4.504566067,3.208018658,0.015723658
1609060492.484305143,-3.404828377,4.473976775,3.205761643,-3.385992000,4.443769429,3.209911273,0.035840093
1609060492.534708023,-3.370101457,4.437508380,3.207732995,-3.356648628,4.414114568,3.211132559,0.027199377
1609060492.579715014,-3.336473854,4.405199047,3.209735082,-3.326930996,4.384746394,3.213330199,0.022853928
1609060492.630504131,-3.301001297,4.371044049,3.212029679,-3.298351328,4.360258222,3.214631762,0.011407333
1609060492.682944059,-3.260571350,4.336563004,3.214792991,-3.266403364,4.332971734,3.216635948,0.007092679
1609060492.730010033,-3.224225805,4.309001189,3.216586043,-3.201103353,4.284853059,3.220585444,0.033671578
1609060492.779417038,-3.187444285,4.282134950,3.218051970,-3.167986267,4.261301456,3.222875498,0.028912201
1609060492.828896046,-3.147569348,4.254805158,3.221240726,-3.134825952,4.238559232,3.225500692,0.021082494
1609060492.881380081,-3.106066627,4.226818031,3.225162340,-3.100137384,4.216246976,3.229099918,0.012743926
1609060492.929259062,-3.066867632,4.202714759,3.229314476,-3.064866152,4.195713653,3.232641618,0.008005703
1609060492.980987072,-3.025092701,4.178510064,3.234208357,-3.028526560,4.174427889,3.236056913,0.005645592
1609060493.029018164,-2.982444819,4.156159275,3.237840105,-2.958571463,4.135057385,3.242188162,0.032157931
1609060493.079579115,-2.942181370,4.133238778,3.242749048,-2.922918644,4.116735716,3.245304397,0.025493793
1609060493.128925085,-2.899529922,4.110595616,3.246327919,-2.886407097,4.097187428,3.248131554,0.018847842
1609060493.180499077,-2.858859121,4.086845794,3.248313728,-2.851639131,4.078082054,3.249714198,0.011440835
1609060493.228688002,-2.816264106,4.064863620,3.249601674,-2.781173357,4.041390048,3.252356812,0.042307918
1609060493.280271053,-2.777508189,4.040239576,3.249417142,-2.745748712,4.021707744,3.252869983,0.036932578
1609060493.328587055,-2.736146006,4.016089036,3.249125773,-2.710321055,3.999935933,3.252744508,0.030674844
1609060493.380046129,-2.690297837,3.986460344,3.247461353,-2.672423585,3.975660834,3.252795997,0.021554042
1609060493.428469181,-2.647564310,3.959326921,3.246575454,-2.635112776,3.952465592,3.253031316,0.015613990
1609060493.480937004,-2.603588197,3.924967464,3.248985061,-2.567651824,3.905626464,3.251602512,0.040894354
1609060493.529367208,-2.560453754,3.893749549,3.248110726,-2.532539672,3.878478870,3.251280253,0.031975545
1609060493.579791069,-2.516878351,3.860599541,3.252273458,-2.496910515,3.850924507,3.250728555,0.022242021
1609060493.628499031,-2.476934367,3.825949907,3.250563234,-2.463239674,3.824049623,3.249206015,0.013892362
1609060493.682790041,-2.429906555,3.784551999,3.248357711,-2.428404229,3.792664809,3.247636454,0.008282202
1609060493.728916168,-2.393328282,3.749103494,3.245233670,-2.361029762,3.729210011,3.244788498,0.037936041
1609060493.780441999,-2.348643397,3.705713912,3.242237808,-2.325410757,3.693198186,3.243257351,0.026409060
1609060493.829635143,-2.307488932,3.663371648,3.239884712,-2.292081848,3.657052042,3.241448752,0.016726084
1609060493.883442163,-2.263884889,3.616367085,3.237730734,-2.259343047,3.622228898,3.238913895,0.007509264
1609060493.929495096,-2.225173494,3.573236763,3.235591722,-2.191568300,3.542221051,3.235737674,0.045730785
1609060493.978958130,-2.185562148,3.524311415,3.233211874,-2.159084841,3.499883402,3.234381800,0.036043646
1609060494.028350115,-2.144843683,3.473323886,3.231122249,-2.125415477,3.454313186,3.234099123,0.027344536
1609060494.082203150,-2.103566180,3.415900651,3.229947438,-2.090688389,3.409114652,3.232799628,0.014833148
1609060494.129577160,-2.063802693,3.362898017,3.228156542,-2.058871205,3.364294182,3.230420373,0.005603014
1609060494.183086157,-2.023674832,3.303703771,3.226691956,-1.991515558,3.264740085,3.229604412,0.050605041
1609060494.228484154,-1.986177977,3.250358514,3.225586092,-1.960718796,3.217288761,3.228997738,0.041873831
1609060494.280737162,-1.948376402,3.187649465,3.226569451,-1.926748641,3.163868435,3.227845597,0.032170265
1609060494.329248190,-1.908451152,3.128172655,3.226069501,-1.893656536,3.111677271,3.226773194,0.022169202
1609060494.374109983,-1.875710493,3.072943081,3.222138337,-1.862042060,3.059907569,3.226303853,0.019341721
1609060494.429419041,-1.831035859,3.002614820,3.220671948,-1.796710871,2.950190359,3.224332308,0.062768838
1609060494.481046200,-1.784724443,2.928501974,3.225299799,-1.765327827,2.896246124,3.224341653,0.037650851
1609060494.533081055,-1.739989781,2.857542462,3.225254902,-1.730076865,2.837573805,3.223563262,0.022357880
1609060494.580868006,-1.701319237,2.786998314,3.223477328,-1.697214749,2.780494806,3.223064885,0.007701464
1609060494.630129099,-1.658804146,2.717542867,3.223521406,-1.633088229,2.667181617,3.221314744,0.056590046
1609060494.679522991,-1.623745418,2.645931914,3.218613329,-1.600595119,2.608029371,3.220332261,0.044446528
1609060494.730046988,-1.584558684,2.573119386,3.218225851,-1.567574717,2.549367349,3.220536377,0.029290834
1609060494.779560089,-1.543298468,2.500803641,3.217763267,-1.534147918,2.488909696,3.220489774,0.015252290
1609060494.830006123,-1.504554112,2.426973043,3.219057307,-1.503404247,2.431117246,3.220670708,0.004593438
1609060494.881098986,-1.461496625,2.350974149,3.219278670,-1.435695247,2.307606769,3.221762066,0.050523341
1609060494.928388119,-1.424092696,2.281283372,3.219783973,-1.402540359,2.244393296,3.221081630,0.042744179
1609060494.981044054,-1.385879479,2.204983652,3.220760022,-1.370315429,2.183008123,3.221011268,0.026930033
1609060495.029597044,-1.346685658,2.133026720,3.220773271,-1.338951074,2.124635702,3.220376968,0.011418845
1609060495.082610130,-1.305151152,2.054212231,3.220137773,-1.304259948,2.061595074,3.221049786,0.007492154
1609060495.129621983,-1.266300568,1.983733847,3.220716823,-1.237795808,1.936062033,3.221006990,0.055544644
1609060495.180171013,-1.225840717,1.907752270,3.222304521,-1.202918384,1.871570894,3.222882980,0.042835265
1609060495.229920149,-1.183440627,1.832116213,3.223801698,-1.167532852,1.805522412,3.223792771,0.030988508
1609060495.281436205,-1.146919771,1.758908608,3.226363793,-1.134313002,1.741766178,3.225028440,0.021320804
1609060495.335170031,-1.102939983,1.679317892,3.228475569,-1.101136290,1.679511269,3.226810097,0.002462620
1609060495.382240057,-1.069510332,1.610266690,3.230366677,-1.065809835,1.612928732,3.227376389,0.005451786
1609060495.429296017,-1.030794786,1.540204183,3.232328972,-1.000211104,1.486879204,3.231467122,0.061478921
1609060495.483244181,-0.988544418,1.460647783,3.235186396,-0.967205642,1.424889304,3.233416363,0.041679074
1609060495.528154135,-0.952464487,1.394615995,3.237723429,-0.933704499,1.361103850,3.235569885,0.038466073
1609060495.580590010,-0.907509585,1.309210993,3.240013889,-0.901207160,1.296931098,3.236480045,0.014247963
1609060495.628806114,-0.866917270,1.235891228,3.242848399,-0.837113574,1.172769303,3.241678384,0.069814086
1609060495.681596041,-0.825434094,1.149713485,3.244653767,-0.805307655,1.110413621,3.243975734,0.044158946
1609060495.728053093,-0.786329528,1.077205128,3.247712747,-0.775228782,1.050720609,3.246988666,0.028725957
1609060495.781130075,-0.747689321,0.992676625,3.250842510,-0.745857485,0.991173127,3.249720354,0.002622091
1609060495.830497026,-0.710784575,0.916983122,3.254766976,-0.683124295,0.868421135,3.254519745,0.055887555
1609060495.881890059,-0.669948065,0.837065679,3.257956813,-0.652257294,0.805430910,3.257045853,0.036256749
1609060495.929169178,-0.634990540,0.766316670,3.261078092,-0.623170721,0.745758375,3.260086996,0.023734656
1609060495.979615211,-0.596293970,0.689054582,3.264159750,-0.591049538,0.681773144,3.262922529,0.009058373
1609060496.030449152,-0.559079919,0.613627662,3.267030093,-0.560611592,0.620334410,3.265620562,0.007022341
1609060496.082633018,-0.523422826,0.537929661,3.269908179,-0.499661366,0.493562529,3.271095501,0.050343411
1609060496.130023003,-0.489672601,0.469827802,3.272375389,-0.469570200,0.433154098,3.274114971,0.041858013
1609060496.181450129,-0.455526718,0.396622580,3.275116472,-0.440845864,0.372602337,3.277456459,0.028248452
1609060496.229318142,-0.423401336,0.328674357,3.278861985,-0.414741500,0.316836397,3.280386927,0.014746372
1609060496.281906128,-0.389825628,0.255398583,3.283483652,-0.386991772,0.256650381,3.284046962,0.003148818
1609060496.329352140,-0.357386329,0.190429594,3.287307607,-0.334255418,0.148136035,3.292019429,0.048435374
1609060496.380367041,-0.325829857,0.123907713,3.294719834,-0.309930181,0.095996610,3.294562718,0.032122486
1609060496.429882050,-0.294366408,0.060796905,3.298914699,-0.284939612,0.041553059,3.297386038,0.021483177
1609060496.482614040,-0.266562357,-0.003273015,3.304017380,-0.258637283,-0.013177068,3.300757036,0.013096828
1609060496.530198097,-0.237633205,-0.060547827,3.307054648,-0.210631409,-0.116113964,3.306498570,0.061781889
1609060496.579577208,-0.211180938,-0.118388869,3.308716400,-0.187430686,-0.167036459,3.308461700,0.054136193
1609060496.629139185,-0.182007288,-0.176992174,3.312101753,-0.163613048,-0.217272934,3.311504005,0.044285946
1609060496.680529118,-0.151819480,-0.242408035,3.312934493,-0.141382721,-0.266433336,3.313924211,0.026212984
1609060496.729876995,-0.123820402,-0.298019333,3.315410818,-0.119887506,-0.314175011,3.316544079,0.016666070
1609060496.781874180,-0.099209324,-0.358049241,3.317252137,-0.098299298,-0.362419990,3.318586986,0.004659765
1609060496.830726147,-0.072663303,-0.410726541,3.318685169,-0.057081996,-0.451065930,3.321169145,0.043315281
1609060496.879760027,-0.049781077,-0.466558375,3.322027937,-0.038959558,-0.491149925,3.321262613,0.026878157
1609060496.931555986,-0.027807328,-0.518506869,3.323941756,-0.018386848,-0.536647688,3.321388132,0.020599896
1609060496.979130030,-0.004416452,-0.566073825,3.323490688,0.002798505,-0.581568063,3.320808969,0.017300827
1609060497.030738115,0.018732919,-0.614389956,3.321548880,0.021536078,-0.621414183,3.320352940,0.007656876
1609060497.082527161,0.043075453,-0.663788242,3.319754067,0.055830229,-0.695718915,3.317330175,0.034469225
1609060497.128504992,0.063497054,-0.705111777,3.317745260,0.073792077,-0.733090481,3.315870689,0.029871549
1609060497.180168152,0.083321295,-0.750484211,3.314630886,0.091132686,-0.769152604,3.313450407,0.020271168
1609060497.229369164,0.104393193,-0.792955549,3.311616130,0.106370274,-0.803048078,3.310915316,0.010308208
1609060497.282119989,0.125281925,-0.836205984,3.307889419,0.123442517,-0.839577249,3.307996109,0.003841905
1609060497.331099033,0.144664417,-0.876469473,3.305222803,0.155815628,-0.908944826,3.300499561,0.034659877
1609060497.379763126,0.162440905,-0.915100159,3.302082520,0.172546617,-0.943541423,3.296483047,0.030698290
1609060497.430797100,0.184453120,-0.954938576,3.297114071,0.188564341,-0.976454909,3.292615384,0.022362757
1609060497.479521990,0.200412918,-0.993003528,3.290919686,0.204139743,-1.010155358,3.287844360,0.017819431
1609060497.539794207,0.223088174,-1.039987269,3.282655418,0.235044667,-1.075728058,3.278412434,0.037925778
1609060497.585959196,0.238124776,-1.076217650,3.274085296,0.251135148,-1.107690187,3.273065840,0.034070950
1609060497.628929138,0.255459655,-1.109522521,3.267539554,0.266199512,-1.138513539,3.268508030,0.030931563
1609060497.679800987,0.274132289,-1.148287079,3.263385033,0.282451264,-1.172252752,3.262130762,0.025399450
1609060497.728677988,0.294827005,-1.186425295,3.256430183,0.298506463,-1.204324963,3.256194411,0.018275451
1609060497.782530069,0.317977036,-1.231566297,3.250273935,0.314620593,-1.235499023,3.250150742,0.005171771
1609060497.828576088,0.338987263,-1.267119667,3.244351714,0.348055942,-1.299843965,3.237289541,0.034684217
1609060497.881426096,0.359565821,-1.310678503,3.233365276,0.364203626,-1.330343563,3.232067036,0.020246215
1609060497.928340197,0.381297691,-1.348100068,3.227317453,0.382777432,-1.366105469,3.226017563,0.018112807
1609060497.980730057,0.400266241,-1.391512366,3.220185196,0.401406560,-1.402633319,3.219736480,0.011188265
1609060498.030624151,0.418978620,-1.431289457,3.213480750,0.418626662,-1.435508598,3.214974384,0.004489540
1609060498.081089020,0.441967153,-1.472672967,3.207837148,0.451847201,-1.500109200,3.207053620,0.029171495
1609060498.129364014,0.460762035,-1.511523176,3.205594070,0.469733985,-1.532517544,3.205384221,0.022832070
1609060498.179213047,0.483423006,-1.552369677,3.201935436,0.488028155,-1.566068542,3.202800150,0.014478054
1609060498.229629040,0.506079717,-1.592961656,3.198328257,0.504650558,-1.598114643,3.200512090,0.005776236
1609060498.282165051,0.527926911,-1.634282103,3.195105357,0.523496433,-1.631570006,3.197928202,0.005912112
1609060498.330411196,0.549896747,-1.670389364,3.193509371,0.560594924,-1.696362574,3.196577976,0.028257300
1609060498.380028009,0.571500643,-1.708316904,3.192225215,0.579103814,-1.730486854,3.195990700,0.023738023
1609060498.428318977,0.593204955,-1.747656719,3.191781097,0.598085001,-1.763263175,3.195829693,0.016845399
1609060498.482119083,0.616752457,-1.789766539,3.192655630,0.616225576,-1.795394515,3.195500316,0.006328029
1609060498.530372143,0.640364990,-1.828603442,3.191932784,0.636340672,-1.830204000,3.194826871,0.005208902
1609060498.580444098,0.659776116,-1.869368634,3.194218372,0.675411420,-1.899004356,3.193846242,0.033509361
1609060498.629819155,0.683701216,-1.908957475,3.193652718,0.695225138,-1.933949241,3.193127648,0.027525711
1609060498.681581020,0.703655319,-1.952315479,3.191322971,0.714873379,-1.970383204,3.192855119,0.021322172
1609060498.728110075,0.726405415,-1.991019321,3.190675153,0.735261492,-2.006046526,3.191339901,0.017455340
1609060498.786158085,0.751520423,-2.041757449,3.188047743,0.774662945,-2.078536311,3.188508770,0.043456571
1609060498.829328060,0.772515868,-2.080440728,3.186332944,0.793086814,-2.117108541,3.187203392,0.042052943
1609060498.881321192,0.797762186,-2.131727494,3.186503887,0.812392514,-2.154024829,3.185371746,0.026692684
1609060498.928911209,0.822766046,-2.176516614,3.184832790,0.833828395,-2.195656532,3.183215617,0.022165903
1609060498.980941057,0.846985478,-2.229270022,3.181424291,0.854665039,-2.235844598,3.180585920,0.010144140
1609060499.029283047,0.873768228,-2.275891193,3.179578630,0.875196330,-2.277531282,3.177600593,0.002939727
1609060499.083007097,0.899484956,-2.330415600,3.174868285,0.918051659,-2.362276772,3.173779257,0.036892312
1609060499.128166199,0.919124761,-2.377741463,3.173955006,0.938644391,-2.404922256,3.172494595,0.033495436
1609060499.180455208,0.947134024,-2.432790999,3.171995216,0.957290314,-2.446111225,3.170533068,0.016814176
1609060499.228965044,0.970132394,-2.482150344,3.173130667,0.978292701,-2.489510503,3.169128772,0.011695200
1609060499.279461145,0.996823510,-2.537029145,3.171549535,0.999394010,-2.532796268,3.168082031,0.006045519
1609060499.330644131,1.023165578,-2.591864824,3.168908501,1.042146209,-2.626644836,3.165356811,0.039781001
1609060499.381079197,1.048608190,-2.645834064,3.165740469,1.064241826,-2.673838470,3.164834574,0.032085480
1609060499.429335117,1.073279109,-2.698542817,3.164663597,1.084904091,-2.717344362,3.164096649,0.022112434
1609060499.481731176,1.097091734,-2.755602737,3.164688241,1.105016195,-2.763968826,3.163326733,0.011603545
1609060499.528813124,1.121112352,-2.807384373,3.164274703,1.124735219,-2.809377011,3.162861648,0.004369496
1609060499.632210016,1.173169857,-2.917841680,3.164496820,1.187770824,-2.950116038,3.161000473,0.035595602
1609060499.673256159,1.189946380,-2.961297177,3.164925553,1.206800512,-2.993947799,3.160523285,0.037006822
1609060499.721397161,1.214904362,-3.012374103,3.164965325,1.226380554,-3.040015523,3.159493533,0.030425181
1609060499.790719032,1.244747879,-3.083750570,3.162081966,1.265266504,-3.128293905,3.159222049,0.049125368
1609060499.834521055,1.266045409,-3.128267204,3.161627659,1.284326081,-3.174698080,3.158607495,0.049991305
1609060499.881643057,1.285590233,-3.175446032,3.161544705,1.302470931,-3.218113242,3.158249873,0.046003312
1609060499.929025173,1.306821191,-3.222661435,3.160575519,1.320014983,-3.257837555,3.158504897,0.037626096
1609060499.979601145,1.332511074,-3.276199849,3.161446842,1.338005211,-3.299189578,3.157511995,0.023962391
1609060500.030206203,1.357567751,-3.324542165,3.160171468,1.354948048,-3.339277395,3.155804845,0.015590293
1609060500.082598209,1.377795371,-3.377923538,3.156961652,1.372929120,-3.380834588,3.154294448,0.006266465
1609060500.131497145,1.400174289,-3.422464172,3.154882256,1.407341831,-3.458257745,3.149749377,0.036863261
1609060500.180402040,1.416785130,-3.466776383,3.148476111,1.421589136,-3.492261742,3.145584250,0.026094921
1609060500.229773998,1.433443369,-3.508394288,3.145481282,1.437404597,-3.527880031,3.140470138,0.020506025
1609060500.278079033,1.452594947,-3.548276561,3.138867012,1.452683628,-3.560550785,3.135748733,0.012664442
1609060500.330481052,1.469031828,-3.589303367,3.131237113,1.466991840,-3.593602264,3.128545511,0.005466881
1609060500.384297132,1.488912676,-3.629794372,3.122092178,1.495986430,-3.658248757,3.112539869,0.030837261
1609060500.430405140,1.504539897,-3.662172073,3.112800153,1.510504367,-3.687486119,3.104255764,0.027374851
1609060500.481509209,1.520580959,-3.696315020,3.100425231,1.523348550,-3.713684257,3.094869053,0.018445082
1609060500.528917074,1.536418446,-3.726573142,3.088063405,1.536279054,-3.740406006,3.082876498,0.014774017
1609060500.580059052,1.551578670,-3.757738389,3.073798518,1.548835110,-3.764451528,3.070365887,0.008023484
1609060500.630463123,1.565987524,-3.785470567,3.056825623,1.573627832,-3.811679199,3.041276756,0.031417097
1609060500.682104111,1.579427017,-3.812316173,3.038452167,1.585106289,-3.832768592,3.026873700,0.024178843
1609060500.730499029,1.593994621,-3.837707786,3.021666099,1.595903317,-3.854930496,3.011753347,0.019963154
1609060500.779981136,1.603698396,-3.863949850,3.004909448,1.605706461,-3.875862683,2.996498489,0.014720467
1609060500.830636978,1.617140612,-3.888622618,2.987716238,1.616179586,-3.896660228,2.981851546,0.009996068
1609060500.879229069,1.625348906,-3.910486895,2.966423604,1.634981431,-3.936735734,2.950692225,0.032082135
1609060500.929196119,1.637547677,-3.933714226,2.946823446,1.643560054,-3.955311500,2.935289826,0.025211412
1609060500.980226994,1.644740107,-3.959453296,2.925633427,1.651979785,-3.973264996,2.920011838,0.016576437
1609060501.030568123,1.655625659,-3.981397459,2.907837428,1.660450400,-3.990549418,2.905599035,0.010585221
1609060501.082099199,1.668271537,-4.004487859,2.894131215,1.669043758,-4.008770463,2.892024796,0.004834669
1609060501.130629063,1.680077619,-4.025011439,2.881657817,1.685280341,-4.044226078,2.868670499,0.023768490
1609060501.181288004,1.686452925,-4.048601307,2.867204680,1.692215348,-4.060390321,2.858543936,0.015722432
1609060501.229866028,1.696786894,-4.070113390,2.854763117,1.698273766,-4.078063103,2.848806990,0.010044111
1609060501.279139996,1.703417768,-4.093314972,2.840225939,1.704442747,-4.094989274,2.839058625,0.002283964
1609060501.331067085,1.709695585,-4.117121413,2.829335577,1.710206641,-4.113678458,2.828942473,0.003502806
1609060501.383850098,1.719293828,-4.142899255,2.813710627,1.723253554,-4.153280315,2.803293118,0.015230572
1609060501.428828001,1.725363118,-4.163227748,2.798265562,1.729516336,-4.173094190,2.788991298,0.014163610
1609060501.481386185,1.734937845,-4.189538451,2.778335838,1.735739741,-4.192130285,2.774240043,0.004912858
1609060501.528599024,1.743257493,-4.212525472,2.760007097,1.741968008,-4.212664702,2.758640250,0.001884258
1609060501.581145048,1.750589221,-4.238158253,2.740328632,1.748291162,-4.232697575,2.744467033,0.007226786
1609060501.629769087,1.759109814,-4.263147064,2.724048946,1.762380132,-4.274994108,2.716278272,0.014540661
1609060501.678136110,1.766091092,-4.287902976,2.709045276,1.768981116,-4.296033736,2.702940701,0.010570115
1609060501.729612112,1.775335026,-4.314623947,2.693108469,1.777551096,-4.316403409,2.689973841,0.004231234
1609060501.791958094,1.785370394,-4.346429837,2.675818323,1.790370331,-4.358932917,2.666102011,0.016605213
1609060501.833837032,1.794631227,-4.367368436,2.664298871,1.797908308,-4.381429826,2.653239880,0.018186897
1609060501.881379128,1.801406742,-4.388072214,2.649741172,1.805084512,-4.401128735,2.640890758,0.016196561
1609060501.927842140,1.811722932,-4.410472259,2.635190262,1.812226884,-4.422244135,2.627442357,0.014101810
1609060501.979767084,1.817573512,-4.434587985,2.617872868,1.825054556,-4.438562150,2.611524716,0.010585794
1609060502.030068159,1.828614808,-4.458524910,2.600397165,1.827800200,-4.463356763,2.598046002,0.005434920
1609060502.081687212,1.837310397,-4.483840570,2.583890382,1.843388201,-4.503028009,2.571089873,0.023852684
1609060502.129033089,1.847905585,-4.505470092,2.569432607,1.851217309,-4.522968999,2.557784611,0.021280392
1609060502.177217007,1.856905865,-4.527424060,2.554202713,1.858268396,-4.541673740,2.545176453,0.016922861
1609060502.228680134,1.868924357,-4.549907456,2.536870711,1.866207391,-4.561311068,2.530079985,0.013547628
1609060502.281580210,1.877884122,-4.575462052,2.516033720,1.874370041,-4.580009990,2.513603691,0.006239996
1609060502.331065178,1.889361304,-4.595858027,2.498642297,1.881955459,-4.598176492,2.497798745,0.007805985
1609060502.379868984,1.894663119,-4.613127849,2.481731055,1.896324288,-4.630264915,2.469318897,0.021224989
1609060502.429216146,1.900967803,-4.631503015,2.468103933,1.903005225,-4.645504936,2.456424674,0.018346934
1609060502.478612185,1.910172393,-4.648670602,2.453727704,1.909194679,-4.658640443,2.445465323,0.012985398
1609060502.529726028,1.916981387,-4.664056390,2.438212077,1.915735964,-4.672265867,2.432909506,0.009852099
1609060502.581580162,1.925120507,-4.679588079,2.422268973,1.922228836,-4.685122498,2.419888843,0.006682557
1609060502.628553152,1.932769889,-4.691450457,2.408702635,1.934614586,-4.705594494,2.397796479,0.017955527
1609060502.679982185,1.938645512,-4.704325741,2.394758552,1.940349513,-4.715312269,2.387783267,0.013124863
1609060502.729335070,1.945825579,-4.716574744,2.382669501,1.945905371,-4.724189657,2.378431082,0.008715358
1609060502.779874086,1.953044586,-4.727767082,2.370596091,1.951917065,-4.732926576,2.367916740,0.005922044
1609060502.831654072,1.959683464,-4.737695574,2.357779182,1.957777822,-4.741222748,2.356534268,0.004197885
1609060502.876046181,1.964111834,-4.745888552,2.346547933,1.967535255,-4.754052077,2.332783973,0.016364888
1609060502.925194979,1.972107710,-4.753869510,2.331884666,1.973602540,-4.761593341,2.319560346,0.014621250
1609060502.972741127,1.976118870,-4.761867818,2.314888097,1.978939358,-4.767139541,2.306380142,0.010398630
1609060503.024496078,1.985244329,-4.769220063,2.297000834,1.984531290,-4.772492103,2.291925556,0.006080552
1609060503.074285984,1.988312918,-4.774164008,2.282187234,1.989905706,-4.776998206,2.277965558,0.005328433
1609060503.123784065,1.996593603,-4.779849094,2.265437093,2.001895641,-4.786329638,2.249926267,0.017626536
1609060503.173135042,2.001282229,-4.786322976,2.248193345,2.008139990,-4.791332266,2.234913642,0.015763007
1609060503.222823143,2.010617117,-4.792869175,2.229391221,2.014414780,-4.796226762,2.218758307,0.011779410
1609060503.283221006,2.020750155,-4.799990009,2.200185895,2.020541485,-4.801181930,2.202482354,0.002595755
1609060503.329416037,2.030181474,-4.807012698,2.180401514,2.033505407,-4.812048320,2.168373006,0.013457007
1609060503.379991055,2.035335406,-4.814890441,2.156584619,2.033505367,-4.812047471,2.168374356,0.012264968
1609060503.429008007,2.046601712,-4.822692598,2.134927695,2.048794616,-4.823419146,2.132056423,0.003685227
1609060503.478389978,2.053435899,-4.831566278,2.114601972,2.055578919,-4.829078665,2.115369677,0.003371962
1609060503.532170057,2.061563063,-4.837343507,2.094369481,2.062853630,-4.834688989,2.098448637,0.005035032
1609060503.583558083,2.072504353,-4.846244260,2.072652199,2.078887706,-4.848114194,2.063939490,0.010961530
1609060503.628724098,2.078172135,-4.853241924,2.056081214,2.086496528,-4.855307463,2.047513469,0.012123045
1609060503.681049109,2.088557854,-4.863451468,2.035270944,2.093956935,-4.863170865,2.031962962,0.006338103
1609060503.730980158,2.098101180,-4.873834873,2.016444351,2.102212998,-4.871639815,2.016125590,0.004671931
1609060503.781499147,2.107286711,-4.885273706,1.999537826,2.109895162,-4.879423758,2.003262249,0.007409267
1609060503.830842018,2.117104913,-4.895197709,1.985979619,2.126867848,-4.899106965,1.978080339,0.013152787
1609060503.876079082,2.125158997,-4.904230058,1.973930254,2.134292528,-4.908698156,1.967278370,0.012150425
1609060503.923665047,2.135361096,-4.915785177,1.960217971,2.142161754,-4.919246032,1.955194536,0.009135720
1609060503.973829985,2.142935964,-4.928794420,1.948326515,2.149879764,-4.930112080,1.941969634,0.009505920
1609060504.025320053,2.154268471,-4.941425192,1.932855394,2.157417400,-4.940665039,1.929012164,0.005026331
1609060504.075659990,2.159132837,-4.953286269,1.914168573,2.165037356,-4.952413106,1.914822228,0.006004417
1609060504.124380112,2.168088040,-4.966038713,1.899337865,2.176832004,-4.974772111,1.890508764,0.015188225
1609060504.175167084,2.172602863,-4.978628136,1.885105589,2.181283235,-4.986006525,1.878297295,0.013271863
1609060504.224220037,2.179714328,-4.990790887,1.869959196,2.186339672,-4.996163101,1.866003159,0.009402451
1609060504.273495197,2.184635744,-5.003580420,1.854244581,2.191555814,-5.006360492,1.853701466,0.007477376
1609060504.325726032,2.192511942,-5.016150334,1.837965116,2.201105382,-5.028193526,1.829016547,0.017290534
1609060504.372953176,2.198752800,-5.028953251,1.824068269,2.205538876,-5.038947114,1.816161367,0.014437702
1609060504.428673029,2.207628699,-5.041830855,1.807296600,2.209739791,-5.048827840,1.804245642,0.007919776
1609060504.478152037,2.210079122,-5.054504461,1.792937684,2.213741732,-5.057878791,1.792746741,0.004983701
1609060504.529919147,2.218259361,-5.065150117,1.777574783,2.218180541,-5.066767637,1.780611415,0.003441470
1609060504.581017017,2.217660733,-5.076142439,1.760922963,2.224229530,-5.084263047,1.755061660,0.011976988
1609060504.631231070,2.221364526,-5.086639141,1.746656832,2.227282661,-5.092436384,1.742189888,0.009412010
1609060504.682337999,2.226414291,-5.096537435,1.730065478,2.229689811,-5.100100306,1.729740215,0.004850657
1609060504.729389191,2.227620235,-5.104759470,1.716085757,2.231868833,-5.107703037,1.716600027,0.005194193
1609060504.781613111,2.228870418,-5.114819961,1.700934054,2.232605624,-5.115397426,1.704476617,0.005180250
1609060504.830829144,2.229023378,-5.122587256,1.686744866,2.232912142,-5.129815051,1.680873793,0.010091234
1609060504.881592989,2.227494114,-5.129948423,1.672108212,2.232458809,-5.136552181,1.669604291,0.008632928
1609060504.929919004,2.227585594,-5.137799039,1.659336727,2.231508891,-5.143125380,1.658911742,0.006628934
1609060504.979718208,2.226361115,-5.145862600,1.646494850,2.230089493,-5.149392448,1.647730544,0.005280868
1609060505.031477213,2.222378860,-5.153074456,1.632892226,2.228025662,-5.155438672,1.637366654,0.007582638
1609060505.083100080,2.217077284,-5.160009784,1.619590694,2.222447071,-5.167626639,1.615805945,0.010058599
1609060505.129166126,2.213812515,-5.166160456,1.608282376,2.218833393,-5.173024941,1.606420973,0.008706044
1609060505.179536104,2.207650946,-5.173104499,1.595469350,2.214019420,-5.179113933,1.596495301,0.008816084
1609060505.229914188,2.202369656,-5.179779739,1.582817328,2.208788005,-5.185298527,1.587093144,0.009483397
1609060505.288335085,2.196320117,-5.188645121,1.569515382,2.196975499,-5.196991064,1.568267868,0.008464076
1609060505.329346180,2.191006075,-5.194431249,1.560841699,2.189959832,-5.203088405,1.559896877,0.008771184
1609060505.378872156,2.178468889,-5.201529220,1.552784416,2.182170065,-5.209262077,1.551427438,0.008679699
1609060505.430555105,2.171563653,-5.208283297,1.542687355,2.174908205,-5.214993430,1.543457146,0.007536876
1609060505.479947090,2.164509890,-5.216585764,1.532374004,2.167630549,-5.220849735,1.534713497,0.005778683
1609060505.532739162,2.158288894,-5.223975285,1.521975315,2.159774396,-5.227257937,1.525592767,0.005105730
1609060505.582180977,2.144169552,-5.231775227,1.510794179,2.142667173,-5.239890272,1.508934878,0.008459793
1609060505.672855139,2.127822760,-5.245610601,1.490559554,2.127134200,-5.251997530,1.490778222,0.006427659
1609060505.743427038,2.114032875,-5.256021466,1.474857609,2.111749490,-5.264329664,1.469306137,0.010249821
1609060505.785398006,2.108444202,-5.261837785,1.463703535,2.105622276,-5.269352277,1.458356963,0.009644515
1609060505.830541134,2.099568694,-5.267489331,1.451503522,2.099587683,-5.274465517,1.446778556,0.008425725
1609060505.880026102,2.094023883,-5.273649638,1.437207254,2.094147937,-5.279075014,1.435299732,0.005752281
1609060505.928045988,2.089914287,-5.279723298,1.422596288,2.089004406,-5.283706028,1.422459917,0.004087618
1609060505.980888128,2.083459281,-5.288418399,1.404857447,2.084048041,-5.287981753,1.408917819,0.004126006
1609060506.030166149,2.078902602,-5.294280262,1.389057146,2.079702151,-5.292415089,1.395330002,0.006592942
1609060506.082507133,2.073926626,-5.300449065,1.371924163,2.075404168,-5.296871806,1.380647769,0.009543648
1609060506.131301165,2.070758435,-5.304294398,1.354646612,2.070236269,-5.303733037,1.350404762,0.004310577
1609060506.181574106,2.068042005,-5.307736260,1.335909471,2.068540886,-5.307173654,1.334855021,0.001295095
1609060506.229834080,2.068668271,-5.311484993,1.317229814,2.067620044,-5.309989181,1.318572406,0.002266888
1609060506.283174038,2.064486907,-5.316066975,1.296183061,2.066595555,-5.312673865,1.303211049,0.008084071
1609060506.329013109,2.065771822,-5.319276545,1.279093971,2.065768412,-5.315564746,1.286953986,0.008692370
1609060506.381528139,2.062957528,-5.320482257,1.261546345,2.066810378,-5.321458667,1.256959631,0.006069247
1609060506.429151058,2.065558149,-5.323789270,1.246674516,2.067743253,-5.324013964,1.244029942,0.003437869
1609060506.479460001,2.063240461,-5.327967375,1.231376957,2.068418454,-5.326436365,1.231975622,0.005432679
1609060506.528196096,2.065687848,-5.331056721,1.217245011,2.069284775,-5.329207694,1.219640627,0.004700612
1609060506.575851202,2.065473904,-5.333027298,1.203521455,2.070615229,-5.331903075,1.208148772,0.007007793
1609060506.625441074,2.069309841,-5.335927587,1.190255911,2.073517564,-5.337746999,1.186320255,0.006041902
1609060506.676068068,2.071019709,-5.340527655,1.176629453,2.074891216,-5.340844543,1.176667130,0.003884637
1609060506.725394011,2.075055714,-5.344665261,1.164772284,2.076531009,-5.344410528,1.167091903,0.002760800
1609060506.773559093,2.074100095,-5.348351246,1.152342877,2.077910283,-5.347837600,1.157588037,0.006503313
1609060506.823841095,2.075860394,-5.353747821,1.140636043,2.079933314,-5.351790695,1.147887331,0.008544016
1609060506.874558210,2.079319697,-5.359116064,1.127839146,2.084317462,-5.360438414,1.127112343,0.005220585
1609060506.971599102,2.082634012,-5.370461281,1.102574376,2.088456419,-5.370377066,1.104817623,0.006240166
1609060507.042611122,2.084135657,-5.378107441,1.080283686,2.093177063,-5.380624646,1.078706807,0.009516821
1609060507.086133003,2.087096124,-5.384094440,1.065055560,2.094926008,-5.386581589,1.063938364,0.008291026
1609060507.130787134,2.088087868,-5.389574854,1.049463546,2.096764115,-5.392497455,1.049551430,0.009155686
1609060507.178247213,2.088114139,-5.395685714,1.032115054,2.098298228,-5.398486868,1.034590930,0.010848599
1609060507.229111195,2.090666011,-5.403438690,1.012181709,2.099973296,-5.405005621,1.017961896,0.011067583
1609060507.282870054,2.091968205,-5.411823016,0.990998842,2.101556902,-5.411370920,1.001660368,0.014346275
1609060507.330032110,2.095598263,-5.418867700,0.971419078,2.103538949,-5.418065166,0.984308004,0.015159913
1609060507.381578207,2.096844363,-5.427479123,0.947758752,2.106294911,-5.432747442,0.948925975,0.010882575
1609060507.430997133,2.100843844,-5.435786321,0.927401827,2.107967864,-5.439937345,0.931670940,0.009284826
1609060507.480647087,2.100253826,-5.448336723,0.908450152,2.108885628,-5.446370808,0.916857655,0.012208969
1609060507.532473087,2.103593973,-5.458794595,0.888715695,2.109153992,-5.454284482,0.900490467,0.013780428
1609060507.581765175,2.101937886,-5.465940062,0.872100638,2.110682339,-5.468657404,0.871576397,0.009171926
1609060507.629183054,2.104903296,-5.474890966,0.856993944,2.111255072,-5.475736420,0.858480166,0.006577895
1609060507.678351164,2.105900863,-5.483500990,0.844007175,2.111666371,-5.482600002,0.847247698,0.006674867
1609060507.730005980,2.109258245,-5.493592380,0.830691882,2.111370104,-5.490156770,0.835603933,0.006355440
1609060507.781391144,2.106423310,-5.505752359,0.814210000,2.111037180,-5.498230371,0.824689110,0.013699629
1609060507.829667091,2.109273749,-5.515408789,0.802350109,2.110277045,-5.505700814,0.815048489,0.016015625
1609060507.882309198,2.107251287,-5.527471330,0.790025610,2.109129957,-5.520064653,0.796793649,0.010207576
1609060507.930590153,2.105715717,-5.534669983,0.779166908,2.107549708,-5.526921568,0.788262900,0.012088777
1609060507.981079102,2.106038316,-5.544361279,0.767718715,2.105950804,-5.533665896,0.780505035,0.016669999
1609060508.029278040,2.101693814,-5.550332648,0.760244447,2.104100821,-5.540358613,0.772093272,0.015673854
1609060508.088443995,2.100634422,-5.559996908,0.748066300,2.099295121,-5.553662293,0.755348921,0.009744621
1609060508.131664038,2.098175843,-5.566184248,0.738740909,2.097304635,-5.559332980,0.747504908,0.011158250
1609060508.179089069,2.096154658,-5.571891472,0.728452270,2.095029141,-5.564894733,0.739120012,0.012807103
1609060508.230317116,2.094360698,-5.578139292,0.717553737,2.092889920,-5.570005486,0.731214191,0.015966527
1609060508.283871174,2.090790613,-5.584014229,0.706053000,2.090782768,-5.574866196,0.722832211,0.019110952
1609060508.331052065,2.088930817,-5.587478974,0.698115929,2.089028555,-5.579449623,0.714471511,0.018220458
1609060508.379541159,2.085677664,-5.590997414,0.690762082,2.084868127,-5.587774672,0.699176808,0.009047046
1609060508.430205107,2.086082844,-5.594485590,0.681242099,2.083191712,-5.591582701,0.691210792,0.010777766
1609060508.482200146,2.080099330,-5.598001909,0.670238400,2.081053181,-5.595160971,0.683637531,0.013730167
1609060508.530605078,2.079259415,-5.601044424,0.660160648,2.079040936,-5.598745720,0.674359027,0.014384914
1609060508.584336042,2.074442163,-5.603195783,0.648188896,2.076390585,-5.603722020,0.655022258,0.007125174
1609060508.630553007,2.074816149,-5.604981434,0.636739263,2.075414083,-5.605966545,0.644746777,0.008090010
1609060508.680194139,2.070699093,-5.607277782,0.623288238,2.074868178,-5.607285105,0.633325085,0.010868285
1609060508.729096174,2.072148842,-5.608172501,0.610271686,2.074331996,-5.608700132,0.621574093,0.011523408
1609060508.780822039,2.072689749,-5.609178507,0.595791050,2.074268861,-5.609514704,0.610940735,0.015235471
1609060508.873443127,2.074903480,-5.609728612,0.568932563,2.075651890,-5.610539071,0.587602717,0.018702717
1609060508.941129208,2.080056466,-5.610085549,0.548569016,2.077570081,-5.611849200,0.561998202,0.013770824
1609060508.986562014,2.077100331,-5.610800434,0.533900371,2.078481596,-5.612329133,0.549100015,0.015338643
1609060509.031994104,2.074392701,-5.610936078,0.520229950,2.078947145,-5.612611181,0.536534692,0.017011571
1609060509.076798201,2.076521529,-5.611153826,0.507279428,2.081054369,-5.612893020,0.513152367,0.007619899
1609060509.122907162,2.076979016,-5.610910288,0.495883411,2.082524033,-5.613001176,0.502947282,0.009220483
1609060509.176576138,2.078365546,-5.610668097,0.483157362,2.083671370,-5.612734658,0.492208300,0.010693079
1609060509.223483086,2.080613209,-5.610671923,0.471537310,2.084468902,-5.612635787,0.481213679,0.010599776
1609060509.276262999,2.078690991,-5.610126323,0.457369341,2.085186029,-5.612933584,0.470555306,0.014964489
1609060509.324488163,2.080652192,-5.610137019,0.444311617,2.086388171,-5.613250793,0.448497319,0.007753525
1609060509.372967005,2.079855896,-5.611619541,0.430734075,2.086746301,-5.613467937,0.435990786,0.008861562
1609060509.424610138,2.081091150,-5.612662488,0.415951142,2.086316458,-5.613762499,0.423790171,0.009484948
1609060509.473656178,2.081395318,-5.614626630,0.401167001,2.085822491,-5.614524517,0.411039444,0.010820141
1609060509.524735212,2.082066036,-5.616634234,0.385590009,2.084409384,-5.615120250,0.398467103,0.013175848
1609060509.575262070,2.077551361,-5.617757956,0.368721340,2.082717235,-5.616834432,0.384891555,0.017000442
1609060509.623697042,2.077556201,-5.620202788,0.353580334,2.078969137,-5.619701222,0.357711249,0.004394590
1609060509.675162077,2.071555130,-5.622238172,0.336609560,2.076782586,-5.620972570,0.344272964,0.009362468
1609060509.723975182,2.071583250,-5.623920851,0.321268972,2.074739287,-5.621943460,0.331290241,0.010690953
1609060509.774631023,2.068301560,-5.623903937,0.305735718,2.072798286,-5.622852202,0.318681572,0.013744884
1609060509.830249071,2.067504994,-5.625686144,0.287933361,2.067091159,-5.625466086,0.293287299,0.005374415
1609060509.879842043,2.063164526,-5.625948222,0.272661171,2.064497159,-5.627194447,0.280076865,0.007636852
1609060509.929027081,2.062545824,-5.627286116,0.257462438,2.062442927,-5.627450991,0.267502748,0.010042191
1609060509.978571177,2.058657158,-5.632197808,0.241526393,2.059435242,-5.628648853,0.255802110,0.014730804
1609060510.031541109,2.055988850,-5.635369616,0.225504406,2.054746786,-5.630608844,0.243812767,0.018957946
1609060510.084635019,2.042586771,-5.636417195,0.208284300,2.045230007,-5.634931152,0.220813650,0.012891068
1609060510.131839991,2.036727308,-5.637146119,0.194127212,2.040934944,-5.636895434,0.209410775,0.015854159
1609060510.181102991,2.033712281,-5.639438055,0.179080374,2.036871578,-5.639278951,0.197042624,0.018238665
1609060510.229454041,2.025795818,-5.641953843,0.164435229,2.032917117,-5.640920399,0.184968453,0.021757623
1609060510.282863140,2.021671121,-5.643836152,0.146929346,2.029363045,-5.642651566,0.172578806,0.026804174
1609060510.329972982,2.017599973,-5.645043564,0.132312149,2.021167897,-5.646106310,0.147754915,0.015885167
1609060510.380298138,2.011939111,-5.646749431,0.117457586,2.017516178,-5.647085295,0.135121015,0.018526015
1609060510.428771019,2.009008463,-5.647401596,0.102341888,2.014008994,-5.648325625,0.123160827,0.021430990
1609060510.478412151,2.002944800,-5.648419248,0.087108905,2.010195343,-5.650253201,0.111573074,0.025581816
1609060510.531696081,1.997995964,-5.652455093,0.069555768,2.005969609,-5.652004616,0.100053423,0.031526004
1609060510.584844112,1.992419339,-5.656719816,0.050489051,1.997106833,-5.656401343,0.076851155,0.026777500
1609060510.630853176,1.989785747,-5.660118510,0.035461607,1.992032837,-5.659060010,0.065392139,0.030033424
1609060510.681565046,1.982340765,-5.662386642,0.027932447,1.988080387,-5.661771706,0.053146892,0.025866767
1609060510.728801012,1.980014997,-5.665645893,0.014425183,1.984336306,-5.664557948,0.041945150,0.027878412
1609060510.782432079,1.975122753,-5.667920205,0.002301528,1.981874480,-5.667152143,0.032409660,0.030865440
1609060510.829675198,1.983311749,-5.661941264,0.006529938,1.988051513,-5.662985488,0.033439670,0.027343911
1609060510.881379128,1.983901494,-5.661537187,0.006594184,1.989558554,-5.662504261,0.028374574,0.022523832
1609060510.930631161,1.988094641,-5.660403954,0.001918324,1.992795235,-5.661190194,0.024978329,0.023547349
1609060510.983911991,1.993903313,-5.652572132,0.005654268,1.995167153,-5.656531266,0.026195738,0.020957672
1609060511.029888153,1.997853109,-5.650402790,0.005006286,1.996506724,-5.652999599,0.025823881,0.021022094
1609060511.082311153,1.991956098,-5.646351790,0.000393095,1.997334809,-5.645216069,0.024017111,0.024255196
1609060511.128465176,1.994937986,-5.644348905,0.000252474,1.994387077,-5.643668134,0.024149949,0.023913516
1609060511.178915977,1.992814817,-5.643643120,0.000083832,1.993796987,-5.642053609,0.024149340,0.024137935
1609060511.230607033,1.991132019,-5.643941850,0.001534989,1.994393331,-5.640481380,0.024072053,0.023033243
1609060511.283373117,1.992375476,-5.645146573,0.001474063,1.995036974,-5.640329502,0.024208418,0.023390995
1609060511.330246210,1.993240786,-5.642867294,0.000349991,1.994532430,-5.642142627,0.024073979,0.023770172
1609060511.382980108,1.995758135,-5.645091548,-0.000697846,1.995380163,-5.643085298,0.024118753,0.024900432
1609060511.424667120,1.998629770,-5.646099257,-0.001324785,1.996135075,-5.644282700,0.024306823,0.025816714
1609060511.474285126,1.995685595,-5.645863891,-0.000724918,1.995889021,-5.645291175,0.024388039,0.025120310
1609060511.522655010,1.998587242,-5.646534690,-0.001273741,1.996064824,-5.646020363,0.024607022,0.026008480
1609060511.576474190,1.996942929,-5.645887024,-0.002373204,1.996853870,-5.646895609,0.024414930,0.026807262
1609060511.625574112,1.998398002,-5.646293751,-0.002926375,1.996648570,-5.647257669,0.024338779,0.027338220
1609060511.672990084,1.995868690,-5.646929644,-0.004968991,1.996332803,-5.646972234,0.024637620,0.029610279
1609060511.724516153,1.997851876,-5.647165624,-0.005572368,1.996448760,-5.646883178,0.024638888,0.030245140
1609060511.774074078,1.998072173,-5.647715707,-0.005725747,1.996756005,-5.646754286,0.024694503,0.030463884
1609060511.824729204,2.000516953,-5.648047131,-0.006010097,1.996695135,-5.647102481,0.024494105,0.030757194
1609060511.873460054,1.995497135,-5.646750717,-0.006238939,1.996638831,-5.647356409,0.024411421,0.030677596
1609060511.923904181,1.997491208,-5.647085054,-0.006501253,1.996852009,-5.647405194,0.024520381,0.031029870
1609060511.975442171,1.996791390,-5.646271640,-0.004852990,1.996976911,-5.647631830,0.024485706,0.029370795
1609060512.022669077,1.998330767,-5.646490364,-0.004465107,1.996893873,-5.647979673,0.024498660,0.029037605
1609060512.075103045,2.000362122,-5.646429997,-0.005608166,1.996965569,-5.648194747,0.024531368,0.030381613
1609060512.126736164,2.002964281,-5.646361294,-0.005352259,1.997159648,-5.648309710,0.024382292,0.030358420
1609060512.173801184,2.000546403,-5.646546564,-0.007932843,1.997159300,-5.648317929,0.024371981,0.032530169
1609060512.223273039,2.002997513,-5.646431262,-0.008481728,1.997090612,-5.648386167,0.024351159,0.033417235
1609060512.274697065,2.000362948,-5.646547854,-0.006788448,1.997140660,-5.648485465,0.024555260,0.031568426
1609060512.323801994,2.000060024,-5.646585008,-0.006377892,1.997202819,-5.648722068,0.024569451,0.031152347
1609060512.374632120,2.000555411,-5.646643324,-0.006074076,1.997118797,-5.648791186,0.024562588,0.030903540
1609060512.423748016,1.999097239,-5.645968939,-0.005511791,1.997266055,-5.648996546,0.024533488,0.030252908
1609060512.475403070,1.998872124,-5.646112298,-0.005126248,1.997362071,-5.649115691,0.024475553,0.029792067
1609060512.522479057,2.000815228,-5.645658026,-0.004828360,1.997313400,-5.649045040,0.024424010,0.029655283
1609060512.575136185,1.998432127,-5.644176607,-0.004454597,1.996859013,-5.647956271,0.024563323,0.029305293
1609060512.624689102,1.999137284,-5.642402788,-0.003861845,1.995671465,-5.644375918,0.024260348,0.028403572
1609060512.673336029,1.993729768,-5.638786287,-0.003678434,1.994954831,-5.642458604,0.024012629,0.027960359
1609060512.723724127,1.994292247,-5.636498566,-0.003216952,1.994292615,-5.640429225,0.023856694,0.027357493
1609060512.773655176,1.992303449,-5.635499554,-0.001737471,1.993592640,-5.639008097,0.023713618,0.025724110
1609060512.826208115,1.993029843,-5.634316923,-0.001134689,1.993180814,-5.637650445,0.023777772,0.025134953
1609060512.874486208,1.992294235,-5.632435384,-0.001408949,1.992937112,-5.636928212,0.023807826,0.025621954
1609060512.923703194,1.994320998,-5.632628733,-0.001004608,1.993122488,-5.637137427,0.023736133,0.025176755
1609060512.974423170,1.990901030,-5.634826541,-0.000925635,1.993267576,-5.637788002,0.023896132,0.025109578
1609060513.023060083,1.992706438,-5.635890941,-0.000436721,1.993707452,-5.638602929,0.023934877,0.024542446
1609060513.077083111,1.990832800,-5.636185039,0.002190120,1.994011881,-5.639532840,0.023766825,0.022065098
1609060513.125016212,1.993041640,-5.637270625,0.002676282,1.994523582,-5.640728043,0.023815022,0.021470823
1609060513.173258066,1.990955623,-5.637065162,0.003436205,1.994662410,-5.641182944,0.023852781,0.021154976
1609060513.225908041,1.993905670,-5.637655176,0.003844411,1.994850951,-5.641422861,0.023929267,0.020457040
1609060513.277425051,1.993757217,-5.640306283,0.002249301,1.994747128,-5.641276095,0.023839651,0.021634780
1609060513.376724005,1.991772357,-5.639376719,0.001123551,1.994324512,-5.640257712,0.023856600,0.022892819
1609060513.424143076,1.990988537,-5.638305474,0.001212299,1.994255890,-5.639853782,0.023874703,0.022949017
1609060513.474897146,1.991816800,-5.637500086,0.000416939,1.994074367,-5.639613213,0.023792155,0.023578860
1609060513.524019003,1.992350255,-5.637049525,0.001894446,1.993925727,-5.639370653,0.023679807,0.021965239
1609060513.574426174,1.993318602,-5.636773940,0.002182942,1.994041769,-5.639066676,0.023577537,0.021529244
1609060513.626206160,1.995268464,-5.636690903,0.001994864,1.993853444,-5.638898760,0.023789656,0.021951991
1609060513.674419165,1.993016599,-5.635957464,0.001761675,1.993749668,-5.638811920,0.023622284,0.022058366
1609060513.723834038,1.995277950,-5.635633208,0.001507325,1.993568985,-5.638445677,0.023701885,0.022437224
1609060513.774116993,1.994542881,-5.633603479,0.000573088,1.993357313,-5.637884475,0.023682645,0.023532618
1609060513.823392153,1.997006802,-5.632530478,0.000172135,1.993333066,-5.637091844,0.023778967,0.024322519
1609060513.879414082,1.995406475,-5.630723511,-0.000302615,1.992379657,-5.635314080,0.023965912,0.024883657
1609060513.923260212,1.997771152,-5.629606749,-0.000778778,1.992304750,-5.634453268,0.024009509,0.025842397
1609060513.974857092,1.993347831,-5.627442887,-0.001114485,1.992098671,-5.633905100,0.024159026,0.026116489
1609060514.024241209,1.995441286,-5.626545461,-0.001445721,1.991760906,-5.633522798,0.023840866,0.026488486
1609060514.073918104,1.992287511,-5.624029825,-0.001972703,1.991636191,-5.633097941,0.023750306,0.027282377
1609060514.127549171,1.994458560,-5.623295000,-0.002371273,1.991584269,-5.632920093,0.023841015,0.028071124
1609060514.172559023,1.992179428,-5.624827370,-0.002221630,1.991679525,-5.633268241,0.023868968,0.027426584
1609060514.223515034,1.994376007,-5.625365787,-0.002332421,1.991707083,-5.633700620,0.024045464,0.027791823
