timestamp,estimate_x,estimate_y,estimate_z,truth_x,truth_y,truth_z,error_m
1609060363.469352007,0.049091394,-0.021140822,-0.025626279,0.000352647,-0.000128288,-0.000155817,0.058870506
1609060363.517702103,0.048983798,-0.020749113,-0.025473288,0.000266305,0.000024604,-0.000032764,0.058755099
1609060363.568032980,0.049052424,-0.021230511,-0.024754285,0.000273958,0.000023288,-0.000043316,0.058665958
1609060363.616620064,0.048925849,-0.020783389,-0.024488987,0.000455122,0.000045726,-0.000206092,0.058076866
1609060363.669232130,0.048953217,-0.021482269,-0.025088441,0.000322824,-0.000048357,0.000006751,0.058771561
1609060363.717437983,0.048775155,-0.021028044,-0.024937004,0.000309158,-0.000056917,0.000007880,0.058403667
1609060363.769133091,0.048293119,-0.020761292,-0.025071552,0.000313077,-0.000056831,0.000003710,0.057961435
1609060363.816621065,0.048021333,-0.020330374,-0.024875408,0.000357567,-0.000119010,-0.000146163,0.057374815
1609060363.869219065,0.048173471,-0.021020736,-0.025134829,0.000265599,0.000019840,-0.000039722,0.058031323
1609060363.918718100,0.047986262,-0.020619046,-0.024998393,0.000450987,0.000034525,0.000000389,0.057542258
1609060363.968429089,0.047997211,-0.019765150,-0.024622629,0.000272345,0.000020770,-0.000045630,0.057211663
1609060364.018787146,0.047777543,-0.019035409,-0.024440492,0.000364012,-0.000124076,-0.000161475,0.056525677
1609060364.067788124,0.047198217,-0.019100195,-0.024003393,0.000268084,0.000022409,-0.000038284,0.056057452
1609060364.119420052,0.046887966,-0.018396278,-0.023695969,0.000327210,-0.000044406,0.000008343,0.055376797
1609060364.166568995,0.046682933,-0.019130579,-0.023299812,0.000259032,0.000018830,-0.000034140,0.055345912
1609060364.220535994,0.046373837,-0.018627101,-0.022853272,0.000351740,-0.000123126,-0.000146439,0.054553009
1609060364.269806147,0.047079243,-0.019480530,-0.022477242,0.000449516,0.000065556,-0.000167732,0.055263869
1609060364.317873001,0.046991441,-0.019219266,-0.022073598,0.000410911,0.000120631,-0.000035863,0.055040341
1609060364.369445086,0.047261836,-0.019371136,-0.021928431,0.000506974,-0.000022317,-0.000153461,0.055086688
1609060364.418934107,0.047231181,-0.019028714,-0.021421546,0.000302656,-0.000052806,-0.000198416,0.054888912
1609060364.470550060,0.047479504,-0.019088678,-0.021161534,0.000306290,-0.000059472,-0.000213235,0.055011399
1609060364.516581059,0.047653833,-0.019025927,-0.020762619,0.000320215,-0.000061600,-0.000232001,0.054969295
1609060364.568826199,0.047532494,-0.020006199,-0.021386366,0.000270386,0.000004300,-0.000070217,0.055574320
1609060364.618486166,0.047604522,-0.019804113,-0.021242954,0.000364372,-0.000146097,0.000022496,0.055410187
1609060364.666870117,0.048632858,-0.019940390,-0.020821753,0.000403415,0.000091364,-0.000075138,0.056194060
1609060364.718618155,0.048822160,-0.019446906,-0.020512942,0.000473405,0.000031166,-0.000029715,0.056005000
1609060364.766618013,0.048725060,-0.020860761,-0.021958349,0.000310503,-0.000046424,-0.000196683,0.057015578
1609060364.816910982,0.048823196,-0.020215438,-0.021960500,0.000388377,0.000111313,-0.000026214,0.056922942
1609060364.866990089,0.048445442,-0.021159670,-0.022060391,0.000290333,-0.000033732,-0.000153898,0.056965904
1609060364.917939186,0.048297740,-0.021163772,-0.021881181,0.000317779,-0.000033161,0.000036970,0.056824156
1609060364.968490124,0.047968125,-0.020763286,-0.022159054,0.000252330,0.000033302,-0.000003276,0.056570077
1609060365.018791199,0.047779119,-0.020509613,-0.021976431,0.000348575,-0.000112449,-0.000125624,0.056063879
1609060365.069586039,0.047381356,-0.020391717,-0.022060633,0.000349153,-0.000110341,-0.000122836,0.055719200
1609060365.116973162,0.047156600,-0.020168829,-0.021862635,0.000294942,-0.000041077,-0.000170892,0.055422676
1609060365.167543173,0.047489941,-0.020888102,-0.022612164,0.000457233,-0.000050459,-0.000144457,0.056134490
1609060365.216737032,0.047478185,-0.020788806,-0.022453534,0.000484481,-0.000056316,-0.000183928,0.055983745
1609060365.269127131,0.048078317,-0.020974433,-0.022739965,0.000390576,0.000110343,-0.000250328,0.056784436
1609060365.317117214,0.048163951,-0.020798813,-0.022565508,0.000114216,-0.000083058,-0.000040323,0.056967566
1609060365.368606091,0.048954438,-0.022028249,-0.022695363,0.000065035,-0.000000712,-0.000072669,0.058199420
1609060365.419071198,0.049131708,-0.021928907,-0.022514830,0.000064369,-0.000013130,-0.000092099,0.058229579
1609060365.467614174,0.048629968,-0.022484984,-0.023055678,0.000111060,-0.000089327,-0.000047031,0.058181164
1609060365.520151138,0.048865921,-0.022347506,-0.022808451,0.000099009,-0.000060148,0.000013594,0.058273355
1609060365.568042040,0.049729415,-0.022336188,-0.023417051,0.000672148,0.000008775,-0.000064483,0.058747385
1609060365.618832111,0.050181085,-0.022191158,-0.023179441,0.000682031,0.000012436,-0.000069406,0.058968040
1609060365.668703079,0.050429771,-0.021956714,-0.023868871,0.000390677,0.000124731,-0.000006958,0.059673211
1609060365.716791153,0.050379911,-0.021437560,-0.023820954,0.000166939,0.000084516,-0.000046349,0.059579982
1609060365.768277168,0.050911382,-0.020861034,-0.023177123,0.000053714,-0.000000496,-0.000059871,0.059632808
1609060365.817838192,0.051247990,-0.020190294,-0.022682841,0.000162657,-0.000157149,0.000006238,0.059378720
1609060365.869102001,0.049977758,-0.021415844,-0.024233991,-0.000130988,-0.000041771,-0.000143903,0.059565676
1609060365.915625095,0.049857200,-0.020536653,-0.024125268,0.000119453,-0.000087053,-0.000052568,0.058919644
1609060365.967102051,0.049368984,-0.020190797,-0.024309143,0.000205407,-0.000232716,-0.000163459,0.058295766
1609060366.017361164,0.048877325,-0.018839492,-0.024182406,0.000354080,-0.000118558,-0.000141596,0.057296938
1609060366.071130037,0.049271774,-0.020342896,-0.024234751,0.000544710,-0.000089497,-0.000083907,0.058032665
1609060366.166268110,0.049459797,-0.020124965,-0.024374115,0.000384117,-0.000176545,-0.000048651,0.058293139
1609060366.217751026,0.049277160,-0.020754790,-0.024060147,0.000087884,-0.000368910,-0.000035229,0.058415458
1609060366.266285181,0.047906613,-0.020292299,-0.024809786,0.000092678,-0.000059805,0.000021112,0.057550844
1609060366.319833040,0.047429610,-0.021355322,-0.024451826,-0.000047252,0.000040180,0.000117196,0.057580003
1609060366.368166208,0.048213886,-0.021119859,-0.024318055,-0.000108373,-0.000091024,-0.000028616,0.058027833
1609060366.417719126,0.048069103,-0.021246386,-0.023808663,0.000242615,-0.000287834,0.000146380,0.057449786
1609060366.467580080,0.047539069,-0.022924510,-0.023555522,-0.000034002,-0.000166907,-0.000013477,0.057752346
1609060366.517288208,0.047987084,-0.022297623,-0.022793266,0.000236429,-0.000296243,-0.000080591,0.057271733
1609060366.569877148,0.048541163,-0.022412392,-0.023892638,0.000393389,0.000124568,-0.000010204,0.058279442
1609060366.617144108,0.047677430,-0.021703920,-0.023347443,0.000385275,-0.000309961,0.000173706,0.056986786
1609060366.668351173,0.050238535,-0.022021621,-0.023237776,0.000403792,0.000110579,0.000175767,0.059342480
1609060366.715952158,0.051940289,-0.021482042,-0.022566366,-0.000613854,-0.000060705,0.000356339,0.061206716
1609060366.768293142,0.052606852,-0.021417850,-0.022860973,-0.000306125,-0.000446384,0.000052128,0.061356301
1609060366.818122149,0.051709358,-0.021148883,-0.023180750,0.001024256,0.000137844,-0.000021976,0.059652604
1609060366.867343187,0.052446825,-0.022158208,-0.022326517,0.000418142,0.000152065,0.000227344,0.060937745
1609060366.917598009,0.049951550,-0.021389993,-0.022575725,-0.000325635,-0.000062576,0.000476609,0.059279542
1609060366.967342138,0.048344992,-0.021618584,-0.022765909,0.001656293,-0.000071272,0.000044147,0.056253177
1609060367.018635988,0.047122870,-0.021456393,-0.023181447,0.000802165,0.000341478,0.000332733,0.056335350
1609060367.066863060,0.047610017,-0.021294787,-0.022830218,-0.000590914,0.000086231,0.001009948,0.057869087
1609060367.120592117,0.047072340,-0.021435217,-0.023184837,0.000176782,-0.000147327,0.000446900,0.056664156
1609060367.168382168,0.047083257,-0.021369741,-0.023250971,0.000698040,0.000075106,0.000454988,0.056333315
1609060367.220067024,0.046447940,-0.020669672,-0.023299331,-0.000617461,0.000036455,0.000738189,0.056760004
1609060367.268805027,0.046809959,-0.020611024,-0.022938342,-0.000389047,-0.000109275,0.000690649,0.056625058
1609060367.316627979,0.046348348,-0.020327659,-0.022395332,0.000459081,-0.000069937,0.000482253,0.055132423
1609060367.374567032,0.044723022,-0.020824272,-0.022911415,-0.000013172,-0.000190865,0.000585093,0.054581594
1609060367.419722080,0.044336900,-0.020530016,-0.022328760,0.000071738,-0.000023967,0.000762706,0.053973312
1609060367.468986034,0.044399913,-0.020778953,-0.022248192,0.000775383,0.000165729,0.000517080,0.053479314
1609060367.518623114,0.044440419,-0.020105306,-0.021260075,0.001005300,0.000191045,0.000525492,0.052660824
1609060367.566896200,0.045800005,-0.021105693,-0.021128120,0.000889959,-0.000018374,0.000532424,0.054136554
1609060367.616783142,0.045873688,-0.020911540,-0.020587395,0.001010969,0.000152422,0.000676674,0.053930647
1609060367.668950081,0.045705373,-0.020263701,-0.021567564,0.000730315,-0.000085094,0.000379515,0.053959302
1609060367.718545198,0.045056661,-0.020081004,-0.021262176,0.000397581,-0.000209806,0.000542911,0.053523450
1609060367.765889168,0.046905232,-0.021028457,-0.022975300,0.000105201,-0.000078862,0.000416649,0.056358777
1609060367.817234993,0.047193476,-0.020915439,-0.022652574,0.000242984,0.000010138,0.000409641,0.056339101
1609060367.868952990,0.045622209,-0.020674642,-0.023212339,0.000339713,-0.000142813,0.000495190,0.055082732
1609060367.922713995,0.046182087,-0.020136763,-0.022942722,-0.000142040,-0.000038417,0.000754198,0.055780035
1609060367.968739033,0.041330558,-0.018835927,-0.021419523,-0.001113061,-0.000305982,0.001167478,0.051526617
1609060368.018198013,0.038849965,-0.018176395,-0.020680671,-0.002591340,-0.000469840,0.001426557,0.050195951
1609060368.068567038,0.031649724,-0.018023821,-0.022055051,-0.004485227,-0.001351842,0.001637312,0.046314335
1609060368.117814064,0.027287460,-0.017512797,-0.021806083,-0.007008597,-0.002171046,0.001762192,0.044351465
1609060368.170260191,0.020800297,-0.018664599,-0.022886959,-0.008981754,-0.002686339,0.001555349,0.041709732
1609060368.217667103,0.016532762,-0.018222874,-0.022370827,-0.011817858,-0.003851114,0.001463996,0.039729132
1609060368.267811060,0.013573367,-0.017987514,-0.022676932,-0.012638625,-0.003852636,0.001484095,0.038348645
1609060368.318669081,0.010105013,-0.016826659,-0.022063681,-0.012800729,-0.003916812,0.001998616,0.035641707
1609060368.367310047,0.007620825,-0.016541507,-0.023761343,-0.012701319,-0.003757035,0.002368789,0.035485434
1609060368.424607038,0.005688319,-0.015025356,-0.023297539,-0.012259085,-0.003807545,0.002900941,0.033679503
1609060368.476238012,0.008985476,-0.011633112,-0.022812015,-0.010112976,-0.002952009,0.004130070,0.034146571
1609060368.523241997,0.009115481,-0.009669844,-0.021645043,-0.009622581,-0.003024745,0.005233767,0.033432660
1609060368.573940992,0.010313502,-0.009233865,-0.019459050,-0.008666150,-0.002535391,0.006737470,0.033035653
1609060368.625032187,0.011244669,-0.007143879,-0.016164737,-0.008485328,-0.001808579,0.009260493,0.032621780
1609060368.676413059,0.008383481,-0.007381159,-0.011261657,-0.008426871,-0.000540116,0.013900029,0.031024156
1609060368.725769997,0.009318040,-0.005150876,-0.001781239,-0.006980668,0.001387151,0.020947916,0.028722955
1609060368.777173996,0.011334227,-0.003276079,0.009237885,-0.003863052,0.003164326,0.043774036,0.038277694
1609060368.824648142,0.012734365,-0.000382791,0.027455020,-0.003041256,0.004224189,0.062690524,0.038879753
1609060368.875344992,0.016408083,-0.000077504,0.051639545,-0.001104869,0.005573438,0.083074624,0.036425278
1609060368.923364162,0.018461395,0.002129949,0.080188450,0.001111218,0.008267013,0.110012053,0.035044821
1609060368.974891186,0.017948428,0.007437926,0.112726596,0.001616823,0.009225935,0.139364636,0.031297020
1609060369.023996115,0.019707055,0.009525511,0.152650879,0.006026772,0.014035969,0.208056706,0.057247708
1609060369.076563120,0.020714999,0.011738424,0.206562974,0.005645943,0.016277352,0.250225514,0.046412237
1609060369.122320175,0.020932539,0.015075802,0.255274382,0.006525430,0.018601496,0.295004927,0.042408861
1609060369.175933123,0.018606494,0.019111893,0.323512598,0.005475035,0.021591195,0.345836221,0.026017808
1609060369.225181103,0.016625703,0.022925839,0.387416637,0.004460880,0.025012164,0.400167667,0.017746111
1609060369.277878046,0.014272151,0.026918352,0.458093731,0.003670517,0.031544681,0.514357305,0.057440293
1609060369.325048208,0.012147315,0.031071027,0.527204133,0.002224844,0.035987753,0.576799261,0.050816398
1609060369.375655174,0.014666716,0.033993392,0.603004033,0.000986345,0.039151329,0.639772380,0.039568525
1609060369.423925161,0.012256158,0.037554698,0.679393138,-0.001116003,0.042314623,0.705078997,0.029346804
1609060369.476325035,0.007246031,0.039525481,0.763113066,-0.004156337,0.045257470,0.774513121,0.017112304
1609060369.526211023,0.003619988,0.041943518,0.845908598,-0.010900538,0.050291649,0.909076917,0.065351156
1609060369.576457024,-0.001968380,0.046671621,0.932015930,-0.016939148,0.051896956,0.979990540,0.050527134
1609060369.624904156,-0.006934057,0.049264868,1.011548575,-0.022175154,0.051526789,1.047043231,0.038694676
1609060369.676457167,-0.010194727,0.047228096,1.093291088,-0.027673429,0.050771761,1.113042541,0.026611698
1609060369.724966049,-0.015050772,0.046080336,1.169141691,-0.032117921,0.050163012,1.177115361,0.019275249
1609060369.776529074,-0.021151040,0.042456698,1.249238480,-0.035790958,0.046619757,1.239326189,0.018163473
1609060369.824362040,-0.026489857,0.039283244,1.319408383,-0.048315656,0.041410133,1.362549445,0.048394632
1609060369.874984980,-0.035469453,0.034952079,1.386651362,-0.053330903,0.036474501,1.420254690,0.038085862
1609060369.922994137,-0.041353194,0.028397518,1.451571339,-0.058678361,0.032198394,1.477099828,0.031085557
1609060369.973376989,-0.047718225,0.020496706,1.523916988,-0.065083831,0.023966201,1.532618070,0.019730953
1609060370.024846077,-0.054634367,0.009805689,1.590000570,-0.072377628,0.016004412,1.588192475,0.018881650
1609060370.077591181,-0.062043162,-0.001062765,1.652740682,-0.083431370,-0.004630554,1.692531060,0.045315105
1609060370.131295204,-0.069644298,-0.014678109,1.719455799,-0.089787416,-0.014949260,1.745325643,0.032788223
1609060370.176069021,-0.076083796,-0.026497628,1.778435389,-0.096869567,-0.026482980,1.797683407,0.028329043
1609060370.225593090,-0.083781145,-0.041102066,1.839884154,-0.103631683,-0.038952007,1.850505250,0.022615797
1609060370.274984121,-0.088127022,-0.059226284,1.904459397,-0.110097413,-0.052760272,1.902116488,0.023021655
1609060370.332502127,-0.096825302,-0.077582746,1.977043140,-0.125957451,-0.082164741,2.012235544,0.045914944
1609060370.379465103,-0.106272662,-0.090617708,2.034991351,-0.132146366,-0.097639112,2.064290997,0.039714203
1609060370.424487114,-0.113937292,-0.106439620,2.091518096,-0.138970158,-0.113620467,2.114148903,0.034501628
1609060370.475898027,-0.127876745,-0.122025005,2.154415351,-0.146695647,-0.130204811,2.165147451,0.023156819
1609060370.524448156,-0.137283558,-0.139598921,2.216146917,-0.153378897,-0.146180621,2.218056271,0.017493552
1609060370.576019049,-0.146174004,-0.157853204,2.282102926,-0.160283271,-0.161757085,2.271150443,0.018283014
1609060370.625375986,-0.155838430,-0.174933659,2.345374703,-0.176451613,-0.193992806,2.375328685,0.041053568
1609060370.675712109,-0.165773828,-0.192111948,2.409988484,-0.184377598,-0.209235434,2.429577604,0.031985117
1609060370.723781109,-0.175134414,-0.207852319,2.470540874,-0.191083444,-0.223693645,2.478888960,0.023979360
1609060370.775207043,-0.185984232,-0.225726108,2.534292495,-0.200568808,-0.238917265,2.530510875,0.020025413
1609060370.824608088,-0.196058291,-0.240733810,2.591697716,-0.210445223,-0.252993012,2.579952839,0.022253403
1609060370.877348185,-0.208868639,-0.260752868,2.646815216,-0.223900228,-0.280567611,2.665764053,0.031267093
1609060370.923455000,-0.218591710,-0.275005316,2.693065093,-0.232597663,-0.294021379,2.705369191,0.026630212
1609060370.976181030,-0.225849079,-0.291841067,2.740868537,-0.240827341,-0.306444307,2.742874947,0.021014962
1609060371.024459124,-0.234261267,-0.306399143,2.783333822,-0.248395824,-0.318086171,2.778800117,0.018892506
1609060371.076410055,-0.241587487,-0.320241869,2.824538695,-0.255354368,-0.329789166,2.812602268,0.020570761
1609060371.125555992,-0.248622376,-0.333852918,2.862985197,-0.262940383,-0.341479720,2.843007667,0.025734706
1609060371.175806999,-0.253799445,-0.347659758,2.898507962,-0.276828065,-0.363164403,2.904519843,0.028405177
1609060371.226459980,-0.259332247,-0.360407776,2.933763360,-0.282855212,-0.373743247,2.931824766,0.027109460
1609060371.275564194,-0.265660270,-0.375447484,2.963924576,-0.290110462,-0.384411233,2.959635318,0.026392394
1609060371.322875023,-0.270282828,-0.386949774,2.994317627,-0.295871900,-0.394180165,2.985678750,0.027959066
1609060371.381882191,-0.276219666,-0.400980323,3.029785210,-0.306265603,-0.414011999,3.035787875,0.033295868
1609060371.425695181,-0.279748551,-0.411869856,3.056076349,-0.312094368,-0.424202563,3.060710134,0.034925914
1609060371.476238012,-0.286787349,-0.424167777,3.088660479,-0.316266270,-0.433729930,3.084963488,0.031210724
1609060371.523342133,-0.290945256,-0.435296279,3.116628536,-0.320262403,-0.442943325,3.108590964,0.031346052
1609060371.576235056,-0.296788795,-0.448714773,3.150029623,-0.324850774,-0.453096609,3.133294628,0.032965667
1609060371.625576019,-0.301944020,-0.460401844,3.180181950,-0.329130857,-0.462328652,3.157601878,0.035393451
1609060371.677156210,-0.312539797,-0.472273208,3.209095866,-0.336091099,-0.481092748,3.210284976,0.025176618
1609060371.723249197,-0.318136839,-0.482935643,3.237282750,-0.338919177,-0.490106751,3.231828442,0.022651266
1609060371.773763180,-0.326564685,-0.493726902,3.264788382,-0.341977641,-0.499358827,3.255331405,0.018939699
1609060371.824518204,-0.332846468,-0.505656179,3.292602912,-0.344228459,-0.507845517,3.276648967,0.019719819
1609060371.877555132,-0.336828658,-0.516355452,3.321289740,-0.346992589,-0.517474066,3.298539234,0.024942780
1609060371.924982071,-0.342135320,-0.527468592,3.348176813,-0.352742980,-0.534766093,3.344503812,0.013389058
1609060371.975533009,-0.344800973,-0.539562937,3.379827283,-0.355778269,-0.542945984,3.369988573,0.015124360
1609060372.022653103,-0.348595709,-0.549574119,3.412475595,-0.358431258,-0.550976755,3.397110261,0.018297511
1609060372.076374054,-0.354438210,-0.561468334,3.443642879,-0.360854492,-0.559106565,3.430592133,0.014733249
1609060372.125910997,-0.359015109,-0.571197678,3.483870338,-0.363383761,-0.566907763,3.463888234,0.020899114
1609060372.175580978,-0.360400233,-0.580485692,3.513752065,-0.369859639,-0.585870174,3.527273491,0.017358052
1609060372.223182201,-0.364715369,-0.591102292,3.545708656,-0.374836193,-0.595417886,3.557009098,0.015771982
1609060372.275930166,-0.369275260,-0.602927747,3.577039189,-0.380866921,-0.604897358,3.582063065,0.012786138
1609060372.325079203,-0.374991105,-0.614236567,3.604200677,-0.388001282,-0.615304958,3.606595967,0.013271909
1609060372.376758099,-0.383700140,-0.628114360,3.632902361,-0.394522127,-0.625191931,3.628419746,0.012072689
1609060372.429697990,-0.389196389,-0.640220938,3.651622503,-0.406105729,-0.643790196,3.659128772,0.018841695
1609060372.476099014,-0.399228421,-0.650235038,3.674766760,-0.413418562,-0.653739830,3.670040610,0.015361645
1609060372.524174213,-0.407994037,-0.661793920,3.685386988,-0.421934081,-0.663588713,3.679157219,0.015373878
1609060372.576766014,-0.421311507,-0.674241772,3.691309711,-0.432160168,-0.674308577,3.687114134,0.011631886
1609060372.625241041,-0.434978452,-0.687427142,3.696203069,-0.444138523,-0.685748881,3.692944703,0.009866124
1609060372.677778006,-0.453262674,-0.702184497,3.694695190,-0.472182362,-0.709984860,3.700863736,0.021374078
1609060372.722868204,-0.469116005,-0.715482789,3.694990123,-0.487270871,-0.721973900,3.702916409,0.020846095
1609060372.775847197,-0.490751504,-0.732035476,3.692116298,-0.505848083,-0.735761744,3.704256272,0.019727410
1609060372.825339079,-0.513860639,-0.748052400,3.689685409,-0.526069984,-0.750295347,3.704633878,0.019430791
1609060372.877873182,-0.541135481,-0.765272564,3.688992588,-0.547754742,-0.764950797,3.704518656,0.016881260
1609060372.926480055,-0.567609340,-0.782889283,3.686754671,-0.593420072,-0.795760926,3.703677042,0.033440091
1609060372.973802090,-0.592709966,-0.800136343,3.689268547,-0.620897279,-0.813488992,3.702993153,0.034076131
1609060373.024542093,-0.623978895,-0.820155635,3.686751973,-0.646525992,-0.828963408,3.701829861,0.028518260
1609060373.076001167,-0.659027926,-0.840344553,3.686758298,-0.675289520,-0.846026815,3.700759306,0.022198103
1609060373.124036074,-0.693295164,-0.860646244,3.684561311,-0.709971378,-0.867345766,3.699576746,0.023418860
1609060373.180086136,-0.737091987,-0.887670014,3.683232000,-0.776686276,-0.905831842,3.697216106,0.045750574
1609060373.223744154,-0.771944049,-0.908083692,3.681897363,-0.809920388,-0.924243835,3.696345570,0.043727602
1609060373.277434111,-0.815367795,-0.932076461,3.685804863,-0.848077978,-0.945595600,3.695309579,0.036647822
1609060373.323575020,-0.855660483,-0.954605929,3.685167100,-0.886660876,-0.966654444,3.694019147,0.034417289
1609060373.374325037,-0.899371053,-0.979650964,3.688799119,-0.927886646,-0.989412251,3.693097253,0.030444963
1609060373.424693108,-0.944873186,-1.005867991,3.688909697,-0.968898001,-1.011800549,3.691689048,0.024902043
1609060373.477025032,-1.002031958,-1.035930258,3.694438370,-1.051879550,-1.056883816,3.688286607,0.054421303
1609060373.523668051,-1.049176552,-1.061442091,3.695499776,-1.094512317,-1.079666570,3.687373345,0.049532838
1609060373.575177193,-1.103751131,-1.091567136,3.693088910,-1.137913341,-1.101731043,3.686523392,0.036241794
1609060373.624744177,-1.156639550,-1.120295736,3.694838301,-1.181115114,-1.125059384,3.685982054,0.026460890
1609060373.678225040,-1.216825708,-1.151360734,3.694660014,-1.226890779,-1.149619172,3.685943546,0.013428161
1609060373.725805044,-1.266764838,-1.178633316,3.695692500,-1.313001936,-1.195014514,3.686210798,0.049961141
1609060373.776236057,-1.317990625,-1.205237199,3.694952886,-1.355729032,-1.218154311,3.685770352,0.040931138
1609060373.823961020,-1.366921374,-1.232325163,3.695811460,-1.399104199,-1.240364988,3.687241233,0.034261083
1609060373.877856016,-1.422062580,-1.260829768,3.693514300,-1.442353008,-1.262900504,3.687784823,0.021185285
1609060373.925863981,-1.470457435,-1.286983424,3.692942130,-1.484444625,-1.285211253,3.687999352,0.014940319
1609060373.976363182,-1.520460390,-1.314452143,3.690599956,-1.567414308,-1.328708289,3.687688001,0.049156766
1609060374.024655104,-1.567285154,-1.339403433,3.689928935,-1.607214129,-1.348391728,3.687128827,0.041023811
1609060374.074808121,-1.614380299,-1.362615411,3.690512836,-1.649023558,-1.369894380,3.686998311,0.035573735
1609060374.125483036,-1.660051377,-1.387637485,3.689643284,-1.685574068,-1.388050797,3.686381721,0.025733566
1609060374.175988197,-1.705074249,-1.408090267,3.688720415,-1.723239004,-1.407546138,3.686835862,0.018270357
1609060374.224302053,-1.746038742,-1.429629908,3.688556612,-1.797917876,-1.444865798,3.687996877,0.054073008
1609060374.275952101,-1.790138046,-1.449546079,3.691740929,-1.835056586,-1.463849366,3.689566788,0.047190955
1609060374.324405193,-1.829057089,-1.468914165,3.692870736,-1.868965925,-1.481263362,3.690706180,0.041831843
1609060374.377850056,-1.870711834,-1.488803811,3.694873758,-1.903570178,-1.499197235,3.691736314,0.034605456
1609060374.432549000,-1.911459126,-1.508618088,3.696806727,-1.968480002,-1.532020744,3.694499846,0.061679707
1609060374.480001211,-1.950330463,-1.527666213,3.704632959,-1.997598120,-1.546545850,3.695615118,0.051691329
1609060374.523640156,-1.981850183,-1.542602731,3.707657645,-2.026025194,-1.561168729,3.696887070,0.049113472
1609060374.575245142,-2.021399581,-1.563401393,3.700955720,-2.057039284,-1.576932262,3.697876191,0.038245998
1609060374.626283169,-2.056185736,-1.581667874,3.702380735,-2.083748279,-1.590910205,3.698962254,0.029271154
1609060374.675654173,-2.092907426,-1.601036926,3.699173237,-2.110778832,-1.604898674,3.700056864,0.018305220
1609060374.723823071,-2.128185524,-1.619755479,3.700206769,-2.167963863,-1.634482676,3.703121748,0.042517099
1609060374.773189068,-2.163657495,-1.637530366,3.705580309,-2.196033545,-1.648792723,3.705156372,0.034281614
1609060374.824628115,-2.197724166,-1.657231331,3.708305152,-2.222148694,-1.662712311,3.706574629,0.025091700
1609060374.877428055,-2.231864061,-1.674781283,3.709322318,-2.248622865,-1.676677161,3.708262757,0.016898951
1609060374.925567150,-2.263102484,-1.691724471,3.710966994,-2.274520340,-1.689974631,3.709869223,0.011603209
1609060374.975277185,-2.298642863,-1.708706962,3.714096064,-2.328953165,-1.719049486,3.712064275,0.032090659
1609060375.024696112,-2.331988195,-1.726900901,3.714928530,-2.355256542,-1.733483718,3.712563843,0.024296938
1609060375.075798035,-2.362982921,-1.744966556,3.714347331,-2.380948414,-1.747895274,3.713015132,0.018251331
1609060375.126281977,-2.393060651,-1.763255955,3.714222822,-2.406225117,-1.761805666,3.712766709,0.013323916
1609060375.176793098,-2.423255562,-1.779460587,3.714236779,-2.430835217,-1.775682049,3.712397488,0.008666690
1609060375.225218058,-2.452445749,-1.796050577,3.714096550,-2.482020377,-1.803589936,3.712223930,0.030577888
1609060375.275624990,-2.485850889,-1.813758456,3.713561992,-2.508467546,-1.817974345,3.711809752,0.023072868
1609060375.323940992,-2.516934217,-1.830372301,3.713206542,-2.535161045,-1.832814682,3.711240269,0.018494559
1609060375.377138138,-2.552407780,-1.848933451,3.713804361,-2.562666614,-1.848045568,3.710737090,0.010744308
1609060375.425173998,-2.583265521,-1.865655182,3.713561143,-2.589021184,-1.862751002,3.710833725,0.007000052
1609060375.476772070,-2.617397662,-1.881142538,3.716726746,-2.644489253,-1.893887234,3.710146747,0.030654167
1609060375.524785042,-2.647882987,-1.897523402,3.717308527,-2.668875146,-1.907398328,3.710139740,0.024281195
1609060375.575093031,-2.679661547,-1.914540211,3.717138657,-2.695181908,-1.921734615,3.709786963,0.018619571
1609060375.626551151,-2.712005433,-1.932200271,3.717249987,-2.721371946,-1.936574402,3.709420999,0.012967561
1609060375.677131176,-2.746200530,-1.951528518,3.718223439,-2.748409146,-1.951941765,3.708925636,0.009565454
1609060375.728677988,-2.779024791,-1.969115447,3.718197125,-2.799819626,-1.979743185,3.707335200,0.025755687
1609060375.773073196,-2.805693012,-1.984361166,3.715577687,-2.826089864,-1.994085182,3.706154032,0.024482511
1609060375.823648214,-2.836444656,-2.001615202,3.714656005,-2.850103619,-2.006685726,3.705280717,0.017325516
1609060375.876316071,-2.867212988,-2.020498150,3.710877981,-2.877909843,-2.022328085,3.704206825,0.012738747
1609060375.925800085,-2.896370488,-2.037787049,3.708963152,-2.904726782,-2.037382587,3.702733379,0.010430787
1609060375.977324009,-2.927025882,-2.055164975,3.706649421,-2.955760727,-2.064794138,3.699322032,0.031178563
1609060376.024099112,-2.954184667,-2.070618796,3.704212378,-2.980660314,-2.077920130,3.697273739,0.028326914
1609060376.076449156,-2.983933776,-2.088211775,3.701369262,-3.006103080,-2.091799089,3.694722973,0.023420505
1609060376.129225016,-3.013483664,-2.104939837,3.698915121,-3.030186680,-2.105079179,3.691977757,0.018086933
1609060376.176424026,-3.040561915,-2.119111897,3.697569596,-3.054685928,-2.118329044,3.688399529,0.016857957
1609060376.224507093,-3.067760434,-2.134465262,3.693272540,-3.103212274,-2.145148339,3.680569513,0.039144962
1609060376.275020123,-3.099236920,-2.149330913,3.691863148,-3.127546632,-2.158452461,3.676513946,0.033469993
1609060376.324153185,-3.125956889,-2.164397128,3.686646395,-3.149416054,-2.170676780,3.671895928,0.028413777
1609060376.376890182,-3.155492386,-2.180928298,3.680358359,-3.172692456,-2.183860340,3.666715960,0.022148461
1609060376.425126076,-3.181410269,-2.194841296,3.674877009,-3.193773460,-2.195910726,3.662583117,0.017468027
1609060376.479104042,-3.210157118,-2.211667770,3.667661992,-3.216467049,-2.208941268,3.657648730,0.012145552
1609060376.524039984,-3.233247817,-2.224165886,3.662382179,-3.258545551,-2.232089381,3.648034271,0.030143318
1609060376.576709032,-3.260138263,-2.239843671,3.657771603,-3.278799675,-2.244184290,3.642903744,0.024251649
1609060376.624075174,-3.282777890,-2.253694983,3.652487975,-3.298004064,-2.255987085,3.638533976,0.020779898
1609060376.677000999,-3.307432594,-2.267367207,3.649786721,-3.316517064,-2.267522119,3.633843567,0.018350361
1609060376.726062059,-3.328763512,-2.280738907,3.645437493,-3.352388587,-2.288325418,3.626146245,0.031430106
1609060376.776576996,-3.352523094,-2.293790162,3.640445819,-3.370317540,-2.299898488,3.621333897,0.026818268
1609060376.825327158,-3.372532004,-2.306685782,3.635898342,-3.386066999,-2.310452681,3.617051302,0.023507372
1609060376.875717163,-3.392930302,-2.319834405,3.629958572,-3.401729827,-2.320645697,3.612256467,0.019785205
1609060376.923955202,-3.411111461,-2.331450615,3.623814756,-3.417441578,-2.330508790,3.606843174,0.018138137
1609060376.978782177,-3.431747519,-2.343613118,3.616160106,-3.432538953,-2.340990975,3.600895367,0.015508522
1609060377.024703026,-3.447262914,-2.354118556,3.609752657,-3.458459683,-2.358509477,3.589866174,0.023240481
1609060377.076284170,-3.463244538,-2.364176467,3.603948618,-3.472314873,-2.368717367,3.583267167,0.023035043
1609060377.125343084,-3.477508866,-2.374419175,3.597442310,-3.484576842,-2.378104360,3.576954321,0.021983962
1609060377.175764084,-3.491324175,-2.384897266,3.589130255,-3.495520744,-2.386644702,3.570616448,0.019063730
1609060377.224970102,-3.503279146,-2.394648775,3.581665093,-3.506474491,-2.395227126,3.564232376,0.017732578
1609060377.276504040,-3.514245120,-2.404601549,3.570054100,-3.526659296,-2.411309117,3.550972061,0.023732413
1609060377.323620081,-3.524125098,-2.413510187,3.562863670,-3.535962196,-2.419298588,3.543831965,0.023147965
1609060377.372981071,-3.534427116,-2.422732726,3.555825504,-3.544358330,-2.426236397,3.536641204,0.021884745
1609060377.424736977,-3.542990442,-2.431730631,3.547186867,-3.552618105,-2.433840036,3.529068177,0.020625916
1609060377.477060080,-3.553507080,-2.440676335,3.536767585,-3.561006192,-2.441770593,3.520841907,0.017636930
1609060377.525356054,-3.561686610,-2.449812214,3.527044146,-3.575741190,-2.456745999,3.503795010,0.028038026
1609060377.573468208,-3.569260112,-2.459621077,3.518441949,-3.583006782,-2.464307190,3.494719475,0.027815218
1609060377.624278069,-3.576256453,-2.469317966,3.507856589,-3.589691702,-2.472017367,3.485496389,0.026225392
1609060377.676570177,-3.583376588,-2.478990365,3.495076594,-3.595347052,-2.479632415,3.475841473,0.022664821
1609060377.724879026,-3.588811459,-2.488722911,3.484746714,-3.601147778,-2.487659132,3.466743263,0.021850416
1609060377.775535107,-3.594939989,-2.498525026,3.475279306,-3.612022971,-2.503880428,3.448951098,0.031838390
1609060377.825145006,-3.599932347,-2.508134256,3.465396798,-3.616436032,-2.511374594,3.440199978,0.030294407
1609060377.875771999,-3.607692329,-2.521640850,3.454513270,-3.621723694,-2.520843700,3.431377603,0.027069795
1609060377.924765110,-3.612206952,-2.533324059,3.444406438,-3.625965874,-2.529677064,3.423360289,0.025407655
1609060377.975740194,-3.618718366,-2.545128355,3.435957653,-3.629583207,-2.539261014,3.414810762,0.024487986
1609060378.024561167,-3.623169633,-2.558263004,3.425882219,-3.635860906,-2.560492228,3.399032013,0.029782066
1609060378.075357199,-3.628019288,-2.572131105,3.412566277,-3.638464313,-2.572334033,3.390821827,0.024123865
1609060378.124582052,-3.631405825,-2.587164470,3.401277313,-3.640176363,-2.583481522,3.382709075,0.020863027
1609060378.174213171,-3.634466920,-2.602731521,3.388046457,-3.642342880,-2.596753939,3.373047560,0.017964663
1609060378.226052046,-3.637024525,-2.619916078,3.375193979,-3.644498447,-2.609967504,3.363759306,0.016899272
1609060378.276415110,-3.638759343,-2.636676721,3.362630260,-3.645400001,-2.639069770,3.345635012,0.018402811
1609060378.324060202,-3.639224168,-2.655034032,3.351215247,-3.645720149,-2.654334232,3.336803951,0.015823177
1609060378.373277187,-3.640806475,-2.672580193,3.340900714,-3.645522240,-2.671898504,3.327975135,0.013775839
1609060378.423891068,-3.640025807,-2.693118740,3.330470454,-3.644404456,-2.687688442,3.320635545,0.012057618
1609060378.477568150,-3.638602680,-2.716158177,3.322477655,-3.642555575,-2.706188321,3.312997820,0.014314002
1609060378.526171207,-3.635964009,-2.738972183,3.313976740,-3.638592069,-2.746037331,3.298765928,0.016976214
1609060378.574408054,-3.631019271,-2.759461002,3.305827401,-3.635136457,-2.766203155,3.292665219,0.015350924
1609060378.623176098,-3.626540378,-2.783346894,3.298460731,-3.631790212,-2.787288031,3.286938559,0.013260986
1609060378.676959991,-3.621671229,-2.809775721,3.290058586,-3.628051809,-2.809903296,3.281245434,0.010881164
1609060378.726022005,-3.615784405,-2.834752504,3.284260665,-3.623568807,-2.832183282,3.276283789,0.011438022
1609060378.776993036,-3.611002281,-2.860724347,3.280131572,-3.612134117,-2.879055276,3.270310031,0.020827066
1609060378.824391127,-3.603620186,-2.887065507,3.279240449,-3.606332511,-2.903467852,3.270953813,0.018575843
1609060378.877188206,-3.595130395,-2.917560663,3.281311935,-3.599050066,-2.928265005,3.274280360,0.013393648
1609060378.925369024,-3.586701792,-2.945329508,3.287058764,-3.591554965,-2.953193378,3.279915293,0.011680022
1609060378.976911068,-3.575363546,-2.977551368,3.293784867,-3.584765791,-2.980489258,3.286378578,0.012324226
1609060379.027352095,-3.565042628,-3.008662247,3.303648161,-3.568360535,-3.033709838,3.303497641,0.025266836
1609060379.074259043,-3.553983240,-3.040555274,3.314141297,-3.559230228,-3.061752849,3.313754022,0.021840743
1609060379.123567104,-3.542399452,-3.072885820,3.326019033,-3.550707795,-3.087903100,3.323951413,0.017286478
1609060379.172895193,-3.531250009,-3.107960553,3.340527718,-3.541803219,-3.115573310,3.334738512,0.014242163
1609060379.223832130,-3.518847458,-3.143123584,3.354444588,-3.531975395,-3.142700997,3.345793660,0.015727678
1609060379.278740168,-3.504898723,-3.181538540,3.368176085,-3.512527135,-3.199744317,3.366417698,0.019817541
1609060379.324427128,-3.492146870,-3.213995485,3.378817091,-3.501339204,-3.228234457,3.375471175,0.017275488
1609060379.373706102,-3.479695824,-3.246647939,3.390569621,-3.490688696,-3.256363844,3.383699164,0.016200162
1609060379.424789190,-3.465330877,-3.282333496,3.401235468,-3.480199038,-3.283754894,3.391948661,0.017587706
1609060379.477308035,-3.452792334,-3.315060684,3.410454284,-3.469626181,-3.312719800,3.399875350,0.020019290
1609060379.527546167,-3.438015135,-3.349006331,3.419443901,-3.445473909,-3.368499892,3.414188324,0.021523320
1609060379.574175119,-3.425113375,-3.378528278,3.424607624,-3.433834449,-3.397773421,3.419863877,0.021654925
1609060379.624490023,-3.409790814,-3.411582385,3.431742823,-3.421996474,-3.424865858,3.425197845,0.019190245
1609060379.676283121,-3.396569163,-3.444377193,3.437381079,-3.409041724,-3.453201545,3.431210157,0.016477689
1609060379.725444078,-3.381403390,-3.475917544,3.442977002,-3.395672599,-3.481638167,3.436119408,0.016833373
1609060379.778115034,-3.365914760,-3.508213859,3.449071003,-3.382979504,-3.509900341,3.440361359,0.019232982
1609060379.825517178,-3.350412837,-3.538272921,3.453267358,-3.355377424,-3.564908042,3.447713046,0.027657316
1609060379.876507998,-3.334976827,-3.572013378,3.456721485,-3.340890308,-3.593946441,3.451345161,0.023343808
1609060379.924851179,-3.318472053,-3.603061926,3.460060771,-3.326349393,-3.622011318,3.454544537,0.021249959
1609060379.976315022,-3.303771272,-3.635457343,3.464506657,-3.311436577,-3.649173145,3.457969100,0.017018219
1609060380.025951147,-3.286996343,-3.666737622,3.468358945,-3.296229397,-3.677216660,3.461186584,0.015700391
1609060380.076279163,-3.268088576,-3.703749281,3.472475543,-3.263981169,-3.732791610,3.467145278,0.029811732
1609060380.126965046,-3.248759042,-3.737310837,3.476671681,-3.247626910,-3.759228811,3.469813466,0.022993791
1609060380.175324202,-3.231666125,-3.770159024,3.478352676,-3.230427052,-3.787593504,3.472912172,0.018305613
1609060380.224295139,-3.212081078,-3.802863081,3.481885219,-3.212793666,-3.813505725,3.475750415,0.012304856
1609060380.282178164,-3.190758123,-3.840688584,3.484990879,-3.177083283,-3.868931274,3.480877934,0.031647545
1609060380.327114105,-3.171393003,-3.871139298,3.487407547,-3.158766849,-3.893596025,3.483020459,0.026133712
1609060380.418756008,-3.130794619,-3.932716310,3.491181588,-3.118877583,-3.948070041,3.487788216,0.019729870
1609060380.497653008,-3.093778677,-3.982956690,3.495939086,-3.077827159,-4.001126249,3.492175005,0.024469411
1609060380.579474211,-3.052123633,-4.034049270,3.499571725,-3.033666037,-4.055302445,3.496600571,0.028305618
1609060380.613731146,-3.034146386,-4.055663259,3.501510537,-3.012459704,-4.080141876,3.497979175,0.032893546
1609060380.665153980,-3.006761531,-4.086346101,3.504030344,-2.989451526,-4.106792482,3.500006431,0.027090268
1609060380.732620001,-2.968328183,-4.128340111,3.507888076,-2.943221282,-4.158447404,3.504301888,0.039365801
1609060380.775574207,-2.943813123,-4.153037626,3.514196463,-2.918925174,-4.184842992,3.506794514,0.041058253
1609060380.818601131,-2.918507272,-4.178926798,3.517684898,-2.895610243,-4.209410306,3.509168692,0.039064612
1609060380.869970083,-2.889564886,-4.208464920,3.517495369,-2.869744284,-4.235720658,3.511628346,0.034207506
1609060380.919371128,-2.859054128,-4.237817483,3.520880674,-2.843757789,-4.261059535,3.514565625,0.028531576
1609060380.983446121,-2.819846425,-4.275619458,3.522667393,-2.792390890,-4.311074121,3.520282423,0.044905763
1609060381.026141167,-2.792674468,-4.300327541,3.525215676,-2.763708190,-4.338202091,3.524039633,0.047696016
1609060381.072177172,-2.762774227,-4.324688737,3.529240583,-2.739038107,-4.361036134,3.527310100,0.043454153
1609060381.118996143,-2.732045544,-4.350719481,3.532820936,-2.712726349,-4.385275458,3.530657534,0.039648798
1609060381.169764996,-2.695125322,-4.384508027,3.534573330,-2.684748270,-4.410169573,3.533811099,0.027690777
1609060381.224285126,-2.656176769,-4.416032119,3.538522504,-2.657599471,-4.433790021,3.537173777,0.017865784
1609060381.276952028,-2.620515076,-4.446999281,3.543146958,-2.629382162,-4.458193694,3.541575801,0.014366929
1609060381.325170040,-2.585014246,-4.474758604,3.546281488,-2.571749853,-4.505301022,3.549664122,0.033469772
1609060381.373531103,-2.554120517,-4.499564106,3.550586034,-2.542969473,-4.527967815,3.553401424,0.030643806
1609060381.423969030,-2.518489619,-4.527012798,3.555184150,-2.515737271,-4.550046094,3.557554501,0.023317949
1609060381.474560022,-2.482468035,-4.555852184,3.561061554,-2.485870048,-4.572658524,3.561217156,0.017147915
1609060381.525918007,-2.444920179,-4.583797850,3.566271041,-2.456656413,-4.594424898,3.565090522,0.015876617
1609060381.576167107,-2.410204693,-4.610726916,3.572947840,-2.397126210,-4.639917976,3.573348638,0.031989456
1609060381.623407125,-2.375771996,-4.635901164,3.577186392,-2.369739059,-4.659006717,3.576110427,0.023904406
1609060381.675836086,-2.341878343,-4.661503561,3.580823079,-2.338990918,-4.680719163,3.579742630,0.019461345
1609060381.724457979,-2.307453407,-4.686109921,3.584548431,-2.311621641,-4.699898773,3.582150207,0.014603360
1609060381.777621031,-2.272269674,-4.711878098,3.588986398,-2.281600236,-4.720668621,3.585277094,0.013345097
1609060381.825805187,-2.238176107,-4.735066901,3.592722827,-2.224228243,-4.758817721,3.590440605,0.027637889
1609060381.875913143,-2.205333571,-4.757306171,3.596058659,-2.194593620,-4.778610047,3.592860218,0.024071388
1609060381.926110029,-2.169787703,-4.780383890,3.599332788,-2.164925351,-4.796517304,3.595186120,0.017352935
1609060381.974575043,-2.135699821,-4.799321782,3.601324684,-2.135529153,-4.814622067,3.597363290,0.015805710
1609060382.023908138,-2.100722060,-4.820226996,3.604048045,-2.106703127,-4.832500303,3.598818839,0.014620255
1609060382.077841043,-2.066080844,-4.841754976,3.609107874,-2.076244035,-4.850059419,3.600061920,0.015939997
1609060382.126087189,-2.031791153,-4.860905134,3.610658398,-2.017364729,-4.883191294,3.601616482,0.028045515
1609060382.172864199,-2.000609206,-4.876897161,3.610922570,-1.987544429,-4.900079459,3.601291222,0.028299650
1609060382.224690199,-1.964372932,-4.896081589,3.612065950,-1.956068547,-4.915043538,3.601451123,0.023263553
1609060382.276548147,-1.923443313,-4.918294727,3.611254196,-1.926799166,-4.929882036,3.601992239,0.015208923
1609060382.326167107,-1.887311914,-4.936233992,3.611921577,-1.897272794,-4.944477442,3.601574727,0.016559919
1609060382.376545191,-1.850767483,-4.953460652,3.607361766,-1.866812881,-4.958932058,3.601731780,0.017863030
1609060382.423995018,-1.815497415,-4.969114344,3.606880188,-1.806799975,-4.983947707,3.601621597,0.017981293
1609060382.475164175,-1.781950730,-4.982487548,3.604948425,-1.777145457,-4.996343516,3.600342217,0.015371910
1609060382.524759054,-1.745828470,-4.996180679,3.603367443,-1.747638869,-5.007359531,3.599902901,0.011842606
1609060382.573063135,-1.712601769,-5.007202437,3.602898838,-1.717312518,-5.017600173,3.599550762,0.011895953
1609060382.623972178,-1.674224811,-5.019541446,3.601471731,-1.687691648,-5.027547018,3.598314213,0.015981702
1609060382.680236101,-1.634851245,-5.030616097,3.599142211,-1.626876389,-5.045476120,3.596852331,0.017019464
1609060382.726361990,-1.600506629,-5.039571527,3.598374059,-1.596278161,-5.053008703,3.596804589,0.014173950
1609060382.773458004,-1.566424485,-5.046460294,3.598224580,-1.566627308,-5.060709682,3.596698090,0.014332354
1609060382.823677063,-1.529025120,-5.054201224,3.598342817,-1.536866506,-5.067721532,3.596379724,0.015752453
1609060382.877391100,-1.492275812,-5.060786540,3.599700380,-1.506930902,-5.071915734,3.596124881,0.018746060
1609060382.927017212,-1.454605381,-5.066461334,3.600969761,-1.443683911,-5.081787712,3.597529722,0.019131394
1609060382.974920034,-1.421662573,-5.070354019,3.602725956,-1.443684163,-5.081784511,3.597535476,0.025348524
1609060383.024443150,-1.383887377,-5.074681469,3.604531947,-1.376126810,-5.087463838,3.598708603,0.016047639
1609060383.076413155,-1.347384211,-5.076868332,3.606391618,-1.344022801,-5.090456853,3.600129215,0.015335080
1609060383.125964165,-1.309196644,-5.079130049,3.608248460,-1.311826945,-5.093018510,3.600949906,0.015908386
1609060383.175229073,-1.274272428,-5.080767031,3.611308409,-1.249139142,-5.094437498,3.603369662,0.029691538
1609060383.222527981,-1.237286522,-5.081264456,3.613105123,-1.217402464,-5.092801689,3.604199361,0.024653521
1609060383.276117086,-1.197081444,-5.080283168,3.614454137,-1.183891841,-5.092141288,3.605719004,0.019770766
1609060383.323568106,-1.159176262,-5.078861065,3.617102498,-1.150619529,-5.090775835,3.607602327,0.017476632
1609060383.377740145,-1.111297370,-5.073659907,3.620713868,-1.115081411,-5.086617119,3.609911233,0.017288876
1609060383.424261093,-1.071272171,-5.070198648,3.623900818,-1.045434165,-5.079785467,3.614086761,0.029254493
1609060383.476530075,-1.025877083,-5.063591283,3.625237552,-1.010411449,-5.075321877,3.615904339,0.021538374
1609060383.524501085,-0.982844784,-5.057911349,3.627963533,-0.974428694,-5.068929856,3.618159820,0.016980897
1609060383.580219984,-0.936345348,-5.049602612,3.629514685,-0.936789178,-5.062412913,3.619499087,0.016266930
1609060383.625110149,-0.895140172,-5.042298095,3.630347665,-0.901807043,-5.056384201,3.621291112,0.018024614
1609060383.677712202,-0.849923689,-5.031840109,3.630114588,-0.825106100,-5.039962241,3.620932975,0.027680025
1609060383.726248026,-0.804729947,-5.022454997,3.630064862,-0.789548506,-5.032055384,3.621140575,0.020057080
1609060383.775644064,-0.760459011,-5.011453086,3.629433112,-0.752495275,-5.023039522,3.620643003,0.016581091
1609060383.826225996,-0.712822366,-5.000154342,3.629572978,-0.717050131,-5.014585277,3.621125962,0.017247550
1609060383.877563000,-0.667357190,-4.987959022,3.629287443,-0.642546503,-4.993610409,3.621801559,0.026524457
1609060383.925773144,-0.621762086,-4.975658768,3.628836806,-0.604845983,-4.982675121,3.621539949,0.019713647
1609060383.977313995,-0.576565389,-4.960888036,3.627309638,-0.565821007,-4.971280485,3.621468142,0.016048920
1609060384.025890112,-0.530412390,-4.947685065,3.628075805,-0.529310211,-4.960029918,3.622914636,0.013425642
1609060384.082066059,-0.481773707,-4.933535015,3.628335244,-0.487529747,-4.945878753,3.624015426,0.014288481
1609060384.127351046,-0.438318000,-4.920228507,3.629915923,-0.409261543,-4.920282804,3.627604520,0.029148297
1609060384.179015160,-0.392238001,-4.904306473,3.634926683,-0.368093867,-4.905713296,3.629676981,0.024748287
1609060384.225046158,-0.348232309,-4.890063989,3.637340087,-0.327854838,-4.891660730,3.632071767,0.021107963
1609060384.277572155,-0.302336716,-4.872396948,3.640307844,-0.288070222,-4.877472304,3.634003163,0.016402472
1609060384.326673985,-0.254957413,-4.856228405,3.642861677,-0.247175737,-4.862935998,3.635802841,0.012464889
1609060384.378116131,-0.208633942,-4.838800498,3.645637470,-0.206330605,-4.846690410,3.637551218,0.011530115
1609060384.426213980,-0.163522139,-4.822252671,3.648375815,-0.126514290,-4.814888516,3.641927355,0.038280469
1609060384.477639198,-0.110110276,-4.801511928,3.651669934,-0.086727994,-4.798607805,3.643666446,0.024884149
1609060384.526020050,-0.061932644,-4.783123555,3.654185742,-0.047144213,-4.782339957,3.645308009,0.017266322
1609060384.577697992,-0.010995451,-4.760005316,3.657615689,-0.006248386,-4.764230152,3.646935822,0.012427527
1609060384.627104044,0.038176516,-4.739749265,3.659599962,0.031113179,-4.747740738,3.648676720,0.015266681
1609060384.679548025,0.084445905,-4.717209942,3.660255324,0.111394155,-4.712075411,3.651084487,0.028925349
1609060384.725043058,0.129007220,-4.697490925,3.661570707,0.151738760,-4.693003602,3.652031775,0.025056939
1609060384.780750990,0.179035145,-4.671154564,3.662061602,0.190024738,-4.674755365,3.653583972,0.014339008
1609060384.825978994,0.223211637,-4.649804300,3.663385208,0.227295921,-4.656899314,3.654295460,0.012232911
1609060384.879726171,0.271517268,-4.625223675,3.664800374,0.264216777,-4.638107881,3.656008833,0.017221821
1609060384.927287102,0.315299977,-4.602898104,3.666744770,0.341314471,-4.598897150,3.661040918,0.026931310
1609060384.978001118,0.360066550,-4.577907913,3.668414652,0.379321240,-4.578131162,3.662872408,0.020037699
1609060385.025215149,0.402674634,-4.554486892,3.670552540,0.414480397,-4.559261101,3.664975289,0.013902332
1609060385.078049183,0.446237708,-4.527458188,3.672805841,0.452318446,-4.537450547,3.666925012,0.013092241
1609060385.128671169,0.490426548,-4.501184459,3.675049056,0.486790870,-4.517020633,3.668790854,0.017411710
1609060385.178465128,0.532360325,-4.476595864,3.678545018,0.560219358,-4.473693369,3.671306412,0.028930047
1609060385.225788116,0.573619100,-4.452419692,3.678666863,0.595879482,-4.452849431,3.670229429,0.023809653
1609060385.277276993,0.612580817,-4.426879717,3.677483290,0.632087112,-4.429403463,3.669671947,0.021163221
1609060385.324550152,0.652334751,-4.402180697,3.676542451,0.666601723,-4.407614877,3.668171096,0.017411387
1609060385.378527164,0.693188565,-4.373256936,3.675031168,0.701512871,-4.385117380,3.667009320,0.016562435
1609060385.428066015,0.733368446,-4.347257550,3.674035290,0.735816357,-4.362172577,3.665637371,0.017290904
1609060385.478852987,0.769082821,-4.320927719,3.673179598,0.806388871,-4.313926343,3.663785917,0.039102453
1609060385.527404070,0.807361935,-4.295081080,3.672169732,0.841749469,-4.289042630,3.662118136,0.036331804
1609060385.578270197,0.852328548,-4.264512788,3.669447210,0.873842456,-4.266309107,3.660703231,0.023292320
1609060385.624525070,0.889940252,-4.239039491,3.667497163,0.907968453,-4.241627806,3.659139687,0.020039032
1609060385.679279089,0.934023952,-4.206255975,3.664695262,0.938842373,-4.218929519,3.657346417,0.015422108
1609060385.728085995,0.974273915,-4.177842426,3.662618415,1.000423313,-4.172642346,3.653697080,0.028114446
1609060385.780771017,1.011828735,-4.147837913,3.659293914,1.033561134,-4.147848299,3.651231718,0.023179653
1609060385.825530052,1.047871699,-4.121394567,3.656984241,1.065329401,-4.123028548,3.649536773,0.019050092
1609060385.878072977,1.086781342,-4.090971620,3.653779402,1.096268176,-4.097349713,3.647909624,0.012850462
1609060385.927165031,1.125810990,-4.061448445,3.651443921,1.128496204,-4.072365182,3.645658743,0.012643331
1609060385.979855061,1.164968414,-4.029681394,3.648498041,1.159984493,-4.047253696,3.643758888,0.018870210
1609060386.026208162,1.201564913,-4.001159075,3.646637202,1.223580025,-3.995188369,3.640350835,0.023660788
1609060386.077979088,1.237420389,-3.970563679,3.644928472,1.255036599,-3.969007400,3.638575366,0.018791350
1609060386.127557993,1.274767350,-3.940251346,3.643487642,1.283067330,-3.945007179,3.636797599,0.011673230
1609060386.179339170,1.310018400,-3.908495489,3.642055189,1.314809186,-3.917867196,3.634654434,0.012866689
1609060386.225568056,1.345710709,-3.879443718,3.639881914,1.347109013,-3.890868784,3.632148324,0.013867076
1609060386.277292013,1.378060052,-3.848051523,3.635745430,1.378408843,-3.863102740,3.629773900,0.016196295
1609060386.327005148,1.414710332,-3.816275446,3.632994979,1.439526831,-3.806389863,3.625316033,0.027794776
1609060386.378152132,1.447330110,-3.785588909,3.629313850,1.469798219,-3.778320631,3.623015060,0.024440101
1609060386.426437140,1.482093989,-3.754598886,3.626951957,1.499270653,-3.750463033,3.620762662,0.018720321
1609060386.479035139,1.515173656,-3.721620568,3.625098418,1.528727945,-3.722053707,3.618667704,0.015008680
1609060386.526904106,1.548935121,-3.690030300,3.623263885,1.558837027,-3.693008254,3.616754708,0.012218238
1609060386.578626156,1.581014379,-3.656919133,3.621931697,1.587611721,-3.663722467,3.615411451,0.011503211
1609060386.626856089,1.614804012,-3.624271275,3.620807579,1.644431950,-3.605338944,3.611989082,0.036249328
1609060386.678795099,1.653421370,-3.585335601,3.619257635,1.674413833,-3.574101532,3.610076531,0.025518238
1609060386.726828098,1.688149333,-3.551179868,3.618314455,1.703207324,-3.543777721,3.609370291,0.019014019
1609060386.777306080,1.723327919,-3.512666128,3.617572534,1.733399784,-3.511794066,3.607829309,0.014040420
1609060386.826637030,1.759379219,-3.476351757,3.616397494,1.762411781,-3.480483801,3.607187248,0.010540345
1609060386.879197121,1.793983457,-3.437603007,3.614990855,1.818887119,-3.417871745,3.605083517,0.033281683
1609060386.927596092,1.828099441,-3.400961606,3.613378669,1.848399636,-3.383942546,3.603368485,0.028318723
1609060386.977253199,1.860060587,-3.362111156,3.610779963,1.876550421,-3.350258176,3.602333483,0.021994335
1609060387.024797201,1.894268125,-3.323624467,3.609428121,1.905357162,-3.315529513,3.601534615,0.015836744
1609060387.077081203,1.925653513,-3.283845350,3.608337739,1.932391820,-3.282234559,3.600974432,0.010110278
1609060387.128638983,1.960603799,-3.241819164,3.606896963,1.960289894,-3.248117435,3.600472542,0.009002218
1609060387.178961039,1.991657834,-3.201311075,3.604593891,1.987603849,-3.212588256,3.599285002,0.013107018
1609060387.228384018,2.023868334,-3.159555852,3.603453710,2.043142011,-3.139247342,3.596958027,0.028742027
1609060387.279007196,2.053167728,-3.115771296,3.603051832,2.069903856,-3.102405538,3.595630281,0.022667618
1609060387.325957060,2.083139870,-3.075574113,3.601150816,2.094675767,-3.066673452,3.593902940,0.016273610
1609060387.378004074,2.111452747,-3.030009667,3.598354963,2.121636529,-3.028572812,3.592234829,0.011967874
1609060387.428513050,2.142879822,-2.984291021,3.596033929,2.147050238,-2.990191831,3.590462647,0.009124205
1609060387.478980064,2.167126222,-2.940983930,3.597572097,2.172680022,-2.949591707,3.589237782,0.013206034
1609060387.526018143,2.192559029,-2.899000323,3.596760301,2.216627874,-2.871601663,3.587369339,0.037658811
1609060387.578428984,2.218911163,-2.855263687,3.594434453,2.239332053,-2.830664958,3.586630990,0.032909029
1609060387.626721144,2.244087820,-2.811659879,3.592465170,2.260217339,-2.790335411,3.585427508,0.027648202
1609060387.678171158,2.265187991,-2.765532556,3.589641124,2.279956365,-2.750059407,3.584187240,0.022074150
1609060387.728655100,2.288951156,-2.719261162,3.586663615,2.299523538,-2.708676191,3.582646263,0.015490513
1609060387.779019117,2.309394797,-2.664210680,3.583376207,2.335235326,-2.625858578,3.578332674,0.046519392
1609060387.827759981,2.330696739,-2.616097899,3.579553944,2.351355947,-2.584567028,3.575550585,0.037908120
1609060387.878028154,2.347987809,-2.563240431,3.575669379,2.366754904,-2.542755674,3.573250981,0.027886874
1609060387.927401066,2.367106994,-2.511620742,3.571423384,2.380939024,-2.499423057,3.570483497,0.018465968
1609060387.978938103,2.379483122,-2.460116487,3.568842130,2.395443900,-2.455051349,3.568147552,0.016759609
1609060388.028403044,2.394094843,-2.408731352,3.565684208,2.407520080,-2.412453426,3.565291712,0.013937176
1609060388.080017090,2.405070880,-2.357340638,3.562840290,2.418562520,-2.369014510,3.562172453,0.017853561
1609060388.127521992,2.417175352,-2.308065575,3.559704247,2.438249639,-2.283334705,3.556590870,0.032640996
1609060388.177268982,2.426872631,-2.258347838,3.557781652,2.447355418,-2.240133094,3.553654297,0.027719244
1609060388.226025105,2.437814876,-2.207743710,3.554928413,2.456339649,-2.196353044,3.551542979,0.022008536
1609060388.279821157,2.445566724,-2.154390078,3.553168846,2.461196393,-2.154512246,3.547389592,0.016664371
1609060388.327994108,2.453538060,-2.106011044,3.551089150,2.468012016,-2.114168388,3.544978544,0.017702462
1609060388.378304005,2.458134005,-2.057162653,3.549223359,2.480309923,-2.023117502,3.539722042,0.041726715
1609060388.427662134,2.465599580,-2.008057400,3.547104905,2.483405882,-1.980877640,3.536727495,0.034110033
1609060388.479194164,2.467958988,-1.958067929,3.544284231,2.487366183,-1.940957230,3.534986254,0.027493046
1609060388.525289059,2.473344387,-1.912719715,3.543669940,2.490149307,-1.898126140,3.533358223,0.024529764
1609060388.588790178,2.472648963,-1.850348001,3.543324480,2.493778899,-1.814857089,3.531487022,0.042967481
1609060388.632841110,2.475348286,-1.807418982,3.543605287,2.495372105,-1.771266485,3.531182640,0.043154126
1609060388.684895992,2.476394652,-1.759738325,3.542004081,2.496257615,-1.729742659,3.530546057,0.037756637
1609060388.727123022,2.478532425,-1.718620658,3.542083438,2.496067849,-1.689466572,3.529351928,0.036325517
1609060388.777594090,2.477233886,-1.671657160,3.540672249,2.496002220,-1.647843327,3.528909470,0.032522484
1609060388.826026201,2.478850424,-1.626462810,3.540716269,2.496319809,-1.608911984,3.529072806,0.027363865
1609060388.879713058,2.479646649,-1.568925928,3.540725686,2.494857608,-1.569134433,3.528334425,0.019620400
1609060388.928493023,2.481073814,-1.521442339,3.540976390,2.493272984,-1.529060946,3.528356355,0.019134477
1609060388.978852034,2.477858166,-1.472169954,3.539281034,2.490272685,-1.446778124,3.528980195,0.030082763
1609060389.026794195,2.478041095,-1.425738420,3.539369857,2.487127478,-1.407571053,3.529079949,0.022770547
1609060389.078282118,2.470521792,-1.379330409,3.539067762,2.483989415,-1.368908137,3.529898068,0.019341249
1609060389.127646208,2.468342439,-1.333060895,3.539764633,2.481967267,-1.332057144,3.530630301,0.016434095
1609060389.177092075,2.465118040,-1.288695467,3.541851748,2.477957750,-1.294272042,3.531111384,0.017644029
1609060389.227483988,2.461688559,-1.242331846,3.543619493,2.469142848,-1.219703367,3.535183685,0.025274045
1609060389.277998209,2.454368923,-1.198517398,3.544863248,2.465066735,-1.182515038,3.536686726,0.020913493
1609060389.327522993,2.450088584,-1.153176825,3.546401221,2.460405461,-1.144387017,3.537510293,0.016209481
1609060389.378243208,2.442273574,-1.107700688,3.548265640,2.453938759,-1.104479062,3.538011276,0.015862137
1609060389.425644159,2.438059592,-1.064202662,3.547935772,2.449458665,-1.068306160,3.538360121,0.015442496
1609060389.480804205,2.429053652,-1.017230815,3.544895469,2.443637368,-1.028556821,3.538592319,0.019511353
1609060389.530208111,2.423859084,-0.972530829,3.544723264,2.430054209,-0.951871000,3.537962868,0.022603342
1609060389.578667164,2.414521347,-0.931649403,3.548088765,2.422929383,-0.913661744,3.538587465,0.022011943
1609060389.625934124,2.408572790,-0.890016774,3.549212904,2.416796052,-0.879063620,3.538976324,0.017099158
1609060389.678423166,2.395833193,-0.846454074,3.550615187,2.408812961,-0.840848080,3.539444196,0.018019228
1609060389.727277040,2.389015801,-0.802538835,3.551484973,2.401143650,-0.806133503,3.539442063,0.017465338
1609060389.779801130,2.376160483,-0.760794539,3.551993266,2.382977274,-0.725363482,3.539394201,0.038217338
1609060389.824541092,2.368522009,-0.720892863,3.552782798,2.374341012,-0.689962896,3.539213918,0.034272994
1609060389.877240181,2.355180501,-0.676396945,3.551250018,2.364396683,-0.651866225,3.538910562,0.028964744
1609060389.926560163,2.346113990,-0.633328713,3.551732479,2.355362312,-0.614141598,3.539074170,0.024777200
1609060389.978195190,2.332192106,-0.582004801,3.549244476,2.345447542,-0.577189881,3.538529059,0.017711867
1609060390.027326107,2.322702423,-0.536423502,3.548447247,2.324646729,-0.503072840,3.538349925,0.034899898
1609060390.076764107,2.308456432,-0.489378329,3.545292514,2.315361014,-0.466552583,3.538028578,0.024928953
1609060390.127235174,2.298202141,-0.441269354,3.542617938,2.304416062,-0.428608568,3.536479968,0.015381255
1609060390.177085161,2.282701268,-0.396983087,3.538951255,2.292974930,-0.391536744,3.534565175,0.012427730
1609060390.226591110,2.271089671,-0.351490479,3.535582795,2.281588373,-0.353040110,3.532662123,0.011007018
1609060390.280389071,2.254342841,-0.304549468,3.531742624,2.270467026,-0.314987946,3.530071114,0.019280693
1609060390.326570988,2.243087068,-0.262193178,3.528210045,2.246741773,-0.242240677,3.524830851,0.020564001
1609060390.378979206,2.226706463,-0.217547772,3.524390961,2.235012807,-0.204070402,3.522247070,0.015975954
1609060390.426268101,2.214833339,-0.174532109,3.519665367,2.223562176,-0.167638001,3.518642353,0.011169954
1609060390.477884054,2.198653665,-0.131652488,3.513874696,2.210603587,-0.130276165,3.513636281,0.012031281
1609060390.528004169,2.185346755,-0.087348630,3.508632185,2.186221161,-0.058122523,3.504026700,0.029599668
1609060390.577238083,2.169652770,-0.046132007,3.504952422,2.174123030,-0.023592317,3.499455133,0.023627125
1609060390.625013113,2.157666254,-0.003560392,3.499411682,2.160438397,0.013042841,3.494420111,0.017557560
1609060390.676635027,2.139219397,0.037650448,3.493766546,2.147209595,0.049302019,3.488845793,0.014960487
1609060390.726636171,2.125901795,0.081697122,3.487434173,2.134311649,0.086783208,3.483565988,0.010562044
1609060390.780335188,2.104741232,0.125100182,3.477586424,2.105397098,0.162159933,3.472537678,0.037407821
1609060390.825442076,2.091966334,0.164271885,3.471904216,2.091274434,0.196874403,3.466490193,0.033056233
1609060390.878334045,2.068717682,0.204819872,3.469119692,2.077631015,0.230117694,3.462026279,0.027744256
1609060390.928623199,2.052618927,0.247179868,3.463448704,2.061179588,0.270057506,3.456876784,0.025295481
1609060390.978664160,2.028924445,0.287319331,3.457854706,2.043378352,0.311812398,3.451938707,0.029048662
1609060391.025667191,2.012686395,0.326930154,3.453226027,2.026826383,0.348986030,3.446960751,0.026937977
1609060391.085714102,1.986351786,0.381559208,3.448779296,1.993473650,0.420492549,3.438767687,0.040825952
1609060391.125485182,1.971519316,0.415784753,3.445522928,1.976906656,0.454493306,3.435100250,0.040447592
1609060391.175955057,1.944137872,0.458638820,3.443002062,1.960028664,0.489411793,3.432679114,0.036139402
1609060391.225903988,1.923280154,0.501759724,3.439990990,1.941535418,0.523617197,3.431048272,0.029849220
1609060391.278138161,1.897629093,0.543837976,3.436339939,1.923026939,0.558312484,3.428376198,0.030298236
1609060391.328149080,1.875012504,0.586236013,3.434123209,1.904285768,0.592502415,3.426784236,0.030822918
1609060391.378519058,1.850853866,0.627570534,3.432123383,1.864604681,0.661542419,3.424593501,0.037414877
1609060391.420211077,1.831820967,0.663330500,3.430802984,1.843532683,0.695955606,3.423253202,0.035476204
1609060391.470527172,1.802388318,0.700778941,3.428457116,1.820488341,0.731209049,3.422716098,0.035868671
1609060391.521433115,1.776469156,0.744138047,3.427011284,1.797678309,0.765705004,3.420852145,0.030869027
1609060391.570142031,1.749773635,0.779623653,3.424925727,1.774204487,0.800049851,3.420301417,0.032178881
1609060391.619429111,1.725356981,0.818178097,3.423919981,1.751948241,0.831761374,3.419588399,0.030172224
1609060391.671687126,1.696280206,0.856125416,3.423750204,1.728466143,0.864278681,3.419208956,0.033511687
1609060391.722023010,1.671135935,0.895626720,3.422762298,1.681110070,0.927864948,3.419648523,0.033889265
1609060391.775783062,1.641217623,0.931998611,3.422375513,1.658519970,0.957679157,3.420453305,0.031025095
1609060391.826857090,1.615262804,0.970590430,3.421827707,1.631132596,0.991103139,3.420339179,0.025977630
1609060391.878179073,1.584059414,1.007021721,3.424464238,1.603833520,1.026856337,3.420535213,0.028281876
1609060391.928951025,1.557043106,1.045097128,3.425071071,1.577221235,1.057574433,3.421210073,0.024036374
1609060391.978355169,1.524505940,1.077117809,3.427324044,1.526878547,1.116799840,3.422285031,0.040070993
1609060392.025657177,1.498356929,1.111580995,3.428544855,1.503857720,1.144788439,3.422282047,0.034237637
1609060392.078227043,1.465413251,1.146326609,3.427210668,1.477818973,1.171911895,3.423488769,0.028676843
1609060392.128297091,1.437281961,1.181589075,3.428048522,1.453289738,1.199303706,3.424701272,0.024109358
1609060392.181913137,1.402197160,1.224533912,3.431410143,1.399331982,1.257368000,3.425969096,0.033404964
1609060392.225656033,1.376912595,1.256991438,3.432493065,1.372859943,1.284113606,3.426476475,0.028075529
1609060392.277301073,1.340590772,1.293907983,3.432913459,1.345674747,1.313052909,3.427497017,0.020535648
1609060392.326452017,1.310155922,1.331070122,3.434819323,1.317443786,1.341979586,3.429047430,0.014333322
1609060392.380200148,1.272173793,1.365725861,3.435448006,1.289769211,1.369908479,3.430732372,0.018690378
1609060392.427337170,1.241817611,1.398739966,3.437014277,1.236294964,1.422877532,3.431777071,0.025309090
1609060392.477635145,1.205978218,1.432023423,3.438111711,1.210851041,1.447682768,3.433124580,0.017141499
1609060392.527090073,1.173112104,1.465471883,3.438996391,1.182831939,1.474831451,3.433677946,0.014503881
1609060392.578356028,1.134912984,1.494985078,3.438730419,1.154180347,1.500444567,3.433669253,0.020655573
1609060392.627631187,1.101709138,1.526612065,3.440280792,1.125893044,1.526895759,3.435276236,0.024697923
1609060392.678007126,1.065752373,1.554240204,3.443819739,1.066970470,1.580042886,3.440517657,0.026041619
1609060392.726713181,1.034013047,1.584067659,3.448166905,1.038070221,1.604938546,3.443984052,0.021669122
1609060392.778137207,0.998459445,1.611685695,3.454120665,1.010750078,1.628683335,3.448088964,0.021825693
1609060392.825527191,0.967423953,1.639909509,3.459131265,0.982409866,1.653651083,3.452123488,0.021506217
1609060392.879384995,0.927229126,1.667514280,3.463473026,0.952964794,1.677779411,3.456366077,0.028604305
1609060392.928017139,0.895696080,1.694799272,3.468202896,0.899804983,1.720468544,3.463616576,0.026397518
1609060392.978950024,0.858563222,1.718048622,3.471438898,0.872637225,1.742579308,3.467126421,0.028608208
1609060393.025929213,0.828016761,1.743091813,3.475325283,0.845759111,1.762417962,3.470267480,0.026718390
1609060393.078571081,0.791034123,1.766377569,3.479787453,0.817762558,1.782062581,3.474762651,0.031395501
1609060393.127781153,0.759764014,1.790612809,3.483675478,0.789539904,1.804096870,3.478492772,0.033095075
1609060393.179360151,0.725049893,1.813245311,3.487606106,0.729634396,1.846752353,3.484827323,0.033933187
1609060393.225460052,0.696267656,1.835197918,3.491094052,0.702777694,1.864311494,3.488327333,0.029960567
1609060393.278164148,0.660677756,1.862560377,3.495027573,0.675633345,1.884195868,3.491818130,0.026496503
1609060393.326492071,0.631205647,1.885668825,3.498406071,0.648428717,1.902407483,3.494790404,0.024287648
1609060393.378987074,0.596282669,1.908101600,3.501598813,0.619258318,1.919989385,3.497945025,0.026125659
1609060393.427626133,0.566706970,1.930722990,3.504830161,0.565936893,1.953996858,3.504173898,0.023295851
1609060393.477944136,0.532421130,1.946905428,3.508191493,0.565937008,1.953994725,3.504169086,0.034492781
1609060393.526420116,0.503163337,1.966065647,3.511846500,0.511919333,1.984538670,3.510480509,0.020488679
1609060393.577835083,0.468636351,1.983432957,3.516362552,0.484190165,1.999827060,3.514271811,0.022694910
1609060393.627587080,0.437805094,2.002477202,3.520571416,0.460133986,2.014345953,3.517524180,0.025470224
1609060393.681843996,0.403902621,2.020949839,3.526172296,0.405087363,2.043094685,3.523175687,0.022378058
1609060393.726659060,0.376615627,2.036267939,3.529550079,0.380006459,2.054977614,3.525981473,0.019346436
1609060393.777696133,0.344612335,2.048397931,3.531649830,0.354244793,2.068484083,3.529149126,0.022416317
1609060393.825637102,0.315755218,2.064900854,3.535248197,0.328303651,2.081269581,3.532666179,0.020786179
1609060393.880216122,0.283343708,2.080835314,3.540201435,0.301356322,2.093710393,3.534883380,0.022770675
1609060393.929346085,0.254454542,2.095731133,3.543495382,0.273918946,2.105199625,3.537647527,0.022421257
1609060393.978819132,0.222058483,2.106160365,3.547322265,0.220665065,2.129383795,3.542593270,0.023740950
1609060394.025839090,0.194233119,2.119358462,3.550237182,0.193215754,2.139655732,3.545007581,0.020984825
1609060394.078690052,0.162239929,2.130799052,3.551311939,0.166283736,2.150408342,3.546410822,0.020613044
1609060394.127166986,0.133486222,2.143843514,3.553614509,0.139656415,2.161683942,3.548576892,0.019537906
1609060394.178130150,0.101533063,2.152499510,3.555333272,0.113566380,2.171057518,3.550850880,0.022567504
1609060394.227622032,0.072585637,2.164400183,3.557730376,0.058388046,2.190898020,3.554230615,0.030264753
1609060394.277701139,0.039619833,2.172809723,3.560813942,0.033303878,2.200531756,3.556613655,0.028740995
1609060394.327140093,0.010044527,2.183972428,3.563610170,0.005952082,2.210326457,3.558890353,0.027084306
1609060394.378655195,-0.029175297,2.197592166,3.567202066,-0.020693242,2.218190860,3.560702251,0.023205582
1609060394.428137064,-0.061536802,2.209748807,3.569875745,-0.049448468,2.227326913,3.562137538,0.022693555
1609060394.480125189,-0.098845925,2.220273569,3.570796908,-0.106217160,2.246517919,3.564710579,0.027931065
1609060394.526715040,-0.130295302,2.231641268,3.572487002,-0.134552503,2.253490591,3.565915706,0.023209882
1609060394.578184128,-0.166693960,2.240922927,3.572650640,-0.164133577,2.261640493,3.567020493,0.021621093
1609060394.625958204,-0.198859949,2.251023355,3.573308449,-0.192773175,2.270488364,3.567828169,0.021117975
1609060394.678415060,-0.235495368,2.259027404,3.572506909,-0.219252106,2.278031382,3.568078363,0.025389108
1609060394.727630138,-0.269924556,2.268903167,3.572683061,-0.250295528,2.284804137,3.567729627,0.025742496
1609060394.778980017,-0.305335939,2.276713599,3.573191450,-0.310616741,2.299864523,3.567183387,0.024493857
1609060394.825003147,-0.337817203,2.285485639,3.572551864,-0.338424966,2.306638486,3.566327817,0.022057903
1609060394.878548145,-0.376233646,2.292580440,3.568836740,-0.370573248,2.312378021,3.564844627,0.020974300
1609060394.926192045,-0.410200846,2.300857031,3.566896073,-0.400573020,2.317893601,3.563245152,0.019906505
1609060394.979655027,-0.448486587,2.308281665,3.564709301,-0.429814236,2.324179840,3.560064512,0.024959622
1609060395.028001070,-0.483004555,2.316613631,3.561723676,-0.494363757,2.335963887,3.554205340,0.023664092
1609060395.079689980,-0.522237605,2.320949449,3.559619852,-0.524853895,2.340122007,3.551015410,0.021177072
1609060395.126984119,-0.556773785,2.328126969,3.557050435,-0.558063264,2.346320630,3.548093155,0.020320061
1609060395.178426981,-0.595345661,2.331804907,3.554378906,-0.593669141,2.351540003,3.545058781,0.021889482
1609060395.228995085,-0.633182984,2.338594558,3.551274945,-0.625903269,2.355068018,3.541689219,0.020402335
1609060395.278118134,-0.670356620,2.341639907,3.544591451,-0.659766009,2.359212682,3.537833668,0.021601646
1609060395.330049992,-0.709507198,2.348053715,3.541296697,-0.726717621,2.368362724,3.531638943,0.028318310
1609060395.379475117,-0.746966565,2.351591142,3.538680212,-0.762629242,2.370736465,3.528655776,0.026689926
1609060395.425306082,-0.781732252,2.356831711,3.536195207,-0.796234335,2.374409475,3.526137854,0.024908604
1609060395.477863073,-0.829253255,2.360145128,3.532450019,-0.830103857,2.378614508,3.522404734,0.021041608
1609060395.528144121,-0.870207601,2.365310370,3.529650870,-0.864174240,2.380104480,3.520917828,0.018208051
1609060395.580636978,-0.914951196,2.367352815,3.524716256,-0.938008368,2.383754128,3.515690498,0.029700178
1609060395.628876209,-0.955015439,2.371367369,3.521990343,-0.972413786,2.386399076,3.513468666,0.024520882
1609060395.679280996,-0.997093437,2.370764989,3.517919018,-1.009772907,2.387209943,3.511824033,0.021641495
1609060395.726664066,-1.035954653,2.372193046,3.514552578,-1.045713195,2.387367174,3.509001218,0.018875935
1609060395.777697086,-1.079428632,2.370260769,3.509558841,-1.083558727,2.387457281,3.506895595,0.017884927
1609060395.827297211,-1.122601448,2.370780000,3.506831259,-1.116987504,2.388005752,3.505089551,0.018201001
1609060395.878175020,-1.168511508,2.368420885,3.505225380,-1.194038769,2.385360893,3.500951638,0.030933313
1609060395.926741123,-1.211216866,2.367616102,3.502147458,-1.231421880,2.384089220,3.499423516,0.026211182
1609060395.978080988,-1.256200995,2.363654461,3.497746465,-1.267818379,2.383294837,3.497005905,0.022831040
1609060396.025374174,-1.297899616,2.361910690,3.494925834,-1.304132709,2.380573230,3.495388339,0.019681355
1609060396.079258204,-1.345969871,2.357825255,3.492205246,-1.343326503,2.377317293,3.494079240,0.019759524
1609060396.127947092,-1.389319152,2.355059764,3.489425289,-1.380025257,2.374061735,3.490300804,0.021171157
1609060396.179615021,-1.436653138,2.348095160,3.487686261,-1.457607850,2.364802360,3.486249674,0.026838298
1609060396.226527214,-1.478546917,2.344072659,3.486231007,-1.497373333,2.359701870,3.484627037,0.024520989
1609060396.277954102,-1.522528814,2.334333876,3.486136703,-1.535574593,2.354651339,3.483154359,0.024328708
1609060396.329421043,-1.568240110,2.327797086,3.485018565,-1.570666890,2.349163394,3.480999755,0.021875996
1609060396.378897190,-1.611236547,2.319875743,3.481965294,-1.609120025,2.341570899,3.479590449,0.021927137
1609060396.428141117,-1.654301156,2.312438157,3.481424843,-1.685299003,2.324661401,3.476439453,0.033691666
1609060396.478668213,-1.699534025,2.300321266,3.481447470,-1.720688178,2.316777396,3.474343017,0.027726804
1609060396.527477026,-1.742375462,2.290677519,3.481048595,-1.762324488,2.305591626,3.473042299,0.026162855
1609060396.578049183,-1.793414127,2.278516280,3.478931287,-1.804750223,2.293479309,3.472155565,0.019957698
1609060396.627701998,-1.838572438,2.266910063,3.478717572,-1.840825096,2.282445315,3.471294628,0.017364292
1609060396.680634022,-1.889309238,2.248938526,3.477956254,-1.878176100,2.270869871,3.470129905,0.025810510
1609060396.727077007,-1.931612899,2.235662581,3.477685965,-1.956144735,2.243156028,3.468466413,0.027257345
1609060396.779548168,-1.978675180,2.217033432,3.473774392,-1.992151123,2.229202380,3.466629350,0.019512456
1609060396.826028109,-2.019913159,2.201271459,3.473014849,-2.028181034,2.214719744,3.465482615,0.017491388
1609060396.878423214,-2.067706634,2.179934641,3.471522372,-2.067998980,2.197125892,3.464259418,0.018664808
1609060396.928431988,-2.112502535,2.159902474,3.470772320,-2.142044792,2.162665288,3.462657496,0.030760827
1609060396.978091002,-2.156493929,2.136836992,3.470017798,-2.176581843,2.145372981,3.461220805,0.023532413
1609060397.067896128,-2.235805233,2.096603189,3.466571347,-2.251937954,2.104837773,3.458476464,0.019839360
1609060397.143000126,-2.302861071,2.058125321,3.465163798,-2.322990791,2.063200891,3.454910853,0.023153616
1609060397.190607071,-2.343890862,2.034265119,3.463943811,-2.360913804,2.039803778,3.453683674,0.020633170
1609060397.238964081,-2.385330177,2.008316409,3.462079435,-2.398070800,2.015432943,3.452146197,0.017653264
1609060397.285953045,-2.424993033,1.981279129,3.459429489,-2.433479178,1.991935735,3.451080042,0.015977834
1609060397.333422184,-2.465610801,1.954214510,3.457875764,-2.469728796,1.967007900,3.450341386,0.015407646
1609060397.386152983,-2.510974537,1.920916913,3.456010410,-2.540664720,1.915514890,3.447574028,0.031334667
1609060397.430253983,-2.548015891,1.894338660,3.454814439,-2.575161775,1.889146332,3.445959789,0.029021787
1609060397.477351189,-2.587737400,1.863654337,3.453873262,-2.610193035,1.861850697,3.444452561,0.024418401
1609060397.527691126,-2.630586719,1.830887386,3.452050713,-2.648270411,1.831797725,3.442754605,0.019998982
1609060397.579995155,-2.673027541,1.794973501,3.448876380,-2.684021634,1.802342110,3.440577348,0.015621793
1609060397.697091103,-2.777483567,1.709179143,3.442448733,-2.786411689,1.715809810,3.437251733,0.012275418
1609060397.745933056,-2.820031797,1.672715264,3.440342925,-2.823099435,1.683672389,3.434811846,0.012651554
1609060397.824478149,-2.890542343,1.608441240,3.437110701,-2.897666722,1.615755322,3.432215943,0.011323040
1609060397.878262997,-2.935243337,1.565609875,3.433405590,-2.938329343,1.577786469,3.431238325,0.012747153
1609060397.926575184,-2.976469481,1.526556885,3.432029060,-2.975094090,1.542112671,3.430336159,0.015707963
1609060397.980239153,-3.022082850,1.481281930,3.430677990,-3.011246735,1.506189430,3.429537880,0.027186482
1609060398.027523994,-3.062383990,1.441311793,3.430170501,-3.082490467,1.435328532,3.430044339,0.020978221
1609060398.078239202,-3.105206404,1.396973014,3.430141899,-3.117509248,1.398973716,3.430479892,0.012469042
1609060398.126496077,-3.145402155,1.354960354,3.430314745,-3.152529242,1.361734850,3.430355646,0.009833150
1609060398.178829193,-3.187011075,1.308535654,3.429997860,-3.184481911,1.327116814,3.430776344,0.018768649
1609060398.226239204,-3.225515164,1.266978448,3.430777486,-3.250387608,1.255171239,3.432125558,0.027565666
1609060398.277672052,-3.267452584,1.222246022,3.433016812,-3.284379509,1.217589850,3.433170750,0.017556321
1609060398.326209068,-3.306222492,1.178693372,3.434612612,-3.317289229,1.180208802,3.433640504,0.011212234
1609060398.377545118,-3.348544012,1.129783574,3.435453740,-3.351859805,1.140228587,3.435178049,0.010962153
1609060398.433663130,-3.392429312,1.078203525,3.438282362,-3.421399412,1.058849202,3.438486412,0.034841041
1609060398.484022141,-3.429999516,1.030511182,3.439764432,-3.452739964,1.021219549,3.440592000,0.024579408
1609060398.527798176,-3.463772032,0.989329213,3.441742312,-3.486030177,0.979960817,3.441821502,0.024149495
1609060398.578746080,-3.501232866,0.938883274,3.445481545,-3.518669857,0.940086813,3.443954820,0.017545029
1609060398.628152132,-3.538409523,0.891717405,3.447650499,-3.551841540,0.898370941,3.445268280,0.015177734
1609060398.678184032,-3.576185067,0.845043641,3.450091371,-3.583204684,0.858222662,3.447383798,0.015175394
1609060398.726467133,-3.612070262,0.798698409,3.452235090,-3.648897426,0.773869633,3.449401363,0.044505484
1609060398.774976015,-3.654489293,0.745060795,3.454449675,-3.680871589,0.731153660,3.451126342,0.030007973
1609060398.825124025,-3.692686884,0.695000928,3.456752699,-3.710646508,0.690172307,3.452752111,0.019022838
1609060398.878898144,-3.733239364,0.635405364,3.459153464,-3.739277238,0.650560493,3.453244031,0.017350944
1609060398.929849148,-3.771705915,0.582135530,3.461619001,-3.801102044,0.563809196,3.455155015,0.035238758
1609060398.978372097,-3.807276844,0.531388661,3.460074332,-3.831316811,0.520888850,3.455336374,0.026657351
1609060399.025608063,-3.841535433,0.481418054,3.460450382,-3.860297576,0.477177876,3.455706452,0.019811663
1609060399.079013109,-3.880603412,0.422534252,3.459426987,-3.890493147,0.431176173,3.455814428,0.013621316
1609060399.128398180,-3.914392269,0.369333440,3.458649983,-3.917501121,0.388658527,3.454891783,0.019931082
1609060399.178855181,-3.946975085,0.315030839,3.457104757,-3.974076838,0.297755135,3.454248049,0.032266326
1609060399.226141214,-3.978568513,0.264559690,3.456737791,-3.999204819,0.256549412,3.453972696,0.022308462
1609060399.278860092,-4.013598567,0.209001213,3.455986914,-4.026326754,0.210945074,3.453258728,0.013161623
1609060399.326719999,-4.042738727,0.158494688,3.455962155,-4.051861689,0.165622164,3.453193101,0.011903656
1609060399.378432035,-4.072122892,0.103200624,3.456438525,-4.079156575,0.117997378,3.452678932,0.016809258
1609060399.471894026,-4.122737599,0.004425055,3.453983136,-4.126477002,0.027909356,3.451951968,0.023866738
1609060399.544891119,-4.160549249,-0.071891050,3.452369305,-4.169692295,-0.059772946,3.450424417,0.015304455
1609060399.593710184,-4.184171634,-0.122145780,3.451455016,-4.190379297,-0.102665531,3.449271291,0.020561709
1609060399.632601023,-4.201965447,-0.161633545,3.450633218,-4.211588543,-0.147740905,3.448103867,0.017088214
1609060399.681473017,-4.223682993,-0.210528315,3.446723018,-4.247713958,-0.232079711,3.446204676,0.032283411
1609060399.727986097,-4.242749381,-0.257344155,3.445831283,-4.265049713,-0.273438252,3.445007450,0.027513696
1609060399.779188156,-4.262022200,-0.309263802,3.443010878,-4.279902759,-0.313162531,3.444988294,0.018407190
1609060399.827403069,-4.279240574,-0.356374950,3.442825202,-4.296510665,-0.354417933,3.444685072,0.017479848
1609060399.879662991,-4.301552125,-0.414750004,3.443101596,-4.310386889,-0.396133813,3.445410569,0.020735163
1609060399.926999092,-4.317050416,-0.462313262,3.443437562,-4.338541748,-0.481734625,3.446053493,0.029084529
1609060399.977424145,-4.332600416,-0.514535077,3.445001607,-4.350508010,-0.521264273,3.446268467,0.019172088
1609060400.026029110,-4.346330404,-0.563304026,3.445078065,-4.363313211,-0.563567667,3.446673513,0.017059622
1609060400.078128099,-4.357519312,-0.612001881,3.443092810,-4.373012557,-0.603017734,3.447031515,0.018337637
1609060400.129971981,-4.368295374,-0.659479453,3.443855265,-4.382564616,-0.642795595,3.447132350,0.022196884
1609060400.179473162,-4.377982495,-0.706095590,3.445038252,-4.398903018,-0.725335649,3.446762840,0.028474943
1609060400.227545977,-4.386136222,-0.750101686,3.445354464,-4.405642600,-0.762548956,3.446576592,0.023171683
1609060400.278501987,-4.394380359,-0.794863124,3.446094080,-4.411701530,-0.798645351,3.446112898,0.017729313
1609060400.328487158,-4.401088628,-0.836677703,3.446996558,-4.416868957,-0.832872471,3.445653044,0.016288142
1609060400.381268978,-4.406294696,-0.877271662,3.449309102,-4.421442698,-0.865175081,3.444686003,0.019928931
1609060400.428768158,-4.409302242,-0.911036350,3.448313895,-4.425184629,-0.896628550,3.443468146,0.021984454
1609060400.479042053,-4.411004498,-0.944694618,3.444735537,-4.428901321,-0.955885511,3.439982319,0.021636207
1609060400.529211998,-4.411812436,-0.976483216,3.442172651,-4.429243757,-0.981446411,3.437437676,0.018732439
1609060400.578112125,-4.412715588,-1.005272497,3.440020854,-4.429364328,-1.005410825,3.434335307,0.017593325
1609060400.626744986,-4.412128973,-1.030534034,3.437424557,-4.428406001,-1.027307220,3.431803524,0.017519988
1609060400.680422068,-4.411804532,-1.056594655,3.433162407,-4.427251840,-1.048595934,3.429035551,0.017878193
1609060400.728835106,-4.409698850,-1.077126933,3.430718720,-4.425667140,-1.068161318,3.426422448,0.018810276
1609060400.779316187,-4.408106511,-1.097126260,3.428812240,-4.419836540,-1.100997335,3.421512010,0.014348245
1609060400.825790167,-4.405274111,-1.111320931,3.427004246,-4.416497297,-1.114051207,3.419226422,0.013925116
1609060400.879508018,-4.401777308,-1.127151774,3.420489954,-4.412829189,-1.125366209,3.417282057,0.011645725
1609060400.927040100,-4.397244313,-1.137878124,3.418136547,-4.407908758,-1.135572262,3.415653543,0.011189848
1609060400.978569984,-4.395761007,-1.155234618,3.419657079,-4.403031139,-1.144823330,3.414297512,0.013783131
1609060401.028685093,-4.390611405,-1.164928602,3.418477799,-4.391226775,-1.159905409,3.411451096,0.008659429
1609060401.079002142,-4.382957406,-1.173079440,3.415736117,-4.384845500,-1.166497762,3.410509488,0.008614002
1609060401.127573013,-4.376014788,-1.182032041,3.414117834,-4.377680883,-1.172660058,3.409631786,0.010523050
1609060401.169844151,-4.369691452,-1.186692750,3.411776930,-4.369988570,-1.177949011,3.408730089,0.009264150
1609060401.221971035,-4.361340812,-1.192545768,3.410463232,-4.362320545,-1.182239496,3.407876031,0.010671117
1609060401.271665096,-4.348818973,-1.196483622,3.409700354,-4.354010928,-1.186050023,3.406871143,0.011992532
1609060401.327571154,-4.336707819,-1.202338473,3.409641742,-4.336220826,-1.194462634,3.407149273,0.008275168
1609060401.378626108,-4.325175990,-1.206643607,3.410814112,-4.326900328,-1.197190224,3.407372220,0.010207174
1609060401.426519156,-4.313609483,-1.209669476,3.411447360,-4.316288638,-1.200436089,3.408551565,0.010040864
1609060401.480786085,-4.300198486,-1.212217358,3.410082591,-4.305714835,-1.203432848,3.408626620,0.010474616
1609060401.529177189,-4.286053108,-1.215961076,3.412462810,-4.283346545,-1.209700035,3.411160858,0.006944149
1609060401.579622984,-4.270720725,-1.219080409,3.417153680,-4.272202640,-1.212960794,3.411427739,0.008510709
1609060401.625693083,-4.256508002,-1.221526703,3.418978494,-4.259487862,-1.214645167,3.412661578,0.009805026
1609060401.678419113,-4.240521428,-1.221726731,3.419912453,-4.246847691,-1.215598083,3.413241026,0.011049429
1609060401.727393150,-4.225965713,-1.218895429,3.422097154,-4.235515013,-1.213628762,3.414529393,0.013273956
1609060401.778926134,-4.212127824,-1.213148874,3.421385917,-4.211614181,-1.206915593,3.416302952,0.008059415
1609060401.830302000,-4.196437337,-1.208329263,3.422955614,-4.199002694,-1.202679517,3.417662288,0.008155978
1609060401.879027128,-4.180854284,-1.204362361,3.424443413,-4.186739951,-1.197305086,3.419073376,0.010643472
1609060401.925945044,-4.166312447,-1.196079737,3.424988092,-4.174713184,-1.190468945,3.420150062,0.011200889
1609060401.979689121,-4.151054844,-1.183359165,3.429379836,-4.161591807,-1.180036250,3.420882330,0.013938327
1609060402.027944088,-4.136835427,-1.168497029,3.430775729,-4.139206953,-1.155086547,3.423039331,0.015662599
1609060402.077647209,-4.122862625,-1.148558758,3.437997915,-4.127443335,-1.138088929,3.424002002,0.018068918
1609060402.128281116,-4.108769739,-1.126433754,3.440863723,-4.115723031,-1.117369672,3.424873562,0.019651746
1609060402.178361177,-4.096864522,-1.099391905,3.437991096,-4.105341131,-1.095957156,3.425789565,0.015248861
1609060402.225638151,-4.083697672,-1.073357650,3.439915922,-4.095129930,-1.073835601,3.427307241,0.017026562
1609060402.278110027,-4.069793000,-1.045310064,3.440165740,-4.071441841,-1.024761700,3.430853175,0.022620296
1609060402.327462196,-4.056830681,-1.014225486,3.441452000,-4.062771173,-0.997223070,3.431036469,0.020805164
1609060402.377845049,-4.045837790,-0.979695451,3.442078344,-4.053918580,-0.970758060,3.433277316,0.014920932
1609060402.425198078,-4.034889753,-0.946288347,3.443195853,-4.043049378,-0.937153000,3.435701940,0.014359414
1609060402.478965998,-4.026570410,-0.908043604,3.444175229,-4.033820351,-0.903288907,3.437020663,0.011240845
1609060402.526862144,-4.018835943,-0.870795889,3.444260368,-4.027324431,-0.870478569,3.437573468,0.010810632
1609060402.579752207,-4.011442353,-0.829666689,3.444180528,-4.014702753,-0.799884992,3.438465725,0.030499814
1609060402.628553152,-4.005821361,-0.790528777,3.444255364,-4.009579352,-0.765100000,3.439002806,0.026236131
1609060402.678928137,-4.001358047,-0.750970083,3.444288724,-4.006589890,-0.732062113,3.438313018,0.020508354
1609060402.729631186,-3.997471969,-0.710517779,3.443493864,-4.003294751,-0.697160049,3.437519538,0.015748852
1609060402.777162075,-3.995681247,-0.671605872,3.444216323,-4.001564888,-0.664754812,3.436379796,0.011956815
1609060402.827563047,-3.993588286,-0.631881743,3.444132115,-3.998939247,-0.598003049,3.435853359,0.035283657
1609060402.879329205,-3.992375957,-0.592542769,3.443816457,-3.998386779,-0.566647337,3.434710110,0.028100337
1609060402.968847036,-3.994811359,-0.525130196,3.442534091,-3.999784486,-0.499536591,3.433774874,0.027504336
1609060403.036223173,-4.000642262,-0.475993624,3.441468781,-4.010445139,-0.437376235,3.431847548,0.040987404
1609060403.130094051,-4.017333057,-0.412395933,3.437802190,-4.027179808,-0.377050223,3.427821227,0.038024957
1609060403.172846079,-4.029492460,-0.380635574,3.435534076,-4.037755225,-0.350366110,3.425199927,0.033034957
1609060403.219709158,-4.041911916,-0.350052918,3.432707431,-4.049685318,-0.322317034,3.421998192,0.030730975
1609060403.290386200,-4.063586063,-0.302518268,3.428214659,-4.076260817,-0.270441399,3.415593948,0.036726792
1609060403.333377123,-4.078403432,-0.275287667,3.425526580,-4.090561741,-0.246691494,3.413335436,0.033379479
1609060403.376505136,-4.096862294,-0.250501590,3.420669229,-4.108065650,-0.221059114,3.410423018,0.033126415
1609060403.426532984,-4.118762184,-0.220517281,3.416751989,-4.127233511,-0.197225041,3.406961181,0.026648672
1609060403.479250193,-4.144163865,-0.190344474,3.412016255,-4.146854035,-0.174651989,3.404524892,0.017595784
1609060403.529406071,-4.167803064,-0.161703828,3.408342512,-4.169133129,-0.150258161,3.401801581,0.013249760
1609060403.586101055,-4.193589586,-0.129649759,3.404579402,-4.214534946,-0.103441026,3.396902748,0.034417101
1609060403.673426151,-4.240782077,-0.084115499,3.401023353,-4.260174799,-0.060839287,3.393474944,0.031222398
1609060403.719946146,-4.266457534,-0.060469064,3.399065410,-4.284325877,-0.039145661,3.391851186,0.028740393
1609060403.767722130,-4.294589408,-0.038585196,3.396495724,-4.309951331,-0.021936185,3.390406446,0.023457570
1609060403.816894054,-4.322797829,-0.015520032,3.394431422,-4.335405918,0.001222472,3.389173323,0.021608401
1609060403.884765148,-4.362620615,0.017243607,3.394027549,-4.389028272,0.041513919,3.387008767,0.036546896
1609060403.930885077,-4.389539612,0.038580137,3.393064891,-4.415808265,0.061528791,3.386473952,0.035498216
1609060403.979072094,-4.419611978,0.060788846,3.391860560,-4.441282033,0.080960008,3.386229950,0.030135872
1609060404.027512074,-4.447932601,0.084544746,3.391813977,-4.467578733,0.102445450,3.386474033,0.027109421
1609060404.078886032,-4.476930310,0.110926050,3.393804937,-4.493536644,0.123507789,3.385863205,0.022296673
1609060404.128934145,-4.504463622,0.135189066,3.393683735,-4.518539360,0.142746892,3.386447740,0.017538722
1609060404.179248095,-4.533616825,0.157599974,3.390730280,-4.564014117,0.183831750,3.386104422,0.040416580
1609060404.229568005,-4.560234290,0.183116629,3.390123553,-4.588078801,0.206272764,3.385407332,0.036520763
1609060404.280018091,-4.589253180,0.211370519,3.393122237,-4.610747053,0.228507973,3.384759726,0.028733438
1609060404.326958179,-4.613070380,0.236018074,3.393200684,-4.634033984,0.251218510,3.384157186,0.027428285
1609060404.377541065,-4.638409169,0.263494225,3.392178053,-4.655622398,0.274504731,3.384114160,0.021967086
1609060404.427803040,-4.661191000,0.290647516,3.391752254,-4.675741354,0.297316552,3.383445027,0.018033271
1609060404.481217146,-4.686164050,0.320667485,3.390340605,-4.713922327,0.345204064,3.381532527,0.038080808
1609060404.527707100,-4.705980698,0.346760633,3.388920846,-4.730028932,0.367221499,3.381224799,0.032499134
1609060404.571979046,-4.724736820,0.370823210,3.386116030,-4.746929920,0.391605784,3.380860447,0.030855635
1609060404.622480154,-4.744055623,0.400188004,3.385441503,-4.761497981,0.414466550,3.381085727,0.022958343
1609060404.672170162,-4.763958611,0.429772646,3.385227538,-4.776940342,0.439982977,3.381130321,0.017016562
1609060404.724748135,-4.782726227,0.461211978,3.384863816,-4.804756028,0.489999393,3.381321589,0.036422174
1609060404.777429104,-4.799855681,0.495770138,3.383252724,-4.817939917,0.517717139,3.381758443,0.028477067
1609060404.828528166,-4.814598328,0.527711521,3.383885870,-4.828646474,0.540685958,3.382768756,0.019155531
1609060404.878906012,-4.828442899,0.559546325,3.386580973,-4.840092325,0.567524408,3.383011082,0.014563758
1609060404.928469181,-4.840495242,0.590644556,3.386873672,-4.848750604,0.591703842,3.383876148,0.008846368
1609060404.978840113,-4.851649835,0.621473161,3.386295573,-4.866208488,0.644932813,3.384760026,0.027652623
1609060405.026875019,-4.861134413,0.653042771,3.386232493,-4.874323968,0.674298288,3.384546737,0.025071959
1609060405.079665184,-4.871519653,0.687291580,3.387879241,-4.882071775,0.702768820,3.384737974,0.018993678
1609060405.127121210,-4.878942976,0.718394530,3.388029015,-4.888130236,0.731767013,3.384567287,0.016589533
1609060405.180289030,-4.887705205,0.750479955,3.387508690,-4.894731192,0.760675200,3.384589266,0.012721264
1609060405.228845119,-4.894076960,0.782765121,3.387959141,-4.900996393,0.789972123,3.383995089,0.010748634
1609060405.281080008,-4.901089692,0.817948432,3.383780666,-4.910288928,0.851082551,3.383674409,0.034387600
1609060405.325997114,-4.905932730,0.848499672,3.382355870,-4.916017947,0.882210462,3.382284520,0.035187129
1609060405.378040075,-4.911029943,0.889238221,3.379469862,-4.920054141,0.913034701,3.380825906,0.025486221
1609060405.427482128,-4.915314475,0.925546121,3.375749514,-4.923778431,0.945421917,3.378941311,0.021837431
1609060405.480834007,-4.923189545,0.968269932,3.373327580,-4.928585614,0.976465610,3.375564401,0.010064297
1609060405.528052092,-4.927232461,1.003411153,3.369203047,-4.937346651,1.037431548,3.369970580,0.035500328
1609060405.577284098,-4.933621223,1.044188453,3.365867014,-4.941328983,1.070228773,3.367175309,0.027188590
1609060405.626881123,-4.939738509,1.085592044,3.362218390,-4.945905352,1.105248336,3.364305328,0.020706402
1609060405.678483009,-4.947521298,1.127968242,3.358310931,-4.951752903,1.138998125,3.361280519,0.012181266
1609060405.728350163,-4.954742418,1.169310498,3.353914455,-4.957110214,1.171267954,3.357800027,0.004953358
1609060405.780021191,-4.963555673,1.210886615,3.349607464,-4.968663755,1.238279619,3.350308871,0.027874023
1609060405.825129032,-4.971746223,1.247353241,3.345184970,-4.977456984,1.271137361,3.345358633,0.024460730
1609060405.879862070,-4.980681430,1.290282826,3.339360609,-4.985221059,1.303628664,3.340779490,0.014168021
1609060405.927932024,-4.989566432,1.329109363,3.335050077,-4.992859770,1.338746112,3.336900235,0.010350657
1609060405.978623152,-4.999280914,1.369196483,3.330249754,-5.000765494,1.372575224,3.332525446,0.004335740
1609060406.030205011,-5.011932156,1.410709919,3.324778582,-5.011129491,1.406599861,3.327593533,0.005045869
1609060406.079104185,-5.027045083,1.447628602,3.316888151,-5.035263960,1.470966464,3.316439318,0.024746862
1609060406.128489017,-5.042076505,1.484639569,3.309498952,-5.047961556,1.504027310,3.310043115,0.020268558
1609060406.177798986,-5.057634934,1.522454741,3.299016140,-5.062702906,1.536828260,3.303432197,0.015867701
1609060406.227044106,-5.074931118,1.558625619,3.290913134,-5.076851652,1.567351285,3.296798240,0.010698606
1609060406.280534029,-5.095133064,1.595754603,3.288998883,-5.093096241,1.600174926,3.290225278,0.005019158
1609060406.329967022,-5.114845164,1.629584591,3.282963484,-5.130363751,1.661111248,3.278551690,0.035414977
1609060406.378149986,-5.135478112,1.662969302,3.276160843,-5.149266502,1.688983738,3.273355724,0.029575992
1609060406.428543091,-5.159121806,1.696825178,3.270727128,-5.171520027,1.718707444,3.267974398,0.025300731
1609060406.480351210,-5.188695820,1.734123845,3.267356535,-5.193102693,1.745316012,3.263272531,0.012702921
1609060406.530244112,-5.216050871,1.765469104,3.263567124,-5.238683296,1.798298680,3.254349977,0.040926319
1609060406.578059196,-5.244304034,1.796183826,3.258394479,-5.260534521,1.822390728,3.251193659,0.031655682
1609060406.621797085,-5.269196333,1.823092344,3.255218762,-5.285687783,1.847737072,3.247376093,0.030673082
1609060406.670320034,-5.299450679,1.852812344,3.249239197,-5.312735616,1.871432221,3.243914818,0.023484854
1609060406.728110075,-5.336485403,1.884726546,3.243879870,-5.341216205,1.895887609,3.241060826,0.012445756
1609060406.779551983,-5.370994360,1.912626134,3.238025878,-5.368379952,1.919714113,3.238686529,0.007583603
1609060406.824823141,-5.401095882,1.937133973,3.235617204,-5.424739830,1.963734917,3.234139650,0.035620635
1609060406.878969193,-5.437738749,1.967422040,3.236467100,-5.451928441,1.984139435,3.233619171,0.022111746
1609060406.927206039,-5.469584506,1.992549295,3.234833373,-5.480224011,2.006372946,3.232202605,0.017641240
1609060406.980704069,-5.503498889,2.019657897,3.232978068,-5.507430190,2.027245513,3.231565480,0.008661550
1609060407.027716160,-5.533735319,2.042763006,3.231183589,-5.563415554,2.068366326,3.228798690,0.039270015
1609060407.079115152,-5.569744371,2.067887790,3.229191243,-5.592787187,2.088664260,3.227226119,0.031088499
1609060407.127367020,-5.602051700,2.091896217,3.227597165,-5.621257585,2.108585153,3.225930003,0.025498353
1609060407.177980185,-5.637008681,2.115247768,3.225044309,-5.651332130,2.129263871,3.224669684,0.020043769
1609060407.227697134,-5.669686651,2.139052876,3.223078114,-5.678667159,2.149298897,3.223125995,0.013624712
1609060407.280601978,-5.703574052,2.163251008,3.222675125,-5.733798819,2.189266897,3.219188798,0.040031457
1609060407.327654123,-5.733635478,2.185384452,3.220040131,-5.761771782,2.209109678,3.215727118,0.037055903
1609060407.378270149,-5.765901485,2.209146303,3.214136698,-5.787626004,2.227476236,3.212160492,0.028492921
1609060407.428651094,-5.795814173,2.232082319,3.208755603,-5.812437499,2.246020677,3.208030771,0.021705718
1609060407.481408119,-5.827518750,2.256266297,3.201171204,-5.837624346,2.266541310,3.202610716,0.014483479
1609060407.527852058,-5.854141155,2.278119675,3.195597108,-5.888118244,2.305519001,3.192290747,0.043773253
1609060407.578287125,-5.886247368,2.301351382,3.185392783,-5.913013302,2.325686420,3.187387745,0.036229673
1609060407.625300169,-5.913456593,2.323144367,3.179123226,-5.936303592,2.344866431,3.182854141,0.031745128
1609060407.681172132,-5.948937589,2.353446599,3.171668641,-5.962095751,2.365624670,3.177563950,0.018873190
1609060407.728523016,-5.977075243,2.378197448,3.166208715,-5.986885100,2.387628692,3.173488718,0.015433084
1609060407.779933214,-6.009541320,2.406994725,3.162967577,-6.038366670,2.430070916,3.164162334,0.036943725
1609060407.826332092,-6.039126398,2.432323738,3.158380800,-6.063224835,2.449893805,3.161159779,0.029952707
1609060407.879067183,-6.072237674,2.460346224,3.152973246,-6.089315578,2.473775290,3.156644736,0.022033484
1609060407.927498102,-6.102517715,2.488146680,3.148903425,-6.118331048,2.498319845,3.152829948,0.019208654
1609060407.977844000,-6.134623911,2.515335716,3.143997792,-6.146100066,2.523450317,3.149262014,0.015008694
1609060408.026247978,-6.164327396,2.540237283,3.140496362,-6.172948903,2.545311123,3.145317229,0.011104729
1609060408.080068111,-6.198080922,2.566594078,3.136443997,-6.226026967,2.588980424,3.139214202,0.035913841
1609060408.129019022,-6.229549319,2.592337882,3.133015852,-6.251462730,2.609626966,3.136697290,0.028154271
1609060408.178281069,-6.261325301,2.617272684,3.129756116,-6.277666828,2.630686350,3.134071326,0.021577604
1609060408.225942135,-6.292351741,2.642047266,3.126740588,-6.306603188,2.654550454,3.130489766,0.019325885
1609060408.279213190,-6.326690662,2.667829577,3.123169870,-6.337786167,2.678065475,3.128097626,0.015879754
1609060408.328937054,-6.359677137,2.692819048,3.120778560,-6.366294200,2.701039791,3.125723531,0.011654136
1609060408.380493164,-6.393348321,2.719338631,3.121199492,-6.423366729,2.744613754,3.121631531,0.039244405
1609060408.428739071,-6.424222102,2.743268163,3.119780187,-6.449945869,2.765452127,3.119557336,0.033968958
1609060408.479394197,-6.457141308,2.767824360,3.116974535,-6.476059599,2.785988954,3.116895597,0.026227094
1609060408.527713060,-6.486679859,2.790706243,3.113644939,-6.503378329,2.806696823,3.113186364,0.023124616
1609060408.579924107,-6.516862460,2.812878206,3.110227500,-6.531505124,2.827133102,3.110353296,0.020435887
1609060408.628437996,-6.545444718,2.834401420,3.108868560,-6.557415999,2.846757298,3.109568086,0.017218264
1609060408.681055069,-6.577718050,2.857586557,3.110010189,-6.582794858,2.865024819,3.109981177,0.009005696
1609060408.727375984,-6.604534797,2.876391680,3.114740883,-6.633230136,2.898883356,3.119173239,0.036727969
1609060408.778818130,-6.637771511,2.899442047,3.123469273,-6.656962401,2.915823432,3.126706219,0.025438512
1609060408.827222109,-6.664750159,2.917783276,3.132613678,-6.680223255,2.931474342,3.135410274,0.020849051
1609060408.878816128,-6.693213415,2.939025326,3.143581432,-6.702481243,2.947167003,3.143612393,0.012336146
1609060408.928865194,-6.720558940,2.958462699,3.153818331,-6.723903034,2.963157463,3.151873866,0.006083150
1609060408.979489088,-6.748903572,2.977740136,3.165625957,-6.769146314,2.992935079,3.169215655,0.025564444
1609060409.026559114,-6.774676252,2.994323518,3.175727755,-6.791638032,3.007752503,3.178743291,0.021843376
1609060409.079119205,-6.803714741,3.012608530,3.185829618,-6.813870670,3.022184125,3.188490096,0.014209611
1609060409.129620075,-6.829889869,3.030656112,3.197547896,-6.835948577,3.036958089,3.197517062,0.008742071
1609060409.179974079,-6.857605157,3.049287430,3.209099527,-6.858609976,3.052069021,3.206560369,0.003897978
1609060409.227297068,-6.884406735,3.067377522,3.218960020,-6.903846950,3.082189643,3.220670293,0.024499917
1609060409.280170202,-6.913319966,3.086007538,3.232111880,-6.927387957,3.096985893,3.227347720,0.018469701
1609060409.327556133,-6.939960850,3.103629144,3.240465598,-6.951736137,3.113318122,3.233138758,0.016917927
1609060409.378501177,-6.969763829,3.123783780,3.244863312,-6.978315963,3.131276224,3.240273470,0.012261418
1609060409.429986000,-7.001543117,3.144049109,3.252144738,-7.004722420,3.147678654,3.245486713,0.008222583
1609060409.481420994,-7.034263435,3.165816620,3.258893611,-7.033066783,3.165772052,3.250727319,0.008253622
1609060409.528619051,-7.064924556,3.185893362,3.264159182,-7.089180742,3.202535543,3.259033863,0.029859565
1609060409.578970194,-7.099480748,3.207522195,3.265316551,-7.121133372,3.221162893,3.261807630,0.025830549
1609060409.628424168,-7.135287706,3.229949780,3.266881616,-7.152734609,3.240158063,3.263846425,0.020440544
1609060409.680056095,-7.173837965,3.253818881,3.272088923,-7.185814859,3.261052586,3.265834367,0.015326185
1609060409.729544163,-7.211752489,3.277864698,3.273600025,-7.220417118,3.281777866,3.268471085,0.010802532
1609060409.781149149,-7.256011290,3.304407145,3.279860558,-7.289729631,3.323050794,3.270537568,0.039641270
1609060409.829326153,-7.296004847,3.328546791,3.283142439,-7.325848084,3.346346740,3.272284022,0.036405524
1609060409.878853083,-7.340754324,3.355561922,3.285444033,-7.360631888,3.368405922,3.274030012,0.026274813
1609060409.927361012,-7.384120652,3.383113462,3.288624864,-7.399310881,3.391227030,3.276189855,0.021241527
1609060409.980737209,-7.430007067,3.414134445,3.288645419,-7.436118839,3.414549071,3.278453783,0.011890968
1609060410.028295040,-7.473208692,3.440816581,3.290452645,-7.511405847,3.461954158,3.282356924,0.044400006
1609060410.078970194,-7.521798591,3.469038263,3.292118425,-7.551601892,3.485580779,3.283740177,0.035101092
1609060410.128543139,-7.568783447,3.497259571,3.293104672,-7.590299923,3.508848998,3.285549804,0.025580258
1609060410.179124117,-7.618183630,3.525841655,3.293355038,-7.631817139,3.534098334,3.287257931,0.017065170
1609060410.228488207,-7.666945772,3.555063277,3.294129788,-7.672476268,3.556881296,3.288971447,0.007778179
1609060410.279890060,-7.716863170,3.585599765,3.294713464,-7.715593526,3.582827181,3.289759814,0.005817033
1609060410.329349995,-7.764133814,3.615396840,3.296829220,-7.795583176,3.634384330,3.292179142,0.037029858
1609060410.377452135,-7.810580873,3.644428638,3.300277335,-7.833840081,3.657581047,3.293491204,0.027568609
1609060410.427040100,-7.857004901,3.674135868,3.301663712,-7.874911812,3.682738301,3.294341723,0.021172407
1609060410.481698990,-7.906989495,3.707848749,3.303167527,-7.913724946,3.709000319,3.295267355,0.010445340
1609060410.527576208,-7.948383907,3.736503523,3.304541388,-7.952092610,3.736517150,3.295382032,0.009881724
1609060410.578217983,-7.995549157,3.767476095,3.300600347,-7.993897067,3.765899529,3.295706903,0.005400071
1609060410.627376080,-8.040478644,3.799981564,3.300597999,-8.074512376,3.823435100,3.297940019,0.041417728
1609060410.679148197,-8.087082009,3.835596753,3.305460955,-8.113471599,3.853113912,3.298560368,0.032417270
1609060410.726834059,-8.129859856,3.868841078,3.306234125,-8.153757664,3.883262601,3.299065795,0.028817886
1609060410.779208183,-8.178831383,3.903917196,3.307737512,-8.192296729,3.913573640,3.299098139,0.018686927
1609060410.828528166,-8.222205350,3.938047029,3.309505561,-8.230586261,3.944176375,3.300923532,0.013470700
1609060410.879283190,-8.269306388,3.979043695,3.314488742,-8.307347926,4.008860388,3.302188325,0.049874784
1609060410.928606033,-8.313084549,4.017241685,3.317179760,-8.344833882,4.042261987,3.304494531,0.042366859
1609060410.978766203,-8.361707283,4.057110804,3.315479620,-8.381844754,4.074291528,3.306239896,0.028036896
1609060411.025828123,-8.403813801,4.094872162,3.316961365,-8.418739799,4.108837422,3.307518514,0.022516246
1609060411.080110073,-8.451725509,4.137510990,3.314511362,-8.457160598,4.143789499,3.308290638,0.010375803
1609060411.129387140,-8.494590722,4.178775480,3.313146623,-8.527240010,4.212174116,3.308076261,0.046980352
1609060411.176635981,-8.535372845,4.219478423,3.309845773,-8.560219373,4.246024466,3.307775636,0.036418784
1609060411.226155996,-8.576990508,4.261515218,3.308726782,-8.594956696,4.281689547,3.307478726,0.027043393
1609060411.277624130,-8.619728411,4.304365461,3.307920206,-8.629288075,4.317966895,3.307172625,0.016641667
1609060411.326937199,-8.660348361,4.346905461,3.306872863,-8.663829321,4.354356281,3.307561404,0.008252629
1609060411.379705191,-8.702497763,4.390833655,3.305479607,-8.695954199,4.388849587,3.306800911,0.006964237
1609060411.427775145,-8.740390573,4.431078771,3.304899079,-8.760647549,4.458088175,3.305826729,0.033774451
1609060411.470930099,-8.774095514,4.467372079,3.306466391,-8.791361406,4.492070276,3.306591489,0.030135156
1609060411.521054029,-8.811930356,4.508805311,3.307507681,-8.823911192,4.528168414,3.307903280,0.022773377
1609060411.580197096,-8.855185747,4.558154714,3.310600260,-8.854979278,4.562859237,3.310098431,0.004735716
1609060411.626838207,-8.888664662,4.595626061,3.312510438,-8.914551498,4.631110544,3.312916850,0.043925414
1609060411.679201126,-8.925222496,4.636937398,3.313919275,-8.942901831,4.662802358,3.315008690,0.031348713
1609060411.728243113,-8.959096764,4.675950940,3.316314230,-8.973812275,4.697414630,3.316451012,0.026024124
1609060411.778196096,-8.993511807,4.715254345,3.318068449,-9.002611575,4.731784318,3.318297857,0.018870570
1609060411.838414192,-9.033958953,4.764834524,3.321995940,-9.064189697,4.805679204,3.324626700,0.050883265
1609060411.878583193,-9.059725188,4.798676965,3.324093163,-9.092052647,4.839513333,3.327946300,0.052225666
1609060411.925848007,-9.089926414,4.836823539,3.327313638,-9.120851046,4.874568944,3.330182574,0.048880254
1609060411.970710993,-9.122918676,4.874460650,3.327956389,-9.148542273,4.908376065,3.333784305,0.042904414
1609060412.021212101,-9.155402615,4.915774478,3.330940153,-9.176797671,4.944046389,3.336087880,0.035826645
1609060412.070445061,-9.189433059,4.959185644,3.337356765,-9.203205317,4.977344834,3.338539435,0.022821700
1609060412.129059076,-9.227821035,5.010388212,3.341742452,-9.258096670,5.049297038,3.344359244,0.049369611
1609060412.171797991,-9.258475448,5.049643583,3.345544367,-9.283635795,5.082999536,3.347704886,0.041836951
1609060412.220314980,-9.290874378,5.092601736,3.349899489,-9.310968204,5.119076352,3.350838966,0.033249808
1609060412.280927181,-9.330546879,5.144128084,3.355295703,-9.337447829,5.154887614,3.354586863,0.012802072
1609060412.328114033,-9.360394093,5.184949435,3.360034003,-9.365246384,5.191334963,3.358942910,0.008093835
1609060412.381548166,-9.393108246,5.231927641,3.365732506,-9.415811768,5.264211902,3.367965506,0.039531123
1609060412.426798105,-9.420773455,5.271265396,3.370285416,-9.441502158,5.299788315,3.370944971,0.035265721
1609060412.481037140,-9.453806635,5.318759105,3.376578967,-9.464695819,5.334142852,3.374834381,0.018928222
1609060412.528138161,-9.481135318,5.359947788,3.381265611,-9.492153734,5.374312812,3.378606071,0.018298431
1609060412.578795195,-9.508730440,5.403556190,3.387454983,-9.518749157,5.413705582,3.381745149,0.015361870
1609060412.628405094,-9.535974291,5.445951812,3.391489037,-9.543198977,5.450949754,3.385282549,0.010756208
1609060412.680060148,-9.565102879,5.489829547,3.392499074,-9.590949967,5.523176545,3.389575903,0.042292306
1609060412.727285147,-9.590595277,5.530392748,3.395341234,-9.613563769,5.558644480,3.391082600,0.036658532
1609060412.778535128,-9.616590723,5.571209273,3.399008702,-9.635515287,5.592455047,3.393229012,0.029033202
1609060412.828056097,-9.641573211,5.611348269,3.401918000,-9.657599551,5.626674465,3.394317328,0.023441546
1609060412.880711079,-9.668818498,5.651755620,3.403752899,-9.679991496,5.658382286,3.395304440,0.015495968
1609060412.929073095,-9.691345301,5.687553644,3.405528545,-9.719199243,5.721520222,3.399489244,0.044340091
1609060412.978442192,-9.714795358,5.723242610,3.405835916,-9.736752146,5.751413558,3.401142069,0.036024089
1609060413.026663065,-9.735737702,5.756987416,3.407756187,-9.756335749,5.780950163,3.401452337,0.032221597
1609060413.079564095,-9.761126785,5.794010978,3.407494851,-9.774241999,5.810991576,3.403553904,0.021814688
1609060413.128509045,-9.782152374,5.827028487,3.409345558,-9.793521675,5.842402056,3.404811657,0.019651053
1609060413.179367065,-9.808599880,5.864614372,3.408574447,-9.829280507,5.897996061,3.408745226,0.039269004
1609060413.225435019,-9.828262064,5.894639166,3.410234596,-9.845538880,5.924289762,3.410064483,0.034317272
1609060413.280374050,-9.850137437,5.930495649,3.413660894,-9.861620072,5.949624334,3.411366988,0.022428097
1609060413.327057123,-9.869037519,5.959662752,3.416535648,-9.877444592,5.974007345,3.412166020,0.017191274
1609060413.379295111,-9.890106999,5.990261259,3.419302319,-9.893091007,5.999527880,3.414048336,0.011062500
1609060413.429748058,-9.909125256,6.019275429,3.421604538,-9.923353379,6.044215240,3.417961897,0.028943091
1609060413.477909088,-9.926216537,6.046653782,3.423434083,-9.937612143,6.066609172,3.419750626,0.023273274
1609060413.527525187,-9.944217493,6.073287476,3.426025566,-9.951776407,6.088334729,3.421732345,0.017377824
1609060413.577910185,-9.962833383,6.099153277,3.429038521,-9.965398880,6.109496445,3.423565846,0.011979694
1609060413.626291037,-9.979005401,6.122836360,3.431744970,-9.979675845,6.129876718,3.426205620,0.008983348
1609060413.681443214,-9.996344162,6.148357574,3.434719867,-9.994041701,6.150071149,3.427559657,0.007714031
1609060413.729362011,-10.012342512,6.170293188,3.437062114,-10.021546810,6.188077148,3.430981574,0.020927525
1609060413.778925180,-10.027613843,6.190180717,3.435938178,-10.034673459,6.205842104,3.432566473,0.017506731
1609060413.825621128,-10.041821131,6.209987954,3.437593088,-10.047386310,6.223604830,3.434300869,0.015074125
1609060413.870529175,-10.056681613,6.227238889,3.437978552,-10.060391991,6.241308128,3.435146419,0.014823338
1609060413.926827192,-10.073155309,6.249002542,3.439836496,-10.073031665,6.257961945,3.436366051,0.009608859
1609060413.980643988,-10.087741276,6.267422015,3.443128029,-10.086426228,6.274578129,3.438065361,0.008863969
1609060414.029057980,-10.100671951,6.283973406,3.445617178,-10.110456767,6.305484886,3.442153971,0.023884728
1609060414.078119040,-10.112559640,6.302481601,3.450175770,-10.122192590,6.320094663,3.445271001,0.020665683
1609060414.129755020,-10.125481887,6.319429561,3.454865363,-10.133808759,6.333925897,3.448592346,0.017855847
1609060414.178076982,-10.137774199,6.335055824,3.459516678,-10.145359824,6.347853656,3.452021990,0.016658228
1609060414.237054110,-10.151707271,6.353265291,3.465538283,-10.167206683,6.374418483,3.459520838,0.026905370
1609060414.278896093,-10.163437912,6.366749288,3.466826641,-10.177966839,6.386555360,3.464009824,0.024724576
1609060414.326367140,-10.174012091,6.380389238,3.471520899,-10.188234498,6.398240264,3.468043668,0.023087381
1609060414.372323990,-10.185653701,6.394243544,3.475837628,-10.197489494,6.408864935,3.472082471,0.019182604
1609060414.422741175,-10.197000236,6.407997301,3.480725308,-10.207347295,6.419573154,3.476242559,0.016160353
1609060414.469741106,-10.209159864,6.418824888,3.485979012,-10.216558605,6.428823310,3.480188256,0.013720155
1609060414.523486137,-10.221386299,6.431113269,3.491547241,-10.225726554,6.438636039,3.484769405,0.011016758
1609060414.571552992,-10.232761646,6.441577864,3.496491668,-10.243232714,6.457982797,3.493200236,0.019738252
1609060414.619873047,-10.243011000,6.451732915,3.501256049,-10.252068980,6.466961590,3.497059684,0.018209037
1609060414.671653986,-10.254441909,6.463605543,3.505712203,-10.260164261,6.475381868,3.500694866,0.014021441
1609060414.721688986,-10.264234746,6.472871341,3.510287512,-10.268517043,6.483702097,3.504631358,0.012947409
1609060414.773606062,-10.274646372,6.481521105,3.513854978,-10.276112772,6.490940425,3.508715708,0.010829867
1609060414.820553064,-10.283638776,6.489476038,3.518482197,-10.284151412,6.498414104,3.512617359,0.010702717
1609060414.871097088,-10.293463515,6.498102505,3.522380583,-10.299617509,6.513045558,3.520400265,0.016281527
1609060414.921655178,-10.302735352,6.506562016,3.527224294,-10.306968768,6.520358333,3.524163557,0.014752230
1609060414.970494986,-10.311285027,6.516476756,3.533260632,-10.314818272,6.527673072,3.528656075,0.012611235
1609060415.021867990,-10.320382578,6.524986858,3.538474775,-10.321796816,6.534432495,3.532651997,0.011185923
1609060415.071359158,-10.329796894,6.533556391,3.542890803,-10.329501543,6.541301761,3.536063077,0.010329368
1609060415.122093201,-10.337386823,6.540578889,3.548091630,-10.343528413,6.552949671,3.544686316,0.014225032
1609060415.169690132,-10.342366617,6.548107450,3.550057618,-10.349530082,6.558146521,3.548536783,0.012426227
1609060415.270138025,-10.356200961,6.561465819,3.561752885,-10.363206947,6.570112975,3.559661959,0.011323829
1609060415.335822105,-10.363995942,6.569853048,3.568877137,-10.374889660,6.580950293,3.569555413,0.015565410
1609060415.385161161,-10.370981028,6.576940831,3.575465481,-10.380185134,6.586508847,3.574555470,0.013307540
1609060415.426522017,-10.375139392,6.581725154,3.580229899,-10.385507975,6.590662524,3.579529241,0.013706751
1609060415.478945017,-10.380872645,6.588776038,3.586442401,-10.390721166,6.595229971,3.584624919,0.011914271
1609060415.527222157,-10.386193796,6.594152051,3.592491330,-10.395086073,6.599065501,3.589514604,0.010586571
1609060415.579497099,-10.393228912,6.597691053,3.598292114,-10.399315209,6.601633383,3.594373820,0.008242451
1609060415.625437021,-10.396945749,6.600660993,3.603738889,-10.407075346,6.605830931,3.604038523,0.011376589
1609060415.671557188,-10.399408059,6.603424866,3.609121344,-10.410777621,6.607541792,3.609420306,0.012095677
1609060415.721713066,-10.402835438,6.605720954,3.615196446,-10.414446842,6.609573560,3.614156059,0.012278016
1609060415.778937101,-10.409850181,6.610004123,3.621055405,-10.417673130,6.612020450,3.619341866,0.008258349
1609060415.826449156,-10.414194970,6.611686738,3.627028866,-10.421627457,6.613170870,3.625245902,0.007786108
1609060415.880214214,-10.420350328,6.611100617,3.634943313,-10.424834853,6.613691147,3.630722769,0.006680929
1609060415.929654121,-10.424394888,6.611113745,3.641220842,-10.430126654,6.613673511,3.640045956,0.006386384
1609060415.978931189,-10.429223485,6.610823050,3.647183062,-10.432765786,6.612973346,3.644330168,0.005030971
1609060416.026129007,-10.432401521,6.609053069,3.653330179,-10.435239915,6.611798425,3.650192584,0.005043606
1609060416.071283102,-10.436632966,6.607780498,3.657923008,-10.437689939,6.610717505,3.655546343,0.003923230
1609060416.132973194,-10.441349410,6.605857739,3.665710157,-10.440474579,6.609763044,3.661252584,0.005990550
1609060416.179527044,-10.443699849,6.605589637,3.670782167,-10.443613860,6.608260705,3.666682625,0.004893695
1609060416.224436998,-10.446966784,6.604219216,3.675610864,-10.449591663,6.605761003,3.676437735,0.003154490
1609060416.281552076,-10.451732576,6.602657050,3.682208509,-10.453500432,6.604559294,3.681166333,0.002798209
1609060416.327483177,-10.455767365,6.600777924,3.687297988,-10.457605830,6.603137691,3.686113786,0.003217264
1609060416.379132032,-10.460707082,6.598252868,3.694387179,-10.461793922,6.600858050,3.691152503,0.004293171
1609060416.428481102,-10.464223922,6.594998868,3.701584505,-10.464483500,6.599204189,3.696635623,0.006499503
1609060416.478361130,-10.472095414,6.591114708,3.708742844,-10.473109436,6.593190664,3.708463675,0.002327181
1609060416.527779102,-10.477732291,6.588099460,3.716252125,-10.478351268,6.590777317,3.714772194,0.003121578
1609060416.578441143,-10.482609284,6.584084134,3.722242311,-10.482976894,6.588346166,3.720397259,0.004658784
1609060416.625756025,-10.488105447,6.580706802,3.729022154,-10.487869569,6.585217097,3.725875031,0.005504796
1609060416.688992977,-10.493540226,6.575679611,3.739625252,-10.499874077,6.577980873,3.739542448,0.006739461
1609060416.735008001,-10.498887149,6.571174433,3.746747630,-10.504487177,6.574561229,3.746493768,0.006549438
1609060416.779157162,-10.504194237,6.566704549,3.754245147,-10.509224206,6.570949464,3.752877012,0.006722476
1609060416.830991983,-10.510466729,6.560325422,3.762316413,-10.515453130,6.565777730,3.759586200,0.007876923
1609060416.901623011,-10.518753469,6.549580874,3.773092757,-10.526250767,6.553616806,3.773877799,0.008550703
1609060416.940310001,-10.524256076,6.544012671,3.777850146,-10.531003380,6.546871059,3.779668487,0.007550023
1609060416.983126163,-10.529746083,6.537233775,3.784145521,-10.536795236,6.538796460,3.786449909,0.007579099
1609060417.031743050,-10.535347718,6.527951594,3.791135822,-10.542507823,6.531103878,3.794049345,0.008348210
1609060417.080188990,-10.542954239,6.520071196,3.800812501,-10.547069218,6.523016706,3.799520896,0.005222770
1609060417.128481150,-10.548220619,6.509344453,3.808343913,-10.552532174,6.512982331,3.806566145,0.005914737
1609060417.178506136,-10.553997570,6.497018079,3.814560470,-10.556291256,6.503639663,3.813060263,0.007166379
1609060417.229984999,-10.558443626,6.483547899,3.822174392,-10.560030568,6.493156084,3.819762286,0.010032640
1609060417.281683207,-10.562385281,6.470519495,3.827933683,-10.566672683,6.467821481,3.830707589,0.005775434
1609060417.327920198,-10.565112615,6.456568029,3.834297772,-10.568988304,6.454998208,3.838170370,0.005699327
1609060417.380889177,-10.567623237,6.440680271,3.842011105,-10.571036873,6.441146152,3.843463581,0.003738936
1609060417.427345037,-10.568853916,6.425339413,3.848298365,-10.573082598,6.426725769,3.846941619,0.004652365
1609060417.482033014,-10.573784362,6.400740441,3.853557434,-10.574211160,6.411461458,3.852597078,0.010772403
1609060417.528115988,-10.574646591,6.382781154,3.859201512,-10.574812618,6.381749326,3.864496236,0.005396883
1609060417.578565121,-10.576104849,6.362225382,3.867954011,-10.575385072,6.363429303,3.867805303,0.001410538
1609060417.628115177,-10.576074502,6.341501506,3.874018967,-10.574400493,6.347455226,3.871236271,0.006781777
1609060417.680741072,-10.576727886,6.321272332,3.880194080,-10.572791039,6.329853086,3.875472404,0.010555678
1609060417.728932142,-10.575302974,6.301343222,3.884921576,-10.571486899,6.311863240,3.879749737,0.012328063
1609060417.780569077,-10.571673489,6.279582684,3.889198866,-10.566963204,6.274797725,3.888370413,0.006765276
1609060417.827723026,-10.568477645,6.257945698,3.894039349,-10.563505754,6.256993976,3.892623286,0.005256492
1609060417.878182173,-10.564614454,6.234564252,3.899267858,-10.559479815,6.237101755,3.896270029,0.006464551
1609060417.928631067,-10.558413215,6.210819458,3.903752254,-10.555517511,6.217211965,3.898656047,0.008672979
1609060417.978594065,-10.551502954,6.187969385,3.907350329,-10.549839448,6.195870110,3.900944343,0.010306569
1609060418.027911186,-10.543945401,6.164129262,3.911637064,-10.538854060,6.154896101,3.908986879,0.010871821
1609060418.080447197,-10.535164121,6.139185844,3.916097789,-10.532453511,6.131367463,3.910449398,0.010018923
1609060418.127730131,-10.526019111,6.115670569,3.919715530,-10.524484270,6.111345071,3.914250539,0.007136651
1609060418.178858995,-10.517498512,6.089165981,3.923637743,-10.517049468,6.088855874,3.917159653,0.006501036
1609060418.229143143,-10.506153885,6.062680890,3.927097001,-10.509626562,6.067229424,3.917718774,0.010986345
1609060418.278476000,-10.495773498,6.038222185,3.929961477,-10.489664297,6.021884973,3.923700466,0.018531786
1609060418.327845097,-10.482582324,6.011472355,3.932728502,-10.478670679,5.998035522,3.924089730,0.016446209
1609060418.379217148,-10.469239115,5.983032933,3.933847831,-10.468606525,5.974056173,3.927273415,0.011144745
1609060418.427738190,-10.454695915,5.955469521,3.936136240,-10.456091056,5.950399441,3.926559964,0.010925072
1609060418.479364157,-10.441303622,5.926645641,3.940530635,-10.443737338,5.923597127,3.931224481,0.010090635
1609060418.530038118,-10.424451144,5.896907980,3.943644493,-10.430318986,5.898947648,3.934096923,0.011390693
1609060418.580530167,-10.410125097,5.864210651,3.946070172,-10.400687955,5.845932592,3.936520902,0.022678970
1609060418.627577066,-10.392587280,5.834414462,3.949045465,-10.385785101,5.818245606,3.937185044,0.021174776
1609060418.679231167,-10.374784973,5.799808450,3.947902281,-10.370237672,5.792265310,3.939369378,0.012263252
1609060418.727707148,-10.355907675,5.768008508,3.951174970,-10.353086870,5.765920286,3.942008232,0.009815635
1609060418.779791117,-10.335244664,5.735483499,3.952947823,-10.336896116,5.739734153,3.944717338,0.009409370
1609060418.826940060,-10.315701526,5.704509458,3.955611577,-10.319781490,5.711526541,3.948332253,0.010902941
1609060418.877894163,-10.294072490,5.671569686,3.956710588,-10.282068726,5.657161959,3.954143942,0.018927774
1609060418.928442001,-10.270742608,5.637531503,3.959505414,-10.265350019,5.631354853,3.958421583,0.008270774
1609060418.980247021,-10.245963722,5.603823355,3.962628995,-10.245467733,5.602675752,3.958610580,0.004208404
1609060419.028758049,-10.222786834,5.571961263,3.965943699,-10.227476738,5.577855323,3.962240211,0.008393507
1609060419.080204010,-10.197973302,5.539155284,3.970143273,-10.187113455,5.521172028,3.967241198,0.021207447
1609060419.127290010,-10.174073726,5.507691237,3.973724056,-10.166400840,5.491617617,3.969712230,0.018257305
1609060419.179020166,-10.147760330,5.473911611,3.978808059,-10.146453425,5.464052880,3.972256729,0.011908925
1609060419.227241039,-10.123082988,5.442195940,3.982678142,-10.125975991,5.435881822,3.976303047,0.009427587
1609060419.280115128,-10.097577909,5.407851821,3.985982990,-10.106768837,5.408621772,3.979505953,0.011270226
1609060419.327326059,-10.072653762,5.376501230,3.991611593,-10.064809287,5.353212512,3.989507129,0.024664325
1609060419.378854990,-10.049467666,5.344845217,4.000295069,-10.043651240,5.325573684,3.997252146,0.020358835
1609060419.471464157,-10.002909783,5.285516450,4.012903635,-10.000273734,5.268369608,4.009397821,0.017698975
1609060419.537253141,-9.969515765,5.243218723,4.023123040,-9.958603231,5.212972437,4.020084791,0.032297866
1609060419.585476160,-9.947846858,5.211917153,4.030292404,-9.937848766,5.185379365,4.027093882,0.028538510
1609060419.629018068,-9.926118991,5.184218250,4.036629053,-9.917568584,5.157872476,4.030832359,0.028298603
1609060419.673011065,-9.903736462,5.152752174,4.041085015,-9.895726963,5.130354288,4.038435684,0.023934000
1609060419.726917028,-9.876235513,5.117028469,4.048162007,-9.875406267,5.102208725,4.041181885,0.016402272
1609060419.777944088,-9.850498214,5.082446920,4.051729948,-9.855991803,5.075945628,4.047514232,0.009498346
1609060419.829607010,-9.824271177,5.047428346,4.057444114,-9.814036285,5.022868433,4.057518647,0.026607290
1609060419.879155159,-9.800949868,5.016207498,4.065417631,-9.794930926,4.996020529,4.064803051,0.021074133
1609060419.928565025,-9.776321783,4.983505037,4.070693487,-9.774287993,4.967847767,4.066096926,0.016444293
1609060419.977845192,-9.751312847,4.950100673,4.075526154,-9.752928294,4.939808002,4.072067045,0.010977895
1609060420.026153088,-9.726292177,4.917349805,4.079547727,-9.731066488,4.910087413,4.074814391,0.009896508
1609060420.080102205,-9.700096420,4.882203121,4.083072292,-9.709219014,4.880888626,4.078904588,0.010115304
1609060420.127996206,-9.676101152,4.850687437,4.086601905,-9.668802405,4.826559536,4.085359276,0.025238294
1609060420.178651094,-9.651586877,4.819004071,4.089935178,-9.649618262,4.801585930,4.087813000,0.017657030
1609060420.225896120,-9.628442157,4.788140540,4.092914385,-9.628757826,4.773464033,4.091219596,0.014777409
1609060420.278553009,-9.606291762,4.755024060,4.095498020,-9.609113624,4.746672054,4.092985843,0.009166785
1609060420.329905987,-9.580831571,4.721150832,4.097466676,-9.588210415,4.719030231,4.096467656,0.007742243
1609060420.379353046,-9.558275626,4.688644002,4.097721272,-9.547532729,4.665121219,4.101721019,0.026167329
1609060420.425460100,-9.535819659,4.658875225,4.098923709,-9.525507892,4.637493367,4.102810315,0.024054565
1609060420.478222132,-9.512503508,4.621840558,4.106561337,-9.507143247,4.610391307,4.104886396,0.012752379
1609060420.527751207,-9.488437653,4.588476671,4.108940500,-9.485237705,4.583495396,4.107031649,0.006220650
1609060420.579862118,-9.466566805,4.558024474,4.112317033,-9.464758035,4.555146001,4.109011933,0.004741407
1609060420.629007101,-9.442318032,4.525967369,4.114968688,-9.423079666,4.501279520,4.112258604,0.031415746
1609060420.681604147,-9.416317082,4.493236411,4.116273871,-9.400918253,4.472320381,4.114261891,0.026050956
1609060420.727938175,-9.393452432,4.463854662,4.118570114,-9.379640627,4.445614952,4.115858110,0.023039270
1609060420.778449059,-9.366967533,4.431310630,4.125129288,-9.357730255,4.418451481,4.116675155,0.017948743
1609060420.827750206,-9.340649044,4.399858687,4.127893528,-9.335015807,4.392347147,4.117349168,0.014118786
1609060420.880737066,-9.309377665,4.366007312,4.129574159,-9.312129174,4.364373845,4.119559721,0.010513229
1609060420.928517103,-9.281122961,4.335985598,4.131737811,-9.265412670,4.313055849,4.120017024,0.030165601
1609060420.978013039,-9.254491072,4.306208137,4.127049139,-9.242721869,4.288846785,4.120990191,0.021832122
1609060421.026174068,-9.225968628,4.276162922,4.128451134,-9.218267301,4.262972315,4.121253125,0.016885315
1609060421.073661089,-9.199483076,4.247503716,4.128560334,-9.193227389,4.238037255,4.121892996,0.013160582
1609060421.120455027,-9.170035886,4.218838947,4.130372623,-9.167288102,4.212744130,4.122801020,0.010100806
1609060421.172883987,-9.139479728,4.189178824,4.132524112,-9.140743431,4.187798402,4.124294625,0.008439607
1609060421.224383116,-9.105611615,4.158474299,4.134275496,-9.087015702,4.138527723,4.125412878,0.028674376
1609060421.280524015,-9.069496687,4.128591583,4.134307148,-9.061320783,4.115286671,4.125777573,0.017793812
1609060421.327854156,-9.038190553,4.102207708,4.134933213,-9.032942533,4.092857448,4.125801413,0.014083993
1609060421.378944159,-9.005696958,4.075360813,4.134776362,-9.004425280,4.071725980,4.124296107,0.011165345
1609060421.427192211,-8.971544847,4.049606884,4.134535462,-8.976530148,4.048318947,4.125702742,0.010223940
1609060421.479579210,-8.937194078,4.023238146,4.132486960,-8.917454569,4.005062024,4.123785249,0.028208853
1609060421.527832985,-8.901961036,3.997910348,4.131173735,-8.886544409,3.983085869,4.122638506,0.023027976
1609060421.580437183,-8.865944348,3.972366417,4.128306845,-8.855689370,3.960513859,4.121865730,0.016945077
1609060421.629995108,-8.828328201,3.947996038,4.126592972,-8.825868652,3.941445887,4.120003438,0.009611234
1609060421.681367159,-8.789807486,3.924119758,4.125456878,-8.759613775,3.899746610,4.116961787,0.039722500
1609060421.727432013,-8.753723558,3.902070921,4.123946077,-8.727202214,3.878345417,4.116152544,0.036428290
1609060421.778424025,-8.717477950,3.879372428,4.119514523,-8.692666247,3.858761638,4.114618082,0.032625150
1609060421.825348139,-8.680290987,3.857865708,4.117932001,-8.658243301,3.839099475,4.113831091,0.029241912
1609060421.880194187,-8.632460156,3.828372513,4.114124598,-8.624228369,3.819559408,4.111530706,0.012335372
1609060421.928580046,-8.591209441,3.806223575,4.110242876,-8.557401909,3.783331071,4.106032833,0.041045590
1609060421.978991032,-8.549121409,3.783540648,4.106011906,-8.521135168,3.764705440,4.102645123,0.033901770
1609060422.027255058,-8.506396073,3.761169446,4.100869206,-8.485499352,3.745497056,4.098196512,0.026257191
1609060422.079162121,-8.464243154,3.738750562,4.096834734,-8.450816201,3.726996795,4.094471779,0.018000490
1609060422.129970074,-8.421659836,3.716620510,4.093186330,-8.417383473,3.710514157,4.090902034,0.007796977
1609060422.180117130,-8.376179423,3.694087324,4.088810944,-8.343606561,3.674727975,4.083033190,0.038329599
1609060422.228345156,-8.333737757,3.673674606,4.084557772,-8.307847104,3.656838406,4.079007655,0.031378135
1609060422.279767036,-8.289213622,3.653322759,4.078641022,-8.269565161,3.639376220,4.073146119,0.024713597
1609060422.327003002,-8.245883877,3.633691151,4.070886506,-8.234578524,3.624697766,4.065875016,0.015290750
1609060422.379480124,-8.200293750,3.613077934,4.060852597,-8.199635565,3.607825904,4.058121351,0.005956235
1609060422.427206993,-8.157437249,3.594933539,4.050830168,-8.131446278,3.578643697,4.040930843,0.032231757
1609060422.478839159,-8.113173712,3.577664578,4.039967371,-8.095982555,3.564976690,4.032300295,0.022700275
1609060422.528550148,-8.068272381,3.559236716,4.029469829,-8.061412881,3.549794767,4.023913252,0.012925893
1609060422.580224037,-8.026685796,3.541575205,4.018639027,-7.992959187,3.521264445,4.007448084,0.040929798
1609060422.627099037,-7.984419001,3.525033145,4.009665343,-7.956900989,3.508230042,4.000294740,0.033576680
1609060422.677823067,-7.941283729,3.508486172,3.999212155,-7.919649740,3.494399264,3.991825797,0.026851979
1609060422.727541208,-7.896292015,3.492307621,3.989159075,-7.884344331,3.480621711,3.984533883,0.017340705
1609060422.783367157,-7.845131613,3.475442542,3.977163222,-7.811333006,3.457155656,3.968063269,0.039491330
1609060422.828356028,-7.804461304,3.461933202,3.968125400,-7.774814967,3.445246672,3.960939810,0.034770365
1609060422.880164146,-7.760541497,3.447992219,3.959424498,-7.737536877,3.432778691,3.953626081,0.028183073
1609060422.928488016,-7.716187967,3.434656393,3.951051349,-7.700714304,3.420937914,3.946482693,0.021177902
1609060422.979838133,-7.663939434,3.420281681,3.942421953,-7.662134075,3.411000073,3.940039966,0.009750971
1609060423.029355049,-7.616115138,3.407554448,3.935838508,-7.586169188,3.390101598,3.928933801,0.035341715
1609060423.080885172,-7.566908845,3.394929121,3.930270464,-7.547053297,3.379339178,3.924847595,0.025820469
1609060423.127178192,-7.522197721,3.383997984,3.926294564,-7.508207367,3.372020205,3.921038263,0.019152700
1609060423.179766178,-7.476001280,3.374964669,3.923896124,-7.468275476,3.363357301,3.918121428,0.015091923
1609060423.227312088,-7.431901773,3.365328606,3.920775524,-7.430754990,3.354830131,3.914863793,0.012102961
1609060423.280233145,-7.380394039,3.355136858,3.917195995,-7.352145789,3.340155191,3.910928203,0.032583727
1609060423.327131987,-7.335183089,3.347188937,3.914412008,-7.311944176,3.334699814,3.909120614,0.026907696
1609060423.378704071,-7.287187045,3.339726247,3.912341358,-7.272887339,3.327656649,3.907837432,0.019246874
1609060423.425829172,-7.242750509,3.332754780,3.911912258,-7.234739484,3.321842399,3.907743244,0.014164648
1609060423.477626085,-7.197907146,3.324743118,3.914213220,-7.193839861,3.317278206,3.908781073,0.010088407
1609060423.526779175,-7.151591475,3.318707674,3.915583616,-7.152968436,3.313586449,3.910058785,0.007658115
1609060423.580407143,-7.103123024,3.314326857,3.918278779,-7.075091256,3.304044035,3.912411320,0.030429320
1609060423.627583027,-7.059057472,3.309530159,3.920371782,-7.034768832,3.301712073,3.914294129,0.026229723
1609060423.678277016,-7.014639753,3.304961932,3.921496996,-6.994710498,3.298920469,3.916002158,0.021537589
1609060423.726454020,-6.969353443,3.300994642,3.923385722,-6.956289160,3.294833814,3.917279907,0.015681590
1609060423.779623032,-6.924510163,3.299061491,3.924138226,-6.917716423,3.291627380,3.919107196,0.011257539
1609060423.827763081,-6.880311573,3.296181317,3.926388638,-6.877441849,3.290786896,3.921004134,0.008144199
1609060423.881376028,-6.832617880,3.295846326,3.929051680,-6.801873571,3.288109442,3.924951074,0.031966965
1609060423.927520037,-6.790682238,3.294423282,3.931364269,-6.763580798,3.287310221,3.926501822,0.028438127
1609060423.978104115,-6.747220400,3.293523646,3.933370870,-6.723181360,3.288271633,3.928830491,0.025021474
1609060424.026549101,-6.702746613,3.293383761,3.935358671,-6.683980374,3.288756854,3.931149410,0.019781250
1609060424.079257011,-6.650225838,3.293492008,3.938146824,-6.646065927,3.288744786,3.933249837,0.007988834
1609060424.131283998,-6.600385478,3.293654490,3.940286417,-6.568201628,3.290737008,3.936886019,0.032494224
1609060424.180812120,-6.553546388,3.295291639,3.941022415,-6.528906670,3.292815045,3.937947227,0.024954079
1609060424.269929171,-6.471686251,3.300474077,3.940851739,-6.452838688,3.295056224,3.939345850,0.019668540
1609060424.338038206,-6.408852726,3.307133131,3.944125661,-6.374934007,3.302718582,3.940721846,0.034373735
1609060424.385066986,-6.363091936,3.310804995,3.944766823,-6.338024407,3.305232587,3.941047544,0.025947365
1609060424.427415133,-6.322216463,3.314742759,3.945001200,-6.300469129,3.308389510,3.940455516,0.023107868
1609060424.479503155,-6.274996648,3.320451931,3.943999709,-6.261744527,3.313099493,3.940104323,0.015647718
1609060424.528802156,-6.228037268,3.325162307,3.942235594,-6.223631666,3.317596021,3.938903085,0.009368225
1609060424.580688000,-6.180100777,3.330687078,3.939022770,-6.150094424,3.325881142,3.933482468,0.030889694
1609060424.627767086,-6.135069157,3.336397131,3.935635284,-6.114649061,3.329911072,3.931374987,0.021844895
1609060424.678000212,-6.089264363,3.342569327,3.930970885,-6.076110108,3.335551060,3.929212500,0.015012742
1609060424.727902174,-6.041486752,3.349463773,3.927340889,-6.037450033,3.342189484,3.926088324,0.008413044
1609060424.779567003,-5.996291973,3.357411667,3.923645720,-6.001319758,3.347073787,3.922723676,0.011532587
1609060424.828402996,-5.949913620,3.364715072,3.919810964,-5.918938725,3.361877297,3.916453305,0.031285316
1609060424.880347013,-5.904504348,3.374177311,3.916658919,-5.878278648,3.369604700,3.913179703,0.026847739
1609060424.927685022,-5.859672347,3.382483198,3.913126558,-5.837248711,3.377071593,3.908710082,0.023486383
1609060424.979326010,-5.815605973,3.391444795,3.907837787,-5.796749949,3.385488276,3.905045856,0.019970594
1609060425.028661013,-5.768908691,3.400977950,3.903587228,-5.757514604,3.395080401,3.901863839,0.012945129
1609060425.080376148,-5.723141821,3.412956610,3.899360659,-5.681571742,3.411533733,3.893744774,0.041971827
1609060425.127739191,-5.678437389,3.422880389,3.895347403,-5.645526857,3.419956479,3.890854404,0.033344256
1609060425.178142071,-5.625115533,3.435138566,3.890625993,-5.604057965,3.431313078,3.888123306,0.021548062
1609060425.225172997,-5.578486288,3.446530725,3.886965723,-5.563514774,3.441958247,3.884910642,0.015788512
1609060425.281213045,-5.524007862,3.461900272,3.881230643,-5.525452698,3.451467871,3.880858070,0.010538565
1609060425.331796169,-5.472328978,3.475579243,3.877047127,-5.446649786,3.474383647,3.874199217,0.025864280
1609060425.382135153,-5.429999582,3.489414789,3.873295686,-5.408059635,3.485921764,3.871139149,0.022320688
1609060425.428689003,-5.387745730,3.503760377,3.871519937,-5.371907901,3.495785948,3.867429328,0.018197842
1609060425.480192184,-5.336924501,3.519354724,3.867514912,-5.335149302,3.507052513,3.863817953,0.012967776
1609060425.529694080,-5.289479956,3.534010616,3.863053469,-5.296028308,3.520393101,3.860909329,0.015261552
1609060425.580114126,-5.242989931,3.548896362,3.857852613,-5.215648729,3.546728791,3.853901608,0.027710108
1609060425.627465010,-5.197285005,3.563416528,3.853839499,-5.178144529,3.558478583,3.850206466,0.020098260
1609060425.680615187,-5.149868482,3.579411433,3.849721649,-5.137163873,3.573099052,3.847126669,0.014421760
1609060425.728845119,-5.104788257,3.594418985,3.845531653,-5.097259633,3.587459927,3.843937276,0.010375486
1609060425.781431198,-5.057838399,3.611138019,3.840481156,-5.057439027,3.601431424,3.840731224,0.009718026
1609060425.828500986,-5.012880390,3.626524223,3.836993632,-4.981933044,3.629006498,3.834029473,0.031187917
1609060425.879981995,-4.968722460,3.645077938,3.833485891,-4.940998023,3.645894755,3.831087239,0.027839992
1609060425.928338051,-4.923768595,3.661696269,3.830695411,-4.906540890,3.658018723,3.829510072,0.017655684
1609060425.981427193,-4.879015247,3.680307251,3.829281412,-4.870151350,3.672332211,3.826638238,0.012212957
1609060426.028719187,-4.835277676,3.697120860,3.827418334,-4.793779362,3.703827746,3.823196675,0.042248251
1609060426.080445051,-4.790568451,3.717229794,3.826427856,-4.755610989,3.719496177,3.821345775,0.035397573
1609060426.133275986,-4.742491076,3.737151978,3.824112155,-4.719273033,3.734408951,3.818878959,0.023958048
1609060426.178623199,-4.704885677,3.754408017,3.822090999,-4.679700566,3.751846491,3.816171522,0.025997912
1609060426.229953051,-4.658563614,3.774184868,3.818932994,-4.641700174,3.769083637,3.813399810,0.018466572
1609060426.279983997,-4.609345962,3.795832459,3.813600942,-4.605991107,3.784397866,3.810225605,0.012385389
1609060426.327455997,-4.564801124,3.815470854,3.809229086,-4.533414375,3.818262215,3.802065962,0.032314548
1609060426.379871130,-4.518209337,3.837213054,3.801214456,-4.496356728,3.836164342,3.797096391,0.022261958
1609060426.428410053,-4.472714987,3.857830188,3.795252220,-4.459240602,3.854360332,3.791915040,0.014308589
1609060426.480945110,-4.432647372,3.881899099,3.788271094,-4.423615569,3.871800737,3.786732880,0.013635120
1609060426.528591156,-4.390459892,3.903425469,3.781727905,-4.351461768,3.909172614,3.775787012,0.039864490
1609060426.580346107,-4.343797763,3.927197887,3.774253316,-4.318555476,3.926886567,3.771044846,0.025447284
1609060426.628355980,-4.301358802,3.949861422,3.767682377,-4.282507140,3.946799360,3.764956765,0.019292235
1609060426.678764105,-4.258743498,3.973123919,3.761258230,-4.248636470,3.966137874,3.759529364,0.012407490
1609060426.727844000,-4.216838566,3.997035529,3.753817636,-4.213373906,3.986466279,3.752932244,0.011157815
1609060426.780528069,-4.174686083,4.023568469,3.745786729,-4.142777762,4.028156581,3.740283852,0.032702804
1609060426.828762054,-4.134511966,4.046994788,3.738164970,-4.109181208,4.048587933,3.734068524,0.025709265
1609060426.880460024,-4.094184055,4.071483762,3.729881550,-4.076039639,4.069436616,3.727884345,0.018368437
1609060426.927973032,-4.053987090,4.095685640,3.721864618,-4.042596823,4.090325004,3.721088679,0.012612561
1609060426.980300188,-4.014651457,4.122813135,3.712256890,-4.007285347,4.113385290,3.713306941,0.012010264
1609060427.028684139,-3.974956171,4.148032066,3.702579394,-3.973768442,4.135595565,3.704834095,0.012694918
1609060427.080138206,-3.937284879,4.172648670,3.693855640,-3.939050190,4.159461051,3.696535845,0.013572513
1609060427.128703117,-3.898295418,4.198232058,3.684127022,-3.874178975,4.204919914,3.679562558,0.025439429
1609060427.179259062,-3.862415267,4.225639813,3.673044301,-3.841412849,4.228310978,3.670734501,0.021297226
1609060427.228806019,-3.823549451,4.252747473,3.662769090,-3.806681713,4.253674399,3.661267214,0.016959818
1609060427.281520128,-3.787062731,4.281926008,3.652311599,-3.773228565,4.278787364,3.651642210,0.014201525
1609060427.329280138,-3.751125626,4.308311617,3.641361962,-3.741387820,4.303064130,3.642244275,0.011096822
1609060427.381112099,-3.708860322,4.341503845,3.627766449,-3.676372987,4.353420920,3.621281260,0.035206552
1609060427.429231167,-3.671403672,4.369600974,3.615406584,-3.645435949,4.378519544,3.610806402,0.027839274
1609060427.478861094,-3.633854417,4.400380463,3.602008212,-3.613568829,4.403924871,3.599641549,0.020728459
1609060427.529126167,-3.593593074,4.431645639,3.588186735,-3.583666536,4.429017969,3.588660684,0.010279369
1609060427.579799175,-3.561148325,4.462308744,3.575306914,-3.554393800,4.453456267,3.577891610,0.011431124
1609060427.630326033,-3.525106356,4.494924746,3.563123614,-3.522219408,4.480798751,3.565996134,0.014701346
1609060427.681500196,-3.486535417,4.528006410,3.549275742,-3.461573323,4.535210669,3.543451275,0.026625775
1609060427.727840185,-3.452197250,4.558289093,3.536690479,-3.432981055,4.562179184,3.532648542,0.020018298
1609060427.779484987,-3.417470286,4.590495482,3.522763957,-3.402758875,4.590949639,3.521143640,0.014807339
1609060427.829073191,-3.382766052,4.623370280,3.510138772,-3.372430666,4.620009807,3.509674776,0.010877880
1609060427.880336046,-3.349562344,4.657791244,3.498208580,-3.340812170,4.651095143,3.497702933,0.011029913
1609060427.928755045,-3.316494868,4.690162439,3.486259003,-3.311325873,4.680163125,3.487277463,0.011302303
1609060427.980607986,-3.283527266,4.724764705,3.473520302,-3.283162307,4.708133743,3.477420948,0.017086168
1609060428.028478146,-3.250411502,4.757757306,3.462446992,-3.229518517,4.765156736,3.458256532,0.022557224
1609060428.077799082,-3.222582664,4.789325934,3.452417391,-3.201209659,4.795862870,3.449541011,0.022534649
1609060428.129625082,-3.187733015,4.825160362,3.441825125,-3.173519890,4.826224371,3.440817140,0.014288494
1609060428.179145098,-3.160466438,4.858997337,3.432096281,-3.146604421,4.856255412,3.432057156,0.014130648
1609060428.230478048,-3.127713604,4.894856740,3.422861371,-3.121116760,4.884801853,3.424589479,0.012149298
1609060428.281023979,-3.098350109,4.929445587,3.412105990,-3.067059799,4.949180115,3.410569000,0.037025632
1609060428.327894211,-3.068873061,4.962939149,3.404351081,-3.043926117,4.977571585,3.404066100,0.028922991
1609060428.378302097,-3.040802294,4.999577234,3.401197131,-3.017423229,5.009192804,3.396968959,0.025630398
1609060428.427620173,-3.011235792,5.035168725,3.395355769,-2.991314957,5.041487576,3.391310745,0.021286845
1609060428.481490135,-2.978562233,5.078319853,3.385380824,-2.966775931,5.072721694,3.386325884,0.013082410
1609060428.530129194,-2.947984838,5.115856870,3.379813412,-2.941731102,5.103867079,3.381646561,0.013646419
1609060428.580730200,-2.918666585,5.155696776,3.372912315,-2.893059914,5.167615041,3.372256844,0.028252014
1609060428.626178026,-2.890219634,5.190579961,3.368464040,-2.867779381,5.200651635,3.368711728,0.024598068
1609060428.678228140,-2.866177097,5.229802532,3.366613654,-2.845787019,5.229926656,3.365380687,0.020427699
1609060428.727977991,-2.839169106,5.266629571,3.362991508,-2.822460518,5.260860023,3.361587977,0.017732300
1609060428.780537128,-2.807814686,5.307806757,3.359029145,-2.797032651,5.293871569,3.358065269,0.017645702
1609060428.829004049,-2.779762379,5.345733831,3.355954791,-2.752509523,5.357217213,3.353310171,0.029691417
1609060428.879436016,-2.753241378,5.383348871,3.353068041,-2.727894389,5.390278780,3.350280337,0.026424700
1609060428.929301977,-2.725047658,5.420706067,3.349158070,-2.701880397,5.423839131,3.346072164,0.023580943
1609060428.979768991,-2.698259436,5.457920346,3.344301474,-2.680052827,5.454984482,3.342989753,0.018488390
1609060429.027988195,-2.670605516,5.493689221,3.340625885,-2.655287632,5.488336280,3.340137753,0.016233602
1609060429.080878019,-2.642315348,5.531255272,3.337397443,-2.631125889,5.522000768,3.336655957,0.014539589
1609060429.129002094,-2.613822805,5.568721355,3.334024267,-2.583075754,5.589422649,3.330968327,0.037192250
1609060429.179460049,-2.591940860,5.607748591,3.328939403,-2.561337643,5.621674452,3.329665811,0.033630554
1609060429.226698160,-2.564214781,5.645114448,3.325907026,-2.538303730,5.654773062,3.327589525,0.027703830
1609060429.280256987,-2.537048351,5.684640247,3.323100232,-2.512295158,5.690082923,3.324247582,0.025370450
1609060429.328555107,-2.508021814,5.723923061,3.319179373,-2.490069218,5.724044208,3.321155849,0.018061474
1609060429.381138086,-2.480183877,5.765361096,3.315687085,-2.467142657,5.759518298,3.318321293,0.014531028
1609060429.428529024,-2.452051718,5.804422971,3.312378645,-2.416260387,5.833174006,3.311524891,0.045916993
1609060429.478585005,-2.428787543,5.844818217,3.308917725,-2.396442381,5.867180755,3.308092741,0.039331580
1609060429.529040098,-2.399199041,5.889099604,3.305394901,-2.373248251,5.904935118,3.305047472,0.030402758
1609060429.579662085,-2.368520782,5.938722545,3.302340442,-2.348503968,5.944342058,3.302860154,0.020797160
1609060429.628737211,-2.337572201,5.985586068,3.299478623,-2.323349485,5.981553820,3.300913113,0.014852692
1609060429.681184053,-2.308258184,6.036990391,3.295792804,-2.276360810,6.062257195,3.296454994,0.040697572
1609060429.727297068,-2.278313654,6.084799601,3.293987197,-2.250980680,6.106360834,3.293098734,0.034824813
1609060429.779306173,-2.250773069,6.138272783,3.293453068,-2.225417381,6.151680558,3.293203755,0.028683471
1609060429.828670979,-2.222720393,6.190053782,3.292594672,-2.203120043,6.193798077,3.292701538,0.019955072
1609060429.881679058,-2.189062901,6.249407915,3.291863904,-2.177408609,6.240380764,3.292006984,0.014742200
1609060429.928592205,-2.160479462,6.303910625,3.291891888,-2.127325537,6.336236161,3.292410125,0.046307575
1609060429.979950190,-2.131896184,6.365198611,3.292978084,-2.105030509,6.385439538,3.292499236,0.033640584
1609060430.029108047,-2.103385666,6.425658209,3.294074621,-2.083062064,6.435731741,3.291940402,0.022783321
1609060430.079665184,-2.077435472,6.486200925,3.296037899,-2.057805377,6.487848938,3.293239494,0.019896926
1609060430.139734030,-2.046168322,6.559424863,3.298246816,-2.034164141,6.542315821,3.294693549,0.021200127
1609060430.179250002,-2.024458005,6.609760569,3.300823799,-2.012914254,6.594250093,3.296709422,0.019767679
1609060430.227625132,-1.997347394,6.673270450,3.304623632,-1.972701050,6.702002483,3.301408848,0.037990878
1609060430.279911041,-1.974093684,6.738151037,3.308527872,-1.950135427,6.758600664,3.306488586,0.031564917
1609060430.329241037,-1.948276456,6.802542406,3.314600255,-1.930486887,6.812199111,3.310789293,0.020597188
1609060430.379837036,-1.928333889,6.866932719,3.321776600,-1.909611605,6.869654075,3.318140047,0.019265363
1609060430.429674149,-1.903982994,6.933321603,3.330959951,-1.889075998,6.927422111,3.326049396,0.016767114
1609060430.481505156,-1.886293088,7.000432247,3.339584020,-1.853295841,7.042119358,3.342670439,0.053255605
1609060430.528452158,-1.867413763,7.063371046,3.349390224,-1.839912186,7.098584825,3.351415952,0.044726397
1609060430.580064058,-1.852501501,7.130904345,3.360874846,-1.825742607,7.152640579,3.360490465,0.034476804
1609060430.628176212,-1.834821447,7.194431464,3.370218377,-1.808340557,7.212218535,3.370803887,0.031905489
1609060430.679733992,-1.819262655,7.266979085,3.386976030,-1.793912366,7.269122180,3.380507900,0.026250080
1609060430.730561018,-1.802266829,7.334552495,3.398956051,-1.771377784,7.379790624,3.397456739,0.054798443
1609060430.780865192,-1.791128384,7.401283031,3.409045267,-1.762837840,7.433901057,3.405519113,0.043321176
1609060430.828189135,-1.779801437,7.463546146,3.418582444,-1.754156940,7.486656400,3.413774409,0.034854573
1609060430.877870083,-1.774618322,7.526805219,3.425285113,-1.748722329,7.536023201,3.420488476,0.027903071
1609060430.929910183,-1.766432699,7.591538418,3.434356197,-1.741104849,7.588775249,3.429290840,0.025976777
1609060430.981590033,-1.757703468,7.655599590,3.442660724,-1.734926171,7.640820008,3.436329834,0.027880486
1609060431.028035164,-1.752399020,7.712904410,3.449298355,-1.727508837,7.737673055,3.449460428,0.035114574
1609060431.080696106,-1.750509340,7.774984414,3.455830481,-1.726140905,7.782302422,3.455171048,0.025452087
1609060431.127861023,-1.748619688,7.829439494,3.463255000,-1.725465701,7.830697782,3.461653582,0.023243385
1609060431.179397106,-1.753982072,7.885172909,3.472667661,-1.727140523,7.878096574,3.468189447,0.028117569
1609060431.228162050,-1.757727455,7.939907826,3.480447709,-1.738289323,7.969021094,3.480507929,0.035006099
1609060431.281984091,-1.766238320,7.996617408,3.488247938,-1.746383231,8.015592433,3.487395292,0.027477321
1609060431.327632189,-1.774750473,8.046808861,3.494678507,-1.755829417,8.061872011,3.494010559,0.024194028
1609060431.380648136,-1.793584098,8.100207784,3.504435005,-1.770009619,8.106516361,3.499683090,0.024862319
1609060431.441133022,-1.815311264,8.163172346,3.513470389,-1.804857646,8.197958517,3.509662295,0.036522013
1609060431.487370014,-1.835718884,8.211271699,3.519856445,-1.823377365,8.241791763,3.514417202,0.033367241
1609060431.531643152,-1.852905723,8.257438720,3.523917296,-1.839726685,8.283065340,3.518764515,0.029273911
1609060431.578772068,-1.871200116,8.299614032,3.526385864,-1.857584986,8.324147769,3.524280884,0.028137288
1609060431.629288197,-1.890638832,8.348800547,3.531366047,-1.876095593,8.363631582,3.527536680,0.021121777
1609060431.681290150,-1.918679773,8.395080799,3.537631409,-1.896385915,8.403949947,3.530908015,0.024917502
1609060431.728561163,-1.938438923,8.438691770,3.542529797,-1.916080117,8.442082087,3.534670945,0.023941011
1609060431.780210018,-1.964220521,8.491512765,3.544027656,-1.960025753,8.517901978,3.541893317,0.026805635
1609060431.826713085,-1.986573411,8.534590564,3.548472770,-1.983650453,8.555176186,3.543935595,0.021281388
1609060431.878309011,-2.018953889,8.579468923,3.550949371,-2.006900748,8.591179528,3.546560082,0.017369005
1609060431.923537016,-2.041731352,8.622670841,3.554827744,-2.031945013,8.630382748,3.548196269,0.014114616
1609060431.972276211,-2.073119924,8.667261736,3.555473626,-2.056258949,8.667563159,3.550776258,0.017505674
1609060432.020538092,-2.097806752,8.711559954,3.558635414,-2.104189298,8.742733687,3.556772318,0.031874907
1609060432.079569101,-2.132209427,8.764866911,3.563355169,-2.125121253,8.776491860,3.560303098,0.013953380
1609060432.129607201,-2.156879329,8.809487823,3.566695025,-2.145570419,8.810323107,3.562323027,0.012153333
1609060432.185536146,-2.183143103,8.856874147,3.570549175,-2.182364945,8.878514047,3.567694859,0.021841199
1609060432.231467009,-2.204158583,8.895039866,3.572749734,-2.200919052,8.914056295,3.570795531,0.019389122
1609060432.277867079,-2.223940295,8.932205651,3.574789856,-2.217940760,8.948309326,3.573943624,0.017205780
1609060432.328068018,-2.241776829,8.972937453,3.577279451,-2.232758472,8.981059191,3.576498609,0.012161542
1609060432.376345158,-2.261482080,9.009143620,3.579848312,-2.247424503,9.015709771,3.579065247,0.015535218
1609060432.422329187,-2.274082072,9.047226672,3.582368879,-2.260140659,9.048605003,3.581732818,0.014023814
1609060432.479573011,-2.294714231,9.091639390,3.585076095,-2.284338977,9.117396105,3.585128501,0.027767914
1609060432.527909040,-2.305473798,9.131977333,3.586858789,-2.296349556,9.152608269,3.586794295,0.022558623
1609060432.578797102,-2.319481044,9.169153185,3.588392778,-2.305300063,9.186390821,3.587717179,0.022331429
1609060432.628079176,-2.328073681,9.210989038,3.589684416,-2.316126348,9.222034610,3.589404521,0.016273345
1609060432.681718111,-2.340686718,9.255648552,3.588912606,-2.322997783,9.258927202,3.590991511,0.018109937
1609060432.729138136,-2.346824841,9.297312894,3.589495277,-2.338843948,9.331186350,3.592674393,0.034945850
1609060432.780515194,-2.359830282,9.338676572,3.594705278,-2.346722152,9.368149993,3.592780707,0.032314233
1609060432.828166008,-2.365158370,9.380615366,3.595298588,-2.352884701,9.406997070,3.593405964,0.029158520
1609060432.878829002,-2.369861928,9.432395416,3.596709400,-2.358877969,9.447848921,3.593662551,0.019202642
1609060432.928115129,-2.373011332,9.480173176,3.596027663,-2.365756914,9.486116839,3.592868326,0.009896217
1609060432.980693102,-2.384497704,9.527854629,3.592113800,-2.369966569,9.525622940,3.591659502,0.014708525
1609060433.027698994,-2.387102863,9.573809308,3.589970224,-2.379583482,9.602326587,3.588813964,0.029514627
1609060433.081295013,-2.399195619,9.619684310,3.585729917,-2.386156891,9.640816891,3.586242923,0.024836617
1609060433.129487038,-2.404102867,9.667210561,3.584090475,-2.387085785,9.681502322,3.585585539,0.022272645
1609060433.178853035,-2.410290852,9.715863848,3.583916218,-2.392462032,9.721955622,3.584283224,0.018844395
1609060433.229087114,-2.415104028,9.765295533,3.584075632,-2.395106194,9.760305935,3.584576632,0.020616995
1609060433.281847000,-2.421685968,9.815891149,3.585760436,-2.402104084,9.845412035,3.585539284,0.035425722
1609060433.328270197,-2.425557087,9.862697661,3.586915995,-2.407319697,9.886656894,3.585961090,0.030125722
1609060433.378964186,-2.432050778,9.911454275,3.588603994,-2.408960127,9.926220773,3.587844480,0.027419053
1609060433.429242134,-2.436752939,9.963668677,3.590696775,-2.414582023,9.973421194,3.589814803,0.024237140
1609060433.479380131,-2.444526999,10.014182691,3.592760491,-2.419090767,10.021055688,3.592298097,0.026352491
1609060433.528609991,-2.448403438,10.065165828,3.595238809,-2.424545378,10.065100623,3.595008175,0.023859264
1609060433.579957008,-2.456292010,10.113396594,3.598922568,-2.430389834,10.108406995,3.597980980,0.026395178
1609060433.628313065,-2.459953862,10.163407966,3.601153614,-2.441206891,10.194968843,3.601509160,0.036710548
1609060433.678635120,-2.471014407,10.210960818,3.604315910,-2.446419459,10.235574745,3.603085257,0.034817688
1609060433.728372097,-2.477173734,10.262985574,3.606269002,-2.455473338,10.278976555,3.604086903,0.027044043
1609060433.782214165,-2.492691686,10.314261235,3.611244010,-2.464091984,10.321197834,3.605496263,0.029984929
1609060433.829161167,-2.501741546,10.361886674,3.613485736,-2.483929056,10.405934056,3.609257036,0.047700510
1609060433.880794048,-2.516855597,10.410554039,3.612936394,-2.495364391,10.445397601,3.609759941,0.041061363
1609060433.926801205,-2.527610495,10.457274134,3.614598467,-2.508385615,10.488781138,3.611329682,0.037053640
1609060433.981521130,-2.552280720,10.517932154,3.619631573,-2.521115839,10.531269012,3.613658652,0.034420885
1609060434.028669119,-2.567203369,10.566825823,3.622663643,-2.537095821,10.573911379,3.616147443,0.031609024
1609060434.082746029,-2.591138602,10.620728633,3.623480815,-2.571780904,10.657746143,3.622401515,0.041787335
1609060434.128036022,-2.609339220,10.667757850,3.627218142,-2.590254046,10.696102450,3.625222559,0.034229265
1609060434.179499149,-2.639428067,10.711182310,3.632214482,-2.610009531,10.733339947,3.628271066,0.037040001
1609060434.227372169,-2.664673420,10.758930526,3.637083029,-2.635943838,10.777353640,3.632823940,0.034393892
1609060434.278692007,-2.696217490,10.806872051,3.643033055,-2.665111405,10.823013024,3.636648408,0.035621388
1609060434.329144001,-2.727192240,10.854405650,3.648458115,-2.691334448,10.859961229,3.641359405,0.036973469
1609060434.378516197,-2.760610170,10.898030813,3.653540736,-2.721814850,10.900113319,3.646984978,0.039400401
1609060434.427966118,-2.794618261,10.941796835,3.659602329,-2.751235824,10.936183979,3.652285167,0.044351785
1609060434.478496075,-2.832348517,10.982392577,3.665104374,-2.814675341,11.005591281,3.661798959,0.029350414
1609060434.527953148,-2.869521763,11.023750871,3.672587939,-2.849699724,11.040642045,3.669474075,0.026228251
1609060434.579734087,-2.912876035,11.063974504,3.681845701,-2.883244760,11.072718011,3.675549531,0.031529401
1609060434.638806105,-2.962770391,11.108896021,3.690104240,-2.963387915,11.140408160,3.689065416,0.031535304
1609060434.685126066,-3.007297950,11.140587437,3.695546633,-3.003520023,11.171163785,3.696247387,0.030816828
1609060434.728393078,-3.045479747,11.172364779,3.701812971,-3.044664126,11.201326067,3.702720120,0.028986969
1609060434.779199123,-3.093106659,11.205439989,3.709065051,-3.087575642,11.229441302,3.709322441,0.024631716
1609060434.828484058,-3.139189056,11.238674446,3.716075074,-3.131126275,11.257756336,3.715530693,0.020722532
1609060434.881369114,-3.196123553,11.270085045,3.721610109,-3.175240035,11.284785069,3.722126813,0.025543669
1609060434.930052042,-3.243936085,11.299497676,3.728278342,-3.265545043,11.333078172,3.734385605,0.040396726
1609060434.979966164,-3.297017798,11.326425291,3.740488554,-3.310831016,11.355477566,3.740830939,0.032170745
1609060435.028119087,-3.345939269,11.353083412,3.747045889,-3.357219046,11.379357142,3.747554046,0.028597211
1609060435.079649210,-3.411901557,11.383017048,3.751895899,-3.402711440,11.401639223,3.753115789,0.020802206
1609060435.130227089,-3.466977845,11.410162817,3.759271404,-3.448592062,11.420081151,3.759052058,0.020891588
1609060435.181203127,-3.529362950,11.433006153,3.768374635,-3.545259162,11.461106055,3.772889576,0.032598753
1609060435.226970196,-3.579639479,11.456193743,3.775957265,-3.587111533,11.480048367,3.777703617,0.025058420
1609060435.280694008,-3.644315393,11.476557537,3.785312354,-3.636081210,11.496766042,3.784482464,0.021837449
1609060435.329034090,-3.699774999,11.497900567,3.793406104,-3.691595496,11.516593588,3.791403727,0.020502264
1609060435.379420996,-3.756993747,11.520154291,3.800811294,-3.742570738,11.536627396,3.798476415,0.022019039
1609060435.429876089,-3.813165919,11.540533342,3.806982498,-3.785710480,11.552834329,3.804138087,0.030219300
1609060435.481629133,-3.869936071,11.560120959,3.811155081,-3.878652602,11.585219522,3.813468131,0.026669571
1609060435.527260065,-3.918309542,11.579111315,3.815292936,-3.922608107,11.603000292,3.817607019,0.024382697
1609060435.578764200,-3.973654897,11.599480274,3.820511526,-3.964550346,11.620025071,3.821485113,0.022492875
1609060435.627921104,-4.023318189,11.619505981,3.824205864,-4.013370000,11.637706694,3.824559463,0.020745059
1609060435.678073168,-4.074895257,11.638310773,3.828855094,-4.061516154,11.655398190,3.828031163,0.021717713
1609060435.729574203,-4.126259016,11.659709089,3.833066894,-4.104392789,11.673149857,3.831984671,0.025689634
1609060435.779999018,-4.179970518,11.676014190,3.834254199,-4.147466098,11.690273943,3.834847264,0.035499713
1609060435.828428030,-4.226682982,11.696137179,3.837560364,-4.231249939,11.722987572,3.838944787,0.027271180
1609060435.881323099,-4.276921257,11.715771456,3.837918499,-4.268742816,11.739908951,3.842125584,0.025830313
1609060435.928601027,-4.319551289,11.735726861,3.840394078,-4.307876342,11.757853706,3.845518447,0.025537439
1609060435.979134083,-4.367957465,11.754341862,3.845005993,-4.348500304,11.775384390,3.848180983,0.028834868
1609060436.028963089,-4.412238574,11.776977121,3.847763908,-4.427813509,11.810442321,3.854617357,0.037542883
1609060436.079155207,-4.460238547,11.797250636,3.851465728,-4.467105504,11.830335803,3.857856829,0.034389382
1609060436.128490210,-4.505107216,11.820672592,3.854432359,-4.507230569,11.849616526,3.860426402,0.029634245
1609060436.178976059,-4.557121099,11.848191145,3.861255834,-4.548870258,11.868069521,3.862165901,0.021541922
1609060436.229210138,-4.604379395,11.874006917,3.865484631,-4.585625893,11.886268815,3.865792409,0.022408541
1609060436.281616211,-4.657646070,11.898613055,3.872768756,-4.670620887,11.925907002,3.875002960,0.030303417
1609060436.328548193,-4.703708999,11.923619606,3.879013494,-4.709804617,11.942609044,3.879347190,0.019946596
1609060436.378961086,-4.754246261,11.940715556,3.885730388,-4.749395044,11.960102096,3.884672679,0.020012271
1609060436.429300070,-4.805144815,11.962167666,3.892283846,-4.788878938,11.978312866,3.890937556,0.022957759
1609060436.481732130,-4.858623205,11.988205603,3.899620813,-4.871818607,12.015349567,3.899154751,0.030184941
1609060436.530310154,-4.910001641,12.011170824,3.904994886,-4.914952342,12.031625530,3.904155118,0.021062042
1609060436.580796003,-4.964385579,12.034016803,3.909585542,-4.957226884,12.049930327,3.909422534,0.017450322
1609060436.628488064,-5.015520975,12.055753836,3.914320883,-5.001849622,12.068743122,3.913587143,0.018872356
1609060436.680999994,-5.072395657,12.076672464,3.917587536,-5.049633572,12.086142415,3.917813433,0.024654483
1609060436.731419086,-5.128440946,12.097623234,3.921709760,-5.140343577,12.120907630,3.926426069,0.026572152
1609060436.778729200,-5.181910052,12.116637477,3.925337170,-5.186170236,12.138951295,3.930414137,0.023277269
1609060436.828267097,-5.236340320,12.137569539,3.929689207,-5.235708529,12.154813281,3.934649348,0.017954074
1609060436.880110025,-5.295202631,12.155065182,3.934920202,-5.285745630,12.171349307,3.937899435,0.019065242
1609060436.929759979,-5.350822366,12.174385767,3.938959576,-5.333234951,12.186954024,3.941491847,0.021764435
1609060436.981503010,-5.409515259,12.191098129,3.945073392,-5.428496048,12.218924999,3.947736060,0.033788975
1609060437.028449059,-5.461699375,12.208280121,3.949048817,-5.475191943,12.231561635,3.951100900,0.026986836
1609060437.082385063,-5.521393204,12.224248135,3.955039759,-5.523356526,12.245740112,3.953833898,0.021615129
1609060437.128386021,-5.572290621,12.239951222,3.959069319,-5.570492162,12.260004033,3.957238194,0.020216397
1609060437.181104183,-5.630451569,12.254054031,3.961112882,-5.619813046,12.273187325,3.960395929,0.021903769
1609060437.229670048,-5.683776215,12.268939712,3.964700231,-5.716446949,12.296011042,3.965109117,0.042431132
1609060437.279520988,-5.746733604,12.284826526,3.966637721,-5.760260989,12.308128894,3.967670351,0.026963992
1609060437.328559160,-5.802061012,12.299692842,3.969475514,-5.809289441,12.319254673,3.968880810,0.020863104
1609060437.379776001,-5.864155498,12.311341820,3.970551130,-5.858147002,12.328179575,3.970229480,0.017880589
1609060437.437894106,-5.931601284,12.327814382,3.971981397,-5.953724271,12.348903358,3.973163267,0.030587061
1609060437.484019995,-5.981355424,12.334742236,3.974331409,-6.002846764,12.357961887,3.973883037,0.031642232
1609060437.532320023,-6.037530939,12.345329198,3.976878673,-6.051729922,12.365802248,3.973525681,0.025139599
1609060437.579575062,-6.092569117,12.356334087,3.978039112,-6.100843897,12.373422206,3.974162831,0.019377858
1609060437.628848076,-6.149585753,12.365887167,3.979362078,-6.149261124,12.382359361,3.975374327,0.016951128
1609060437.681441069,-6.209807457,12.373390635,3.980856588,-6.197300445,12.389491899,3.976439024,0.020861230
1609060437.729734182,-6.264528285,12.381111238,3.981948309,-6.245033827,12.394081253,3.976363253,0.024071727
1609060437.780804157,-6.321293811,12.387446904,3.982925812,-6.338829442,12.405688985,3.978534885,0.025681747
1609060437.827929020,-6.374920358,12.394165688,3.984578288,-6.387489804,12.410882135,3.979048926,0.021633409
1609060437.880667210,-6.433974629,12.399328166,3.986367250,-6.433938820,12.413628975,3.980318106,0.015527607
1609060437.929320097,-6.487689035,12.405765512,3.988115822,-6.480615700,12.418327874,3.980236853,0.016429339
1609060437.980836153,-6.544767425,12.408263946,3.988617538,-6.571256249,12.427007231,3.982718795,0.032981263
1609060438.029119015,-6.598403984,12.413011766,3.989896777,-6.617515351,12.428296124,3.982984920,0.025428916
1609060438.079920053,-6.652658831,12.414748024,3.991076223,-6.664364715,12.430640562,3.983231439,0.021240084
1609060438.129821062,-6.706853092,12.418547049,3.991636735,-6.709647075,12.432922960,3.982992289,0.017005870
1609060438.180252075,-6.761860967,12.418288804,3.991553575,-6.757967465,12.435035331,3.982985449,0.019209849
1609060438.228499174,-6.813359455,12.420712657,3.991082247,-6.853154772,12.434965034,3.982423613,0.043148226
1609060438.280722141,-6.870572926,12.419015590,3.988661312,-6.898395451,12.436802841,3.981574724,0.033774235
1609060438.328006983,-6.920722633,12.420310116,3.987459105,-6.942258535,12.437451731,3.980902735,0.028295158
1609060438.379569054,-6.983522793,12.422251208,3.986603161,-6.991522316,12.436298372,3.979768272,0.017550809
1609060438.429699183,-7.038570158,12.423238751,3.985813077,-7.037603020,12.434505609,3.979229405,0.013085189
1609060438.481365204,-7.097788516,12.421551314,3.983353032,-7.083557280,12.434812533,3.977817164,0.020224586
1609060438.528198004,-7.149668157,12.421756236,3.982402932,-7.172689865,12.433250204,3.976410649,0.026420025
1609060438.580866098,-7.200750989,12.416454999,3.980027350,-7.216762421,12.430710938,3.975753974,0.021859997
1609060438.628835201,-7.254881628,12.413536755,3.979070139,-7.263250399,12.428829294,3.974831397,0.017940597
1609060438.681217194,-7.312978712,12.411570498,3.977487855,-7.305885055,12.427593837,3.973647050,0.017939319
1609060438.729390144,-7.366048204,12.408753984,3.975805251,-7.399709107,12.419950223,3.972444449,0.035632951
1609060438.779657125,-7.420343520,12.404507074,3.973667446,-7.441733736,12.417645736,3.971652180,0.025183865
1609060438.827876091,-7.473731501,12.400762578,3.971731385,-7.485562855,12.415052914,3.970282020,0.018609011
1609060438.878496170,-7.529165335,12.394860022,3.969227968,-7.531473234,12.411586558,3.969007779,0.016886441
1609060438.928888083,-7.583220357,12.390425715,3.967067513,-7.576632246,12.406833874,3.966969318,0.017681643
1609060438.980331182,-7.637745201,12.384343671,3.965645542,-7.665601839,12.398764276,3.964176639,0.031402290
1609060439.027786016,-7.688148851,12.380197094,3.963948728,-7.707291075,12.394991591,3.961538754,0.024312751
1609060439.079364061,-7.741300000,12.371731327,3.961245251,-7.751289662,12.388380796,3.959934558,0.019460629
1609060439.130916119,-7.795064547,12.366186942,3.958997633,-7.794065845,12.382791249,3.958340504,0.016647289
1609060439.180733204,-7.845220437,12.359795799,3.957311586,-7.875076673,12.373313919,3.953378944,0.033009090
1609060439.228211164,-7.894047897,12.354128219,3.955575763,-7.917569324,12.366472171,3.953036174,0.026684831
1609060439.281038046,-7.947989081,12.344814886,3.955809587,-7.961580111,12.360627355,3.953238681,0.021008566
1609060439.327913046,-7.994972022,12.338906840,3.954396525,-8.000543595,12.354232283,3.949211696,0.017111226
1609060439.379565001,-8.045711310,12.329182857,3.948529046,-8.045294231,12.347035470,3.948176705,0.017860960
1609060439.429732084,-8.095140089,12.322026480,3.946487102,-8.131283413,12.331487948,3.943026439,0.037521133
1609060439.481400013,-8.155498465,12.312021671,3.942967221,-8.171640797,12.324674808,3.941007632,0.020603804
1609060439.539367199,-8.215300404,12.302485461,3.940459821,-8.210948653,12.317295637,3.939783229,0.015451111
1609060439.587499142,-8.267511995,12.291419208,3.938391507,-8.295865819,12.298561476,3.935850767,0.029349730
1609060439.636876106,-8.319218569,12.282297441,3.936657341,-8.336077537,12.291228436,3.935433471,0.019117671
1609060439.681042194,-8.360310270,12.268535220,3.936296774,-8.375908248,12.282761801,3.932798673,0.021399281
1609060439.728736162,-8.409061827,12.258534075,3.936135945,-8.419225850,12.273483739,3.931960094,0.018553640
1609060439.779679060,-8.460791917,12.247898245,3.934291837,-8.462383077,12.262436265,3.928975334,0.015561203
1609060439.829038143,-8.510517881,12.236259495,3.930937987,-8.500990989,12.254341121,3.926803516,0.020851875
1609060439.881503105,-8.562550857,12.222065840,3.925716705,-8.582608321,12.235360108,3.921152984,0.024492181
1609060439.928616047,-8.607942799,12.211680630,3.922498883,-8.622909806,12.225190384,3.918054688,0.020646444
1609060439.981040001,-8.657396882,12.200006864,3.919733594,-8.660759815,12.215863294,3.915188485,0.016834301
1609060440.027599096,-8.701033013,12.190165622,3.916481433,-8.696939363,12.207971560,3.912146497,0.018777674
1609060440.081411123,-8.750306592,12.177767365,3.912850788,-8.738863665,12.196639608,3.908858414,0.022428580
1609060440.128535032,-8.793743948,12.167886261,3.909824096,-8.813828547,12.177357898,3.902314139,0.023441470
1609060440.180097103,-8.838791108,12.154493095,3.904163868,-8.850008172,12.168000287,3.899035348,0.018291213
1609060440.225985050,-8.879042027,12.144496255,3.900455344,-8.886977064,12.158726090,3.896991513,0.016656864
1609060440.279961109,-8.924718827,12.131409396,3.893332223,-8.925069388,12.147628443,3.891517700,0.016323997
1609060440.329184055,-8.965721326,12.121195822,3.888412401,-8.996413908,12.127530086,3.883895431,0.031663236
1609060440.378593206,-9.007573558,12.109780440,3.887290890,-9.032391001,12.116843850,3.880848000,0.026595264
1609060440.426942110,-9.046720082,12.099695858,3.883282966,-9.066610822,12.107626023,3.877096535,0.022289033
1609060440.478640079,-9.085168990,12.086395549,3.877394733,-9.103255596,12.096308598,3.873741432,0.020946133
1609060440.528146982,-9.123731868,12.075539899,3.873950555,-9.133601345,12.088091923,3.870718158,0.016291356
1609060440.580146074,-9.171869407,12.062264359,3.867602779,-9.203542026,12.067012972,3.864735669,0.032154695
1609060440.629389048,-9.210507976,12.051978178,3.864680259,-9.234939533,12.057256873,3.862197479,0.025118316
1609060440.676387072,-9.248643844,12.039711746,3.861620046,-9.265478887,12.047573466,3.860038250,0.018647450
1609060440.727923155,-9.288670224,12.027868713,3.858729614,-9.294957424,12.038777329,3.857603340,0.012641016
1609060440.786754131,-9.329397279,12.013878297,3.854067052,-9.357044099,12.019582368,3.853618383,0.028232684
1609060440.827316999,-9.359237851,12.004799526,3.852242589,-9.383720641,12.012456027,3.851959003,0.025653643
1609060440.875877142,-9.394360418,11.994207715,3.850213815,-9.412767253,12.003011544,3.851107126,0.020423442
1609060440.931124210,-9.433170585,11.981685812,3.849397449,-9.441970379,11.993686888,3.849869016,0.014889076
1609060440.979609013,-9.466411752,11.970668071,3.849655649,-9.471253918,11.984465138,3.849935816,0.014624778
1609060441.028758049,-9.499310347,11.959902971,3.849951508,-9.525211032,11.967515170,3.850990856,0.027016130
1609060441.129243135,-9.564572931,11.938119277,3.851380695,-9.554205702,11.957531856,3.851012649,0.022010522
1609060441.182025194,-9.597349569,11.926716220,3.852199311,-9.605034982,11.941310439,3.854372272,0.016636663
1609060441.228152037,-9.625302091,11.917096114,3.852807281,-9.631794921,11.931376420,3.854889203,0.015824613
1609060441.280858994,-9.658173699,11.905887859,3.853977670,-9.681577607,11.912874056,3.856352544,0.024539558
1609060441.329025030,-9.686447012,11.896036160,3.855331438,-9.705555112,11.904379323,3.859555278,0.021273661
1609060441.378175020,-9.713868103,11.883463511,3.858104111,-9.730187151,11.894131874,3.860117461,0.019600481
1609060441.428585052,-9.742373902,11.871851331,3.860111398,-9.757245286,11.882557490,3.862368963,0.018462841
1609060441.478903055,-9.770760838,11.858399152,3.862824006,-9.781497512,11.871561057,3.863799913,0.017013651
1609060441.537096977,-9.803368034,11.844862498,3.865991372,-9.831071776,11.849777423,3.867460617,0.028174678
1609060441.583423138,-9.828563552,11.832307167,3.866309594,-9.855486184,11.836962246,3.869696983,0.027531296
1609060441.627671003,-9.852685671,11.820318505,3.869200547,-9.876818269,11.824717799,3.871993626,0.024688811
1609060441.680040121,-9.887876868,11.801145731,3.876755331,-9.900562211,11.809902413,3.873792472,0.015696367
1609060441.728864193,-9.916704035,11.783326294,3.880112018,-9.924873037,11.793486411,3.875541122,0.013814980
1609060441.781987190,-9.947059463,11.760142952,3.882114319,-9.951138609,11.774670770,3.878257984,0.015574602
1609060441.830039978,-9.975530974,11.738820400,3.885151965,-9.998583556,11.736797988,3.882856553,0.023254689
1609060441.894683123,-10.011304443,11.707500152,3.887232180,-10.024627760,11.713203178,3.883309320,0.015014130
1609060441.930989981,-10.031953496,11.686237865,3.887683520,-10.049610093,11.689545831,3.885560810,0.018088780
1609060441.978468180,-10.060250277,11.659610967,3.890105954,-10.073495403,11.665859356,3.887333235,0.014905157
1609060442.026913166,-10.089494106,11.628103655,3.892078446,-10.098497308,11.638895118,3.889518407,0.014285206
1609060442.082087994,-10.122018979,11.588943555,3.893471503,-10.125765232,11.608507917,3.891542420,0.020012997
1609060442.129801989,-10.151368155,11.553689454,3.895994605,-10.174657646,11.547086709,3.895820386,0.024207995
1609060442.180477142,-10.182360852,11.514684203,3.899099106,-10.198155769,11.514079188,3.898209529,0.015831513
1609060442.228999138,-10.212179616,11.472735677,3.902892310,-10.225802445,11.476279163,3.901329104,0.014162675
1609060442.280194044,-10.243006441,11.426307110,3.907882000,-10.252962325,11.436877277,3.904898019,0.014824041
1609060442.330140114,-10.273881046,11.377998790,3.911539655,-10.276869282,11.396752684,3.908882968,0.019175403
1609060442.380113125,-10.303532346,11.328102167,3.918385681,-10.328019975,11.309389666,3.915054584,0.030998353
1609060442.429234982,-10.333353884,11.275393666,3.923093038,-10.355793422,11.261056678,3.918665363,0.026994191
1609060442.480772018,-10.363308685,11.218560325,3.928546250,-10.378909022,11.215222607,3.922996779,0.016891048
1609060442.528684139,-10.391241951,11.163186337,3.934099411,-10.403611974,11.165830751,3.927382289,0.014322365
1609060442.580502987,-10.419829156,11.102553835,3.937771920,-10.426366943,11.117451548,3.931767976,0.017341622
1609060442.628773212,-10.446575045,11.043819557,3.943257085,-10.475658597,11.010039092,3.941398524,0.044614202
1609060442.681797981,-10.474811646,10.979159079,3.948239729,-10.499406344,10.957387914,3.946288858,0.032904235
1609060442.728772163,-10.499117747,10.920824556,3.953840241,-10.522223912,10.903445191,3.951238587,0.029029395
1609060442.780261040,-10.530938002,10.844469176,3.958938024,-10.545953130,10.846012357,3.957340473,0.015178526
1609060442.829646111,-10.556517816,10.777422691,3.965141920,-10.567463445,10.790472819,3.963111508,0.017153285
1609060442.881582022,-10.584330316,10.701521043,3.972661920,-10.610120844,10.674202404,3.974890712,0.037635448
1609060442.927739143,-10.607370736,10.636022498,3.978885411,-10.630486107,10.615388554,3.982863305,0.031239457
1609060442.978944063,-10.631593896,10.567898802,3.989216633,-10.650354777,10.557483356,3.988765973,0.021462881
1609060443.029739141,-10.656595921,10.495677624,3.997674581,-10.667640179,10.501225844,3.996540108,0.012411503
1609060443.082411051,-10.680299765,10.420991810,4.007335941,-10.703222800,10.388260227,4.012055141,0.040237954
1609060443.127682209,-10.699435680,10.357647827,4.016076185,-10.719061465,10.333461905,4.020962599,0.031527881
1609060443.179086208,-10.719803348,10.287782056,4.025850825,-10.734504564,10.276022144,4.030612916,0.019419032
1609060443.228727102,-10.737764892,10.220891323,4.036670019,-10.747671477,10.223435635,4.039856132,0.010712855
1609060443.281817198,-10.755718968,10.152659366,4.048377407,-10.761300619,10.169887328,4.049017210,0.018120895
1609060443.328857183,-10.770017344,10.091539177,4.058428167,-10.787473434,10.060306800,4.067649139,0.036948651
1609060443.380503178,-10.783862953,10.025693921,4.069653040,-10.799230244,10.005679393,4.077120370,0.026315319
1609060443.427570105,-10.795829525,9.966674156,4.079568937,-10.809462319,9.951704572,4.086682739,0.021460375
1609060443.482220173,-10.806983167,9.900624956,4.089869551,-10.819844471,9.897426469,4.095459523,0.014383715
1609060443.528699160,-10.815890908,9.844980728,4.099258953,-10.828028378,9.845254000,4.103926195,0.013006768
1609060443.588477135,-10.828518092,9.775482519,4.112663493,-10.843211467,9.745925654,4.120020807,0.033817652
1609060443.632436991,-10.834825256,9.724913791,4.121847620,-10.850036836,9.697952827,4.128303564,0.031622223
1609060443.679489136,-10.841349357,9.672978808,4.131772725,-10.854300629,9.651834597,4.135414555,0.025061444
1609060443.728943110,-10.846508082,9.617497952,4.141331768,-10.858134278,9.604181995,4.144060026,0.017886491
1609060443.781625986,-10.852332342,9.560617214,4.152209952,-10.862472214,9.556853065,4.151824761,0.010822855
1609060443.830082178,-10.855546901,9.509464957,4.161339315,-10.867187144,9.463810251,4.166983835,0.047452165
1609060443.879235983,-10.859337617,9.449516487,4.169698258,-10.869194680,9.421396587,4.174246267,0.030142575
1609060443.928887129,-10.861014760,9.396518467,4.179466130,-10.870814716,9.377569491,4.183476393,0.021706796
1609060443.980231047,-10.859972127,9.342448502,4.189006447,-10.872353538,9.334617832,4.190146337,0.014694151
1609060444.029864073,-10.859168582,9.291575652,4.198125511,-10.871406638,9.291868606,4.197081334,0.012286014
1609060444.080605030,-10.858033325,9.244497436,4.206290114,-10.869179195,9.251399366,4.203475239,0.013408601
1609060444.129366159,-10.856132462,9.198388235,4.215722020,-10.866086532,9.171810422,4.216538048,0.028392421
1609060444.179435015,-10.853259028,9.151083847,4.223784637,-10.863028584,9.136099469,4.222592110,0.017927574
1609060444.228093147,-10.849612940,9.105204316,4.231316586,-10.859069624,9.101361487,4.229006775,0.010465726
1609060444.281483173,-10.845944591,9.058328415,4.239097603,-10.856393835,9.065777780,4.235223115,0.013404902
1609060444.331593037,-10.840668257,9.012872367,4.247888501,-10.846400506,8.990729536,4.248414762,0.022878824
1609060444.387536049,-10.834254156,8.963161835,4.256792026,-10.841249659,8.957035231,4.255177032,0.009438249
1609060444.432651043,-10.829501865,8.927192205,4.263082037,-10.837198822,8.921121633,4.260066668,0.010256093
1609060444.485102177,-10.823525454,8.886387865,4.270116103,-10.831979040,8.887524035,4.265475358,0.009710330
1609060444.534483194,-10.816835834,8.848851040,4.276508971,-10.825267407,8.856433118,4.271192556,0.012523721
1609060444.581612110,-10.809718466,8.816468339,4.281282882,-10.818583687,8.825321304,4.276551078,0.013392426
1609060444.630171061,-10.801572916,8.782618077,4.286746171,-10.805344289,8.766356835,4.285877199,0.016715453
1609060444.679744005,-10.793654417,8.750186620,4.289337597,-10.796832994,8.738668140,4.289594244,0.011951761
1609060444.729159117,-10.784483807,8.718811061,4.293644007,-10.788703236,8.710844542,4.293437971,0.009017287
1609060444.780722141,-10.776813399,8.689306163,4.301190255,-10.780894572,8.683689217,4.298414013,0.007477538
1609060444.830566168,-10.767782019,8.661242166,4.305600716,-10.772921298,8.658979272,4.301243259,0.007107764
1609060444.881223202,-10.757536140,8.632995656,4.311413111,-10.764651357,8.634372535,4.303689530,0.010591308
1609060444.930093050,-10.747606926,8.605986363,4.315032260,-10.748383022,8.588583374,4.309470633,0.018286554
1609060444.979432106,-10.737964580,8.580897139,4.310589662,-10.740321411,8.568639370,4.311621949,0.012524902
1609060445.028347015,-10.728443305,8.558499239,4.311531045,-10.731888316,8.547615868,4.314027655,0.011685415
1609060445.081011057,-10.718649007,8.533949113,4.314751481,-10.723676192,8.528563541,4.315716224,0.007430188
1609060445.129235029,-10.709631149,8.515659821,4.315428880,-10.716229643,8.513025182,4.315118523,0.007111804
1609060445.181812048,-10.700313475,8.498754165,4.321054038,-10.709005259,8.498945440,4.318408096,0.009087612
1609060445.228995085,-10.692707641,8.485559263,4.323917021,-10.695886965,8.475247390,4.317602439,0.012502670
1609060445.280653000,-10.684879994,8.473745975,4.324451019,-10.690046770,8.466669802,4.319224186,0.010202332
1609060445.329303980,-10.678470089,8.465956990,4.324801593,-10.684549583,8.460829567,4.318412402,0.010201591
1609060445.380624056,-10.673463142,8.462023270,4.325267338,-10.681217311,8.456423056,4.317563977,0.012281340
1609060445.430977106,-10.670074497,8.460834806,4.324314293,-10.678549465,8.454829020,4.315612931,0.013550212
1609060445.480096102,-10.668845414,8.463655056,4.322981850,-10.673994686,8.461780235,4.314207553,0.010344962
1609060445.528472185,-10.668373728,8.469959567,4.321959130,-10.674643132,8.468412485,4.312531232,0.011427342
1609060445.578977108,-10.670742601,8.478668539,4.321035892,-10.677512965,8.477178500,4.311037311,0.012166744
1609060445.621975183,-10.675641296,8.489585440,4.319563999,-10.684246471,8.487676918,4.308965039,0.013785117
1609060445.681045055,-10.691458829,8.506498972,4.317904653,-10.695299766,8.500391912,4.306086232,0.013846446
1609060445.731163979,-10.709461437,8.524488774,4.315421542,-10.708852575,8.515727215,4.305406082,0.013320850
1609060445.780709028,-10.728681858,8.541553838,4.308321078,-10.746134887,8.551189793,4.298670423,0.022149379
1609060445.828881025,-10.752082946,8.563326632,4.305552641,-10.768350377,8.572258392,4.297093013,0.020395366
1609060445.880499125,-10.778230762,8.589212893,4.304063001,-10.792578377,8.594063050,4.295049427,0.017624489
1609060445.927330017,-10.807237938,8.614989044,4.302054471,-10.820810407,8.619531360,4.293308938,0.016772861
1609060445.979900122,-10.840684274,8.645133336,4.303091800,-10.851604961,8.647640999,4.292093570,0.015700664
1609060446.029411077,-10.876702260,8.675368529,4.302702007,-10.881415610,8.672701561,4.291343696,0.012583307
1609060446.081185102,-10.925122016,8.709728168,4.311760937,-10.953772397,8.730169906,4.289711959,0.041531511
1609060446.131128073,-10.971079132,8.742377775,4.313411686,-10.993791774,8.759870618,4.288977784,0.037668014
1609060446.178665161,-11.020824285,8.776621413,4.308690794,-11.034327798,8.788470947,4.287095344,0.028091276
1609060446.228984118,-11.073772377,8.811534994,4.307574016,-11.079141575,8.819246099,4.287660674,0.022018869
1609060446.281457186,-11.128006726,8.847935879,4.289267418,-11.124886805,8.846997117,4.286385387,0.004349860
1609060446.328745127,-11.182551726,8.879644607,4.287597209,-11.219196782,8.902671747,4.281085219,0.043766600
1609060446.380972147,-11.244783544,8.913490853,4.283752764,-11.264809517,8.929133632,4.278986669,0.025854435
1609060446.428580046,-11.301713706,8.944232201,4.279315280,-11.316683974,8.957496139,4.275969685,0.020278905
1609060446.480714083,-11.364664243,8.978863998,4.273552462,-11.368412785,8.985004158,4.272898092,0.007223664
1609060446.528998137,-11.422481773,9.009348553,4.269208395,-11.419630348,9.013818649,4.270494245,0.005455804
1609060446.580425978,-11.481647221,9.041335313,4.264524232,-11.516659526,9.068718983,4.262173499,0.044511266
1609060446.628514051,-11.533797477,9.071059069,4.259299992,-11.563119600,9.095208820,4.257390994,0.038034742
1609060446.680069208,-11.588235781,9.102397069,4.253799913,-11.606448684,9.121007864,4.252498149,0.026072325
1609060446.731581211,-11.641315388,9.133379009,4.247699882,-11.649330588,9.148314080,4.248202018,0.016957356
1609060446.780048132,-11.689414594,9.163664820,4.249377255,-11.692640834,9.174227111,4.243259145,0.012625446
1609060446.829411983,-11.735817015,9.191774274,4.244932981,-11.735750319,9.199356664,4.239086918,0.009574630
1609060446.880906105,-11.784155897,9.222050021,4.236102987,-11.817039114,9.251696887,4.229726058,0.044731508
1609060446.930359125,-11.825723294,9.250439156,4.231216231,-11.854441348,9.276882011,4.224579134,0.039598008
1609060446.979737997,-11.867681620,9.279654895,4.219832690,-11.890800431,9.302618882,4.220096648,0.032586713
1609060447.028401136,-11.906577330,9.310247458,4.214624544,-11.925569533,9.330045440,4.215541429,0.027450038
1609060447.082936049,-11.947762093,9.342498368,4.214369158,-11.955594171,9.355604054,4.210560634,0.015735480
1609060447.130169153,-11.976869363,9.370186618,4.209660726,-12.007855030,9.405438105,4.201178190,0.047694154
1609060447.180736065,-12.006340989,9.402759054,4.201990307,-12.030735744,9.430845558,4.196537362,0.037599074
1609060447.229449034,-12.030244918,9.431780356,4.196308171,-12.051658063,9.455754064,4.192369416,0.032384800
1609060447.281094074,-12.058048432,9.466676766,4.190026887,-12.071835642,9.481591532,4.188326726,0.020382050
1609060447.330182076,-12.079837187,9.496542971,4.184908561,-12.091152186,9.506412782,4.185498864,0.015026338
1609060447.375482082,-12.098950854,9.524262157,4.183479703,-12.123978913,9.556675436,4.177846500,0.041337118
1609060447.423263073,-12.116262556,9.554787568,4.180732159,-12.137752105,9.582668600,4.176404410,0.035466633
1609060447.477159977,-12.132949270,9.589932794,4.177161858,-12.148720240,9.606702616,4.172307402,0.023526924
1609060447.528703213,-12.147291197,9.622338818,4.172569348,-12.159652369,9.633535533,4.167288206,0.017494441
1609060447.581300020,-12.161450194,9.653734398,4.166850086,-12.168241861,9.657991014,4.164941006,0.008239545
1609060447.628663063,-12.172063320,9.684159730,4.162740635,-12.184239516,9.708765045,4.159338568,0.027663249
1609060447.681246996,-12.182599623,9.719152434,4.158875028,-12.190399582,9.733236365,4.155138946,0.016527395
1609060447.728794098,-12.189696869,9.749271258,4.154907601,-12.197005013,9.759302400,4.151966027,0.012754827
1609060447.778280020,-12.195281508,9.780460817,4.150727614,-12.201710420,9.787162588,4.149457900,0.009373196
1609060447.830143213,-12.201181866,9.814016005,4.146587748,-12.205603751,9.813767714,4.144889103,0.004743428
1609060447.882296085,-12.208036164,9.848440624,4.145515938,-12.215940604,9.871106439,4.139471222,0.024753947
1609060447.928719997,-12.213472024,9.880371282,4.142224974,-12.219605768,9.898439333,4.134570997,0.020558712
1609060447.979175091,-12.220265273,9.913391996,4.132337002,-12.225640223,9.926629612,4.131997840,0.014291242
1609060448.028673172,-12.226736412,9.945232725,4.127522769,-12.231086071,9.951969307,4.130260604,0.008473300
1609060448.081704140,-12.236149828,9.981020236,4.122543879,-12.239608534,9.980692273,4.125477221,0.004546944
1609060448.130548000,-12.245631872,10.015265721,4.118323114,-12.254955532,10.037082020,4.121273354,0.023907853
1609060448.182169199,-12.256651553,10.046702054,4.122424984,-12.264050884,10.064378203,4.119192763,0.019433054
1609060448.228177071,-12.265998143,10.075832298,4.120381580,-12.272376535,10.093256339,4.116382381,0.018980903
1609060448.279637098,-12.279060427,10.112091865,4.115822944,-12.283666020,10.121992820,4.114404987,0.011011403
1609060448.330150127,-12.292444299,10.144288570,4.113747545,-12.295017452,10.148043479,4.113725377,0.004552028
1609060448.380889177,-12.310093730,10.179508473,4.111912827,-12.322679614,10.203464141,4.112076686,0.027061141
1609060448.430328131,-12.328579535,10.213696995,4.111482642,-12.339148587,10.232592940,4.111562189,0.021651049
1609060448.481029034,-12.347997366,10.250445807,4.110674160,-12.355979273,10.260904486,4.111095664,0.013163300
1609060448.528560162,-12.366190770,10.282459247,4.114636125,-12.373568396,10.290064334,4.112586442,0.010792030
1609060448.582046986,-12.389973686,10.318592773,4.116333943,-12.392242588,10.315744240,4.112371686,0.005381593
1609060448.629378080,-12.412558847,10.349606391,4.116427439,-12.432918091,10.369737257,4.114337638,0.028707453
1609060448.682945013,-12.440410554,10.384834207,4.115828735,-12.454346120,10.396261479,4.115780236,0.018021789
1609060448.728159189,-12.463656176,10.413460143,4.117079480,-12.475441418,10.421038557,4.116403035,0.014027896
1609060448.781961203,-12.493163880,10.445402917,4.118726525,-12.500005318,10.446947196,4.118883325,0.007015316
1609060448.830974102,-12.521973040,10.473928101,4.120521287,-12.523574585,10.470061022,4.120193754,0.004198396
1609060448.882435083,-12.552571979,10.502303149,4.122532976,-12.572886452,10.515109288,4.121854327,0.024023647
1609060448.929800034,-12.580607956,10.528195659,4.124515515,-12.599425823,10.538243207,4.123723934,0.021346943
1609060448.980499029,-12.611885107,10.554439515,4.126787138,-12.624608681,10.559193484,4.124953707,0.013705876
1609060449.029496193,-12.642271672,10.578671658,4.128911857,-12.652554709,10.583523525,4.126282791,0.011670196
1609060449.081385136,-12.675135885,10.603780899,4.132332943,-12.682939484,10.604695444,4.128546873,0.008721632
1609060449.129601002,-12.704795085,10.626103452,4.134849673,-12.710736261,10.624208179,4.130713865,0.007482950
1609060449.182257175,-12.740009503,10.649667183,4.140484660,-12.767039277,10.663093965,4.135610724,0.030571922
1609060449.229597092,-12.770724126,10.668962357,4.143528577,-12.792593344,10.680557555,4.136993587,0.025601122
1609060449.281344175,-12.803654457,10.689316623,4.144166334,-12.821144240,10.697588871,4.138063289,0.020287181
1609060449.328800201,-12.834250261,10.707447845,4.147080039,-12.850144373,10.716092455,4.141037690,0.019075168
1609060449.380174160,-12.874658737,10.728519004,4.149799238,-12.881815983,10.733346003,4.142872568,0.011068191
1609060449.429436207,-12.909766153,10.746178360,4.152344804,-12.912384404,10.748204934,4.144857782,0.008186437
1609060449.481356144,-12.946914245,10.765275766,4.153315345,-12.971840194,10.776922984,4.147379562,0.028145944
1609060449.530636072,-12.981048917,10.780154026,4.155058016,-13.001146482,10.790040247,4.148723499,0.023276074
1609060449.580252171,-13.014849382,10.794831725,4.155747976,-13.029499540,10.801588080,4.149456160,0.017316535
1609060449.629147053,-13.048916892,10.807876666,4.156051531,-13.057782111,10.814609535,4.150434557,0.012468922
1609060449.680668116,-13.085337834,10.822136175,4.156227767,-13.088774447,10.824323268,4.151041214,0.006594999
1609060449.730679035,-13.120751103,10.834249029,4.155900124,-13.115796077,10.835964348,4.151233898,0.007019136
1609060449.780331135,-13.156967777,10.845105856,4.155603885,-13.177453511,10.853978993,4.151955481,0.022620980
1609060449.829497099,-13.191270667,10.855478549,4.155203303,-13.207514554,10.862970596,4.152216333,0.018136059
1609060449.881090164,-13.226137872,10.866057446,4.155086979,-13.237319647,10.870305895,4.152932812,0.012154087
1609060449.932608128,-13.262471382,10.875159511,4.153615551,-13.269759377,10.877400723,4.152277593,0.007741320
1609060449.981177092,-13.296323104,10.882605279,4.152355703,-13.302207454,10.884130604,4.152990028,0.006111837
1609060450.029534101,-13.330388010,10.888421231,4.153772436,-13.331559016,10.889898523,4.153208877,0.001967548
1609060450.083388090,-13.369132927,10.893785297,4.157603553,-13.394222629,10.896181438,4.154714288,0.025368927
1609060450.135148048,-13.405939262,10.897655245,4.158201128,-13.424725471,10.898459132,4.153499124,0.019382381
1609060450.181058168,-13.439402532,10.901256670,4.152943882,-13.453131565,10.901180662,4.155647510,0.013992918
1609060450.228619099,-13.473485345,10.903060335,4.153403841,-13.485855793,10.901615493,4.156144239,0.012752464
1609060450.282606125,-13.513759597,10.906668463,4.160490890,-13.518695374,10.903315601,4.156738835,0.007048510
1609060450.330546141,-13.550352441,10.909123103,4.162976790,-13.581498267,10.907478475,4.156779562,0.031798944
1609060450.379955053,-13.586264691,10.909813659,4.162764806,-13.611913175,10.907490066,4.160075553,0.025893550
1609060450.428682089,-13.620605778,10.909859550,4.164494455,-13.644110414,10.907383925,4.160692907,0.023938430
1609060450.482573032,-13.665608337,10.911313456,4.163550002,-13.676141387,10.908629688,4.160553072,0.011275165
1609060450.531778097,-13.704548563,10.912358935,4.163715596,-13.710102204,10.909696283,4.161543229,0.006530837
1609060450.581305027,-13.748072575,10.915139386,4.163469869,-13.782273074,10.909636588,4.162177724,0.034664457
1609060450.629453182,-13.788122823,10.915493573,4.164122430,-13.817640933,10.911812412,4.164140068,0.029746767
1609060450.681060076,-13.834060273,10.920970061,4.167499359,-13.855848101,10.915112950,4.165378286,0.022660850
1609060450.728013039,-13.875656384,10.924553993,4.169153692,-13.894317255,10.917821763,4.165572428,0.020158781
1609060450.781613111,-13.925292966,10.932335502,4.171389632,-13.933096969,10.924568179,4.168173111,0.011470823
1609060450.828855038,-13.969060466,10.939990393,4.172598957,-13.970779122,10.930731312,4.166718219,0.011102588
1609060450.881541014,-14.019120880,10.951331752,4.172628692,-14.053824496,10.949161480,4.169715153,0.034893263
1609060450.930435181,-14.066492898,10.964176070,4.175925426,-14.093313337,10.960139577,4.170801788,0.027602190
1609060450.980435133,-14.115377592,10.979686604,4.180340613,-14.133494858,10.973869229,4.168965540,0.022169111
1609060451.032390118,-14.168085253,10.999148051,4.179588854,-14.177736031,10.990678875,4.170095946,0.015968085
1609060451.090063095,-14.226387207,11.021629617,4.179283342,-14.269042677,11.026748210,4.173653960,0.043328732
1609060451.134982109,-14.272595334,11.042081627,4.179652074,-14.312831816,11.046805931,4.173356386,0.040999136
1609060451.179135084,-14.319587085,11.063316812,4.172937336,-14.354738938,11.068656401,4.175284457,0.035632471
1609060451.228018999,-14.371201357,11.090165998,4.173087028,-14.400201626,11.091950462,4.176851653,0.029297992
1609060451.280712128,-14.426611948,11.115719418,4.178650298,-14.446085861,11.114829169,4.178296050,0.019497469
1609060451.330120087,-14.479137402,11.144269170,4.179064599,-14.490253687,11.139446243,4.179780274,0.012138559
1609060451.380979061,-14.531924698,11.172706273,4.184818432,-14.534993030,11.165670777,4.180257504,0.008928322
1609060451.428116083,-14.578316513,11.197369688,4.185744866,-14.621078292,11.215528269,4.183157972,0.046529515
1609060451.479802132,-14.630606623,11.228399287,4.185912758,-14.660264882,11.239860405,4.182926150,0.031935707
1609060451.530027151,-14.680944142,11.257777442,4.185676763,-14.707257889,11.269393241,4.183770822,0.028826597
1609060451.579686165,-14.735416988,11.289208632,4.187793261,-14.755177788,11.298785816,4.183758358,0.022326937
1609060451.630514145,-14.786009450,11.318236057,4.187438662,-14.795506789,11.323102111,4.182418996,0.011793005
1609060451.684009075,-14.839877232,11.352633811,4.185725062,-14.876474146,11.375267089,4.181839396,0.043205299
1609060451.728813171,-14.881636361,11.377207507,4.185245746,-14.913363349,11.397416207,4.181518496,0.037800605
1609060451.780947208,-14.929782852,11.406503477,4.183345316,-14.950218181,11.419476056,4.181270781,0.024293912
1609060451.828563213,-14.969647785,11.430567196,4.182036002,-14.983707903,11.439773782,4.180938636,0.016841982
1609060451.881102085,-15.012093572,11.455103607,4.181309921,-15.017127016,11.459528257,4.180442560,0.006757618
1609060451.930507183,-15.049093955,11.475515027,4.181132937,-15.077968808,11.492242523,4.179537506,0.033408257
1609060451.979911089,-15.084266261,11.495051837,4.181403224,-15.104692095,11.506758629,4.179124941,0.023652786
1609060452.030478001,-15.116997624,11.512334977,4.179980034,-15.132041879,11.520645398,4.178869324,0.017222845
1609060452.079850197,-15.147139952,11.528280415,4.178407328,-15.157452685,11.532543745,4.178256272,0.011160254
1609060452.141802073,-15.185731947,11.546845789,4.179983397,-15.182997355,11.544575081,4.177997091,0.004071796
1609060452.179795027,-15.207478385,11.557263653,4.180681941,-15.228089147,11.565679584,4.178021932,0.022421129
1609060452.229011059,-15.233421471,11.568778856,4.181853147,-15.249951686,11.573836163,4.178290366,0.017649866
1609060452.279659033,-15.257834666,11.578710921,4.179144299,-15.269802345,11.581464387,4.178299905,0.012309342
1609060452.328589201,-15.279039374,11.586277453,4.179840550,-15.289020485,11.588111444,4.179472105,0.010154892
1609060452.381144047,-15.301987614,11.597363670,4.178323423,-15.307897717,11.594071406,4.180569180,0.007128235
1609060452.430617094,-15.322430771,11.604927791,4.179370551,-15.343051780,11.604933488,4.181016165,0.020686569
1609060452.479754210,-15.342774272,11.609658164,4.182889211,-15.361310564,11.610027707,4.183685538,0.018557070
1609060452.529028177,-15.362029803,11.616046828,4.185153381,-15.378972753,11.614796867,4.186707954,0.017059973
1609060452.579004049,-15.381777450,11.621758839,4.189850910,-15.395855737,11.619722366,4.188574433,0.014281974
1609060452.630564213,-15.402674390,11.627414300,4.193352559,-15.414360477,11.624633989,4.191786932,0.012113874
1609060452.681979179,-15.429092945,11.634605518,4.191734586,-15.432051889,11.628544138,4.193135324,0.006888958
1609060452.729056120,-15.449462712,11.639584374,4.194720726,-15.469769155,11.639381424,4.201674956,0.021465184
1609060452.779504061,-15.473548880,11.646206166,4.200742179,-15.488116577,11.643879426,4.205757500,0.015581558
1609060452.830963135,-15.498030391,11.653154013,4.206110125,-15.509062661,11.649362499,4.209759100,0.012222994
1609060452.880644083,-15.523319306,11.663247695,4.214307920,-15.528778960,11.654603117,4.213521439,0.010254516
1609060452.931265116,-15.549391432,11.669242483,4.220822399,-15.571133702,11.666036633,4.224265380,0.022245402
1609060452.979619980,-15.574314635,11.675599722,4.226746236,-15.592154262,11.671047268,4.228759555,0.018521085
1609060453.028874159,-15.600490026,11.682499497,4.233202372,-15.614782549,11.678399776,4.234691544,0.014943279
1609060453.081588984,-15.629813006,11.689799183,4.240524493,-15.637368339,11.685097509,4.238526268,0.009120400
1609060453.129861116,-15.657853274,11.699822105,4.245876966,-15.662925472,11.692032076,4.244768319,0.009361669
1609060453.181578159,-15.688538298,11.710621757,4.251151487,-15.714336895,11.711202479,4.255513575,0.026171218
1609060453.228747129,-15.717937382,11.720294234,4.256814843,-15.740681646,11.720629227,4.261099146,0.023146685
1609060453.280352116,-15.752234415,11.732138932,4.262786663,-15.768381796,11.729234108,4.266986352,0.016935563
1609060453.330042124,-15.784499135,11.743470340,4.269524058,-15.796162682,11.738440477,4.272444573,0.013033313
1609060453.383922100,-15.816784964,11.755396374,4.278140664,-15.821796327,11.748079227,4.279367836,0.008953232
1609060453.429046154,-15.845290293,11.765652112,4.284553187,-15.876571447,11.766226052,4.287474839,0.031422541
1609060453.481620073,-15.880475998,11.776121206,4.293650014,-15.904351310,11.775736265,4.298611467,0.024388414
1609060453.530162096,-15.910479054,11.786212350,4.300363406,-15.930894707,11.787284551,4.303854233,0.020739681
1609060453.580815077,-15.943414470,11.797343319,4.302688275,-15.958363550,11.796486472,4.308190326,0.015952484
1609060453.629384041,-15.973582150,11.807725273,4.308516604,-15.986488409,11.806501419,4.315149195,0.014562301
1609060453.682363987,-16.006788216,11.819248347,4.317433686,-16.013924670,11.816059434,4.322242293,0.009177192
1609060453.732746124,-16.037230415,11.829428562,4.323990054,-16.040033231,11.824962814,4.327118496,0.006130729
1609060453.780745029,-16.067651938,11.838844309,4.330533841,-16.090585540,11.841230891,4.339523508,0.024747929
1609060453.828164101,-16.094878390,11.847027537,4.337393691,-16.113119661,11.848882228,4.346129680,0.020310130
1609060453.880906105,-16.127675607,11.856801427,4.345929843,-16.136748990,11.856985522,4.352048164,0.010945045
1609060453.931298018,-16.156104624,11.863179806,4.354131958,-16.162288919,11.862648268,4.359047990,0.007918043
1609060453.980770111,-16.183158709,11.869188183,4.362764726,-16.205893276,11.872385300,4.372850172,0.025075851
1609060454.029380083,-16.208618372,11.872920472,4.369537017,-16.226330925,11.875060733,4.378820884,0.020112321
1609060454.081245184,-16.233854842,11.875948728,4.377541687,-16.244493816,11.876505886,4.384554122,0.012754310
1609060454.129816055,-16.254963872,11.876923463,4.385835050,-16.262505686,11.877192280,4.390092535,0.008664721
1609060454.181892157,-16.276244034,11.876113332,4.395754004,-16.279026159,11.876745015,4.396135982,0.002878394
1609060454.230159998,-16.294797466,11.874141886,4.401565015,-16.311902462,11.871299927,4.407340676,0.018276102
1609060454.280667067,-16.313496717,11.872219701,4.407050192,-16.325084084,11.869477109,4.412352823,0.013034829
1609060454.327840090,-16.329009153,11.869364478,4.414280218,-16.338319818,11.867320173,4.417771121,0.010151555
1609060454.380474091,-16.345759472,11.867170519,4.422875848,-16.352058222,11.863918699,4.423283675,0.007100346
1609060454.430658102,-16.360183181,11.861831526,4.430203509,-16.364199007,11.859026064,4.428745014,0.005111231
1609060454.483566999,-16.374639503,11.853682651,4.436034403,-16.387558412,11.846547505,4.439052163,0.015063712
1609060454.531413078,-16.386846832,11.845786457,4.442802223,-16.398453520,11.838850004,4.443082946,0.013524363
1609060454.578727007,-16.398670408,11.839728577,4.445187942,-16.407805552,11.830139144,4.447844058,0.013507889
1609060454.627688169,-16.406867003,11.828970641,4.451167835,-16.415417812,11.821380331,4.454084266,0.011799777
1609060454.680584192,-16.416859268,11.815677663,4.454035487,-16.423564531,11.810056218,4.458538233,0.009840524
1609060454.731364012,-16.424509302,11.802239088,4.460017086,-16.430576477,11.797607045,4.462358244,0.007984200
1609060454.781885147,-16.431787926,11.787509398,4.466093196,-16.441101018,11.772282692,4.473168483,0.019200155
1609060454.831376076,-16.436403918,11.771429796,4.471507577,-16.445576225,11.758235358,4.480034833,0.018191715
1609060454.881854057,-16.442150710,11.752685142,4.480418428,-16.447891870,11.743078402,4.484318096,0.011851488
1609060454.934195042,-16.444605109,11.732470058,4.486437449,-16.449339954,11.728654893,4.488485993,0.006416445
1609060454.985146046,-16.446337688,11.710417882,4.493246716,-16.452291104,11.711356378,4.495191672,0.006332992
1609060455.032769203,-16.446455367,11.688739744,4.498966306,-16.451885256,11.677209674,4.503218143,0.013435190
1609060455.088777065,-16.446196013,11.662898351,4.506549809,-16.450795112,11.658726875,4.507904414,0.006355146
1609060455.134570122,-16.444791676,11.642322922,4.512811077,-16.448764892,11.638146958,4.512902542,0.005764849
1609060455.183914185,-16.441950742,11.617389623,4.518121360,-16.445223275,11.617394316,4.517028021,0.003450346
1609060455.233921051,-16.437004259,11.590795829,4.522050230,-16.441573479,11.597021454,4.521185369,0.007770725
1609060455.281438112,-16.431307175,11.564988182,4.526595709,-16.431255860,11.549690102,4.529829753,0.015636270
1609060455.329286098,-16.423414435,11.537090334,4.532111830,-16.431255808,11.549689206,4.529826815,0.015014660
1609060455.380719185,-16.413466212,11.506799442,4.538420532,-16.415795333,11.500663656,4.540816087,0.006986512
1609060455.428884983,-16.403639506,11.477095150,4.544742127,-16.407432843,11.472806416,4.546400200,0.005960860
1609060455.480583191,-16.392533285,11.444669696,4.551564284,-16.397893514,11.445595310,4.552441449,0.005509831
1609060455.532083988,-16.380061114,11.411127955,4.558073700,-16.388513102,11.417471797,4.558676906,0.010585097
1609060455.580499172,-16.369160166,11.380651930,4.563574059,-16.365968706,11.357033524,4.572077005,0.025304438
1609060455.628786087,-16.355436805,11.347207792,4.570068338,-16.353860533,11.326786666,4.578735111,0.022240054
1609060455.680741072,-16.342132177,11.311274545,4.580480753,-16.340782622,11.296881673,4.586335830,0.015596730
1609060455.731168985,-16.326539952,11.275463397,4.590136564,-16.327714231,11.266051679,4.594105581,0.010281657
1609060455.779289007,-16.311549916,11.241993657,4.601709873,-16.314509837,11.234181419,4.602571278,0.008398465
1609060455.829546213,-16.293689316,11.204836113,4.612010535,-16.299793202,11.202781824,4.610427676,0.006631965
1609060455.880892038,-16.278854011,11.170093456,4.620099063,-16.269110843,11.136057388,4.627673649,0.036204387
1609060455.928446054,-16.262125459,11.135526506,4.629418090,-16.253209242,11.103537868,4.636069117,0.033867507
1609060455.979711056,-16.242500983,11.089273678,4.641076975,-16.238871051,11.071772141,4.644312498,0.018164494
1609060456.029316187,-16.224204617,11.050606160,4.651122473,-16.223415436,11.039899689,4.652542963,0.010829087
1609060456.081103086,-16.205320995,11.009824954,4.660014622,-16.208156652,11.007679533,4.660683008,0.003618083
1609060456.132400036,-16.185060257,10.969014704,4.669565652,-16.191639183,10.975816571,4.668562270,0.009516010
1609060456.179992199,-16.167454668,10.937827872,4.678713305,-16.157796425,10.907496719,4.685450575,0.032536922
1609060456.229928017,-16.147766052,10.897824300,4.684923992,-16.140728603,10.875105786,4.693610322,0.025320128
1609060456.280745983,-16.126718009,10.857234890,4.693291473,-16.123735753,10.841431982,4.701016051,0.017840820
1609060456.328821182,-16.106312039,10.818843030,4.700573984,-16.104808157,10.804810708,4.706757848,0.015408046
1609060456.375164032,-16.086394747,10.782238783,4.706440820,-16.084498735,10.768000893,4.712347292,0.015530576
1609060456.426805019,-16.063893216,10.741300789,4.712583752,-16.066081783,10.734851889,4.717837341,0.008601065
1609060456.485151052,-16.038499751,10.695401225,4.720051998,-16.028463984,10.667867936,4.724941724,0.029710404
1609060456.528421164,-16.018706253,10.660760733,4.724900974,-16.008864522,10.634156633,4.728401650,0.028581332
1609060456.579080105,-15.996990262,10.620030404,4.730925741,-15.990670922,10.602741379,4.732610770,0.018484690
1609060456.627412081,-15.973614322,10.580980216,4.735727005,-15.972014553,10.570677111,4.735667267,0.010426735
1609060456.680670023,-15.949202619,10.539308848,4.741118263,-15.951357619,10.537472364,4.739038063,0.003513393
1609060456.726881981,-15.925479292,10.501649732,4.745190915,-15.911276502,10.472812250,4.743935631,0.032169789
1609060456.779075146,-15.899247719,10.462763131,4.747914281,-15.888008207,10.438981291,4.746652244,0.026334299
1609060456.827740192,-15.872422381,10.424134114,4.750873011,-15.864701641,10.407843630,4.748150770,0.018231849
1609060456.878676176,-15.845859598,10.385279700,4.747600856,-15.844909246,10.374689299,4.749419130,0.010787302
1609060456.929023027,-15.816390526,10.345584156,4.748541232,-15.794618072,10.309735200,4.751027926,0.042016319
1609060456.978980064,-15.788245772,10.309822188,4.753872035,-15.769524894,10.277798990,4.751943189,0.037144003
1609060457.027249098,-15.758311731,10.272666418,4.754543525,-15.742994135,10.244474693,4.751847094,0.032197404
1609060457.078922987,-15.723307200,10.228816169,4.753775635,-15.715706132,10.211430291,4.751787177,0.019078756
1609060457.129274130,-15.688404366,10.189159668,4.753447468,-15.687956111,10.179245100,4.751378746,0.010138008
1609060457.172206163,-15.658485906,10.155071157,4.751296695,-15.658115731,10.146042593,4.750561221,0.009066031
1609060457.221413136,-15.622798850,10.117228696,4.749812364,-15.599416833,10.084237104,4.748321554,0.040464632
1609060457.273039103,-15.585126266,10.079496890,4.745922836,-15.569527710,10.054360553,4.746943220,0.029600533
1609060457.322131157,-15.547554927,10.043616119,4.744678016,-15.534038794,10.020919174,4.745053148,0.026419272
1609060457.371599197,-15.508085766,10.007230453,4.743031349,-15.498056509,9.988150154,4.742591255,0.021560091
1609060457.428241014,-15.461102638,9.966485370,4.739701693,-15.463250915,9.958568815,4.740408152,0.008233228
1609060457.479582071,-15.418340844,9.931316640,4.736630126,-15.396926107,9.904329613,4.735617078,0.034466170
1609060457.528037071,-15.376749402,9.898143357,4.732825237,-15.361904715,9.873572028,4.733535370,0.028716184
1609060457.578487158,-15.334043572,9.865002193,4.727965108,-15.323927748,9.850318176,4.730504218,0.018011033
1609060457.627092123,-15.290652557,9.834414719,4.724425110,-15.288387265,9.824531773,4.728201030,0.010819507
1609060457.679813147,-15.245630174,9.803892380,4.721272937,-15.249872115,9.800057096,4.724672320,0.006652765
1609060457.727046013,-15.201110703,9.775612858,4.717885075,-15.175087915,9.752918041,4.718819197,0.034541465
1609060457.778679132,-15.154639320,9.746917045,4.711911710,-15.134251350,9.728387234,4.716406481,0.027914623
1609060457.827083111,-15.108293209,9.720149840,4.708510308,-15.095036583,9.707495415,4.713090766,0.018890558
1609060457.879731178,-15.059287542,9.695005558,4.708973846,-15.056877904,9.685121436,4.710308076,0.010260721
1609060457.929150105,-15.010903064,9.669867252,4.706710883,-14.973025071,9.643731436,4.704484350,0.046073644
1609060457.979729176,-14.962943274,9.645762016,4.704600638,-14.933762500,9.624220366,4.702403646,0.036337129
1609060458.026831150,-14.916167044,9.623521409,4.702464079,-14.892711920,9.603785413,4.699819938,0.030767578
1609060458.078697205,-14.867281468,9.601612560,4.699630804,-14.850685751,9.584674961,4.697362222,0.023821137
1609060458.137619019,-14.808693673,9.575919661,4.696889715,-14.806188932,9.568063047,4.694107117,0.008703044
1609060458.180298090,-14.762211263,9.554386691,4.696005677,-14.763728855,9.548085407,4.692951004,0.007165214
1609060458.226857185,-14.714030464,9.534752684,4.694475347,-14.679593987,9.513467176,4.688524362,0.040918920
1609060458.276430130,-14.661069348,9.515941841,4.688062247,-14.637982999,9.499937012,4.686689639,0.028125045
1609060458.327916145,-14.605795716,9.495968472,4.685185956,-14.591029902,9.482827091,4.683881660,0.019809754
1609060458.378300190,-14.556431599,9.479780422,4.679148218,-14.544414528,9.465144476,4.681151132,0.019042914
1609060458.428943157,-14.505601575,9.462232315,4.675890319,-14.500511561,9.451156009,4.677758356,0.012332167
1609060458.480785131,-14.451025979,9.444132560,4.670899701,-14.417867952,9.425696358,4.671379646,0.037941779
1609060458.527002096,-14.402549843,9.429004915,4.666365922,-14.374465707,9.412427499,4.667098710,0.032620031
1609060458.579663992,-14.348516876,9.413089305,4.661784470,-14.332550712,9.400114999,4.663915977,0.020683189
1609060458.628001213,-14.299160371,9.399092659,4.657234630,-14.290927671,9.390786726,4.660172111,0.012057971
1609060458.680536985,-14.247104616,9.385693123,4.653182725,-14.248446230,9.378475039,4.656425264,0.008025878
1609060458.733805180,-14.193505535,9.371541800,4.649811049,-14.165542234,9.355061536,4.649115840,0.032465807
1609060458.778982162,-14.148457071,9.359251953,4.646766792,-14.121778656,9.344435045,4.645939506,0.030528069
1609060458.827742100,-14.098540046,9.346096290,4.643067362,-14.081514865,9.334229124,4.641827115,0.020790013
1609060458.879104137,-14.048904392,9.334703054,4.638347726,-14.040624282,9.322846915,4.638355848,0.014461270
1609060458.930878162,-13.996795701,9.321371341,4.634699520,-13.997629350,9.312952424,4.634649096,0.008460241
1609060458.980327129,-13.949336573,9.309259115,4.634303307,-13.912954275,9.292428719,4.628690753,0.040477581
1609060459.026729107,-13.903357891,9.297504306,4.631905535,-13.874373684,9.282950993,4.624899749,0.033180782
1609060459.080546141,-13.852313787,9.285084784,4.629781355,-13.832300750,9.272429398,4.621580870,0.025058499
1609060459.127784014,-13.805384504,9.273189377,4.626732355,-13.787354526,9.264045380,4.617573826,0.022193950
1609060459.181243181,-13.755125190,9.262692654,4.619991442,-13.744319587,9.253481224,4.613787054,0.015495352
1609060459.227688074,-13.709281019,9.251701570,4.616274369,-13.664241669,9.233885836,4.605778938,0.049559031
1609060459.279424191,-13.652098267,9.237152533,4.609044097,-13.622607463,9.225626790,4.602073035,0.032421382
1609060459.328384161,-13.601439926,9.225218943,4.604508805,-13.580473672,9.216612176,4.598149290,0.023539407
1609060459.388609171,-13.539159288,9.211536685,4.600359738,-13.536532121,9.205174913,4.593804835,0.009504783
1609060459.433518171,-13.490850284,9.201012974,4.596682453,-13.493376982,9.196349766,4.589960429,0.008562437
1609060459.486275196,-13.439268064,9.192531925,4.590073237,-13.409527913,9.180518904,4.582862162,0.032875353
1609060459.533322096,-13.392846427,9.183524250,4.585963128,-13.367717740,9.170520362,4.579214058,0.029087831
1609060459.579319000,-13.343961318,9.173607618,4.581944199,-13.325809469,9.161142178,4.576396402,0.022708035
1609060459.627422094,-13.292426844,9.163731233,4.577826440,-13.283693429,9.154927585,4.573967391,0.012987264
1609060459.680034161,-13.238040049,9.153742697,4.572991316,-13.239950782,9.146375315,4.571436840,0.007768245
1609060459.728425026,-13.186475967,9.144218924,4.569360219,-13.153327753,9.129485623,4.566198986,0.036412466
1609060459.779250145,-13.134438871,9.135090752,4.565775052,-13.107856376,9.122257533,4.564577931,0.029542404
1609060459.827799082,-13.083327694,9.126364502,4.562287473,-13.062401589,9.114716482,4.562959683,0.023958926
1609060459.879274130,-13.031297919,9.117266448,4.558753108,-13.018979636,9.106370167,4.560599393,0.016549254
1609060459.927618980,-12.979391873,9.109028971,4.555959832,-12.972395304,9.099800095,4.557925888,0.011746893
1609060459.983558178,-12.920803049,9.100256247,4.555004838,-12.877701363,9.087123260,4.554346828,0.045062886
1609060460.025993109,-12.874768564,9.093338629,4.552374161,-12.835885915,9.078790160,4.552778567,0.041517249
1609060460.077687025,-12.820662601,9.087116372,4.548259889,-12.792757934,9.072175797,4.550619857,0.031740521
1609060460.131011009,-12.761610051,9.079508687,4.545113589,-12.743829666,9.067022551,4.549023320,0.022075590
1609060460.180317163,-12.711189702,9.071746940,4.543268524,-12.697677069,9.062403164,4.548077305,0.017117879
1609060460.228507996,-12.657535544,9.065208458,4.541736320,-12.608208510,9.049923071,4.546428084,0.051853756
1609060460.278956175,-12.604362046,9.059546696,4.543691990,-12.560107199,9.045792253,4.546281530,0.046415320
1609060460.329240084,-12.548092931,9.053462280,4.543241785,-12.512095174,9.041133180,4.546099615,0.038157731
1609060460.378509045,-12.485001039,9.043326909,4.542033976,-12.464203452,9.036152406,4.545371042,0.022251947
1609060460.428874016,-12.424712541,9.036934769,4.541552484,-12.418819552,9.031225254,4.544377065,0.008677796
1609060460.480195045,-12.364571946,9.032620343,4.541096810,-12.320331795,9.023729339,4.545093707,0.045301392
1609060460.526538134,-12.307770798,9.027639769,4.540960623,-12.272813456,9.018982064,4.544770325,0.036214436
1609060460.578445196,-12.250715781,9.024783741,4.539740415,-12.225891787,9.013911162,4.544275166,0.027477402
1609060460.625929117,-12.194239457,9.020226136,4.540990380,-12.179492860,9.011670397,4.543949672,0.017303763
1609060460.680358171,-12.127747287,9.015567296,4.541179308,-12.128949837,9.009682358,4.544934256,0.007083661
1609060460.727480173,-12.070050443,9.012260817,4.541013128,-12.035764900,9.003080532,4.545133176,0.035731651
1609060460.778958082,-12.010184608,9.009674732,4.540317400,-11.984997027,9.000636505,4.545347657,0.027228794
1609060460.828413010,-11.950130176,9.007282393,4.540192992,-11.935488093,8.999456692,4.546147266,0.017637618
1609060460.880685091,-11.889114005,9.006109921,4.540307498,-11.888334369,8.998749550,4.545921481,0.009289763
1609060460.929251194,-11.832073187,9.004831294,4.542072217,-11.792142997,8.995483228,4.547982001,0.041433464
1609060460.978983164,-11.775154634,9.004511504,4.545071114,-11.742670188,8.995525958,4.550137293,0.034082920
1609060461.027152061,-11.716640872,9.003819036,4.547514586,-11.693399797,8.994243896,4.553348213,0.025804303
1609060461.079848051,-11.658163196,9.003707486,4.550486934,-11.645428207,8.992801260,4.555419568,0.017477316
1609060461.127817154,-11.600600583,9.003816650,4.553505111,-11.599227557,8.992951808,4.557512231,0.011661346
1609060461.179355145,-11.543551961,9.004736431,4.557092272,-11.497081332,8.995387205,4.563185410,0.047791774
1609060461.226543188,-11.487187947,9.005830101,4.560131210,-11.450138308,8.995223896,4.566043509,0.038988750
1609060461.278989077,-11.429275856,9.007545519,4.564942671,-11.401073723,8.995902185,4.567937211,0.030657704
1609060461.327422142,-11.371852066,9.009739299,4.567919529,-11.342489845,9.001448335,4.569969760,0.030579136
1609060461.380146027,-11.313677820,9.014509466,4.569842726,-11.287440709,9.005351737,4.572328995,0.027900386
1609060461.428488016,-11.257027490,9.018576221,4.572591845,-11.238776944,9.007515813,4.574077218,0.021392088
1609060461.480466127,-11.187498918,9.020743462,4.574728446,-11.143168379,9.015799045,4.576046734,0.044624902
1609060461.526633978,-11.130382682,9.025335215,4.576840305,-11.091407636,9.022628286,4.577437840,0.039073504
1609060461.578130007,-11.067692201,9.032634458,4.577847112,-11.043087481,9.026911605,4.578532034,0.025270782
1609060461.628714085,-11.003887960,9.039860649,4.579725563,-10.997226174,9.031879182,4.579794723,0.010396538
1609060461.680414200,-10.946609705,9.049476767,4.578991009,-10.945904437,9.039598765,4.580599963,0.010032999
1609060461.726855993,-10.891053851,9.058784665,4.580925659,-10.849735766,9.055903674,4.582602763,0.041452344
1609060461.778423071,-10.827097873,9.069684970,4.581259862,-10.806187283,9.062003082,4.583041718,0.022348136
1609060461.826656103,-10.766784319,9.081165451,4.580854650,-10.758500796,9.072117279,4.582520387,0.012379857
1609060461.881693125,-10.701805962,9.096130187,4.579512855,-10.705757137,9.084210008,4.582690307,0.012953711
1609060461.929234982,-10.643033574,9.110067429,4.578496338,-10.605241593,9.107498079,4.581725524,0.038016615
1609060461.978337049,-10.584916627,9.125700788,4.577191573,-10.605241841,9.107502212,4.581738249,0.027658178
1609060462.026682138,-10.525382194,9.141648853,4.575513665,-10.499543131,9.136359237,4.579143498,0.026623540
1609060462.079570055,-10.463430363,9.159829384,4.573865381,-10.449736490,9.150396813,4.577297229,0.016978608
1609060462.129022121,-10.402973360,9.178320217,4.570848992,-10.403140093,9.164074111,4.574279709,0.014654322
1609060462.180023193,-10.342723518,9.198698193,4.567314305,-10.299234847,9.197678663,4.567741555,0.043502718
1609060462.227467060,-10.283760433,9.218557891,4.563741258,-10.249497302,9.215760842,4.563995056,0.034378046
1609060462.279769182,-10.224529137,9.240200947,4.557492322,-10.199299784,9.232864779,4.559997512,0.026393477
1609060462.330918074,-10.161617109,9.263761037,4.552766109,-10.147979367,9.252787359,4.555340813,0.017692900
1609060462.380113125,-10.104139047,9.286460745,4.549010215,-10.098462022,9.272314671,4.551181709,0.015396604
1609060462.427350998,-10.046256088,9.309742217,4.544022526,-9.997105912,9.314159380,4.541772460,0.049399534
1609060462.479017019,-9.988367931,9.334759457,4.540369237,-9.950902185,9.333420650,4.536553096,0.037683384
1609060462.527957201,-9.928224580,9.361148207,4.535300780,-9.896134576,9.358922602,4.531562784,0.032383549
1609060462.580631018,-9.855438207,9.391600446,4.527364990,-9.844711558,9.383487908,4.526681880,0.013466288
1609060462.628690004,-9.793940222,9.419699528,4.522115050,-9.749109204,9.429521348,4.516845201,0.046195883
1609060462.679250002,-9.731578612,9.454059181,4.514977219,-9.697789029,9.455791429,4.511401900,0.034022339
1609060462.727450132,-9.669273174,9.484794860,4.509201711,-9.645403320,9.484255630,4.506446312,0.024034411
1609060462.779249191,-9.613071895,9.518763946,4.503429217,-9.593004785,9.512704701,4.500926681,0.021110804
1609060462.828996181,-9.556049606,9.554068917,4.498269267,-9.544214309,9.539908826,4.495110005,0.018723338
1609060462.879943132,-9.494623207,9.590675539,4.491945141,-9.448470072,9.597545388,4.485194898,0.047147348
1609060462.929316998,-9.436796077,9.626109444,4.485954719,-9.401056274,9.626347987,4.480240280,0.036194547
1609060462.979207039,-9.380667126,9.661429700,4.479828302,-9.356378727,9.654168459,4.474878735,0.025829250
1609060463.027507067,-9.325228017,9.696964586,4.472873631,-9.311184796,9.682910415,4.469017219,0.020238668
1609060463.080178022,-9.269531629,9.734588857,4.462654374,-9.262582473,9.715455261,4.462872705,0.020357625
1609060463.129511118,-9.215166454,9.771273265,4.453393711,-9.215640307,9.747584797,4.455995941,0.023835680
1609060463.178997993,-9.163111713,9.808278787,4.443814360,-9.128551936,9.809874106,4.438759234,0.034963946
1609060463.226540089,-9.111693228,9.845395316,4.433949046,-9.081891484,9.845481418,4.430558539,0.029994114
1609060463.279219151,-9.062016322,9.885789297,4.423051382,-9.037535387,9.880672873,4.422249008,0.025022745
1609060463.330190182,-9.009747831,9.927009592,4.412227317,-8.995340987,9.914901300,4.413395270,0.018855556
1609060463.379824162,-8.963796393,9.964901985,4.401759437,-8.956491067,9.947599737,4.404486723,0.018978242
1609060463.427031994,-8.918097899,10.003421160,4.391771066,-8.872894099,10.021215480,4.387802177,0.048741906
1609060463.479870081,-8.873078534,10.048857996,4.382967639,-8.837047667,10.054831934,4.380023254,0.036641243
1609060463.529342175,-8.828355805,10.090262708,4.373548693,-8.799957494,10.090711609,4.371890689,0.028450213
1609060463.580952168,-8.785359028,10.131478067,4.366585987,-8.766469078,10.124438614,4.364592000,0.020257347
1609060463.628221035,-8.744375666,10.171856045,4.358769151,-8.693337220,10.199029115,4.350487878,0.058411285
1609060463.677978992,-8.698076164,10.218771441,4.349936197,-8.661278561,10.234466391,4.342395305,0.040709460
1609060463.732715130,-8.650889828,10.268117280,4.340454101,-8.629383090,10.271479908,4.334571952,0.022548763
1609060463.778750181,-8.614077455,10.312704384,4.329479738,-8.592216185,10.314234212,4.325883559,0.022207836
1609060463.828248024,-8.572730646,10.359779275,4.319024928,-8.559984482,10.353648576,4.316895800,0.014303263
1609060463.879996061,-8.539591444,10.409355263,4.305154620,-8.503135004,10.428398039,4.299374919,0.041534375
1609060463.933847189,-8.500267849,10.461756892,4.295846994,-8.471007226,10.471064804,4.290970667,0.031090189
1609060463.980240107,-8.465397765,10.507871152,4.285352419,-8.442146024,10.511778372,4.282359652,0.023766919
1609060464.028326035,-8.431028631,10.556609273,4.274189608,-8.415414465,10.550161621,4.274138378,0.016893106
1609060464.080262184,-8.398240907,10.608475222,4.262203483,-8.388438538,10.591867220,4.264469188,0.019417662
1609060464.130795002,-8.364940155,10.659938926,4.251242916,-8.331818360,10.676691667,4.246498772,0.037419442
1609060464.178006172,-8.335571067,10.707634616,4.241401895,-8.307782356,10.719516865,4.237019114,0.030538649
1609060464.226155043,-8.304649951,10.758066840,4.231038649,-8.281794575,10.763204698,4.226549380,0.023852030
1609060464.277084112,-8.277085700,10.812022824,4.222084687,-8.256148313,10.808389696,4.218787563,0.021504530
1609060464.328767061,-8.245057751,10.868081793,4.211057843,-8.230500970,10.853211247,4.210107369,0.020831140
1609060464.378328085,-8.221228853,10.919245474,4.200775577,-8.209204122,10.897970010,4.200284059,0.024443428
1609060464.427219152,-8.192947413,10.973274252,4.191120833,-8.166935052,10.983832849,4.183284881,0.029146681
1609060464.476723194,-8.169574333,11.025670552,4.179670363,-8.142596493,11.033523714,4.174765858,0.028522450
1609060464.528161049,-8.141696391,11.083307809,4.169210225,-8.122804849,11.079752996,4.165875224,0.019510236
1609060464.584477186,-8.114334895,11.145985230,4.158100987,-8.083694855,11.174034116,4.149290642,0.042463799
1609060464.627368212,-8.091918448,11.195530182,4.149950406,-8.061045879,11.224529869,4.141669070,0.043158752
1609060464.677657127,-8.071571081,11.251516631,4.144078403,-8.042875031,11.272085304,4.134258877,0.036646374
1609060464.725933075,-8.048158826,11.308180015,4.136308646,-8.024958124,11.325401178,4.125920108,0.030704442
1609060464.778755188,-8.021475229,11.377757486,4.124312698,-8.003377908,11.383061784,4.117966236,0.019897894
1609060464.829033136,-7.996727920,11.440695688,4.116001065,-7.984146109,11.436252210,4.110654516,0.014374702
1609060464.881244183,-7.977835291,11.506460450,4.104322590,-7.952501229,11.535664357,4.097062320,0.039336934
1609060464.926936150,-7.956805818,11.565481634,4.095937892,-7.936854613,11.589809618,4.089462846,0.032122073
1609060464.979433060,-7.943214677,11.631329516,4.086325879,-7.919013457,11.643376862,4.082956519,0.027243168
1609060465.026580095,-7.926734029,11.692563345,4.077617216,-7.903584049,11.695281048,4.075754333,0.023383281
1609060465.080960035,-7.905798597,11.764353936,4.066608802,-7.890021346,11.748477992,4.068841718,0.022493403
1609060465.131188154,-7.888725753,11.830594014,4.056353443,-7.861302520,11.858571288,4.053517633,0.039278537
1609060465.178850174,-7.873505135,11.893276492,4.046735036,-7.846624869,11.914823235,4.046420362,0.034451558
1609060465.228109121,-7.857204012,11.959365390,4.037635116,-7.836206744,11.966575783,4.039783978,0.022304543
1609060465.278582096,-7.843411728,12.026845589,4.030481018,-7.821003613,12.023263482,4.032075881,0.022748598
1609060465.329045057,-7.827246107,12.094599211,4.021602203,-7.805467119,12.081033542,4.025235728,0.025914362
1609060465.380448103,-7.812048516,12.163246026,4.014331502,-7.783841204,12.193283229,4.012419532,0.041249747
1609060465.427752018,-7.796640833,12.228038506,4.007309242,-7.773761400,12.249418469,4.005247448,0.031381878
1609060465.479211092,-7.785516326,12.295474724,4.001097677,-7.761162803,12.306129062,4.000168379,0.026598357
1609060465.529885054,-7.770522594,12.364128255,3.994286619,-7.749571712,12.362593189,3.995749367,0.021057908
1609060465.579433203,-7.760861745,12.427481391,3.985936474,-7.741682534,12.414029367,3.990021874,0.023780025
1609060465.628167152,-7.747422058,12.492734957,3.979574317,-7.721984373,12.527850298,3.979389696,0.043361239
1609060465.678918123,-7.739338440,12.559666868,3.974792580,-7.712487221,12.581983015,3.975575349,0.034922930
1609060465.726876020,-7.727450465,12.624832177,3.969731765,-7.702909491,12.646751639,3.970873762,0.032924556
1609060465.780047178,-7.719633775,12.695630105,3.966550226,-7.696461117,12.709271298,3.966087151,0.026893654
1609060465.828760147,-7.708822409,12.762740609,3.962392257,-7.687496435,12.768804120,3.962030878,0.022174173
1609060465.880266190,-7.699987050,12.840452433,3.957473694,-7.674787331,12.881585400,3.955320544,0.048286467
1609060465.932221174,-7.689384719,12.914678525,3.952925267,-7.670386890,12.939271095,3.950884241,0.031142861
1609060465.979675055,-7.684489687,12.982990330,3.947930948,-7.664354875,12.998160751,3.947374503,0.025216304
1609060466.027986050,-7.675560880,13.053480525,3.944114912,-7.658058977,13.055317076,3.945342414,0.017640756
1609060466.079845190,-7.674938807,13.126061203,3.941196902,-7.655478246,13.113152937,3.942266948,0.023376950
1609060466.161890984,-7.669310942,13.243875889,3.939634612,-7.649647715,13.225076472,3.938728446,0.027219143
1609060466.229519129,-7.663754353,13.342287423,3.940785037,-7.644238094,13.340409802,3.940491218,0.019608573
1609060466.280148983,-7.662504138,13.414552359,3.942468586,-7.642065603,13.402334862,3.941853645,0.023819721
1609060466.328636169,-7.660721401,13.485286668,3.943867450,-7.637892520,13.523221598,3.944831944,0.044284839
1609060466.378987074,-7.662579672,13.556605261,3.945856925,-7.638837449,13.581336996,3.945451341,0.034285805
1609060466.429597139,-7.661688567,13.630093175,3.947321484,-7.640327205,13.641644456,3.946415281,0.024301463
1609060466.479005098,-7.662482383,13.700026818,3.948459484,-7.640287330,13.702653982,3.947766746,0.022360730
1609060466.527721167,-7.661835333,13.771048599,3.949752814,-7.640276970,13.763592017,3.949050095,0.022822301
1609060466.581521034,-7.666625524,13.845829132,3.951990713,-7.643348383,13.825623907,3.950002201,0.030887386
1609060466.628607988,-7.667386145,13.914265006,3.953398070,-7.648655742,13.946375672,3.952036450,0.037199152
1609060466.679336071,-7.672399711,13.985947333,3.954801045,-7.651214824,14.005348979,3.953010481,0.028782450
1609060466.727976084,-7.674318197,14.056347549,3.956110902,-7.655654503,14.072314747,3.953670839,0.024682763
1609060466.779019117,-7.682950612,14.126750154,3.958091398,-7.661941593,14.139831346,3.954052529,0.025076062
1609060466.829914093,-7.686133276,14.200629976,3.959146960,-7.666365117,14.202213109,3.954297572,0.020415753
1609060466.880611181,-7.695205118,14.272153087,3.958635118,-7.675600331,14.323181295,3.956183963,0.054719593
1609060466.928917170,-7.700107773,14.342347066,3.959119371,-7.682904483,14.384827132,3.956589413,0.045901088
1609060466.979152203,-7.708912926,14.423935901,3.957739681,-7.690395085,14.445699268,3.956917654,0.028587240
1609060467.028021097,-7.715017029,14.497610301,3.957834322,-7.695723169,14.504413534,3.957789793,0.020458226
1609060467.080524206,-7.726833730,14.577743167,3.957617459,-7.704941107,14.566309023,3.957960188,0.024701094
1609060467.126882076,-7.733925057,14.649227262,3.957384379,-7.723285108,14.683202142,3.957692557,0.035603314
1609060467.180591106,-7.751410956,14.727509689,3.958444908,-7.732559487,14.744790989,3.957563571,0.025589021
1609060467.226670980,-7.764767678,14.794605654,3.959802537,-7.742253432,14.806747022,3.957166336,0.025714852
1609060467.279661179,-7.777329733,14.875660987,3.958844463,-7.754039387,14.864952461,3.955612438,0.025837158
1609060467.329204082,-7.789762654,14.951067118,3.956929834,-7.776893914,14.987524078,3.953406659,0.038821736
1609060467.379631042,-7.804219206,15.025400899,3.954370911,-7.789316840,15.048604160,3.952736309,0.027625056
1609060467.427987099,-7.818314751,15.098288968,3.952535129,-7.804026454,15.109519347,3.950657393,0.018270269
1609060467.479583025,-7.838263266,15.171433382,3.950676537,-7.818285332,15.170692167,3.949341389,0.020036213
1609060467.528842211,-7.855362218,15.243787006,3.948691407,-7.833008849,15.233021650,3.948023730,0.024819585
1609060467.580595016,-7.877285174,15.316948509,3.946050147,-7.848872320,15.295756716,3.946809462,0.035453616
1609060467.627780199,-7.893631362,15.385731035,3.944517537,-7.883060313,15.415574873,3.944511322,0.031660730
1609060467.693520069,-7.923358827,15.476924150,3.942030694,-7.899339063,15.474197177,3.943121133,0.024198647
1609060467.770143986,-7.960210795,15.583978898,3.938460262,-7.942621700,15.607356407,3.939900943,0.029290949
1609060467.835719109,-7.989406055,15.676217115,3.936100555,-7.982528999,15.726526662,3.937452147,0.050795386
1609060467.886023998,-8.016485553,15.742523794,3.937948224,-8.003724186,15.782830398,3.936972877,0.042289788
1609060467.932846069,-8.039008806,15.807059301,3.938823304,-8.026640437,15.843592727,3.937923513,0.038580790
1609060467.978756189,-8.063858682,15.868373282,3.938184798,-8.049428659,15.900782745,3.938458968,0.035477797
1609060468.027256012,-8.088542770,15.933895902,3.939373074,-8.070637366,15.955357287,3.939989159,0.027956647
1609060468.081122160,-8.121036880,16.020550802,3.943014225,-8.095741676,16.013098510,3.940697170,0.026471735
1609060468.129112005,-8.147673879,16.088006541,3.945092345,-8.146207499,16.125404538,3.943836765,0.037447790
1609060468.179625988,-8.181714699,16.155867022,3.946187530,-8.173937808,16.182400761,3.945090583,0.027671693
1609060468.227814198,-8.210538804,16.223067415,3.948124280,-8.202065866,16.238326226,3.946439385,0.017534562
1609060468.278457165,-8.250936544,16.272326709,3.947671801,-8.229395024,16.292596072,3.948328750,0.029585736
1609060468.327484131,-8.284947222,16.334918293,3.948975082,-8.257771326,16.345503004,3.951072205,0.029239757
1609060468.380009174,-8.320722398,16.403213357,3.951745720,-8.287505127,16.398878153,3.952520259,0.033507925
1609060468.427757025,-8.354566088,16.463354486,3.954012691,-8.347240913,16.500980457,3.958715848,0.038619834
1609060468.477749109,-8.392865873,16.522452930,3.954890267,-8.375608447,16.547492171,3.961599176,0.031141481
1609060468.527155161,-8.428534202,16.582265133,3.957630520,-8.409618949,16.601981928,3.964719228,0.028227444
1609060468.571753025,-8.461894188,16.631207355,3.961441654,-8.444928862,16.655764230,3.967760782,0.030508913
1609060468.623512030,-8.499667521,16.691024931,3.964631976,-8.477257715,16.703512758,3.970018770,0.026213790
1609060468.674556017,-8.541674596,16.746699791,3.968366875,-8.510518950,16.749574402,3.973029294,0.031633460
1609060468.722122192,-8.578695190,16.800173144,3.970885917,-8.580714052,16.840959433,3.976876549,0.041273294
1609060468.779278040,-8.625629066,16.859097870,3.975413172,-8.614430740,16.882049396,3.979635063,0.025884347
1609060468.825678110,-8.663189958,16.907889645,3.978095871,-8.650507965,16.924926380,3.981492648,0.021508636
1609060468.881869078,-8.710587041,16.961899785,3.981714433,-8.689894954,16.967036524,3.984392925,0.021487738
1609060468.928879976,-8.750824272,17.009100408,3.984318003,-8.767666502,17.046089394,3.987895346,0.040800039
1609060468.978708029,-8.797148676,17.054456777,3.986829933,-8.807324779,17.086239770,3.990137175,0.033535795
1609060469.026169062,-8.840848640,17.099582816,3.989014503,-8.848862446,17.125311396,3.991852956,0.027096821
1609060469.079028130,-8.894261004,17.143596409,3.991362563,-8.891653811,17.162849390,3.993485508,0.019544350
1609060469.128238201,-8.942544750,17.187023811,3.993195315,-8.933983797,17.196315838,3.995579928,0.012857607
1609060469.179890156,-9.002053528,17.240192624,3.996270810,-9.025731756,17.269583474,3.998841166,0.037829714
1609060469.227359056,-9.053566253,17.282775726,3.998272212,-9.072683868,17.300127417,4.001264338,0.025990714
1609060469.277248144,-9.116466989,17.322257203,4.000847272,-9.123354334,17.332769529,4.002631380,0.012693603
1609060469.330085039,-9.180319134,17.367670916,4.003123646,-9.173423211,17.363379052,4.004962384,0.008327953
1609060469.379516125,-9.242659357,17.393952655,4.006070749,-9.222018333,17.394228995,4.007545634,0.020695495
1609060469.428099155,-9.307961861,17.427556481,4.009439069,-9.330857603,17.451431012,4.014023302,0.033394960
1609060469.478720188,-9.376030688,17.464018050,4.014357703,-9.385592341,17.478766272,4.017061037,0.017783230
1609060469.527437210,-9.443624866,17.497222650,4.018916502,-9.442576240,17.506771468,4.022325024,0.010193015
1609060469.582027197,-9.520401159,17.529846560,4.023628147,-9.498105375,17.533058604,4.025753148,0.022625976
1609060469.630171061,-9.589625237,17.558500993,4.026893503,-9.620467704,17.578344432,4.032214717,0.037058537
1609060469.679854155,-9.662291623,17.585649903,4.029748910,-9.681520272,17.602320852,4.036624922,0.026361734
1609060469.728006124,-9.734138111,17.611542804,4.034042459,-9.743326076,17.624550244,4.040974455,0.017368500
1609060469.779536009,-9.812114751,17.635567395,4.039055087,-9.807843472,17.646027804,4.043724167,0.012225560
1609060469.828714132,-9.887701715,17.659492746,4.042723780,-9.872459139,17.663303392,4.046628384,0.016189598
1609060469.880279064,-9.968020947,17.682585052,4.045508915,-10.002519870,17.702155725,4.054488997,0.040667294
1609060469.928411007,-10.042752767,17.703882629,4.049117900,-10.070469049,17.718933949,4.057182746,0.032554206
1609060469.979132175,-10.122687156,17.719310429,4.054812486,-10.136687754,17.733080092,4.059388374,0.020163310
1609060470.027426004,-10.198865605,17.737335557,4.058714652,-10.203654577,17.747458362,4.062130100,0.011707721
1609060470.081245184,-10.284332104,17.752928779,4.062280330,-10.272969228,17.762230163,4.066985671,0.015419822
1609060470.129621983,-10.360672946,17.768274324,4.065828715,-10.408504297,17.786891993,4.071722148,0.051664188
1609060470.178888083,-10.437967307,17.780773368,4.069230107,-10.479382317,17.798049073,4.073655571,0.045091438
1609060470.228217125,-10.516249301,17.793734671,4.072432746,-10.547146504,17.810588420,4.077489275,0.035556357
1609060470.278670073,-10.609602483,17.807658032,4.075641691,-10.615106743,17.819913283,4.080153564,0.014171981
1609060470.328602076,-10.691798783,17.819330600,4.078761972,-10.681661190,17.826144387,4.082318805,0.012722011
1609060470.379962206,-10.776681908,17.828610910,4.079402251,-10.815588995,17.842415057,4.084482464,0.041594764
1609060470.428395987,-10.856332767,17.837900724,4.081437541,-10.880400523,17.847006377,4.087472652,0.026430898
1609060470.478901148,-10.932667941,17.839471371,4.082189031,-10.948860664,17.852120538,4.087950110,0.021340003
1609060470.534272194,-11.023278242,17.845348680,4.082409595,-11.016807465,17.854097043,4.088975804,0.012709048
1609060470.579819202,-11.095822769,17.850148530,4.082848037,-11.075871464,17.859720220,4.088238406,0.022775598
1609060470.629103184,-11.173598185,17.853379900,4.082795101,-11.204413268,17.864848829,4.088532452,0.033376981
1609060470.679993153,-11.253122449,17.854089639,4.082082944,-11.266912865,17.864624762,4.087440618,0.018162298
1609060470.733728170,-11.335015882,17.853188734,4.081304996,-11.337105380,17.864640012,4.086209972,0.012631570
1609060470.778460979,-11.401855248,17.852095731,4.080439531,-11.405431186,17.865183825,4.085359581,0.014432339
1609060470.828742981,-11.476219421,17.850275869,4.078463238,-11.469384622,17.862278387,4.083692656,0.014768945
1609060470.881497145,-11.552159005,17.845953867,4.075489734,-11.588042915,17.854633814,4.080310450,0.037232188
1609060470.927678108,-11.616979318,17.841974927,4.073824028,-11.646757947,17.850746163,4.078345573,0.031371097
1609060471.020473003,-11.742985824,17.830937954,4.069618031,-11.763253446,17.837131612,4.074045685,0.021650450
1609060471.085931063,-11.831547478,17.817179221,4.066729132,-11.874762272,17.823032063,4.069285357,0.043684190
1609060471.133906126,-11.895001334,17.808292949,4.064451283,-11.932035811,17.813579609,4.067144687,0.037506743
1609060471.179148197,-11.953466262,17.797447218,4.062411198,-11.991399867,17.800347692,4.065184323,0.038145267
1609060471.228013039,-12.016378917,17.785483718,4.060383423,-12.045102960,17.788847231,4.063063685,0.029044236
1609060471.278729200,-12.079844401,17.768963280,4.055748600,-12.095900932,17.778153859,4.060980571,0.019226348
1609060471.328710079,-12.141499991,17.753570894,4.053918578,-12.150925121,17.763664088,4.059754289,0.014992037
1609060471.380196095,-12.217334856,17.736739502,4.060142543,-12.258816463,17.729000596,4.056445076,0.042359009
1609060471.428129196,-12.277785997,17.719019618,4.060570903,-12.305847346,17.712432268,4.055623410,0.029245686
1609060471.479714155,-12.345578758,17.691948345,4.057377336,-12.355290462,17.693469998,4.054570448,0.010223074
1609060471.529009104,-12.406315225,17.668350452,4.057990165,-12.407237475,17.669817704,4.053797808,0.004536434
1609060471.582780123,-12.464161362,17.631275058,4.049723504,-12.453881723,17.647530233,4.053129313,0.019532057
1609060471.629180193,-12.517620014,17.601616745,4.048904026,-12.546968084,17.597288060,4.051314386,0.029763342
1609060471.679857016,-12.576788881,17.568692460,4.047122019,-12.591980429,17.570100165,4.049418208,0.015428455
1609060471.727349043,-12.630574051,17.535170377,4.044260652,-12.643922713,17.536417986,4.047530657,0.013799863
1609060471.778539181,-12.684958789,17.495445171,4.039701288,-12.691808206,17.502626394,4.044888284,0.011197741
1609060471.828935146,-12.738991920,17.454581173,4.036409014,-12.735226475,17.468687474,4.042493025,0.015817127
1609060471.880558014,-12.793284727,17.409563244,4.032894730,-12.781383472,17.431120208,4.040470128,0.025762943
1609060471.928007126,-12.841799718,17.366788675,4.030806952,-12.865698634,17.355021569,4.035765813,0.027096370
1609060471.979415178,-12.892077281,17.317767475,4.030564336,-12.904153746,17.315089840,4.033690814,0.012758746
1609060472.028941154,-12.939178171,17.267740494,4.028579330,-12.943366789,17.272942420,4.030817875,0.007043837
1609060472.082103014,-12.987228691,17.211373722,4.026504195,-12.984040498,17.226792189,4.028791151,0.015909867
1609060472.129687071,-13.029268728,17.158524522,4.025002331,-13.058477580,17.132398251,4.024476668,0.039192032
1609060472.179258108,-13.070584947,17.101835725,4.021748864,-13.095002441,17.082018473,4.023289181,0.031485077
1609060472.227492094,-13.110358268,17.045152325,4.019933546,-13.129765215,17.031218419,4.020954650,0.023912883
1609060472.279079199,-13.152322819,16.983012432,4.015932646,-13.165804239,16.977267192,4.018565950,0.014889283
1609060472.329487085,-13.190789901,16.919863811,4.014224686,-13.198210148,16.923527987,4.016936766,0.008708710
1609060472.381889105,-13.229038500,16.851804047,4.012416416,-13.263027144,16.810728653,4.016176993,0.053446776
1609060472.429280996,-13.263032657,16.789582446,4.011857096,-13.295769871,16.752006054,4.014728638,0.049919497
1609060472.480375051,-13.309402629,16.713146332,4.006444286,-13.325890175,16.693925766,4.014050814,0.026441040
1609060472.526813030,-13.343944190,16.648089482,4.004704166,-13.357897318,16.628792163,4.013727130,0.025465470
1609060472.580457211,-13.381171236,16.567554676,4.007096553,-13.391863854,16.560793847,4.012284785,0.013673282
1609060472.628858089,-13.415856396,16.495721037,4.006098142,-13.419216977,16.503495159,4.010881634,0.009726884
1609060472.680225134,-13.444408503,16.420305721,4.007644496,-13.471836112,16.381297489,4.011099475,0.047810592
1609060472.726508141,-13.475265951,16.349995153,4.008477006,-13.500065536,16.316798384,4.010673743,0.041495428
1609060472.778885126,-13.509863699,16.269982814,4.008057311,-13.527138203,16.254659280,4.010037857,0.023176319
1609060472.828325987,-13.539732800,16.195201254,4.009848482,-13.550963834,16.194571055,4.009816986,0.011248745
1609060472.881620169,-13.572344448,16.115773269,4.010354278,-13.573186475,16.134299808,4.010820654,0.018551528
1609060472.928589106,-13.600411751,16.045707851,4.011134520,-13.622654266,16.010790353,4.013017523,0.041442814
1609060472.979053020,-13.628608169,15.973552810,4.012661733,-13.647296342,15.946717969,4.013580391,0.032713917
1609060473.028273106,-13.656192867,15.901627383,4.014026404,-13.669269812,15.885904316,4.016082454,0.020553556
1609060473.079199076,-13.683200843,15.828014344,4.014542108,-13.692742335,15.824451124,4.017837622,0.010705000
1609060473.127213001,-13.708941350,15.758509186,4.017295115,-13.716994343,15.763619272,4.020416241,0.010035193
1609060473.180847168,-13.736828219,15.680769791,4.023149017,-13.758835505,15.643297116,4.025682750,0.043530929
1609060473.228025198,-13.759722197,15.615121469,4.026736652,-13.778090577,15.588176855,4.028614797,0.032664002
1609060473.279670000,-13.783540573,15.544206652,4.027768233,-13.800297334,15.527322086,4.032037056,0.024168170
1609060473.329110146,-13.806139431,15.477828948,4.031282162,-13.820307195,15.469661751,4.034377734,0.016643654
1609060473.380846024,-13.829106234,15.409084701,4.035673822,-13.835462356,15.419139627,4.037724621,0.012070941
1609060473.428627014,-13.848431811,15.348626581,4.038851206,-13.870924459,15.309350387,4.043785290,0.045528934
1609060473.479654074,-13.866299686,15.283160350,4.044540902,-13.887641470,15.258384670,4.046199945,0.032742304
1609060473.528223991,-13.883866501,15.223401379,4.047290808,-13.903700121,15.201379134,4.049365516,0.029709530
1609060473.579666138,-13.904986039,15.154439442,4.052929673,-13.919691890,15.144488972,4.051641478,0.017802623
1609060473.629147053,-13.921582304,15.094785751,4.055591665,-13.935862675,15.092483908,4.053998730,0.014552145
1609060473.680805206,-13.937232252,15.031513674,4.056763110,-13.960110003,14.999357918,4.056254290,0.039466987
1609060473.728483200,-13.950835364,14.977158453,4.057921102,-13.971128108,14.953992888,4.057634593,0.030798068
1609060473.778892040,-13.959901767,14.925691077,4.058088148,-13.980155668,14.910468594,4.059712587,0.025388645
1609060473.832645178,-13.972400608,14.868977134,4.060747934,-13.991371917,14.869005473,4.061388272,0.018982134
1609060473.888217211,-13.983239198,14.813474057,4.063408589,-14.003847868,14.790641485,4.065875915,0.030856625
1609060473.933340073,-13.990850063,14.771791826,4.065414194,-14.010666967,14.753786209,4.067941392,0.026894211
1609060473.979749203,-13.997650305,14.730096452,4.067482399,-14.014951386,14.717729534,4.070527284,0.021483468
1609060474.028207064,-14.003023268,14.688619747,4.069058678,-14.019361168,14.682774786,4.072408931,0.017672430
1609060474.084556103,-14.007698689,14.641894944,4.070496230,-14.020854953,14.650138367,4.074540783,0.016043681
1609060474.137107134,-14.009395652,14.603195418,4.073415609,-14.025667367,14.586728158,4.077712373,0.023545732
1609060474.179860115,-14.010086176,14.573226061,4.075717246,-14.025748220,14.560825081,4.081759794,0.020870945
1609060474.228349209,-14.010219691,14.541077106,4.079167584,-14.023774947,14.533542733,4.084634951,0.016443960
1609060474.277875185,-14.010401891,14.509647873,4.083552488,-14.021794988,14.507206336,4.087198654,0.012208943
1609060474.327560186,-14.008087128,14.480196261,4.086763502,-14.021318301,14.482493515,4.089954925,0.013803134
1609060474.380293131,-14.006081813,14.451126420,4.088138837,-14.014118083,14.434949908,4.093484739,0.018837193
1609060474.427479029,-14.002492426,14.426616762,4.090829062,-14.011067223,14.414863738,4.098026221,0.016231445
1609060474.477905989,-13.995545577,14.401930997,4.092441331,-14.006580471,14.393281400,4.100027114,0.015941408
1609060474.528779030,-13.989689496,14.378686054,4.094660589,-14.001592375,14.373383812,4.102847727,0.015389006
1609060474.581426144,-13.985766002,14.356264007,4.106240930,-13.996619227,14.355016105,4.104752758,0.011025625
1609060474.629651070,-13.979795290,14.337090477,4.109007091,-13.985741648,14.319108007,4.107640755,0.018989347
1609060474.680217981,-13.974304057,14.312387364,4.114762909,-13.979259680,14.301975044,4.108063859,0.013336112
1609060474.727298021,-13.968181152,14.294317550,4.117623237,-13.973156151,14.286299390,4.109512838,0.012442672
1609060474.781194210,-13.959582144,14.274544656,4.116207726,-13.966073965,14.269666376,4.110045731,0.010193701
1609060474.828670979,-13.952341605,14.257028674,4.117975346,-13.959446714,14.254123271,4.110609511,0.010638584
1609060474.881358147,-13.943161018,14.236238744,4.112327400,-13.946497172,14.221354501,4.111294736,0.015288459
1609060474.929676056,-13.936776005,14.220010215,4.113799553,-13.940152222,14.209850945,4.111709085,0.010907780
1609060475.000697136,-13.926427758,14.198295733,4.113923478,-13.927692325,14.185228897,4.112121935,0.013250921
1609060475.084722042,-13.913019777,14.167524722,4.110569043,-13.913809988,14.157170993,4.111357928,0.010413764
1609060475.126618147,-13.905966356,14.153097187,4.109426588,-13.906987768,14.143604330,4.111925074,0.009869146
1609060475.178278208,-13.898081314,14.137100788,4.109512781,-13.899927570,14.130198845,4.106531561,0.007741651
1609060475.229041100,-13.888974235,14.119898170,4.105584876,-13.893415937,14.117573142,4.103348160,0.005489752
1609060475.281843185,-13.879472823,14.102774683,4.101170269,-13.886450919,14.104037815,4.100305618,0.007144015
1609060475.328446150,-13.871762050,14.087599268,4.097706879,-13.872566287,14.078903022,4.095108499,0.009111700
1609060475.379393101,-13.864518117,14.071230883,4.093422208,-13.864996003,14.065017876,4.091533965,0.006511166
1609060475.430552006,-13.855418823,14.053306735,4.089037783,-13.858167314,14.050639175,4.088238118,0.003912742
1609060475.480121136,-13.847328095,14.037562826,4.084829819,-13.851217722,14.037065779,4.084712554,0.003923010
1609060475.529694080,-13.839139701,14.021373078,4.080876937,-13.836492985,14.009301047,4.077397265,0.012839282
1609060475.580530167,-13.830891510,14.006078793,4.078450181,-13.829131243,13.995193174,4.074071857,0.011864441
1609060475.623762131,-13.823180879,13.990811327,4.075076221,-13.821099587,13.980387139,4.070606212,0.011531541
1609060475.681043148,-13.812890167,13.971604780,4.069871590,-13.812960156,13.965269965,4.067552596,0.006746296
1609060475.730020046,-13.803278870,13.953556941,4.066343982,-13.805288989,13.951080963,4.064461476,0.003703359
1609060475.781841040,-13.790594302,13.933524377,4.066159727,-13.786692525,13.918612815,4.059651236,0.016731377
1609060475.829219103,-13.779492948,13.914772665,4.063704980,-13.777532357,13.902365164,4.056302695,0.014580254
1609060475.878290176,-13.767487676,13.893531639,4.056851187,-13.766835206,13.884574033,4.053378562,0.009629306
1609060475.927850008,-13.754273513,13.871639717,4.053514542,-13.756450633,13.866844714,4.050601714,0.006018013
1609060475.980598211,-13.738793426,13.847722623,4.048192128,-13.745772104,13.849469621,4.049057521,0.007245885
1609060476.029070139,-13.725422432,13.825105304,4.046423295,-13.722482320,13.811143094,4.045190096,0.014321605
1609060476.079783201,-13.710731667,13.800847248,4.044094067,-13.711439925,13.792853923,4.043589279,0.008040502
1609060476.149460077,-13.690117384,13.767329279,4.042320714,-13.697187826,13.770470525,4.042618681,0.007742568
1609060476.228608131,-13.663445579,13.724084669,4.039493981,-13.667240857,13.724382841,4.040805668,0.004026607
1609060476.282281160,-13.646015121,13.693770013,4.037441243,-13.638727810,13.678953540,4.039677242,0.016662307
1609060476.327225208,-13.629331967,13.667792999,4.036836081,-13.623205095,13.654690131,4.039571715,0.014720986
1609060476.372508049,-13.611186453,13.643397257,4.036485898,-13.607269895,13.629670779,4.040197568,0.014748970
1609060476.429035187,-13.589489197,13.609099270,4.037631268,-13.591956210,13.606203374,4.040651530,0.004857401
1609060476.480401039,-13.570195131,13.577161590,4.039967810,-13.574212843,13.580121462,4.041312478,0.005168267
1609060476.533285141,-13.548144941,13.542221039,4.040714386,-13.540221131,13.524442421,4.043096911,0.019609753
1609060476.579155207,-13.529322429,13.514755289,4.041390170,-13.521607165,13.495613115,4.043690787,0.020766341
1609060476.628695011,-13.508352356,13.481691233,4.042346815,-13.502461155,13.466386335,4.044612284,0.016555316
1609060476.680046082,-13.487045467,13.447825732,4.043419653,-13.484326434,13.437246006,4.045007077,0.011038282
1609060476.728375196,-13.465805582,13.414859347,4.044921359,-13.465394304,13.408219112,4.046683240,0.006882303
1609060476.779676199,-13.444311227,13.380160851,4.047252199,-13.445834913,13.377282530,4.047813786,0.003304804
1609060476.828135014,-13.422487399,13.346124171,4.048263712,-13.408493156,13.317060955,4.049368529,0.032275843
1609060476.876777172,-13.398909810,13.308860471,4.048967713,-13.389349838,13.286905244,4.049056707,0.023946461
1609060476.927697182,-13.374821423,13.270931874,4.049673943,-13.367532244,13.253129591,4.049313102,0.019240157
1609060476.979966164,-13.349539874,13.230407629,4.047134424,-13.346476959,13.218031277,4.048948516,0.012878139
1609060477.029965162,-13.325444831,13.192088458,4.047209413,-13.326757907,13.186089671,4.049039504,0.006407718
1609060477.080779076,-13.301410853,13.152664393,4.045887826,-13.307588431,13.155507920,4.049000842,0.007479237
1609060477.126787186,-13.279825843,13.117314004,4.046220090,-13.269695624,13.095555300,4.049316368,0.024200196
1609060477.179460049,-13.255131550,13.078260525,4.045958357,-13.251035727,13.065034848,4.048691762,0.014112612
1609060477.227986097,-13.232838890,13.042756236,4.047302265,-13.232764614,13.035862598,4.048324713,0.006969444
1609060477.281500101,-13.208200186,13.003018971,4.047084435,-13.213933953,13.005124901,4.047846438,0.006155621
1609060477.332756996,-13.184721986,12.966406355,4.045215389,-13.178425963,12.948683142,4.048249867,0.019051516
1609060477.378741980,-13.163706806,12.933283434,4.043651022,-13.158464942,12.920159683,4.049062763,0.015132645
1609060477.428728104,-13.141034027,12.898001065,4.043373093,-13.142011634,12.889897579,4.048555569,0.009668519
1609060477.480911016,-13.118240445,12.862884082,4.044041489,-13.124095528,12.861472837,4.048564022,0.007531728
1609060477.529803991,-13.096548709,12.830624853,4.044287392,-13.086736172,12.807595241,4.048804166,0.025437181
1609060477.578423023,-13.075789867,12.799383040,4.045027037,-13.068913679,12.781215616,4.048482541,0.019730123
1609060477.627958059,-13.053819202,12.767768774,4.045021045,-13.051408999,12.754701386,4.049336104,0.013970878
1609060477.680728197,-13.032093032,12.736310889,4.046430828,-13.034108234,12.729321105,4.049325273,0.007829172
1609060477.723581076,-13.013916965,12.710896265,4.047000910,-13.016661228,12.704305508,4.049685741,0.007627409
1609060477.773975134,-12.993466075,12.681536898,4.047538109,-12.998556032,12.679148136,4.050447113,0.006330572
1609060477.828898191,-12.969899169,12.650982980,4.048086076,-12.962790049,12.633152081,4.050587946,0.019358200
1609060477.879162073,-12.948887898,12.624284378,4.051644849,-12.946304254,12.611192867,4.050575715,0.013386782
1609060477.927370071,-12.927955614,12.598809248,4.051824098,-12.926487979,12.587291644,4.050672430,0.011667711
1609060477.979067087,-12.903656562,12.569831936,4.051571303,-12.905966057,12.563435669,4.050821789,0.006841620
1609060478.028429985,-12.881211475,12.545218722,4.052248033,-12.887194338,12.542630954,4.050055023,0.006877535
1609060478.080372095,-12.857136078,12.519210982,4.048871568,-12.850452630,12.504634580,4.049879032,0.016067202
1609060478.126526117,-12.834910464,12.497402338,4.048742179,-12.830790247,12.485994047,4.049592386,0.012159283
1609060478.172044992,-12.812093028,12.476394236,4.047484536,-12.810763280,12.468266440,4.050430321,0.008746824
1609060478.225057125,-12.785531309,12.454270398,4.047278385,-12.792297177,12.452482472,4.050121739,0.007553695
1609060478.281713009,-12.756990046,12.431754630,4.046314457,-12.771696740,12.434932709,4.050130859,0.015522627
1609060478.329128027,-12.734338842,12.413957494,4.046604433,-12.729067523,12.404597432,4.048861101,0.010976800
1609060478.379383087,-12.708702136,12.395713903,4.045451573,-12.706260102,12.390376373,4.048958376,0.006837429
1609060478.427805185,-12.683131539,12.379066024,4.043974288,-12.683974610,12.375098946,4.047884458,0.005633640
1609060478.480800152,-12.655311164,12.362748053,4.042526322,-12.660937246,12.361446916,4.047180797,0.007416865
1609060478.528940201,-12.628542407,12.348462590,4.041701717,-12.636806545,12.349232098,4.046659183,0.009667708
1609060478.580368996,-12.600417198,12.335727834,4.041145324,-12.611739076,12.336910856,4.045987785,0.012370687
1609060478.629499197,-12.571993791,12.323033748,4.040219973,-12.565232527,12.313687250,4.044880984,0.012441734
1609060478.680297136,-12.542051586,12.310775011,4.038991780,-12.539439430,12.304697437,4.043483386,0.007995923
1609060478.728594065,-12.513561593,12.300489423,4.036955788,-12.512611304,12.293077109,4.041206115,0.008597135
1609060478.779266119,-12.484354471,12.288853284,4.036284982,-12.483619270,12.282879596,4.039334161,0.006747070
1609060478.829585075,-12.453390958,12.278625711,4.034177865,-12.456404595,12.274833860,4.037894997,0.006105507
1609060478.880124092,-12.423029095,12.268685025,4.029007959,-12.406298394,12.259198951,4.033978482,0.019864745
1609060478.926433086,-12.394212116,12.260649183,4.026660331,-12.380540210,12.251524632,4.032410905,0.017414005
1609060478.979730129,-12.362483981,12.251528985,4.026605631,-12.352502982,12.246555398,4.030510230,0.011815363
1609060479.029379129,-12.331877206,12.244328586,4.024275971,-12.325874502,12.240513587,4.028312538,0.008178052
1609060479.080957174,-12.297685193,12.233631609,4.022291431,-12.299375890,12.233971905,4.026122219,0.004201094
1609060479.130403042,-12.266009124,12.225991445,4.020193030,-12.244716054,12.225118620,4.022010482,0.021388310
1609060479.180795193,-12.232783688,12.220568480,4.018557490,-12.217955937,12.220069298,4.019848416,0.014892209
1609060479.228103161,-12.201649869,12.214004964,4.016866110,-12.192063963,12.214390387,4.018245618,0.009692326
1609060479.282148123,-12.166614650,12.214126474,4.012869148,-12.165310551,12.210257518,4.016957177,0.005777672
1609060479.328881025,-12.136472194,12.210266967,4.010506083,-12.137743665,12.207177523,4.015395613,0.005921892
1609060479.380424023,-12.102355888,12.204922460,4.008692917,-12.109821036,12.202916304,4.013807241,0.009268733
1609060479.428443193,-12.070323175,12.199805317,4.006731450,-12.056349523,12.193798852,4.010521044,0.015674872
1609060479.481338024,-12.035136240,12.193518183,4.004712746,-12.029657225,12.189946634,4.008790512,0.007707382
1609060479.528342009,-12.004466702,12.188375736,4.003131909,-11.999864816,12.184903280,4.006515303,0.006684509
1609060479.579895020,-11.971447266,12.182272949,4.002127956,-11.970346174,12.178705959,4.004582104,0.004467511
1609060479.629096031,-11.939157007,12.176158625,4.000398204,-11.942167231,12.173812753,4.003042781,0.004643097
1609060479.680663109,-11.906444157,12.169883728,3.998034878,-11.888098214,12.163276990,3.999959126,0.019594014
1609060479.729127169,-11.873867954,12.162547472,3.996796056,-11.860552175,12.156667313,3.998336642,0.014637610
1609060479.779810190,-11.840501190,12.154377762,3.995891146,-11.832197984,12.149453854,3.996981710,0.009714804
1609060479.828247070,-11.807336968,12.145656129,3.994367776,-11.803976178,12.143229362,3.995407244,0.004273711
1609060479.881755114,-11.771460176,12.136163704,3.989943735,-11.774767097,12.133774033,3.993221418,0.005233494
1609060479.928881168,-11.737277765,12.124896982,3.987800581,-11.713616673,12.114148324,3.988716143,0.026004215
1609060479.979612112,-11.702451229,12.113288344,3.985677041,-11.681226791,12.103789019,3.987157651,0.023300347
1609060480.028473139,-11.666820144,12.100442935,3.983819401,-11.650266735,12.091025486,3.985599621,0.019127805
1609060480.078821182,-11.630294892,12.086753386,3.982232610,-11.619391485,12.077898145,3.983951036,0.014151062
1609060480.128672123,-11.592569945,12.071697513,3.981221541,-11.586265950,12.065837707,3.982330912,0.008678040
1609060480.181447983,-11.549699481,12.049781203,3.979140980,-11.552848902,12.051269400,3.981925619,0.004459574
1609060480.227405071,-11.511781435,12.032009227,3.978398138,-11.485901127,12.019138439,3.979744655,0.028935457
1609060480.277834177,-11.469042325,12.011477750,3.977737440,-11.452397264,12.003614220,3.979871944,0.018532384
1609060480.328183174,-11.425067598,11.989277619,3.977325364,-11.413782370,11.984162039,3.979968862,0.012669397
1609060480.379876137,-11.381366415,11.969746996,3.977109901,-11.373318023,11.962508832,3.979407735,0.011065608
1609060480.429113150,-11.338437869,11.948170247,3.977802077,-11.336690707,11.941468307,3.979333334,0.007093188
1609060480.480789185,-11.290851405,11.922222917,3.977835461,-11.264264216,11.902556860,3.979370191,0.033105707
1609060480.532296181,-11.245703100,11.895142823,3.977660169,-11.226443903,11.880338978,3.978975391,0.024326946
1609060480.580609083,-11.200786580,11.869422572,3.977444573,-11.189014603,11.857173439,3.978992116,0.017059179
1609060480.629172087,-11.155084355,11.842360097,3.977130519,-11.149916284,11.834673324,3.979191980,0.009489208
1609060480.680544138,-11.108362473,11.813502982,3.977037200,-11.110430713,11.810585963,3.980010201,0.004650307
1609060480.729022980,-11.063441871,11.786270041,3.977846951,-11.033952981,11.762078436,3.980936791,0.038267160
1609060480.779507160,-11.017375361,11.758006522,3.979166165,-10.995165596,11.738581800,3.982083797,0.029649723
1609060480.830286980,-10.969499092,11.728442994,3.980468339,-10.954728211,11.713770087,3.983358097,0.021019606
1609060480.878767014,-10.924149213,11.700571440,3.981243214,-10.915174620,11.688267876,3.984199345,0.015513211
1609060480.928699017,-10.876488513,11.670757307,3.981712052,-10.875412905,11.662899551,3.984612285,0.008444680
1609060480.981075048,-10.828769118,11.640334623,3.982145604,-10.833068462,11.637851172,3.985626409,0.006063653
1609060481.028006077,-10.783275902,11.612108869,3.982115145,-10.754204915,11.586534758,3.985966879,0.038910066
1609060481.078581095,-10.737105585,11.583828376,3.981522776,-10.716089771,11.562247619,3.986463270,0.030525432
1609060481.128023148,-10.689446919,11.554803078,3.981671263,-10.671020045,11.534775818,3.987405565,0.027812283
1609060481.179006100,-10.643149140,11.527831363,3.984236979,-10.626166319,11.506887081,3.988011595,0.027227318
1609060481.229451180,-10.595628342,11.499436005,3.985060305,-10.586964763,11.480989307,3.988314277,0.020637990
1609060481.281218052,-10.542848926,11.465077995,3.986037995,-10.509069367,11.436273584,3.987731762,0.044425461
1609060481.326537132,-10.498491621,11.439187663,3.985742623,-10.470457059,11.411930148,3.987134415,0.039126026
1609060481.379728079,-10.445976873,11.407511911,3.986314057,-10.432287298,11.388210606,3.986330586,0.023663160
1609060481.444012165,-10.382700187,11.371579074,3.985034353,-10.354488964,11.345885585,3.983343141,0.038195401
1609060481.485725164,-10.348110177,11.353486056,3.981792152,-10.317274059,11.324303392,3.981890695,0.042455903
1609060481.527129173,-10.310450064,11.331697486,3.980844720,-10.280401860,11.303403995,3.980187773,0.041277691
1609060481.580744982,-10.258454057,11.303766172,3.978891128,-10.239581057,11.282504287,3.978230015,0.028437562
1609060481.628387213,-10.214292275,11.281113806,3.976019708,-10.201495082,11.262819917,3.977526421,0.022376432
1609060481.682008028,-10.163283377,11.255445130,3.974245394,-10.165845246,11.244474073,3.975859930,0.011381300
1609060481.727735043,-10.120351804,11.234407346,3.973034320,-10.089540556,11.207636776,3.973429811,0.040818535
1609060481.779087067,-10.074828292,11.211830060,3.971381629,-10.051577827,11.190682907,3.972825783,0.031462228
1609060481.828232050,-10.030483266,11.191243761,3.970632779,-10.015915614,11.172023363,3.972632710,0.024199998
1609060481.879717112,-9.986978583,11.171286326,3.969759282,-9.979683083,11.154517337,3.971584762,0.018378130
1609060481.933407068,-9.940831219,11.151199429,3.968836442,-9.944820724,11.139598803,3.970547652,0.012386239
1609060481.981904984,-9.899690568,11.133389264,3.967337320,-9.871339927,11.107118260,3.968944395,0.038684715
1609060482.028050184,-9.859607633,11.116264881,3.965844356,-9.837930347,11.092860865,3.967805235,0.031960878
1609060482.081947088,-9.816402948,11.097819966,3.965034975,-9.801905392,11.078169333,3.966951814,0.024494914
1609060482.128210068,-9.777576706,11.082502598,3.963470820,-9.764152717,11.065060708,3.965917835,0.022145223
1609060482.180625200,-9.737409997,11.065910213,3.963456308,-9.728698846,11.049866430,3.964520143,0.018287124
1609060482.228815079,-9.698223612,11.050210735,3.961449378,-9.662180914,11.024853684,3.961400033,0.044068793
1609060482.279059172,-9.660610593,11.035894063,3.959840166,-9.628162810,11.013073975,3.960015166,0.039669203
1609060482.327528000,-9.622535697,11.021315568,3.957828125,-9.597268154,10.999560327,3.958785578,0.033356498
1609060482.380026102,-9.576653004,11.002887785,3.955370604,-9.565082451,10.986979553,3.957169865,0.019753149
1609060482.429511070,-9.537006964,10.987814809,3.953160283,-9.533243198,10.976951878,3.955528093,0.011737791
1609060482.482517004,-9.496154602,10.972299353,3.949286899,-9.472221482,10.952889090,3.952312117,0.030962954
1609060482.527718067,-9.460810185,10.959219847,3.946841929,-9.442837814,10.941371723,3.950525407,0.025595501
1609060482.621788979,-9.402006039,10.935875227,3.943756997,-9.386381766,10.922005550,3.946547871,0.021077828
1609060482.734424114,-9.327506671,10.907656733,3.939532963,-9.304027480,10.890338275,3.940145934,0.029181795
1609060482.779277086,-9.297691052,10.895910425,3.937343413,-9.277087624,10.879728351,3.938491178,0.026223618
1609060482.828587055,-9.266775877,10.883073176,3.935489515,-9.251711446,10.868206859,3.937515106,0.021261408
1609060482.881298065,-9.236441762,10.869730423,3.933654995,-9.226499942,10.857520575,3.936725470,0.016042069
1609060482.930871010,-9.207182925,10.856787317,3.934232006,-9.201621414,10.846945156,3.936235651,0.011480990
1609060482.980209112,-9.179277229,10.843163129,3.935541110,-9.177094190,10.834469736,3.935823904,0.008967760
1609060483.028465986,-9.152115341,10.829196545,3.935791603,-9.131786665,10.810125296,3.936511697,0.027883439
1609060483.081049204,-9.126138865,10.815322675,3.936340655,-9.109259597,10.798393932,3.937307176,0.023925430
1609060483.128555059,-9.099909618,10.801680510,3.937241374,-9.087461944,10.785720743,3.938027021,0.020255271
1609060483.180977106,-9.076416567,10.786315117,3.936564603,-9.067135215,10.772056621,3.939717917,0.017302936
1609060483.230127096,-9.050947231,10.770338678,3.937592545,-9.025205234,10.745120661,3.941946260,0.036298121
1609060483.281493187,-9.027129990,10.754024189,3.939897729,-9.005315757,10.729472295,3.942899728,0.032979817
1609060483.328428030,-9.003351172,10.737099769,3.941030797,-8.985765768,10.713795537,3.943744573,0.029320610
1609060483.378969193,-8.981938411,10.717190217,3.944727400,-8.964424604,10.695402434,3.945595847,0.027967751
1609060483.430318117,-8.957373489,10.695298254,3.946104032,-8.944796429,10.676454110,3.946079115,0.022655790
1609060483.480869055,-8.934376781,10.669290947,3.948490569,-8.908422335,10.637174330,3.949090438,0.041297339
1609060483.528273106,-8.911182509,10.645112959,3.950290574,-8.889367281,10.615454339,3.950547590,0.036818527
1609060483.579897165,-8.889747328,10.615694352,3.951553794,-8.870676272,10.592916867,3.951510873,0.029707252
1609060483.628494024,-8.866290327,10.587472204,3.952582819,-8.853515021,10.570814673,3.952113491,0.020997668
1609060483.682538033,-8.844430469,10.552776909,3.952147406,-8.835253287,10.545678987,3.952385261,0.011604213
1609060483.730038166,-8.823608406,10.522859842,3.952488899,-8.799468317,10.492412999,3.952486464,0.038855555
1609060483.772054195,-8.804236861,10.494406005,3.952412876,-8.781147850,10.462740585,3.952861262,0.039191865
1609060483.822942019,-8.782837949,10.458811817,3.952683620,-8.763033657,10.432252508,3.952423104,0.033131175
1609060483.874164104,-8.761535024,10.420999671,3.952230412,-8.745532867,10.401142080,3.952214744,0.025502808
1609060483.923398018,-8.739682577,10.382887702,3.951433028,-8.728318705,10.368127975,3.951181701,0.018629286
1609060483.980666161,-8.717388061,10.337623399,3.951015263,-8.711051327,10.334463936,3.951132807,0.007081682
1609060484.028288126,-8.697143221,10.299620049,3.950716355,-8.677509631,10.267582986,3.948879237,0.037619493
1609060484.081130028,-8.675548402,10.256649402,3.951023594,-8.659976527,10.233109138,3.947452258,0.028449635
1609060484.131193161,-8.654009839,10.214539111,3.948451752,-8.641806082,10.197063361,3.946091134,0.021445421
1609060484.179687977,-8.634038609,10.172795353,3.945240073,-8.624951820,10.161546777,3.943471959,0.014567993
1609060484.229885101,-8.611304229,10.127411552,3.942127596,-8.591633182,10.085807498,3.937734296,0.046229304
1609060484.281463146,-8.593255052,10.081488264,3.938139759,-8.575615625,10.047517557,3.934838615,0.038419473
1609060484.329643011,-8.571312505,10.038470194,3.934316485,-8.557503770,10.010142557,3.931710434,0.031621633
1609060484.380283117,-8.550716400,9.993676961,3.928669406,-8.539726041,9.970428978,3.927744522,0.025731540
1609060484.429648161,-8.527921673,9.949971462,3.923836253,-8.520713214,9.932222818,3.923717974,0.019156989
1609060484.481362104,-8.507557174,9.906487934,3.918157756,-8.485348972,9.860284969,3.913487593,0.051475515
1609060484.534080029,-8.482398673,9.860719436,3.911408663,-8.465844048,9.823479896,3.909207882,0.040812772
1609060484.579492092,-8.457703519,9.816325715,3.908367088,-8.445874587,9.787289274,3.904641864,0.031573974
1609060484.629556179,-8.430072280,9.772959915,3.901851539,-8.426386134,9.752552591,3.899379014,0.020884442
1609060484.681941986,-8.401985863,9.727518691,3.892273907,-8.404538803,9.716727671,3.893120933,0.011121199
1609060484.730236053,-8.372034765,9.686718408,3.885959528,-8.358504373,9.648477993,3.882941262,0.040675678
1609060484.779811144,-8.345267361,9.645976637,3.878343631,-8.334155803,9.614862451,3.877498237,0.033049569
1609060484.828018188,-8.317252793,9.607390026,3.872652766,-8.310488819,9.583953244,3.872401643,0.024394614
1609060484.878533125,-8.284856309,9.567819452,3.865900301,-8.284659860,9.552438962,3.866270225,0.015386192
1609060484.930534124,-8.253171995,9.531246146,3.860462547,-8.258595598,9.522264639,3.860917812,0.010501914
1609060484.981159210,-8.218365913,9.495070670,3.853520845,-8.201685982,9.462780897,3.850185817,0.036496190
1609060485.028194189,-8.184014974,9.463194147,3.846509324,-8.173891837,9.437525537,3.844716398,0.027650860
1609060485.079768181,-8.147632171,9.430661009,3.838019280,-8.141601034,9.410360960,3.839558141,0.021232869
1609060485.129080057,-8.110559277,9.399798022,3.831057021,-8.111788502,9.384590871,3.834359764,0.015610142
1609060485.180635214,-8.073472119,9.369657919,3.823723006,-8.080096755,9.361291910,3.829773832,0.012267371
1609060485.228953123,-8.034939808,9.342498971,3.818393730,-8.012490530,9.315549947,3.820647946,0.035146856
1609060485.278696060,-7.995376706,9.315855602,3.813071608,-7.978540199,9.294278813,3.816176295,0.027543872
1609060485.329076052,-7.950875591,9.290392424,3.807152983,-7.939587888,9.270232055,3.811482029,0.023507304
1609060485.380200148,-7.908212747,9.265508321,3.801664677,-7.897551065,9.248075658,3.806257484,0.020944285
1609060485.430720091,-7.861931668,9.242250831,3.796326357,-7.858177151,9.229537444,3.801843100,0.014358311
1609060485.481105089,-7.819687160,9.221021139,3.792686865,-7.782924955,9.194484314,3.792221594,0.045341805
1609060485.527322054,-7.775235364,9.201980537,3.788340062,-7.742812601,9.177606777,3.788596222,0.040563301
1609060485.581003189,-7.727251673,9.182217414,3.783584326,-7.701232046,9.162221939,3.784463481,0.032827016
1609060485.629459143,-7.680010212,9.164627990,3.779429451,-7.662795330,9.148558324,3.779680847,0.023550999
1609060485.682391167,-7.623916231,9.144459232,3.769238111,-7.622143996,9.133002781,3.775263008,0.013064856
1609060485.728686094,-7.575790107,9.129231816,3.764662528,-7.538087038,9.107511194,3.768548534,0.043685328
1609060485.780714035,-7.524792805,9.111711111,3.757067928,-7.496793957,9.094202303,3.765007939,0.033963769
1609060485.828873158,-7.474557959,9.096506884,3.752093473,-7.459639856,9.080741964,3.762185005,0.023935778
1609060485.880715132,-7.425415644,9.080118250,3.753491780,-7.421341483,9.069009773,3.759105509,0.013096221
1609060485.935539007,-7.371136829,9.064381072,3.749618116,-7.337651989,9.045807272,3.752291114,0.038384443
1609060485.979164124,-7.325889977,9.051177083,3.745457090,-7.298118824,9.032985234,3.748203071,0.033312471
1609060486.027441025,-7.279438523,9.036901839,3.743000691,-7.256907813,9.020928261,3.744767139,0.027675050
1609060486.080199003,-7.227033665,9.020906245,3.738090203,-7.214522428,9.009527260,3.740916001,0.017146355
1609060486.128912210,-7.179315483,9.006025353,3.731963764,-7.173984392,8.997515567,3.735886716,0.010780841
1609060486.179495096,-7.131792929,8.991090371,3.723702524,-7.133882313,8.983960136,3.729284290,0.009293110
1609060486.228121042,-7.085835245,8.976117793,3.715417517,-7.054993860,8.959607415,3.715530383,0.034982801
1609060486.281726122,-7.038915179,8.957966735,3.705838316,-7.017325622,8.945290994,3.708584052,0.025185759
1609060486.327965021,-6.997753508,8.941477971,3.697876922,-6.979113830,8.929457382,3.699991166,0.022280085
1609060486.380213022,-6.954294593,8.922324716,3.689724709,-6.944426724,8.914316270,3.693488470,0.013254281
1609060486.428727150,-6.911228531,8.902509994,3.680610213,-6.868163707,8.880817030,3.677118050,0.048346241
1609060486.481432199,-6.869442067,8.881267094,3.670858084,-6.832778552,8.861580924,3.668698977,0.041670377
1609060486.527513027,-6.830931709,8.860404661,3.662482451,-6.799200688,8.842721579,3.661671039,0.036334659
1609060486.580152035,-6.790037088,8.838478434,3.655264084,-6.766059750,8.824531304,3.654215934,0.027758490
1609060486.629222155,-6.750448912,8.815316692,3.646483174,-6.732426155,8.803805581,3.646249966,0.021386440
1609060486.680812120,-6.713528693,8.790502234,3.638453493,-6.669589591,8.760030715,3.631139835,0.053968951
1609060486.728094101,-6.677175525,8.764759096,3.630540903,-6.636775732,8.735878215,3.623494883,0.050158698
1609060486.779956102,-6.635219308,8.730375111,3.622020663,-6.606423444,8.710487059,3.615797431,0.035545253
1609060486.829302073,-6.597536070,8.699161444,3.614123857,-6.577443845,8.684411453,3.608521320,0.025546980
1609060486.881893158,-6.559663434,8.662368119,3.603178096,-6.546452092,8.656970747,3.601030440,0.014432035
1609060486.933675051,-6.520592931,8.625397384,3.594794583,-6.491357201,8.601440790,3.588721826,0.038282172
1609060486.980293036,-6.488561867,8.590277905,3.585748464,-6.465132605,8.573442784,3.582909846,0.028989815
1609060487.030152082,-6.456784982,8.556347863,3.579468719,-6.438449333,8.545723325,3.575988339,0.021475332
1609060487.081585169,-6.421177358,8.517562777,3.571970010,-6.411760437,8.514482163,3.570225597,0.010060396
1609060487.134253025,-6.389720591,8.477016568,3.564212009,-6.358500440,8.450889116,3.558405280,0.041122496
1609060487.179390192,-6.360024958,8.441237701,3.557720193,-6.333220786,8.416318453,3.553241169,0.036871320
1609060487.229357004,-6.328896767,8.400058016,3.551232982,-6.307257259,8.380925521,3.548038221,0.029060749
1609060487.281926155,-6.298412868,8.356396139,3.545488156,-6.283241945,8.346868217,3.543570575,0.018017084
1609060487.332370996,-6.269447186,8.314923961,3.540439508,-6.260375088,8.313987289,3.539288777,0.009192634
1609060487.381510019,-6.242281684,8.273466437,3.535696279,-6.212722579,8.241729897,3.531655996,0.043557691
1609060487.429805994,-6.214810247,8.232937868,3.530735339,-6.191704918,8.208291041,3.527330246,0.033954631
1609060487.481407166,-6.186802455,8.189805001,3.524977042,-6.169244574,8.171961269,3.523854794,0.025058679
1609060487.531018019,-6.158908211,8.147277122,3.519488448,-6.147733047,8.136014923,3.519448095,0.015865782
1609060487.573276997,-6.140317826,8.113247339,3.515221204,-6.127121995,8.101388417,3.516156076,0.017766203
1609060487.623480082,-6.112801620,8.070432619,3.509484133,-6.085312408,8.029205903,3.506886530,0.049619013
1609060487.680495024,-6.085414423,8.022375472,3.503673535,-6.065334830,7.994335525,3.502491355,0.034508350
1609060487.728843212,-6.059533817,7.981784140,3.497930044,-6.043692740,7.954510652,3.497820199,0.031540370
1609060487.780599117,-6.036869434,7.937912032,3.491221751,-6.021345708,7.913220648,3.492399990,0.029189703
1609060487.831240177,-6.011713950,7.894845180,3.484923237,-6.001011372,7.876785315,3.488004589,0.021217884
1609060487.881911993,-5.984787355,7.847475105,3.478036719,-5.965532057,7.807299020,3.477871129,0.044552348
1609060487.928303003,-5.961206198,7.807314370,3.471815821,-5.946384743,7.771130320,3.472727495,0.039112557
1609060487.979984045,-5.940397864,7.759985140,3.463712532,-5.928009516,7.735311417,3.467588960,0.027879930
1609060488.029487133,-5.915730406,7.716487736,3.456803470,-5.911495457,7.701105023,3.462062055,0.016799267
1609060488.082446098,-5.898248700,7.669027910,3.450039135,-5.893041116,7.665715801,3.455951502,0.008546641
1609060488.130092144,-5.879869086,7.628305902,3.442301452,-5.859080849,7.597848177,3.443749693,0.036904217
1609060488.181658030,-5.857266131,7.583370856,3.433778394,-5.842178755,7.561548312,3.436836036,0.026705833
1609060488.228613138,-5.837738678,7.545082229,3.426848909,-5.825536470,7.527431117,3.430766567,0.021812924
1609060488.281764984,-5.815012962,7.500294043,3.418341483,-5.810332436,7.495488853,3.424337589,0.008997248
1609060488.328850031,-5.796576600,7.461652524,3.411423199,-5.778542129,7.427676684,3.410820844,0.038470283
1609060488.380331039,-5.778879424,7.420838072,3.404801720,-5.763198586,7.394705826,3.404531221,0.030477141
1609060488.429883003,-5.759556101,7.381531987,3.397906741,-5.747615781,7.360990016,3.398553666,0.023768936
1609060488.480764151,-5.740579604,7.341988923,3.391060367,-5.732062451,7.327814694,3.392068875,0.016567068
1609060488.535542011,-5.721520252,7.299378388,3.379190102,-5.716439310,7.294587994,3.385679762,0.009533076
1609060488.580343008,-5.705291486,7.264497992,3.371414472,-5.701216954,7.260835100,3.379015028,0.009369473
1609060488.629785061,-5.685323032,7.227247196,3.364099258,-5.669968747,7.196793478,3.367269662,0.034252510
1609060488.681182146,-5.668505827,7.190606713,3.360766700,-5.654970632,7.167440152,3.362475348,0.026885135
1609060488.733952999,-5.647042148,7.152963953,3.354569293,-5.638226826,7.136649964,3.357135765,0.018720121
1609060488.780320168,-5.629657399,7.119429411,3.349032924,-5.621209410,7.108034582,3.351963283,0.014484393
1609060488.830223083,-5.607143029,7.085486159,3.342952514,-5.588601716,7.051426909,3.341553805,0.038804242
1609060488.878646135,-5.591368509,7.054066313,3.335763155,-5.572802076,7.022984039,3.336429022,0.036211373
1609060488.926599026,-5.571530575,7.020534555,3.330258594,-5.556392503,6.993312027,3.331676372,0.031180720
1609060488.980388165,-5.547726136,6.979897494,3.320551132,-5.538552151,6.961617749,3.327407359,0.021571252
1609060489.026468992,-5.526759933,6.948362540,3.315498984,-5.521296244,6.932821950,3.323077537,0.018132742
1609060489.085741043,-5.503563486,6.905788775,3.309560320,-5.487245798,6.878157334,3.316173304,0.032764234
1609060489.127518177,-5.483881084,6.876696367,3.306582883,-5.471245054,6.848236076,3.314171235,0.032050593
1609060489.181252003,-5.462568360,6.838233419,3.308501346,-5.449637553,6.821695288,3.312409112,0.021353833
1609060489.229586124,-5.443033174,6.804477436,3.306441524,-5.431805035,6.795126939,3.309816691,0.014996488
1609060489.282239199,-5.417368251,6.767315452,3.303801078,-5.412671658,6.766252711,3.307865452,0.006301313
1609060489.327752113,-5.395446580,6.737326719,3.302541584,-5.374285211,6.712195045,3.304337097,0.032903319
1609060489.379934072,-5.368306043,6.701862162,3.300258776,-5.352958623,6.684064009,3.302681403,0.023625975
1609060489.424185991,-5.344146660,6.672586950,3.298232373,-5.331821177,6.657719900,3.301335282,0.019559518
1609060489.474608183,-5.318412086,6.641031394,3.294146216,-5.310724730,6.632402964,3.299747721,0.012842200
1609060489.524008036,-5.291076683,6.608387828,3.291952343,-5.288378829,6.605264092,3.298176471,0.007468327
1609060489.573360205,-5.265704451,6.576787881,3.290879836,-5.244007017,6.552198943,3.293848156,0.032927275
1609060489.623059988,-5.236301211,6.544879040,3.288529883,-5.220853251,6.525239291,3.292310368,0.025271550
1609060489.680881023,-5.206510793,6.510233641,3.286236665,-5.196836090,6.498616568,3.290439871,0.015691501
1609060489.728197098,-5.176222154,6.481151154,3.283764566,-5.171072675,6.472104797,3.288377159,0.011385505
1609060489.780966043,-5.148234196,6.450557468,3.281500301,-5.145556105,6.445607461,3.287110909,0.007946928
1609060489.828963041,-5.117411371,6.422059454,3.279322881,-5.094206085,6.394548398,3.283454418,0.036227243
1609060489.879400015,-5.088241657,6.393486362,3.275323179,-5.069356790,6.371914698,3.281176441,0.029261503
1609060489.928678036,-5.055383963,6.365957374,3.272419358,-5.039568910,6.345237581,3.278820593,0.026840296
1609060489.979420185,-5.024313826,6.339524215,3.272683409,-5.008979415,6.319112248,3.276149091,0.025764384
1609060490.031026125,-4.987762514,6.312823083,3.270709445,-4.979154948,6.296846912,3.274506050,0.018540292
1609060490.081745148,-4.948026165,6.284068596,3.267276408,-4.920770405,6.256461726,3.271319901,0.039004686
1609060490.129084110,-4.910541299,6.260844092,3.265379018,-4.890651640,6.235903862,3.269643582,0.032183848
1609060490.180391073,-4.873531430,6.233225221,3.262656277,-4.858946253,6.216551980,3.267923294,0.022769844
1609060490.229308128,-4.834315613,6.209459118,3.260467568,-4.829154879,6.198588310,3.265969124,0.013231582
1609060490.280956984,-4.798549834,6.185667237,3.260417149,-4.798127351,6.179117359,3.263906102,0.007433182
1609060490.329324007,-4.762998881,6.164455999,3.258051276,-4.737125996,6.144259623,3.260644500,0.032924528
1609060490.380764008,-4.721353350,6.141460421,3.255670362,-4.704578608,6.126366826,3.258999347,0.022809882
1609060490.429780006,-4.684685379,6.121240016,3.254098811,-4.673989428,6.108368636,3.256992770,0.016983839
1609060490.481692076,-4.643234910,6.098845691,3.251859511,-4.643974691,6.092063533,3.255103839,0.007554509
1609060490.529579163,-4.607257287,6.077822932,3.249198281,-4.580072168,6.057053776,3.250287925,0.034228291
1609060490.579999208,-4.570442799,6.055763265,3.245106761,-4.549908138,6.038775231,3.247173730,0.026730843
1609060490.629163027,-4.533436442,6.034095907,3.241766746,-4.518577763,6.019855401,3.244313015,0.020737787
1609060490.681888103,-4.497121135,6.010165032,3.238447886,-4.486513198,6.001656765,3.241067926,0.013848594
1609060490.728027105,-4.462623604,5.988473301,3.234969290,-4.455806323,5.981659797,3.237316481,0.009920104
1609060490.781954050,-4.424085561,5.961369671,3.231016886,-4.424475296,5.960417708,3.233262668,0.002470154
1609060490.830234051,-4.388459691,5.936646927,3.226563024,-4.364142444,5.918985058,3.225773398,0.030064824
1609060490.882236004,-4.358128276,5.912268824,3.221242543,-4.335407688,5.896364443,3.221238267,0.027733995
1609060490.927493095,-4.326704451,5.885869161,3.216843602,-4.306368236,5.871916528,3.217383432,0.024668382
1609060490.979726076,-4.293360736,5.854604204,3.212709130,-4.277817629,5.846718609,3.213480964,0.017446104
1609060491.030094147,-4.258810300,5.822424312,3.208957023,-4.222620811,5.793021374,3.206499970,0.046693136
1609060491.081507206,-4.228697022,5.788911044,3.204871861,-4.195774182,5.764389555,3.203693240,0.041068309
1609060491.128799200,-4.197265059,5.756043821,3.202219656,-4.169106391,5.734753238,3.201251134,0.035314835
1609060491.179252148,-4.163439410,5.714774281,3.202002984,-4.142169490,5.701667794,3.199336802,0.025125645
1609060491.237707138,-4.125196569,5.667500587,3.200298479,-4.090340021,5.634459026,3.195204551,0.048297741
1609060491.285046101,-4.095531119,5.625445111,3.198538074,-4.064113771,5.597913761,3.192980909,0.042141512
1609060491.327813148,-4.066812066,5.587545700,3.197108388,-4.038490509,5.560351065,3.192400220,0.039545234
1609060491.379707098,-4.035770344,5.537404067,3.191839361,-4.013500261,5.522034509,3.191378276,0.027062751
1609060491.431063175,-4.006408864,5.490505377,3.191624658,-3.990229863,5.485691272,3.190550282,0.016914194
1609060491.483215094,-3.973788853,5.438703966,3.191676819,-3.965973521,5.445483800,3.191148958,0.010359740
1609060491.534535170,-3.943798368,5.387276173,3.194679665,-3.919041186,5.361370827,3.191977099,0.035934786
1609060491.580775023,-3.915645493,5.339554264,3.195567365,-3.895304886,5.317450666,3.193192675,0.030132183
1609060491.630144119,-3.887362715,5.288706430,3.195458203,-3.871596516,5.273114523,3.194094456,0.022215769
1609060491.681989193,-3.860084336,5.234889877,3.194564000,-3.849766553,5.228901869,3.195929593,0.012007403
1609060491.729292154,-3.834784163,5.185253902,3.195775408,-3.829133901,5.187650558,3.196400448,0.006169286
1609060491.782570124,-3.807962016,5.130338038,3.197770830,-3.784858974,5.098009120,3.199630126,0.039778970
1609060491.829774141,-3.782246790,5.081749590,3.199018070,-3.763925618,5.056209410,3.201103976,0.031501066
1609060491.882502079,-3.755707236,5.028310871,3.200378884,-3.741759376,5.011577996,3.203013489,0.021942495
1609060491.929095984,-3.730133508,4.980437768,3.201037192,-3.720992311,4.969665736,3.203921009,0.014419243
1609060491.981079102,-3.703642558,4.929416504,3.202129716,-3.700487900,4.928558717,3.204745271,0.004186740
1609060492.029659986,-3.675534366,4.881396693,3.202392425,-3.655129652,4.843308350,3.207089595,0.043464212
1609060492.080188990,-3.650353065,4.832182727,3.204034469,-3.633943006,4.803434333,3.207944615,0.033332408
1609060492.128679991,-3.622770586,4.785868913,3.204399845,-3.611002685,4.761478332,3.208347344,0.027367255
1609060492.182240009,-3.594602374,4.736123648,3.203100195,-3.589180966,4.723560605,3.208270828,0.014627275
1609060492.230466127,-3.566862667,4.692416179,3.202937135,-3.542692384,4.647225290,3.207833778,0.051481998
1609060492.279041052,-3.537155860,4.646782870,3.203941842,-3.518365525,4.610372105,3.208062725,0.041180119
1609060492.328356028,-3.505477306,4.604314553,3.203687038,-3.493402829,4.574662235,3.207848599,0.032285779
1609060492.380124092,-3.473271380,4.556904080,3.202531897,-3.466819070,4.539121285,3.207841168,0.019648115
1609060492.428395033,-3.439307172,4.517583003,3.202729424,-3.439471868,4.504566067,3.208018658,0.014051468
1609060492.484305143,-3.403964142,4.474550305,3.205084635,-3.385992000,4.443769429,3.209911273,0.035968829
1609060492.534708023,-3.369192656,4.437438562,3.206662588,-3.356648628,4.414114568,3.211132559,0.026857810
1609060492.579715014,-3.335426922,4.405283662,3.208576971,-3.326930996,4.384746394,3.213330199,0.022727809
1609060492.630504131,-3.299921067,4.372638674,3.210278074,-3.298351328,4.360258222,3.214631762,0.013217196
1609060492.682944059,-3.259376684,4.338359346,3.212920177,-3.266403364,4.332971734,3.216635948,0.009602476
1609060492.730010033,-3.222657536,4.310002749,3.215573735,-3.201103353,4.284853059,3.220585444,0.033499356
1609060492.779417038,-3.185110966,4.281727915,3.218708125,-3.167986267,4.261301456,3.222875498,0.026978927
1609060492.828896046,-3.145590108,4.254459578,3.221801351,-3.134825952,4.238559232,3.225500692,0.019554365
1609060492.881380081,-3.105252348,4.227161134,3.224937667,-3.100137384,4.216246976,3.229099918,0.012751707
1609060492.929259062,-3.066276037,4.202453575,3.228321478,-3.064866152,4.195713653,3.232641618,0.008128834
1609060492.980987072,-3.025099033,4.177058885,3.231365910,-3.028526560,4.174427889,3.236056913,0.006377742
1609060493.029018164,-2.982758586,4.154617360,3.234762882,-2.958571463,4.135057385,3.242188162,0.031980374
1609060493.079579115,-2.942632311,4.131205887,3.241025584,-2.922918644,4.116735716,3.245304397,0.024825849
1609060493.128925085,-2.900147409,4.108524708,3.244485321,-2.886407097,4.097187428,3.248131554,0.018183100
1609060493.180499077,-2.858014352,4.085116454,3.246924832,-2.851639131,4.078082054,3.249714198,0.009894786
1609060493.228688002,-2.815152844,4.063257498,3.248295942,-2.781173357,4.041390048,3.252356812,0.040611347
1609060493.280271053,-2.777622056,4.041241017,3.248546297,-2.745748712,4.021707744,3.252869983,0.037631809
1609060493.328587055,-2.736191046,4.017517549,3.248431715,-2.710321055,3.999935933,3.252744508,0.031574830
1609060493.380046129,-2.689369898,3.987197287,3.247493946,-2.672423585,3.975660834,3.252795997,0.021174962
1609060493.428469181,-2.646346702,3.960287408,3.247000821,-2.635112776,3.952465592,3.253031316,0.014958233
1609060493.480937004,-2.604363478,3.927398987,3.247944715,-2.567651824,3.905626464,3.251602512,0.042838858
1609060493.529367208,-2.561465041,3.896756074,3.247189800,-2.532539672,3.878478870,3.251280253,0.034459614
1609060493.579791069,-2.518969929,3.860811731,3.250656425,-2.496910515,3.850924507,3.250728555,0.024173956
1609060493.628499031,-2.477582145,3.827860439,3.249478391,-2.463239674,3.824049623,3.249206015,0.014842607
1609060493.682790041,-2.430549300,3.787163657,3.247263400,-2.428404229,3.792664809,3.247636454,0.005916348
1609060493.728916168,-2.392000634,3.751115967,3.245556494,-2.361029762,3.729210011,3.244788498,0.037942794
1609060493.780441999,-2.346773954,3.707958027,3.242668281,-2.325410757,3.693198186,3.243257351,0.025972795
1609060493.829635143,-2.305944074,3.665059743,3.240811941,-2.292081848,3.657052042,3.241448752,0.016021552
1609060493.883442163,-2.263262606,3.617069020,3.239420423,-2.259343047,3.622228898,3.238913895,0.006499527
1609060493.929495096,-2.225049156,3.573714604,3.236731037,-2.191568300,3.542221051,3.235737674,0.045976064
1609060493.978958130,-2.185980835,3.524408621,3.233176230,-2.159084841,3.499883402,3.234381800,0.036418873
1609060494.028350115,-2.145052821,3.473594781,3.231172044,-2.125415477,3.454313186,3.234099123,0.027676217
1609060494.082203150,-2.102759107,3.417224080,3.230489661,-2.090688389,3.409114652,3.232799628,0.014724164
1609060494.129577160,-2.063072953,3.364324725,3.228526204,-2.058871205,3.364294182,3.230420373,0.004609066
1609060494.183086157,-2.023858415,3.305098726,3.227705001,-1.991515558,3.264740085,3.229604412,0.051754112
1609060494.228484154,-1.986569525,3.251839003,3.226505680,-1.960718796,3.217288761,3.228997738,0.043222561
1609060494.280737162,-1.947806805,3.189358825,3.226852723,-1.926748641,3.163868435,3.227845597,0.033078573
1609060494.329248190,-1.908038186,3.129969159,3.226136411,-1.893656536,3.111677271,3.226773194,0.023277253
1609060494.374109983,-1.876880945,3.073145198,3.221801134,-1.862042060,3.059907569,3.226303853,0.020388767
1609060494.429419041,-1.832694311,3.002778515,3.220109808,-1.796710871,2.950190359,3.224332308,0.063860406
1609060494.481046200,-1.783993920,2.928652685,3.224013509,-1.765327827,2.896246124,3.224341653,0.037399411
1609060494.533081055,-1.739220888,2.857685599,3.223914262,-1.730076865,2.837573805,3.223563262,0.022095714
1609060494.580868006,-1.701399371,2.785547658,3.220985285,-1.697214749,2.780494806,3.223064885,0.006882377
1609060494.630129099,-1.658883165,2.716039519,3.220897929,-1.633088229,2.667181617,3.221314744,0.055250765
1609060494.679522991,-1.624209121,2.644901613,3.216588019,-1.600595119,2.608029371,3.220332261,0.043945451
1609060494.730046988,-1.584213751,2.572688180,3.216210903,-1.567574717,2.549367349,3.220536377,0.028972889
1609060494.779560089,-1.542663300,2.500682933,3.216061452,-1.534147918,2.488909696,3.220489774,0.015189828
1609060494.830006123,-1.504515251,2.426881402,3.217166754,-1.503404247,2.431117246,3.220670708,0.005608422
1609060494.881098986,-1.461378587,2.351088946,3.217761293,-1.435695247,2.307606769,3.221762066,0.050659055
1609060494.928388119,-1.423082386,2.281450318,3.218683846,-1.402540359,2.244393296,3.221081630,0.042437567
1609060494.981044054,-1.382542252,2.205118936,3.220094792,-1.370315429,2.183008123,3.221011268,0.025282864
1609060495.029597044,-1.343413786,2.132698863,3.220216761,-1.338951074,2.124635702,3.220376968,0.009217159
1609060495.082610130,-1.302544348,2.052987570,3.219281881,-1.304259948,2.061595074,3.221049786,0.008953094
1609060495.129621983,-1.264648370,1.983457291,3.220020473,-1.237795808,1.936062033,3.221006990,0.054482510
1609060495.180171013,-1.226218716,1.909658886,3.221602014,-1.202918384,1.871570894,3.222882980,0.044668126
1609060495.229920149,-1.184340327,1.834409197,3.223390148,-1.167532852,1.805522412,3.223792771,0.033423041
1609060495.281436205,-1.145528587,1.758117623,3.225195682,-1.134313002,1.741766178,3.225028440,0.019828945
1609060495.335170031,-1.101557790,1.678467498,3.227275148,-1.101136290,1.679511269,3.226810097,0.001217945
1609060495.382240057,-1.067554447,1.610444468,3.227575458,-1.065809835,1.612928732,3.227376389,0.003042181
1609060495.429296017,-1.028590610,1.540522406,3.229476650,-1.000211104,1.486879204,3.231467122,0.060720272
1609060495.483244181,-0.988732623,1.460544559,3.234280023,-0.967205642,1.424889304,3.233416363,0.041658781
1609060495.528154135,-0.952654054,1.394426187,3.237088530,-0.933704499,1.361103850,3.235569885,0.038363655
1609060495.580590010,-0.907577413,1.309440473,3.239537164,-0.901207160,1.296931098,3.236480045,0.014366995
1609060495.628806114,-0.866790836,1.236228726,3.242554179,-0.837113574,1.172769303,3.241678384,0.070061439
1609060495.681596041,-0.824834048,1.151528180,3.243685231,-0.805307655,1.110413621,3.243975734,0.045516714
1609060495.728053093,-0.785395057,1.079375698,3.246630550,-0.775228782,1.050720609,3.246988666,0.030407162
1609060495.781130075,-0.747933405,0.995062193,3.249927665,-0.745857485,0.991173127,3.249720354,0.004413304
1609060495.830497026,-0.709786417,0.919798045,3.255040044,-0.683124295,0.868421135,3.254519745,0.057885458
1609060495.881890059,-0.668614640,0.840081633,3.258378643,-0.652257294,0.805430910,3.257045853,0.038340732
1609060495.929169178,-0.634291298,0.767439758,3.259706295,-0.623170721,0.745758375,3.260086996,0.024369952
1609060495.979615211,-0.594990550,0.689878890,3.262347079,-0.591049538,0.681773144,3.262922529,0.009031380
1609060496.030449152,-0.557352492,0.613729963,3.265786769,-0.560611592,0.620334410,3.265620562,0.007366687
1609060496.082633018,-0.521227295,0.537107228,3.269752201,-0.499661366,0.493562529,3.271095501,0.048611054
1609060496.130023003,-0.486961140,0.468460824,3.272201689,-0.469570200,0.433154098,3.274114971,0.039403938
1609060496.181450129,-0.452048507,0.394652593,3.274806555,-0.440845864,0.372602337,3.277456459,0.024874385
1609060496.229318142,-0.419867229,0.326767882,3.278359755,-0.414741500,0.316836397,3.280386927,0.011358561
1609060496.281906128,-0.386493797,0.254282646,3.282721221,-0.386991772,0.256650381,3.284046962,0.002758938
1609060496.329352140,-0.353681840,0.189083612,3.286458279,-0.334255418,0.148136035,3.292019429,0.045661979
1609060496.380367041,-0.324142754,0.124205028,3.293406106,-0.309930181,0.095996610,3.294562718,0.031607750
1609060496.429882050,-0.292548562,0.061266763,3.297442819,-0.284939612,0.041553059,3.297386038,0.021131244
1609060496.482614040,-0.264211948,-0.003542056,3.301761433,-0.258637283,-0.013177068,3.300757036,0.011176724
1609060496.530198097,-0.234978058,-0.060590148,3.304466436,-0.210631409,-0.116113964,3.306498570,0.060661215
1609060496.579577208,-0.209314035,-0.119985722,3.305711803,-0.187430686,-0.167036459,3.308461700,0.051963590
1609060496.629139185,-0.180080817,-0.178721578,3.309005574,-0.163613048,-0.217272934,3.311504005,0.041995674
1609060496.680529118,-0.150552258,-0.242202830,3.308377250,-0.141382721,-0.266433336,3.313924211,0.026494652
1609060496.729876995,-0.122594848,-0.297545229,3.310456336,-0.119887506,-0.314175011,3.316544079,0.017914797
1609060496.781874180,-0.097329573,-0.359293518,3.314800011,-0.098299298,-0.362419990,3.318586986,0.005005634
1609060496.830726147,-0.070745915,-0.411939890,3.316368669,-0.057081996,-0.451065930,3.321169145,0.041720430
1609060496.879760027,-0.049651696,-0.466219492,3.319515615,-0.038959558,-0.491149925,3.321262613,0.027182721
1609060496.931555986,-0.024464150,-0.519258773,3.321256417,-0.018386848,-0.536647688,3.321388132,0.018420785
1609060496.979130030,-0.000722666,-0.566730627,3.320994012,0.002798505,-0.581568063,3.320808969,0.015250652
1609060497.030738115,0.021418261,-0.616103827,3.319725108,0.021536078,-0.621414183,3.320352940,0.005348638
1609060497.082527161,0.046004067,-0.665686638,3.318101911,0.055830229,-0.695718915,3.317330175,0.031608332
1609060497.128504992,0.066190926,-0.707063597,3.316166540,0.073792077,-0.733090481,3.315870689,0.027115747
1609060497.180168152,0.085242009,-0.752022447,3.312837227,0.091132686,-0.769152604,3.313450407,0.018125075
1609060497.229369164,0.106124141,-0.794675095,3.310722114,0.106370274,-0.803048078,3.310915316,0.008378828
1609060497.282119989,0.126531199,-0.838176092,3.308833255,0.123442517,-0.839577249,3.307996109,0.003493423
1609060497.331099033,0.146433338,-0.878553542,3.305299659,0.155815628,-0.908944826,3.300499561,0.032166728
1609060497.379763126,0.164868253,-0.917283320,3.301005149,0.172546617,-0.943541423,3.296483047,0.027728949
1609060497.430797100,0.186831504,-0.957112292,3.296019317,0.188564341,-0.976454909,3.292615384,0.019716144
1609060497.479521990,0.202685874,-0.994841393,3.289498126,0.204139743,-1.010155358,3.287844360,0.015471464
1609060497.539794207,0.225194670,-1.041889949,3.281741987,0.235044667,-1.075728058,3.278412434,0.035399520
1609060497.585959196,0.240187296,-1.078511087,3.274230564,0.251135148,-1.107690187,3.273065840,0.031187048
1609060497.628929138,0.257401908,-1.111841571,3.267800749,0.266199512,-1.138513539,3.268508030,0.028094340
1609060497.679800987,0.274892444,-1.149569110,3.262669388,0.282451264,-1.172252752,3.262130762,0.023915967
1609060497.728677988,0.295429384,-1.187581786,3.255584656,0.298506463,-1.204324963,3.256194411,0.017034501
1609060497.782530069,0.318055424,-1.230826140,3.248641185,0.314620593,-1.235499023,3.250150742,0.005992717
1609060497.828576088,0.339146812,-1.266013685,3.242481296,0.348055942,-1.299843965,3.237289541,0.035366860
1609060497.881426096,0.358274291,-1.310599040,3.231467813,0.364203626,-1.330343563,3.232067036,0.020624312
1609060497.928340197,0.379845714,-1.347852953,3.225089499,0.382777432,-1.366105469,3.226017563,0.018509744
1609060497.980730057,0.398910876,-1.391137596,3.217323328,0.401406560,-1.402633319,3.219736480,0.012008472
1609060498.030624151,0.417531289,-1.431322301,3.211324936,0.418626662,-1.435508598,3.214974384,0.005660689
1609060498.081089020,0.440349631,-1.472817830,3.205609537,0.451847201,-1.500109200,3.207053620,0.029649593
1609060498.129364014,0.460961021,-1.510811439,3.202163209,0.469733985,-1.532517544,3.205384221,0.023632495
1609060498.179213047,0.483942363,-1.551680980,3.198301749,0.488028155,-1.566068542,3.202800150,0.015618299
1609060498.229629040,0.506731834,-1.592974780,3.194984140,0.504650558,-1.598114643,3.200512090,0.007829951
1609060498.282165051,0.528854630,-1.635507007,3.192488198,0.523496433,-1.631570006,3.197928202,0.008590919
1609060498.330411196,0.550458119,-1.671625226,3.191094973,0.560594924,-1.696362574,3.196577976,0.027290191
1609060498.380028009,0.571481428,-1.709518210,3.190391505,0.579103814,-1.730486854,3.195990700,0.023002951
1609060498.428318977,0.592983260,-1.749140445,3.190078476,0.598085001,-1.763263175,3.195829693,0.016079669
1609060498.482119083,0.615693332,-1.791588399,3.190656485,0.616225576,-1.795394515,3.195500316,0.006183243
1609060498.530372143,0.639389946,-1.830570847,3.190086471,0.636340672,-1.830204000,3.194826871,0.005648366
1609060498.580444098,0.659340292,-1.871599545,3.193919790,0.675411420,-1.899004356,3.193846242,0.031769644
1609060498.629819155,0.683583931,-1.911465758,3.193708318,0.695225138,-1.933949241,3.193127648,0.025325123
1609060498.681581020,0.703798100,-1.955163231,3.191475358,0.714873379,-1.970383204,3.192855119,0.018873610
1609060498.728110075,0.726821621,-1.994089570,3.191147207,0.735261492,-2.006046526,3.191339901,0.014636848
1609060498.786158085,0.750640631,-2.042342720,3.189535903,0.774662945,-2.078536311,3.188508770,0.043452302
1609060498.829328060,0.771396130,-2.080970855,3.188032995,0.793086814,-2.117108541,3.187203392,0.042155740
1609060498.881321192,0.798058438,-2.131434094,3.188130233,0.812392514,-2.154024829,3.185371746,0.026896399
1609060498.928911209,0.823112783,-2.175817966,3.186591019,0.833828395,-2.195656532,3.183215617,0.022798824
1609060498.980941057,0.847159364,-2.230100954,3.182273379,0.854665039,-2.235844598,3.180585920,0.009600632
1609060499.029283047,0.873678432,-2.276617295,3.180453524,0.875196330,-2.277531282,3.177600593,0.003358363
1609060499.083007097,0.899920757,-2.330931128,3.175284483,0.918051659,-2.362276772,3.173779257,0.036242857
1609060499.128166199,0.919433986,-2.376580248,3.172966017,0.938644391,-2.404922256,3.172494595,0.034242244
1609060499.180455208,0.947284156,-2.430952804,3.170498161,0.957290314,-2.446111225,3.170533068,0.018163208
1609060499.228965044,0.971341790,-2.480799568,3.171680419,0.978292701,-2.489510503,3.169128772,0.011432693
1609060499.279461145,0.998291948,-2.535708965,3.170030305,0.999394010,-2.532796268,3.168082031,0.003673434
1609060499.330644131,1.023800338,-2.590261465,3.167877289,1.042146209,-2.626644836,3.165356811,0.040824913
1609060499.381079197,1.047747567,-2.643714915,3.165266611,1.064241826,-2.673838470,3.164834574,0.034346409
1609060499.429335117,1.073009625,-2.696361688,3.163796128,1.084904091,-2.717344362,3.164096649,0.024121385
1609060499.481731176,1.098697100,-2.753496273,3.163052196,1.105016195,-2.763968826,3.163326733,0.012234407
1609060499.528813124,1.123118738,-2.805241887,3.162422831,1.124735219,-2.809377011,3.162861648,0.004461482
1609060499.632210016,1.175965847,-2.915544997,3.162499114,1.187770824,-2.950116038,3.161000473,0.036561733
1609060499.673256159,1.192350323,-2.958815549,3.163512511,1.206800512,-2.993947799,3.160523285,0.038105359
1609060499.721397161,1.217278985,-3.009892364,3.163332015,1.226380554,-3.040015523,3.159493533,0.031701375
1609060499.790719032,1.246969308,-3.081754974,3.159997581,1.265266504,-3.128293905,3.159222049,0.050012607
1609060499.834521055,1.268292528,-3.126490441,3.159235285,1.284326081,-3.174698080,3.158607495,0.050807927
1609060499.881643057,1.286916754,-3.174541618,3.157900996,1.302470931,-3.218113242,3.158249873,0.046265976
1609060499.929025173,1.308150773,-3.222053247,3.156634584,1.320014983,-3.257837555,3.158504897,0.037746182
1609060499.979601145,1.332737518,-3.276198116,3.157508346,1.338005211,-3.299189578,3.157511995,0.023587198
1609060500.030206203,1.357611841,-3.325155159,3.155984503,1.354948048,-3.339277395,3.155804845,0.014372391
1609060500.082598209,1.378470376,-3.376382478,3.153836214,1.372929120,-3.380834588,3.154294448,0.007122976
1609060500.131497145,1.400770840,-3.421131507,3.151777566,1.407341831,-3.458257745,3.149749377,0.037757768
1609060500.180402040,1.418149114,-3.466240830,3.145951084,1.421589136,-3.492261742,3.145584250,0.026249879
1609060500.229773998,1.435542413,-3.508147493,3.142480076,1.437404597,-3.527880031,3.140470138,0.019921863
1609060500.278079033,1.454949459,-3.548210805,3.135956592,1.452683628,-3.560550785,3.135748733,0.012548000
1609060500.330481052,1.471668161,-3.589230548,3.126673173,1.466991840,-3.593602264,3.128545511,0.006669747
1609060500.384297132,1.491798869,-3.629775264,3.117253361,1.495986430,-3.658248757,3.112539869,0.029163205
1609060500.430405140,1.507557843,-3.662515048,3.108336797,1.510504367,-3.687486119,3.104255764,0.025473343
1609060500.481509209,1.523528895,-3.697250597,3.096743751,1.523348550,-3.713684257,3.094869053,0.016541227
1609060500.528917074,1.538608035,-3.726747479,3.084125352,1.536279054,-3.740406006,3.082876498,0.013911835
1609060500.580059052,1.552136441,-3.755853497,3.069201089,1.548835110,-3.764451528,3.070365887,0.009283409
1609060500.630463123,1.566295012,-3.784388968,3.052566307,1.573627832,-3.811679199,3.041276756,0.030429934
1609060500.682104111,1.579732479,-3.812587384,3.034758167,1.585106289,-3.832768592,3.026873700,0.022323167
1609060500.730499029,1.594006332,-3.838044288,3.018145364,1.595903317,-3.854930496,3.011753347,0.018154901
1609060500.779981136,1.603506110,-3.862929544,3.002565550,1.605706461,-3.875862683,2.996498489,0.014453957
1609060500.830636978,1.616804598,-3.887274597,2.985708586,1.616179586,-3.896660228,2.981851546,0.010166488
1609060500.879229069,1.624204488,-3.910667049,2.962416423,1.634981431,-3.936735734,2.950692225,0.030547923
1609060500.929196119,1.636107848,-3.933930752,2.942736803,1.643560054,-3.955311500,2.935289826,0.023835461
1609060500.980226994,1.644263752,-3.960031942,2.922686710,1.651979785,-3.973264996,2.920011838,0.015550107
1609060501.030568123,1.655183366,-3.982045743,2.904942966,1.660450400,-3.990549418,2.905599035,0.010024199
1609060501.082099199,1.666627165,-4.004662673,2.890691597,1.669043758,-4.008770463,2.892024796,0.004948867
1609060501.130629063,1.678369019,-4.025179530,2.878236434,1.685280341,-4.044226078,2.868670499,0.022406349
1609060501.181288004,1.685603155,-4.047821099,2.863792152,1.692215348,-4.060390321,2.858543936,0.015141011
1609060501.229866028,1.696204604,-4.069319252,2.851488419,1.698273766,-4.078063103,2.848806990,0.009376908
1609060501.279139996,1.700974296,-4.092812583,2.836809721,1.704442747,-4.094989274,2.839058625,0.004671799
1609060501.331067085,1.708591538,-4.114684052,2.824892730,1.710206641,-4.113678458,2.828942473,0.004474393
1609060501.383850098,1.718531306,-4.139875372,2.809200487,1.723253554,-4.153280315,2.803293118,0.015391203
1609060501.428828001,1.723403678,-4.160924135,2.794638444,1.729516336,-4.173094190,2.788991298,0.014743306
1609060501.481386185,1.733136730,-4.187315226,2.774945654,1.735739741,-4.192130285,2.774240043,0.005518908
1609060501.528599024,1.741420226,-4.210357210,2.757095443,1.741968008,-4.212664702,2.758640250,0.002830374
1609060501.581145048,1.748430749,-4.236170082,2.738458854,1.748291162,-4.232697575,2.744467033,0.006940894
1609060501.629769087,1.757292327,-4.261027130,2.722355538,1.762380132,-4.274994108,2.716278272,0.016059122
1609060501.678136110,1.764805469,-4.285499918,2.707561188,1.768981116,-4.296033736,2.702940701,0.012237085
1609060501.729612112,1.774308183,-4.312250388,2.691544634,1.777551096,-4.316403409,2.689973841,0.005498314
1609060501.791958094,1.784734735,-4.343771375,2.673863825,1.790370331,-4.358932917,2.666102011,0.017940960
1609060501.833837032,1.794340278,-4.364826737,2.662549943,1.797908308,-4.381429826,2.653239880,0.019366742
1609060501.881379128,1.799817119,-4.386436525,2.647335400,1.805084512,-4.401128735,2.640890758,0.016886086
1609060501.927842140,1.810351042,-4.409130435,2.632876426,1.812226884,-4.422244135,2.627442357,0.014318415
1609060501.979767084,1.818401862,-4.433778766,2.616538959,1.825054556,-4.438562150,2.611524716,0.009606338
1609060502.030068159,1.829937995,-4.458077556,2.599259107,1.827800200,-4.463356763,2.598046002,0.005823385
1609060502.081687212,1.836359849,-4.480904843,2.582976580,1.843388201,-4.503028009,2.571089873,0.026079226
1609060502.129033089,1.846999159,-4.502372743,2.568739195,1.851217309,-4.522968999,2.557784611,0.023706570
1609060502.177217007,1.856307185,-4.525383888,2.553366229,1.858268396,-4.541673740,2.545176453,0.018337886
1609060502.228680134,1.868598117,-4.547857394,2.536125957,1.866207391,-4.561311068,2.530079985,0.014942245
1609060502.281580210,1.876551463,-4.573269648,2.514562694,1.874370041,-4.580009990,2.513603691,0.007149162
1609060502.331065178,1.887999474,-4.593553584,2.497079658,1.881955459,-4.598176492,2.497798745,0.007643198
1609060502.379868984,1.894025853,-4.613725050,2.479708708,1.896324288,-4.630264915,2.469318897,0.019667183
1609060502.429216146,1.901801097,-4.632150497,2.466727327,1.903005225,-4.645504936,2.456424674,0.016909631
1609060502.478612185,1.911319329,-4.649395864,2.452373251,1.909194679,-4.658640443,2.445465323,0.011734386
1609060502.529726028,1.918153986,-4.665068942,2.436648918,1.915735964,-4.672265867,2.432909506,0.008463200
1609060502.581580162,1.926330189,-4.680677550,2.420842281,1.922228836,-4.685122498,2.419888843,0.006122721
1609060502.628553152,1.934132366,-4.692686445,2.407035316,1.934614586,-4.705594494,2.397796479,0.015881006
1609060502.679982185,1.940225422,-4.706199681,2.392685045,1.940349513,-4.715312269,2.387783267,0.010348047
1609060502.729335070,1.946804685,-4.718395583,2.380734692,1.945905371,-4.724189657,2.378431082,0.006299737
1609060502.779874086,1.952932781,-4.729440351,2.368932685,1.951917065,-4.732926576,2.367916740,0.003770622
1609060502.831654072,1.959525583,-4.739101935,2.356496424,1.957777822,-4.741222748,2.356534268,0.002748445
1609060502.876046181,1.963969219,-4.747032310,2.345609201,1.967535255,-4.754052077,2.332783973,0.015049260
1609060502.925194979,1.971924293,-4.754956508,2.331168135,1.973602540,-4.761593341,2.319560346,0.013476084
1609060502.972741127,1.975300483,-4.761817352,2.314273475,1.978939358,-4.767139541,2.306380142,0.010191753
1609060503.024496078,1.984269872,-4.768864760,2.296637076,1.984531290,-4.772492103,2.291925556,0.005951838
1609060503.074285984,1.988179171,-4.774762331,2.280448670,1.989905706,-4.776998206,2.277965558,0.003761104
1609060503.123784065,1.996512578,-4.780414768,2.263677472,2.001895641,-4.786329638,2.249926267,0.015907818
1609060503.173135042,2.001165397,-4.784865919,2.246527896,2.008139990,-4.791332266,2.234913642,0.015011645
1609060503.222823143,2.010482693,-4.790797643,2.227456875,2.014414780,-4.796226762,2.218758307,0.010981882
1609060503.283221006,2.019511935,-4.799757168,2.200494610,2.020541485,-4.801181930,2.202482354,0.002653497
1609060503.329416037,2.028894340,-4.806530108,2.181072474,2.033505407,-4.812048320,2.168373006,0.014594145
1609060503.379991055,2.035125199,-4.816183541,2.155716345,2.033505367,-4.812047471,2.168374356,0.013414775
1609060503.429008007,2.046433492,-4.824033712,2.133843083,2.048794616,-4.823419146,2.132056423,0.003024028
1609060503.478389978,2.053024278,-4.832084097,2.115054046,2.055578919,-4.829078665,2.115369677,0.003957074
1609060503.532170057,2.061138401,-4.838721039,2.093650078,2.062853630,-4.834688989,2.098448637,0.006498123
1609060503.583558083,2.071903468,-4.847448526,2.071983073,2.078887706,-4.848114194,2.063939490,0.010673421
1609060503.628724098,2.080086194,-4.856404867,2.053687025,2.086496528,-4.855307463,2.047513469,0.008967133
1609060503.681049109,2.090944678,-4.866928159,2.032311881,2.093956935,-4.863170865,2.031962962,0.004828323
1609060503.730980158,2.100111849,-4.876089398,2.013894524,2.102212998,-4.871639815,2.016125590,0.005402895
1609060503.781499147,2.108801001,-4.885832542,1.997773327,2.109895162,-4.879423758,2.003262249,0.008508699
1609060503.830842018,2.118452082,-4.895990941,1.983521065,2.126867848,-4.899106965,1.978080339,0.010494581
1609060503.876079082,2.126287206,-4.905542166,1.970721515,2.134292528,-4.908698156,1.967278370,0.009268263
1609060503.923665047,2.136373697,-4.916800792,1.956693183,2.142161754,-4.919246032,1.955194536,0.006459625
1609060503.973829985,2.143306988,-4.928276506,1.943188796,2.149879764,-4.930112080,1.941969634,0.006932321
1609060504.025320053,2.154391751,-4.940394681,1.927215097,2.157417400,-4.940665039,1.929012164,0.003529462
1609060504.075659990,2.159846907,-4.952541528,1.911755160,2.165037356,-4.952413106,1.914822228,0.006030271
1609060504.124380112,2.169160267,-4.964768349,1.897287446,2.176832004,-4.974772111,1.890508764,0.014313678
1609060504.175167084,2.173462410,-4.979949743,1.881014707,2.181283235,-4.986006525,1.878297295,0.010258374
1609060504.224220037,2.180695056,-4.992142638,1.865839356,2.186339672,-4.996163101,1.866003159,0.006932002
1609060504.273495197,2.185056640,-5.002749116,1.850749754,2.191555814,-5.006360492,1.853701466,0.007999619
1609060504.325726032,2.193131740,-5.015070222,1.834693232,2.201105382,-5.028193526,1.829016547,0.016371464
1609060504.372953176,2.198746322,-5.027984138,1.821598955,2.205538876,-5.038947114,1.816161367,0.013996178
1609060504.428673029,2.207720695,-5.040858441,1.805422523,2.209739791,-5.048827840,1.804245642,0.008305006
1609060504.478152037,2.210105291,-5.053424560,1.789746177,2.213741732,-5.057878791,1.792746741,0.006485928
1609060504.529919147,2.218403154,-5.063972639,1.774554944,2.218180541,-5.066767637,1.780611415,0.006674010
1609060504.581017017,2.217671501,-5.074212740,1.759381365,2.224229530,-5.084263047,1.755061660,0.012754461
1609060504.631231070,2.219991768,-5.084375757,1.744626736,2.227282661,-5.092436384,1.742189888,0.011138629
1609060504.682337999,2.225196678,-5.094235230,1.728519609,2.229689811,-5.100100306,1.729740215,0.007488473
1609060504.729389191,2.227027971,-5.103616985,1.713860606,2.231868833,-5.107703037,1.716600027,0.006901752
1609060504.781613111,2.228618374,-5.113921122,1.699051159,2.232605624,-5.115397426,1.704476617,0.006892985
1609060504.830829144,2.229386378,-5.122295739,1.684978737,2.232912142,-5.129815051,1.680873793,0.009263996
1609060504.881592989,2.228714950,-5.130504869,1.670552187,2.232458809,-5.136552181,1.669604291,0.007175303
1609060504.929919004,2.227685970,-5.138525681,1.658223185,2.231508891,-5.143125380,1.658911742,0.006020470
1609060504.979718208,2.224277688,-5.146493284,1.645666088,2.230089493,-5.149392448,1.647730544,0.006814999
1609060505.031477213,2.221689393,-5.153142688,1.632164045,2.228025662,-5.155438672,1.637366654,0.008513929
1609060505.083100080,2.218087845,-5.159304594,1.618673643,2.222447071,-5.167626639,1.615805945,0.009822575
1609060505.129166126,2.215326095,-5.165540417,1.607455884,2.218833393,-5.173024941,1.606420973,0.008330083
1609060505.179536104,2.207376235,-5.172295820,1.593941849,2.214019420,-5.179113933,1.596495301,0.009855896
1609060505.229914188,2.202292740,-5.179369215,1.581219142,2.208788005,-5.185298527,1.587093144,0.010575873
1609060505.288335085,2.194153501,-5.187664936,1.568677174,2.196975499,-5.196991064,1.568267868,0.009752326
1609060505.329346180,2.188812193,-5.193749552,1.560069309,2.189959832,-5.203088405,1.559896877,0.009410685
1609060505.378872156,2.178664865,-5.201378696,1.551326495,2.182170065,-5.209262077,1.551427438,0.008628112
1609060505.430555105,2.172089254,-5.208619242,1.541057460,2.174908205,-5.214993430,1.543457146,0.007371245
1609060505.479947090,2.164909247,-5.215835159,1.532321434,2.167630549,-5.220849735,1.534713497,0.006186551
1609060505.532739162,2.159170396,-5.223481448,1.522099355,2.159774396,-5.227257937,1.525592767,0.005179828
1609060505.582180977,2.145672778,-5.233056022,1.509530215,2.142667173,-5.239890272,1.508934878,0.007489664
1609060505.672855139,2.129035322,-5.248296203,1.489096076,2.127134200,-5.251997530,1.490778222,0.004488174
1609060505.743427038,2.115296964,-5.259591957,1.473500270,2.111749490,-5.264329664,1.469306137,0.007254046
1609060505.785398006,2.110103170,-5.266139147,1.462376378,2.105622276,-5.269352277,1.458356963,0.006823365
1609060505.830541134,2.101030736,-5.271517743,1.450491374,2.099587683,-5.274465517,1.446778556,0.004955480
1609060505.880026102,2.096088855,-5.278105235,1.436224425,2.094147937,-5.279075014,1.435299732,0.002358536
1609060505.928045988,2.091668887,-5.283978702,1.422151888,2.089004406,-5.283706028,1.422459917,0.002696051
1609060505.980888128,2.082936843,-5.290943749,1.405859954,2.084048041,-5.287981753,1.408917819,0.004399855
1609060506.030166149,2.078112371,-5.296498215,1.389364708,2.079702151,-5.292415089,1.395330002,0.007401625
1609060506.082507133,2.072758806,-5.301950143,1.370561602,2.075404168,-5.296871806,1.380647769,0.011598198
1609060506.131301165,2.070023217,-5.306605671,1.352548721,2.070236269,-5.303733037,1.350404762,0.003590819
1609060506.181574106,2.068005478,-5.310975315,1.332997844,2.068540886,-5.307173654,1.334855021,0.004264786
1609060506.229834080,2.068814567,-5.314649512,1.313959329,2.067620044,-5.309989181,1.318572406,0.006665287
1609060506.283174038,2.064477765,-5.317042203,1.293877977,2.066595555,-5.312673865,1.303211049,0.010520154
1609060506.329013109,2.065808986,-5.319768356,1.276869407,2.065768412,-5.315564746,1.286953986,0.010925691
1609060506.381528139,2.063017122,-5.322490938,1.259701366,2.066810378,-5.321458667,1.256959631,0.004792858
1609060506.429151058,2.065518695,-5.325758127,1.245007974,2.067743253,-5.324013964,1.244029942,0.002991205
1609060506.479460001,2.064158832,-5.328945130,1.231288800,2.068418454,-5.326436365,1.231975622,0.004990993
1609060506.528196096,2.066729257,-5.331816007,1.217703598,2.069284775,-5.329207694,1.219640627,0.004133527
1609060506.575851202,2.066643173,-5.334063711,1.203571783,2.070615229,-5.331903075,1.208148772,0.006433849
1609060506.625441074,2.070841995,-5.336850042,1.190648333,2.073517564,-5.337746999,1.186320255,0.005166766
1609060506.676068068,2.069584074,-5.340402655,1.176906441,2.074891216,-5.340844543,1.176667130,0.005330881
1609060506.725394011,2.073299542,-5.344331919,1.165376252,2.076531009,-5.344410528,1.167091903,0.003659510
1609060506.773559093,2.074213377,-5.349406508,1.154011322,2.077910283,-5.347837600,1.157588037,0.005377869
1609060506.823841095,2.074902733,-5.354025757,1.142710742,2.079933314,-5.351790695,1.147887331,0.007556410
1609060506.874558210,2.077709625,-5.358754663,1.130168716,2.084317462,-5.360438414,1.127112343,0.007472613
1609060506.971599102,2.082681525,-5.371147376,1.104974964,2.088456419,-5.370377066,1.104817623,0.005828167
1609060507.042611122,2.083776842,-5.380567658,1.083397519,2.093177063,-5.380624646,1.078706807,0.010505721
1609060507.086133003,2.086676730,-5.386938741,1.068442114,2.094926008,-5.386581589,1.063938364,0.009405419
1609060507.130787134,2.088114856,-5.392167344,1.052424828,2.096764115,-5.392497455,1.049551430,0.009120037
1609060507.178247213,2.088614118,-5.397712186,1.034272568,2.098298228,-5.398486868,1.034590930,0.009720261
1609060507.229111195,2.090746130,-5.404942006,1.014138416,2.099973296,-5.405005621,1.017961896,0.009988175
1609060507.282870054,2.090987962,-5.411539843,0.991906947,2.101556902,-5.411370920,1.001660368,0.014382637
1609060507.330032110,2.094188105,-5.418385352,0.971920784,2.103538949,-5.418065166,0.984308004,0.015523660
1609060507.381578207,2.095837345,-5.428016228,0.951483465,2.106294911,-5.432747442,0.948925975,0.011759500
1609060507.430997133,2.099561151,-5.436328079,0.931113207,2.107967864,-5.439937345,0.931670940,0.009165735
1609060507.480647087,2.100809097,-5.446951865,0.909272467,2.108885628,-5.446370808,0.916857655,0.011095182
1609060507.532473087,2.104210197,-5.457067581,0.888867033,2.109153992,-5.454284482,0.900490467,0.012934101
1609060507.581765175,2.102970916,-5.466862682,0.872240931,2.110682339,-5.468657404,0.871576397,0.007945356
1609060507.629183054,2.105891455,-5.475932668,0.856579713,2.111255072,-5.475736420,0.858480166,0.005693735
1609060507.678351164,2.108091294,-5.483619303,0.841844138,2.111666371,-5.482600002,0.847247698,0.006558857
1609060507.730005980,2.111524745,-5.493480749,0.827790296,2.111370104,-5.490156770,0.835603933,0.008492683
1609060507.781391144,2.108127483,-5.506200901,0.813267862,2.111037180,-5.498230371,0.824689110,0.014228162
1609060507.829667091,2.110773062,-5.515756100,0.801328448,2.110277045,-5.505700814,0.815048489,0.017017471
1609060507.882309198,2.108063479,-5.525806919,0.789200532,2.109129957,-5.520064653,0.796793649,0.009579479
1609060507.930590153,2.104062320,-5.533435334,0.780563645,2.107549708,-5.526921568,0.788262900,0.010670968
1609060507.981079102,2.103428521,-5.542839493,0.769993149,2.105950804,-5.533665896,0.780505035,0.014178030
1609060508.029278040,2.099832678,-5.548759536,0.760688664,2.104100821,-5.540358613,0.772093272,0.014793838
1609060508.088443995,2.098725588,-5.558103217,0.748748544,2.099295121,-5.553662293,0.755348921,0.007975660
1609060508.131664038,2.096164612,-5.563344708,0.740379972,2.097304635,-5.559332980,0.747504908,0.008255806
1609060508.179089069,2.094166212,-5.568183996,0.731204927,2.095029141,-5.564894733,0.739120012,0.008614667
1609060508.230317116,2.092173338,-5.574207781,0.721648399,2.092889920,-5.570005486,0.731214191,0.010472686
1609060508.283871174,2.088736310,-5.579940163,0.712164253,2.090782768,-5.574866196,0.722832211,0.011989098
1609060508.331052065,2.086736099,-5.583838472,0.704363943,2.089028555,-5.579449623,0.714471511,0.011255234
1609060508.379541159,2.083242959,-5.587760383,0.696220196,2.084868127,-5.587774672,0.699176808,0.003373860
1609060508.430205107,2.083680526,-5.591570992,0.686861997,2.083191712,-5.591582701,0.691210792,0.004376196
1609060508.482200146,2.079655820,-5.595063433,0.676433183,2.081053181,-5.595160971,0.683637531,0.007339262
1609060508.530605078,2.079270373,-5.598462738,0.666264329,2.079040936,-5.598745720,0.674359027,0.008102892
1609060508.584336042,2.074868030,-5.602765000,0.654194028,2.076390585,-5.603722020,0.655022258,0.001979906
1609060508.630553007,2.075613879,-5.605325646,0.642751596,2.075414083,-5.605966545,0.644746777,0.002105093
1609060508.680194139,2.071093239,-5.606337027,0.627830587,2.074868178,-5.607285105,0.633325085,0.006733389
1609060508.729096174,2.072664354,-5.607671878,0.614006981,2.074331996,-5.608700132,0.621574093,0.007816618
1609060508.780822039,2.072096009,-5.607155569,0.600424588,2.074268861,-5.609514704,0.610940735,0.010994369
1609060508.873443127,2.073658489,-5.608751730,0.574108873,2.075651890,-5.610539071,0.587602717,0.013756891
1609060508.941129208,2.078570060,-5.609830818,0.553919568,2.077570081,-5.611849200,0.561998202,0.008386784
1609060508.986562014,2.075770612,-5.610473533,0.539391873,2.078481596,-5.612329133,0.549100015,0.010248937
1609060509.031994104,2.074653142,-5.611434435,0.525671618,2.078947145,-5.612611181,0.536534692,0.011740083
1609060509.076798201,2.076797886,-5.612067143,0.512768700,2.081054369,-5.612893020,0.513152367,0.004352806
1609060509.122907162,2.076504417,-5.611609005,0.501453380,2.082524033,-5.613001176,0.502947282,0.006356545
1609060509.176576138,2.077459829,-5.611095990,0.488405997,2.083671370,-5.612734658,0.492208300,0.007464984
1609060509.223483086,2.079607152,-5.611166937,0.476421051,2.084468902,-5.612635787,0.481213679,0.006983081
1609060509.276262999,2.079395990,-5.610070001,0.462095925,2.085186029,-5.612933584,0.470555306,0.010643580
1609060509.324488163,2.081644866,-5.610210178,0.449060150,2.086388171,-5.613250793,0.448497319,0.005662248
1609060509.372967005,2.080339651,-5.611614317,0.435126352,2.086746301,-5.613467937,0.435990786,0.006725200
1609060509.424610138,2.081580749,-5.612670865,0.420319292,2.086316458,-5.613762499,0.423790171,0.005972069
1609060509.473656178,2.080434373,-5.614154539,0.406799961,2.085822491,-5.614524517,0.411039444,0.006865998
1609060509.524735212,2.080986166,-5.616020287,0.391463447,2.084409384,-5.615120250,0.398467103,0.007847273
1609060509.575262070,2.075740812,-5.616035179,0.374378867,2.082717235,-5.616834432,0.384891555,0.012642227
1609060509.623697042,2.075485055,-5.618195026,0.359301728,2.078969137,-5.619701222,0.357711249,0.004115468
1609060509.675162077,2.070683798,-5.620275594,0.342210676,2.076782586,-5.620972570,0.344272964,0.006475648
1609060509.723975182,2.070819028,-5.621861482,0.327089763,2.074739287,-5.621943460,0.331290241,0.005746230
1609060509.774631023,2.066864043,-5.623180945,0.313711260,2.072798286,-5.622852202,0.318681572,0.007747729
1609060509.830249071,2.066211787,-5.625155303,0.296978858,2.067091159,-5.625466086,0.293287299,0.003807557
1609060509.879842043,2.063462055,-5.625856634,0.278984239,2.064497159,-5.627194447,0.280076865,0.002013707
1609060509.929027081,2.063302549,-5.627430520,0.263855799,2.062442927,-5.627450991,0.267502748,0.003746947
1609060509.978571177,2.058191088,-5.630584291,0.244573131,2.059435242,-5.628648853,0.255802110,0.011462278
1609060510.031541109,2.055724796,-5.633671714,0.227848192,2.054746786,-5.630608844,0.243812767,0.016285125
1609060510.084635019,2.045397303,-5.635140458,0.213305631,2.045230007,-5.634931152,0.220813650,0.007512799
1609060510.131839991,2.037353278,-5.636466988,0.201520553,2.040934944,-5.636895434,0.209410775,0.008675685
1609060510.181102991,2.034347547,-5.638884394,0.186972877,2.036871578,-5.639278951,0.197042624,0.010388754
1609060510.229454041,2.029315624,-5.639456401,0.171262612,2.032917117,-5.640920399,0.184968453,0.014246548
1609060510.282863140,2.026022994,-5.640939302,0.153637647,2.029363045,-5.642651566,0.172578806,0.019309461
1609060510.329972982,2.021790158,-5.642568512,0.138740718,2.021167897,-5.646106310,0.147754915,0.009703555
1609060510.380298138,2.015370577,-5.645063790,0.123341247,2.017516178,-5.647085295,0.135121015,0.012143024
1609060510.428771019,2.012059186,-5.646145437,0.108279001,2.014008994,-5.648325625,0.123160827,0.015166533
1609060510.478412151,2.005267415,-5.648221207,0.093603743,2.010195343,-5.650253201,0.111573074,0.018743274
1609060510.531696081,2.000074908,-5.651963659,0.075488764,2.005969609,-5.652004616,0.100053423,0.025262059
1609060510.584844112,1.994578089,-5.655993447,0.055936789,1.997106833,-5.656401343,0.076851155,0.021070634
1609060510.630853176,1.991879946,-5.659499764,0.040576167,1.992032837,-5.659060010,0.065392139,0.024820339
1609060510.681565046,1.984602148,-5.660775849,0.032648820,1.988080387,-5.661771706,0.053146892,0.020814918
1609060510.728801012,1.982097180,-5.663968958,0.018914230,1.984336306,-5.664557948,0.041945150,0.023147005
1609060510.782432079,1.975961405,-5.666688100,0.004901099,1.981874480,-5.667152143,0.032409660,0.028140731
1609060510.829675198,1.983917240,-5.660640484,0.008836313,1.988051513,-5.662985488,0.033439670,0.025058261
1609060510.881379128,1.985440708,-5.662573143,0.010754540,1.989558554,-5.662504261,0.028374574,0.018094945
1609060510.930631161,1.989548916,-5.661483829,0.006047649,1.992795235,-5.661190194,0.024978329,0.019209255
1609060510.983911991,1.996641346,-5.653621661,0.009422836,1.995167153,-5.656531266,0.026195738,0.017087108
1609060511.029888153,2.000729261,-5.651449616,0.008815526,1.996506724,-5.652999599,0.025823881,0.017593078
1609060511.082311153,1.995765137,-5.646918744,0.004671439,1.997334809,-5.645216069,0.024017111,0.019483788
1609060511.128465176,1.998841493,-5.644777332,0.004497113,1.994387077,-5.643668134,0.024149949,0.020181826
1609060511.178915977,1.994674529,-5.642684766,0.003775119,1.993796987,-5.642053609,0.024149340,0.020402875
1609060511.230607033,1.993588801,-5.643158189,0.003211908,1.994393331,-5.640481380,0.024072053,0.021046573
1609060511.283373117,1.994580456,-5.643925871,0.002380807,1.995036974,-5.640329502,0.024208418,0.022126610
1609060511.330246210,1.993297654,-5.641954091,0.003079810,1.994532430,-5.642142627,0.024073979,0.021031295
1609060511.382980108,1.995022027,-5.643870921,0.001932439,1.995380163,-5.643085298,0.024118753,0.022203108
1609060511.424667120,1.997492952,-5.644655013,0.001117347,1.996135075,-5.644282700,0.024306823,0.023232182
1609060511.474285126,1.996757814,-5.643934497,0.001037173,1.995889021,-5.645291175,0.024388039,0.023406373
1609060511.522655010,1.999214871,-5.644211424,0.000241344,1.996064824,-5.646020363,0.024607022,0.024634962
1609060511.576474190,1.998066199,-5.644134498,0.000423481,1.996853870,-5.646895609,0.024414930,0.024180221
1609060511.625574112,1.999429862,-5.643960303,-0.000124612,1.996648570,-5.647257669,0.024338779,0.024840807
1609060511.672990084,1.997740191,-5.642951218,-0.000151012,1.996332803,-5.646972234,0.024637620,0.025152049
1609060511.724516153,1.999685701,-5.642627738,-0.000605745,1.996448760,-5.646883178,0.024638888,0.025804614
1609060511.774074078,1.999870378,-5.640520435,-0.002036185,1.996756005,-5.646754286,0.024694503,0.027624082
1609060511.824729204,2.002431588,-5.639967513,-0.002405277,1.996695135,-5.647102481,0.024494105,0.028414634
1609060511.873460054,1.999108266,-5.642975973,-0.000943082,1.996638831,-5.647356409,0.024411421,0.025848349
1609060511.923904181,2.001433050,-5.643253820,-0.001174366,1.996852009,-5.647405194,0.024520381,0.026428013
1609060511.975442171,1.998586773,-5.642800264,-0.002630724,1.996976911,-5.647631830,0.024485706,0.027590514
1609060512.022669077,2.000233923,-5.643301496,-0.002602343,1.996893873,-5.647979673,0.024498660,0.027703893
1609060512.075103045,1.999866837,-5.640996913,-0.002839114,1.996965569,-5.648194747,0.024531368,0.028449419
1609060512.126736164,2.002248079,-5.640900894,-0.002705064,1.997159648,-5.648309710,0.024382292,0.028539579
1609060512.173801184,2.001196766,-5.641745913,-0.004522946,1.997159300,-5.648317929,0.024371981,0.029906678
1609060512.223273039,2.003819515,-5.641666617,-0.004656622,1.997090612,-5.648386167,0.024351159,0.030526740
1609060512.274697065,1.998540250,-5.642275627,-0.003921291,1.997140660,-5.648485465,0.024555260,0.029179357
1609060512.323801994,1.999010533,-5.642216221,-0.004004701,1.997202819,-5.648722068,0.024569451,0.029361132
1609060512.374632120,2.000138115,-5.642188925,-0.004086196,1.997118797,-5.648791186,0.024562588,0.029554339
1609060512.423748016,1.998041949,-5.643532646,-0.002819013,1.997266055,-5.648996546,0.024533488,0.027903682
1609060512.475403070,1.997651872,-5.645020269,-0.001876362,1.997362071,-5.649115691,0.024475553,0.026669831
1609060512.522479057,1.999685955,-5.645228179,-0.001250813,1.997313400,-5.649045040,0.024424010,0.026065188
1609060512.575136185,1.996622771,-5.643987163,-0.001234335,1.996859013,-5.647956271,0.024563323,0.026102275
1609060512.624689102,1.997615154,-5.642872950,-0.000258102,1.995671465,-5.644375918,0.024260348,0.024641251
1609060512.673336029,1.993800180,-5.639378067,0.001139781,1.994954831,-5.642458604,0.024012629,0.023108226
1609060512.723724127,1.994914251,-5.637669410,0.001990059,1.994292615,-5.640429225,0.023856694,0.022048872
1609060512.773655176,1.991981958,-5.636868458,0.002433163,1.993592640,-5.639008097,0.023713618,0.021448313
1609060512.826208115,1.993528947,-5.636234545,0.003552847,1.993180814,-5.637650445,0.023777772,0.020277415
1609060512.874486208,1.989297031,-5.634982883,0.002062123,1.992937112,-5.636928212,0.023807826,0.022133913
1609060512.923703194,1.991233269,-5.635679415,0.002665368,1.993122488,-5.637137427,0.023736133,0.021205473
1609060512.974423170,1.988667881,-5.636977626,0.002769112,1.993267576,-5.637788002,0.023896132,0.021637118
1609060513.023060083,1.990538092,-5.638209123,0.003395720,1.993707452,-5.638602929,0.023934877,0.020785978
1609060513.077083111,1.988267870,-5.638188420,0.004630308,1.994011881,-5.639532840,0.023766825,0.020025170
1609060513.125016212,1.990465977,-5.639561786,0.005005463,1.994523582,-5.640728043,0.023815022,0.019277547
1609060513.173258066,1.990806288,-5.637751263,0.005868929,1.994662410,-5.641182944,0.023852781,0.018710026
1609060513.225908041,1.994222862,-5.638347876,0.006102070,1.994850951,-5.641422861,0.023929267,0.018101353
1609060513.277425051,1.990415531,-5.637898277,0.004598051,1.994747128,-5.641276095,0.023839651,0.020010287
1609060513.376724005,1.990587681,-5.636976380,0.004389311,1.994324512,-5.640257712,0.023856600,0.020092446
1609060513.424143076,1.989143090,-5.637898475,0.004653576,1.994255890,-5.639853782,0.023874703,0.019985386
1609060513.474897146,1.989846991,-5.638485946,0.004107470,1.994074367,-5.639613213,0.023792155,0.020165026
1609060513.524019003,1.989707751,-5.636944078,0.004947185,1.993925727,-5.639370653,0.023679807,0.019354346
1609060513.574426174,1.990442817,-5.636076112,0.004863759,1.994041769,-5.639066676,0.023577537,0.019289931
1609060513.626206160,1.992727859,-5.636415993,0.004391169,1.993853444,-5.638898760,0.023789656,0.019589089
1609060513.674419165,1.991216149,-5.637596938,0.002471063,1.993749668,-5.638811920,0.023622284,0.021337035
1609060513.723834038,1.993870988,-5.637519227,0.002168350,1.993568985,-5.638445677,0.023701885,0.021555571
1609060513.774116993,1.991224522,-5.635269595,0.002646821,1.993357313,-5.637884475,0.023682645,0.021304748
1609060513.823392153,1.993697757,-5.634409432,0.002559100,1.993333066,-5.637091844,0.023778967,0.021391846
1609060513.879414082,1.991607818,-5.631785403,0.003075619,1.992379657,-5.635314080,0.023965912,0.021200275
1609060513.923260212,1.993894369,-5.630605149,0.002980006,1.992304750,-5.634453268,0.024009509,0.021437698
1609060513.974857092,1.990933609,-5.629162236,0.002269279,1.992098671,-5.633905100,0.024159026,0.022427955
1609060514.024241209,1.993461362,-5.628200607,0.002125198,1.991760906,-5.633522798,0.023840866,0.022422924
1609060514.073918104,1.990836190,-5.627742039,0.001508845,1.991636191,-5.633097941,0.023750306,0.022891227
1609060514.127549171,1.993625568,-5.627339923,0.001179940,1.991584269,-5.632920093,0.023841015,0.023427111
1609060514.172559023,1.990457902,-5.628192290,0.001981226,1.991679525,-5.633268241,0.023868968,0.022501797
1609060514.223515034,1.993103463,-5.628853963,0.001939424,1.991707083,-5.633700620,0.024045464,0.022674147
