timestamp,estimate_x,estimate_y,estimate_z,truth_x,truth_y,truth_z,error_m
1609060363.469352007,0.050049573,-0.021237943,-0.025473865,0.000352647,-0.000128288,-0.000155817,0.059635606
1609060363.517702103,0.049941946,-0.020846254,-0.025320844,0.000266305,0.000024604,-0.000032764,0.059520996
1609060363.568032980,0.050010451,-0.021327740,-0.024601888,0.000273958,0.000023288,-0.000043316,0.059436593
1609060363.616620064,0.049883824,-0.020880652,-0.024336557,0.000455122,0.000045726,-0.000206092,0.058850567
1609060363.669232130,0.049911306,-0.021579458,-0.024936092,0.000322824,-0.000048357,0.000006751,0.059537814
1609060363.717437983,0.049733212,-0.021125254,-0.024784631,0.000309158,-0.000056917,0.000007880,0.059171619
1609060363.769133091,0.049251197,-0.020858490,-0.024919231,0.000313077,-0.000056831,0.000003710,0.058726498
1609060363.816621065,0.048979372,-0.020427599,-0.024723082,0.000357567,-0.000119010,-0.000146163,0.058142442
1609060363.869219065,0.049131562,-0.021117928,-0.024982561,0.000265599,0.000019840,-0.000039722,0.058794837
1609060363.918718100,0.048944326,-0.020716256,-0.024846109,0.000450987,0.000034525,0.000000389,0.058305637
1609060363.968429089,0.048955200,-0.019862406,-0.024470237,0.000272345,0.000020770,-0.000045630,0.057982088
1609060364.018787146,0.048735491,-0.019132690,-0.024288049,0.000364012,-0.000124076,-0.000161475,0.057299380
1609060364.067788124,0.048156089,-0.019197537,-0.023851060,0.000268084,0.000022409,-0.000038284,0.056830587
1609060364.119420052,0.047845776,-0.018493660,-0.023543603,0.000327210,-0.000044406,0.000008343,0.056152323
1609060364.166568995,0.047640682,-0.019228013,-0.023147573,0.000259032,0.000018830,-0.000034140,0.056122121
1609060364.220535994,0.047331502,-0.018724593,-0.022701025,0.000351740,-0.000123126,-0.000146439,0.055333733
1609060364.269806147,0.048036851,-0.019578061,-0.022324976,0.000449516,0.000065556,-0.000167732,0.056047923
1609060364.317873001,0.047948975,-0.019316848,-0.021921316,0.000410911,0.000120631,-0.000035863,0.055827020
1609060364.369445086,0.048219346,-0.019468733,-0.021776120,0.000506974,-0.000022317,-0.000153461,0.055876407
1609060364.418934107,0.048188598,-0.019126373,-0.021269198,0.000302656,-0.000052806,-0.000198416,0.055685206
1609060364.470550060,0.048436876,-0.019186367,-0.021009150,0.000306290,-0.000059472,-0.000213235,0.055810944
1609060364.516581059,0.048611135,-0.019123664,-0.020610196,0.000320215,-0.000061600,-0.000232001,0.055773166
1609060364.568826199,0.048489916,-0.020103859,-0.021234085,0.000270386,0.000004300,-0.000070217,0.056368168
1609060364.618486166,0.048561917,-0.019901791,-0.021090636,0.000364372,-0.000146097,0.000022496,0.056205472
1609060364.666870117,0.049590180,-0.020038108,-0.020669271,0.000403415,0.000091364,-0.000075138,0.056996946
1609060364.718618155,0.049779422,-0.019544660,-0.020360366,0.000473405,0.000031166,-0.000029715,0.056812250
1609060364.766618013,0.049682592,-0.020958338,-0.021805965,0.000310503,-0.000046424,-0.000196683,0.057808930
1609060364.816910982,0.049780721,-0.020313013,-0.021808018,0.000388377,0.000111313,-0.000026214,0.057716581
1609060364.866990089,0.049402995,-0.021257237,-0.021908092,0.000290333,-0.000033732,-0.000153898,0.057755828
1609060364.917939186,0.049255261,-0.021261363,-0.021728908,0.000317779,-0.000033161,0.000036970,0.057613082
1609060364.968490124,0.048925691,-0.020860846,-0.022006790,0.000252330,0.000033302,-0.000003276,0.057356919
1609060365.018791199,0.048736650,-0.020607198,-0.021824169,0.000348575,-0.000112449,-0.000125624,0.056853033
1609060365.069586039,0.048338900,-0.020489296,-0.021908427,0.000349153,-0.000110341,-0.000122836,0.056506014
1609060365.116973162,0.048114107,-0.020266435,-0.021710440,0.000294942,-0.000041077,-0.000170892,0.056211118
1609060365.167543173,0.048447588,-0.020985612,-0.022460000,0.000457233,-0.000050459,-0.000144457,0.056915185
1609060365.216737032,0.048435803,-0.020886335,-0.022301360,0.000484481,-0.000056316,-0.000183928,0.056766185
1609060365.269127131,0.049035987,-0.021071921,-0.022587707,0.000390576,0.000110343,-0.000250328,0.057567550
1609060365.317117214,0.049121588,-0.020896321,-0.022413215,0.000114216,-0.000083058,-0.000040323,0.057753449
1609060365.368606091,0.049912112,-0.022125732,-0.022543082,0.000065035,-0.000000712,-0.000072669,0.058984465
1609060365.419071198,0.050089349,-0.022026411,-0.022362505,0.000064369,-0.000013130,-0.000092099,0.059017406
1609060365.467614174,0.049587710,-0.022582427,-0.022903510,0.000111060,-0.000089327,-0.000047031,0.058960132
1609060365.520151138,0.049823618,-0.022444977,-0.022656225,0.000099009,-0.000060148,0.000013594,0.059055381
1609060365.568042040,0.050687219,-0.022433575,-0.023264672,0.000672148,0.000008775,-0.000064483,0.059526591
1609060365.618832111,0.051138846,-0.022288569,-0.023026964,0.000682031,0.000012436,-0.000069406,0.059751774
1609060365.668703079,0.051387650,-0.022054037,-0.023716322,0.000390677,0.000124731,-0.000006958,0.060454305
1609060365.716791153,0.051337777,-0.021534890,-0.023668350,0.000166939,0.000084516,-0.000046349,0.060364330
1609060365.768277168,0.051869128,-0.020958437,-0.023024354,0.000053714,-0.000000496,-0.000059871,0.060427145
1609060365.817838192,0.052205642,-0.020287754,-0.022529930,0.000162657,-0.000157149,0.000006238,0.060179667
1609060365.869102001,0.050935695,-0.021513127,-0.024081455,-0.000130988,-0.000041771,-0.000143903,0.060347590
1609060365.915625095,0.050815109,-0.020633950,-0.023972645,0.000119453,-0.000087053,-0.000052568,0.059702551
1609060365.967102051,0.050326922,-0.020288077,-0.024156562,0.000205407,-0.000232716,-0.000163459,0.059076669
1609060366.017361164,0.049835226,-0.018936793,-0.024029745,0.000354080,-0.000118558,-0.000141596,0.058078855
1609060366.071130037,0.050229700,-0.020440186,-0.024082206,0.000544710,-0.000089497,-0.000083907,0.058810434
1609060366.166268110,0.050417745,-0.020222236,-0.024221510,0.000384117,-0.000176545,-0.000048651,0.059072166
1609060366.217751026,0.050235060,-0.020852102,-0.023907652,0.000087884,-0.000368910,-0.000035229,0.059196225
1609060366.266285181,0.048864640,-0.020389533,-0.024657475,0.000092678,-0.000059805,0.000021112,0.058318390
1609060366.319833040,0.048387586,-0.021452606,-0.024299730,-0.000047252,0.000040180,0.000117196,0.058344319
1609060366.368166208,0.049171835,-0.021217151,-0.024165791,-0.000108373,-0.000091024,-0.000028616,0.058800131
1609060366.417719126,0.049026964,-0.021343742,-0.023656441,0.000242615,-0.000287834,0.000146380,0.058222317
1609060366.467580080,0.048496903,-0.023021903,-0.023403601,-0.000034002,-0.000166907,-0.000013477,0.058520915
1609060366.517288208,0.048944778,-0.022395105,-0.022641188,0.000236429,-0.000296243,-0.000080591,0.058050353
1609060366.569877148,0.049499051,-0.022509733,-0.023740477,0.000393389,0.000124568,-0.000010204,0.059049162
1609060366.617144108,0.048635215,-0.021801337,-0.023195346,0.000385275,-0.000309961,0.000173706,0.057758536
1609060366.668351173,0.051196304,-0.022119024,-0.023085268,0.000403792,0.000110579,0.000175767,0.060125787
1609060366.715952158,0.052897934,-0.021579509,-0.022413493,-0.000613854,-0.000060705,0.000356339,0.062008351
1609060366.768293142,0.053564548,-0.021515273,-0.022707975,-0.000306125,-0.000446384,0.000052128,0.062160838
1609060366.818122149,0.052667108,-0.021246277,-0.023027876,0.001024256,0.000137844,-0.000021976,0.060444489
1609060366.867343187,0.053404435,-0.022255700,-0.022173638,0.000418142,0.000152065,0.000227344,0.061737016
1609060366.917598009,0.050909196,-0.021487481,-0.022423190,-0.000325635,-0.000062576,0.000476609,0.060070252
1609060366.967342138,0.049302673,-0.021716066,-0.022613685,0.001656293,-0.000071272,0.000044147,0.057026766
1609060367.018635988,0.048080623,-0.021553837,-0.023029418,0.000802165,0.000341478,0.000332733,0.057100329
1609060367.066863060,0.048567706,-0.021392268,-0.022678083,-0.000590914,0.000086231,0.001009948,0.058643147
1609060367.120592117,0.048030094,-0.021532660,-0.023032814,0.000176782,-0.000147327,0.000446900,0.057433169
1609060367.168382168,0.048041021,-0.021467176,-0.023098937,0.000698040,0.000075106,0.000454988,0.057098295
1609060367.220067024,0.047405705,-0.020767108,-0.023147323,-0.000617461,0.000036455,0.000738189,0.057528518
1609060367.268805027,0.047767660,-0.020708501,-0.022786263,-0.000389047,-0.000109275,0.000690649,0.057398275
1609060367.316627979,0.047305951,-0.020425208,-0.022243299,0.000459081,-0.000069937,0.000482253,0.055905429
1609060367.374567032,0.045680721,-0.020921775,-0.022759729,-0.000013172,-0.000190865,0.000585093,0.055341514
1609060367.419722080,0.045294493,-0.020627595,-0.022177106,0.000071738,-0.000023967,0.000762706,0.054734286
1609060367.468986034,0.045357495,-0.020876541,-0.022096557,0.000775383,0.000165729,0.000517080,0.054237611
1609060367.518623114,0.045397820,-0.020203015,-0.021108351,0.001005300,0.000191045,0.000525492,0.053428800
1609060367.566896200,0.046757393,-0.021203405,-0.020976279,0.000889959,-0.000018374,0.000532424,0.054911305
1609060367.616783142,0.046830979,-0.021009317,-0.020435518,0.001010969,0.000152422,0.000676674,0.054708474
1609060367.668950081,0.046662829,-0.020361359,-0.021415636,0.000730315,-0.000085094,0.000379515,0.054735285
1609060367.718545198,0.046014062,-0.020178706,-0.021110340,0.000397581,-0.000209806,0.000542911,0.054299941
1609060367.765889168,0.047862944,-0.021125928,-0.022823256,0.000105201,-0.000078862,0.000416649,0.057130327
1609060367.817234993,0.048151130,-0.021012947,-0.022500465,0.000242984,0.000010138,0.000409641,0.057114215
1609060367.868952990,0.046579960,-0.020772098,-0.023060477,0.000339713,-0.000142813,0.000495190,0.055844402
1609060367.922713995,0.047139784,-0.020234246,-0.022790695,-0.000142040,-0.000038417,0.000754198,0.056549132
1609060367.968739033,0.042287973,-0.018933650,-0.021268189,-0.001113061,-0.000305982,0.001167478,0.052287655
1609060368.018198013,0.039807243,-0.018274237,-0.020529692,-0.002591340,-0.000469840,0.001426557,0.050957956
1609060368.068567038,0.032607242,-0.018121571,-0.021905318,-0.004485227,-0.001351842,0.001637312,0.047024786
1609060368.117814064,0.028244929,-0.017610624,-0.021657054,-0.007008597,-0.002171046,0.001762192,0.045051668
1609060368.170260191,0.021757969,-0.018762363,-0.022739212,-0.008981754,-0.002686339,0.001555349,0.042350853
1609060368.217667103,0.017490338,-0.018320748,-0.022223777,-0.011817858,-0.003851114,0.001463996,0.040366462
1609060368.267811060,0.014530994,-0.018085382,-0.022530373,-0.012638625,-0.003852636,0.001484095,0.038954511
1609060368.318669081,0.011062520,-0.016924640,-0.021917588,-0.012800729,-0.003916812,0.001998616,0.036202805
1609060368.367310047,0.008578627,-0.016639305,-0.023615652,-0.012701319,-0.003757035,0.002368789,0.035971936
1609060368.424607038,0.006646024,-0.015123233,-0.023152000,-0.012259085,-0.003807545,0.002900941,0.034120429
1609060368.476238012,0.009943058,-0.011731013,-0.022665478,-0.010112976,-0.002952009,0.004130070,0.034602266
1609060368.523241997,0.010072837,-0.009767888,-0.021498242,-0.009622581,-0.003024745,0.005233767,0.033881850
1609060368.573940992,0.011270469,-0.009332165,-0.019311985,-0.008666150,-0.002535391,0.006737470,0.033499835
1609060368.625032187,0.012201034,-0.007242575,-0.016017249,-0.008485328,-0.001808579,0.009260493,0.033112206
1609060368.676413059,0.009338987,-0.007480491,-0.011114702,-0.008426871,-0.000540116,0.013900029,0.031456817
1609060368.725769997,0.010271855,-0.005251367,-0.001633845,-0.006980668,0.001387151,0.020947916,0.029183136
1609060368.777173996,0.012286085,-0.003377907,0.009385864,-0.003863052,0.003164326,0.043774036,0.038550510
1609060368.824648142,0.013682988,-0.000486850,0.027603602,-0.003041256,0.004224189,0.062690524,0.039153369
1609060368.875344992,0.017352452,-0.000184506,0.051788810,-0.001104869,0.005573438,0.083074624,0.036778103
1609060368.923364162,0.019400721,0.002019448,0.080338347,0.001111218,0.008267013,0.110012053,0.035412806
1609060368.974891186,0.018881977,0.007323407,0.112877057,0.001616823,0.009225935,0.139364636,0.031674864
1609060369.023996115,0.020633562,0.009406087,0.152801906,0.006026772,0.014035969,0.208056706,0.057340100
1609060369.076563120,0.021632004,0.011612362,0.206714450,0.005645943,0.016277352,0.250225514,0.046588937
1609060369.122320175,0.021840944,0.014943736,0.255426306,0.006525430,0.018601496,0.295004927,0.042595908
1609060369.175933123,0.019502860,0.018971387,0.323664609,0.005475035,0.021591195,0.345836221,0.026367094
1609060369.225181103,0.017510793,0.022777431,0.387568769,0.004460880,0.025012164,0.400167667,0.018276392
1609060369.277878046,0.015144773,0.026761202,0.458245940,0.003670517,0.031544681,0.514357305,0.057471953
1609060369.325048208,0.013007741,0.030905332,0.527356478,0.002224844,0.035987753,0.576799261,0.050859518
1609060369.375655174,0.015513786,0.033818376,0.603157180,0.000986345,0.039151329,0.639772380,0.039751223
1609060369.423925161,0.013089760,0.037370236,0.679546299,-0.001116003,0.042314623,0.705078997,0.029633922
1609060369.476325035,0.008064893,0.039330640,0.763265587,-0.004156337,0.045257470,0.774513121,0.017634987
1609060369.526211023,0.004424269,0.041738428,0.846060778,-0.010900538,0.050291649,0.909076917,0.065414380
1609060369.576457024,-0.001179288,0.046455851,0.932167709,-0.016939148,0.051896956,0.979990540,0.050645849
1609060369.624904156,-0.006158976,0.049039237,1.011699798,-0.022175154,0.051526789,1.047043231,0.038882697
1609060369.676457167,-0.009433994,0.046992349,1.093441485,-0.027673429,0.050771761,1.113042541,0.027040014
1609060369.724966049,-0.014303361,0.045835183,1.169291092,-0.032117921,0.050163012,1.177115361,0.019932583
1609060369.776529074,-0.020417671,0.042201602,1.249386360,-0.035790958,0.046619757,1.239326189,0.018896165
1609060369.824362040,-0.025768790,0.039019437,1.319554931,-0.048315656,0.041410133,1.362549445,0.048606634
1609060369.874984980,-0.034760160,0.034679882,1.386795795,-0.053330903,0.036474501,1.420254690,0.038309148
1609060369.922994137,-0.040655243,0.028117252,1.451713928,-0.058678361,0.032198394,1.477099828,0.031399561
1609060369.973376989,-0.047032907,0.020207450,1.524057482,-0.065083831,0.023966201,1.532618070,0.020328496
1609060370.024846077,-0.053960550,0.009508209,1.590138529,-0.072377628,0.016004412,1.588192475,0.019625915
1609060370.077591181,-0.061380258,-0.001368062,1.652875996,-0.083431370,-0.004630554,1.692531060,0.045490872
1609060370.131295204,-0.068992975,-0.014991716,1.719588096,-0.089787416,-0.014949260,1.745325643,0.033088244
1609060370.176069021,-0.075442714,-0.026818578,1.778565095,-0.096869567,-0.026482980,1.797683407,0.028718156
1609060370.225593090,-0.083150708,-0.041430676,1.840010705,-0.103631683,-0.038952007,1.850505250,0.023146266
1609060370.274984121,-0.087507742,-0.059562905,1.904582947,-0.110097413,-0.052760272,1.902116488,0.023720297
1609060370.332502127,-0.096218583,-0.077928411,1.977162896,-0.125957451,-0.082164741,2.012235544,0.046178322
1609060370.379465103,-0.105675990,-0.090970621,2.035107837,-0.132146366,-0.097639112,2.064290997,0.039960060
1609060370.424487114,-0.113350386,-0.106799587,2.091631282,-0.138970158,-0.113620467,2.114148903,0.034784197
1609060370.475898027,-0.127300727,-0.122392879,2.154524163,-0.146695647,-0.130204811,2.165147451,0.023453005
1609060370.524448156,-0.136718202,-0.139974509,2.216251907,-0.153378897,-0.146180621,2.218056271,0.017870375
1609060370.576019049,-0.145620046,-0.158237021,2.282204101,-0.160283271,-0.161757085,2.271150443,0.018697175
1609060370.625375986,-0.155295410,-0.175325383,2.345472070,-0.176451613,-0.193992806,2.375328685,0.041078888
1609060370.675712109,-0.165241982,-0.192511748,2.410081984,-0.184377598,-0.209235434,2.429577604,0.032030184
1609060370.723781109,-0.174613042,-0.208259687,2.470630787,-0.191083444,-0.223693645,2.478888960,0.024034946
1609060370.775207043,-0.185473875,-0.226141455,2.534378294,-0.200568808,-0.238917265,2.530510875,0.020150317
1609060370.824608088,-0.195557864,-0.241156344,2.591779892,-0.210445223,-0.252993012,2.579952839,0.022396860
1609060370.877348185,-0.208377685,-0.261182338,2.646892670,-0.223900228,-0.280567611,2.665764053,0.031190820
1609060370.923455000,-0.218108733,-0.275440594,2.693139080,-0.232597663,-0.294021379,2.705369191,0.026547134
1609060370.976181030,-0.225374323,-0.292282318,2.740939171,-0.240827341,-0.306444307,2.742874947,0.021050057
1609060371.024459124,-0.233793819,-0.306845722,2.783401180,-0.248395824,-0.318086171,2.778800117,0.018993052
1609060371.076410055,-0.241127133,-0.320693608,2.824603057,-0.255354368,-0.329789166,2.812602268,0.020716234
1609060371.125555992,-0.248168634,-0.334309475,2.863046643,-0.262940383,-0.341479720,2.843007667,0.025907094
1609060371.175806999,-0.253351798,-0.348120750,2.898566794,-0.276828065,-0.363164403,2.904519843,0.028511145
1609060371.226459980,-0.258890660,-0.360873176,2.933819647,-0.282855212,-0.373743247,2.931824766,0.027274860
1609060371.275564194,-0.265223823,-0.375916672,2.963977894,-0.290110462,-0.384411233,2.959635318,0.026652587
1609060371.322875023,-0.269851600,-0.387422760,2.994368714,-0.295871900,-0.394180165,2.985678750,0.028253036
1609060371.381882191,-0.275794521,-0.401457746,3.029833523,-0.306265603,-0.414011999,3.035787875,0.033489556
1609060371.425695181,-0.279327910,-0.412350560,3.056122697,-0.312094368,-0.424202563,3.060710134,0.035144776
1609060371.476238012,-0.286372304,-0.424652575,3.088704073,-0.316266270,-0.433729930,3.084963488,0.031464894
1609060371.523342133,-0.290535007,-0.435784571,3.116670025,-0.320262403,-0.442943325,3.108590964,0.031626525
1609060371.576235056,-0.296384273,-0.449207247,3.150068430,-0.324850774,-0.453096609,3.133294628,0.033269044
1609060371.625576019,-0.301544672,-0.460898092,3.180218409,-0.329130857,-0.462328652,3.157601878,0.035700862
1609060371.677156210,-0.312145404,-0.472773136,3.209128998,-0.336091099,-0.481092748,3.210284976,0.025376141
1609060371.723249197,-0.317747286,-0.483439107,3.237313582,-0.338919177,-0.490106751,3.231828442,0.022864672
1609060371.773763180,-0.326179850,-0.494233849,3.264816400,-0.341977641,-0.499358827,3.255331405,0.019125918
1609060371.824518204,-0.332466394,-0.506166624,3.292628355,-0.344228459,-0.507845517,3.276648967,0.019912450
1609060371.877555132,-0.336453512,-0.516869477,3.321313162,-0.346992589,-0.517474066,3.298539234,0.025101583
1609060371.924982071,-0.341764780,-0.527985991,3.348197932,-0.352742980,-0.534766093,3.344503812,0.013421519
1609060371.975533009,-0.344435866,-0.540084267,3.379846441,-0.355778269,-0.542945984,3.369988573,0.015297617
1609060372.022653103,-0.348236234,-0.550099517,3.412492850,-0.358431258,-0.550976755,3.397110261,0.018475176
1609060372.076374054,-0.354084086,-0.561997638,3.443657640,-0.360854492,-0.559106565,3.430592133,0.014996806
1609060372.125910997,-0.358667951,-0.571731992,3.483883093,-0.363383761,-0.566907763,3.463888234,0.021102285
1609060372.175580978,-0.360058228,-0.581023706,3.513763430,-0.369859639,-0.585870174,3.527273491,0.017380381
1609060372.223182201,-0.364378867,-0.591644293,3.545717953,-0.374836193,-0.595417886,3.557009098,0.015845681
1609060372.275930166,-0.368944138,-0.603473661,3.577046225,-0.380866921,-0.604897358,3.582063065,0.013013392
1609060372.325079203,-0.374664636,-0.614785892,3.604205313,-0.388001282,-0.615304958,3.606595967,0.013559159
1609060372.376758099,-0.383378567,-0.628667318,3.632903754,-0.394522127,-0.625191931,3.628419746,0.012504543
1609060372.429697990,-0.388877975,-0.640776264,3.651621436,-0.406105729,-0.643790196,3.659128772,0.019032587
1609060372.476099014,-0.398948815,-0.650858822,3.674714681,-0.413418562,-0.653739830,3.670040610,0.015476456
1609060372.524174213,-0.407721780,-0.662435794,3.685326679,-0.421934081,-0.663588713,3.679157219,0.015536440
1609060372.576766014,-0.420592694,-0.675431322,3.689242263,-0.432160168,-0.674308577,3.687114134,0.011815073
1609060372.625241041,-0.434324102,-0.688569427,3.694089178,-0.444138523,-0.685748881,3.692944703,0.010275610
1609060372.677778006,-0.453813504,-0.702296911,3.694346038,-0.472182362,-0.709984860,3.700863736,0.020952324
1609060372.722868204,-0.469745362,-0.715518653,3.694660968,-0.487270871,-0.721973900,3.702916409,0.020419745
1609060372.775847197,-0.490880704,-0.732619962,3.693240827,-0.505848083,-0.735761744,3.704256272,0.018847632
1609060372.825339079,-0.513978983,-0.748617143,3.690657905,-0.526069984,-0.750295347,3.704633878,0.018556307
1609060372.877873182,-0.540954992,-0.766067544,3.687847410,-0.547754742,-0.764950797,3.704518656,0.018039239
1609060372.926480055,-0.567491456,-0.783775174,3.685801102,-0.593420072,-0.795760926,3.703677042,0.033697190
1609060372.973802090,-0.593817198,-0.801237869,3.690020486,-0.620897279,-0.813488992,3.702993153,0.032430093
1609060373.024542093,-0.625245287,-0.821295420,3.687701976,-0.646525992,-0.828963408,3.701829861,0.026669526
1609060373.076001167,-0.659506950,-0.841417482,3.685776856,-0.675289520,-0.846026815,3.700759306,0.022244309
1609060373.124036074,-0.693758454,-0.861823277,3.683384915,-0.709971378,-0.867345766,3.699576746,0.023569731
1609060373.180086136,-0.737854625,-0.888021827,3.683619916,-0.776686276,-0.905831842,3.697216106,0.044832468
1609060373.223744154,-0.772671162,-0.908431670,3.682416578,-0.809920388,-0.924243835,3.696345570,0.042796568
1609060373.277434111,-0.815592538,-0.932657952,3.685475000,-0.848077978,-0.945595600,3.695309579,0.036323623
1609060373.323575020,-0.855876860,-0.955245232,3.684821540,-0.886660876,-0.966654444,3.694019147,0.034094306
1609060373.374325037,-0.899479559,-0.980244832,3.689026960,-0.927886646,-0.989412251,3.693097253,0.030125926
1609060373.424693108,-0.944827212,-1.006572838,3.689147068,-0.968898001,-1.011800549,3.691689048,0.024762744
1609060373.477025032,-1.001497695,-1.036793801,3.693957818,-1.051879550,-1.056883816,3.688286607,0.054535334
1609060373.523668051,-1.048476776,-1.062392338,3.694903464,-1.094512317,-1.079666570,3.687373345,0.049743068
1609060373.575177193,-1.103342448,-1.091879275,3.693405028,-1.137913341,-1.101731043,3.686523392,0.036600013
1609060373.624744177,-1.156225873,-1.120598662,3.695141318,-1.181115114,-1.125059384,3.685982054,0.026893576
1609060373.678225040,-1.216238330,-1.151336321,3.695533564,-1.226890779,-1.149619172,3.685943546,0.014435778
1609060373.725805044,-1.266087705,-1.178686980,3.696278455,-1.313001936,-1.195014514,3.686210798,0.050684230
1609060373.776236057,-1.316814716,-1.206104055,3.693012666,-1.355729032,-1.218154311,3.685770352,0.041376126
1609060373.823961020,-1.365741112,-1.233239592,3.693638670,-1.399104199,-1.240364988,3.687241233,0.034710143
1609060373.877856016,-1.421046080,-1.261276915,3.692605177,-1.442353008,-1.262900504,3.687784823,0.021905639
1609060373.925863981,-1.469494859,-1.287465478,3.691971623,-1.484444625,-1.285211253,3.687999352,0.015631890
1609060373.976363182,-1.519472710,-1.314957524,3.689747316,-1.567414308,-1.328708289,3.687688001,0.049917142
1609060374.024655104,-1.566373252,-1.339927841,3.689029361,-1.607214129,-1.348391728,3.687128827,0.041751965
1609060374.074808121,-1.613530788,-1.363167783,3.689707072,-1.649023558,-1.369894380,3.686998311,0.036225974
1609060374.125483036,-1.659302759,-1.388217173,3.688832195,-1.685574068,-1.388050797,3.686381721,0.026385871
1609060374.175988197,-1.704381690,-1.408672096,3.687997845,-1.723239004,-1.407546138,3.686835862,0.018926603
1609060374.224302053,-1.745434990,-1.430231883,3.687854532,-1.797917876,-1.444865798,3.687996877,0.054485090
1609060374.275952101,-1.789602023,-1.450190371,3.690943376,-1.835056586,-1.463849366,3.689566788,0.047482422
1609060374.324405193,-1.828601640,-1.469582951,3.692078848,-1.868965925,-1.481263362,3.690706180,0.042042737
1609060374.377850056,-1.870259567,-1.489645160,3.694336742,-1.903570178,-1.499197235,3.691736314,0.034750556
1609060374.432549000,-1.911044581,-1.509516432,3.696293037,-1.968480002,-1.532020744,3.694499846,0.061712942
1609060374.480001211,-1.950048021,-1.528425795,3.704452600,-1.997598120,-1.546545850,3.695615118,0.051647356
1609060374.523640156,-1.981610915,-1.543357113,3.707528870,-2.026025194,-1.561168729,3.696887070,0.049021728
1609060374.575245142,-2.021208535,-1.564292972,3.700816909,-2.057039284,-1.576932262,3.697876191,0.038108295
1609060374.626283169,-2.056023341,-1.582588991,3.702283204,-2.083748279,-1.590910205,3.698962254,0.029136635
1609060374.675654173,-2.092615193,-1.602134842,3.699333827,-2.110778832,-1.604898674,3.700056864,0.018386934
1609060374.723823071,-2.127893276,-1.620878038,3.700424537,-2.167963863,-1.634482676,3.703121748,0.042402984
1609060374.773189068,-2.163534658,-1.638534847,3.705686363,-2.196033545,-1.648792723,3.705156372,0.034083465
1609060374.824628115,-2.197637440,-1.658202861,3.708435116,-2.222148694,-1.662712311,3.706574629,0.024991962
1609060374.877428055,-2.231756890,-1.675778662,3.709362713,-2.248622865,-1.676677161,3.708262757,0.016925671
1609060374.925567150,-2.262979287,-1.692702893,3.710995825,-2.274520340,-1.689974631,3.709869223,0.011912537
1609060374.975277185,-2.298426210,-1.709722001,3.714212979,-2.328953165,-1.719049486,3.712064275,0.031992404
1609060375.024696112,-2.331771430,-1.727864905,3.714997202,-2.355256542,-1.733483718,3.712563843,0.024270204
1609060375.075798035,-2.362899627,-1.745789541,3.714189131,-2.380948414,-1.747895274,3.713015132,0.018209094
1609060375.126281977,-2.393004215,-1.764019036,3.714078565,-2.406225117,-1.761805666,3.712766709,0.013468935
1609060375.176793098,-2.423171101,-1.780329275,3.714341210,-2.430835217,-1.775682049,3.712397488,0.009171339
1609060375.225218058,-2.452420811,-1.796825066,3.714209003,-2.482020377,-1.803589936,3.712223930,0.030427591
1609060375.275624990,-2.485847846,-1.814456207,3.713698538,-2.508467546,-1.817974345,3.711809752,0.022969450
1609060375.323940992,-2.516980473,-1.830993102,3.713332450,-2.535161045,-1.832814682,3.711240269,0.018390992
1609060375.377138138,-2.552524857,-1.849674476,3.714237194,-2.562666614,-1.848045568,3.710737090,0.010851696
1609060375.425173998,-2.583432390,-1.866368894,3.714020596,-2.589021184,-1.862751002,3.710833725,0.007381051
1609060375.476772070,-2.617702549,-1.881848908,3.717262548,-2.644489253,-1.893887234,3.710146747,0.030217271
1609060375.524785042,-2.648232618,-1.898217656,3.717868528,-2.668875146,-1.907398328,3.710139740,0.023877455
1609060375.575093031,-2.680027528,-1.915108660,3.717639603,-2.695181908,-1.921734615,3.709786963,0.018309081
1609060375.626551151,-2.712419228,-1.932698483,3.717745408,-2.721371946,-1.936574402,3.709420999,0.012824574
1609060375.677131176,-2.746391299,-1.952120627,3.718865921,-2.748409146,-1.951941765,3.708925636,0.010144603
1609060375.728677988,-2.779192998,-1.969676586,3.718847537,-2.799819626,-1.979743185,3.707335200,0.025677385
1609060375.773073196,-2.805926122,-1.984907232,3.716060664,-2.826089864,-1.994085182,3.706154032,0.024268346
1609060375.823648214,-2.836652187,-2.002123868,3.715095492,-2.850103619,-2.006685726,3.705280717,0.017265033
1609060375.876316071,-2.867400213,-2.021275728,3.711321595,-2.877909843,-2.022328085,3.704206825,0.012734980
1609060375.925800085,-2.896492730,-2.038586005,3.709334999,-2.904726782,-2.037382587,3.702733379,0.010622109
1609060375.977324009,-2.927027652,-2.055781751,3.706867653,-2.955760727,-2.064794138,3.699322032,0.031044309
1609060376.024099112,-2.954102914,-2.071248736,3.704340565,-2.980660314,-2.077920130,3.697273739,0.028279728
1609060376.076449156,-2.983899530,-2.088839672,3.701150866,-3.006103080,-2.091799089,3.694722973,0.023303940
1609060376.129225016,-3.013386342,-2.105566840,3.698640325,-3.030186680,-2.105079179,3.691977757,0.018079795
1609060376.176424026,-3.040424239,-2.119753382,3.697323422,-3.054685928,-2.118329044,3.688399529,0.016883731
1609060376.224507093,-3.067557956,-2.135129507,3.692986678,-3.103212274,-2.145148339,3.680569513,0.039061405
1609060376.275020123,-3.098916582,-2.149984278,3.691712959,-3.127546632,-2.158452461,3.676513946,0.033502237
1609060376.324153185,-3.125584886,-2.165071383,3.686493786,-3.149416054,-2.170676780,3.671895928,0.028503377
1609060376.376890182,-3.155218691,-2.181564959,3.680184002,-3.172692456,-2.183860340,3.666715960,0.022180834
1609060376.425126076,-3.181122606,-2.195483580,3.674688637,-3.193773460,-2.195910726,3.662583117,0.017514856
1609060376.479104042,-3.209806288,-2.212302461,3.667805045,-3.216467049,-2.208941268,3.657648730,0.012602146
1609060376.524039984,-3.232879206,-2.224808166,3.662542088,-3.258545551,-2.232089381,3.648034271,0.030368638
1609060376.576709032,-3.259897151,-2.240362844,3.657548848,-3.278799675,-2.244184290,3.642903744,0.024215448
1609060376.624075174,-3.282566477,-2.254184508,3.652250462,-3.298004064,-2.255987085,3.638533976,0.020729456
1609060376.677000999,-3.307024754,-2.268162365,3.649278654,-3.316517064,-2.267522119,3.633843567,0.018131624
1609060376.726062059,-3.328339227,-2.281568054,3.644876378,-3.352388587,-2.288325418,3.626146245,0.031222613
1609060376.776576996,-3.351800993,-2.294732040,3.640334286,-3.370317540,-2.299898488,3.621333897,0.027029049
1609060376.825327158,-3.371773345,-2.307666783,3.635839171,-3.386066999,-2.310452681,3.617051302,0.023770860
1609060376.875717163,-3.392436525,-2.321077917,3.629776497,-3.401729827,-2.320645697,3.612256467,0.019836928
1609060376.923955202,-3.410636329,-2.332759714,3.623693846,-3.417441578,-2.330508790,3.606843174,0.018311833
1609060376.978782177,-3.431333520,-2.344899473,3.615967225,-3.432538953,-2.340990975,3.600895367,0.015616988
1609060377.024703026,-3.446862319,-2.355449659,3.609592121,-3.458459683,-2.358509477,3.589866174,0.023086236
1609060377.076284170,-3.462750176,-2.365560458,3.603786645,-3.472314873,-2.368717367,3.583267167,0.022858227
1609060377.125343084,-3.477039627,-2.375775411,3.597242945,-3.484576842,-2.378104360,3.576954321,0.021768368
1609060377.175764084,-3.490916293,-2.386019844,3.588659331,-3.495520744,-2.386644702,3.570616448,0.018631614
1609060377.224970102,-3.502902373,-2.395686049,3.581178079,-3.506474491,-2.395227126,3.564232376,0.017324188
1609060377.276504040,-3.513974123,-2.405508859,3.569838439,-3.526659296,-2.411309117,3.550972061,0.023462668
1609060377.323620081,-3.523891558,-2.414316173,3.562643383,-3.535962196,-2.419298588,3.543831965,0.022899655
1609060377.372981071,-3.534156235,-2.423314771,3.555626373,-3.544358330,-2.426236397,3.536641204,0.021749834
1609060377.424736977,-3.542764912,-2.432173305,3.546962231,-3.552618105,-2.433840036,3.529068177,0.020495379
1609060377.477060080,-3.553234182,-2.441153437,3.536688692,-3.561006192,-2.441770593,3.520841907,0.017660850
1609060377.525356054,-3.561430986,-2.450210618,3.526967321,-3.575741190,-2.456745999,3.503795010,0.028008019
1609060377.573468208,-3.569013078,-2.460035894,3.518296860,-3.583006782,-2.464307190,3.494719475,0.027748167
1609060377.624278069,-3.576035896,-2.469687528,3.507703166,-3.589691702,-2.472017367,3.485496389,0.026173462
1609060377.676570177,-3.583135888,-2.479380401,3.494901785,-3.595347052,-2.479632415,3.475841473,0.022637834
1609060377.724879026,-3.588575042,-2.489110766,3.484556905,-3.601147778,-2.487659132,3.466743263,0.021851929
1609060377.775535107,-3.594720294,-2.498876335,3.474901249,-3.612022971,-2.503880428,3.448951098,0.031588509
1609060377.825145006,-3.599708019,-2.508500663,3.464959524,-3.616436032,-2.511374594,3.440199978,0.030018678
1609060377.875771999,-3.607664026,-2.522289558,3.453961337,-3.621723694,-2.520843700,3.431377603,0.026641882
1609060377.924765110,-3.612245315,-2.534041867,3.443793528,-3.625965874,-2.529677064,3.423360289,0.024996450
1609060377.975740194,-3.617723132,-2.546043145,3.433581527,-3.629583207,-2.539261014,3.414810762,0.023216379
1609060378.024561167,-3.622027848,-2.559305030,3.423229108,-3.635860906,-2.560492228,3.399032013,0.027897354
1609060378.075357199,-3.626645477,-2.573008361,3.409871836,-3.638464313,-2.572334033,3.390821827,0.022428609
1609060378.124582052,-3.629931650,-2.588169328,3.398453524,-3.640176363,-2.583481522,3.382709075,0.019360200
1609060378.174213171,-3.634301799,-2.603269617,3.386451310,-3.642342880,-2.596753939,3.373047560,0.016934389
1609060378.226052046,-3.636607639,-2.620406447,3.373508441,-3.644498447,-2.609967504,3.363759306,0.016318150
1609060378.276415110,-3.637560224,-2.636872360,3.361166383,-3.645400001,-2.639069770,3.345635012,0.017536083
1609060378.324060202,-3.637741869,-2.655351873,3.349812202,-3.645720149,-2.654334232,3.336803951,0.015293892
1609060378.373277187,-3.638983500,-2.673623309,3.341588674,-3.645522240,-2.671898504,3.327975135,0.015200610
1609060378.423891068,-3.638019541,-2.694231278,3.331453335,-3.644404456,-2.687688442,3.320635545,0.014163348
1609060378.477568150,-3.637643712,-2.715789029,3.322729836,-3.642555575,-2.706188321,3.312997820,0.014526256
1609060378.526171207,-3.634805864,-2.738545097,3.314221705,-3.638592069,-2.746037331,3.298765928,0.017588348
1609060378.574408054,-3.631679549,-2.759494854,3.305570240,-3.635136457,-2.766203155,3.292665219,0.014949617
1609060378.623176098,-3.627383193,-2.783408352,3.298089657,-3.631790212,-2.787288031,3.286938559,0.012602408
1609060378.676959991,-3.621667848,-2.809340628,3.289678590,-3.628051809,-2.809903296,3.281245434,0.010591962
1609060378.726022005,-3.615700014,-2.834253695,3.283627542,-3.623568807,-2.832183282,3.276283789,0.010960622
1609060378.776993036,-3.609307142,-2.860733440,3.279800341,-3.612134117,-2.879055276,3.270310031,0.020826605
1609060378.824391127,-3.601526042,-2.887173888,3.278784298,-3.606332511,-2.903467852,3.270953813,0.018705932
1609060378.877188206,-3.594208841,-2.916875082,3.279915830,-3.599050066,-2.928265005,3.274280360,0.013598762
1609060378.925369024,-3.585591833,-2.944612864,3.285450860,-3.591554965,-2.953193378,3.279915293,0.011824832
1609060378.976911068,-3.575458208,-2.978598678,3.293805444,-3.584765791,-2.980489258,3.286378578,0.012056689
1609060379.027352095,-3.565239475,-3.009854362,3.303790725,-3.568360535,-3.033709838,3.303497641,0.024060561
1609060379.074259043,-3.553463187,-3.041755945,3.314226634,-3.559230228,-3.061752849,3.313754022,0.020817259
1609060379.123567104,-3.541660728,-3.074148875,3.326285307,-3.550707795,-3.087903100,3.323951413,0.016627543
1609060379.172895193,-3.530476737,-3.108568912,3.339821899,-3.541803219,-3.115573310,3.334738512,0.014254529
1609060379.223832130,-3.517843428,-3.143647423,3.353729913,-3.531975395,-3.142700997,3.345793660,0.016235527
1609060379.278740168,-3.505059568,-3.181604451,3.368842108,-3.512527135,-3.199744317,3.366417698,0.019766058
1609060379.324427128,-3.492388536,-3.213941756,3.379495836,-3.501339204,-3.228234457,3.375471175,0.017337637
1609060379.373706102,-3.480342206,-3.247374936,3.390086198,-3.490688696,-3.256363844,3.383699164,0.015120996
1609060379.424789190,-3.465952710,-3.283060040,3.400884552,-3.480199038,-3.283754894,3.391948661,0.016831246
1609060379.477308035,-3.452006432,-3.315578928,3.411181468,-3.469626181,-3.312719800,3.399875350,0.021129564
1609060379.527546167,-3.437083077,-3.349638079,3.420348262,-3.445473909,-3.368499892,3.414188324,0.021543419
1609060379.574175119,-3.424719583,-3.378663153,3.425270107,-3.433834449,-3.397773421,3.419863877,0.021852012
1609060379.624490023,-3.409328557,-3.411719488,3.432387750,-3.421996474,-3.424865858,3.425197845,0.019621363
1609060379.676283121,-3.395621527,-3.445815864,3.437912395,-3.409041724,-3.453201545,3.431210157,0.016720346
1609060379.725444078,-3.380364943,-3.477642582,3.443545287,-3.395672599,-3.481638167,3.436119408,0.017476634
1609060379.778115034,-3.364751827,-3.508993917,3.449665202,-3.382979504,-3.509900341,3.440361359,0.020484904
1609060379.825517178,-3.349180768,-3.539173043,3.453811424,-3.355377424,-3.564908042,3.447713046,0.027163926
1609060379.876507998,-3.334269423,-3.572080405,3.457923491,-3.340890308,-3.593946441,3.451345161,0.023774652
1609060379.924851179,-3.317750396,-3.603123536,3.461337627,-3.326349393,-3.622011318,3.454544537,0.021836600
1609060379.976315022,-3.303687062,-3.635585010,3.465316737,-3.311436577,-3.649173145,3.457969100,0.017282366
1609060380.025951147,-3.286968518,-3.666802335,3.469027173,-3.296229397,-3.677216660,3.461186584,0.015990524
1609060380.076279163,-3.270165085,-3.703349540,3.472043117,-3.263981169,-3.732791610,3.467145278,0.030480569
1609060380.126965046,-3.251283713,-3.736833134,3.475842226,-3.247626910,-3.759228811,3.469813466,0.023479448
1609060380.175324202,-3.232873700,-3.769929101,3.478822264,-3.230427052,-3.787593504,3.472912172,0.018786868
1609060380.224295139,-3.213235857,-3.802580711,3.482041673,-3.212793666,-3.813505725,3.475750415,0.012614729
1609060380.282178164,-3.191774286,-3.842049460,3.484490027,-3.177083283,-3.868931274,3.480877934,0.030846470
1609060380.327114105,-3.172000074,-3.872645864,3.486765270,-3.158766849,-3.893596025,3.483020459,0.025060948
1609060380.418756008,-3.129819905,-3.933855550,3.490637055,-3.118877583,-3.948070041,3.487788216,0.018163206
1609060380.497653008,-3.093596710,-3.983749221,3.494059046,-3.077827159,-4.001126249,3.492175005,0.023541229
1609060380.579474211,-3.052129131,-4.036256629,3.499357000,-3.033666037,-4.055302445,3.496600571,0.026668837
1609060380.613731146,-3.034152914,-4.058111885,3.501328584,-3.012459704,-4.080141876,3.497979175,0.031098785
1609060380.665153980,-3.006603637,-4.088208598,3.505160587,-2.989451526,-4.106792482,3.500006431,0.025809320
1609060380.732620001,-2.968135446,-4.130144696,3.509606584,-2.943221282,-4.158447404,3.504301888,0.038077535
1609060380.775574207,-2.943762950,-4.155806438,3.513245753,-2.918925174,-4.184842992,3.506794514,0.038751194
1609060380.818601131,-2.918195006,-4.181733913,3.516766147,-2.895610243,-4.209410306,3.509168692,0.036520892
1609060380.869970083,-2.889685244,-4.212018179,3.518262739,-2.869744284,-4.235720658,3.511628346,0.031677509
1609060380.919371128,-2.859105768,-4.241351491,3.521840870,-2.843757789,-4.261059535,3.514565625,0.026017237
1609060380.983446121,-2.818208371,-4.277482742,3.524273725,-2.792390890,-4.311074121,3.520282423,0.042554124
1609060381.026141167,-2.790777071,-4.301964025,3.527087583,-2.763708190,-4.338202091,3.524039633,0.045334443
1609060381.072177172,-2.761314747,-4.328683506,3.531708418,-2.739038107,-4.361036134,3.527310100,0.039525769
1609060381.118996143,-2.730271444,-4.354905976,3.535558322,-2.712726349,-4.385275458,3.530657534,0.035414030
1609060381.169764996,-2.694413228,-4.385691655,3.536806252,-2.684748270,-4.410169573,3.533811099,0.026486804
1609060381.224285126,-2.655417708,-4.416788895,3.540823055,-2.657599471,-4.433790021,3.537173777,0.017524714
1609060381.276952028,-2.618758442,-4.447420824,3.544887636,-2.629382162,-4.458193694,3.541575801,0.015488268
1609060381.325170040,-2.583050449,-4.474623629,3.547783517,-2.571749853,-4.505301022,3.549664122,0.032746643
1609060381.373531103,-2.550963127,-4.501379253,3.550617803,-2.542969473,-4.527967815,3.553401424,0.027903380
1609060381.423969030,-2.515005588,-4.528746180,3.554764061,-2.515737271,-4.550046094,3.557554501,0.021494378
1609060381.474560022,-2.480987114,-4.556241650,3.560645608,-2.485870048,-4.572658524,3.561217156,0.017137195
1609060381.525918007,-2.443652589,-4.583937022,3.565477362,-2.456656413,-4.594424898,3.565090522,0.016710614
1609060381.576167107,-2.409642872,-4.610693184,3.572709190,-2.397126210,-4.639917976,3.573348638,0.031798808
1609060381.623407125,-2.375438606,-4.635694381,3.576592415,-2.369739059,-4.659006717,3.576110427,0.024003795
1609060381.675836086,-2.339758879,-4.662792599,3.579475776,-2.338990918,-4.680719163,3.579742630,0.017944990
1609060381.724457979,-2.305313931,-4.687399998,3.582888550,-2.311621641,-4.699898773,3.582150207,0.014019691
1609060381.777621031,-2.271978454,-4.713039686,3.588594658,-2.281600236,-4.720668621,3.585277094,0.012719496
1609060381.825805187,-2.238207418,-4.736238270,3.592225058,-2.224228243,-4.758817721,3.590440605,0.026616409
1609060381.875913143,-2.205067789,-4.756947381,3.595161571,-2.194593620,-4.778610047,3.592860218,0.024171792
1609060381.926110029,-2.169661562,-4.779738513,3.598116341,-2.164925351,-4.796517304,3.595186120,0.017678963
1609060381.974575043,-2.136403230,-4.799042366,3.601706083,-2.135529153,-4.814622067,3.597363290,0.016197251
1609060382.023908138,-2.101554139,-4.819753437,3.604384741,-2.106703127,-4.832500303,3.598818839,0.014831519
1609060382.077841043,-2.065707776,-4.841623254,3.608835235,-2.076244035,-4.850059419,3.600061920,0.016098220
1609060382.126087189,-2.031147782,-4.860727537,3.610183969,-2.017364729,-4.883191294,3.601616482,0.027712718
1609060382.172864199,-2.001239852,-4.877385274,3.611059465,-1.987544429,-4.900079459,3.601291222,0.028249057
1609060382.224690199,-1.965067614,-4.896591139,3.611927132,-1.956068547,-4.915043538,3.601451123,0.023048232
1609060382.276548147,-1.924330327,-4.919073383,3.612354986,-1.926799166,-4.929882036,3.601992239,0.015175924
1609060382.326167107,-1.888089417,-4.937036405,3.612980290,-1.897272794,-4.944477442,3.601574727,0.016425295
1609060382.376545191,-1.851470033,-4.952751075,3.609380951,-1.866812881,-4.958932058,3.601731780,0.018224087
1609060382.423995018,-1.816113042,-4.968167426,3.609280455,-1.806799975,-4.983947707,3.601621597,0.019859723
1609060382.475164175,-1.782691494,-4.982347671,3.608087047,-1.777145457,-4.996343516,3.600342217,0.016929990
1609060382.524759054,-1.746365929,-4.996160401,3.606879465,-1.747638869,-5.007359531,3.599902901,0.013255690
1609060382.573063135,-1.713212253,-5.008367515,3.605833721,-1.717312518,-5.017600173,3.599550762,0.011896627
1609060382.623972178,-1.674721379,-5.020858527,3.604609130,-1.687691648,-5.027547018,3.598314213,0.015893072
1609060382.680236101,-1.635086715,-5.029839269,3.601980513,-1.626876389,-5.045476120,3.596852331,0.018390726
1609060382.726361990,-1.600748106,-5.038807448,3.601360330,-1.596278161,-5.053008703,3.596804589,0.015569548
1609060382.773458004,-1.567497742,-5.046350044,3.601083228,-1.566627308,-5.060709682,3.596698090,0.015039491
1609060382.823677063,-1.529900353,-5.054220167,3.601313892,-1.536866506,-5.067721532,3.596379724,0.015973733
1609060382.877391100,-1.493160897,-5.060093291,3.602396817,-1.506930902,-5.071915734,3.596124881,0.019202093
1609060382.927017212,-1.455355512,-5.065839965,3.603668150,-1.443683911,-5.081787712,3.597529722,0.020693893
1609060382.974920034,-1.422358324,-5.071145820,3.604672711,-1.443684163,-5.081784511,3.597535476,0.024877968
1609060383.024443150,-1.384536368,-5.075618920,3.606279985,-1.376126810,-5.087463838,3.598708603,0.016381348
1609060383.076413155,-1.347068789,-5.077825970,3.607555180,-1.344022801,-5.090456853,3.600129215,0.014965367
1609060383.125964165,-1.308605551,-5.080265037,3.609193477,-1.311826945,-5.093018510,3.600949906,0.015523689
1609060383.175229073,-1.273859316,-5.081011386,3.612419396,-1.249139142,-5.094437498,3.603369662,0.029550722
1609060383.222527981,-1.236646526,-5.081462321,3.614017142,-1.217402464,-5.092801689,3.604199361,0.024398853
1609060383.276117086,-1.197249788,-5.079489162,3.614976327,-1.183891841,-5.092141288,3.605719004,0.020596336
1609060383.323568106,-1.159359903,-5.077896174,3.617518118,-1.150619529,-5.090775835,3.607602327,0.018455426
1609060383.377740145,-1.111258683,-5.072495055,3.621054264,-1.115081411,-5.086617119,3.609911233,0.018390570
1609060383.424261093,-1.071122921,-5.068916085,3.624128395,-1.045434165,-5.079785467,3.614086761,0.029646079
1609060383.476530075,-1.026013086,-5.062112038,3.625289634,-1.010411449,-5.075321877,3.615904339,0.022494326
1609060383.524501085,-0.983063051,-5.056287101,3.628018413,-0.974428694,-5.068929856,3.618159820,0.018209428
1609060383.580219984,-0.936309722,-5.048783045,3.629663433,-0.936789178,-5.062412913,3.619499087,0.017009324
1609060383.625110149,-0.895037722,-5.041655109,3.630560745,-0.901807043,-5.056384201,3.621291112,0.018673402
1609060383.677712202,-0.848963967,-5.031564680,3.629996868,-0.825106100,-5.039962241,3.620932975,0.026867658
1609060383.726248026,-0.803808616,-5.022413463,3.630123835,-0.789548506,-5.032055384,3.621140575,0.019416909
1609060383.775644064,-0.759918439,-5.012259442,3.630639957,-0.752495275,-5.023039522,3.620643003,0.016469747
1609060383.826225996,-0.712390696,-5.001120780,3.630596157,-0.717050131,-5.014585277,3.621125962,0.017108116
1609060383.877563000,-0.667163468,-4.988470959,3.628835809,-0.642546503,-4.993610409,3.621801559,0.026113015
1609060383.925773144,-0.621454936,-4.976450125,3.628494853,-0.604845983,-4.982675121,3.621539949,0.019051997
1609060383.977313995,-0.576475744,-4.962168091,3.627986198,-0.565821007,-4.971280485,3.621468142,0.015461054
1609060384.025890112,-0.530361801,-4.949276447,3.628799532,-0.529310211,-4.960029918,3.622914636,0.012303454
1609060384.082066059,-0.480868755,-4.933659287,3.630328374,-0.487529747,-4.945878753,3.624015426,0.015281932
1609060384.127351046,-0.437364874,-4.920371795,3.632159785,-0.409261543,-4.920282804,3.627604520,0.028470258
1609060384.179015160,-0.392166377,-4.905880571,3.635596684,-0.368093867,-4.905713296,3.629676981,0.024790252
1609060384.225046158,-0.348313424,-4.891679338,3.638051666,-0.327854838,-4.891660730,3.632071767,0.021314626
1609060384.277572155,-0.300755969,-4.874963805,3.640962417,-0.288070222,-4.877472304,3.634003163,0.014685092
1609060384.326673985,-0.253341832,-4.858860028,3.643468751,-0.247175737,-4.862935998,3.635802841,0.010648964
1609060384.378116131,-0.208306158,-4.840415616,3.647008207,-0.206330605,-4.846690410,3.637551218,0.011520004
1609060384.426213980,-0.163281477,-4.823735500,3.649854500,-0.126514290,-4.814888516,3.641927355,0.038638515
1609060384.477639198,-0.109855825,-4.802686977,3.653258447,-0.086727994,-4.798607805,3.643666446,0.025368143
1609060384.526020050,-0.061748975,-4.784057917,3.655792787,-0.047144213,-4.782339957,3.645308009,0.018060483
1609060384.577697992,-0.010650505,-4.760525674,3.657688006,-0.006248386,-4.764230152,3.646935822,0.012194723
1609060384.627104044,0.038400421,-4.740161269,3.659577344,0.031113179,-4.747740738,3.648676720,0.015145159
1609060384.679548025,0.085040637,-4.716602265,3.659427251,0.111394155,-4.712075411,3.651084487,0.028010749
1609060384.725043058,0.129365742,-4.696752045,3.660694313,0.151738760,-4.693003602,3.652031775,0.024282551
1609060384.780750990,0.178365536,-4.670309630,3.662300910,0.190024738,-4.674755365,3.653583972,0.015221253
1609060384.825978994,0.222792191,-4.648981133,3.663388344,0.227295921,-4.656899314,3.654295460,0.012870963
1609060384.879726171,0.274181097,-4.624868564,3.663644802,0.264216777,-4.638107881,3.656008833,0.018244868
1609060384.927287102,0.317749792,-4.602651993,3.665557511,0.341314471,-4.598897150,3.661040918,0.024285645
1609060384.978001118,0.360323857,-4.578198328,3.667642177,0.379321240,-4.578131162,3.662872408,0.019587133
1609060385.025215149,0.403062358,-4.554885011,3.669809288,0.414480397,-4.559261101,3.664975289,0.013148738
1609060385.078049183,0.447870933,-4.527940010,3.674020432,0.452318446,-4.537450547,3.666925012,0.012671846
1609060385.128671169,0.491996224,-4.501751627,3.676579997,0.486790870,-4.517020633,3.668790854,0.017913933
1609060385.178465128,0.532256543,-4.476898455,3.678576464,0.560219358,-4.473693369,3.671306412,0.029069662
1609060385.225788116,0.573224314,-4.452661491,3.678595976,0.595879482,-4.452849431,3.670229429,0.024151420
1609060385.277276993,0.612736668,-4.426935372,3.677631729,0.632087112,-4.429403463,3.669671947,0.021068680
1609060385.324550152,0.652248667,-4.402109670,3.676632570,0.666601723,-4.407614877,3.668171096,0.017547480
1609060385.378527164,0.692003506,-4.373819770,3.676199140,0.701512871,-4.385117380,3.667009320,0.017393011
1609060385.428066015,0.732028106,-4.347716523,3.675361997,0.735816357,-4.362172577,3.665637371,0.017829658
1609060385.478852987,0.769493442,-4.321641752,3.673609485,0.806388871,-4.313926343,3.663785917,0.038952570
1609060385.527404070,0.807923840,-4.295727780,3.672674539,0.841749469,-4.289042630,3.662118136,0.036059702
1609060385.578270197,0.850095556,-4.265950706,3.669512437,0.873842456,-4.266309107,3.660703231,0.025330729
1609060385.624525070,0.887322571,-4.240553083,3.667577522,0.907968453,-4.241627806,3.659139687,0.022329454
1609060385.679279089,0.932042564,-4.208200198,3.663937487,0.938842373,-4.218929519,3.657346417,0.014310762
1609060385.728085995,0.972194307,-4.179966201,3.661782500,1.000423313,-4.172642346,3.653697080,0.030263668
1609060385.780771017,1.009716217,-4.149555885,3.658037545,1.033561134,-4.147848299,3.651231718,0.024855889
1609060385.825530052,1.045827080,-4.122957595,3.655510553,1.065329401,-4.123028548,3.649536773,0.020396853
1609060385.878072977,1.084602157,-4.091463422,3.652093590,1.096268176,-4.097349713,3.647909624,0.013720422
1609060385.927165031,1.123963646,-4.061624150,3.649908983,1.128496204,-4.072365182,3.645658743,0.012408803
1609060385.979855061,1.163863210,-4.029505157,3.648155947,1.159984493,-4.047253696,3.643758888,0.018691956
1609060386.026208162,1.200769309,-4.000781072,3.646239527,1.223580025,-3.995188369,3.640350835,0.024213298
1609060386.077979088,1.237382998,-3.969614089,3.643901767,1.255036599,-3.969007400,3.638575366,0.018449614
1609060386.127557993,1.274851056,-3.939240578,3.642580351,1.283067330,-3.945007179,3.636797599,0.011584518
1609060386.179339170,1.309301597,-3.907762751,3.641519471,1.314809186,-3.917867196,3.634654434,0.013400077
1609060386.225568056,1.344731694,-3.878700937,3.639306431,1.347109013,-3.890868784,3.632148324,0.014315957
1609060386.277292013,1.378045210,-3.847404723,3.635785304,1.378408843,-3.863102740,3.629773900,0.016813595
1609060386.327005148,1.414496739,-3.815852138,3.633119758,1.439526831,-3.806389863,3.625316033,0.027873612
1609060386.378152132,1.449154895,-3.783895540,3.629521921,1.469798219,-3.778320631,3.623015060,0.022350966
1609060386.426437140,1.483932453,-3.753024790,3.627246649,1.499270653,-3.750463033,3.620762662,0.016848296
1609060386.479035139,1.514887063,-3.720680898,3.625677465,1.528727945,-3.722053707,3.618667704,0.015575346
1609060386.526904106,1.548320500,-3.689215580,3.623907068,1.558837027,-3.693008254,3.616754708,0.013271698
1609060386.578626156,1.580577826,-3.656656843,3.621867024,1.587611721,-3.663722467,3.615411451,0.011877422
1609060386.626856089,1.614050989,-3.624287240,3.620700021,1.644431950,-3.605338944,3.611989082,0.036849982
1609060386.678795099,1.653663622,-3.584116483,3.619161471,1.674413833,-3.574101532,3.610076531,0.024767048
1609060386.726828098,1.688318051,-3.549880859,3.618222797,1.703207324,-3.543777721,3.609370291,0.018365882
1609060386.777306080,1.722726104,-3.511960405,3.618340142,1.733399784,-3.511794066,3.607829309,0.014981078
1609060386.826637030,1.758522673,-3.475562947,3.617289082,1.762411781,-3.480483801,3.607187248,0.011890628
1609060386.879197121,1.793480108,-3.436806651,3.615412127,1.818887119,-3.417871745,3.605083517,0.033327572
1609060386.927596092,1.827713214,-3.400355112,3.613999200,1.848399636,-3.383942546,3.603368485,0.028465988
1609060386.977253199,1.860011468,-3.362541083,3.611900650,1.876550421,-3.350258176,3.602333483,0.022714257
1609060387.024797201,1.894117179,-3.324020822,3.610503424,1.905357162,-3.315529513,3.601534615,0.016699673
1609060387.077081203,1.924754287,-3.282721743,3.607900103,1.932391820,-3.282234559,3.600974432,0.010321539
1609060387.128638983,1.959896128,-3.240703955,3.606714042,1.960289894,-3.248117435,3.600472542,0.009699023
1609060387.178961039,1.991591972,-3.200289622,3.605348236,1.987603849,-3.212588256,3.599285002,0.014280207
1609060387.228384018,2.023879755,-3.158961313,3.603520692,2.043142011,-3.139247342,3.596958027,0.028332732
1609060387.279007196,2.053240040,-3.116440633,3.601069527,2.069903856,-3.102405538,3.595630281,0.022455558
1609060387.325957060,2.083283350,-3.076317004,3.598973560,2.094675767,-3.066673452,3.593902940,0.015763770
1609060387.378004074,2.110977329,-3.031094681,3.596551922,2.121636529,-3.028572812,3.592234829,0.011773515
1609060387.428513050,2.142507285,-2.985410803,3.594204877,2.147050238,-2.990191831,3.590462647,0.007582937
1609060387.478980064,2.166933410,-2.943144319,3.595027614,2.172680022,-2.949591707,3.589237782,0.010397812
1609060387.526018143,2.192533516,-2.901178238,3.594094339,2.216627874,-2.871601663,3.587369339,0.038736772
1609060387.578428984,2.218853650,-2.855267883,3.592082007,2.239332053,-2.830664958,3.586630990,0.032471256
1609060387.626721144,2.244138814,-2.811433948,3.590226983,2.260217339,-2.790335411,3.585427508,0.026957414
1609060387.678171158,2.264904288,-2.765712145,3.586976725,2.279956365,-2.750059407,3.584187240,0.021894165
1609060387.728655100,2.288826540,-2.719277173,3.584143322,2.299523538,-2.708676191,3.582646263,0.015134325
1609060387.779019117,2.309824471,-2.664459034,3.581386608,2.335235326,-2.625858578,3.578332674,0.046314503
1609060387.827759981,2.331290130,-2.616302870,3.577788402,2.351355947,-2.584567028,3.575550585,0.037613940
1609060387.878028154,2.348913128,-2.563825746,3.573915583,2.366754904,-2.542755674,3.573250981,0.027617361
1609060387.927401066,2.368321414,-2.512241938,3.569838637,2.380939024,-2.499423057,3.570483497,0.017998434
1609060387.978938103,2.379809478,-2.460030301,3.567111858,2.395443900,-2.455051349,3.568147552,0.016440735
1609060388.028403044,2.394770976,-2.408891536,3.564354493,2.407520080,-2.412453426,3.565291712,0.013270459
1609060388.080017090,2.406640161,-2.358159006,3.562422299,2.418562520,-2.369014510,3.562172453,0.016125974
1609060388.127521992,2.418642797,-2.308782842,3.559425289,2.438249639,-2.283334705,3.556590870,0.032250114
1609060388.177268982,2.427082982,-2.258475404,3.557049482,2.447355418,-2.240133094,3.553654297,0.027548853
1609060388.226025105,2.438083638,-2.208004520,3.554194771,2.456339649,-2.196353044,3.551542979,0.021819047
1609060388.279821157,2.446737075,-2.155755004,3.551906045,2.461196393,-2.154512246,3.547389592,0.015199167
1609060388.327994108,2.454850161,-2.107461279,3.549611489,2.468012016,-2.114168388,3.544978544,0.015481729
1609060388.378304005,2.459803341,-2.058468525,3.546899734,2.480309923,-2.023117502,3.539722042,0.041493783
1609060388.427662134,2.467173147,-2.009397316,3.544611862,2.483405882,-1.980877640,3.536727495,0.033749619
1609060388.479194164,2.468754996,-1.959715635,3.542848900,2.487366183,-1.940957230,3.534986254,0.027569462
1609060388.525289059,2.473854068,-1.914223601,3.542225855,2.490149307,-1.898126140,3.533358223,0.024562125
1609060388.588790178,2.475398348,-1.852437124,3.541633348,2.493778899,-1.814857089,3.531487022,0.043047085
1609060388.632841110,2.478135215,-1.809368225,3.541944965,2.495372105,-1.771266485,3.531182640,0.043181948
1609060388.684895992,2.478272093,-1.759039071,3.539599195,2.496257615,-1.729742659,3.530546057,0.035548812
1609060388.727123022,2.480324207,-1.717544406,3.539766731,2.496067849,-1.689466572,3.529351928,0.033833343
1609060388.777594090,2.478957398,-1.670331217,3.538870175,2.496002220,-1.647843327,3.528909470,0.029924017
1609060388.826026201,2.480483687,-1.624736069,3.539112390,2.496319809,-1.608911984,3.529072806,0.024535233
1609060388.879713058,2.480324202,-1.569012765,3.538122797,2.494857608,-1.569134433,3.528334425,0.017522755
1609060388.928493023,2.481713633,-1.521438052,3.538510830,2.493272984,-1.529060946,3.528356355,0.017170919
1609060388.978852034,2.478376892,-1.471983476,3.536862326,2.490272685,-1.446778124,3.528980195,0.028964594
1609060389.026794195,2.478778668,-1.425394485,3.537223267,2.487127478,-1.407571053,3.529079949,0.021300023
1609060389.078282118,2.470558484,-1.379660877,3.536417216,2.483989415,-1.368908137,3.529898068,0.018398658
1609060389.127646208,2.468444439,-1.333386177,3.537291902,2.481967267,-1.332057144,3.530630301,0.015133081
1609060389.177092075,2.465245086,-1.288930080,3.539777344,2.477957750,-1.294272042,3.531111384,0.016286413
1609060389.227483988,2.461934459,-1.242165189,3.541894081,2.469142848,-1.219703367,3.535183685,0.024525981
1609060389.277998209,2.454687267,-1.196785228,3.544038615,2.465066735,-1.182515038,3.536686726,0.019116012
1609060389.327522993,2.450445573,-1.152027602,3.545738778,2.460405461,-1.144387017,3.537510293,0.015009525
1609060389.378243208,2.442435504,-1.109089391,3.547333362,2.453938759,-1.104479062,3.538011276,0.015507459
1609060389.425644159,2.438347929,-1.065779902,3.547143802,2.449458665,-1.068306160,3.538360121,0.014386921
1609060389.480804205,2.429014793,-1.018529413,3.544535136,2.443637368,-1.028556821,3.538592319,0.018699885
1609060389.530208111,2.424018552,-0.973760104,3.544399398,2.430054209,-0.951871000,3.537962868,0.023600655
1609060389.578667164,2.413634740,-0.933017309,3.546939306,2.422929383,-0.913661744,3.538587465,0.023038696
1609060389.625934124,2.407757828,-0.891290690,3.547900440,2.416796052,-0.879063620,3.538976324,0.017630388
1609060389.678423166,2.395099250,-0.847343331,3.549528795,2.408812961,-0.840848080,3.539444196,0.018219586
1609060389.727277040,2.388264622,-0.803509185,3.550338834,2.401143650,-0.806133503,3.539442063,0.017073255
1609060389.779801130,2.374848016,-0.761429855,3.551426411,2.382977274,-0.725363482,3.539394201,0.038879843
1609060389.824541092,2.367219866,-0.721466934,3.552176307,2.374341012,-0.689962896,3.539213918,0.034802854
1609060389.877240181,2.354051210,-0.676925529,3.550824949,2.364396683,-0.651866225,3.538910562,0.029613345
1609060389.926560163,2.344948039,-0.633937920,3.551108570,2.355362312,-0.614141598,3.539074170,0.025400359
1609060389.978195190,2.331141402,-0.582807746,3.548602381,2.345447542,-0.577189881,3.538529059,0.018376557
1609060390.027326107,2.321652428,-0.537319042,3.547640973,2.324646729,-0.503072840,3.538349925,0.035610276
1609060390.076764107,2.305361636,-0.490928446,3.546113116,2.315361014,-0.466552583,3.538028578,0.027559572
1609060390.127235174,2.294585900,-0.442871866,3.543543795,2.304416062,-0.428608568,3.536479968,0.018707523
1609060390.177085161,2.279111400,-0.398475556,3.539191172,2.292974930,-0.391536744,3.534565175,0.016178517
1609060390.226591110,2.267225462,-0.353084415,3.535953250,2.281588373,-0.353040110,3.532662123,0.014735220
1609060390.280389071,2.251539932,-0.305613873,3.533169634,2.270467026,-0.314987946,3.530071114,0.021347341
1609060390.326570988,2.240365476,-0.263004460,3.529545713,2.246741773,-0.242240677,3.524830851,0.022226600
1609060390.378979206,2.225724094,-0.216741744,3.524872397,2.235012807,-0.204070402,3.522247070,0.015929075
1609060390.426268101,2.213780196,-0.173505941,3.520325427,2.223562176,-0.167638001,3.518642353,0.011530506
1609060390.477884054,2.197107367,-0.130741963,3.515986304,2.210603587,-0.130276165,3.513636281,0.013707207
1609060390.528004169,2.183064564,-0.086677873,3.510123180,2.186221161,-0.058122523,3.504026700,0.029369017
1609060390.577238083,2.165287823,-0.046852701,3.504682696,2.174123030,-0.023592317,3.499455133,0.025425061
1609060390.625013113,2.152808441,-0.004624731,3.498823394,2.160438397,0.013042841,3.494420111,0.019742042
1609060390.676635027,2.135295319,0.036972824,3.494284131,2.147209595,0.049302019,3.488845793,0.017987066
1609060390.726636171,2.121740520,0.080654849,3.487981627,2.134311649,0.086783208,3.483565988,0.014665877
1609060390.780335188,2.100211806,0.124572918,3.479212386,2.105397098,0.162159933,3.472537678,0.038525610
1609060390.825442076,2.087184339,0.163759840,3.473711048,2.091274434,0.196874403,3.466490193,0.034138599
1609060390.878334045,2.065322729,0.204675557,3.468489747,2.077631015,0.230117694,3.462026279,0.028992631
1609060390.928623199,2.049153235,0.247105539,3.462782001,2.061179588,0.270057506,3.456876784,0.026576259
1609060390.978664160,2.028220289,0.287357912,3.455355238,2.043378352,0.311812398,3.451938707,0.028973461
1609060391.025667191,2.012506839,0.327055855,3.450532052,2.026826383,0.348986030,3.446960751,0.026433617
1609060391.085714102,1.984761675,0.384314849,3.445025509,1.993473650,0.420492549,3.438767687,0.037734399
1609060391.125485182,1.969992928,0.418962632,3.441344580,1.976906656,0.454493306,3.435100250,0.036731732
1609060391.175955057,1.944144380,0.461438507,3.437780847,1.960028664,0.489411793,3.432679114,0.032570583
1609060391.225903988,1.923724937,0.504755234,3.434104326,1.941535418,0.523617197,3.431048272,0.026121377
1609060391.278138161,1.898008700,0.546665435,3.431002656,1.923026939,0.558312484,3.428376198,0.027721189
1609060391.328149080,1.875247807,0.588853234,3.428438051,1.904285768,0.592502415,3.426784236,0.029313048
1609060391.378519058,1.849970669,0.629399884,3.426381014,1.864604681,0.661542419,3.424593501,0.035362298
1609060391.420211077,1.831001508,0.665041175,3.424913751,1.843532683,0.695955606,3.423253202,0.033398949
1609060391.470527172,1.803576696,0.703227882,3.424076557,1.820488341,0.731209049,3.422716098,0.032723085
1609060391.521433115,1.778076254,0.746441299,3.422804117,1.797678309,0.765705004,3.420852145,0.027552516
1609060391.570142031,1.751530863,0.781800954,3.419322336,1.774204487,0.800049851,3.420301417,0.029121711
1609060391.619429111,1.727559168,0.820158719,3.418400552,1.751948241,0.831761374,3.419588399,0.027034412
1609060391.671687126,1.699083008,0.858140373,3.419715622,1.728466143,0.864278681,3.419208956,0.030021728
1609060391.722023010,1.674333387,0.897527925,3.419120447,1.681110070,0.927864948,3.419648523,0.031089183
1609060391.775783062,1.642762667,0.933818004,3.420431586,1.658519970,0.957679157,3.420453305,0.028594539
1609060391.826857090,1.616690448,0.972506940,3.420670790,1.631132596,0.991103139,3.420339179,0.023547913
1609060391.878179073,1.588049199,1.007923751,3.422902059,1.603833520,1.026856337,3.420535213,0.024762665
1609060391.928951025,1.561300270,1.045708464,3.423970017,1.577221235,1.057574433,3.421210073,0.020047335
1609060391.978355169,1.526930262,1.078732503,3.426992915,1.526878547,1.116799840,3.422285031,0.038357385
1609060392.025657177,1.500739674,1.113051852,3.428551601,1.503857720,1.144788439,3.422282047,0.032499853
1609060392.078227043,1.467155260,1.146813617,3.427854246,1.477818973,1.171911895,3.423488769,0.027616947
1609060392.128297091,1.438884261,1.181814814,3.429220470,1.453289738,1.199303706,3.424701272,0.023104160
1609060392.181913137,1.404392781,1.226484410,3.431513289,1.399331982,1.257368000,3.425969096,0.031782793
1609060392.225656033,1.379008843,1.258808159,3.432708900,1.372859943,1.284113606,3.426476475,0.026777187
1609060392.277301073,1.341411969,1.293557755,3.434644354,1.345674747,1.313052909,3.427497017,0.021197092
1609060392.326452017,1.310794569,1.330335369,3.436835515,1.317443786,1.341979586,3.429047430,0.015506584
1609060392.380200148,1.270970939,1.365894209,3.437527322,1.289769211,1.369908479,3.430732372,0.020387759
1609060392.427337170,1.240174141,1.398658682,3.439088743,1.236294964,1.422877532,3.431777071,0.025594165
1609060392.477635145,1.204357447,1.431340005,3.439728026,1.210851041,1.447682768,3.433124580,0.018784519
1609060392.527090073,1.171464605,1.464941406,3.440608697,1.182831939,1.474831451,3.433677946,0.016585071
1609060392.578356028,1.134679393,1.495755597,3.439860960,1.154180347,1.500444567,3.433669253,0.020990734
1609060392.627631187,1.101500263,1.527283508,3.441400261,1.125893044,1.526895759,3.435276236,0.025152770
1609060392.678007126,1.066100155,1.554164203,3.445234810,1.066970470,1.580042886,3.440517657,0.026319483
1609060392.726713181,1.034316552,1.583736936,3.449484144,1.038070221,1.604938546,3.443984052,0.022222720
1609060392.778137207,0.997920186,1.611119821,3.454598277,1.010750078,1.628683335,3.448088964,0.022703619
1609060392.825527191,0.967030086,1.639114773,3.459581521,0.982409866,1.653651083,3.452123488,0.022438008
1609060392.879384995,0.927010227,1.665621893,3.464107345,0.952964794,1.677779411,3.456366077,0.029687911
1609060392.928017139,0.895466996,1.692521713,3.468829706,0.899804983,1.720468544,3.463616576,0.028757959
1609060392.978950024,0.858922166,1.716558755,3.471857236,0.872637225,1.742579308,3.467126421,0.029791821
1609060393.025929213,0.828483396,1.741436728,3.475676285,0.845759111,1.762417962,3.470267480,0.027711328
1609060393.078571081,0.793062129,1.765766838,3.481003124,0.817762558,1.782062581,3.474762651,0.030242453
1609060393.127781153,0.762171962,1.790094585,3.484872846,0.789539904,1.804096870,3.478492772,0.031397031
1609060393.179360151,0.726743875,1.811377157,3.487152700,0.729634396,1.846752353,3.484827323,0.035569186
1609060393.225460052,0.698278967,1.833230555,3.490316299,0.702777694,1.864311494,3.488327333,0.031467750
1609060393.278164148,0.661413593,1.861499345,3.494839939,0.675633345,1.884195868,3.491818130,0.026953012
1609060393.326492071,0.632112236,1.884505172,3.498061882,0.648428717,1.902407483,3.494790404,0.024442235
1609060393.378987074,0.596215587,1.907257258,3.500745522,0.619258318,1.919989385,3.497945025,0.026474843
1609060393.427626133,0.566657419,1.929865349,3.503831621,0.565936893,1.953996858,3.504173898,0.024144690
1609060393.477944136,0.533671265,1.946287495,3.507627206,0.565937008,1.953994725,3.504169086,0.033353233
1609060393.526420116,0.504393483,1.965707713,3.511236661,0.511919333,1.984538670,3.510480509,0.020293229
1609060393.577835083,0.468962755,1.984517522,3.515436379,0.484190165,1.999827060,3.514271811,0.021624343
1609060393.627587080,0.437785636,2.003636898,3.519522758,0.460133986,2.014345953,3.517524180,0.024862158
1609060393.681843996,0.402714551,2.021161349,3.524875856,0.405087363,2.043094685,3.523175687,0.022126727
1609060393.726659060,0.375344776,2.036830534,3.528435954,0.380006459,2.054977614,3.525981473,0.018896356
1609060393.777696133,0.343767423,2.050308217,3.531976007,0.354244793,2.068484083,3.529149126,0.021169049
1609060393.825637102,0.314681236,2.066809297,3.535743161,0.328303651,2.081269581,3.532666179,0.020103179
1609060393.880216122,0.281535832,2.081610203,3.540957624,0.301356322,2.093710393,3.534883380,0.024003393
1609060393.929346085,0.252485299,2.096362497,3.544475728,0.273918946,2.105199625,3.537647527,0.024168582
1609060393.978819132,0.220254718,2.107079770,3.548019588,0.220665065,2.129383795,3.542593270,0.022958284
1609060394.025839090,0.192337113,2.120066278,3.551052056,0.193215754,2.139655732,3.545007581,0.020519610
1609060394.078690052,0.159513000,2.130193557,3.552004823,0.166283736,2.150408342,3.546410822,0.022040264
1609060394.127166986,0.130647968,2.142998621,3.554394205,0.139656415,2.161683942,3.548576892,0.021543781
1609060394.178130150,0.098120349,2.153306738,3.555500436,0.113566380,2.171057518,3.550850880,0.023985171
1609060394.227622032,0.069101968,2.165216085,3.557864956,0.058388046,2.190898020,3.554230615,0.028063470
1609060394.277701139,0.037016010,2.172991623,3.561137221,0.033303878,2.200531756,3.556613655,0.028154955
1609060394.327140093,0.007510644,2.184057850,3.563855922,0.005952082,2.210326457,3.558890353,0.026779203
1609060394.378655195,-0.031843752,2.198386107,3.567208938,-0.020693242,2.218190860,3.560702251,0.023641047
1609060394.428137064,-0.064041421,2.210589060,3.569792244,-0.049448468,2.227326913,3.562137538,0.023488391
1609060394.480125189,-0.100980611,2.221421333,3.571956147,-0.106217160,2.246517919,3.564710579,0.026641290
1609060394.526715040,-0.132265869,2.232875170,3.573701144,-0.134552503,2.253490591,3.565915706,0.022154849
1609060394.578184128,-0.167745936,2.241071270,3.573143852,-0.164133577,2.261640493,3.567020493,0.021763217
1609060394.625958204,-0.199609152,2.251321272,3.573629959,-0.192773175,2.270488364,3.567828169,0.021160547
1609060394.678415060,-0.236252782,2.261121133,3.572423288,-0.219252106,2.278031382,3.568078363,0.024369200
1609060394.727630138,-0.270686394,2.270608533,3.571874859,-0.250295528,2.284804137,3.567729627,0.025188996
1609060394.778980017,-0.306520367,2.276350416,3.570129522,-0.310616741,2.299864523,3.567183387,0.024049391
1609060394.825003147,-0.338868473,2.285021677,3.569155117,-0.338424966,2.306638486,3.566327817,0.021805430
1609060394.878548145,-0.376716087,2.292731877,3.568048179,-0.370573248,2.312378021,3.564844627,0.020831903
1609060394.926192045,-0.410511250,2.301023386,3.565976290,-0.400573020,2.317893601,3.563245152,0.019769463
1609060394.979655027,-0.448284419,2.308182946,3.563908983,-0.429814236,2.324179840,3.560064512,0.024735162
1609060395.028001070,-0.482694059,2.316473076,3.560962758,-0.494363757,2.335963887,3.554205340,0.023700976
1609060395.079689980,-0.520180822,2.320890680,3.558459980,-0.524853895,2.340122007,3.551015410,0.021144814
1609060395.126984119,-0.554397186,2.328015130,3.555850232,-0.558063264,2.346320630,3.548093155,0.020216421
1609060395.178426981,-0.593819585,2.331468637,3.552430098,-0.593669141,2.351540003,3.545058781,0.021382672
1609060395.228995085,-0.631728781,2.338226149,3.549321224,-0.625903269,2.355068018,3.541689219,0.019386404
1609060395.278118134,-0.669329102,2.342135745,3.543148950,-0.659766009,2.359212682,3.537833668,0.020281192
1609060395.330049992,-0.708590252,2.348501242,3.539925383,-0.726717621,2.368362724,3.531638943,0.028137965
1609060395.379475117,-0.745934263,2.351665139,3.535804072,-0.762629242,2.370736465,3.528655776,0.026335071
1609060395.425306082,-0.780690701,2.356700754,3.533294632,-0.796234335,2.374409475,3.526137854,0.024625654
1609060395.477863073,-0.827960815,2.361444072,3.529939298,-0.830103857,2.378614508,3.522404734,0.018872894
1609060395.528144121,-0.868790070,2.366618440,3.527268505,-0.864174240,2.380104480,3.520917828,0.015604815
1609060395.580636978,-0.915476271,2.367838482,3.522205732,-0.938008368,2.383754128,3.515690498,0.028345219
1609060395.628876209,-0.955654620,2.371644741,3.519562984,-0.972413786,2.386399076,3.513468666,0.023145211
1609060395.679280996,-0.999409142,2.371406478,3.516973580,-1.009772907,2.387209943,3.511824033,0.019587622
1609060395.726664066,-1.038404635,2.372747601,3.514164128,-1.045713195,2.387367174,3.509001218,0.017140672
1609060395.777697086,-1.081181649,2.370186511,3.509980392,-1.083558727,2.387457281,3.506895595,0.017704405
1609060395.827297211,-1.124444470,2.370173852,3.507377556,-1.116987504,2.388005752,3.505089551,0.019463247
1609060395.878175020,-1.170119529,2.366344280,3.504653382,-1.194038769,2.385360893,3.500951638,0.030780911
1609060395.926741123,-1.212877120,2.365479953,3.501965109,-1.231421880,2.384089220,3.499423516,0.026394556
1609060395.978080988,-1.257956091,2.363109876,3.498395956,-1.267818379,2.383294837,3.497005905,0.022508435
1609060396.025374174,-1.299586127,2.361397771,3.495750702,-1.304132709,2.380573230,3.495388339,0.019710427
1609060396.079258204,-1.347277857,2.356389109,3.491829707,-1.343326503,2.377317293,3.494079240,0.021416407
1609060396.127947092,-1.390421438,2.353594554,3.489006721,-1.380025257,2.374061735,3.490300804,0.022992623
1609060396.179615021,-1.437558281,2.346129545,3.489172306,-1.457607850,2.364802360,3.486249674,0.027553602
1609060396.226527214,-1.479233580,2.342012208,3.487846002,-1.497373333,2.359701870,3.484627037,0.025540879
1609060396.277954102,-1.523414606,2.333918269,3.485217971,-1.535574593,2.354651339,3.483154359,0.024124343
1609060396.329421043,-1.568769874,2.327550444,3.483784866,-1.570666890,2.349163394,3.480999755,0.021874074
1609060396.378897190,-1.612641006,2.318729345,3.482000540,-1.609120025,2.341570899,3.479590449,0.023236661
1609060396.428141117,-1.655831785,2.311168669,3.481277817,-1.685299003,2.324661401,3.476439453,0.032768591
1609060396.478668213,-1.699817705,2.299402348,3.481054411,-1.720688178,2.316777396,3.474343017,0.027973411
1609060396.527477026,-1.742293746,2.289567732,3.480403160,-1.762324488,2.305591626,3.473042299,0.026686665
1609060396.578049183,-1.793600332,2.277297638,3.480030964,-1.804750223,2.293479309,3.472155565,0.021170462
1609060396.627701998,-1.838708530,2.265435813,3.479859309,-1.840825096,2.282445315,3.471294628,0.019161335
1609060396.680634022,-1.887451511,2.249928535,3.478048368,-1.878176100,2.270869871,3.470129905,0.024233755
1609060396.727077007,-1.929374660,2.236850132,3.477546986,-1.956144735,2.243156028,3.468466413,0.028963046
1609060396.779548168,-1.976984101,2.216659774,3.474054137,-1.992151123,2.229202380,3.466629350,0.021035279
1609060396.826028109,-2.018147680,2.201061529,3.473317571,-2.028181034,2.214719744,3.465482615,0.018670875
1609060396.878423214,-2.065931279,2.180687613,3.472195418,-2.067998980,2.197125892,3.464259418,0.018370425
1609060396.928431988,-2.110803295,2.160810842,3.471354596,-2.142044792,2.162665288,3.462657496,0.032482452
1609060396.978091002,-2.155249037,2.137850677,3.470382827,-2.176581843,2.145372981,3.461220805,0.024405251
1609060397.067896128,-2.234747645,2.094921058,3.466648486,-2.251937954,2.104837773,3.458476464,0.021462290
1609060397.143000126,-2.301879538,2.056783057,3.464308355,-2.322990791,2.063200891,3.454910853,0.023983049
1609060397.190607071,-2.342900006,2.032828032,3.462805152,-2.360913804,2.039803778,3.453683674,0.021362568
1609060397.238964081,-2.384672465,2.006454740,3.461387885,-2.398070800,2.015432943,3.452146197,0.018588500
1609060397.285953045,-2.425087598,1.978513099,3.459902253,-2.433479178,1.991935735,3.451080042,0.018122284
1609060397.333422184,-2.465858285,1.951295383,3.458437649,-2.469728796,1.967007900,3.450341386,0.018094572
1609060397.386152983,-2.509588715,1.917950935,3.457370368,-2.540664720,1.915514890,3.447574028,0.032674466
1609060397.430253983,-2.546356021,1.891225079,3.456188016,-2.575161775,1.889146332,3.445959789,0.030638363
1609060397.477351189,-2.586757528,1.861429662,3.456298190,-2.610193035,1.861850697,3.444452561,0.026262505
1609060397.527691126,-2.629078176,1.828943787,3.454578415,-2.648270411,1.831797725,3.442754605,0.022722001
1609060397.579995155,-2.672745511,1.792159159,3.451081462,-2.684021634,1.802342110,3.440577348,0.018471055
1609060397.697091103,-2.779025205,1.709262407,3.445605004,-2.786411689,1.715809810,3.437251733,0.012930807
1609060397.745933056,-2.821474104,1.672996217,3.443303002,-2.823099435,1.683672389,3.434811846,0.013737615
1609060397.824478149,-2.889305693,1.607153524,3.436744174,-2.897666722,1.615755322,3.432215943,0.012821957
1609060397.878262997,-2.935198383,1.563955600,3.435818950,-2.938329343,1.577786469,3.431238325,0.014902281
1609060397.926575184,-2.976393133,1.524815102,3.434471234,-2.975094090,1.542112671,3.430336159,0.017832337
1609060397.980239153,-3.021370657,1.478515104,3.432788941,-3.011246735,1.506189430,3.429537880,0.029646779
1609060398.027523994,-3.061584501,1.438657435,3.432171218,-3.082490467,1.435328532,3.430044339,0.021275916
1609060398.078239202,-3.104057212,1.394874224,3.431940696,-3.117509248,1.398973716,3.430479892,0.014138495
1609060398.126496077,-3.144278732,1.352937236,3.432221386,-3.152529242,1.361734850,3.430355646,0.012204504
1609060398.178829193,-3.185206620,1.306504654,3.432559184,-3.184481911,1.327116814,3.430776344,0.020701808
1609060398.226239204,-3.223750307,1.264919115,3.433293109,-3.250387608,1.255171239,3.432125558,0.028388907
1609060398.277672052,-3.266520685,1.218918749,3.434894211,-3.284379509,1.217589850,3.433170750,0.017990938
1609060398.326209068,-3.305540090,1.175391047,3.436201830,-3.317289229,1.180208802,3.433640504,0.012954281
1609060398.377545118,-3.345963547,1.127169823,3.438351772,-3.351859805,1.140228587,3.435178049,0.014675479
1609060398.433663130,-3.389871612,1.075746064,3.440946067,-3.421399412,1.058849202,3.438486412,0.035854651
1609060398.484022141,-3.428884142,1.027908426,3.442770433,-3.452739964,1.021219549,3.440592000,0.024871408
1609060398.527798176,-3.462906176,0.986840845,3.444616281,-3.486030177,0.979960817,3.441821502,0.024287137
1609060398.578746080,-3.500165078,0.938566554,3.446582889,-3.518669857,0.940086813,3.443954820,0.018752194
1609060398.628152132,-3.537507872,0.892017574,3.448476870,-3.551841540,0.898370941,3.445268280,0.016003574
1609060398.678184032,-3.575284497,0.842842382,3.449701094,-3.583204684,0.858222662,3.447383798,0.017454290
1609060398.726467133,-3.611424866,0.796723630,3.451507570,-3.648897426,0.773869633,3.449401363,0.043942394
1609060398.774976015,-3.654384537,0.744938936,3.455485578,-3.680871589,0.731153660,3.451126342,0.030176160
1609060398.825124025,-3.692780264,0.695331409,3.457867834,-3.710646508,0.690172307,3.452752111,0.019287032
1609060398.878898144,-3.734489847,0.636787143,3.458619881,-3.739277238,0.650560493,3.453244031,0.015541044
1609060398.929849148,-3.773229634,0.583967204,3.461025417,-3.801102044,0.563809196,3.455155015,0.034895245
1609060398.978372097,-3.808922785,0.531779732,3.459382884,-3.831316811,0.520888850,3.455336374,0.025228515
1609060399.025608063,-3.843465402,0.481726234,3.459815149,-3.860297576,0.477177876,3.455706452,0.017913432
1609060399.079013109,-3.881800601,0.422289253,3.458514250,-3.890493147,0.431176173,3.455814428,0.012721113
1609060399.128398180,-3.916081845,0.368993846,3.458189577,-3.917501121,0.388658527,3.454891783,0.019989734
1609060399.178855181,-3.949931432,0.314652169,3.458044866,-3.974076838,0.297755135,3.454248049,0.029714075
1609060399.226141214,-3.981511799,0.263937115,3.457565128,-3.999204819,0.256549412,3.453972696,0.019507094
1609060399.278860092,-4.015296133,0.208305777,3.456412015,-4.026326754,0.210945074,3.453258728,0.011772158
1609060399.326719999,-4.044396361,0.157742870,3.456592420,-4.051861689,0.165622164,3.453193101,0.011374083
1609060399.378432035,-4.073764749,0.103041298,3.457939704,-4.079156575,0.117997378,3.452678932,0.016746099
1609060399.471894026,-4.125077102,0.004915148,3.456234466,-4.126477002,0.027909356,3.451951968,0.023431455
1609060399.544891119,-4.162028239,-0.071803253,3.453596850,-4.169692295,-0.059772946,3.450424417,0.014612679
1609060399.593710184,-4.185328600,-0.122426060,3.452217212,-4.190379297,-0.102665531,3.449271291,0.020607438
1609060399.632601023,-4.203065140,-0.162110305,3.451373340,-4.211588543,-0.147740905,3.448103867,0.017024028
1609060399.681473017,-4.224724054,-0.212279337,3.449070969,-4.247713958,-0.232079711,3.446204676,0.030476321
1609060399.727986097,-4.243663205,-0.259444375,3.448199622,-4.265049713,-0.273438252,3.445007450,0.025756578
1609060399.779188156,-4.262730636,-0.309628575,3.444227420,-4.279902759,-0.313162531,3.444988294,0.017548492
1609060399.827403069,-4.279757429,-0.356867818,3.443806154,-4.296510665,-0.354417933,3.444685072,0.016954214
1609060399.879662991,-4.302332924,-0.414120328,3.444452977,-4.310386889,-0.396133813,3.445410569,0.019730638
1609060399.926999092,-4.317679647,-0.461685083,3.444698427,-4.338541748,-0.481734625,3.446053493,0.028966319
1609060399.977424145,-4.333759466,-0.514282585,3.444411953,-4.350508010,-0.521264273,3.446268467,0.018240185
1609060400.026029110,-4.347381203,-0.563059487,3.444097291,-4.363313211,-0.563567667,3.446673513,0.016146952
1609060400.078128099,-4.359713043,-0.611048845,3.445069170,-4.373012557,-0.603017734,3.447031515,0.015659712
1609060400.129971981,-4.370301592,-0.658534536,3.444982438,-4.382564616,-0.642795595,3.447132350,0.020067838
1609060400.179473162,-4.379604585,-0.705240120,3.444662834,-4.398903018,-0.725335649,3.446762840,0.027940469
1609060400.227545977,-4.387560796,-0.749379117,3.444824821,-4.405642600,-0.762548956,3.446576592,0.022438026
1609060400.278501987,-4.395119963,-0.794826887,3.445261264,-4.411701530,-0.798645351,3.446112898,0.017036852
1609060400.328487158,-4.401929904,-0.836510722,3.446027708,-4.416868957,-0.832872471,3.445653044,0.015380264
1609060400.381268978,-4.407454986,-0.876833802,3.448180079,-4.421442698,-0.865175081,3.444686003,0.018541586
1609060400.428768158,-4.410339830,-0.910510080,3.447123639,-4.425184629,-0.896628550,3.443468146,0.020650122
1609060400.479042053,-4.411776212,-0.943655001,3.443601951,-4.428901321,-0.955885511,3.439982319,0.021353137
1609060400.529211998,-4.412463067,-0.975466566,3.441203981,-4.429243757,-0.981446411,3.437437676,0.018208108
1609060400.578112125,-4.414167081,-1.004872865,3.438245337,-4.429364328,-1.005410825,3.434335307,0.015701403
1609060400.626744986,-4.413502056,-1.030344872,3.435556193,-4.428406001,-1.027307220,3.431803524,0.015666443
1609060400.680422068,-4.413231861,-1.055959540,3.432091536,-4.427251840,-1.048595934,3.429035551,0.016128284
1609060400.728835106,-4.411109727,-1.076729713,3.429811797,-4.425667140,-1.068161318,3.426422448,0.017228562
1609060400.779316187,-4.409529945,-1.096184436,3.428668718,-4.419836540,-1.100997335,3.421512010,0.013439061
1609060400.825790167,-4.406712390,-1.110383264,3.426962383,-4.416497297,-1.114051207,3.419226422,0.013001665
1609060400.879508018,-4.402699773,-1.127469816,3.419440216,-4.412829189,-1.125366209,3.417282057,0.010568249
1609060400.927040100,-4.398034522,-1.138624597,3.417030020,-4.407908758,-1.135572262,3.415653543,0.010426504
1609060400.978569984,-4.396702317,-1.154519984,3.419493392,-4.403031139,-1.144823330,3.414297512,0.012691583
1609060401.028685093,-4.391435314,-1.164209485,3.418339196,-4.391226775,-1.159905409,3.411451096,0.008124929
1609060401.079002142,-4.382030098,-1.173934262,3.415562059,-4.384845500,-1.166497762,3.410509488,0.009421066
1609060401.127573013,-4.374725379,-1.183038923,3.413901190,-4.377680883,-1.172660058,3.409631786,0.011605329
1609060401.169844151,-4.367299433,-1.188423366,3.411776244,-4.369988570,-1.177949011,3.408730089,0.011234884
1609060401.221971035,-4.358253530,-1.194494133,3.410467239,-4.362320545,-1.182239496,3.407876031,0.013169325
1609060401.271665096,-4.347967261,-1.198446075,3.409686933,-4.354010928,-1.186050023,3.406871143,0.014075392
1609060401.327571154,-4.335599736,-1.204108384,3.409382329,-4.336220826,-1.194462634,3.407149273,0.009920322
1609060401.378626108,-4.323884490,-1.207881813,3.410236804,-4.326900328,-1.197190224,3.407372220,0.011472192
1609060401.426519156,-4.312151818,-1.210957356,3.411006261,-4.316288638,-1.200436089,3.408551565,0.011568745
1609060401.480786085,-4.299047881,-1.213621273,3.410958060,-4.305714835,-1.203432848,3.408626620,0.012397092
1609060401.529177189,-4.285326054,-1.217377345,3.412769396,-4.283346545,-1.209700035,3.411160858,0.008089928
1609060401.579622984,-4.271156927,-1.220605910,3.416387718,-4.272202640,-1.212960794,3.411427739,0.009172934
1609060401.625693083,-4.257031742,-1.223200112,3.418060079,-4.259487862,-1.214645167,3.412661578,0.010409775
1609060401.678419113,-4.241426181,-1.222572760,3.418512274,-4.246847691,-1.215598083,3.413241026,0.010287126
1609060401.727393150,-4.226886883,-1.219490286,3.420255449,-4.235515013,-1.213628762,3.414529393,0.011899152
1609060401.778926134,-4.212238504,-1.215910496,3.421001888,-4.211614181,-1.206915593,3.416302952,0.010167501
1609060401.830302000,-4.196380619,-1.211162803,3.422336757,-4.199002694,-1.202679517,3.417662288,0.010034544
1609060401.879027128,-4.182775155,-1.206598155,3.423025608,-4.186739951,-1.197305086,3.419073376,0.010849004
1609060401.925945044,-4.168550946,-1.198044657,3.423371221,-4.174713184,-1.190468945,3.420150062,0.010283018
1609060401.979689121,-4.153055381,-1.185017651,3.428108498,-4.161591807,-1.180036250,3.420882330,0.012243465
1609060402.027944088,-4.139137203,-1.169881656,3.429404006,-4.139206953,-1.155086547,3.423039331,0.016106184
1609060402.077647209,-4.124978835,-1.150392214,3.435311865,-4.127443335,-1.138088929,3.424002002,0.016892531
1609060402.128281116,-4.111139045,-1.127958041,3.437864738,-4.115723031,-1.117369672,3.424873562,0.017375187
1609060402.178361177,-4.097750447,-1.098946796,3.435936353,-4.105341131,-1.095957156,3.425789565,0.013019744
1609060402.225638151,-4.084645650,-1.072389335,3.438041683,-4.095129930,-1.073835601,3.427307241,0.015074484
1609060402.278110027,-4.070320072,-1.046525309,3.437112471,-4.071441841,-1.024761700,3.430853175,0.022673593
1609060402.327462196,-4.057352216,-1.015259732,3.438615104,-4.062771173,-0.997223070,3.431036469,0.020300788
1609060402.377845049,-4.045749498,-0.980449062,3.440100852,-4.053918580,-0.970758060,3.433277316,0.014394793
1609060402.425198078,-4.034763764,-0.947093422,3.441528695,-4.043049378,-0.937153000,3.435701940,0.014192056
1609060402.478965998,-4.026405709,-0.907041671,3.441870477,-4.033820351,-0.903288907,3.437020663,0.009621894
1609060402.526862144,-4.018817845,-0.869755232,3.442351625,-4.027324431,-0.870478569,3.437573468,0.009783456
1609060402.579752207,-4.011880615,-0.828682560,3.443324116,-4.014702753,-0.799884992,3.438465725,0.029340559
1609060402.628553152,-4.006050968,-0.789474377,3.443196538,-4.009579352,-0.765100000,3.439002806,0.024982937
1609060402.678928137,-4.000813505,-0.750169604,3.442286653,-4.006589890,-0.732062113,3.438313018,0.019417457
1609060402.729631186,-3.996756802,-0.709801231,3.441628700,-4.003294751,-0.697160049,3.437519538,0.014813152
1609060402.777162075,-3.995535928,-0.670543418,3.443034325,-4.001564888,-0.664754812,3.436379796,0.010683589
1609060402.827563047,-3.993531799,-0.630709560,3.443223674,-3.998939247,-0.598003049,3.435853359,0.033959945
1609060402.879329205,-3.992706955,-0.591376052,3.442088806,-3.998386779,-0.566647337,3.434710110,0.026423756
1609060402.968847036,-3.994084053,-0.523591932,3.442125752,-3.999784486,-0.499536591,3.433774874,0.026093898
1609060403.036223173,-3.999783002,-0.474688216,3.441493080,-4.010445139,-0.437376235,3.431847548,0.039986266
1609060403.130094051,-4.015978484,-0.410017875,3.438728021,-4.027179808,-0.377050223,3.427821227,0.036486901
1609060403.172846079,-4.028193373,-0.379812531,3.436358360,-4.037755225,-0.350366110,3.425199927,0.032909442
1609060403.219709158,-4.040686413,-0.349327628,3.433759077,-4.049685318,-0.322317034,3.421998192,0.030803748
1609060403.290386200,-4.062564992,-0.304467032,3.427038175,-4.076260817,-0.270441399,3.415593948,0.038422515
1609060403.333377123,-4.077457885,-0.277808453,3.424122475,-4.090561741,-0.246691494,3.413335436,0.035444837
1609060403.376505136,-4.096361468,-0.250968706,3.420533118,-4.108065650,-0.221059114,3.410423018,0.033671734
1609060403.426532984,-4.118434822,-0.221183209,3.416468155,-4.127233511,-0.197225041,3.406961181,0.027235883
1609060403.479250193,-4.144429904,-0.190985951,3.411259019,-4.146854035,-0.174651989,3.404524892,0.017833205
1609060403.529406071,-4.168757399,-0.162343106,3.407762210,-4.169133129,-0.150258161,3.401801581,0.013480214
1609060403.586101055,-4.195772938,-0.129973323,3.404615224,-4.214534946,-0.103441026,3.396902748,0.033398474
1609060403.673426151,-4.241221242,-0.084352115,3.400587534,-4.260174799,-0.060839287,3.393474944,0.031027074
1609060403.719946146,-4.267015496,-0.060889607,3.398646313,-4.284325877,-0.039145661,3.391851186,0.028611575
1609060403.767722130,-4.294279713,-0.039531322,3.396132913,-4.309951331,-0.021936185,3.390406446,0.024248318
1609060403.816894054,-4.322424678,-0.016567990,3.394144788,-4.335405918,0.001222472,3.389173323,0.022577170
1609060403.884765148,-4.363100885,0.017168233,3.393499395,-4.389028272,0.041513919,3.387008767,0.036153424
1609060403.930885077,-4.390243542,0.038544171,3.392635445,-4.415808265,0.061528791,3.386473952,0.034925804
1609060403.979072094,-4.417484222,0.061753890,3.392766091,-4.441282033,0.080960008,3.386229950,0.031271902
1609060404.027512074,-4.445646353,0.085639729,3.393069619,-4.467578733,0.102445450,3.386474033,0.028407099
1609060404.078886032,-4.475119302,0.110273658,3.392771437,-4.493536644,0.123507789,3.385863205,0.023707897
1609060404.128934145,-4.502851060,0.134295066,3.392590345,-4.518539360,0.142746892,3.386447740,0.018849078
1609060404.179248095,-4.530990554,0.158940606,3.389927777,-4.564014117,0.183831750,3.386104422,0.041530023
1609060404.229568005,-4.557723211,0.184693974,3.389342915,-4.588078801,0.206272764,3.385407332,0.037451233
1609060404.280018091,-4.586114009,0.209859836,3.392811036,-4.610747053,0.228507973,3.384759726,0.031927472
1609060404.326958179,-4.609890285,0.234183170,3.392866799,-4.634033984,0.251218510,3.384157186,0.030805493
1609060404.377541065,-4.638311519,0.262673368,3.391964622,-4.655622398,0.274504731,3.384114160,0.022389226
1609060404.427803040,-4.661600349,0.289595145,3.391529209,-4.675741354,0.297316552,3.383445027,0.018026152
1609060404.481217146,-4.684635290,0.319706356,3.390068857,-4.713922327,0.345204064,3.381532527,0.039758427
1609060404.527707100,-4.704647056,0.345782206,3.388922523,-4.730028932,0.367221499,3.381224799,0.034104808
1609060404.571979046,-4.723521300,0.369504091,3.387132131,-4.746929920,0.391605784,3.380860447,0.032799120
1609060404.622480154,-4.742804880,0.398777287,3.386700337,-4.761497981,0.414466550,3.381085727,0.025042142
1609060404.672170162,-4.763410955,0.429793266,3.385542703,-4.776940342,0.439982977,3.381130321,0.017502675
1609060404.724748135,-4.782448960,0.461379183,3.385485107,-4.804756028,0.489999393,3.381321589,0.036524739
1609060404.777429104,-4.800764683,0.493879829,3.383894172,-4.817939917,0.517717139,3.381758443,0.029457891
1609060404.828528166,-4.815501961,0.525795587,3.384583481,-4.828646474,0.540685958,3.382768756,0.019944789
1609060404.878906012,-4.828743345,0.557881575,3.386842821,-4.840092325,0.567524408,3.383011082,0.015377445
1609060404.928469181,-4.840930982,0.589021949,3.387187264,-4.848750604,0.591703842,3.383876148,0.008905196
1609060404.978840113,-4.852400592,0.619845568,3.387933715,-4.866208488,0.644932813,3.384760026,0.028811458
1609060405.026875019,-4.862185561,0.651556759,3.387904716,-4.874323968,0.674298288,3.384546737,0.025996040
1609060405.079665184,-4.871471297,0.685727980,3.389454357,-4.882071775,0.702768820,3.384737974,0.020615641
1609060405.127121210,-4.878889460,0.716835406,3.389518152,-4.888130236,0.731767013,3.384567287,0.018244338
1609060405.180289030,-4.888410884,0.751165449,3.390166277,-4.894731192,0.760675200,3.384589266,0.012707663
1609060405.228845119,-4.895019328,0.783902305,3.390629151,-4.900996393,0.789972123,3.383995089,0.010797164
1609060405.281080008,-4.901967079,0.819025262,3.385858048,-4.910288928,0.851082551,3.383674409,0.033191734
1609060405.325997114,-4.907070301,0.849930914,3.384489167,-4.916017947,0.882210462,3.382284520,0.033569182
1609060405.378040075,-4.911202187,0.889119967,3.379811531,-4.920054141,0.913034701,3.380825906,0.025520590
1609060405.427482128,-4.915578535,0.925359534,3.375900226,-4.923778431,0.945421917,3.378941311,0.021885743
1609060405.480834007,-4.921852776,0.969648409,3.372643714,-4.928585614,0.976465610,3.375564401,0.010016773
1609060405.528052092,-4.925677071,1.005089605,3.368252286,-4.937346651,1.037431548,3.369970580,0.034425760
1609060405.577284098,-4.932196147,1.044840418,3.367236266,-4.941328983,1.070228773,3.367175309,0.026981122
1609060405.626881123,-4.938211518,1.086318474,3.363746443,-4.945905352,1.105248336,3.364305328,0.020441309
1609060405.678483009,-4.946082746,1.128759859,3.360070059,-4.951752903,1.138998125,3.361280519,0.011765967
1609060405.728350163,-4.953304321,1.169445310,3.355603447,-4.957110214,1.171267954,3.357800027,0.004757290
1609060405.780021191,-4.962226539,1.209239156,3.350700898,-4.968663755,1.238279619,3.350308871,0.029747941
1609060405.825129032,-4.970587021,1.245332236,3.346178336,-4.977456984,1.271137361,3.345358633,0.026716526
1609060405.879862070,-4.981625171,1.286819761,3.340210547,-4.985221059,1.303628664,3.340779490,0.017198643
1609060405.927932024,-4.990642879,1.325600518,3.335889626,-4.992859770,1.338746112,3.336900235,0.013369464
1609060405.978623152,-5.000498843,1.366277690,3.331432423,-5.000765494,1.372575224,3.332525446,0.006397245
1609060406.030205011,-5.013282410,1.407797408,3.325956411,-5.011129491,1.406599861,3.327593533,0.002957929
1609060406.079104185,-5.026531903,1.444819703,3.317858444,-5.035263960,1.470966464,3.316439318,0.027602822
1609060406.128489017,-5.041299884,1.481873391,3.310379546,-5.047961556,1.504027310,3.310043115,0.023136275
1609060406.177798986,-5.057653426,1.520488716,3.299709367,-5.062702906,1.536828260,3.303432197,0.017502497
1609060406.227044106,-5.074876632,1.556797786,3.291456220,-5.076851652,1.567351285,3.296798240,0.011992257
1609060406.280534029,-5.094905911,1.593880282,3.288809387,-5.093096241,1.600174926,3.290225278,0.006700910
1609060406.329967022,-5.114699422,1.627803804,3.282602647,-5.130363751,1.661111248,3.278551690,0.037029276
1609060406.378149986,-5.134793286,1.661979663,3.274901994,-5.149266502,1.688983738,3.273355724,0.030677109
1609060406.428543091,-5.158394236,1.695995962,3.269050792,-5.171520027,1.718707444,3.267974398,0.026253693
1609060406.480351210,-5.187623962,1.734070450,3.267557427,-5.193102693,1.745316012,3.263272531,0.013222689
1609060406.530244112,-5.214803721,1.765696370,3.263709915,-5.238683296,1.798298680,3.254349977,0.041481962
1609060406.578059196,-5.242915254,1.795238021,3.257887486,-5.260534521,1.822390728,3.251193659,0.033053220
1609060406.621797085,-5.267575746,1.822139822,3.254560675,-5.285687783,1.847737072,3.247376093,0.032169602
1609060406.670320034,-5.298805594,1.850656406,3.249059075,-5.312735616,1.871432221,3.243914818,0.025537098
1609060406.728110075,-5.336123137,1.882927482,3.244016985,-5.341216205,1.895887609,3.241060826,0.014235278
1609060406.779551983,-5.371732680,1.912942062,3.239174910,-5.368379952,1.919714113,3.238686529,0.007572316
1609060406.824823141,-5.402059250,1.937565535,3.236774357,-5.424739830,1.963734917,3.234139650,0.034730202
1609060406.878969193,-5.438405325,1.966872701,3.234835448,-5.451928441,1.984139435,3.233619171,0.021965748
1609060406.927206039,-5.470504406,1.992253473,3.233388168,-5.480224011,2.006372946,3.232202605,0.017182427
1609060406.980704069,-5.505244900,2.020240254,3.232907387,-5.507430190,2.027245513,3.231565480,0.007459884
1609060407.027716160,-5.535014723,2.043217967,3.231075167,-5.563415554,2.068366326,3.228798690,0.038003019
1609060407.079115152,-5.568607900,2.067219902,3.228918562,-5.592787187,2.088664260,3.227226119,0.032362984
1609060407.127367020,-5.600588233,2.091474443,3.227385678,-5.621257585,2.108585153,3.225930003,0.026872245
1609060407.177980185,-5.636377882,2.115221260,3.224263229,-5.651332130,2.129263871,3.224669684,0.020518032
1609060407.227697134,-5.669041111,2.139256761,3.222325499,-5.678667159,2.149298897,3.223125995,0.013933631
1609060407.280601978,-5.701728501,2.162264054,3.220878107,-5.733798819,2.189266897,3.219188798,0.041958463
1609060407.327654123,-5.731442548,2.184471487,3.217992459,-5.761771782,2.209109678,3.215727118,0.039141214
1609060407.378270149,-5.764974944,2.208094124,3.214686150,-5.787626004,2.227476236,3.212160492,0.029918485
1609060407.428651094,-5.795055566,2.230850384,3.209647525,-5.812437499,2.246020677,3.208030771,0.023127544
1609060407.481408119,-5.825829956,2.255420864,3.200357790,-5.837624346,2.266541310,3.202610716,0.016366051
1609060407.527852058,-5.852673737,2.277320504,3.194739235,-5.888118244,2.305519001,3.192290747,0.045359270
1609060407.578287125,-5.884661917,2.301463393,3.185134406,-5.913013302,2.325686420,3.187387745,0.037358180
1609060407.625300169,-5.912048701,2.323367277,3.178724770,-5.936303592,2.344866431,3.182854141,0.032673614
1609060407.681172132,-5.946414592,2.354623425,3.171965922,-5.962095751,2.365624670,3.177563950,0.019956555
1609060407.728523016,-5.974510390,2.379525451,3.166455027,-5.986885100,2.387628692,3.173488718,0.016378912
1609060407.779933214,-6.008558902,2.407720692,3.163491605,-6.038366670,2.430070916,3.164162334,0.037262386
1609060407.826332092,-6.038375525,2.432966888,3.158928063,-6.063224835,2.449893805,3.161159779,0.030149450
1609060407.879067183,-6.072522707,2.460829080,3.153543170,-6.089315578,2.473775290,3.156644736,0.021429526
1609060407.927498102,-6.103003673,2.488541654,3.149696050,-6.118331048,2.498319845,3.152829948,0.018448923
1609060407.977844000,-6.135266076,2.515741637,3.145144752,-6.146100066,2.523450317,3.149262014,0.013919445
1609060408.026247978,-6.165009582,2.540625972,3.141468694,-6.172948903,2.545311123,3.145317229,0.009989729
1609060408.080068111,-6.198399772,2.567409040,3.135782518,-6.226026967,2.588980424,3.139214202,0.035218788
1609060408.129019022,-6.230043769,2.593449425,3.131760345,-6.251462730,2.609626966,3.136697290,0.027292089
1609060408.178281069,-6.261930226,2.619208185,3.127173183,-6.277666828,2.630686350,3.134071326,0.020663332
1609060408.225942135,-6.292892016,2.643840744,3.123724777,-6.306603188,2.654550454,3.130489766,0.018667062
1609060408.279213190,-6.327642470,2.668087904,3.123558265,-6.337786167,2.678065475,3.128097626,0.014934936
1609060408.328937054,-6.360733993,2.692877090,3.121367016,-6.366294200,2.701039791,3.125723531,0.010794666
1609060408.380493164,-6.393773772,2.719608429,3.122373589,-6.423366729,2.744613754,3.121631531,0.038749968
1609060408.428739071,-6.424473282,2.743396518,3.121141538,-6.449945869,2.765452127,3.119557336,0.033731473
1609060408.479394197,-6.456991111,2.766991805,3.116833302,-6.476059599,2.785988954,3.116895597,0.026916590
1609060408.527713060,-6.486455480,2.789464268,3.113571065,-6.503378329,2.806696823,3.113186364,0.024155574
1609060408.579924107,-6.516764038,2.813140905,3.109873529,-6.531505124,2.827133102,3.110353296,0.020330060
1609060408.628437996,-6.545333444,2.834802323,3.108444464,-6.557415999,2.846757298,3.109568086,0.017034438
1609060408.681055069,-6.577576816,2.857068157,3.110423918,-6.582794858,2.865024819,3.109981177,0.009525359
1609060408.727375984,-6.604345641,2.875947083,3.115248505,-6.633230136,2.898883356,3.119173239,0.037091646
1609060408.778818130,-6.636507448,2.897036161,3.125230542,-6.656962401,2.915823432,3.126706219,0.027812664
1609060408.827222109,-6.663195493,2.915263330,3.134745876,-6.680223255,2.931474342,3.135410274,0.023519843
1609060408.878816128,-6.692011341,2.935984428,3.145386674,-6.702481243,2.947167003,3.143612393,0.015421313
1609060408.928865194,-6.718856681,2.955496111,3.155195560,-6.723903034,2.963157463,3.151873866,0.009756826
1609060408.979489088,-6.746340112,2.975058352,3.165780028,-6.769146314,2.992935079,3.169215655,0.029180537
1609060409.026559114,-6.772070441,2.991846449,3.175955561,-6.791638032,3.007752503,3.178743291,0.025370546
1609060409.079119205,-6.801942862,3.011587370,3.186729020,-6.813870670,3.022184125,3.188490096,0.016051953
1609060409.129620075,-6.827619576,3.029638391,3.198143791,-6.835948577,3.036958089,3.197517062,0.011105990
1609060409.179974079,-6.854312198,3.047740349,3.209052209,-6.858609976,3.052069021,3.206560369,0.006589201
1609060409.227297068,-6.881440593,3.066129103,3.218841775,-6.903846950,3.082189643,3.220670293,0.027628414
1609060409.280170202,-6.912478535,3.085252163,3.232054184,-6.927387957,3.096985893,3.227347720,0.019547944
1609060409.327556133,-6.939412498,3.103058917,3.240321883,-6.951736137,3.113318122,3.233138758,0.017570448
1609060409.378501177,-6.969199710,3.122022007,3.246441992,-6.978315963,3.131276224,3.240273470,0.014380447
1609060409.429986000,-7.001274190,3.142137001,3.253939606,-7.004722420,3.147678654,3.245486713,0.010679494
1609060409.481420994,-7.034217349,3.163842407,3.261186660,-7.033066783,3.165772052,3.250727319,0.010697904
1609060409.528619051,-7.064969285,3.183809373,3.266556557,-7.089180742,3.202535543,3.259033863,0.031519122
1609060409.578970194,-7.098752621,3.205271610,3.267002132,-7.121133372,3.221162893,3.261807630,0.027935886
1609060409.628424168,-7.134435020,3.227621319,3.268427174,-7.152734609,3.240158063,3.263846425,0.022650125
1609060409.680056095,-7.172777416,3.252506916,3.273716563,-7.185814859,3.261052586,3.265834367,0.017468040
1609060409.729544163,-7.210523518,3.276623579,3.275196973,-7.220417118,3.281777866,3.268471085,0.013026417
1609060409.781149149,-7.257805249,3.303100275,3.282661794,-7.289729631,3.323050794,3.270537568,0.039549794
1609060409.829326153,-7.298033253,3.327308561,3.285738942,-7.325848084,3.346346740,3.272284022,0.036292588
1609060409.878853083,-7.340418191,3.356156646,3.287671660,-7.360631888,3.368405922,3.274030012,0.027289794
1609060409.927361012,-7.383736423,3.383870238,3.290833295,-7.399310881,3.391227030,3.276189855,0.022607884
1609060409.980737209,-7.430933558,3.414070675,3.290865780,-7.436118839,3.414549071,3.278453783,0.013460077
1609060410.028295040,-7.474014749,3.440969047,3.292379525,-7.511405847,3.461954158,3.282356924,0.044033188
1609060410.078970194,-7.522046512,3.469584508,3.293394844,-7.551601892,3.485580779,3.283740177,0.034965894
1609060410.128543139,-7.569153008,3.498408601,3.294586662,-7.590299923,3.508848998,3.285549804,0.025255865
1609060410.179124117,-7.619324739,3.528766549,3.295814858,-7.631817139,3.534098334,3.287257931,0.016053316
1609060410.228488207,-7.667729778,3.557962047,3.296325164,-7.672476268,3.556881296,3.288971447,0.008818976
1609060410.279890060,-7.716192765,3.587394422,3.296387362,-7.715593526,3.582827181,3.289759814,0.008071132
1609060410.329349995,-7.763632623,3.617139691,3.298046625,-7.795583176,3.634384330,3.292179142,0.036778292
1609060410.377452135,-7.810886294,3.645997440,3.300641702,-7.833840081,3.657581047,3.293491204,0.026686812
1609060410.427040100,-7.857290476,3.675877157,3.301887246,-7.874911812,3.682738301,3.294341723,0.020359805
1609060410.481698990,-7.907129605,3.708223192,3.303662379,-7.913724946,3.709000319,3.295267355,0.010704153
1609060410.527576208,-7.948449964,3.736811737,3.304875322,-7.952092610,3.736517150,3.295382032,0.010172424
1609060410.578217983,-7.995179811,3.768091801,3.300678671,-7.993897067,3.765899529,3.295706903,0.005583008
1609060410.627376080,-8.040021305,3.800632167,3.300530754,-8.074512376,3.823435100,3.297940019,0.041428488
1609060410.679148197,-8.088580434,3.837270673,3.306766234,-8.113471599,3.853113912,3.298560368,0.030625390
1609060410.726834059,-8.131614167,3.870816278,3.307717183,-8.153757664,3.883262601,3.299065795,0.026834529
1609060410.779208183,-8.178111230,3.903030127,3.307126644,-8.192296729,3.913573640,3.299098139,0.019412649
1609060410.828528166,-8.221196777,3.936808723,3.308615915,-8.230586261,3.944176375,3.300923532,0.014199206
1609060410.879283190,-8.269866457,3.978404940,3.313381665,-8.307347926,4.008860388,3.302188325,0.049575052
1609060410.928606033,-8.313676544,4.016532583,3.315779329,-8.344833882,4.042261987,3.304494531,0.041953887
1609060410.978766203,-8.361957813,4.056308344,3.315461628,-8.381844754,4.074291528,3.306239896,0.028353584
1609060411.025828123,-8.403994264,4.093844225,3.316888146,-8.418739799,4.108837422,3.307518514,0.023022094
1609060411.080110073,-8.451204032,4.135777316,3.313491416,-8.457160598,4.143789499,3.308290638,0.011257169
1609060411.129387140,-8.494375896,4.177041844,3.312572366,-8.527240010,4.212174116,3.308076261,0.048317094
1609060411.176635981,-8.535564405,4.217963551,3.310501012,-8.560219373,4.246024466,3.307775636,0.037452771
1609060411.226155996,-8.577265489,4.259914621,3.309359208,-8.594956696,4.281689547,3.307478726,0.028118721
1609060411.277624130,-8.620082184,4.303415525,3.307674382,-8.629288075,4.317966895,3.307172625,0.017226218
1609060411.326937199,-8.660586515,4.346199613,3.306758900,-8.663829321,4.354356281,3.307561404,0.008814252
1609060411.379705191,-8.701595177,4.390973553,3.305939271,-8.695954199,4.388849587,3.306800911,0.006088866
1609060411.427775145,-8.739560025,4.431176660,3.305535055,-8.760647549,4.458088175,3.305826729,0.034190618
1609060411.470930099,-8.773821975,4.467129083,3.306849115,-8.791361406,4.492070276,3.306591489,0.030491984
1609060411.521054029,-8.811684462,4.508827140,3.307889611,-8.823911192,4.528168414,3.307903280,0.022881826
1609060411.580197096,-8.854196046,4.555139168,3.309223391,-8.854979278,4.562859237,3.310098431,0.007808881
1609060411.626838207,-8.887645789,4.592299984,3.310743154,-8.914551498,4.631110544,3.312916850,0.047274748
1609060411.679201126,-8.924345815,4.635562981,3.313599989,-8.942901831,4.662802358,3.315008690,0.032989298
1609060411.728243113,-8.958426411,4.674827898,3.315768351,-8.973812275,4.697414630,3.316451012,0.027337727
1609060411.778196096,-8.991679765,4.713915717,3.317858272,-9.002611575,4.731784318,3.318297857,0.020951959
1609060411.838414192,-9.032338400,4.763715571,3.321614533,-9.064189697,4.805679204,3.324626700,0.052768596
1609060411.878583193,-9.059225121,4.797046964,3.324160942,-9.092052647,4.839513333,3.327946300,0.053808623
1609060411.925848007,-9.089747876,4.835233314,3.327328526,-9.120851046,4.874568944,3.330182574,0.050227926
1609060411.970710993,-9.122896456,4.875262628,3.328909288,-9.148542273,4.908376065,3.333784305,0.042166022
1609060412.021212101,-9.155682337,4.916969616,3.332094956,-9.176797671,4.944046389,3.336087880,0.034568085
1609060412.070445061,-9.189116730,4.960561566,3.334831439,-9.203205317,4.977344834,3.338539435,0.022224212
1609060412.129059076,-9.227449608,5.012038244,3.338628736,-9.258096670,5.049297038,3.344359244,0.048582907
1609060412.171797991,-9.257279082,5.048551966,3.343747239,-9.283635795,5.082999536,3.347704886,0.043554269
1609060412.220314980,-9.289445924,5.091111334,3.347984559,-9.310968204,5.119076352,3.350838966,0.035403367
1609060412.280927181,-9.328895883,5.143827481,3.355036139,-9.337447829,5.154887614,3.354586863,0.013988001
1609060412.328114033,-9.358909155,5.184451491,3.359585323,-9.365246384,5.191334963,3.358942910,0.009378451
1609060412.381548166,-9.392418885,5.230804937,3.364262096,-9.415811768,5.264211902,3.367965506,0.040950793
1609060412.426798105,-9.419692698,5.270346609,3.368857525,-9.441502158,5.299788315,3.370944971,0.036699101
1609060412.481037140,-9.450360638,5.318662345,3.375723471,-9.464695819,5.334142852,3.374834381,0.021117150
1609060412.528138161,-9.477895796,5.359868962,3.380280091,-9.492153734,5.374312812,3.378606071,0.020364575
1609060412.578795195,-9.506692385,5.403244371,3.385747062,-9.518749157,5.413705582,3.381745149,0.016456549
1609060412.628405094,-9.533482107,5.445896534,3.389741361,-9.543198977,5.450949754,3.385282549,0.011825126
1609060412.680060148,-9.562716568,5.490107449,3.392434066,-9.590949967,5.523176545,3.389575903,0.043575900
1609060412.727285147,-9.587724696,5.530811358,3.395294871,-9.613563769,5.558644480,3.391082600,0.038211041
1609060412.778535128,-9.615597691,5.571430357,3.397456484,-9.635515287,5.592455047,3.393229012,0.029268066
1609060412.828056097,-9.640642239,5.611588148,3.400036136,-9.657599551,5.626674465,3.394317328,0.023406242
1609060412.880711079,-9.668040789,5.651749379,3.401581576,-9.679991496,5.658382286,3.395304440,0.015040522
1609060412.929073095,-9.690692529,5.687513299,3.403200674,-9.719199243,5.721520222,3.399489244,0.044529522
1609060412.978442192,-9.714953501,5.722790155,3.404390935,-9.736752146,5.751413558,3.401142069,0.036125271
1609060413.026663065,-9.736105748,5.756519001,3.406294714,-9.756335749,5.780950163,3.401452337,0.032087120
1609060413.079564095,-9.760704783,5.793809605,3.406266964,-9.774241999,5.810991576,3.403553904,0.022041711
1609060413.128509045,-9.781659584,5.826816107,3.408111039,-9.793521675,5.842402056,3.404811657,0.019862450
1609060413.179367065,-9.805380053,5.865341489,3.409385037,-9.829280507,5.897996061,3.408745226,0.040471745
1609060413.225435019,-9.824432468,5.895779171,3.411242894,-9.845538880,5.924289762,3.410064483,0.035492578
1609060413.280374050,-9.849367054,5.930152841,3.414387538,-9.861620072,5.949624334,3.411366988,0.023203432
1609060413.327057123,-9.868650930,5.959289345,3.416217079,-9.877444592,5.974007345,3.412166020,0.017617012
1609060413.379295111,-9.889577516,5.990087384,3.418609382,-9.893091007,5.999527880,3.414048336,0.011057610
1609060413.429748058,-9.908961720,6.018827007,3.420833220,-9.923353379,6.044215240,3.417961897,0.029324508
1609060413.477909088,-9.927039494,6.045410997,3.422817240,-9.937612143,6.066609172,3.419750626,0.023886139
1609060413.527525187,-9.944960735,6.071883265,3.425730778,-9.951776407,6.088334729,3.421732345,0.018250795
1609060413.577910185,-9.962884630,6.097213548,3.430103660,-9.965398880,6.109496445,3.423565846,0.014139803
1609060413.626291037,-9.979400015,6.120697729,3.432822870,-9.979675845,6.129876718,3.426205620,0.011318919
1609060413.681443214,-9.998794408,6.145664972,3.435276094,-9.994041701,6.150071149,3.427559657,0.010077004
1609060413.729362011,-10.015136716,6.167538400,3.437544865,-10.021546810,6.188077148,3.430981574,0.022494583
1609060413.778925180,-10.029540187,6.188816941,3.436486387,-10.034673459,6.205842104,3.432566473,0.018209129
1609060413.825621128,-10.043782162,6.208876422,3.437955878,-10.047386310,6.223604830,3.434300869,0.015597274
1609060413.870529175,-10.056733046,6.226372438,3.440776727,-10.060391991,6.241308128,3.435146419,0.016375685
1609060413.926827192,-10.072562283,6.248277209,3.442727654,-10.073031665,6.257961945,3.436366051,0.011596742
1609060413.980643988,-10.088236358,6.267534894,3.446483653,-10.086426228,6.274578129,3.438065361,0.011124360
1609060414.029057980,-10.100707378,6.284433294,3.449149531,-10.110456767,6.305484886,3.442153971,0.024231343
1609060414.078119040,-10.113592173,6.301938828,3.453208596,-10.122192590,6.320094663,3.445271001,0.021601086
1609060414.129755020,-10.126107730,6.318964048,3.457915156,-10.133808759,6.333925897,3.448592346,0.019237400
1609060414.178076982,-10.138285994,6.334707777,3.461657661,-10.145359824,6.347853656,3.452021990,0.017767930
1609060414.237054110,-10.151755072,6.353035338,3.467502358,-10.167206683,6.374418483,3.459520838,0.027562580
1609060414.278896093,-10.163961252,6.368562773,3.470558861,-10.177966839,6.386555360,3.464009824,0.023722975
1609060414.326367140,-10.174300482,6.382695409,3.475299350,-10.188234498,6.398240264,3.468043668,0.022100775
1609060414.372323990,-10.186875506,6.393958615,3.478755586,-10.197489494,6.408864935,3.472082471,0.019477823
1609060414.422741175,-10.198233759,6.407736638,3.483557835,-10.207347295,6.419573154,3.476242559,0.016633487
1609060414.469741106,-10.209609676,6.420504234,3.487988845,-10.216558605,6.428823310,3.480188256,0.013354543
1609060414.523486137,-10.221762078,6.433075250,3.493217518,-10.225726554,6.438636039,3.484769405,0.010863244
1609060414.571552992,-10.232012554,6.442573524,3.498113885,-10.243232714,6.457982797,3.493200236,0.019684552
1609060414.619873047,-10.241933520,6.452736835,3.502440957,-10.252068980,6.466961590,3.497059684,0.018276468
1609060414.671653986,-10.254751070,6.464094591,3.507181692,-10.260164261,6.475381868,3.500694866,0.014099083
1609060414.721688986,-10.264530369,6.473255082,3.511407661,-10.268517043,6.483702097,3.504631358,0.013074860
1609060414.773606062,-10.274845069,6.481018264,3.516876588,-10.276112772,6.490940425,3.508715708,0.012909544
1609060414.820553064,-10.283935509,6.488628332,3.521374457,-10.284151412,6.498414104,3.512617359,0.013133725
1609060414.871097088,-10.292261074,6.497844834,3.522037380,-10.299617509,6.513045558,3.520400265,0.016966416
1609060414.921655178,-10.301318551,6.506233537,3.526126387,-10.306968768,6.520358333,3.524163557,0.015339085
1609060414.970494986,-10.311253144,6.515746053,3.533262592,-10.314818272,6.527673072,3.528656075,0.013273429
1609060415.021867990,-10.320752871,6.524062042,3.538133545,-10.321796816,6.534432495,3.532651997,0.011776395
1609060415.071359158,-10.327663086,6.532700717,3.542582390,-10.329501543,6.541301761,3.536063077,0.010948028
1609060415.122093201,-10.335192597,6.539505462,3.547502178,-10.343528413,6.552949671,3.544686316,0.016067411
1609060415.169690132,-10.339804288,6.548901356,3.550287742,-10.349530082,6.558146521,3.548536783,0.013532554
1609060415.270138025,-10.353336734,6.561421295,3.561053905,-10.363206947,6.570112975,3.559661959,0.013225125
1609060415.335822105,-10.361306701,6.569686684,3.568180896,-10.374889660,6.580950293,3.569555413,0.017699010
1609060415.385161161,-10.367841785,6.576290978,3.575940556,-10.380185134,6.586508847,3.574555470,0.016083581
1609060415.426522017,-10.372002968,6.580989268,3.580963352,-10.385507975,6.590662524,3.579529241,0.016673745
1609060415.478945017,-10.379354535,6.587829558,3.586340888,-10.390721166,6.595229971,3.584624919,0.013671538
1609060415.527222157,-10.384776189,6.593157935,3.592463291,-10.395086073,6.599065501,3.589514604,0.012242867
1609060415.579497099,-10.391372016,6.596977029,3.598369686,-10.399315209,6.601633383,3.594373820,0.010037076
1609060415.625437021,-10.395489960,6.599972980,3.603858773,-10.407075346,6.605830931,3.604038523,0.012983415
1609060415.671557188,-10.398014056,6.603404426,3.608644892,-10.410777621,6.607541792,3.609420306,0.013439779
1609060415.721713066,-10.401755990,6.605588664,3.614670067,-10.414446842,6.609573560,3.614156059,0.013311698
1609060415.778937101,-10.409551109,6.608872320,3.620610654,-10.417673130,6.612020450,3.619341866,0.008802714
1609060415.826449156,-10.413849965,6.610476878,3.626648094,-10.421627457,6.613170870,3.625245902,0.008349438
1609060415.880214214,-10.419248340,6.610480855,3.634961255,-10.424834853,6.613691147,3.630722769,0.007712319
1609060415.929654121,-10.423298590,6.610663087,3.641166348,-10.430126654,6.613673511,3.640045956,0.007545885
1609060415.978931189,-10.428447143,6.610139874,3.648638170,-10.432765786,6.612973346,3.644330168,0.006725929
1609060416.026129007,-10.431742311,6.608460621,3.655073669,-10.435239915,6.611798425,3.650192584,0.006870164
1609060416.071283102,-10.434988042,6.607831242,3.657612319,-10.437689939,6.610717505,3.655546343,0.004460831
1609060416.132973194,-10.439829414,6.606198199,3.665257380,-10.440474579,6.609763044,3.661252584,0.005400254
1609060416.179527044,-10.442493308,6.605304001,3.668599270,-10.443613860,6.608260705,3.666682625,0.003697468
1609060416.224436998,-10.445778077,6.604134900,3.673130686,-10.449591663,6.605761003,3.676437735,0.005303228
1609060416.281552076,-10.449550593,6.602516779,3.681024335,-10.453500432,6.604559294,3.681166333,0.004448962
1609060416.327483177,-10.453445450,6.600735048,3.686206541,-10.457605830,6.603137691,3.686113786,0.004805211
1609060416.379132032,-10.459723333,6.597142827,3.693680068,-10.461793922,6.600858050,3.691152503,0.004947606
1609060416.428481102,-10.463295303,6.593920385,3.700965690,-10.464483500,6.599204189,3.696635623,0.006933965
1609060416.478361130,-10.469404453,6.589734003,3.708181926,-10.473109436,6.593190664,3.708463675,0.005074917
1609060416.527779102,-10.474868459,6.586651583,3.715972581,-10.478351268,6.590777317,3.714772194,0.005531055
1609060416.578441143,-10.481659523,6.582982005,3.722703628,-10.482976894,6.588346166,3.720397259,0.005985735
1609060416.625756025,-10.487365904,6.579456443,3.729557090,-10.487869569,6.585217097,3.725875031,0.006855390
1609060416.688992977,-10.493063080,6.574518157,3.738870408,-10.499874077,6.577980873,3.739542448,0.007670184
1609060416.735008001,-10.498943226,6.571038428,3.744882515,-10.504487177,6.574561229,3.746493768,0.006763257
1609060416.779157162,-10.504614441,6.566955563,3.751938851,-10.509224206,6.570949464,3.752877012,0.006171007
1609060416.830991983,-10.510871314,6.560567333,3.761467888,-10.515453130,6.565777730,3.759586200,0.007189021
1609060416.901623011,-10.519151529,6.549901444,3.774452993,-10.526250767,6.553616806,3.773877799,0.008033302
1609060416.940310001,-10.522692523,6.543777449,3.780534364,-10.531003380,6.546871059,3.779668487,0.008910136
1609060416.983126163,-10.527941884,6.537084497,3.787432856,-10.536795236,6.538796460,3.786449909,0.009070769
1609060417.031743050,-10.533269028,6.527958123,3.794909966,-10.542507823,6.531103878,3.794049345,0.009797540
1609060417.080188990,-10.540245393,6.519048814,3.800650161,-10.547069218,6.523016706,3.799520896,0.007973957
1609060417.128481150,-10.545114621,6.508304421,3.808166559,-10.552532174,6.512982331,3.806566145,0.008914273
1609060417.178506136,-10.551434681,6.497546075,3.814011213,-10.556291256,6.503639663,3.813060263,0.007849996
1609060417.229984999,-10.555544220,6.484494168,3.821340990,-10.560030568,6.493156084,3.819762286,0.009881721
1609060417.281683207,-10.560476850,6.471421813,3.830405137,-10.566672683,6.467821481,3.830707589,0.007172322
1609060417.327920198,-10.563079829,6.457939339,3.836958852,-10.568988304,6.454998208,3.838170370,0.006710299
1609060417.380889177,-10.566118978,6.440994036,3.842606493,-10.571036873,6.441146152,3.843463581,0.004994340
1609060417.427345037,-10.567319213,6.425837366,3.848698303,-10.573082598,6.426725769,3.846941619,0.006090305
1609060417.482033014,-10.572356289,6.401790860,3.854473492,-10.574211160,6.411461458,3.852597078,0.010024069
1609060417.528115988,-10.573297092,6.384114820,3.860072567,-10.574812618,6.381749326,3.864496236,0.005240346
1609060417.578565121,-10.575336464,6.361723485,3.868720467,-10.575385072,6.363429303,3.867805303,0.001936415
1609060417.628115177,-10.575580786,6.340770682,3.874760063,-10.574400493,6.347455226,3.871236271,0.007648094
1609060417.680741072,-10.575974806,6.321242321,3.879468284,-10.572791039,6.329853086,3.875472404,0.010012427
1609060417.728932142,-10.574798892,6.301309133,3.883823297,-10.571486899,6.311863240,3.879749737,0.011787806
1609060417.780569077,-10.571506153,6.279289888,3.887688014,-10.566963204,6.274797725,3.888370413,0.006425230
1609060417.827723026,-10.568335839,6.257590635,3.891864687,-10.563505754,6.256993976,3.892623286,0.004925565
1609060417.878182173,-10.564081179,6.234164739,3.895609084,-10.559479815,6.237101755,3.896270029,0.005498679
1609060417.928631067,-10.557997048,6.210309951,3.900884165,-10.555517511,6.217211965,3.898656047,0.007664881
1609060417.978594065,-10.551385300,6.187150484,3.907637430,-10.549839448,6.195870110,3.900944343,0.011100404
1609060418.027911186,-10.543691421,6.163231910,3.911762008,-10.538854060,6.154896101,3.908986879,0.010029313
1609060418.080447197,-10.534838981,6.137861034,3.915444058,-10.532453511,6.131367463,3.910449398,0.008532501
1609060418.127730131,-10.525744730,6.114233996,3.919100079,-10.524484270,6.111345071,3.914250539,0.005783829
1609060418.178858995,-10.515919761,6.089284803,3.922174039,-10.517049468,6.088855874,3.917159653,0.005157934
1609060418.229143143,-10.504323509,6.062998919,3.925408656,-10.509626562,6.067229424,3.917718774,0.010254454
1609060418.278476000,-10.495508767,6.037959966,3.927761676,-10.489664297,6.021884973,3.923700466,0.017580008
1609060418.327845097,-10.482345540,6.011294927,3.930320889,-10.478670679,5.998035522,3.924089730,0.015104429
1609060418.379217148,-10.470283848,5.983522204,3.932038836,-10.468606525,5.974056173,3.927273415,0.010729789
1609060418.427738190,-10.456121780,5.956171555,3.934317566,-10.456091056,5.950399441,3.926559964,0.009669469
1609060418.479364157,-10.441767149,5.926126985,3.937766270,-10.443737338,5.923597127,3.931224481,0.007285385
1609060418.530038118,-10.425040204,5.896310552,3.940645691,-10.430318986,5.898947648,3.934096923,0.008815111
1609060418.580530167,-10.409888895,5.864564129,3.943833525,-10.400687955,5.845932592,3.936520902,0.022028752
1609060418.627577066,-10.392366874,5.834854348,3.946790142,-10.385785101,5.818245606,3.937185044,0.020283687
1609060418.679231167,-10.373413284,5.799985194,3.948855687,-10.370237672,5.792265310,3.939369378,0.012636106
1609060418.727707148,-10.354349934,5.768280534,3.952511561,-10.353086870,5.765920286,3.942008232,0.010839097
1609060418.779791117,-10.334274769,5.735108032,3.952385840,-10.336896116,5.739734153,3.944717338,0.009331580
1609060418.826940060,-10.314930619,5.703817478,3.955295596,-10.319781490,5.711526541,3.948332253,0.011465111
1609060418.877894163,-10.294555234,5.669896330,3.957577039,-10.282068726,5.657161959,3.954143942,0.018162138
1609060418.928442001,-10.271017464,5.635861673,3.959768980,-10.265350019,5.631354853,3.958421583,0.007365245
1609060418.980247021,-10.245477298,5.602522995,3.960832428,-10.245467733,5.602675752,3.958610580,0.002227114
1609060419.028758049,-10.222103190,5.570730364,3.963834031,-10.227476738,5.577855323,3.962240211,0.009065336
1609060419.080204010,-10.197445360,5.538196462,3.967691926,-10.187113455,5.521172028,3.967241198,0.019919407
1609060419.127290010,-10.173756316,5.506903940,3.970851240,-10.166400840,5.491617617,3.969712230,0.017002119
1609060419.179020166,-10.148885077,5.472843385,3.975670919,-10.146453425,5.464052880,3.972256729,0.009738717
1609060419.227241039,-10.124076163,5.441274716,3.978937985,-10.125975991,5.435881822,3.976303047,0.006295678
1609060419.280115128,-10.098056998,5.408496351,3.984102736,-10.106768837,5.408621772,3.979505953,0.009851004
1609060419.327326059,-10.073045757,5.377385325,3.989469215,-10.064809287,5.353212512,3.989507129,0.025537536
1609060419.378854990,-10.049670105,5.346447265,4.000275661,-10.043651240,5.325573684,3.997252146,0.021933416
1609060419.471464157,-10.002340627,5.285272263,4.012264704,-10.000273734,5.268369608,4.009397821,0.017268202
1609060419.537253141,-9.968559349,5.242769668,4.022450169,-9.958603231,5.212972437,4.020084791,0.031505464
1609060419.585476160,-9.946686284,5.212761691,4.028491987,-9.937848766,5.185379365,4.027093882,0.028807086
1609060419.629018068,-9.924863422,5.185117743,4.034826043,-9.917568584,5.157872476,4.030832359,0.028486291
1609060419.673011065,-9.903063188,5.154904728,4.040732930,-9.895726963,5.130354288,4.038435684,0.025725894
1609060419.726917028,-9.875636268,5.119591441,4.048114910,-9.875406267,5.102208725,4.041181885,0.018715730
1609060419.777944088,-9.848357496,5.083745173,4.052930479,-9.855991803,5.075945628,4.047514232,0.012184058
1609060419.829607010,-9.821772942,5.048749182,4.059118733,-9.814036285,5.022868433,4.057518647,0.027059736
1609060419.879155159,-9.797778939,5.017930434,4.064925762,-9.794930926,4.996020529,4.064803051,0.022094574
1609060419.928565025,-9.773660266,4.985658307,4.072534653,-9.774287993,4.967847767,4.066096926,0.018948713
1609060419.977845192,-9.748479791,4.952520190,4.077733978,-9.752928294,4.939808002,4.072067045,0.014611743
1609060420.026153088,-9.723356845,4.919848896,4.081739990,-9.731066488,4.910087413,4.074814391,0.014236892
1609060420.080102205,-9.697384034,4.884630569,4.083597564,-9.709219014,4.880888626,4.078904588,0.013270001
1609060420.127996206,-9.673488545,4.853177526,4.087314232,-9.668802405,4.826559536,4.085359276,0.027097955
1609060420.178651094,-9.649352687,4.821540997,4.091644408,-9.649618262,4.801585930,4.087813000,0.020321291
1609060420.225896120,-9.626221288,4.790435599,4.094658669,-9.628757826,4.773464033,4.091219596,0.017501294
1609060420.278553009,-9.603506754,4.755836720,4.096973381,-9.609113624,4.746672054,4.092985843,0.011459867
1609060420.329905987,-9.578232646,4.721709005,4.099164278,-9.588210415,4.719030231,4.096467656,0.010677241
1609060420.379353046,-9.556067628,4.689085527,4.100536357,-9.547532729,4.665121219,4.101721019,0.025466370
1609060420.425460100,-9.533893558,4.659054996,4.102181343,-9.525507892,4.637493367,4.102810315,0.023143441
1609060420.478222132,-9.511358546,4.625388399,4.108387134,-9.507143247,4.610391307,4.104886396,0.015966736
1609060420.527751207,-9.487468084,4.592588718,4.110921684,-9.485237705,4.583495396,4.107031649,0.010138811
1609060420.579862118,-9.464918457,4.558295566,4.114464900,-9.464758035,4.555146001,4.109011933,0.006299234
1609060420.629007101,-9.440809943,4.526112511,4.117201861,-9.423079666,4.501279520,4.112258604,0.030910774
1609060420.681604147,-9.416521114,4.493179253,4.117973635,-9.400918253,4.472320381,4.114261891,0.026311954
1609060420.727938175,-9.393998778,4.463672796,4.120090261,-9.379640627,4.445614952,4.115858110,0.023455347
1609060420.778449059,-9.367128330,4.430941941,4.127503348,-9.357730255,4.418451481,4.116675155,0.019015393
1609060420.827750206,-9.340960152,4.399300481,4.130354952,-9.335015807,4.392347147,4.117349168,0.015900771
1609060420.880737066,-9.310759832,4.366565536,4.129608400,-9.312129174,4.364373845,4.119559721,0.010375672
1609060420.928517103,-9.282729308,4.336636519,4.131340532,-9.265412670,4.313055849,4.120017024,0.031370939
1609060420.978013039,-9.255397654,4.306590520,4.127705976,-9.242721869,4.288846785,4.120990191,0.022817043
1609060421.026174068,-9.226961712,4.276537361,4.128914324,-9.218267301,4.262972315,4.121253125,0.017840886
1609060421.073661089,-9.200315561,4.246824498,4.129485180,-9.193227389,4.238037255,4.121892996,0.013605113
1609060421.120455027,-9.170759772,4.218079269,4.131152938,-9.167288102,4.212744130,4.122801020,0.010500987
1609060421.172883987,-9.140205550,4.189401453,4.132289568,-9.140743431,4.187798402,4.124294625,0.008171794
1609060421.224383116,-9.106191164,4.158928036,4.133433937,-9.087015702,4.138527723,4.125412878,0.029124020
1609060421.280524015,-9.070194045,4.129002523,4.132200531,-9.061320783,4.115286671,4.125777573,0.017553171
1609060421.327854156,-9.038895856,4.102838605,4.132938681,-9.032942533,4.092857448,4.125801413,0.013638407
1609060421.378944159,-9.006579762,4.076324395,4.134410928,-9.004425280,4.071725980,4.124296107,0.011317986
1609060421.427192211,-8.972641132,4.050639730,4.134123878,-8.976530148,4.048318947,4.125702742,0.009561694
1609060421.479579210,-8.937869853,4.024779603,4.133461856,-8.917454569,4.005062024,4.123785249,0.029986721
1609060421.527832985,-8.902857171,3.999455155,4.132534885,-8.886544409,3.983085869,4.122638506,0.025139571
1609060421.580437183,-8.865675909,3.972893575,4.128815252,-8.855689370,3.960513859,4.121865730,0.017357540
1609060421.629995108,-8.828078145,3.948342578,4.127320268,-8.825868652,3.941445887,4.120003438,0.010294766
1609060421.681367159,-8.789407004,3.923633498,4.125379971,-8.759613775,3.899746610,4.116961787,0.039103526
1609060421.727432013,-8.753306126,3.901352818,4.123843523,-8.727202214,3.878345417,4.116152544,0.035635739
1609060421.778424025,-8.714899423,3.877824496,4.119742050,-8.692666247,3.858761638,4.114618082,0.029731493
1609060421.825348139,-8.677306993,3.856036859,4.118048606,-8.658243301,3.839099475,4.113831091,0.025847375
1609060421.880194187,-8.631769221,3.827804130,4.114000651,-8.624228369,3.819559408,4.111530706,0.011442924
1609060421.928580046,-8.590552653,3.805503819,4.110143629,-8.557401909,3.783331071,4.106032833,0.040093657
1609060421.978991032,-8.547063465,3.781942999,4.107358098,-8.521135168,3.764705440,4.102645123,0.031490032
1609060422.027255058,-8.504076119,3.759345697,4.102492840,-8.485499352,3.745497056,4.098196512,0.023565644
1609060422.079162121,-8.461119262,3.737337330,4.097491547,-8.450816201,3.726996795,4.094471779,0.014906332
1609060422.129970074,-8.419518555,3.715217291,4.095229581,-8.417383473,3.710514157,4.090902034,0.006738376
1609060422.180117130,-8.374145441,3.692704342,4.091117811,-8.343606561,3.674727975,4.083033190,0.036347408
1609060422.228345156,-8.331854983,3.672285374,4.086932834,-8.307847104,3.656838406,4.079007655,0.029627614
1609060422.279767036,-8.287295053,3.651792206,4.080839061,-8.269565161,3.639376220,4.073146119,0.022971441
1609060422.327003002,-8.244017619,3.632478384,4.072836284,-8.234578524,3.624697766,4.065875016,0.014074580
1609060422.379480124,-8.198548951,3.613161581,4.061411679,-8.199635565,3.607825904,4.058121351,0.006362110
1609060422.427206993,-8.155862203,3.594842634,4.051496010,-8.131446278,3.578643697,4.040930843,0.031147483
1609060422.478839159,-8.112169691,3.576063780,4.041883506,-8.095982555,3.564976690,4.032300295,0.021835404
1609060422.528550148,-8.067321538,3.557418228,4.031583660,-8.061412881,3.549794767,4.023913252,0.012323333
1609060422.580224037,-8.024737657,3.540067433,4.019352433,-7.992959187,3.521264445,4.007448084,0.038796096
1609060422.627099037,-7.982168938,3.523450931,4.010169206,-7.956900989,3.508230042,4.000294740,0.031107069
1609060422.677823067,-7.939767051,3.507276838,4.000478679,-7.919649740,3.494399264,3.991825797,0.025404930
1609060422.727541208,-7.894573777,3.490993243,3.990494998,-7.884344331,3.480621711,3.984533883,0.015739921
1609060422.783367157,-7.844097488,3.475137535,3.977158100,-7.811333006,3.457155656,3.968063269,0.038465246
1609060422.828356028,-7.803276664,3.461799339,3.967794638,-7.774814967,3.445246672,3.960939810,0.033631052
1609060422.880164146,-7.760058243,3.447674527,3.960958545,-7.737536877,3.432778691,3.953626081,0.027979687
1609060422.928488016,-7.715699007,3.434488779,3.952436975,-7.700714304,3.420937914,3.946482693,0.021062306
1609060422.979838133,-7.663839055,3.419519506,3.944815090,-7.662134075,3.411000073,3.940039966,0.009914106
1609060423.029355049,-7.615916071,3.406691633,3.938281863,-7.586169188,3.390101598,3.928933801,0.035319860
1609060423.080885172,-7.566663102,3.394789514,3.931681900,-7.547053297,3.379339178,3.924847595,0.025883683
1609060423.127178192,-7.521855675,3.383905207,3.927684451,-7.508207367,3.372020205,3.921038263,0.019279560
1609060423.179766178,-7.475499612,3.374009275,3.926157076,-7.468275476,3.363357301,3.918121428,0.015173145
1609060423.227312088,-7.431521445,3.364896570,3.922139377,-7.430754990,3.354830131,3.914863793,0.012444065
1609060423.280233145,-7.380029584,3.354878286,3.918464424,-7.352145789,3.340155191,3.910928203,0.032420213
1609060423.327131987,-7.335184622,3.346831011,3.915616734,-7.311944176,3.334699814,3.909120614,0.027008959
1609060423.378704071,-7.288675988,3.338530817,3.913155560,-7.272887339,3.327656649,3.907837432,0.019895011
1609060423.425829172,-7.244356297,3.331595666,3.912395455,-7.234739484,3.321842399,3.907743244,0.014465558
1609060423.477626085,-7.198873504,3.324843416,3.912857093,-7.193839861,3.317278206,3.908781073,0.009959111
1609060423.526779175,-7.152498883,3.319046408,3.913962360,-7.152968436,3.313586449,3.910058785,0.006728264
1609060423.580407143,-7.103508810,3.315297958,3.916767177,-7.075091256,3.304044035,3.912411320,0.030873640
1609060423.627583027,-7.059362497,3.310652916,3.918541029,-7.034768832,3.301712073,3.914294129,0.026510812
1609060423.678277016,-7.014430422,3.307172639,3.922112847,-6.994710498,3.298920469,3.916002158,0.022233179
1609060423.726454020,-6.968961156,3.303383141,3.924096962,-6.956289160,3.294833814,3.917279907,0.016737465
1609060423.779623032,-6.924145383,3.300127995,3.925499912,-6.917716423,3.291627380,3.919107196,0.012428146
1609060423.827763081,-6.879801605,3.297206150,3.927954928,-6.877441849,3.290786896,3.921004134,0.009751349
1609060423.881376028,-6.833340630,3.295482196,3.930194004,-6.801873571,3.288109442,3.924951074,0.032741742
1609060423.927520037,-6.791360044,3.293902147,3.932544811,-6.763580798,3.287310221,3.926501822,0.029183175
1609060423.978104115,-6.747047633,3.293864613,3.934520065,-6.723181360,3.288271633,3.928830491,0.025164493
1609060424.026549101,-6.702304060,3.293765207,3.936629722,-6.683980374,3.288756854,3.931149410,0.019770556
1609060424.079257011,-6.648795895,3.294584899,3.939969079,-6.646065927,3.288744786,3.933249837,0.009311705
1609060424.131283998,-6.598487536,3.294938524,3.942316445,-6.568201628,3.290737008,3.936886019,0.031054444
1609060424.180812120,-6.551838010,3.297443778,3.943353875,-6.528906670,3.292815045,3.937947227,0.024010485
1609060424.269929171,-6.469874040,3.303673621,3.945312508,-6.452838688,3.295056224,3.939345850,0.020001593
1609060424.338038206,-6.407844075,3.309581600,3.946752078,-6.374934007,3.302718582,3.940721846,0.034154608
1609060424.385066986,-6.362083287,3.313229258,3.947391879,-6.338024407,3.305232587,3.941047544,0.026134786
1609060424.427415133,-6.321187290,3.316931332,3.947541522,-6.300469129,3.308389510,3.940455516,0.023503541
1609060424.479503155,-6.273094285,3.321813603,3.946065707,-6.261744527,3.313099493,3.940104323,0.015501316
1609060424.528802156,-6.226277817,3.325937772,3.944400501,-6.223631666,3.317596021,3.938903085,0.010334821
1609060424.580688000,-6.178880293,3.330517847,3.941755512,-6.150094424,3.325881142,3.933482468,0.030307895
1609060424.627767086,-6.133642336,3.336065206,3.937878640,-6.114649061,3.329911072,3.931374987,0.020997985
1609060424.678000212,-6.087729453,3.342885521,3.931862221,-6.076110108,3.335551060,3.929212500,0.013993732
1609060424.727902174,-6.039869442,3.349604061,3.927847086,-6.037450033,3.342189484,3.926088324,0.007995170
1609060424.779567003,-5.995630326,3.357550958,3.923628692,-6.001319758,3.347073787,3.922723676,0.011956581
1609060424.828402996,-5.949554694,3.364885685,3.919396316,-5.918938725,3.361877297,3.916453305,0.030903872
1609060424.880347013,-5.903962032,3.373613263,3.916169833,-5.878278648,3.369604700,3.913179703,0.026165735
1609060424.927685022,-5.859464322,3.381839103,3.912402496,-5.837248711,3.377071593,3.908710082,0.023019480
1609060424.979326010,-5.815680467,3.391641916,3.907159049,-5.796749949,3.385488276,3.905045856,0.020017427
1609060425.028661013,-5.769247297,3.401405084,3.902626519,-5.757514604,3.395080401,3.901863839,0.013350632
1609060425.080376148,-5.723807083,3.413134105,3.897966155,-5.681571742,3.411533733,3.893744774,0.042475937
1609060425.127739191,-5.679418695,3.423197926,3.893660084,-5.645526857,3.419956479,3.890854404,0.034161901
1609060425.178142071,-5.625926792,3.435100415,3.887948190,-5.604057965,3.431313078,3.888123306,0.022195049
1609060425.225172997,-5.579539102,3.446536760,3.883864554,-5.563514774,3.441958247,3.884910642,0.016698388
1609060425.281213045,-5.524981087,3.462200527,3.879147005,-5.525452698,3.451467871,3.880858070,0.010878422
1609060425.331796169,-5.473359172,3.476061663,3.874786382,-5.446649786,3.474383647,3.874199217,0.026768485
1609060425.382135153,-5.431444758,3.490227444,3.872316325,-5.408059635,3.485921764,3.871139149,0.023807322
1609060425.428689003,-5.387224934,3.502754542,3.868753312,-5.371907901,3.495785948,3.867429328,0.016879743
1609060425.480192184,-5.336056198,3.517965299,3.864520411,-5.335149302,3.507052513,3.863817953,0.010972912
1609060425.529694080,-5.288572635,3.532632954,3.860290269,-5.296028308,3.520393101,3.860909329,0.014345184
1609060425.580114126,-5.242093376,3.547613659,3.855639986,-5.215648729,3.546728791,3.853901608,0.026516491
1609060425.627465010,-5.196460270,3.562255442,3.851455854,-5.178144529,3.558478583,3.850206466,0.018742785
1609060425.680615187,-5.149368504,3.579440055,3.846493402,-5.137163873,3.573099052,3.847126669,0.013768164
1609060425.728845119,-5.104230499,3.594619935,3.842661314,-5.097259633,3.587459927,3.843937276,0.010074063
1609060425.781431198,-5.057301785,3.611624613,3.838856355,-5.057439027,3.601431424,3.840731224,0.010365089
1609060425.828500986,-5.012232362,3.627175694,3.835342035,-4.981933044,3.629006498,3.834029473,0.030382945
1609060425.879981995,-4.968940750,3.645931773,3.831250615,-4.940998023,3.645894755,3.831087239,0.027943229
1609060425.928338051,-4.924095150,3.662655598,3.828398959,-4.906540890,3.658018723,3.829510072,0.018190306
1609060425.981427193,-4.877608625,3.681399632,3.827073516,-4.870151350,3.672332211,3.826638238,0.011748129
1609060426.028719187,-4.833762472,3.698273224,3.825126161,-4.793779362,3.703827746,3.823196675,0.040413175
1609060426.080445051,-4.790532461,3.718636006,3.825164195,-4.755610989,3.719496177,3.821345775,0.035140140
1609060426.133275986,-4.742356115,3.738629849,3.822998992,-4.719273033,3.734408951,3.818878959,0.023824763
1609060426.178623199,-4.704603817,3.755717465,3.821592364,-4.679700566,3.751846491,3.816171522,0.025778710
1609060426.229953051,-4.658140893,3.775478852,3.818695246,-4.641700174,3.769083637,3.813399810,0.018418405
1609060426.279983997,-4.609569275,3.796866255,3.811913825,-4.605991107,3.784397866,3.810225605,0.013081059
1609060426.327455997,-4.565070949,3.816390497,3.807503900,-4.533414375,3.818262215,3.802065962,0.032174729
1609060426.379871130,-4.518858738,3.837915889,3.799346993,-4.496356728,3.836164342,3.797096391,0.022682010
1609060426.428410053,-4.473408453,3.858360974,3.793361944,-4.459240602,3.854360332,3.791915040,0.014792791
1609060426.480945110,-4.432361171,3.882357575,3.786056958,-4.423615569,3.871800737,3.786732880,0.013725497
1609060426.528591156,-4.389931115,3.903791946,3.779982317,-4.351461768,3.909172614,3.775787012,0.039069717
1609060426.580346107,-4.343113228,3.927439240,3.772458774,-4.318555476,3.926886567,3.771044846,0.024604630
1609060426.628355980,-4.301029041,3.950217590,3.765753611,-4.282507140,3.946799360,3.764956765,0.018851527
1609060426.678764105,-4.259620097,3.974029876,3.759114056,-4.248636470,3.966137874,3.759529364,0.013531305
1609060426.727844000,-4.217639946,3.997552647,3.751810849,-4.213373906,3.986466279,3.752932244,0.011931646
1609060426.780528069,-4.174789492,4.022706089,3.744538119,-4.142777762,4.028156581,3.740283852,0.032749924
1609060426.828762054,-4.134504383,4.046118402,3.736988381,-4.109181208,4.048587933,3.734068524,0.025610298
1609060426.880460024,-4.094086486,4.070654714,3.728943682,-4.076039639,4.069436616,3.727884345,0.018118903
1609060426.927973032,-4.053888185,4.094603852,3.720964717,-4.042596823,4.090325004,3.721088679,0.012075544
1609060426.980300188,-4.015367351,4.122524815,3.711401016,-4.007285347,4.113385290,3.713306941,0.012348371
1609060427.028684139,-3.975558834,4.147738361,3.701819216,-3.973768442,4.135595565,3.704834095,0.012638929
1609060427.080138206,-3.937990729,4.173306659,3.690863164,-3.939050190,4.159461051,3.696535845,0.015000087
1609060427.128703117,-3.898871238,4.198928908,3.680987600,-3.874178975,4.204919914,3.679562558,0.025448590
1609060427.179259062,-3.861727874,4.226743771,3.671017229,-3.841412849,4.228310978,3.670734501,0.020377348
1609060427.228806019,-3.822635434,4.253804800,3.660750606,-3.806681713,4.253674399,3.661267214,0.015962616
1609060427.281520128,-3.785688902,4.282490445,3.650436393,-3.773228565,4.278787364,3.651642210,0.013054761
1609060427.329280138,-3.749549819,4.308859918,3.639560486,-3.741387820,4.303064130,3.642244275,0.010363981
1609060427.381112099,-3.706943880,4.341849477,3.626253529,-3.676372987,4.353420920,3.621281260,0.033063593
1609060427.429231167,-3.669398898,4.369922926,3.613964809,-3.645435949,4.378519544,3.610806402,0.025653466
1609060427.478861094,-3.633053905,4.401121399,3.602710704,-3.613568829,4.403924871,3.599641549,0.019923538
1609060427.529126167,-3.593080362,4.432391947,3.589302132,-3.583666536,4.429017969,3.588660684,0.010020744
1609060427.579799175,-3.560316919,4.464696894,3.574563641,-3.554393800,4.453456267,3.577891610,0.013134322
1609060427.630326033,-3.524391724,4.497546329,3.562611572,-3.522219408,4.480798751,3.565996134,0.017223693
1609060427.681500196,-3.485857132,4.530817476,3.548893847,-3.461573323,4.535210669,3.543451275,0.025271033
1609060427.727840185,-3.451695482,4.560851137,3.536691774,-3.432981055,4.562179184,3.532648542,0.019192217
1609060427.779484987,-3.417380270,4.592090684,3.523691424,-3.402758875,4.590949639,3.521143640,0.014885509
1609060427.829073191,-3.382516458,4.624598245,3.511005983,-3.372430666,4.620009807,3.509674776,0.011160156
1609060427.880336046,-3.348633545,4.658444195,3.498636559,-3.340812170,4.651095143,3.497702933,0.010772842
1609060427.928755045,-3.315486677,4.690674211,3.487131112,-3.311325873,4.680163125,3.487277463,0.011305602
1609060427.980607986,-3.282416131,4.725350285,3.475319341,-3.283162307,4.708133743,3.477420948,0.017360382
1609060428.028478146,-3.249351212,4.758292481,3.464459109,-3.229518517,4.765156736,3.458256532,0.021884373
1609060428.077799082,-3.222292143,4.790884752,3.453646042,-3.201209659,4.795862870,3.449541011,0.022047767
1609060428.129625082,-3.187693485,4.826776642,3.443126051,-3.173519890,4.826224371,3.440817140,0.014371042
1609060428.179145098,-3.158827207,4.860633901,3.433775048,-3.146604421,4.856255412,3.432057156,0.013096519
1609060428.230478048,-3.125887762,4.896697377,3.424592788,-3.121116760,4.884801853,3.424589479,0.012816628
1609060428.281023979,-3.097594121,4.930941200,3.413789075,-3.067059799,4.949180115,3.410569000,0.035712347
1609060428.327894211,-3.068382885,4.964418450,3.405973040,-3.043926117,4.977571585,3.404066100,0.027834779
1609060428.378302097,-3.040333523,5.000179303,3.401857382,-3.017423229,5.009192804,3.396968959,0.025100227
1609060428.427620173,-3.011078023,5.035721645,3.395485248,-2.991314957,5.041487576,3.391310745,0.021005980
1609060428.481490135,-2.976294583,5.077794378,3.385526789,-2.966775931,5.072721694,3.386325884,0.010815517
1609060428.530129194,-2.945495700,5.115101732,3.379599940,-2.941731102,5.103867079,3.381646561,0.012024072
1609060428.580730200,-2.919470806,5.154974334,3.373929572,-2.893059914,5.167615041,3.372256844,0.029327815
1609060428.626178026,-2.891378535,5.189717190,3.369448427,-2.867779381,5.200651635,3.368711728,0.026019702
1609060428.678228140,-2.867181750,5.230240751,3.367242355,-2.845787019,5.229926656,3.365380687,0.021477872
1609060428.727977991,-2.840376767,5.266464602,3.364169422,-2.822460518,5.260860023,3.361587977,0.018949067
1609060428.780537128,-2.809094577,5.307535445,3.360334023,-2.797032651,5.293871569,3.358065269,0.018366785
1609060428.829004049,-2.781026550,5.345302158,3.357315579,-2.752509523,5.357217213,3.353310171,0.031164606
1609060428.879436016,-2.754080828,5.382819063,3.354520270,-2.727894389,5.390278780,3.350280337,0.027556378
1609060428.929301977,-2.726342179,5.420174618,3.350546422,-2.701880397,5.423839131,3.346072164,0.025136157
1609060428.979768991,-2.700501219,5.457503240,3.345625913,-2.680052827,5.454984482,3.342989753,0.020770898
1609060429.027988195,-2.673045846,5.493815003,3.341632284,-2.655287632,5.488336280,3.340137753,0.018644146
1609060429.080878019,-2.644860595,5.533338261,3.337412718,-2.631125889,5.522000768,3.336655957,0.017825644
1609060429.129002094,-2.616451079,5.570975532,3.333851355,-2.583075754,5.589422649,3.330968327,0.038242911
1609060429.179460049,-2.592500527,5.608730501,3.330036382,-2.561337643,5.621674452,3.329665811,0.033746237
1609060429.226698160,-2.564485544,5.645908187,3.327019362,-2.538303730,5.654773062,3.327589525,0.027647758
1609060429.280256987,-2.536862605,5.685189632,3.323859371,-2.512295158,5.690082923,3.324247582,0.025053033
1609060429.328555107,-2.507551003,5.724411425,3.319984444,-2.490069218,5.724044208,3.321155849,0.017524836
1609060429.381138086,-2.479818341,5.766467566,3.317734927,-2.467142657,5.759518298,3.318321293,0.014467520
1609060429.428529024,-2.451717683,5.805502108,3.314660892,-2.416260387,5.833174006,3.311524891,0.045086453
1609060429.478585005,-2.428940547,5.844566831,3.310373973,-2.396442381,5.867180755,3.308092741,0.039657589
1609060429.529040098,-2.399366706,5.888580681,3.306948108,-2.373248251,5.904935118,3.305047472,0.030874807
1609060429.579662085,-2.369234231,5.939827758,3.302089690,-2.348503968,5.944342058,3.302860154,0.021230080
1609060429.628737211,-2.338476078,5.986800094,3.298897521,-2.323349485,5.981553820,3.300913113,0.016136909
1609060429.681184053,-2.306192122,6.037633549,3.297064139,-2.276360810,6.062257195,3.296454994,0.038685942
1609060429.727297068,-2.275927566,6.085507734,3.295239408,-2.250980680,6.106360834,3.293098734,0.032584987
1609060429.779306173,-2.248834982,6.137090963,3.294655877,-2.225417381,6.151680558,3.293203755,0.027628770
1609060429.828670979,-2.221452315,6.189223814,3.294124846,-2.203120043,6.193798077,3.292701538,0.018947873
1609060429.881679058,-2.187855360,6.248558492,3.293283086,-2.177408609,6.240380764,3.292006984,0.013328102
1609060429.928592205,-2.159337564,6.303146131,3.292842179,-2.127325537,6.336236161,3.292410125,0.046042444
1609060429.979950190,-2.130824525,6.365000879,3.292919432,-2.105030509,6.385439538,3.292499236,0.032912711
1609060430.029108047,-2.102499245,6.425227989,3.293896315,-2.083062064,6.435731741,3.291940402,0.022180135
1609060430.079665184,-2.076739040,6.484972034,3.296090293,-2.057805377,6.487848938,3.293239494,0.019362005
1609060430.139734030,-2.046191692,6.559600453,3.298889870,-2.034164141,6.542315821,3.294693549,0.021471600
1609060430.179250002,-2.024542446,6.610041121,3.301360413,-2.012914254,6.594250093,3.296709422,0.020154481
1609060430.227625132,-1.997445267,6.673511783,3.305002775,-1.972701050,6.702002483,3.301408848,0.037906630
1609060430.279911041,-1.975881328,6.739376014,3.307777010,-1.950135427,6.758600664,3.306488586,0.032157404
1609060430.329241037,-1.950149868,6.803830967,3.313701279,-1.930486887,6.812199111,3.310789293,0.021567065
1609060430.379837036,-1.930046518,6.867985735,3.321900099,-1.909611605,6.869654075,3.318140047,0.020844831
1609060430.429674149,-1.905698884,6.934521611,3.331087584,-1.889075998,6.927422111,3.326049396,0.018764504
1609060430.481505156,-1.887797189,7.001111052,3.339115828,-1.853295841,7.042119358,3.342670439,0.053709025
1609060430.528452158,-1.868822811,7.064061989,3.348848899,-1.839912186,7.098584825,3.351415952,0.045102552
1609060430.580064058,-1.851917900,7.130484128,3.360008596,-1.825742607,7.152640579,3.360490465,0.034297033
1609060430.628176212,-1.833914017,7.193879735,3.369337356,-1.808340557,7.212218535,3.370803887,0.031503399
1609060430.679733992,-1.819251529,7.267304731,3.385067500,-1.793912366,7.269122180,3.380507900,0.025810197
1609060430.730561018,-1.802231597,7.334805164,3.396917083,-1.771377784,7.379790624,3.397456739,0.054552183
1609060430.780865192,-1.791347943,7.401741954,3.407903147,-1.762837840,7.433901057,3.405519113,0.043043205
1609060430.828189135,-1.780193472,7.463870760,3.417491720,-1.754156940,7.486656400,3.413774409,0.034798057
1609060430.877870083,-1.773579605,7.527058467,3.424595358,-1.748722329,7.536023201,3.420488476,0.026741674
1609060430.929910183,-1.767161794,7.590897312,3.432090590,-1.741104849,7.588775249,3.429290840,0.026292701
1609060430.981590033,-1.758605770,7.654833501,3.440185252,-1.734926171,7.640820008,3.436329834,0.027784270
1609060431.028035164,-1.753547908,7.712061491,3.447121786,-1.727508837,7.737673055,3.449460428,0.036598561
1609060431.080696106,-1.752087226,7.774335125,3.454978687,-1.726140905,7.782302422,3.455171048,0.027142704
1609060431.127861023,-1.749903326,7.829038633,3.462489657,-1.725465701,7.830697782,3.461653582,0.024508149
1609060431.179397106,-1.753745157,7.885700044,3.472081234,-1.727140523,7.878096574,3.468189447,0.027942178
1609060431.228162050,-1.757630257,7.940611424,3.479611514,-1.738289323,7.969021094,3.480507929,0.034380003
1609060431.281984091,-1.767062004,7.996903860,3.486439454,-1.746383231,8.015592433,3.487395292,0.027888852
1609060431.327632189,-1.775558480,8.047326879,3.492766009,-1.755829417,8.061872011,3.494010559,0.024542732
1609060431.380648136,-1.793393261,8.101823623,3.502625522,-1.770009619,8.106516361,3.499683090,0.024030697
1609060431.441133022,-1.815062478,8.164272214,3.512006317,-1.804857646,8.197958517,3.509662295,0.035276054
1609060431.487370014,-1.835521002,8.211476649,3.518898511,-1.823377365,8.241791763,3.514417202,0.032962952
1609060431.531643152,-1.852579914,8.257594955,3.523134578,-1.839726685,8.283065340,3.518764515,0.028862492
1609060431.578772068,-1.872889706,8.300836672,3.527521676,-1.857584986,8.324147769,3.524280884,0.028073910
1609060431.629288197,-1.892414341,8.349821359,3.533073431,-1.876095593,8.363631582,3.527536680,0.022083465
1609060431.681290150,-1.919161865,8.395395364,3.535970808,-1.896385915,8.403949947,3.530908015,0.024850688
1609060431.728561163,-1.938698458,8.438915057,3.540696282,-1.916080117,8.442082087,3.534670945,0.023620418
1609060431.780210018,-1.967101084,8.491939675,3.545357763,-1.960025753,8.517901978,3.541893317,0.027131234
1609060431.826713085,-1.989596155,8.534742942,3.550260552,-1.983650453,8.555176186,3.543935595,0.022200763
1609060431.878309011,-2.020862583,8.580216856,3.552206280,-2.006900748,8.591179528,3.546560082,0.018627736
1609060431.923537016,-2.043599964,8.623363028,3.556325675,-2.031945013,8.630382748,3.548196269,0.015849340
1609060431.972276211,-2.073528349,8.667760348,3.557483147,-2.056258949,8.667563159,3.550776258,0.018527100
1609060432.020538092,-2.098005850,8.712104949,3.560962427,-2.104189298,8.742733687,3.556772318,0.031526364
1609060432.079569101,-2.133067554,8.764417066,3.565485015,-2.125121253,8.776491860,3.560303098,0.015355671
1609060432.129607201,-2.157217331,8.809308341,3.569079253,-2.145570419,8.810323107,3.562323027,0.013502847
1609060432.185536146,-2.182369396,8.857268508,3.573176068,-2.182364945,8.878514047,3.567694859,0.021941208
1609060432.231467009,-2.203629955,8.895070857,3.575163724,-2.200919052,8.914056295,3.570795531,0.019669188
1609060432.277867079,-2.223667663,8.931975130,3.576994632,-2.217940760,8.948309326,3.573943624,0.017575894
1609060432.328068018,-2.241137318,8.973013962,3.579399074,-2.232758472,8.981059191,3.576498609,0.011972614
1609060432.376345158,-2.260162722,9.009815154,3.581709144,-2.247424503,9.015709771,3.579065247,0.014282819
1609060432.422329187,-2.272573690,9.048127106,3.584157625,-2.260140659,9.048605003,3.581732818,0.012676290
1609060432.479573011,-2.293732872,9.092421294,3.586480530,-2.284338977,9.117396105,3.585128501,0.026717306
1609060432.527909040,-2.304419857,9.132866384,3.588042438,-2.296349556,9.152608269,3.586794295,0.021364213
1609060432.578797102,-2.317249350,9.171754986,3.589659507,-2.305300063,9.186390821,3.587717179,0.018993835
1609060432.628079176,-2.325599990,9.213949369,3.590724912,-2.316126348,9.222034610,3.589404521,0.012524554
1609060432.681718111,-2.341823929,9.256114671,3.590485229,-2.322997783,9.258927202,3.590991511,0.019041807
1609060432.729138136,-2.348342698,9.297770970,3.590994480,-2.338843948,9.331186350,3.592674393,0.034779821
1609060432.780515194,-2.356778312,9.339494830,3.595845541,-2.346722152,9.368149993,3.592780707,0.030522745
1609060432.828166008,-2.361528517,9.381568386,3.596390064,-2.352884701,9.406997070,3.593405964,0.027022922
1609060432.878829002,-2.369847868,9.432918345,3.597253969,-2.358877969,9.447848921,3.593662551,0.018872177
1609060432.928115129,-2.373151324,9.480735965,3.596321882,-2.365756914,9.486116839,3.592868326,0.009775385
1609060432.980693102,-2.383343729,9.528849696,3.591312607,-2.369966569,9.525622940,3.591659502,0.013765199
1609060433.027698994,-2.385770440,9.574965017,3.588972426,-2.379583482,9.602326587,3.588813964,0.028052790
1609060433.081295013,-2.398893233,9.620481305,3.586750198,-2.386156891,9.640816891,3.586242923,0.024000162
1609060433.129487038,-2.403917406,9.667514144,3.585331121,-2.387085785,9.681502322,3.585585539,0.021886921
1609060433.178853035,-2.410317160,9.715125104,3.585606357,-2.392462032,9.721955622,3.584283224,0.019162783
1609060433.229087114,-2.415225173,9.764537517,3.585148615,-2.395106194,9.760305935,3.584576632,0.020567128
1609060433.281847000,-2.421470494,9.814847118,3.585193570,-2.402104084,9.845412035,3.585539284,0.036185515
1609060433.328270197,-2.425924584,9.862016362,3.586649375,-2.407319697,9.886656894,3.585961090,0.030883190
1609060433.378964186,-2.433940664,9.912605636,3.589025006,-2.408960127,9.926220773,3.587844480,0.028474424
1609060433.429242134,-2.437813429,9.965120547,3.590729037,-2.414582023,9.973421194,3.589814803,0.024686733
1609060433.479380131,-2.442925698,10.015940646,3.591797696,-2.419090767,10.021055688,3.592298097,0.024382739
1609060433.528609991,-2.446317815,10.067283287,3.594146467,-2.424545378,10.065100623,3.595008175,0.021898529
1609060433.579957008,-2.457184947,10.115339354,3.597339448,-2.430389834,10.108406995,3.597980980,0.027684784
1609060433.628313065,-2.460966751,10.165621178,3.599402489,-2.441206891,10.194968843,3.601509160,0.035442568
1609060433.678635120,-2.471503855,10.214877573,3.600634780,-2.446419459,10.235574745,3.603085257,0.032612953
1609060433.728372097,-2.477760053,10.267301476,3.602128353,-2.455473338,10.278976555,3.604086903,0.025235710
1609060433.782214165,-2.493036015,10.318987588,3.609353675,-2.464091984,10.321197834,3.605496263,0.029283472
1609060433.829161167,-2.501883708,10.366803235,3.611493703,-2.483929056,10.405934056,3.609257036,0.043111406
1609060433.880794048,-2.517049283,10.414714850,3.611744863,-2.495364391,10.445397601,3.609759941,0.037624535
1609060433.926801205,-2.527501724,10.461441560,3.613477689,-2.508385615,10.488781138,3.611329682,0.033428910
1609060433.981521130,-2.552996329,10.520962502,3.617494740,-2.521115839,10.531269012,3.613658652,0.033723958
1609060434.028669119,-2.567617342,10.569897825,3.620501692,-2.537095821,10.573911379,3.616147443,0.031090696
1609060434.082746029,-2.593108371,10.622154020,3.625493744,-2.571780904,10.657746143,3.622401515,0.041607955
1609060434.128036022,-2.611366060,10.668785311,3.629703951,-2.590254046,10.696102450,3.625222559,0.034814165
1609060434.179499149,-2.639700313,10.712962408,3.631748606,-2.610009531,10.733339947,3.628271066,0.036178446
1609060434.227372169,-2.664470371,10.760793632,3.636801058,-2.635943838,10.777353640,3.632823940,0.033223703
1609060434.278692007,-2.695049125,10.809697129,3.643257379,-2.665111405,10.823013024,3.636648408,0.033425419
1609060434.329144001,-2.726014416,10.857110610,3.648422973,-2.691334448,10.859961229,3.641359405,0.035506623
1609060434.378516197,-2.759797889,10.900057657,3.652652994,-2.721814850,10.900113319,3.646984978,0.038403656
1609060434.427966118,-2.793457757,10.943683625,3.659318835,-2.751235824,10.936183979,3.652285167,0.043455826
1609060434.478496075,-2.831321160,10.984202689,3.666876948,-2.814675341,11.005591281,3.661798959,0.027574284
1609060434.527953148,-2.868977490,11.025284820,3.674330741,-2.849699724,11.040642045,3.669474075,0.025120983
1609060434.579734087,-2.913826578,11.064473211,3.682618398,-2.883244760,11.072718011,3.675549531,0.032452938
1609060434.638806105,-2.962811384,11.109747734,3.691440415,-2.963387915,11.140408160,3.689065416,0.030757678
1609060434.685126066,-3.004920988,11.142237462,3.697477897,-3.003520023,11.171163785,3.696247387,0.028986359
1609060434.728393078,-3.043072464,11.174061534,3.704034955,-3.044664126,11.201326067,3.702720120,0.027342585
1609060434.779199123,-3.093053747,11.205690654,3.710528395,-3.087575642,11.229441302,3.709322441,0.024404041
1609060434.828484058,-3.139453337,11.238771576,3.717612917,-3.131126275,11.257756336,3.715530693,0.020834988
1609060434.881369114,-3.193662894,11.272584130,3.724015411,-3.175240035,11.284785069,3.722126813,0.022177273
1609060434.930052042,-3.241466630,11.302247050,3.730987153,-3.265545043,11.333078172,3.734385605,0.039266748
1609060434.979966164,-3.297989785,11.327908920,3.742512789,-3.310831016,11.355477566,3.740830939,0.030459088
1609060435.028119087,-3.347677473,11.354456995,3.749140457,-3.357219046,11.379357142,3.747554046,0.026712837
1609060435.079649210,-3.410164189,11.384708753,3.752603877,-3.402711440,11.401639223,3.753115789,0.018505305
1609060435.130227089,-3.465468397,11.411906186,3.759938054,-3.448592062,11.420081151,3.759052058,0.018773005
1609060435.181203127,-3.526497852,11.435939345,3.767487372,-3.545259162,11.461106055,3.772889576,0.031851747
1609060435.226970196,-3.576938103,11.459284694,3.774828432,-3.587111533,11.480048367,3.777703617,0.023300118
1609060435.280694008,-3.641091481,11.478851575,3.784138292,-3.636081210,11.496766042,3.784482464,0.018605091
1609060435.329034090,-3.698574613,11.500554529,3.794144373,-3.691595496,11.516593588,3.791403727,0.017705102
1609060435.379420996,-3.756493530,11.522852954,3.801771136,-3.742570738,11.536627396,3.798476415,0.019860377
1609060435.429876089,-3.812914239,11.543257899,3.807760638,-3.785710480,11.552834329,3.804138087,0.029066740
1609060435.481629133,-3.869712374,11.562708300,3.811398119,-3.878652602,11.585219522,3.813468131,0.024309828
1609060435.527260065,-3.918545888,11.581311847,3.815231479,-3.922608107,11.603000292,3.817607019,0.022193095
1609060435.578764200,-3.974399186,11.600520322,3.819552896,-3.964550346,11.620025071,3.821485113,0.021935550
1609060435.627921104,-4.024484951,11.620256257,3.823114190,-4.013370000,11.637706694,3.824559463,0.020740027
1609060435.678073168,-4.076444317,11.638700631,3.827857290,-4.061516154,11.655398190,3.828031163,0.022398410
1609060435.729574203,-4.128277019,11.659844311,3.831897154,-4.104392789,11.673149857,3.831984671,0.027340476
1609060435.779999018,-4.181119606,11.676656739,3.835597772,-4.147466098,11.690273943,3.834847264,0.036311845
1609060435.828428030,-4.228041918,11.696586254,3.839155470,-4.231249939,11.722987572,3.838944787,0.026596341
1609060435.881323099,-4.277511813,11.717155339,3.839893612,-4.268742816,11.739908951,3.842125584,0.024486810
1609060435.928601027,-4.320047515,11.737195971,3.842737200,-4.307876342,11.757853706,3.845518447,0.024137415
1609060435.979134083,-4.367015037,11.755831907,3.844393622,-4.348500304,11.775384390,3.848180983,0.027192629
1609060436.028963089,-4.410821453,11.778423035,3.847094569,-4.427813509,11.810442321,3.854617357,0.037021035
1609060436.079155207,-4.460125201,11.798052820,3.850453397,-4.467105504,11.830335803,3.857856829,0.033848581
1609060436.128490210,-4.504822886,11.821356239,3.853415904,-4.507230569,11.849616526,3.860426402,0.029216225
1609060436.178976059,-4.555817250,11.849616429,3.860768979,-4.548870258,11.868069521,3.862165901,0.019766858
1609060436.229210138,-4.602819645,11.875534782,3.865121027,-4.585625893,11.886268815,3.865792409,0.020280417
1609060436.281616211,-4.657225173,11.900434800,3.872938295,-4.670620887,11.925907002,3.875002960,0.028853788
1609060436.328548193,-4.703232326,11.925460800,3.879413498,-4.709804617,11.942609044,3.879347190,0.018364686
1609060436.378961086,-4.753818132,11.941893860,3.885345856,-4.749395044,11.960102096,3.884672679,0.018749846
1609060436.429300070,-4.804169638,11.963914325,3.891650707,-4.788878938,11.978312866,3.890937556,0.021015044
1609060436.481732130,-4.857441104,11.990237341,3.899120039,-4.871818607,12.015349567,3.899154751,0.028936788
1609060436.530310154,-4.909523237,12.012603788,3.905316497,-4.914952342,12.031625530,3.904155118,0.019815415
1609060436.580796003,-4.965226050,12.034332305,3.910935394,-4.957226884,12.049930327,3.909422534,0.017594707
1609060436.628488064,-5.016635737,12.055978656,3.916656812,-5.001849622,12.068743122,3.913587143,0.019773307
1609060436.680999994,-5.073960246,12.076863357,3.922030078,-5.049633572,12.086142415,3.917813433,0.026375520
1609060436.731419086,-5.129242340,12.097360611,3.925831504,-5.140343577,12.120907630,3.926426069,0.026039453
1609060436.778729200,-5.181831279,12.115830594,3.928963532,-5.186170236,12.138951295,3.930414137,0.023568997
1609060436.828267097,-5.236232225,12.136715270,3.933607621,-5.235708529,12.154813281,3.934649348,0.018135530
1609060436.880110025,-5.295913333,12.153455346,3.939845628,-5.285745630,12.171349307,3.937899435,0.020672777
1609060436.929759979,-5.351390724,12.172630510,3.944142687,-5.333234951,12.186954024,3.941491847,0.023277073
1609060436.981503010,-5.408798691,12.190000910,3.949049585,-5.428496048,12.218924999,3.947736060,0.035018768
1609060437.028449059,-5.460701783,12.207203749,3.953009032,-5.475191943,12.231561635,3.951100900,0.028406202
1609060437.082385063,-5.521849467,12.224217957,3.959943613,-5.523356526,12.245740112,3.953833898,0.022423268
1609060437.128386021,-5.572826566,12.240057945,3.964096349,-5.570492162,12.260004033,3.957238194,0.021220984
1609060437.181104183,-5.630645160,12.254547249,3.963831219,-5.619813046,12.273187325,3.960395929,0.021830904
1609060437.229670048,-5.683918289,12.269811415,3.967191125,-5.716446949,12.296011042,3.965109117,0.041819480
1609060437.279520988,-5.746511943,12.285267473,3.969442589,-5.760260989,12.308128894,3.967670351,0.026736149
1609060437.328559160,-5.801683568,12.300374368,3.972040649,-5.809289441,12.319254673,3.968880810,0.020598539
1609060437.379776001,-5.864526037,12.311956406,3.972041089,-5.858147002,12.328179575,3.970229480,0.017526130
1609060437.437894106,-5.931971417,12.328641605,3.972947837,-5.953724271,12.348903358,3.973163267,0.029728298
1609060437.484019995,-5.981044404,12.335514802,3.976814283,-6.002846764,12.357961887,3.973883037,0.031429393
1609060437.532320023,-6.036801196,12.344390709,3.978824994,-6.051729922,12.365802248,3.973525681,0.026634631
1609060437.579575062,-6.091652039,12.355164352,3.979756869,-6.100843897,12.373422206,3.974162831,0.021192753
1609060437.628848076,-6.148539272,12.364969304,3.980337696,-6.149261124,12.382359361,3.975374327,0.018098901
1609060437.681441069,-6.208394049,12.373404782,3.980281253,-6.197300445,12.389491899,3.976439024,0.019915474
1609060437.729734182,-6.263391307,12.381393974,3.981961577,-6.245033827,12.394081253,3.976363253,0.023006637
1609060437.780804157,-6.320966169,12.388151068,3.984430371,-6.338829442,12.405688985,3.978534885,0.025718317
1609060437.827929020,-6.374472135,12.394834022,3.985621556,-6.387489804,12.410882135,3.979048926,0.021684120
1609060437.880667210,-6.433118032,12.399369572,3.986032664,-6.433938820,12.413628975,3.980318106,0.015383772
1609060437.929320097,-6.486901293,12.405872194,3.987511204,-6.480615700,12.418327874,3.980236853,0.015734320
1609060437.980836153,-6.544153009,12.407376262,3.988225378,-6.571256249,12.427007231,3.982718795,0.033915823
1609060438.029119015,-6.597746413,12.411933467,3.989241431,-6.617515351,12.428296124,3.982984920,0.026413848
1609060438.079920053,-6.652544596,12.412720456,3.990460361,-6.664364715,12.430640562,3.983231439,0.022651771
1609060438.129821062,-6.707022313,12.416289485,3.990860604,-6.709647075,12.432922960,3.982992289,0.018586884
1609060438.180252075,-6.762008628,12.417196542,3.990699182,-6.757967465,12.435035331,3.982985449,0.019850820
1609060438.228499174,-6.813733126,12.419695436,3.990298591,-6.853154772,12.434965034,3.982423613,0.043002814
1609060438.280722141,-6.871664858,12.419296255,3.987638202,-6.898395451,12.436802841,3.981574724,0.032523390
1609060438.328006983,-6.922179520,12.420775084,3.986304750,-6.942258535,12.437451731,3.980902735,0.026654440
1609060438.379569054,-6.984740351,12.422117816,3.985373704,-6.991522316,12.436298372,3.979768272,0.016688442
1609060438.429699183,-7.040093007,12.423180695,3.984581330,-7.037603020,12.434505609,3.979229405,0.012770937
1609060438.481365204,-7.099945842,12.420224423,3.982157720,-7.083557280,12.434812533,3.977817164,0.022366009
1609060438.528198004,-7.152058639,12.420310163,3.981136901,-7.172689865,12.433250204,3.976410649,0.024807854
1609060438.580866098,-7.203202396,12.415126129,3.980800854,-7.216762421,12.430710938,3.975753974,0.021265736
1609060438.628835201,-7.256524222,12.412297998,3.979642683,-7.263250399,12.428829294,3.974831397,0.018484417
1609060438.681217194,-7.314468561,12.410373558,3.978187188,-7.305885055,12.427593837,3.973647050,0.019769356
1609060438.729390144,-7.367580428,12.407363935,3.977033040,-7.399709107,12.419950223,3.972444449,0.034809795
1609060438.779657125,-7.422086097,12.402584151,3.975693104,-7.441733736,12.417645736,3.971652180,0.025084061
1609060438.827876091,-7.475233872,12.398927345,3.973527376,-7.485562855,12.415052914,3.970282020,0.019423033
1609060438.878496170,-7.530091334,12.393390192,3.969613876,-7.531473234,12.411586558,3.969007779,0.018258826
1609060438.928888083,-7.583768031,12.388886126,3.967177920,-7.576632246,12.406833874,3.966969318,0.019315398
1609060438.980331182,-7.637212051,12.382600241,3.965219708,-7.665601839,12.398764276,3.964176639,0.032685533
1609060439.027786016,-7.687330657,12.378461080,3.963256798,-7.707291075,12.394991591,3.961538754,0.025973598
1609060439.079364061,-7.741588957,12.371972168,3.962132441,-7.751289662,12.388380796,3.959934558,0.019187950
1609060439.130916119,-7.795349163,12.366637508,3.959852268,-7.794065845,12.382791249,3.958340504,0.016275001
1609060439.180733204,-7.845494764,12.359438156,3.958365887,-7.875076673,12.373313919,3.953378944,0.033052923
1609060439.228211164,-7.894254629,12.353727428,3.956528464,-7.917569324,12.366472171,3.953036174,0.026799246
1609060439.281038046,-7.948611774,12.344030860,3.956230664,-7.961580111,12.360627355,3.953238681,0.021273772
1609060439.327913046,-7.995680333,12.338071730,3.954643092,-8.000543595,12.354232283,3.949211696,0.017728927
1609060439.379565001,-8.046525895,12.327099694,3.950279398,-8.045294231,12.347035470,3.948176705,0.020084159
1609060439.429732084,-8.096214914,12.319698657,3.948296265,-8.131283413,12.331487948,3.943026439,0.037370551
1609060439.481400013,-8.155835493,12.311642459,3.944400738,-8.171640797,12.324674808,3.941007632,0.020764463
1609060439.539367199,-8.215684991,12.302323448,3.941856329,-8.210948653,12.317295637,3.939783229,0.015839731
1609060439.587499142,-8.269309383,12.290694368,3.939998998,-8.295865819,12.298561476,3.935850767,0.028006133
1609060439.636876106,-8.321023841,12.281571131,3.938139621,-8.336077537,12.291228436,3.935433471,0.018088685
1609060439.681042194,-8.363527768,12.268288498,3.936383945,-8.375908248,12.282761801,3.932798673,0.019380582
1609060439.728736162,-8.411717488,12.257017234,3.937154008,-8.419225850,12.273483739,3.931960094,0.018828117
1609060439.779679060,-8.463415206,12.246156374,3.935222902,-8.462383077,12.262436265,3.928975334,0.017468035
1609060439.829038143,-8.513289701,12.235057066,3.932159169,-8.500990989,12.254341121,3.926803516,0.023490767
1609060439.881503105,-8.565889115,12.222347654,3.928118476,-8.582608321,12.235360108,3.921152984,0.022301881
1609060439.928616047,-8.611397112,12.211674107,3.923776423,-8.622909806,12.225190384,3.918054688,0.018653958
1609060439.981040001,-8.661175784,12.198884021,3.917900312,-8.660759815,12.215863294,3.915188485,0.017199498
1609060440.027599096,-8.704627382,12.189006697,3.914494810,-8.696939363,12.207971560,3.912146497,0.020598209
1609060440.081411123,-8.753321287,12.176723141,3.911606752,-8.738863665,12.196639608,3.908858414,0.024763721
1609060440.128535032,-8.796449790,12.166939640,3.908114100,-8.813828547,12.177357898,3.902314139,0.021076072
1609060440.180097103,-8.840437297,12.155280294,3.905410804,-8.850008172,12.168000287,3.899035348,0.017147778
1609060440.225985050,-8.880294210,12.145629031,3.901680836,-8.886977064,12.158726090,3.896991513,0.015433186
1609060440.279961109,-8.925017756,12.132774929,3.893118768,-8.925069388,12.147628443,3.891517700,0.014939644
1609060440.329184055,-8.965531540,12.123072166,3.888001098,-8.996413908,12.127530086,3.883895431,0.031471419
1609060440.378593206,-9.007108081,12.109260622,3.886461066,-9.032391001,12.116843850,3.880848000,0.026985884
1609060440.426942110,-9.045723033,12.099040371,3.882266451,-9.066610822,12.107626023,3.877096535,0.023167676
1609060440.478640079,-9.086820779,12.086733506,3.874644059,-9.103255596,12.096308598,3.873741432,0.019042067
1609060440.528146982,-9.125438417,12.075810529,3.870586027,-9.133601345,12.088091923,3.870718158,0.014747322
1609060440.580146074,-9.171783381,12.063886702,3.866760399,-9.203542026,12.067012972,3.864735669,0.031976314
1609060440.629389048,-9.210224534,12.053926027,3.863854520,-9.234939533,12.057256873,3.862197479,0.024993428
1609060440.676387072,-9.248022272,12.039836390,3.860855847,-9.265478887,12.047573466,3.860038250,0.019111886
1609060440.727923155,-9.287842286,12.027870409,3.857904384,-9.294957424,12.038777329,3.857603340,0.013026002
1609060440.786754131,-9.329916139,12.014470291,3.854542784,-9.357044099,12.019582368,3.853618383,0.027620899
1609060440.827316999,-9.359020495,12.005297628,3.852906057,-9.383720641,12.012456027,3.851959003,0.025733961
1609060440.875877142,-9.394009592,11.994762949,3.851298885,-9.412767253,12.003011544,3.851107126,0.020492094
1609060440.931124210,-9.433285129,11.981725258,3.849531404,-9.441970379,11.993686888,3.849869016,0.014786079
1609060440.979609013,-9.467150836,11.970140043,3.848580972,-9.471253918,11.984465138,3.849935816,0.014962594
1609060441.028758049,-9.500377203,11.959235608,3.849120658,-9.525211032,11.967515170,3.850990856,0.026244387
1609060441.129243135,-9.566168969,11.937069752,3.850766557,-9.554205702,11.957531856,3.851012649,0.023703966
1609060441.182025194,-9.598932473,11.926200028,3.851087917,-9.605034982,11.941310439,3.854372272,0.016623842
1609060441.228152037,-9.626974656,11.916665872,3.851733217,-9.631794921,11.931376420,3.854889203,0.015798589
1609060441.280858994,-9.658672194,11.904183429,3.851619474,-9.681577607,11.912874056,3.856352544,0.024951691
1609060441.329025030,-9.687014019,11.894199327,3.852918085,-9.705555112,11.904379323,3.859555278,0.022168825
1609060441.378175020,-9.713714715,11.882963475,3.856478735,-9.730187151,11.894131874,3.860117461,0.020231525
1609060441.428585052,-9.742040525,11.871468493,3.858404662,-9.757245286,11.882557490,3.862368963,0.019231908
1609060441.478903055,-9.771178741,11.857577835,3.862444034,-9.781497512,11.871561057,3.863799913,0.017431177
1609060441.537096977,-9.803740177,11.843957737,3.865810180,-9.831071776,11.849777423,3.867460617,0.027993016
1609060441.583423138,-9.829614429,11.832633945,3.867852985,-9.855486184,11.836962246,3.869696983,0.026296049
1609060441.627671003,-9.853855055,11.820888365,3.871111433,-9.876818269,11.824717799,3.871993626,0.023297039
1609060441.680040121,-9.889256014,11.800020743,3.877636102,-9.900562211,11.809902413,3.873792472,0.015500031
1609060441.728864193,-9.918246397,11.782219438,3.881266691,-9.924873037,11.793486411,3.875541122,0.014270220
1609060441.781987190,-9.948003375,11.759688642,3.884806432,-9.951138609,11.774670770,3.878257984,0.016648604
1609060441.830039978,-9.976529785,11.738524306,3.888395563,-9.998583556,11.736797988,3.882856553,0.022804157
1609060441.894683123,-10.010762765,11.706934570,3.886295807,-10.024627760,11.713203178,3.883309320,0.015506535
1609060441.930989981,-10.032416662,11.685134089,3.887026198,-10.049610093,11.689545831,3.885560810,0.017810809
1609060441.978468180,-10.060665234,11.658389977,3.889623470,-10.073495403,11.665859356,3.887333235,0.015021653
1609060442.026913166,-10.089815872,11.627367278,3.891977447,-10.098497308,11.638895118,3.889518407,0.014639170
1609060442.082087994,-10.122252559,11.590802306,3.894488767,-10.125765232,11.608507917,3.891542420,0.018289573
1609060442.129801989,-10.150932819,11.555096948,3.896446175,-10.174657646,11.547086709,3.895820386,0.025048413
1609060442.180477142,-10.180770896,11.515080774,3.898327648,-10.198155769,11.514079188,3.898209529,0.017414102
1609060442.228999138,-10.210452652,11.473352100,3.902691988,-10.225802445,11.476279163,3.901329104,0.015685703
1609060442.280194044,-10.241336121,11.427427772,3.908896929,-10.252962325,11.436877277,3.904898019,0.015506548
1609060442.330140114,-10.272044911,11.378942959,3.912901063,-10.276869282,11.396752684,3.908882968,0.018884013
1609060442.380113125,-10.301603188,11.328817723,3.916514294,-10.328019975,11.309389666,3.915054584,0.032824180
1609060442.429234982,-10.331204865,11.275989547,3.921099409,-10.355793422,11.261056678,3.918665363,0.028870613
1609060442.480772018,-10.361197617,11.219647471,3.928428156,-10.378909022,11.215222607,3.922996779,0.019046604
1609060442.528684139,-10.389169796,11.164465163,3.934126096,-10.403611974,11.165830751,3.927382289,0.015997509
1609060442.580502987,-10.419790597,11.103315448,3.938886592,-10.426366943,11.117451548,3.931767976,0.017139205
1609060442.628773212,-10.447065686,11.044643994,3.944751248,-10.475658597,11.010039092,3.941398524,0.045014381
1609060442.681797981,-10.474923816,10.979565471,3.948873606,-10.499406344,10.957387914,3.946288858,0.033134863
1609060442.728772163,-10.499766703,10.921197258,3.954655640,-10.522223912,10.903445191,3.951238587,0.028829470
1609060442.780261040,-10.530790697,10.844129154,3.959110012,-10.545953130,10.846012357,3.957340473,0.015381063
1609060442.829646111,-10.556573634,10.776923508,3.965290881,-10.567463445,10.790472819,3.963111508,0.017519174
1609060442.881582022,-10.586370184,10.701467141,3.974478082,-10.610120844,10.674202404,3.974890712,0.036161167
1609060442.927739143,-10.609948062,10.635759540,3.980958135,-10.630486107,10.615388554,3.982863305,0.028989964
1609060442.978944063,-10.633341251,10.567459785,3.991342336,-10.650354777,10.557483356,3.988765973,0.019890371
1609060443.029739141,-10.657922195,10.495734854,3.999387394,-10.667640179,10.501225844,3.996540108,0.011519428
1609060443.082411051,-10.681558239,10.421074041,4.009247930,-10.703222800,10.388260227,4.012055141,0.039420553
1609060443.127682209,-10.700509244,10.357814096,4.018770796,-10.719061465,10.333461905,4.020962599,0.030692313
1609060443.179086208,-10.720540126,10.288617489,4.030634365,-10.734504564,10.276022144,4.030612916,0.018805550
1609060443.228727102,-10.738702040,10.221562411,4.041296418,-10.747671477,10.223435635,4.039856132,0.009275461
1609060443.281817198,-10.756997837,10.152825329,4.051831219,-10.761300619,10.169887328,4.049017210,0.017819776
1609060443.328857183,-10.771205994,10.091562965,4.060847372,-10.787473434,10.060306800,4.067649139,0.035886509
1609060443.380503178,-10.784854901,10.025660153,4.069554749,-10.799230244,10.005679393,4.077120370,0.025751114
1609060443.427570105,-10.796620898,9.966619866,4.079080449,-10.809462319,9.951704572,4.086682739,0.021098884
1609060443.482220173,-10.808375874,9.899480401,4.091429333,-10.819844471,9.897426469,4.095459523,0.012328413
1609060443.528699160,-10.817159981,9.843683252,4.100851396,-10.828028378,9.845254000,4.103926195,0.011403670
1609060443.588477135,-10.829442471,9.774441964,4.113824794,-10.843211467,9.745925654,4.120020807,0.032266946
1609060443.632436991,-10.835507168,9.723955141,4.122954607,-10.850036836,9.697952827,4.128303564,0.030262897
1609060443.679489136,-10.841113920,9.672053603,4.133254176,-10.854300629,9.651834597,4.135414555,0.024235608
1609060443.728943110,-10.846068982,9.616653759,4.142902095,-10.858134278,9.604181995,4.144060026,0.017391293
1609060443.781625986,-10.852937018,9.558469764,4.153029322,-10.862472214,9.556853065,4.151824761,0.009746006
1609060443.830082178,-10.856252647,9.507164835,4.162156201,-10.867187144,9.463810251,4.166983835,0.044972093
1609060443.879235983,-10.860706110,9.448297567,4.170201616,-10.869194680,9.421396587,4.174246267,0.028496978
1609060443.928887129,-10.862346969,9.395522914,4.179795031,-10.870814716,9.377569491,4.183476393,0.020188624
1609060443.980231047,-10.862706327,9.340968758,4.190300672,-10.872353538,9.334617832,4.190146337,0.011551050
1609060444.029864073,-10.861996420,9.290229505,4.199463906,-10.871406638,9.291868606,4.197081334,0.009844567
1609060444.080605030,-10.860743978,9.244153910,4.206806198,-10.869179195,9.251399366,4.203475239,0.011607963
1609060444.129366159,-10.859482510,9.197263797,4.216917243,-10.866086532,9.171810422,4.216538048,0.026298883
1609060444.179435015,-10.856531572,9.150078908,4.224903838,-10.863028584,9.136099469,4.222592110,0.015587814
1609060444.228093147,-10.852807491,9.103848468,4.232514304,-10.859069624,9.101361487,4.229006775,0.007596193
1609060444.281483173,-10.848975997,9.055916008,4.240621772,-10.856393835,9.065777780,4.235223115,0.013469386
1609060444.331593037,-10.844052002,9.010508725,4.247655057,-10.846400506,8.990729536,4.248414762,0.019932610
1609060444.387536049,-10.837884451,8.960834474,4.254517710,-10.841249659,8.957035231,4.255177032,0.005117966
1609060444.432651043,-10.832244804,8.925655928,4.261541933,-10.837198822,8.921121633,4.260066668,0.006875938
1609060444.485102177,-10.825499989,8.885677823,4.269205841,-10.831979040,8.887524035,4.265475358,0.007700851
1609060444.534483194,-10.818259072,8.848554344,4.275593254,-10.825267407,8.856433118,4.271192556,0.011426197
1609060444.581612110,-10.809625049,8.815346699,4.281637832,-10.818583687,8.825321304,4.276551078,0.014339631
1609060444.630171061,-10.800940052,8.781714022,4.287173062,-10.805344289,8.766356835,4.285877199,0.016028716
1609060444.679744005,-10.793508198,8.749724590,4.288869285,-10.796832994,8.738668140,4.289594244,0.011568272
1609060444.729159117,-10.784072793,8.718694021,4.293047786,-10.788703236,8.710844542,4.293437971,0.009121819
1609060444.780722141,-10.778377834,8.686918046,4.300691608,-10.780894572,8.683689217,4.298414013,0.004684736
1609060444.830566168,-10.769498771,8.658712045,4.305096649,-10.772921298,8.658979272,4.301243259,0.005160786
1609060444.881223202,-10.758693833,8.632262158,4.309054172,-10.764651357,8.634372535,4.303689530,0.008290065
1609060444.930093050,-10.748891316,8.605425112,4.312380347,-10.748383022,8.588583374,4.309470633,0.017098799
1609060444.979432106,-10.737979084,8.579612175,4.310544064,-10.740321411,8.568639370,4.311621949,0.011271681
1609060445.028347015,-10.728291902,8.557165444,4.311792687,-10.731888316,8.547615868,4.314027655,0.010446227
1609060445.081011057,-10.718315330,8.533211295,4.313093133,-10.723676192,8.528563541,4.315716224,0.007564460
1609060445.129235029,-10.709073258,8.514971161,4.313635646,-10.716229643,8.513025182,4.315118523,0.007563042
1609060445.181812048,-10.701077859,8.498494669,4.322539999,-10.709005259,8.498945440,4.318408096,0.008950949
1609060445.228995085,-10.692360786,8.484994689,4.324534712,-10.695886965,8.475247390,4.317602439,0.012469972
1609060445.280653000,-10.684399944,8.473274039,4.325239881,-10.690046770,8.466669802,4.319224186,0.010568405
1609060445.329303980,-10.677971438,8.465373075,4.324767178,-10.684549583,8.460829567,4.318412402,0.010212670
1609060445.380624056,-10.672961315,8.461383675,4.323133277,-10.681217311,8.456423056,4.317563977,0.011125930
1609060445.430977106,-10.669462902,8.459737316,4.323469048,-10.678549465,8.454829020,4.315612931,0.012975961
1609060445.480096102,-10.668123316,8.462034786,4.323860171,-10.673994686,8.461780235,4.314207553,0.011300921
1609060445.528472185,-10.667784832,8.468458721,4.323466079,-10.674643132,8.468412485,4.312531232,0.012907723
1609060445.578977108,-10.670390961,8.477384261,4.323664251,-10.677512965,8.477178500,4.311037311,0.014498445
1609060445.621975183,-10.675153220,8.488235411,4.322530338,-10.684246471,8.487676918,4.308965039,0.016340639
1609060445.681045055,-10.691120963,8.505638197,4.318261564,-10.695299766,8.500391912,4.306086232,0.013900525
1609060445.731163979,-10.709053719,8.523752440,4.315577497,-10.708852575,8.515727215,4.305406082,0.012957715
1609060445.780709028,-10.728235134,8.541885464,4.309663042,-10.746134887,8.551189793,4.298670423,0.022974102
1609060445.828881025,-10.751581526,8.563818717,4.306940018,-10.768350377,8.572258392,4.297093013,0.021198726
1609060445.880499125,-10.778887503,8.589807185,4.305109951,-10.792578377,8.594063050,4.295049427,0.017514752
1609060445.927330017,-10.807840318,8.615704933,4.303117310,-10.820810407,8.619531360,4.293308938,0.016705356
1609060445.979900122,-10.840349719,8.645123978,4.303704228,-10.851604961,8.647640999,4.292093570,0.016365306
1609060446.029411077,-10.876204788,8.675248784,4.303330297,-10.881415610,8.672701561,4.291343696,0.013316141
1609060446.081185102,-10.925577629,8.709908769,4.311648037,-10.953772397,8.730169906,4.289711959,0.041068846
1609060446.131128073,-10.971400671,8.742638490,4.313121491,-10.993791774,8.759870618,4.288977784,0.037164853
1609060446.178665161,-11.019922383,8.776921796,4.308440003,-11.034327798,8.788470947,4.287095344,0.028222213
1609060446.228984118,-11.072566520,8.811836707,4.307336298,-11.079141575,8.819246099,4.287660674,0.022028631
1609060446.281457186,-11.127301720,8.848188078,4.290312753,-11.124886805,8.846997117,4.286385387,0.004761765
1609060446.328745127,-11.182687947,8.880079031,4.287587015,-11.219196782,8.902671747,4.281085219,0.043423486
1609060446.380972147,-11.245323857,8.914060113,4.283566161,-11.264809517,8.929133632,4.278986669,0.025057407
1609060446.428580046,-11.302323654,8.944926701,4.279167295,-11.316683974,8.957496139,4.275969685,0.019350305
1609060446.480714083,-11.364860621,8.979644844,4.273565499,-11.368412785,8.985004158,4.272898092,0.006464174
1609060446.528998137,-11.422587703,9.010172315,4.269074040,-11.419630348,9.013818649,4.270494245,0.004904965
1609060446.580425978,-11.481314801,9.042138146,4.264164064,-11.516659526,9.068718983,4.262173499,0.044269096
1609060446.628514051,-11.533623855,9.072057202,4.258374810,-11.563119600,9.095208820,4.257390994,0.037509523
1609060446.680069208,-11.588361062,9.103525660,4.251669576,-11.606448684,9.121007864,4.252498149,0.025168950
1609060446.731581211,-11.641507063,9.134646353,4.245224283,-11.649330588,9.148314080,4.248202018,0.016027514
1609060446.780048132,-11.688748104,9.164004671,4.247562679,-11.692640834,9.174227111,4.243259145,0.011754660
1609060446.829411983,-11.735067399,9.192165430,4.243104828,-11.735750319,9.199356664,4.239086918,0.008265823
1609060446.880906105,-11.785075406,9.222165427,4.234758259,-11.817039114,9.251696887,4.229726058,0.043807634
1609060446.930359125,-11.826821892,9.250616396,4.229904423,-11.854441348,9.276882011,4.224579134,0.038484745
1609060446.979737997,-11.867502055,9.279097795,4.218025552,-11.890800431,9.302618882,4.220096648,0.033171454
1609060447.028401136,-11.906358232,9.309567819,4.212790804,-11.925569533,9.330045440,4.215541429,0.028212994
1609060447.082936049,-11.947148186,9.341259341,4.213536062,-11.955594171,9.355604054,4.210560634,0.016910311
1609060447.130169153,-11.976163335,9.368720128,4.209008613,-12.007855030,9.405438105,4.201178190,0.049131344
1609060447.180736065,-12.006356039,9.402064088,4.200637866,-12.030735744,9.430845558,4.196537362,0.037941496
1609060447.229449034,-12.030428421,9.431083182,4.195094025,-12.051658063,9.455754064,4.192369416,0.032661501
1609060447.281094074,-12.056143614,9.465838301,4.187528360,-12.071835642,9.481591532,4.188326726,0.022249527
1609060447.330182076,-12.077737916,9.495717534,4.182467919,-12.091152186,9.506412782,4.185498864,0.017421756
1609060447.375482082,-12.097706439,9.523653327,4.181445318,-12.123978913,9.556675436,4.177846500,0.042351553
1609060447.423263073,-12.115180103,9.554690490,4.178844643,-12.137752105,9.582668600,4.176404410,0.036030884
1609060447.477159977,-12.132126730,9.590317950,4.175601835,-12.148720240,9.606702616,4.172307402,0.023551118
1609060447.528703213,-12.146480534,9.623221041,4.171294971,-12.159652369,9.633535533,4.167288206,0.017202911
1609060447.581300020,-12.160473753,9.655352030,4.165874113,-12.168241861,9.657991014,4.164941006,0.008257023
1609060447.628663063,-12.171156952,9.685697918,4.162268198,-12.184239516,9.708765045,4.159338568,0.026680115
1609060447.681246996,-12.181704034,9.720123378,4.159086658,-12.190399582,9.733236365,4.155138946,0.016221819
1609060447.728794098,-12.188953325,9.750072092,4.154772787,-12.197005013,9.759302400,4.151966027,0.012566072
1609060447.778280020,-12.194722335,9.780302475,4.149259343,-12.201710420,9.787162588,4.149457900,0.009794585
1609060447.830143213,-12.200505198,9.813638541,4.145230605,-12.205603751,9.813767714,4.144889103,0.005111609
1609060447.882296085,-12.207554335,9.848040600,4.145651039,-12.215940604,9.871106439,4.139471222,0.025309140
1609060447.928719997,-12.212887179,9.879756667,4.142672076,-12.219605768,9.898439333,4.134570997,0.021443156
1609060447.979175091,-12.220067955,9.913300956,4.132197761,-12.225640223,9.926629612,4.131997840,0.014447948
1609060448.028673172,-12.226556625,9.945061893,4.127559544,-12.231086071,9.951969307,4.130260604,0.008690453
1609060448.081704140,-12.235419497,9.979867034,4.123344901,-12.239608534,9.980692273,4.125477221,0.004772403
1609060448.130548000,-12.244906929,10.013945873,4.119237571,-12.254955532,10.037082020,4.121273354,0.025306128
1609060448.182169199,-12.255794943,10.046647969,4.123320781,-12.264050884,10.064378203,4.119192763,0.019989055
1609060448.228177071,-12.265221362,10.075679600,4.121309992,-12.272376535,10.093256339,4.116382381,0.019606622
1609060448.279637098,-12.278864511,10.112229778,4.118684895,-12.283666020,10.121992820,4.114404987,0.011691411
1609060448.330150127,-12.292437924,10.144219801,4.117016096,-12.295017452,10.148043479,4.113725377,0.005665979
1609060448.380889177,-12.309823682,10.179875276,4.112328181,-12.322679614,10.203464141,4.112076686,0.026865829
1609060448.430328131,-12.328500789,10.214150141,4.111675890,-12.339148587,10.232592940,4.111562189,0.021296135
1609060448.481029034,-12.348530293,10.250631173,4.112193600,-12.355979273,10.260904486,4.111095664,0.012737101
1609060448.528560162,-12.368391921,10.282901037,4.114587123,-12.373568396,10.290064334,4.112586442,0.009061537
1609060448.582046986,-12.392666567,10.318993662,4.115830678,-12.392242588,10.315744240,4.112371686,0.004764780
1609060448.629378080,-12.414765687,10.349705862,4.115981048,-12.432918091,10.369737257,4.114337638,0.027082603
1609060448.682945013,-12.441222016,10.384403011,4.115881672,-12.454346120,10.396261479,4.115780236,0.017688291
1609060448.728159189,-12.464668089,10.413313117,4.117006185,-12.475441418,10.421038557,4.116403035,0.013270676
1609060448.781961203,-12.494944918,10.446478596,4.118252133,-12.500005318,10.446947196,4.118883325,0.005121097
1609060448.830974102,-12.523405733,10.474430511,4.120193365,-12.523574585,10.470061022,4.120193754,0.004372750
1609060448.882435083,-12.553596146,10.502133787,4.122460212,-12.572886452,10.515109288,4.121854327,0.023256110
1609060448.929800034,-12.581390681,10.527962527,4.124367481,-12.599425823,10.538243207,4.123723934,0.020769518
1609060448.980499029,-12.613925038,10.553491782,4.126249772,-12.624608681,10.559193484,4.124953707,0.012179057
1609060449.029496193,-12.644285954,10.577547558,4.128446136,-12.652554709,10.583523525,4.126282791,0.010429026
1609060449.081385136,-12.677877799,10.604209055,4.131517633,-12.682939484,10.604695444,4.128546873,0.005889197
1609060449.129601002,-12.707459728,10.626561456,4.134114112,-12.710736261,10.624208179,4.130713865,0.005275913
1609060449.182257175,-12.741066648,10.649931129,4.139882108,-12.767039277,10.663093965,4.135610724,0.029429278
1609060449.229597092,-12.771341220,10.669160676,4.143041840,-12.792593344,10.680557555,4.136993587,0.024862080
1609060449.281344175,-12.805689604,10.689053149,4.142870721,-12.821144240,10.697588871,4.138063289,0.018297970
1609060449.328800201,-12.836244389,10.707172923,4.145855199,-12.850144373,10.716092455,4.141037690,0.017203953
1609060449.380174160,-12.876184597,10.727728482,4.149789558,-12.881815983,10.733346003,4.142872568,0.010541053
1609060449.429436207,-12.911023518,10.745220954,4.152519291,-12.912384404,10.748204934,4.144857782,0.008333959
1609060449.481356144,-12.949169225,10.765206488,4.154506361,-12.971840194,10.776922984,4.147379562,0.026496045
1609060449.530636072,-12.983147685,10.779971767,4.156654439,-13.001146482,10.790040247,4.148723499,0.022095945
1609060449.580252171,-13.016852029,10.795472721,4.154206094,-13.029499540,10.801588080,4.149456160,0.014829667
1609060449.629147053,-13.050819985,10.808579907,4.155413174,-13.057782111,10.814609535,4.150434557,0.010469681
1609060449.680668116,-13.087024375,10.822864883,4.155730888,-13.088774447,10.824323268,4.151041214,0.005213701
1609060449.730679035,-13.121969829,10.835281967,4.155110399,-13.115796077,10.835964348,4.151233898,0.007321756
1609060449.780331135,-13.157653362,10.846716302,4.154336074,-13.177453511,10.853978993,4.151955481,0.021224038
1609060449.829497099,-13.192394443,10.857122628,4.153888192,-13.207514554,10.862970596,4.152216333,0.016297595
1609060449.881090164,-13.228626702,10.867651985,4.153810737,-13.237319647,10.870305895,4.152932812,0.009131335
1609060449.932608128,-13.264039252,10.876638228,4.153508468,-13.269759377,10.877400723,4.152277593,0.005900533
1609060449.981177092,-13.296989683,10.883803616,4.153185155,-13.302207454,10.884130604,4.152990028,0.005231647
1609060450.029534101,-13.330859151,10.889848774,4.154491747,-13.331559016,10.889898523,4.153208877,0.001462203
1609060450.083388090,-13.369139783,10.895676634,4.157628552,-13.394222629,10.896181438,4.154714288,0.025256621
1609060450.135148048,-13.405791384,10.899611642,4.158342264,-13.424725471,10.898459132,4.153499124,0.019577638
1609060450.181058168,-13.440040473,10.902961875,4.154998682,-13.453131565,10.901180662,4.155647510,0.013227637
1609060450.228619099,-13.474093541,10.904709856,4.155681600,-13.485855793,10.901615493,4.156144239,0.012171265
1609060450.282606125,-13.513775184,10.907703370,4.162686801,-13.518695374,10.903315601,4.156738835,0.008879138
1609060450.330546141,-13.550197531,10.909952723,4.165319560,-13.581498267,10.907478475,4.156779562,0.032539046
1609060450.379955053,-13.585944563,10.910535815,4.162751181,-13.611913175,10.907490066,4.160075553,0.026283158
1609060450.428682089,-13.619956783,10.910305097,4.164385774,-13.644110414,10.907383925,4.160692907,0.024608300
1609060450.482573032,-13.665489141,10.913813235,4.163443674,-13.676141387,10.908629688,4.160553072,0.012194059
1609060450.531778097,-13.704345360,10.915031509,4.163521845,-13.710102204,10.909696283,4.161543229,0.008094493
1609060450.581305027,-13.746934333,10.915296947,4.162839940,-13.782273074,10.909636588,4.162177724,0.035795319
1609060450.629453182,-13.786714397,10.915461364,4.163244140,-13.817640933,10.911812412,4.164140068,0.031153944
1609060450.681060076,-13.833376080,10.920754129,4.168319537,-13.855848101,10.915112950,4.165378286,0.023355204
1609060450.728013039,-13.876027171,10.925494292,4.169462725,-13.894317255,10.917821763,4.165572428,0.020212108
1609060450.781613111,-13.926119277,10.933422944,4.171584930,-13.933096969,10.924568179,4.168173111,0.011778606
1609060450.828855038,-13.969554683,10.940987960,4.172618296,-13.970779122,10.930731312,4.166718219,0.011895756
1609060450.881541014,-14.018524575,10.952139477,4.172415918,-14.053824496,10.949161480,4.169715153,0.035528116
1609060450.930435181,-14.065782251,10.965484992,4.175860175,-14.093313337,10.960139577,4.170801788,0.028497744
1609060450.980435133,-14.114474352,10.981776037,4.180600219,-14.133494858,10.973869229,4.168965540,0.023657198
1609060451.032390118,-14.167217971,11.000851570,4.179590117,-14.177736031,10.990678875,4.170095946,0.017442838
1609060451.090063095,-14.225374666,11.022611058,4.179024697,-14.269042677,11.026748210,4.173653960,0.044191131
1609060451.134982109,-14.271475722,11.042925819,4.179284628,-14.312831816,11.046805931,4.173356386,0.041958620
1609060451.179135084,-14.318092666,11.063570873,4.172923834,-14.354738938,11.068656401,4.175284457,0.037072690
1609060451.228018999,-14.369443482,11.090051496,4.173042890,-14.400201626,11.091950462,4.176851653,0.031051187
1609060451.280712128,-14.425383548,11.115890389,4.178299543,-14.446085861,11.114829169,4.178296050,0.020729495
1609060451.330120087,-14.477807064,11.144330707,4.178676267,-14.490253687,11.139446243,4.179780274,0.013416231
1609060451.380979061,-14.531509651,11.173048725,4.183742776,-14.534993030,11.165670777,4.180257504,0.008872157
1609060451.428116083,-14.577896110,11.197803767,4.184616918,-14.621078292,11.215528269,4.183157972,0.046701042
1609060451.479802132,-14.631089016,11.228945838,4.185761565,-14.660264882,11.239860405,4.182926150,0.031279363
1609060451.530027151,-14.681580500,11.258520288,4.185642470,-14.707257889,11.269393241,4.183770822,0.027947316
1609060451.579686165,-14.735253953,11.288192041,4.188112649,-14.755177788,11.298785816,4.183758358,0.022981451
1609060451.630514145,-14.785930390,11.317322816,4.187954624,-14.795506789,11.323102111,4.182418996,0.012480018
1609060451.684009075,-14.841164221,11.352118027,4.186421108,-14.876474146,11.375267089,4.181839396,0.042469542
1609060451.728813171,-14.883125453,11.376784549,4.186111805,-14.913363349,11.397416207,4.181518496,0.036893010
1609060451.780947208,-14.929373444,11.406593201,4.184318741,-14.950218181,11.419476056,4.181270781,0.024693341
1609060451.828563213,-14.971185428,11.429958237,4.182336400,-14.983707903,11.439773782,4.180938636,0.015972196
1609060451.881102085,-15.013901164,11.454548922,4.181544229,-15.017127016,11.459528257,4.180442560,0.006034365
1609060451.930507183,-15.051007107,11.475389049,4.181487524,-15.077968808,11.492242523,4.179537506,0.031855540
1609060451.979911089,-15.086216695,11.495431099,4.181875710,-15.104692095,11.506758629,4.179124941,0.021845367
1609060452.030478001,-15.118645151,11.512325770,4.180751511,-15.132041879,11.520645398,4.178869324,0.015881787
1609060452.079850197,-15.148224604,11.527766706,4.179450421,-15.157452685,11.532543745,4.178256272,0.010459616
1609060452.141802073,-15.186654819,11.546298082,4.181113253,-15.182997355,11.544575081,4.177997091,0.005104531
1609060452.179795027,-15.208284553,11.556582607,4.181636371,-15.228089147,11.565679584,4.178021932,0.022091652
1609060452.229011059,-15.234200904,11.567998160,4.182643884,-15.249951686,11.573836163,4.178290366,0.017352883
1609060452.279659033,-15.257374470,11.580099620,4.180559667,-15.269802345,11.581464387,4.178299905,0.012705163
1609060452.328589201,-15.278629678,11.587929968,4.181157948,-15.289020485,11.588111444,4.179472105,0.010528242
1609060452.381144047,-15.302700506,11.595866724,4.178671472,-15.307897717,11.594071406,4.180569180,0.005816825
1609060452.430617094,-15.323411591,11.603015329,4.179508927,-15.343051780,11.604933488,4.181016165,0.019791113
1609060452.479754210,-15.342556715,11.607973858,4.181646368,-15.361310564,11.610027707,4.183685538,0.018975863
1609060452.529028177,-15.361690951,11.614103437,4.183459845,-15.378972753,11.614796867,4.186707954,0.017598061
1609060452.579004049,-15.382297668,11.619723699,4.188758437,-15.395855737,11.619722366,4.188574433,0.013559317
1609060452.630564213,-15.403278529,11.625206378,4.192035951,-15.414360477,11.624633989,4.191786932,0.011099514
1609060452.681979179,-15.427772504,11.632854917,4.192735869,-15.432051889,11.628544138,4.193135324,0.006087324
1609060452.729056120,-15.447931986,11.637825216,4.196030306,-15.469769155,11.639381424,4.201674956,0.022608534
1609060452.779504061,-15.472884941,11.646197062,4.200348428,-15.488116577,11.643879426,4.205757500,0.016328877
1609060452.830963135,-15.497330334,11.653391318,4.205900734,-15.509062661,11.649362499,4.209759100,0.012990993
1609060452.880644083,-15.523065689,11.661324951,4.213267822,-15.528778960,11.654603117,4.213521439,0.008825465
1609060452.931265116,-15.549200813,11.667878456,4.219833050,-15.571133702,11.666036633,4.224265380,0.022451937
1609060452.979619980,-15.574015433,11.674410180,4.225829338,-15.592154262,11.671047268,4.228759555,0.018679199
1609060453.028874159,-15.600340462,11.681684336,4.231839695,-15.614782549,11.678399776,4.234691544,0.015082946
1609060453.081588984,-15.630345926,11.689994577,4.238033465,-15.637368339,11.685097509,4.238526268,0.008575455
1609060453.129861116,-15.658413642,11.700184756,4.243684880,-15.662925472,11.692032076,4.244768319,0.009380652
1609060453.181578159,-15.689341580,11.711258922,4.249579329,-15.714336895,11.711202479,4.255513575,0.025690158
1609060453.228747129,-15.718540003,11.721250611,4.255013380,-15.740681646,11.720629227,4.261099146,0.022971178
1609060453.280352116,-15.752120932,11.733434014,4.260378196,-15.768381796,11.729234108,4.266986352,0.018047788
1609060453.330042124,-15.784229697,11.745018190,4.267076537,-15.796162682,11.738440477,4.272444573,0.014645076
1609060453.383922100,-15.818946264,11.756256031,4.276684257,-15.821796327,11.748079227,4.279367836,0.009065572
1609060453.429046154,-15.847660504,11.766380120,4.283356902,-15.876571447,11.766226052,4.287474839,0.029203146
1609060453.481620073,-15.881447345,11.777408077,4.291664641,-15.904351310,11.775736265,4.298611467,0.023992603
1609060453.530162096,-15.911327609,11.787479906,4.298550758,-15.930894707,11.787284551,4.303854233,0.020274031
1609060453.580815077,-15.944292304,11.798861519,4.302019817,-15.958363550,11.796486472,4.308190326,0.015547218
1609060453.629384041,-15.974397993,11.809198664,4.308300214,-15.986488409,11.806501419,4.315149195,0.014154923
1609060453.682363987,-16.005722365,11.820114545,4.317050628,-16.013924670,11.816059434,4.322242293,0.010520225
1609060453.732746124,-16.035734285,11.830101828,4.323996392,-16.040033231,11.824962814,4.327118496,0.007391748
1609060453.780745029,-16.068837262,11.839432975,4.328496916,-16.090585540,11.841230891,4.339523508,0.024450069
1609060453.828164101,-16.096142594,11.847700489,4.335243508,-16.113119661,11.848882228,4.346129680,0.020202130
1609060453.880906105,-16.126962313,11.857418647,4.346277798,-16.136748990,11.856985522,4.352048164,0.011369423
1609060453.931298018,-16.155194897,11.863709429,4.354879082,-16.162288919,11.862648268,4.359047990,0.008296446
1609060453.980770111,-16.183000594,11.868283327,4.362431896,-16.205893276,11.872385300,4.372850172,0.025484143
1609060454.029380083,-16.206824828,11.873033257,4.369629772,-16.226330925,11.875060733,4.378820884,0.021658140
1609060454.081245184,-16.231620721,11.876247563,4.377875157,-16.244493816,11.876505886,4.384554122,0.014504892
1609060454.129816055,-16.253496065,11.877365850,4.386140481,-16.262505686,11.877192280,4.390092535,0.009839824
1609060454.181892157,-16.276547620,11.876929147,4.395856370,-16.279026159,11.876745015,4.396135982,0.002501049
1609060454.230159998,-16.295287991,11.874258972,4.402236576,-16.311902462,11.871299927,4.407340676,0.017630895
1609060454.280667067,-16.314177765,11.870878025,4.408549771,-16.325084084,11.869477109,4.412352823,0.011635015
1609060454.327840090,-16.329732227,11.867826587,4.415743440,-16.338319818,11.867320173,4.417771121,0.008838250
1609060454.380474091,-16.346120059,11.865566585,4.423548589,-16.352058222,11.863918699,4.423283675,0.006168265
1609060454.430658102,-16.360523810,11.860023339,4.430852716,-16.364199007,11.859026064,4.428745014,0.004352475
1609060454.483566999,-16.374747387,11.853458066,4.437085996,-16.387558412,11.846547505,4.439052163,0.014688228
1609060454.531413078,-16.386907809,11.845721899,4.443841239,-16.398453520,11.838850004,4.443082946,0.013457391
1609060454.578727007,-16.398522720,11.838517094,4.446211141,-16.407805552,11.830139144,4.447844058,0.012610608
1609060454.627688169,-16.406558581,11.827763983,4.452167606,-16.415417812,11.821380331,4.454084266,0.011086504
1609060454.680584192,-16.417738817,11.814974062,4.456622256,-16.423564531,11.810056218,4.458538233,0.007860986
1609060454.731364012,-16.425544497,11.801679598,4.462826311,-16.430576477,11.797607045,4.462358244,0.006490423
1609060454.781885147,-16.432758204,11.787121360,4.468219859,-16.441101018,11.772282692,4.473168483,0.017727874
1609060454.831376076,-16.437606631,11.771234320,4.473749153,-16.445576225,11.758235358,4.480034833,0.016492338
1609060454.881854057,-16.442385238,11.752243666,4.482509561,-16.447891870,11.743078402,4.484318096,0.010844163
1609060454.934195042,-16.444885354,11.732040386,4.488640080,-16.449339954,11.728654893,4.488485993,0.005597211
1609060454.985146046,-16.447181555,11.710954557,4.495624761,-16.452291104,11.711356378,4.495191672,0.005143590
1609060455.032769203,-16.447363445,11.689299105,4.501412016,-16.451885256,11.677209674,4.503218143,0.013033158
1609060455.088777065,-16.446977516,11.663313446,4.506185919,-16.450795112,11.658726875,4.507904414,0.006209984
1609060455.134570122,-16.445208250,11.641883567,4.512794864,-16.448764892,11.638146958,4.512902542,0.005159801
1609060455.183914185,-16.442348843,11.616733490,4.517826576,-16.445223275,11.617394316,4.517028021,0.003055608
1609060455.233921051,-16.437090461,11.590212417,4.522227964,-16.441573479,11.597021454,4.521185369,0.008218725
1609060455.281438112,-16.431094636,11.564431189,4.527032444,-16.431255860,11.549690102,4.529829753,0.015005019
1609060455.329286098,-16.423876504,11.536581909,4.531911294,-16.431255808,11.549689206,4.529826815,0.015185534
1609060455.380719185,-16.415440766,11.506385363,4.536939297,-16.415795333,11.500663656,4.540816087,0.006920488
1609060455.428884983,-16.405800983,11.476403498,4.543296005,-16.407432843,11.472806416,4.546400200,0.005023743
1609060455.480583191,-16.395140647,11.443696809,4.550477964,-16.397893514,11.445595310,4.552441449,0.003877868
1609060455.532083988,-16.382753913,11.409934524,4.556974492,-16.388513102,11.417471797,4.558676906,0.009637269
1609060455.580499172,-16.371274303,11.379070744,4.562915125,-16.365968706,11.357033524,4.572077005,0.024448486
1609060455.628786087,-16.357688367,11.345395763,4.569632189,-16.353860533,11.326786666,4.578735111,0.021066894
1609060455.680741072,-16.343115948,11.310343911,4.581824209,-16.340782622,11.296881673,4.586335830,0.014388571
1609060455.731168985,-16.327399819,11.274524983,4.591828150,-16.327714231,11.266051679,4.594105581,0.008779659
1609060455.779289007,-16.313442661,11.242186587,4.599443951,-16.314509837,11.234181419,4.602571278,0.008660355
1609060455.829546213,-16.295831036,11.205181331,4.609510231,-16.299793202,11.202781824,4.610427676,0.004722086
1609060455.880892038,-16.278927857,11.168635337,4.618964036,-16.269110843,11.136057388,4.627673649,0.035121986
1609060455.928446054,-16.262040757,11.133616893,4.628363297,-16.253209242,11.103537868,4.636069117,0.032281930
1609060455.979711056,-16.243036954,11.089402737,4.640283196,-16.238871051,11.071772141,4.644312498,0.018558770
1609060456.029316187,-16.224677758,11.050753176,4.650367369,-16.223415436,11.039899689,4.652542963,0.011141133
1609060456.081103086,-16.205168392,11.010061660,4.659845594,-16.208156652,11.007679533,4.660683008,0.003912223
1609060456.132400036,-16.184603512,10.969353280,4.669413546,-16.191639183,10.975816571,4.668562270,0.009591635
1609060456.179992199,-16.166292688,10.937646239,4.677718310,-16.157796425,10.907496719,4.685450575,0.032264035
1609060456.229928017,-16.146720835,10.897858934,4.685264409,-16.140728603,10.875105786,4.693610322,0.024965313
1609060456.280745983,-16.125291582,10.857271387,4.693716488,-16.123735753,10.841431982,4.701016051,0.017509739
1609060456.328821182,-16.105168962,10.818834399,4.701569365,-16.104808157,10.804810708,4.706757848,0.014957087
1609060456.375164032,-16.086629476,10.782026462,4.708670875,-16.084498735,10.768000893,4.712347292,0.014655125
1609060456.426805019,-16.064070501,10.740851978,4.714653174,-16.066081783,10.734851889,4.717837341,0.007084154
1609060456.485151052,-16.037305165,10.694606359,4.720163221,-16.028463984,10.667867936,4.724941724,0.028564731
1609060456.528421164,-16.017694921,10.660262762,4.725123456,-16.008864522,10.634156633,4.728401650,0.027753423
1609060456.579080105,-15.996342807,10.620577742,4.731336021,-15.990670922,10.602741379,4.732610770,0.018759827
1609060456.627412081,-15.973253541,10.581854713,4.735851173,-15.972014553,10.570677111,4.735667267,0.011247564
1609060456.680670023,-15.949132454,10.540728583,4.740341214,-15.951357619,10.537472364,4.739038063,0.004153617
1609060456.726881981,-15.925480114,10.503375132,4.744183665,-15.911276502,10.472812250,4.743935631,0.033703025
1609060456.779075146,-15.897890966,10.462649367,4.745705826,-15.888008207,10.438981291,4.746652244,0.025665979
1609060456.827740192,-15.870946452,10.424180080,4.748381565,-15.864701641,10.407843630,4.748150770,0.017490870
1609060456.878676176,-15.844600447,10.385670183,4.746653609,-15.844909246,10.374689299,4.749419130,0.011327987
1609060456.929023027,-15.815119817,10.346273044,4.747456422,-15.794618072,10.309735200,4.751027926,0.042048677
1609060456.978980064,-15.786957605,10.309356285,4.752187544,-15.769524894,10.277798990,4.751943189,0.036053044
1609060457.027249098,-15.757131868,10.272109720,4.752813435,-15.742994135,10.244474693,4.751847094,0.031056466
1609060457.078922987,-15.722177677,10.229333817,4.751742961,-15.715706132,10.211430291,4.751787177,0.019037308
1609060457.129274130,-15.687291997,10.189873746,4.751315630,-15.687956111,10.179245100,4.751378746,0.010649561
1609060457.172206163,-15.658750326,10.155283966,4.747760697,-15.658115731,10.146042593,4.750561221,0.009677221
1609060457.221413136,-15.623205995,10.117523137,4.746089171,-15.599416833,10.084237104,4.748321554,0.040973989
1609060457.273039103,-15.584546923,10.080478376,4.742545742,-15.569527710,10.054360553,4.746943220,0.030447582
1609060457.322131157,-15.546819220,10.044396472,4.741492367,-15.534038794,10.020919174,4.745053148,0.026966683
1609060457.371599197,-15.507279439,10.007783622,4.740178301,-15.498056509,9.988150154,4.742591255,0.021825624
1609060457.428241014,-15.460451023,9.967327324,4.736592125,-15.463250915,9.958568815,4.740408152,0.009955549
1609060457.479582071,-15.418576845,9.932489763,4.732775170,-15.396926107,9.904329613,4.735617078,0.035634604
1609060457.528037071,-15.376933879,9.899275869,4.729328117,-15.361904715,9.873572028,4.733535370,0.030070986
1609060457.578487158,-15.333886317,9.865768895,4.725530838,-15.323927748,9.850318176,4.730504218,0.019042907
1609060457.627092123,-15.290570469,9.835230955,4.722384853,-15.288387265,9.824531773,4.728201030,0.012372016
1609060457.679813147,-15.245918691,9.804921308,4.719812381,-15.249872115,9.800057096,4.724672320,0.007931527
1609060457.727046013,-15.201572691,9.776712751,4.716674082,-15.175087915,9.752918041,4.718819197,0.035668377
1609060457.778679132,-15.153858685,9.747860844,4.712386817,-15.134251350,9.728387234,4.716406481,0.027925379
1609060457.827083111,-15.107332146,9.721092282,4.709399978,-15.095036583,9.707495415,4.713090766,0.018699668
1609060457.879731178,-15.059600995,9.693645124,4.708521829,-15.056877904,9.685121436,4.710308076,0.009124646
1609060457.929150105,-15.011285811,9.668216545,4.706483873,-14.973025071,9.643731436,4.704484350,0.045468702
1609060457.979729176,-14.964596745,9.645943725,4.703913278,-14.933762500,9.624220366,4.702403646,0.037748298
1609060458.026831150,-14.918030714,9.623842521,4.701847169,-14.892711920,9.603785413,4.699819938,0.032364155
1609060458.078697205,-14.868673404,9.601208277,4.697943458,-14.850685751,9.584674961,4.697362222,0.024438577
1609060458.137619019,-14.810060950,9.575643432,4.695196001,-14.806188932,9.568063047,4.694107117,0.008581401
1609060458.180298090,-14.763574818,9.553265562,4.694259574,-14.763728855,9.548085407,4.692951004,0.005345100
1609060458.226857185,-14.715330630,9.533763079,4.692640694,-14.679593987,9.513467176,4.688524362,0.041303457
1609060458.276430130,-14.664016717,9.515566948,4.687269515,-14.637982999,9.499937012,4.686689639,0.030370803
1609060458.327916145,-14.609160404,9.495926062,4.684558769,-14.591029902,9.482827091,4.683881660,0.022377592
1609060458.378300190,-14.558072352,9.479729123,4.680740310,-14.544414528,9.465144476,4.681151132,0.019985417
1609060458.428943157,-14.506999894,9.461171756,4.676330292,-14.500511561,9.451156009,4.677758356,0.012018860
1609060458.480785131,-14.452335818,9.443074421,4.671475770,-14.417867952,9.425696358,4.671379646,0.038601038
1609060458.527002096,-14.403804788,9.428079482,4.666995898,-14.374465707,9.412427499,4.667098710,0.033253222
1609060458.579663992,-14.350149457,9.412920697,4.661859136,-14.332550712,9.400114999,4.663915977,0.021861663
1609060458.628001213,-14.300735842,9.398703314,4.657968205,-14.290927671,9.390786726,4.660172111,0.012795695
1609060458.680536985,-14.248661248,9.384161640,4.655613707,-14.248446230,9.378475039,4.656425264,0.005748241
1609060458.733805180,-14.195119542,9.371059371,4.651479486,-14.165542234,9.355061536,4.649115840,0.033709564
1609060458.778982162,-14.150140264,9.359528234,4.647989692,-14.121778656,9.344435045,4.645939506,0.032192987
1609060458.827742100,-14.100151489,9.346745493,4.644301734,-14.081514865,9.334229124,4.641827115,0.022585548
1609060458.879104137,-14.051570636,9.334455192,4.638946372,-14.040624282,9.322846915,4.638355848,0.015966323
1609060458.930878162,-13.999487825,9.321375578,4.635107466,-13.997629350,9.312952424,4.634649096,0.008637913
1609060458.980327129,-13.951122938,9.308861804,4.634322324,-13.912954275,9.292428719,4.628690753,0.041935756
1609060459.026729107,-13.904850235,9.297162928,4.631675889,-13.874373684,9.282950993,4.624899749,0.034303285
1609060459.080546141,-13.853390134,9.284895136,4.629593887,-13.832300750,9.272429398,4.621580870,0.025775282
1609060459.127784014,-13.806158831,9.273171691,4.626239660,-13.787354526,9.264045380,4.617573826,0.022627155
1609060459.181243181,-13.756089240,9.261982409,4.621285850,-13.744319587,9.253481224,4.613787054,0.016340955
1609060459.227688074,-13.710106396,9.251140831,4.617667125,-13.664241669,9.233885836,4.605778938,0.050424567
1609060459.279424191,-13.654034308,9.236795255,4.609817183,-13.622607463,9.225626790,4.602073035,0.034239641
1609060459.328384161,-13.603541496,9.224905924,4.605374365,-13.580473672,9.216612176,4.598149290,0.025556066
1609060459.388609171,-13.540587768,9.211653135,4.599050439,-13.536532121,9.205174913,4.593804835,0.009269951
1609060459.433518171,-13.492274440,9.201132110,4.595108652,-13.493376982,9.196349766,4.589960429,0.007112708
1609060459.486275196,-13.441309818,9.193711600,4.588626700,-13.409527913,9.180518904,4.582862162,0.034890781
1609060459.533322096,-13.393443942,9.184379015,4.584507211,-13.367717740,9.170520362,4.579214058,0.029697091
1609060459.579319000,-13.344420555,9.174484614,4.580499171,-13.325809469,9.161142178,4.576396402,0.023264261
1609060459.627422094,-13.293089584,9.164496305,4.576818876,-13.283693429,9.154927585,4.573967391,0.013710547
1609060459.680034161,-13.240024842,9.154208601,4.573415121,-13.239950782,9.146375315,4.571436840,0.008079571
1609060459.728425026,-13.189017360,9.144534594,4.569837363,-13.153327753,9.129485623,4.566198986,0.038903180
1609060459.779250145,-13.138397174,9.134929607,4.565914617,-13.107856376,9.122257533,4.564577931,0.033092424
1609060459.827799082,-13.087103106,9.126212558,4.562604548,-13.062401589,9.114716482,4.562959683,0.027247951
1609060459.879274130,-13.033564526,9.117638781,4.558890267,-13.018979636,9.106370167,4.560599393,0.018510045
1609060459.927618980,-12.981721704,9.109462043,4.555676924,-12.972395304,9.099800095,4.557925888,0.013615903
1609060459.983558178,-12.923785126,9.100904671,4.552792657,-12.877701363,9.087123260,4.554346828,0.048125420
1609060460.025993109,-12.877578350,9.093971251,4.549981517,-12.835885915,9.078790160,4.552778567,0.044458387
1609060460.077687025,-12.823763452,9.086914648,4.545956967,-12.792757934,9.072175797,4.550619857,0.034645611
1609060460.131011009,-12.764691962,9.079069390,4.542568210,-12.743829666,9.067022551,4.549023320,0.024940532
1609060460.180317163,-12.712697142,9.071698309,4.541412841,-12.697677069,9.062403164,4.548077305,0.018879020
1609060460.228507996,-12.658760483,9.065151698,4.539844000,-12.608208510,9.049923071,4.546428084,0.053204917
1609060460.278956175,-12.603995709,9.059672176,4.542066213,-12.560107199,9.045792253,4.546281530,0.046223613
1609060460.329240084,-12.547295060,9.053530754,4.541751473,-12.512095174,9.041133180,4.546099615,0.037571774
1609060460.378509045,-12.485725415,9.044107838,4.540584318,-12.464203452,9.036152406,4.545371042,0.023439209
1609060460.428874016,-12.425300183,9.037834897,4.540222466,-12.418819552,9.031225254,4.544377065,0.010146263
1609060460.480195045,-12.364127295,9.032286387,4.540737252,-12.320331795,9.023729339,4.545093707,0.044835785
1609060460.526538134,-12.307152902,9.027142770,4.540823763,-12.272813456,9.018982064,4.544770325,0.035515771
1609060460.578445196,-12.249874670,9.025096198,4.539639472,-12.225891787,9.013911162,4.544275166,0.026865840
1609060460.625929117,-12.194035634,9.021228913,4.540952944,-12.179492860,9.011670397,4.543949672,0.017658932
1609060460.680358171,-12.127582636,9.016775837,4.541439022,-12.128949837,9.009682358,4.544934256,0.008025169
1609060460.727480173,-12.070014108,9.013547209,4.541162704,-12.035764900,9.003080532,4.545133176,0.036032267
1609060460.778958082,-12.010843964,9.011057611,4.539442420,-11.984997027,9.000636505,4.545347657,0.028487461
1609060460.828413010,-11.950823936,9.008751349,4.539543208,-11.935488093,8.999456692,4.546147266,0.019110006
1609060460.880685091,-11.889874113,9.007644855,4.540204607,-11.888334369,8.998749550,4.545921481,0.010685500
1609060460.929251194,-11.832795400,9.006592174,4.541621792,-11.792142997,8.995483228,4.547982001,0.042620169
1609060460.978983164,-11.775814006,9.006510526,4.543765811,-11.742670188,8.995525958,4.550137293,0.035493227
1609060461.027152061,-11.717534989,9.005928090,4.545979958,-11.693399797,8.994243896,4.553348213,0.027808615
1609060461.079848051,-11.659265024,9.006516235,4.549845400,-11.645428207,8.992801260,4.555419568,0.020263993
1609060461.127817154,-11.601836038,9.006920989,4.552761735,-11.599227557,8.992951808,4.557512231,0.014983638
1609060461.179355145,-11.544716875,9.005994951,4.555930178,-11.497081332,8.995387205,4.563185410,0.049338703
1609060461.226543188,-11.488347922,9.007041341,4.558825044,-11.450138308,8.995223896,4.566043509,0.040641516
1609060461.278989077,-11.429939003,9.008765646,4.563885339,-11.401073723,8.995902185,4.567937211,0.031860488
1609060461.327422142,-11.372696889,9.010885517,4.566807151,-11.342489845,9.001448335,4.569969760,0.031804528
1609060461.380146027,-11.313413796,9.014622758,4.570037864,-11.287440709,9.005351737,4.572328995,0.027673135
1609060461.428488016,-11.256821664,9.018339579,4.572833035,-11.238776944,9.007515813,4.574077218,0.021078753
1609060461.480466127,-11.187936366,9.021855518,4.574890320,-11.143168379,9.015799045,4.576046734,0.045190606
1609060461.526633978,-11.130862928,9.026366562,4.577030350,-11.091407636,9.022628286,4.577437840,0.039634087
1609060461.578130007,-11.067053502,9.033462387,4.578209911,-11.043087481,9.026911605,4.578532034,0.024847267
1609060461.628714085,-11.003000185,9.040526438,4.580091159,-10.997226174,9.031879182,4.579794723,0.010402024
1609060461.680414200,-10.947203866,9.051190338,4.581295626,-10.945904437,9.039598765,4.580599963,0.011684906
1609060461.726855993,-10.891845751,9.060059826,4.584459358,-10.849735766,9.055903674,4.582602763,0.042355299
1609060461.778423071,-10.828109694,9.070916064,4.585346084,-10.806187283,9.062003082,4.583041718,0.023776952
1609060461.826656103,-10.767701792,9.082244523,4.585035688,-10.758500796,9.072117279,4.582520387,0.013912086
1609060461.881693125,-10.701555254,9.096517099,4.582394850,-10.705757137,9.084210008,4.582690307,0.013007982
1609060461.929234982,-10.643086013,9.109838389,4.581161882,-10.605241593,9.107498079,4.581725524,0.037920903
1609060461.978337049,-10.585616835,9.124470887,4.579340837,-10.605241841,9.107502212,4.581738249,0.026054258
1609060462.026682138,-10.526178374,9.140178631,4.577487471,-10.499543131,9.136359237,4.579143498,0.026958604
1609060462.079570055,-10.464009997,9.158537030,4.575136976,-10.449736490,9.150396813,4.577297229,0.016572955
1609060462.129022121,-10.403659439,9.176930284,4.572470634,-10.403140093,9.164074111,4.574279709,0.012993215
1609060462.180023193,-10.343382785,9.197327912,4.570037196,-10.299234847,9.197678663,4.567741555,0.044208975
1609060462.227467060,-10.284281692,9.217229845,4.566254938,-10.249497302,9.215760842,4.563995056,0.034888664
1609060462.279769182,-10.224912444,9.239328966,4.559655083,-10.199299784,9.232864779,4.559997512,0.026418011
1609060462.330918074,-10.161791203,9.263035676,4.554629188,-10.147979367,9.252787359,4.555340813,0.017213403
1609060462.380113125,-10.105367925,9.285146656,4.550955159,-10.098462022,9.272314671,4.551181709,0.014574040
1609060462.427350998,-10.047546697,9.308312803,4.545858570,-9.997105912,9.314159380,4.541772460,0.050942630
1609060462.479017019,-9.988295618,9.334297739,4.541456313,-9.950902185,9.333420650,4.536553096,0.037723727
1609060462.527957201,-9.927966011,9.360891724,4.536099713,-9.896134576,9.358922602,4.531562784,0.032213373
1609060462.580631018,-9.855517897,9.391019875,4.527776401,-9.844711558,9.383487908,4.526681880,0.013217619
1609060462.628690004,-9.794006727,9.419270220,4.522180684,-9.749109204,9.429521348,4.516845201,0.046360981
1609060462.679250002,-9.730532868,9.452990877,4.515662356,-9.697789029,9.455791429,4.511401900,0.033138401
1609060462.727450132,-9.667998761,9.483800018,4.509716008,-9.645403320,9.484255630,4.506446312,0.022835334
1609060462.779249191,-9.613810526,9.517997892,4.504693097,-9.593004785,9.512704701,4.500926681,0.021796390
1609060462.828996181,-9.555509268,9.552240379,4.498706219,-9.544214309,9.539908826,4.495110005,0.017104855
1609060462.879943132,-9.493750658,9.588586518,4.492249360,-9.448470072,9.597545388,4.485194898,0.046694306
1609060462.929316998,-9.436144859,9.624489834,4.486042290,-9.401056274,9.626347987,4.480240280,0.035613548
1609060462.979207039,-9.380535169,9.661214904,4.479586702,-9.356378727,9.654168459,4.474878735,0.025599825
1609060463.027507067,-9.324802796,9.696565572,4.472532801,-9.311184796,9.682910415,4.469017219,0.019602871
1609060463.080178022,-9.267868666,9.732875572,4.462124997,-9.262582473,9.715455261,4.462872705,0.018220047
1609060463.129511118,-9.213939283,9.769989372,4.453035308,-9.215640307,9.747584797,4.455995941,0.022663270
1609060463.178997993,-9.163127725,9.807888366,4.444196938,-9.128551936,9.809874106,4.438759234,0.035057053
1609060463.226540089,-9.111986425,9.844955195,4.434383425,-9.081891484,9.845481418,4.430558539,0.030341591
1609060463.279219151,-9.061768081,9.885064043,4.423103577,-9.037535387,9.880672873,4.422249008,0.024642161
1609060463.330190182,-9.009543113,9.926201496,4.412363364,-8.995340987,9.914901300,4.413395270,0.018178549
1609060463.379824162,-8.964844448,9.966304213,4.400786830,-8.956491067,9.947599737,4.404486723,0.020816474
1609060463.427031994,-8.919279409,10.005213326,4.390765677,-8.872894099,10.021215480,4.387802177,0.049157382
1609060463.479870081,-8.872708108,10.049650020,4.381461156,-8.837047667,10.054831934,4.380023254,0.036063649
1609060463.529342175,-8.827872042,10.091166571,4.371976668,-8.799957494,10.090711609,4.371890689,0.027918388
1609060463.580952168,-8.785158928,10.132707173,4.365962988,-8.766469078,10.124438614,4.364592000,0.020483143
1609060463.628221035,-8.744015323,10.173237733,4.358301200,-8.693337220,10.199029115,4.350487878,0.057397852
1609060463.677978992,-8.699279304,10.219735109,4.349242671,-8.661278561,10.234466391,4.342395305,0.041327395
1609060463.732715130,-8.652288274,10.269055142,4.340032738,-8.629383090,10.271479908,4.334571952,0.023671652
1609060463.778750181,-8.615592639,10.313300349,4.328362726,-8.592216185,10.314234212,4.325883559,0.023526091
1609060463.828248024,-8.574306022,10.360213640,4.318020370,-8.559984482,10.353648576,4.316895800,0.015794658
1609060463.879996061,-8.542137341,10.410560072,4.306261892,-8.503135004,10.428398039,4.299374919,0.043437378
1609060463.933847189,-8.502721750,10.462782629,4.295078898,-8.471007226,10.471064804,4.290970667,0.033034573
1609060463.980240107,-8.468050799,10.508844845,4.284606766,-8.442146024,10.511778372,4.282359652,0.026167011
1609060464.028326035,-8.433385046,10.557390102,4.273459065,-8.415414465,10.550161621,4.274138378,0.019381800
1609060464.080262184,-8.399405428,10.608687217,4.261475365,-8.388438538,10.591867220,4.264469188,0.020301427
1609060464.130795002,-8.366121556,10.660423354,4.250610834,-8.331818360,10.676691667,4.246498772,0.038187385
1609060464.178006172,-8.336827524,10.708607981,4.240846886,-8.307782356,10.719516865,4.237019114,0.031261436
1609060464.226155043,-8.305645114,10.758954217,4.230729409,-8.281794575,10.763204698,4.226549380,0.024584293
1609060464.277084112,-8.277158659,10.812600694,4.223269739,-8.256148313,10.808389696,4.218787563,0.021891940
1609060464.328767061,-8.244964086,10.868531137,4.212543916,-8.230500970,10.853211247,4.210107369,0.021208902
1609060464.378328085,-8.220908692,10.919353956,4.200801318,-8.209204122,10.897970010,4.200284059,0.024383144
1609060464.427219152,-8.192522022,10.973291565,4.191011794,-8.166935052,10.983832849,4.183284881,0.028731809
1609060464.476723194,-8.168992710,11.026894750,4.179751478,-8.142596493,11.033523714,4.174765858,0.027668752
1609060464.528161049,-8.140950099,11.084665195,4.169169580,-8.122804849,11.079752996,4.165875224,0.019084879
1609060464.584477186,-8.116057677,11.146342742,4.159383450,-8.083694855,11.174034116,4.149290642,0.043772471
1609060464.627368212,-8.093982377,11.195817189,4.151364307,-8.061045879,11.224529869,4.141669070,0.044757441
1609060464.677657127,-8.072432179,11.252751592,4.144413931,-8.042875031,11.272085304,4.134258877,0.036749729
1609060464.725933075,-8.049045029,11.309565690,4.136518560,-8.024958124,11.325401178,4.125920108,0.030712683
1609060464.778755188,-8.023115961,11.376641677,4.124010616,-8.003377908,11.383061784,4.117966236,0.021618118
1609060464.829033136,-7.998397334,11.439225142,4.115390260,-7.984146109,11.436252210,4.110654516,0.015308920
1609060464.881244183,-7.978739865,11.506681824,4.104850579,-7.952501229,11.535664357,4.097062320,0.039863645
1609060464.926936150,-7.957327187,11.565788974,4.096474124,-7.936854613,11.589809618,4.089462846,0.032330723
1609060464.979433060,-7.944005001,11.633014804,4.086139349,-7.919013457,11.643376862,4.082956519,0.027241144
1609060465.026580095,-7.926486363,11.694325313,4.077572969,-7.903584049,11.695281048,4.075754333,0.022994280
1609060465.080960035,-7.904905885,11.766370877,4.066536534,-7.890021346,11.748477992,4.068841718,0.023388431
1609060465.131188154,-7.887288041,11.832618771,4.056142174,-7.861302520,11.858571288,4.053517633,0.036819406
1609060465.178850174,-7.871548038,11.895103713,4.046575583,-7.846624869,11.914823235,4.046420362,0.031781253
1609060465.228109121,-7.854817293,11.961115675,4.037438138,-7.836206744,11.966575783,4.039783978,0.019536332
1609060465.278582096,-7.841133966,12.027869559,4.029897026,-7.821003613,12.023263482,4.032075881,0.020765223
1609060465.329045057,-7.825151066,12.095399015,4.020769711,-7.805467119,12.081033542,4.025235728,0.024774379
1609060465.380448103,-7.811016680,12.163166102,4.012922880,-7.783841204,12.193283229,4.012419532,0.040568475
1609060465.427752018,-7.795746864,12.227859171,4.005824375,-7.773761400,12.249418469,4.005247448,0.030797676
1609060465.479211092,-7.784378981,12.295278172,3.999143807,-7.761162803,12.306129062,4.000168379,0.025647271
1609060465.529885054,-7.769423569,12.363928773,3.992137372,-7.749571712,12.362593189,3.995749367,0.020221932
1609060465.579433203,-7.760046229,12.428632712,3.985162054,-7.741682534,12.414029367,3.990021874,0.023960401
1609060465.628167152,-7.746715349,12.494154484,3.978875907,-7.721984373,12.527850298,3.979389696,0.041800634
1609060465.678918123,-7.739165400,12.560933255,3.973053183,-7.712487221,12.581983015,3.975575349,0.034076076
1609060465.726876020,-7.727566831,12.626183637,3.967924704,-7.702909491,12.646751639,3.970873762,0.032244752
1609060465.780047178,-7.719165075,12.696040183,3.965685423,-7.696461117,12.709271298,3.966087151,0.026281048
1609060465.828760147,-7.708379804,12.762973319,3.961709491,-7.687496435,12.768804120,3.962030878,0.021684479
1609060465.880266190,-7.700025401,12.840629774,3.955434908,-7.674787331,12.881585400,3.955320544,0.048107551
1609060465.932221174,-7.689482182,12.914707277,3.950829465,-7.670386890,12.939271095,3.950884241,0.031112929
1609060465.979675055,-7.685539706,12.982986141,3.945815791,-7.664354875,12.998160751,3.947374503,0.026105467
1609060466.027986050,-7.676758070,13.053386773,3.941890882,-7.658058977,13.055317076,3.945342414,0.019112698
1609060466.079845190,-7.676088172,13.125945355,3.941093351,-7.655478246,13.113152937,3.942266948,0.024285641
1609060466.161890984,-7.670574884,13.243105913,3.939082309,-7.649647715,13.225076472,3.938728446,0.027624851
1609060466.229519129,-7.665132702,13.341300074,3.940547537,-7.644238094,13.340409802,3.940491218,0.020913641
1609060466.280148983,-7.663922715,13.413310891,3.942669593,-7.642065603,13.402334862,3.941853645,0.024471869
1609060466.328636169,-7.661384693,13.484091342,3.943971414,-7.637892520,13.523221598,3.944831944,0.045648655
1609060466.378987074,-7.661332003,13.555595374,3.945159010,-7.638837449,13.581336996,3.945451341,0.034186569
1609060466.429597139,-7.661046169,13.629124043,3.946618389,-7.640327205,13.641644456,3.946415281,0.024209036
1609060466.479005098,-7.663326474,13.699038555,3.947606769,-7.640287330,13.702653982,3.947766746,0.023321643
1609060466.527721167,-7.662618734,13.770013854,3.948880583,-7.640276970,13.763592017,3.949050095,0.023247003
1609060466.581521034,-7.667000162,13.845852207,3.952162170,-7.643348383,13.825623907,3.950002201,0.031197055
1609060466.628607988,-7.667693781,13.914386067,3.953623287,-7.648655742,13.946375672,3.952036450,0.037259895
1609060466.679336071,-7.673391256,13.985455937,3.954209345,-7.651214824,14.005348979,3.953010481,0.029815508
1609060466.727976084,-7.675352868,14.056013538,3.955363100,-7.655654503,14.072314747,3.953670839,0.025624573
1609060466.779019117,-7.682506435,14.126508091,3.956814487,-7.661941593,14.139831346,3.954052529,0.024658675
1609060466.829914093,-7.685658792,14.200576219,3.957599002,-7.666365117,14.202213109,3.954297572,0.019642422
1609060466.880611181,-7.694766392,14.271263826,3.957510209,-7.675600331,14.323181295,3.956183963,0.055358111
1609060466.928917170,-7.699641979,14.341564576,3.957784093,-7.682904483,14.384827132,3.956589413,0.046402799
1609060466.979152203,-7.709076719,14.423366356,3.956354016,-7.690395085,14.445699268,3.956917654,0.029121814
1609060467.028021097,-7.715293330,14.497142751,3.956244910,-7.695723169,14.504413534,3.957789793,0.020934234
1609060467.080524206,-7.727666206,14.577098211,3.956888572,-7.704941107,14.566309023,3.957960188,0.025179060
1609060467.126882076,-7.734892215,14.648757630,3.956763159,-7.723285108,14.683202142,3.957692557,0.036359498
1609060467.180591106,-7.751880919,14.726077173,3.956719961,-7.732559487,14.744790989,3.957563571,0.026911640
1609060467.226670980,-7.765847645,14.793437187,3.957994742,-7.742253432,14.806747022,3.957166336,0.027102119
1609060467.279661179,-7.778731296,14.874478438,3.956963826,-7.754039387,14.864952461,3.955612438,0.026500205
1609060467.329204082,-7.791832499,14.949958850,3.955278167,-7.776893914,14.987524078,3.953406659,0.040469868
1609060467.379631042,-7.807478972,15.024131026,3.953422197,-7.789316840,15.048604160,3.952736309,0.030483893
1609060467.427987099,-7.821710189,15.097157482,3.951650764,-7.804026454,15.109519347,3.950657393,0.021599005
1609060467.479583025,-7.841035511,15.170930932,3.949718019,-7.818285332,15.170692167,3.949341389,0.022754549
1609060467.528842211,-7.857805802,15.243132123,3.947956280,-7.833008849,15.233021650,3.948023730,0.026779004
1609060467.580595016,-7.878531558,15.315820556,3.945763442,-7.848872320,15.295756716,3.946809462,0.035823487
1609060467.627780199,-7.894813592,15.384701338,3.944419637,-7.883060313,15.415574873,3.944511322,0.033035180
1609060467.693520069,-7.924584343,15.476144841,3.941410439,-7.899339063,15.474197177,3.943121133,0.025378023
1609060467.770143986,-7.960795759,15.582551052,3.938977303,-7.942621700,15.607356407,3.939900943,0.030764511
1609060467.835719109,-7.989934269,15.674837186,3.936583929,-7.982528999,15.726526662,3.937452147,0.052224456
1609060467.886023998,-8.017457432,15.741431953,3.937436576,-8.003724186,15.782830398,3.936972877,0.043619357
1609060467.932846069,-8.040050239,15.806142783,3.938193873,-8.026640437,15.843592727,3.937923513,0.039779319
1609060467.978756189,-8.064469474,15.867266199,3.937669913,-8.049428659,15.900782745,3.938458968,0.036745171
1609060468.027256012,-8.089115340,15.932883837,3.938818058,-8.070637366,15.955357287,3.939989159,0.029118086
1609060468.081122160,-8.120374384,16.020298832,3.941842810,-8.095741676,16.013098510,3.940697170,0.025689053
1609060468.129112005,-8.146707624,16.087995202,3.943809235,-8.146207499,16.125404538,3.943836765,0.037412689
1609060468.179625988,-8.182374772,16.154925989,3.944294194,-8.173937808,16.182400761,3.945090583,0.028752038
1609060468.227814198,-8.211309203,16.222083875,3.946064159,-8.202065866,16.238326226,3.946439385,0.018692084
1609060468.278457165,-8.250450662,16.272177318,3.946000160,-8.229395024,16.292596072,3.948328750,0.029422573
1609060468.327484131,-8.283695604,16.334717775,3.948762261,-8.257771326,16.345503004,3.951072205,0.028173129
1609060468.380009174,-8.319285036,16.403202852,3.951843220,-8.287505127,16.398878153,3.952520259,0.032079963
1609060468.427757025,-8.352921100,16.463399843,3.954266659,-8.347240913,16.500980457,3.958715848,0.038266988
1609060468.477749109,-8.390698524,16.521970528,3.955300160,-8.375608447,16.547492171,3.961599176,0.030310762
1609060468.527155161,-8.426424340,16.581788411,3.958130529,-8.409618949,16.601981928,3.964719228,0.027085241
1609060468.571753025,-8.460688433,16.630999595,3.961938651,-8.444928862,16.655764230,3.967760782,0.029925715
1609060468.623512030,-8.498462795,16.690753315,3.965352787,-8.477257715,16.703512758,3.970018770,0.025183927
1609060468.674556017,-8.539878459,16.744926749,3.969262565,-8.510518950,16.749574402,3.973029294,0.029962805
1609060468.722122192,-8.576790765,16.798127523,3.971916709,-8.580714052,16.840959433,3.976876549,0.043296243
1609060468.779278040,-8.623566544,16.857026669,3.975261553,-8.614430740,16.882049396,3.979635063,0.026994951
1609060468.825678110,-8.660950142,16.905499863,3.977965335,-8.650507965,16.924926380,3.981492648,0.022335411
1609060468.881869078,-8.710538589,16.960349481,3.982340538,-8.689894954,16.967036524,3.984392925,0.021796525
1609060468.928879976,-8.750902338,17.007560531,3.985221010,-8.767666502,17.046089394,3.987895346,0.042102999
1609060468.978708029,-8.797282881,17.052382764,3.988523805,-8.807324779,17.086239770,3.990137175,0.035351656
1609060469.026169062,-8.840981920,17.097592735,3.991154932,-8.848862446,17.125311396,3.991852956,0.028825581
1609060469.079028130,-8.894453094,17.143190361,3.993519166,-8.891653811,17.162849390,3.993485508,0.019857354
1609060469.128238201,-8.942670475,17.186980429,3.995735299,-8.933983797,17.196315838,3.995579928,0.012752739
1609060469.179890156,-9.002119611,17.239001439,3.998270369,-9.025731756,17.269583474,3.998841166,0.038640911
1609060469.227359056,-9.053532510,17.281726251,4.000453379,-9.072683868,17.300127417,4.001264338,0.026571321
1609060469.277248144,-9.115171353,17.320308444,3.999645137,-9.123354334,17.332769529,4.002631380,0.015203863
1609060469.330085039,-9.178810872,17.365616711,4.001543792,-9.173423211,17.363379052,4.004962384,0.006761714
1609060469.379516125,-9.241528204,17.393327256,4.004517173,-9.222018333,17.394228995,4.007545634,0.019764103
1609060469.428099155,-9.306772702,17.427579493,4.009018856,-9.330857603,17.451431012,4.014023302,0.034264002
1609060469.478720188,-9.374660788,17.464335169,4.013892247,-9.385592341,17.478766272,4.017061037,0.018379249
1609060469.527437210,-9.442329589,17.497616636,4.018012166,-9.442576240,17.506771468,4.022325024,0.010122872
1609060469.582027197,-9.519776675,17.529896264,4.021683023,-9.498105375,17.533058604,4.025753148,0.022275806
1609060469.630171061,-9.588811418,17.558374765,4.025152331,-9.620467704,17.578344432,4.032214717,0.038089176
1609060469.679854155,-9.660951016,17.585094335,4.028504603,-9.681520272,17.602320852,4.036624922,0.028031889
1609060469.728006124,-9.733146613,17.611440873,4.032935804,-9.743326076,17.624550244,4.040974455,0.018441718
1609060469.779536009,-9.812694355,17.637076227,4.038609585,-9.807843472,17.646027804,4.043724167,0.011393891
1609060469.828714132,-9.888083621,17.661049429,4.042490748,-9.872459139,17.663303392,4.046628384,0.016319462
1609060469.880279064,-9.968070292,17.683556993,4.045670517,-10.002519870,17.702155725,4.054488997,0.040130435
1609060469.928411007,-10.042961972,17.704721387,4.049470538,-10.070469049,17.718933949,4.057182746,0.031907905
1609060469.979132175,-10.122943150,17.720359864,4.055354361,-10.136687754,17.733080092,4.059388374,0.019157025
1609060470.027426004,-10.199042058,17.738293761,4.059500428,-10.203654577,17.747458362,4.062130100,0.010591526
1609060470.081245184,-10.282171112,17.753202854,4.061857914,-10.272969228,17.762230163,4.066985671,0.013873026
1609060470.129621983,-10.358255631,17.768298854,4.065425981,-10.408504297,17.786891993,4.071722148,0.053946964
1609060470.178888083,-10.436555645,17.780790122,4.069760210,-10.479382317,17.798049073,4.073655571,0.046337556
1609060470.228217125,-10.514908998,17.793721659,4.073139769,-10.547146504,17.810588420,4.077489275,0.036642361
1609060470.278670073,-10.608307936,17.809018169,4.075581633,-10.615106743,17.819913283,4.080153564,0.013631942
1609060470.328602076,-10.690696260,17.821059831,4.078797944,-10.681661190,17.826144387,4.082318805,0.010949049
1609060470.379962206,-10.775383707,17.828620330,4.080198033,-10.815588995,17.842415057,4.084482464,0.042721376
1609060470.428395987,-10.855005638,17.837817704,4.082356068,-10.880400523,17.847006377,4.087472652,0.027486566
1609060470.478901148,-10.932892925,17.841251033,4.082504228,-10.948860664,17.852120538,4.087950110,0.020069192
1609060470.534272194,-11.024205941,17.846718813,4.082784384,-11.016807465,17.854097043,4.088975804,0.012145345
1609060470.579819202,-11.097003158,17.851553313,4.083187356,-11.075871464,17.859720220,4.088238406,0.023211203
1609060470.629103184,-11.174964398,17.854368352,4.083020651,-11.204413268,17.864848829,4.088532452,0.031740452
1609060470.679993153,-11.254466540,17.854129749,4.082067448,-11.266912865,17.864624762,4.087440618,0.017144307
1609060470.733728170,-11.336801528,17.853926660,4.081673944,-11.337105380,17.864640012,4.086209972,0.011638032
1609060470.778460979,-11.403970584,17.853159110,4.081001388,-11.405431186,17.865183825,4.085359581,0.012873266
1609060470.828742981,-11.478304737,17.851291498,4.079294118,-11.469384622,17.862278387,4.083692656,0.014819828
1609060470.881497145,-11.554013089,17.846692061,4.076843592,-11.588042915,17.854633814,4.080310450,0.035115803
1609060470.927678108,-11.618975417,17.842524242,4.075202360,-11.646757947,17.850746163,4.078345573,0.029143588
1609060471.020473003,-11.745519376,17.830891672,4.070465310,-11.763253446,17.837131612,4.074045685,0.019137742
1609060471.085931063,-11.833083977,17.817648641,4.066791706,-11.874762272,17.823032063,4.069285357,0.042098454
1609060471.133906126,-11.896200813,17.808604903,4.064295801,-11.932035811,17.813579609,4.067144687,0.036290646
1609060471.179148197,-11.954951063,17.797325773,4.062662419,-11.991399867,17.800347692,4.065184323,0.036660705
1609060471.228013039,-12.017577488,17.785143920,4.060455101,-12.045102960,17.788847231,4.063063685,0.027895713
1609060471.278729200,-12.081274746,17.770575257,4.056842711,-12.095900932,17.778153859,4.060980571,0.016984769
1609060471.328710079,-12.142927648,17.755344907,4.055122956,-12.150925121,17.763664088,4.059754289,0.012434533
1609060471.380196095,-12.217792517,17.737244397,4.059715616,-12.258816463,17.729000596,4.056445076,0.041971667
1609060471.428129196,-12.278032781,17.719587118,4.059994731,-12.305847346,17.712432268,4.055623410,0.029050824
1609060471.479714155,-12.344536892,17.690842663,4.058089597,-12.355290462,17.693469998,4.054570448,0.011615790
1609060471.529009104,-12.404950689,17.667011424,4.058694752,-12.407237475,17.669817704,4.053797808,0.006089718
1609060471.582780123,-12.462794216,17.632202613,4.051650016,-12.453881723,17.647530233,4.053129313,0.017792043
1609060471.629180193,-12.516796009,17.602006566,4.049436999,-12.546968084,17.597288060,4.051314386,0.030596453
1609060471.679857016,-12.575772839,17.569061025,4.047387846,-12.591980429,17.570100165,4.049418208,0.016367289
1609060471.727349043,-12.629656879,17.535533765,4.044280681,-12.643922713,17.536417986,4.047530657,0.014658042
1609060471.778539181,-12.684717858,17.495897885,4.039362776,-12.691808206,17.502626394,4.044888284,0.011228406
1609060471.828935146,-12.739305274,17.455235514,4.035956723,-12.735226475,17.468687474,4.042493025,0.015502099
1609060471.880558014,-12.794643731,17.410788184,4.032363291,-12.781383472,17.431120208,4.040470128,0.025591922
1609060471.928007126,-12.843173962,17.367714006,4.030076593,-12.865698634,17.355021569,4.035765813,0.026473119
1609060471.979415178,-12.892763073,17.317790872,4.029288938,-12.904153746,17.315089840,4.033690814,0.012506778
1609060472.028941154,-12.939815289,17.267824895,4.027425643,-12.943366789,17.272942420,4.030817875,0.007092915
1609060472.082103014,-12.987522030,17.211942603,4.026002550,-12.984040498,17.226792189,4.028791151,0.015505082
1609060472.129687071,-13.029586683,17.159065219,4.024563296,-13.058477580,17.132398251,4.024476668,0.039316900
1609060472.179258108,-13.071375432,17.101802829,4.020539436,-13.095002441,17.082018473,4.023289181,0.030938930
1609060472.227492094,-13.111082392,17.045074722,4.018731720,-13.129765215,17.031218419,4.020954650,0.023366353
1609060472.279079199,-13.151444602,16.983292061,4.014681985,-13.165804239,16.977267192,4.018565950,0.016049405
1609060472.329487085,-13.189565164,16.920287504,4.012954554,-13.198210148,16.923527987,4.016936766,0.010054575
1609060472.381889105,-13.228814969,16.854181023,4.010324647,-13.263027144,16.810728653,4.016176993,0.055613230
1609060472.429280996,-13.262930369,16.792545023,4.009892077,-13.295769871,16.752006054,4.014728638,0.052394972
1609060472.480375051,-13.307427518,16.714504812,4.006298699,-13.325890175,16.693925766,4.014050814,0.028713448
1609060472.526813030,-13.341821291,16.649526537,4.004950472,-13.357897318,16.628792163,4.013727130,0.027665549
1609060472.580457211,-13.380866163,16.568266945,4.007071421,-13.391863854,16.560793847,4.012284785,0.014282002
1609060472.628858089,-13.415859291,16.496370932,4.006434477,-13.419216977,16.503495159,4.010881634,0.009044660
1609060472.680225134,-13.443901534,16.421398236,4.007973901,-13.471836112,16.381297489,4.011099475,0.048971214
1609060472.726508141,-13.475803490,16.349473015,4.008194604,-13.500065536,16.316798384,4.010673743,0.040772840
1609060472.778885126,-13.510739695,16.268802299,4.008001974,-13.527138203,16.254659280,4.010037857,0.021750422
1609060472.828325987,-13.540922669,16.195519477,4.009234594,-13.550963834,16.194571055,4.009816986,0.010102657
1609060472.881620169,-13.573763179,16.116125026,4.010110083,-13.573186475,16.134299808,4.010820654,0.018197807
1609060472.928589106,-13.601645045,16.045752114,4.010505998,-13.622654266,16.010790353,4.013017523,0.040865876
1609060472.979053020,-13.629210268,15.972901804,4.010612534,-13.647296342,15.946717969,4.013580391,0.031961030
1609060473.028273106,-13.656616992,15.900495269,4.011907371,-13.669269812,15.885904316,4.016082454,0.019759076
1609060473.079199076,-13.683077747,15.826313966,4.012134943,-13.692742335,15.824451124,4.017837622,0.011375192
1609060473.127213001,-13.708570900,15.756796114,4.014904362,-13.716994343,15.763619272,4.020416241,0.012161032
1609060473.180847168,-13.735814623,15.680343631,4.020803634,-13.758835505,15.643297116,4.025682750,0.043888620
1609060473.228025198,-13.758405935,15.614477419,4.024292838,-13.778090577,15.588176855,4.028614797,0.033134335
1609060473.279670000,-13.783609760,15.543414943,4.027410166,-13.800297334,15.527322086,4.032037056,0.023640289
1609060473.329110146,-13.806318967,15.476845008,4.031097302,-13.820307195,15.469661751,4.034377734,0.016063341
1609060473.380846024,-13.827954034,15.408948749,4.033938123,-13.835462356,15.419139627,4.037724621,0.013212360
1609060473.428627014,-13.847185004,15.348276940,4.037041506,-13.870924459,15.309350387,4.043785290,0.046090312
1609060473.479654074,-13.866046138,15.284297939,4.043188719,-13.887641470,15.258384670,4.046199945,0.033866257
1609060473.528223991,-13.883693179,15.224500930,4.045983539,-13.903700121,15.201379134,4.049365516,0.030762525
1609060473.579666138,-13.904521554,15.154913431,4.050326928,-13.919691890,15.144488972,4.051641478,0.018453630
1609060473.629147053,-13.921157907,15.095105343,4.052787560,-13.935862675,15.092483908,4.053998730,0.014985628
1609060473.680805206,-13.937409401,15.033635866,4.055152862,-13.960110003,14.999357918,4.056254290,0.041127950
1609060473.728483200,-13.950975886,14.979432663,4.056299368,-13.971128108,14.953992888,4.057634593,0.032481950
1609060473.778892040,-13.960840895,14.927762256,4.056277481,-13.980155668,14.910468594,4.059712587,0.026152077
1609060473.832645178,-13.973658102,14.871097318,4.058852160,-13.991371917,14.869005473,4.061388272,0.018016296
1609060473.888217211,-13.984756273,14.815774560,4.061628458,-14.003847868,14.790641485,4.065875915,0.031846528
1609060473.933340073,-13.992473761,14.773071674,4.063925932,-14.010666967,14.753786209,4.067941392,0.026815030
1609060473.979749203,-13.999276940,14.730718386,4.066122484,-14.014951386,14.717729534,4.070527284,0.020827885
1609060474.028207064,-14.004702988,14.689076389,4.067680643,-14.019361168,14.682774786,4.072408931,0.016641189
1609060474.084556103,-14.009572516,14.642309972,4.068999551,-14.020854953,14.650138367,4.074540783,0.014808186
1609060474.137107134,-14.011578945,14.603525722,4.073706922,-14.025667367,14.586728158,4.077712373,0.022286441
1609060474.179860115,-14.012499732,14.573596943,4.076488671,-14.025748220,14.560825081,4.081759794,0.019142299
1609060474.228349209,-14.011969318,14.541506652,4.079915858,-14.023774947,14.533542733,4.084634951,0.015002223
1609060474.277875185,-14.009998066,14.510288532,4.083808890,-14.021794988,14.507206336,4.087198654,0.012655346
1609060474.327560186,-14.007450454,14.480890936,4.087063621,-14.021318301,14.482493515,4.089954925,0.014256405
1609060474.380293131,-14.004805868,14.451685481,4.088678132,-14.014118083,14.434949908,4.093484739,0.019745891
1609060474.427479029,-14.000943230,14.427170098,4.091588422,-14.011067223,14.414863738,4.098026221,0.017186826
1609060474.477905989,-13.995265984,14.403564000,4.093394508,-14.006580471,14.393281400,4.100027114,0.016665561
1609060474.528779030,-13.989413239,14.380577631,4.095666703,-14.001592375,14.373383812,4.102847727,0.015863464
1609060474.581426144,-13.984445144,14.357515110,4.107828471,-13.996619227,14.355016105,4.104752758,0.012802865
1609060474.629651070,-13.978522708,14.338092323,4.110886975,-13.985741648,14.319108007,4.107640755,0.020568308
1609060474.680217981,-13.972548456,14.312923745,4.116016630,-13.979259680,14.301975044,4.108063859,0.015105004
1609060474.727298021,-13.966383279,14.294600831,4.118999657,-13.973156151,14.286299390,4.109512838,0.014310327
1609060474.781194210,-13.958989597,14.275946081,4.116646653,-13.966073965,14.269666376,4.110045731,0.011541019
1609060474.828670979,-13.951773273,14.258404555,4.118358248,-13.959446714,14.254123271,4.110609511,0.011715546
1609060474.881358147,-13.943497175,14.236673452,4.112829733,-13.946497172,14.221354501,4.111294736,0.015685231
1609060474.929676056,-13.936407574,14.219903615,4.112987308,-13.940152222,14.209850945,4.111709085,0.010803352
1609060475.000697136,-13.926025027,14.197832858,4.112870456,-13.927692325,14.185228897,4.112121935,0.012735776
1609060475.084722042,-13.912292408,14.167454529,4.111094383,-13.913809988,14.157170993,4.111357928,0.010398251
1609060475.126618147,-13.905123845,14.152815014,4.109625249,-13.906987768,14.143604330,4.111925074,0.009674714
1609060475.178278208,-13.897399772,14.136339303,4.107900266,-13.899927570,14.130198845,4.106531561,0.006779995
1609060475.229041100,-13.888694331,14.119343510,4.104619342,-13.893415937,14.117573142,4.103348160,0.005200353
1609060475.281843185,-13.879959246,14.102661175,4.101851547,-13.886450919,14.104037815,4.100305618,0.006813726
1609060475.328446150,-13.872375021,14.087554629,4.098329396,-13.872566287,14.078903022,4.095108499,0.009233692
1609060475.379393101,-13.865234307,14.071244566,4.093679025,-13.864996003,14.065017876,4.091533965,0.006590124
1609060475.430552006,-13.856209564,14.053278623,4.089329933,-13.858167314,14.050639175,4.088238118,0.003462879
1609060475.480121136,-13.848689984,14.038266126,4.085120667,-13.851217722,14.037065779,4.084712554,0.002827870
1609060475.529694080,-13.840432039,14.022139765,4.081175218,-13.836492985,14.009301047,4.077397265,0.013950690
1609060475.580530167,-13.831861957,14.006482513,4.077774070,-13.829131243,13.995193174,4.074071857,0.012190668
1609060475.623762131,-13.823921702,13.991146505,4.074292573,-13.821099587,13.980387139,4.070606212,0.011718257
1609060475.681043148,-13.813786082,13.972740952,4.069230938,-13.812960156,13.965269965,4.067552596,0.007701599
1609060475.730020046,-13.803839699,13.954709722,4.065560021,-13.805288989,13.951080963,4.064461476,0.004058957
1609060475.781841040,-13.791164192,13.933341719,4.064791474,-13.786692525,13.918612815,4.059651236,0.016228323
1609060475.829219103,-13.779691000,13.914360946,4.062099903,-13.777532357,13.902365164,4.056302695,0.013496893
1609060475.878290176,-13.767133666,13.893515121,4.057330876,-13.766835206,13.884574033,4.053378562,0.009780231
1609060475.927850008,-13.753373805,13.871506750,4.054186635,-13.756450633,13.866844714,4.050601714,0.006637252
1609060475.980598211,-13.739138460,13.847549514,4.047285077,-13.745772104,13.849469621,4.049057521,0.007129768
1609060476.029070139,-13.725757176,13.825353564,4.045936650,-13.722482320,13.811143094,4.045190096,0.014602038
1609060476.079783201,-13.710818861,13.801256001,4.043485927,-13.711439925,13.792853923,4.043589279,0.008425634
1609060476.149460077,-13.688779730,13.766875376,4.041576535,-13.697187826,13.770470525,4.042618681,0.009203653
1609060476.228608131,-13.661681541,13.723817796,4.038952171,-13.667240857,13.724382841,4.040805668,0.005887335
1609060476.282281160,-13.644465134,13.694634850,4.037824697,-13.638727810,13.678953540,4.039677242,0.016800367
1609060476.327225208,-13.628149920,13.668505688,4.037443440,-13.623205095,13.654690131,4.039571715,0.014827355
1609060476.372508049,-13.612159712,13.642955488,4.037612777,-13.607269895,13.629670779,4.040197568,0.014390099
1609060476.429035187,-13.590120643,13.608792369,4.038659406,-13.591956210,13.606203374,4.040651530,0.003747100
1609060476.480401039,-13.569431334,13.577784078,4.040175663,-13.574212843,13.580121462,4.041312478,0.005442292
1609060476.533285141,-13.547255686,13.543048764,4.040857925,-13.540221131,13.524442421,4.043096911,0.020017343
1609060476.579155207,-13.528752189,13.514004004,4.041007560,-13.521607165,13.495613115,4.043690787,0.019911702
1609060476.628695011,-13.507671852,13.480983761,4.041749667,-13.502461155,13.466386335,4.044612284,0.015761687
1609060476.680046082,-13.486849851,13.448437532,4.043320650,-13.484326434,13.437246006,4.045007077,0.011595772
1609060476.728375196,-13.465727856,13.415850838,4.044724568,-13.465394304,13.408219112,4.046683240,0.007886121
1609060476.779676199,-13.444042381,13.380581253,4.048464303,-13.445834913,13.377282530,4.047813786,0.003810238
1609060476.828135014,-13.422355820,13.346767855,4.049785713,-13.408493156,13.317060955,4.049368529,0.032784866
1609060476.876777172,-13.397226049,13.308414950,4.048334255,-13.389349838,13.286905244,4.049056707,0.022917768
1609060476.927697182,-13.373194826,13.270631292,4.049001610,-13.367532244,13.253129591,4.049313102,0.018397593
1609060476.979966164,-13.347230257,13.229892578,4.047500726,-13.346476959,13.218031277,4.048948516,0.011973053
1609060477.029965162,-13.322877306,13.191603836,4.047558189,-13.326757907,13.186089671,4.049039504,0.006903577
1609060477.080779076,-13.299376958,13.152677260,4.047007985,-13.307588431,13.155507920,4.049000842,0.008911363
1609060477.126787186,-13.278777980,13.118114823,4.047306939,-13.269695624,13.095555300,4.049316368,0.024402030
1609060477.179460049,-13.254493303,13.079326048,4.047103621,-13.251035727,13.065034848,4.048691762,0.014789030
1609060477.227986097,-13.231639395,13.044212578,4.046797522,-13.232764614,13.035862598,4.048324713,0.008562744
1609060477.281500101,-13.206883937,13.004851350,4.046253924,-13.213933953,13.005124901,4.047846438,0.007232818
1609060477.332756996,-13.183584731,12.968302460,4.045149007,-13.178425963,12.948683142,4.048249867,0.020521838
1609060477.378741980,-13.162790127,12.935278663,4.044176580,-13.158464942,12.920159683,4.049062763,0.016467106
1609060477.428728104,-13.140031666,12.899988059,4.043793250,-13.142011634,12.889897579,4.048555569,0.011332156
1609060477.480911016,-13.117180326,12.864431881,4.044276586,-13.124095528,12.861472837,4.048564022,0.008657833
1609060477.529803991,-13.095258285,12.831854413,4.044388530,-13.086736172,12.807595241,4.048804166,0.026088919
1609060477.578423023,-13.074441406,12.800269367,4.045234441,-13.068913679,12.781215616,4.048482541,0.020103516
1609060477.627958059,-13.052560216,12.768511895,4.045268026,-13.051408999,12.754701386,4.049336104,0.014443155
1609060477.680728197,-13.031210339,12.736306870,4.047002554,-13.034108234,12.729321105,4.049325273,0.007911621
1609060477.723581076,-13.013271151,12.710731282,4.047686809,-13.016661228,12.704305508,4.049685741,0.007535179
1609060477.773975134,-12.992370242,12.683664848,4.048800220,-12.998556032,12.679148136,4.050447113,0.007834343
1609060477.828898191,-12.968928337,12.653271637,4.049545995,-12.962790049,12.633152081,4.050587946,0.021060882
1609060477.879162073,-12.949103653,12.625701028,4.049129644,-12.946304254,12.611192867,4.050575715,0.014846363
1609060477.927370071,-12.928463414,12.600362821,4.048732085,-12.926487979,12.587291644,4.050672430,0.013361248
1609060477.979067087,-12.903075820,12.571284460,4.052213251,-12.905966057,12.563435669,4.050821789,0.008478983
1609060478.028429985,-12.880658435,12.546625468,4.053118886,-12.887194338,12.542630954,4.050055023,0.008249935
1609060478.080372095,-12.857335874,12.520095313,4.048742037,-12.850452630,12.504634580,4.049879032,0.016961900
1609060478.126526117,-12.835112095,12.497933997,4.048600392,-12.830790247,12.485994047,4.049592386,0.012736751
1609060478.172044992,-12.812434477,12.478311796,4.047543436,-12.810763280,12.468266440,4.050430321,0.010584714
1609060478.225057125,-12.786332140,12.454863544,4.047658237,-12.792297177,12.452482472,4.050121739,0.006878955
1609060478.281713009,-12.758137349,12.431564813,4.046915710,-12.771696740,12.434932709,4.050130859,0.014336561
1609060478.329128027,-12.734684345,12.414534452,4.046341621,-12.729067523,12.404597432,4.048861101,0.011689347
1609060478.379383087,-12.708866297,12.396192739,4.045134863,-12.706260102,12.390376373,4.048958376,0.007432471
1609060478.427805185,-12.683320012,12.379506774,4.043864327,-12.683974610,12.375098946,4.047884458,0.006001575
1609060478.480800152,-12.655589217,12.363598520,4.042594236,-12.660937246,12.361446916,4.047180797,0.007366637
1609060478.528940201,-12.628438929,12.349025255,4.041854883,-12.636806545,12.349232098,4.046659183,0.009650962
1609060478.580368996,-12.599672060,12.335541025,4.041513714,-12.611739076,12.336910856,4.045987785,0.012942435
1609060478.629499197,-12.571762494,12.322284611,4.040558090,-12.565232527,12.313687250,4.044880984,0.011629381
1609060478.680297136,-12.543036494,12.309075099,4.039203184,-12.539439430,12.304697437,4.043483386,0.007100910
1609060478.728594065,-12.514791271,12.298631028,4.037157240,-12.512611304,12.293077109,4.041206115,0.007210524
1609060478.779266119,-12.483015076,12.288140014,4.034519238,-12.483619270,12.282879596,4.039334161,0.007156851
1609060478.829585075,-12.451933748,12.278009489,4.032057164,-12.456404595,12.274833860,4.037894997,0.008009581
1609060478.880124092,-12.423371474,12.268155173,4.028928804,-12.406298394,12.259198951,4.033978482,0.019929958
1609060478.926433086,-12.394592596,12.260311681,4.026575775,-12.380540210,12.251524632,4.032410905,0.017570730
1609060478.979730129,-12.362074748,12.251642432,4.026129734,-12.352502982,12.246555398,4.030510230,0.011691252
1609060479.029379129,-12.331319424,12.244816033,4.023700723,-12.325874502,12.240513587,4.028312538,0.008332290
1609060479.080957174,-12.298339879,12.234370945,4.022852901,-12.299375890,12.233971905,4.026122219,0.003452679
1609060479.130403042,-12.266564998,12.226998280,4.020773441,-12.244716054,12.225118620,4.022010482,0.021964511
1609060479.180795193,-12.233348421,12.222166234,4.018741972,-12.217955937,12.220069298,4.019848416,0.015574015
1609060479.228103161,-12.202242578,12.216004524,4.017011906,-12.192063963,12.214390387,4.018245618,0.010379388
1609060479.282148123,-12.166224871,12.214137618,4.013440021,-12.165310551,12.210257518,4.016957177,0.005316159
1609060479.328881025,-12.136200084,12.210542784,4.011140894,-12.137743665,12.207177523,4.015395613,0.005640058
1609060479.380424023,-12.101954166,12.205324316,4.009282246,-12.109821036,12.202916304,4.013807241,0.009389449
1609060479.428443193,-12.069794135,12.200129870,4.007552135,-12.056349523,12.193798852,4.010521044,0.015154333
1609060479.481338024,-12.034425493,12.193685081,4.006067617,-12.029657225,12.189946634,4.008790512,0.006642780
1609060479.528342009,-12.003857570,12.188989528,4.004122484,-11.999864816,12.184903280,4.006515303,0.006193956
1609060479.579895020,-11.971883671,12.184767814,4.001984531,-11.970346174,12.178705959,4.004582104,0.006771807
1609060479.629096031,-11.939457232,12.178288320,4.000032466,-11.942167231,12.173812753,4.003042781,0.006036290
1609060479.680663109,-11.906357402,12.170658417,3.997457021,-11.888098214,12.163276990,3.999959126,0.019853059
1609060479.729127169,-11.874039026,12.163928091,3.996079137,-11.860552175,12.156667313,3.998336642,0.015482583
1609060479.779810190,-11.841090450,12.157142916,3.994883770,-11.832197984,12.149453854,3.996981710,0.011941481
1609060479.828247070,-11.808104869,12.148736303,3.993347944,-11.803976178,12.143229362,3.995407244,0.007184233
1609060479.881755114,-11.772481130,12.137844778,3.990687054,-11.774767097,12.133774033,3.993221418,0.005312213
1609060479.928881168,-11.738436692,12.126695428,3.988784668,-11.713616673,12.114148324,3.988716143,0.027811290
1609060479.979612112,-11.702759063,12.115167522,3.984959455,-11.681226791,12.103789019,3.987157651,0.024452835
1609060480.028473139,-11.666981323,12.102480585,3.983086486,-11.650266735,12.091025486,3.985599621,0.020418438
1609060480.078821182,-11.631145675,12.088126513,3.982369990,-11.619391485,12.077898145,3.983951036,0.015661424
1609060480.128672123,-11.593552359,12.073015611,3.981642317,-11.586265950,12.065837707,3.982330912,0.010251254
1609060480.181447983,-11.549456857,12.050534418,3.979162724,-11.552848902,12.051269400,3.981925619,0.004436187
1609060480.227405071,-11.511380599,12.032581967,3.978663336,-11.485901127,12.019138439,3.979744655,0.028828826
1609060480.277834177,-11.469783019,12.013004082,3.976734808,-11.452397264,12.003614220,3.979871944,0.020006889
1609060480.328183174,-11.425975844,11.990995865,3.976359944,-11.413782370,11.984162039,3.979968862,0.014436283
1609060480.379876137,-11.382671059,11.970435391,3.976335019,-11.373318023,11.962508832,3.979407735,0.012639272
1609060480.429113150,-11.339243191,11.947097439,3.976526903,-11.336690707,11.941468307,3.979333334,0.006788104
1609060480.480789185,-11.291664396,11.920816278,3.976564656,-11.264264216,11.902556860,3.979370191,0.033046138
1609060480.532296181,-11.245186829,11.895441242,3.976857623,-11.226443903,11.880338978,3.978975391,0.024163207
1609060480.580609083,-11.200232148,11.869837235,3.976841562,-11.189014603,11.857173439,3.978992116,0.017053736
1609060480.629172087,-11.154641287,11.842772401,3.976567791,-11.149916284,11.834673324,3.979191980,0.009736893
1609060480.680544138,-11.108256714,11.813737486,3.976386206,-11.110430713,11.810585963,3.980010201,0.005271784
1609060480.729022980,-11.063057779,11.786586225,3.976813361,-11.033952981,11.762078436,3.980936791,0.038271708
1609060480.779507160,-11.016573934,11.758713223,3.977132872,-10.995165596,11.738581800,3.982083797,0.029801053
1609060480.830286980,-10.968521903,11.729444719,3.979470032,-10.954728211,11.713770087,3.983358097,0.021238575
1609060480.878767014,-10.923190453,11.702060833,3.981916519,-10.915174620,11.688267876,3.984199345,0.016115537
1609060480.928699017,-10.875368408,11.672374009,3.982692790,-10.875412905,11.662899551,3.984612285,0.009667046
1609060480.981075048,-10.829182083,11.641089009,3.981040525,-10.833068462,11.637851172,3.985626409,0.006827728
1609060481.028006077,-10.784021304,11.612928678,3.980913252,-10.754204915,11.586534758,3.985966879,0.040139696
1609060481.078581095,-10.737927280,11.584710508,3.979599296,-10.716089771,11.562247619,3.986463270,0.032071363
1609060481.128023148,-10.690511072,11.555768349,3.979637059,-10.671020045,11.534775818,3.987405565,0.029680570
1609060481.179006100,-10.644791942,11.527730002,3.983888086,-10.626166319,11.506887081,3.988011595,0.028254991
1609060481.229451180,-10.597543616,11.499239927,3.984817213,-10.586964763,11.480989307,3.988314277,0.021382860
1609060481.281218052,-10.542925057,11.465043812,3.986609018,-10.509069367,11.436273584,3.987731762,0.044443159
1609060481.326537132,-10.498333828,11.439033917,3.986569378,-10.470457059,11.411930148,3.987134415,0.038885060
1609060481.379728079,-10.447185697,11.407717381,3.985658089,-10.432287298,11.388210606,3.986330586,0.024554609
1609060481.444012165,-10.383791089,11.371596015,3.984380648,-10.354488964,11.345885585,3.983343141,0.038996373
1609060481.485725164,-10.348707323,11.352023400,3.980426813,-10.317274059,11.324303392,3.981890695,0.041935568
1609060481.527129173,-10.311185103,11.331322384,3.980143837,-10.280401860,11.303403995,3.980187773,0.041557747
1609060481.580744982,-10.259120804,11.303540302,3.978312280,-10.239581057,11.282504287,3.978230015,0.028711015
1609060481.628387213,-10.214079835,11.279716374,3.976248385,-10.201495082,11.262819917,3.977526421,0.021106863
1609060481.682008028,-10.162878712,11.253749588,3.974712374,-10.165845246,11.244474073,3.975859930,0.009805732
1609060481.727735043,-10.119993302,11.232603279,3.973536347,-10.089540556,11.207636776,3.973429811,0.039379022
1609060481.779087067,-10.074970077,11.210221882,3.971629111,-10.051577827,11.190682907,3.972825783,0.030502474
1609060481.828232050,-10.030247849,11.189616073,3.970611410,-10.015915614,11.172023363,3.972632710,0.022781617
1609060481.879717112,-9.986083472,11.169733628,3.968838187,-9.979683083,11.154517337,3.971584762,0.016734521
1609060481.933407068,-9.939749669,11.148709510,3.968361135,-9.944820724,11.139598803,3.970547652,0.010653705
1609060481.981904984,-9.898472886,11.130291361,3.967155440,-9.871339927,11.107118260,3.968944395,0.035726606
1609060482.028050184,-9.858436294,11.113045814,3.965794001,-9.837930347,11.092860865,3.967805235,0.028843909
1609060482.081947088,-9.816014935,11.097118994,3.964636338,-9.801905392,11.078169333,3.966951814,0.023738793
1609060482.128210068,-9.777419790,11.082040246,3.963077494,-9.764152717,11.065060708,3.965917835,0.021734477
1609060482.180625200,-9.737533991,11.066011398,3.963346518,-9.728698846,11.049866430,3.964520143,0.018441724
1609060482.228815079,-9.698613968,11.050663689,3.961256330,-9.662180914,11.024853684,3.961400033,0.044649125
1609060482.279059172,-9.660190739,11.034183753,3.959247813,-9.628162810,11.013073975,3.960015166,0.038366650
1609060482.327528000,-9.622122256,11.019538583,3.957119095,-9.597268154,10.999560327,3.958785578,0.031931712
1609060482.380026102,-9.577099154,11.002118604,3.954936723,-9.565082451,10.986979553,3.957169865,0.019457105
1609060482.429511070,-9.537528212,10.987120652,3.952545856,-9.533243198,10.976951878,3.955528093,0.011430618
1609060482.482517004,-9.497059913,10.973534639,3.948728085,-9.472221482,10.952889090,3.952312117,0.032496640
1609060482.527718067,-9.461802600,10.960674819,3.946177062,-9.442837814,10.941371723,3.950525407,0.027407676
1609060482.621788979,-9.401828574,10.936388697,3.943919181,-9.386381766,10.922005550,3.946547871,0.021269433
1609060482.734424114,-9.326757376,10.907867647,3.940204430,-9.304027480,10.890338275,3.940145934,0.028704190
1609060482.779277086,-9.296850312,10.896041243,3.938039842,-9.277087624,10.879728351,3.938491178,0.025629632
1609060482.828587055,-9.265981118,10.883387583,3.936238759,-9.251711446,10.868206859,3.937515106,0.020873596
1609060482.881298065,-9.236042846,10.870612910,3.934542445,-9.226499942,10.857520575,3.936725470,0.016347533
1609060482.930871010,-9.206828536,10.857738994,3.934138576,-9.201621414,10.846945156,3.936235651,0.012166297
1609060482.980209112,-9.179089719,10.844201833,3.933982078,-9.177094190,10.834469736,3.935823904,0.010103870
1609060483.028465986,-9.152229323,10.830149565,3.934665536,-9.131786665,10.810125296,3.936511697,0.028675459
1609060483.081049204,-9.126570434,10.815903435,3.937078627,-9.109259597,10.798393932,3.937307176,0.024623160
1609060483.128555059,-9.100596679,10.802166440,3.938030155,-9.087461944,10.785720743,3.938027021,0.021047143
1609060483.180977106,-9.076741087,10.787856868,3.938265885,-9.067135215,10.772056621,3.939717917,0.018548018
1609060483.230127096,-9.051597697,10.771876109,3.939489801,-9.025205234,10.745120661,3.941946260,0.037662319
1609060483.281493187,-9.027789867,10.754268307,3.938643178,-9.005315757,10.729472295,3.942899728,0.033734939
1609060483.328428030,-9.004205419,10.737240110,3.939490754,-8.985765768,10.713795537,3.943744573,0.030129117
1609060483.378969193,-8.983043053,10.716686229,3.944503155,-8.964424604,10.695402434,3.945595847,0.028299126
1609060483.430318117,-8.958589209,10.694436674,3.945867489,-8.944796429,10.676454110,3.946079115,0.022664028
1609060483.480869055,-8.936264634,10.668569657,3.948764811,-8.908422335,10.637174330,3.949090438,0.041963868
1609060483.528273106,-8.913115312,10.644196363,3.950596352,-8.889367281,10.615454339,3.950547590,0.037283713
1609060483.579897165,-8.889816629,10.615351367,3.951561157,-8.870676272,10.592916867,3.951510873,0.029490042
1609060483.628494024,-8.866244556,10.586937612,3.952501834,-8.853515021,10.570814673,3.952113491,0.020546071
1609060483.682538033,-8.844056925,10.552853616,3.953281817,-8.835253287,10.545678987,3.952385261,0.011392242
1609060483.730038166,-8.824099293,10.522412083,3.954396114,-8.799468317,10.492412999,3.952486464,0.038862279
1609060483.772054195,-8.804768206,10.493723452,3.954530614,-8.781147850,10.462740585,3.952861262,0.038995462
1609060483.822942019,-8.783078767,10.458307827,3.953897103,-8.763033657,10.432252508,3.952423104,0.032906819
1609060483.874164104,-8.761602977,10.420561625,3.952883778,-8.745532867,10.401142080,3.952214744,0.025215368
1609060483.923398018,-8.739720045,10.382285861,3.952187259,-8.728318705,10.368127975,3.951181701,0.018205698
1609060483.980666161,-8.719444536,10.336924313,3.952242962,-8.711051327,10.334463936,3.951132807,0.008816568
1609060484.028288126,-8.698925555,10.299208975,3.951683737,-8.677509631,10.267582986,3.948879237,0.038297652
1609060484.081130028,-8.676006964,10.257045366,3.951412242,-8.659976527,10.233109138,3.947452258,0.029079192
1609060484.131193161,-8.654993580,10.215258162,3.949003159,-8.641806082,10.197063361,3.946091134,0.022659231
1609060484.179687977,-8.635597067,10.173756366,3.946059445,-8.624951820,10.161546777,3.943471959,0.016403976
1609060484.229885101,-8.612927465,10.128541098,3.942961006,-8.591633182,10.085807498,3.937734296,0.048030465
1609060484.281463146,-8.593573271,10.082863127,3.938924661,-8.575615625,10.047517557,3.934838615,0.039855767
1609060484.329643011,-8.571452047,10.040011032,3.935074857,-8.557503770,10.010142557,3.931710434,0.033136077
1609060484.380283117,-8.552206625,9.994407261,3.929872210,-8.539726041,9.970428978,3.927744522,0.027115496
1609060484.429648161,-8.529443513,9.950747766,3.925178687,-8.520713214,9.932222818,3.923717974,0.020531086
1609060484.481362104,-8.508111838,9.907240765,3.918690417,-8.485348972,9.860284969,3.913487593,0.052441055
1609060484.534080029,-8.482821839,9.861488388,3.911910585,-8.465844048,9.823479896,3.909207882,0.041715650
1609060484.579492092,-8.458776406,9.816710697,3.908807833,-8.445874587,9.787289274,3.904641864,0.032394944
1609060484.629556179,-8.431021660,9.773314694,3.902231872,-8.426386134,9.752552591,3.899379014,0.021463732
1609060484.681941986,-8.403378663,9.726502455,3.892621704,-8.404538803,9.716727671,3.893120933,0.009856041
1609060484.730236053,-8.373446138,9.685386591,3.886253992,-8.358504373,9.648477993,3.882941262,0.039955915
1609060484.779811144,-8.345690328,9.645449093,3.878901069,-8.334155803,9.614862451,3.877498237,0.032719350
1609060484.828018188,-8.317635679,9.607254478,3.873533761,-8.310488819,9.583953244,3.872401643,0.024398910
1609060484.878533125,-8.285171698,9.567738468,3.866771811,-8.284659860,9.552438962,3.866270225,0.015316281
1609060484.930534124,-8.253470290,9.529961854,3.860172647,-8.258595598,9.522264639,3.860917812,0.009277455
1609060484.981159210,-8.218404082,9.493490304,3.853050909,-8.201685982,9.462780897,3.850185817,0.035082350
1609060485.028194189,-8.184060838,9.461393746,3.846415543,-8.173891837,9.437525537,3.844716398,0.025999752
1609060485.079768181,-8.148086918,9.428571252,3.839350805,-8.141601034,9.410360960,3.839558141,0.019331954
1609060485.129080057,-8.110428545,9.398055477,3.832466028,-8.111788502,9.384590871,3.834359764,0.013664968
1609060485.180635214,-8.071886603,9.369146588,3.824995234,-8.080096755,9.361291910,3.829773832,0.012326296
1609060485.228953123,-8.033485423,9.341861354,3.819294653,-8.012490530,9.315549947,3.820647946,0.033688383
1609060485.278696060,-7.994196304,9.314680662,3.813201481,-7.978540199,9.294278813,3.816176295,0.025888194
1609060485.329076052,-7.949562298,9.289176942,3.806994556,-7.939587888,9.270232055,3.811482029,0.021875443
1609060485.380200148,-7.907826607,9.264927745,3.801489900,-7.897551065,9.248075658,3.806257484,0.020305405
1609060485.430720091,-7.861464845,9.241669429,3.796061423,-7.858177151,9.229537444,3.801843100,0.013835526
1609060485.481105089,-7.819520721,9.219099808,3.792836864,-7.782924955,9.194484314,3.792221594,0.044108403
1609060485.527322054,-7.775160701,9.199954082,3.788412471,-7.742812601,9.177606777,3.788596222,0.039317113
1609060485.581003189,-7.726487525,9.182764526,3.782683086,-7.701232046,9.162221939,3.784463481,0.032603787
1609060485.629459143,-7.679299477,9.165487630,3.778347429,-7.662795330,9.148558324,3.779680847,0.023680504
1609060485.682391167,-7.622784270,9.145482223,3.767919665,-7.622143996,9.133002781,3.775263008,0.014493830
1609060485.728686094,-7.574614198,9.130508920,3.763236527,-7.538087038,9.107511194,3.768548534,0.043489611
1609060485.780714035,-7.523456836,9.113126804,3.757393562,-7.496793957,9.094202303,3.765007939,0.033571187
1609060485.828873158,-7.473293432,9.098278353,3.752638277,-7.459639856,9.080741964,3.762185005,0.024188532
1609060485.880715132,-7.423715765,9.081402464,3.753224598,-7.421341483,9.069009773,3.759105509,0.013921248
1609060485.935539007,-7.370539622,9.064704682,3.747955012,-7.337651989,9.045807272,3.752291114,0.038177353
1609060485.979164124,-7.325296126,9.051620733,3.743610823,-7.298118824,9.032985234,3.748203071,0.033271253
1609060486.027441025,-7.278831283,9.037111618,3.741857218,-7.256907813,9.020928261,3.744767139,0.027404511
1609060486.080199003,-7.226608526,9.020969742,3.737035696,-7.214522428,9.009527260,3.740916001,0.017089790
1609060486.128912210,-7.179000413,9.006059445,3.731065895,-7.173984392,8.997515567,3.735886716,0.011018105
1609060486.179495096,-7.131442524,8.991261381,3.723194524,-7.133882313,8.983960136,3.729284290,0.009815600
1609060486.228121042,-7.085903929,8.976500920,3.714812028,-7.054993860,8.959607415,3.715530383,0.035232640
1609060486.281726122,-7.039943695,8.959032909,3.704762930,-7.017325622,8.945290994,3.708584052,0.026739828
1609060486.327965021,-6.998926800,8.942529721,3.696717722,-6.979113830,8.929457382,3.699991166,0.023961537
1609060486.380213022,-6.955147946,8.923147376,3.688385454,-6.944426724,8.914316270,3.693488470,0.014797764
1609060486.428727150,-6.912187719,8.903371555,3.679240839,-6.868163707,8.880817030,3.677118050,0.049510873
1609060486.481432199,-6.869202737,8.881981739,3.670097899,-6.832778552,8.861580924,3.668698977,0.041771659
1609060486.527513027,-6.830611604,8.861125982,3.661720211,-6.799200688,8.842721579,3.661671039,0.036405633
1609060486.580152035,-6.790530871,8.837305383,3.655678445,-6.766059750,8.824531304,3.654215934,0.027643296
1609060486.629222155,-6.750998803,8.813833250,3.647073735,-6.732426155,8.803805581,3.646249966,0.021122878
1609060486.680812120,-6.713344193,8.789570476,3.638739680,-6.669589591,8.760030715,3.631139835,0.053336857
1609060486.728094101,-6.676892127,8.763819609,3.630891576,-6.636775732,8.735878215,3.623494883,0.049444491
1609060486.779956102,-6.635627797,8.729951907,3.622787308,-6.606423444,8.710487059,3.615797431,0.035785932
1609060486.829302073,-6.597956487,8.698729692,3.615063781,-6.577443845,8.684411453,3.608521320,0.025856997
1609060486.881893158,-6.559202659,8.664008494,3.603612145,-6.546452092,8.656970747,3.601030440,0.014790944
1609060486.933675051,-6.520027449,8.627477274,3.595272820,-6.491357201,8.601440790,3.588721826,0.039278457
1609060486.980293036,-6.488153087,8.591575411,3.585757412,-6.465132605,8.573442784,3.582909846,0.029442204
1609060487.030152082,-6.454777243,8.557304891,3.579540532,-6.438449333,8.545723325,3.575988339,0.020331045
1609060487.081585169,-6.418974145,8.518635960,3.572120183,-6.411760437,8.514482163,3.570225597,0.008537041
1609060487.134253025,-6.387393086,8.477544403,3.565386817,-6.358500440,8.450889116,3.558405280,0.039925319
1609060487.179390192,-6.357583741,8.441787479,3.559016426,-6.333220786,8.416318453,3.553241169,0.035715241
1609060487.229357004,-6.326464194,8.400855606,3.551919118,-6.307257259,8.380925521,3.548038221,0.027949526
1609060487.281926155,-6.295872497,8.357810561,3.544768522,-6.283241945,8.346868217,3.543570575,0.016754129
1609060487.332370996,-6.266497843,8.315462006,3.539270006,-6.260375088,8.313987289,3.539288777,0.006297879
1609060487.381510019,-6.239088797,8.273254767,3.534205852,-6.212722579,8.241729897,3.531655996,0.041176408
1609060487.429805994,-6.211812436,8.232243794,3.529299069,-6.191704918,8.208291041,3.527330246,0.031335650
1609060487.481407166,-6.184190560,8.188254081,3.523837277,-6.169244574,8.171961269,3.523854794,0.022109693
1609060487.531018019,-6.156314691,8.145543136,3.518377551,-6.147733047,8.136014923,3.519448095,0.012867693
1609060487.573276997,-6.139230234,8.112084150,3.515490268,-6.127121995,8.101388417,3.516156076,0.016169460
1609060487.623480082,-6.112213846,8.069276556,3.509992975,-6.085312408,8.029205903,3.506886530,0.048363153
1609060487.680495024,-6.084097932,8.021287633,3.502680393,-6.065334830,7.994335525,3.502491355,0.032840613
1609060487.728843212,-6.058428760,7.980704212,3.496867067,-6.043692740,7.954510652,3.497820199,0.030069275
1609060487.780599117,-6.036813391,7.937730967,3.491039644,-6.021345708,7.913220648,3.492399990,0.029014746
1609060487.831240177,-6.011933998,7.894876041,3.484815830,-6.001011372,7.876785315,3.488004589,0.021371624
1609060487.881911993,-5.984205294,7.846889755,3.478107641,-5.965532057,7.807299020,3.477871129,0.043774102
1609060487.928303003,-5.960707976,7.806893983,3.471912744,-5.946384743,7.771130320,3.472727495,0.038533861
1609060487.979984045,-5.939504763,7.759274628,3.465095437,-5.928009516,7.735311417,3.467588960,0.026694454
1609060488.029487133,-5.914815658,7.715763879,3.458450497,-5.911495457,7.701105023,3.462062055,0.015457980
1609060488.082446098,-5.898199222,7.670496092,3.449437124,-5.893041116,7.665715801,3.455951502,0.009586154
1609060488.130092144,-5.880132794,7.629820589,3.444479569,-5.859080849,7.597848177,3.443749693,0.038287756
1609060488.181658030,-5.857474100,7.585218431,3.436308901,-5.842178755,7.561548312,3.436836036,0.028186876
1609060488.228613138,-5.838240289,7.547122305,3.428198911,-5.825536470,7.527431117,3.430766567,0.023573772
1609060488.281764984,-5.815603124,7.502615324,3.419554163,-5.810332436,7.495488853,3.424337589,0.010072135
1609060488.328850031,-5.796791234,7.463261871,3.412219152,-5.778542129,7.427676684,3.410820844,0.040016129
1609060488.380331039,-5.778095325,7.420407444,3.404789023,-5.763198586,7.394705826,3.404531221,0.029707784
1609060488.429883003,-5.758706777,7.380924863,3.397309149,-5.747615781,7.360990016,3.398553666,0.022846382
1609060488.480764151,-5.739806278,7.341238395,3.389574454,-5.732062451,7.327814694,3.392068875,0.015696647
1609060488.535542011,-5.720165162,7.299762214,3.378753134,-5.716439310,7.294587994,3.385679762,0.009414494
1609060488.580343008,-5.703529068,7.265405360,3.371343816,-5.701216954,7.260835100,3.379015028,0.009223917
1609060488.629785061,-5.683322795,7.228407356,3.364110949,-5.669968747,7.196793478,3.367269662,0.034463682
1609060488.681182146,-5.666586347,7.189308216,3.360840512,-5.654970632,7.167440152,3.362475348,0.024815514
1609060488.733952999,-5.644925416,7.151650574,3.354748495,-5.638226826,7.136649964,3.357135765,0.016600857
1609060488.780320168,-5.628128503,7.120624569,3.348468742,-5.621209410,7.108034582,3.351963283,0.014784905
1609060488.830223083,-5.605590713,7.086935423,3.342423986,-5.588601716,7.051426909,3.341553805,0.039373059
1609060488.878646135,-5.589571942,7.054156837,3.335150519,-5.572802076,7.022984039,3.336429022,0.035420422
1609060488.926599026,-5.569720327,7.020604628,3.329583878,-5.556392503,6.993312027,3.331676372,0.030444958
1609060488.980388165,-5.547353470,6.981186602,3.321276358,-5.538552151,6.961617749,3.327407359,0.022315743
1609060489.026468992,-5.526709979,6.949778761,3.316291430,-5.521296244,6.932821950,3.323077537,0.019049757
1609060489.085741043,-5.501801595,6.904972686,3.311350532,-5.487245798,6.878157334,3.316173304,0.030890022
1609060489.127518177,-5.482078529,6.875622087,3.308613529,-5.471245054,6.848236076,3.314171235,0.029970750
1609060489.181252003,-5.462769747,6.839150425,3.308859506,-5.449637553,6.821695288,3.312409112,0.022129981
1609060489.229586124,-5.441146395,6.804664209,3.305439619,-5.431805035,6.795126939,3.309816691,0.014049174
1609060489.282239199,-5.415257674,6.767424206,3.302434047,-5.412671658,6.766252711,3.307865452,0.006128625
1609060489.327752113,-5.394357313,6.738446509,3.301860981,-5.374285211,6.712195045,3.304337097,0.033138494
1609060489.379934072,-5.367407754,6.702930335,3.299547800,-5.352958623,6.684064009,3.302681403,0.023969462
1609060489.424185991,-5.343468172,6.673512909,3.297583715,-5.331821177,6.657719900,3.301335282,0.019978636
1609060489.474608183,-5.318605913,6.641655714,3.296200492,-5.310724730,6.632402964,3.299747721,0.012661330
1609060489.524008036,-5.291557011,6.608761454,3.294251939,-5.288378829,6.605264092,3.298176471,0.006142828
1609060489.573360205,-5.266846976,6.576915333,3.291837165,-5.244007017,6.552198943,3.293848156,0.033713613
1609060489.623059988,-5.237692766,6.544677365,3.289496354,-5.220853251,6.525239291,3.292310368,0.025871348
1609060489.680881023,-5.206849929,6.508219594,3.287457211,-5.196836090,6.498616568,3.290439871,0.014191241
1609060489.728197098,-5.176707942,6.478734871,3.285091835,-5.171072675,6.472104797,3.288377159,0.009300940
1609060489.780966043,-5.147572424,6.448090991,3.282587298,-5.145556105,6.445607461,3.287110909,0.005540445
1609060489.828963041,-5.116617423,6.419405208,3.280379751,-5.094206085,6.394548398,3.283454418,0.033609263
1609060489.879400015,-5.088324603,6.390555625,3.277048644,-5.069356790,6.371914698,3.281176441,0.026912836
1609060489.928678036,-5.055685705,6.362907957,3.274299592,-5.039568910,6.345237581,3.278820593,0.024339941
1609060489.979420185,-5.023937798,6.336511366,3.274132602,-5.008979415,6.319112248,3.276149091,0.023033645
1609060490.031026125,-4.987300006,6.309913063,3.272150733,-4.979154948,6.296846912,3.274506050,0.015576064
1609060490.081745148,-4.947365661,6.282274012,3.269457291,-4.920770405,6.256461726,3.271319901,0.037108639
1609060490.129084110,-4.909871134,6.259496688,3.267471301,-4.890651640,6.235903862,3.269643582,0.030507854
1609060490.180391073,-4.872473650,6.232478498,3.263655114,-4.858946253,6.216551980,3.267923294,0.021327489
1609060490.229308128,-4.833120872,6.209339336,3.261024639,-4.829154879,6.198588310,3.265969124,0.012480448
1609060490.280956984,-4.796903548,6.184437069,3.261202858,-4.798127351,6.179117359,3.263906102,0.006091349
1609060490.329324007,-4.762411426,6.163874654,3.259094898,-4.737125996,6.144259623,3.260644500,0.032039096
1609060490.380764008,-4.720620885,6.141292163,3.256431269,-4.704578608,6.126366826,3.258999347,0.022061626
1609060490.429780006,-4.685813667,6.122028438,3.255491395,-4.673989428,6.108368636,3.256992770,0.018128898
1609060490.481692076,-4.644485196,6.100322534,3.253011977,-4.643974691,6.092063533,3.255103839,0.008535080
1609060490.529579163,-4.608332329,6.079003752,3.249905102,-4.580072168,6.057053776,3.250287925,0.035785258
1609060490.579999208,-4.571063047,6.055975876,3.244984674,-4.549908138,6.038775231,3.247173730,0.027352959
1609060490.629163027,-4.533970937,6.034333367,3.241579619,-4.518577763,6.019855401,3.244313015,0.021308044
1609060490.681888103,-4.497275297,6.010437869,3.238376629,-4.486513198,6.001656765,3.241067926,0.014148273
1609060490.728027105,-4.463110572,5.989159327,3.234957741,-4.455806323,5.981659797,3.237316481,0.010731200
1609060490.781954050,-4.426227647,5.963137586,3.231628932,-4.424475296,5.960417708,3.233262668,0.003624578
1609060490.830234051,-4.390676143,5.938691293,3.227129267,-4.364142444,5.918985058,3.225773398,0.033078864
1609060490.882236004,-4.356047543,5.912144774,3.219657561,-4.335407688,5.896364443,3.221238267,0.026029236
1609060490.927493095,-4.323907712,5.885576640,3.215057205,-4.306368236,5.871916528,3.217383432,0.022352700
1609060490.979726076,-4.292107302,5.855581815,3.212633836,-4.277817629,5.846718609,3.213480964,0.016836532
1609060491.030094147,-4.257067843,5.823347760,3.208894111,-4.222620811,5.793021374,3.206499970,0.045956714
1609060491.081507206,-4.225868354,5.789593778,3.205915231,-4.195774182,5.764389555,3.203693240,0.039317290
1609060491.128799200,-4.193804849,5.756465063,3.203390009,-4.169106391,5.734753238,3.201251134,0.032954392
1609060491.179252148,-4.160599411,5.716077053,3.202675831,-4.142169490,5.701667794,3.199336802,0.023631289
1609060491.237707138,-4.121811521,5.668588164,3.201057261,-4.090340021,5.634459026,3.195204551,0.046792174
1609060491.285046101,-4.093382987,5.625021356,3.197530511,-4.064113771,5.597913761,3.192980909,0.040152305
1609060491.327813148,-4.064610761,5.586986154,3.195882322,-4.038490509,5.560351065,3.192400220,0.037467593
1609060491.379707098,-4.033711823,5.539215220,3.191673279,-4.013500261,5.522034509,3.191378276,0.026528684
1609060491.431063175,-4.002996850,5.491835714,3.191675020,-3.990229863,5.485691272,3.190550282,0.014213203
1609060491.483215094,-3.970033335,5.440219431,3.191633952,-3.965973521,5.445483800,3.191148958,0.006665650
1609060491.534535170,-3.942715005,5.388765965,3.193487508,-3.919041186,5.361370827,3.191977099,0.036238442
1609060491.580775023,-3.914865646,5.341232770,3.194081608,-3.895304886,5.317450666,3.193192675,0.030805876
1609060491.630144119,-3.886360763,5.290377992,3.194475317,-3.871596516,5.273114523,3.194094456,0.022719054
1609060491.681989193,-3.858499062,5.236448093,3.194725403,-3.849766553,5.228901869,3.195929593,0.011603977
1609060491.729292154,-3.832841814,5.186416429,3.195771264,-3.829133901,5.187650558,3.196400448,0.003958228
1609060491.782570124,-3.805022546,5.130598402,3.197280296,-3.784858974,5.098009120,3.199630126,0.038394695
1609060491.829774141,-3.778707015,5.081940405,3.199127141,-3.763925618,5.056209410,3.201103976,0.029740237
1609060491.882502079,-3.750931542,5.028343195,3.201800373,-3.741759376,5.011577996,3.203013489,0.019148686
1609060491.929095984,-3.725046868,4.980397340,3.202811028,-3.720992311,4.969665736,3.203921009,0.011525573
1609060491.981079102,-3.701079484,4.928905427,3.202598451,-3.700487900,4.928558717,3.204745271,0.002253667
1609060492.029659986,-3.673115051,4.880931903,3.202872998,-3.655129652,4.843308350,3.207089595,0.041914031
1609060492.080188990,-3.649207482,4.833543315,3.204271153,-3.633943006,4.803434333,3.207944615,0.033956580
1609060492.128679991,-3.622084523,4.787593447,3.204566376,-3.611002685,4.761478332,3.208347344,0.028619959
1609060492.182240009,-3.594220827,4.736716450,3.203795899,-3.589180966,4.723560605,3.208270828,0.014781795
1609060492.230466127,-3.566901225,4.692956088,3.203807347,-3.542692384,4.647225290,3.207833778,0.051899769
1609060492.279041052,-3.536234163,4.646593465,3.205557813,-3.518365525,4.610372105,3.208062725,0.040466650
1609060492.328356028,-3.504825327,4.604048323,3.205599127,-3.493402829,4.574662235,3.207848599,0.031608160
1609060492.380124092,-3.472244956,4.557128868,3.203354432,-3.466819070,4.539121285,3.207841168,0.019335048
1609060492.428395033,-3.438405104,4.517928164,3.203585923,-3.439471868,4.504566067,3.208018658,0.014118525
1609060492.484305143,-3.402869132,4.473602368,3.206145244,-3.385992000,4.443769429,3.209911273,0.034482239
1609060492.534708023,-3.368379857,4.437751721,3.207977764,-3.356648628,4.414114568,3.211132559,0.026576107
1609060492.579715014,-3.334876429,4.405805148,3.209864263,-3.326930996,4.384746394,3.213330199,0.022773092
1609060492.630504131,-3.299426787,4.371699182,3.210538836,-3.298351328,4.360258222,3.214631762,0.012198534
1609060492.682944059,-3.258995232,4.337528228,3.212882912,-3.266403364,4.332971734,3.216635948,0.009472451
1609060492.730010033,-3.222823473,4.309691425,3.215473342,-3.201103353,4.284853059,3.220585444,0.033389243
1609060492.779417038,-3.186083036,4.282225506,3.218471056,-3.167986267,4.261301456,3.222875498,0.028012640
1609060492.828896046,-3.146627404,4.254489147,3.221686208,-3.134825952,4.238559232,3.225500692,0.020188778
1609060492.881380081,-3.105673659,4.225659278,3.225638274,-3.100137384,4.216246976,3.229099918,0.011455337
1609060492.929259062,-3.066946323,4.201450195,3.229405654,-3.064866152,4.195713653,3.232641618,0.006906989
1609060492.980987072,-3.026016538,4.177344928,3.233283306,-3.028526560,4.174427889,3.236056913,0.004743651
1609060493.029018164,-2.983856302,4.154984375,3.236727985,-2.958571463,4.135057385,3.242188162,0.032653048
1609060493.079579115,-2.943873526,4.132038053,3.243109031,-2.922918644,4.116735716,3.245304397,0.026040127
1609060493.128925085,-2.901500085,4.109347466,3.246667593,-2.886407097,4.097187428,3.248131554,0.019437284
1609060493.180499077,-2.860738465,4.085432216,3.248370781,-2.851639131,4.078082054,3.249714198,0.011774018
1609060493.228688002,-2.818307562,4.063377095,3.249653537,-2.781173357,4.041390048,3.252356812,0.043239879
1609060493.280271053,-2.777960434,4.041232387,3.250790623,-2.745748712,4.021707744,3.252869983,0.037724401
1609060493.328587055,-2.736419540,4.017368674,3.250766847,-2.710321055,3.999935933,3.252744508,0.031447457
1609060493.380046129,-2.690619960,3.988581233,3.247969905,-2.672423585,3.975660834,3.252795997,0.022832782
1609060493.428469181,-2.647829453,3.961834019,3.247237811,-2.635112776,3.952465592,3.253031316,0.016823971
1609060493.480937004,-2.603478253,3.927314749,3.248088206,-2.567651824,3.905626464,3.251602512,0.042026956
1609060493.529367208,-2.560282180,3.896325948,3.247147069,-2.532539672,3.878478870,3.251280253,0.033245272
1609060493.579791069,-2.517472994,3.862878055,3.251028014,-2.496910515,3.850924507,3.250728555,0.023786394
1609060493.628499031,-2.476304771,3.827792849,3.250708968,-2.463239674,3.824049623,3.249206015,0.013673601
1609060493.682790041,-2.428890793,3.786439425,3.248599504,-2.428404229,3.792664809,3.247636454,0.006318197
1609060493.728916168,-2.392269496,3.751551642,3.245507734,-2.361029762,3.729210011,3.244788498,0.038413367
1609060493.780441999,-2.347328170,3.708083342,3.242489278,-2.325410757,3.693198186,3.243257351,0.026505298
1609060493.829635143,-2.306582525,3.665390222,3.240223985,-2.292081848,3.657052042,3.241448752,0.016771850
1609060493.883442163,-2.263642126,3.617989405,3.238210355,-2.259343047,3.622228898,3.238913895,0.006078680
1609060493.929495096,-2.225434342,3.574581831,3.235941116,-2.191568300,3.542221051,3.235737674,0.046841971
1609060493.978958130,-2.186722556,3.525234410,3.233320801,-2.159084841,3.499883402,3.234381800,0.037518564
1609060494.028350115,-2.145991664,3.474027556,3.230918301,-2.125415477,3.454313186,3.234099123,0.028673219
1609060494.082203150,-2.104359768,3.417115407,3.228872919,-2.090688389,3.409114652,3.232799628,0.016319857
1609060494.129577160,-2.064600255,3.363882726,3.226890670,-2.058871205,3.364294182,3.230420373,0.006741669
1609060494.183086157,-2.023769335,3.302546063,3.225102965,-1.991515558,3.264740085,3.229604412,0.049898509
1609060494.228484154,-1.986219897,3.248670139,3.223798450,-1.960718796,3.217288761,3.228997738,0.040769224
1609060494.280737162,-1.948427208,3.186995229,3.225606799,-1.926748641,3.163868435,3.227845597,0.031777682
1609060494.329248190,-1.908521481,3.127116608,3.225104723,-1.893656536,3.111677271,3.226773194,0.021497058
1609060494.374109983,-1.875940162,3.072531345,3.221263492,-1.862042060,3.059907569,3.226303853,0.019440221
1609060494.429419041,-1.831248604,3.002094415,3.219843212,-1.796710871,2.950190359,3.224332308,0.062506304
1609060494.481046200,-1.785874659,2.929007708,3.223348516,-1.765327827,2.896246124,3.224341653,0.038684364
1609060494.533081055,-1.741165723,2.857998897,3.223433831,-1.730076865,2.837573805,3.223563262,0.023241426
1609060494.580868006,-1.702934789,2.787657181,3.221369275,-1.697214749,2.780494806,3.223064885,0.009321672
1609060494.630129099,-1.660314772,2.718378242,3.221514070,-1.633088229,2.667181617,3.221314744,0.057986367
1609060494.679522991,-1.625828997,2.646979485,3.217675230,-1.600595119,2.608029371,3.220332261,0.046485694
1609060494.730046988,-1.585304625,2.574706973,3.216249573,-1.567574717,2.549367349,3.220536377,0.031222153
1609060494.779560089,-1.543536909,2.502759840,3.215985201,-1.534147918,2.488909696,3.220489774,0.017328324
1609060494.830006123,-1.505305342,2.427806078,3.216146563,-1.503404247,2.431117246,3.220670708,0.005919956
1609060494.881098986,-1.462180164,2.351733295,3.216442531,-1.435695247,2.307606769,3.221762066,0.051738753
1609060494.928388119,-1.424068992,2.282056313,3.217168943,-1.402540359,2.244393296,3.221081630,0.043557939
1609060494.981044054,-1.384042309,2.205902445,3.218426678,-1.370315429,2.183008123,3.221011268,0.026818974
1609060495.029597044,-1.345147878,2.133708098,3.218502611,-1.338951074,2.124635702,3.220376968,0.011145490
1609060495.082610130,-1.304748108,2.054655007,3.217842374,-1.304259948,2.061595074,3.221049786,0.007660961
1609060495.129621983,-1.266449159,1.985145241,3.218514105,-1.237795808,1.936062033,3.221006990,0.056889281
1609060495.180171013,-1.227252638,1.911170414,3.220068459,-1.202918384,1.871570894,3.222882980,0.046563929
1609060495.229920149,-1.185175174,1.836073942,3.221709149,-1.167532852,1.805522412,3.223792771,0.035341038
1609060495.281436205,-1.145887124,1.758828443,3.223137605,-1.134313002,1.741766178,3.225028440,0.020704021
1609060495.335170031,-1.101774175,1.679158281,3.225321223,-1.101136290,1.679511269,3.226810097,0.001657783
1609060495.382240057,-1.067806327,1.610960497,3.228172227,-1.065809835,1.612928732,3.227376389,0.002914325
1609060495.429296017,-1.028894159,1.541005276,3.230453934,-1.000211104,1.486879204,3.231467122,0.061264801
1609060495.483244181,-0.989250749,1.461110574,3.232594238,-0.967205642,1.424889304,3.233416363,0.042410412
1609060495.528154135,-0.953442430,1.395048942,3.235295054,-0.933704499,1.361103850,3.235569885,0.039267425
1609060495.580590010,-0.907346490,1.308883402,3.237548897,-0.901207160,1.296931098,3.236480045,0.013479295
1609060495.628806114,-0.866721357,1.235477404,3.240487707,-0.837113574,1.172769303,3.241678384,0.069356647
1609060495.681596041,-0.825668643,1.149000228,3.242208794,-0.805307655,1.110413621,3.243975734,0.043664839
1609060495.728053093,-0.786527768,1.076387974,3.245218612,-0.775228782,1.050720609,3.246988666,0.028100067
1609060495.781130075,-0.746728618,0.992404223,3.248572316,-0.745857485,0.991173127,3.249720354,0.001895378
1609060495.830497026,-0.708517178,0.916779188,3.253010221,-0.683124295,0.868421135,3.254519745,0.054640447
1609060495.881890059,-0.667083428,0.837131531,3.256201377,-0.652257294,0.805430910,3.257045853,0.035006524
1609060495.929169178,-0.634655729,0.766206974,3.259022648,-0.623170721,0.745758375,3.260086996,0.023477297
1609060495.979615211,-0.595902403,0.689043334,3.262048862,-0.591049538,0.681773144,3.262922529,0.008784603
1609060496.030449152,-0.558181638,0.613469068,3.265470858,-0.560611592,0.620334410,3.265620562,0.007284231
1609060496.082633018,-0.521651586,0.537494101,3.269228244,-0.499661366,0.493562529,3.271095501,0.049163395
1609060496.130023003,-0.487416783,0.469074546,3.271482761,-0.469570200,0.433154098,3.274114971,0.040195867
1609060496.181450129,-0.452553226,0.395402233,3.273680853,-0.440845864,0.372602337,3.277456459,0.025906617
1609060496.229318142,-0.420293193,0.327419939,3.277304500,-0.414741500,0.316836397,3.280386927,0.012342366
1609060496.281906128,-0.386570743,0.254409789,3.281764595,-0.386991772,0.256650381,3.284046962,0.003225945
1609060496.329352140,-0.353948586,0.189262124,3.285511937,-0.334255418,0.148136035,3.292019429,0.046059999
1609060496.380367041,-0.325145659,0.123523664,3.292426676,-0.309930181,0.095996610,3.294562718,0.031524787
1609060496.429882050,-0.293917057,0.060529367,3.296453668,-0.284939612,0.041553059,3.297386038,0.021013427
1609060496.482614040,-0.264359527,-0.003757258,3.301663455,-0.258637283,-0.013177068,3.300757036,0.011058864
1609060496.530198097,-0.235385289,-0.060910439,3.304633647,-0.210631409,-0.116113964,3.306498570,0.060528189
1609060496.579577208,-0.209884175,-0.118819913,3.306415656,-0.187430686,-0.167036459,3.308461700,0.053227631
1609060496.629139185,-0.180862674,-0.177563318,3.309872719,-0.163613048,-0.217272934,3.311504005,0.043325101
1609060496.680529118,-0.150191331,-0.242029188,3.308961124,-0.141382721,-0.266433336,3.313924211,0.026415644
1609060496.729876995,-0.122041700,-0.297633012,3.311252834,-0.119887506,-0.314175011,3.316544079,0.017500730
1609060496.781874180,-0.096914843,-0.357055375,3.313341104,-0.098299298,-0.362419990,3.318586986,0.007629881
1609060496.830726147,-0.070154495,-0.409650632,3.314621414,-0.057081996,-0.451065930,3.321169145,0.043920268
1609060496.879760027,-0.048634631,-0.463162980,3.320480233,-0.038959558,-0.491149925,3.321262613,0.029622428
1609060496.931555986,-0.024676898,-0.516973187,3.321262466,-0.018386848,-0.536647688,3.321388132,0.020655908
1609060496.979130030,-0.000891420,-0.564661753,3.320842521,0.002798505,-0.581568063,3.320808969,0.017304334
1609060497.030738115,0.020641489,-0.613073623,3.319656510,0.021536078,-0.621414183,3.320352940,0.008417259
1609060497.082527161,0.045147244,-0.662622455,3.317937292,0.055830229,-0.695718915,3.317330175,0.034783192
1609060497.128504992,0.065256856,-0.704189778,3.315816126,0.073792077,-0.733090481,3.315870689,0.030134758
1609060497.180168152,0.084406175,-0.749683549,3.312233386,0.091132686,-0.769152604,3.313450407,0.020634224
1609060497.229369164,0.105746769,-0.792894392,3.309635177,0.106370274,-0.803048078,3.310915316,0.010253042
1609060497.282119989,0.127015516,-0.837496130,3.306846915,0.123442517,-0.839577249,3.307996109,0.004291622
1609060497.331099033,0.146002566,-0.877560056,3.303707995,0.155815628,-0.908944826,3.300499561,0.033039280
1609060497.379763126,0.163247217,-0.915690829,3.299953558,0.172546617,-0.943541423,3.296483047,0.029566516
1609060497.430797100,0.185073437,-0.955520244,3.294808475,0.188564341,-0.976454909,3.292615384,0.021336735
1609060497.479521990,0.200207768,-0.995251692,3.290169751,0.204139743,-1.010155358,3.287844360,0.015588044
1609060497.539794207,0.223300903,-1.042046289,3.282566659,0.235044667,-1.075728058,3.278412434,0.035911490
1609060497.585959196,0.239625372,-1.077689296,3.275067880,0.251135148,-1.107690187,3.273065840,0.032195287
1609060497.628929138,0.257072329,-1.110917017,3.268756635,0.266199512,-1.138513539,3.268508030,0.029067771
1609060497.679800987,0.273409611,-1.149827227,3.262699117,0.282451264,-1.172252752,3.262130762,0.024186333
1609060497.728677988,0.293872281,-1.187862275,3.255610229,0.298506463,-1.204324963,3.256194411,0.017112482
1609060497.782530069,0.318597136,-1.231448116,3.247692643,0.314620593,-1.235499023,3.250150742,0.006185871
1609060497.828576088,0.339713064,-1.266619998,3.241349978,0.348055942,-1.299843965,3.237289541,0.034495256
1609060497.881426096,0.358295962,-1.312915326,3.231872981,0.364203626,-1.330343563,3.232067036,0.018403303
1609060497.928340197,0.379791337,-1.350331939,3.225683394,0.382777432,-1.366105469,3.226017563,0.016057169
1609060497.980730057,0.398171532,-1.393196570,3.218859411,0.401406560,-1.402633319,3.219736480,0.010014334
1609060498.030624151,0.418216357,-1.433102125,3.212088405,0.418626662,-1.435508598,3.214974384,0.003779992
1609060498.081089020,0.441428864,-1.474357080,3.206463264,0.451847201,-1.500109200,3.207053620,0.027786003
1609060498.129364014,0.460520503,-1.512781532,3.202495913,0.469733985,-1.532517544,3.205384221,0.021971362
1609060498.179213047,0.483307909,-1.553566666,3.198544497,0.488028155,-1.566068542,3.202800150,0.014024558
1609060498.229629040,0.505643533,-1.593855451,3.195655181,0.504650558,-1.598114643,3.200512090,0.006535769
1609060498.282165051,0.526983203,-1.634420091,3.194066499,0.523496433,-1.631570006,3.197928202,0.005932394
1609060498.330411196,0.548990169,-1.670444921,3.192436145,0.560594924,-1.696362574,3.196577976,0.028697558
1609060498.380028009,0.570883229,-1.708435360,3.191176856,0.579103814,-1.730486854,3.195990700,0.024021230
1609060498.428318977,0.592553575,-1.748187203,3.190558237,0.598085001,-1.763263175,3.195829693,0.016901771
1609060498.482119083,0.615776441,-1.791948049,3.190631410,0.616225576,-1.795394515,3.195500316,0.005982148
1609060498.530372143,0.639583026,-1.830777856,3.190044560,0.636340672,-1.830204000,3.194826871,0.005806261
1609060498.580444098,0.658601063,-1.870085532,3.193193871,0.675411420,-1.899004356,3.193846242,0.033456122
1609060498.629819155,0.682614986,-1.909529121,3.192797129,0.695225138,-1.933949241,3.193127648,0.027485768
1609060498.681581020,0.703727009,-1.952530897,3.190122621,0.714873379,-1.970383204,3.192855119,0.021222935
1609060498.728110075,0.726733544,-1.990993823,3.189564631,0.735261492,-2.006046526,3.191339901,0.017391416
1609060498.786158085,0.750215524,-2.042501194,3.189411795,0.774662945,-2.078536311,3.188508770,0.043554810
1609060498.829328060,0.771094074,-2.081301440,3.188169091,0.793086814,-2.117108541,3.187203392,0.042032865
1609060498.881321192,0.797323471,-2.131725501,3.186673511,0.812392514,-2.154024829,3.185371746,0.026944957
1609060498.928911209,0.822250682,-2.176378327,3.185097666,0.833828395,-2.195656532,3.183215617,0.022566230
1609060498.980941057,0.847062744,-2.228796485,3.182328420,0.854665039,-2.235844598,3.180585920,0.010512235
1609060499.029283047,0.873702881,-2.275211068,3.180697339,0.875196330,-2.277531282,3.177600593,0.004147724
1609060499.083007097,0.899169497,-2.330114824,3.176079434,0.918051659,-2.362276772,3.173779257,0.037365997
1609060499.128166199,0.919168424,-2.375429092,3.174042854,0.938644391,-2.404922256,3.172494595,0.035377353
1609060499.180455208,0.946999425,-2.429795438,3.171878479,0.957290314,-2.446111225,3.170533068,0.019336944
1609060499.228965044,0.970500862,-2.479479449,3.172245517,0.978292701,-2.489510503,3.169128772,0.013078567
1609060499.279461145,0.997411850,-2.534219694,3.170335576,0.999394010,-2.532796268,3.168082031,0.003321681
1609060499.330644131,1.023691203,-2.588591440,3.167897617,1.042146209,-2.626644836,3.165356811,0.042368666
1609060499.381079197,1.048818478,-2.641914375,3.165085121,1.064241826,-2.673838470,3.164834574,0.035455469
1609060499.429335117,1.074366074,-2.695242267,3.163898211,1.084904091,-2.717344362,3.164096649,0.024486563
1609060499.481731176,1.100327229,-2.754044275,3.164047521,1.105016195,-2.763968826,3.163326733,0.011000121
1609060499.528813124,1.123983114,-2.805581252,3.163579992,1.124735219,-2.809377011,3.162861648,0.003935666
1609060499.632210016,1.174847096,-2.915109782,3.163682052,1.187770824,-2.950116038,3.161000473,0.037411918
1609060499.673256159,1.191148303,-2.958195577,3.163813338,1.206800512,-2.993947799,3.160523285,0.039166790
1609060499.721397161,1.216077545,-3.009432060,3.163547334,1.226380554,-3.040015523,3.159493533,0.032525890
1609060499.790719032,1.245064367,-3.081264249,3.161378761,1.265266504,-3.128293905,3.159222049,0.051230521
1609060499.834521055,1.266417820,-3.125931279,3.160703850,1.284326081,-3.174698080,3.158607495,0.051993282
1609060499.881643057,1.287076725,-3.173260818,3.159751544,1.302470931,-3.218113242,3.158249873,0.047444457
1609060499.929025173,1.308493016,-3.220627374,3.158506623,1.320014983,-3.257837555,3.158504897,0.038953220
1609060499.979601145,1.331369503,-3.275583686,3.159061114,1.338005211,-3.299189578,3.157511995,0.024569707
1609060500.030206203,1.356107251,-3.324497977,3.157450870,1.354948048,-3.339277395,3.155804845,0.014915909
1609060500.082598209,1.377671028,-3.376544175,3.154176740,1.372929120,-3.380834588,3.154294448,0.006395873
1609060500.131497145,1.400213260,-3.421381984,3.151883412,1.407341831,-3.458257745,3.149749377,0.037619043
1609060500.180402040,1.417136719,-3.465158163,3.145723938,1.421589136,-3.492261742,3.145584250,0.027467208
1609060500.229773998,1.433878122,-3.507403352,3.142545231,1.437404597,-3.527880031,3.140470138,0.020881485
1609060500.278079033,1.453268737,-3.547757469,3.135757057,1.452683628,-3.560550785,3.135748733,0.012806692
1609060500.330481052,1.469735132,-3.588072909,3.127876875,1.466991840,-3.593602264,3.128545511,0.006208581
1609060500.384297132,1.489848803,-3.628684780,3.118478611,1.495986430,-3.658248757,3.112539869,0.030772843
1609060500.430405140,1.505114134,-3.661470250,3.109654224,1.510504367,-3.687486119,3.104255764,0.027111316
1609060500.481509209,1.520473279,-3.696179901,3.098058692,1.523348550,-3.713684257,3.094869053,0.018023414
1609060500.528917074,1.535939837,-3.726155743,3.085331515,1.536279054,-3.740406006,3.082876498,0.014464169
1609060500.580059052,1.550382554,-3.756191454,3.070119056,1.548835110,-3.764451528,3.070365887,0.008407398
1609060500.630463123,1.565386312,-3.784785044,3.053608487,1.573627832,-3.811679199,3.041276756,0.030713023
1609060500.682104111,1.579778748,-3.813066901,3.036197427,1.585106289,-3.832768592,3.026873700,0.022438163
1609060500.730499029,1.594483648,-3.838731441,3.019673841,1.595903317,-3.854930496,3.011753347,0.018087539
1609060500.779981136,1.601672423,-3.864125684,3.004048567,1.605706461,-3.875862683,2.996498489,0.014527019
1609060500.830636978,1.614909737,-3.888671610,2.987163966,1.616179586,-3.896660228,2.981851546,0.009677415
1609060500.879229069,1.624399814,-3.911291662,2.964652286,1.634981431,-3.936735734,2.950692225,0.030891014
1609060500.929196119,1.636539759,-3.934585781,2.944996901,1.643560054,-3.955311500,2.935289826,0.023938824
1609060500.980226994,1.644531855,-3.959532214,2.925329656,1.651979785,-3.973264996,2.920011838,0.016502731
1609060501.030568123,1.655585655,-3.981399233,2.907760628,1.660450400,-3.990549418,2.905599035,0.010586034
1609060501.082099199,1.667151418,-4.005181806,2.892430224,1.669043758,-4.008770463,2.892024796,0.004077227
1609060501.130629063,1.678946983,-4.025680633,2.879794354,1.685280341,-4.044226078,2.868670499,0.022534088
1609060501.181288004,1.685952425,-4.047611119,2.866005192,1.692215348,-4.060390321,2.858543936,0.016068682
1609060501.229866028,1.696549692,-4.068954702,2.853738381,1.698273766,-4.078063103,2.848806990,0.010500191
1609060501.279139996,1.701926136,-4.091703647,2.837312961,1.704442747,-4.094989274,2.839058625,0.004491772
1609060501.331067085,1.709537868,-4.115568434,2.826723868,1.710206641,-4.113678458,2.828942473,0.002990230
1609060501.383850098,1.719622895,-4.141075213,2.811049543,1.723253554,-4.153280315,2.803293118,0.014910008
1609060501.428828001,1.725254732,-4.160465480,2.796202032,1.729516336,-4.173094190,2.788991298,0.015153886
1609060501.481386185,1.735205810,-4.186437582,2.776254360,1.735739741,-4.192130285,2.774240043,0.006062131
1609060501.528599024,1.743409792,-4.209502455,2.758316482,1.741968008,-4.212664702,2.758640250,0.003490468
1609060501.581145048,1.749963681,-4.235395372,2.739512518,1.748291162,-4.232697575,2.744467033,0.005884101
1609060501.629769087,1.758726675,-4.260142723,2.723204454,1.762380132,-4.274994108,2.716278272,0.016789383
1609060501.678136110,1.765779193,-4.284523372,2.708058506,1.768981116,-4.296033736,2.702940701,0.012997412
1609060501.729612112,1.774994117,-4.311286435,2.692408428,1.777551096,-4.316403409,2.689973841,0.006216814
1609060501.791958094,1.784609505,-4.343188798,2.675321974,1.790370331,-4.358932917,2.666102011,0.019133011
1609060501.833837032,1.793777586,-4.364329857,2.664078452,1.797908308,-4.381429826,2.653239880,0.020662683
1609060501.881379128,1.799181503,-4.387281751,2.648625625,1.805084512,-4.401128735,2.640890758,0.016923730
1609060501.927842140,1.809355655,-4.410099889,2.634175347,1.812226884,-4.422244135,2.627442357,0.014179557
1609060501.979767084,1.817665513,-4.432718247,2.616953288,1.825054556,-4.438562150,2.611524716,0.010872836
1609060502.030068159,1.828901617,-4.456839799,2.599601337,1.827800200,-4.463356763,2.598046002,0.006789920
1609060502.081687212,1.837086355,-4.480746472,2.583728233,1.843388201,-4.503028009,2.571089873,0.026380073
1609060502.129033089,1.847760657,-4.502308374,2.569579269,1.851217309,-4.522968999,2.557784611,0.024040047
1609060502.177217007,1.856894274,-4.525680425,2.553232325,1.858268396,-4.541673740,2.545176453,0.017960273
1609060502.228680134,1.869258378,-4.548317207,2.535942019,1.866207391,-4.561311068,2.530079985,0.014577804
1609060502.281580210,1.877636405,-4.573361890,2.513679034,1.874370041,-4.580009990,2.513603691,0.007407567
1609060502.331065178,1.889282273,-4.593790596,2.496127824,1.881955459,-4.598176492,2.497798745,0.008701164
1609060502.379868984,1.895061958,-4.613913406,2.479094921,1.896324288,-4.630264915,2.469318897,0.019092825
1609060502.429216146,1.901433672,-4.630972570,2.464810092,1.903005225,-4.645504936,2.456424674,0.016851549
1609060502.478612185,1.910805394,-4.648163195,2.450362119,1.909194679,-4.658640443,2.445465323,0.011676717
1609060502.529726028,1.916785986,-4.663315885,2.435436856,1.915735964,-4.672265867,2.432909506,0.009359071
1609060502.581580162,1.925172293,-4.678845806,2.419599096,1.922228836,-4.685122498,2.419888843,0.006938642
1609060502.628553152,1.933018385,-4.691078980,2.406220352,1.934614586,-4.705594494,2.397796479,0.016858519
1609060502.679982185,1.939158812,-4.704914528,2.392875629,1.940349513,-4.715312269,2.387783267,0.011638855
1609060502.729335070,1.946165507,-4.717233595,2.381001661,1.945905371,-4.724189657,2.378431082,0.007420401
1609060502.779874086,1.952787200,-4.728377321,2.369197190,1.951917065,-4.732926576,2.367916740,0.004805456
1609060502.831654072,1.959752905,-4.738382064,2.356241787,1.957777822,-4.741222748,2.356534268,0.003472173
1609060502.876046181,1.964412301,-4.746732025,2.344842779,1.967535255,-4.754052077,2.332783973,0.014448211
1609060502.925194979,1.972651658,-4.754719741,2.330274505,1.973602540,-4.761593341,2.319560346,0.012764942
1609060502.972741127,1.976147975,-4.762344132,2.313603558,1.978939358,-4.767139541,2.306380142,0.009108540
1609060503.024496078,1.985596670,-4.769700280,2.295882304,1.984531290,-4.772492103,2.291925556,0.004958343
1609060503.074285984,1.987692960,-4.773666323,2.281363481,1.989905706,-4.776998206,2.277965558,0.005248196
1609060503.123784065,1.995992104,-4.779264089,2.264890357,2.001895641,-4.786329638,2.249926267,0.017569796
1609060503.173135042,2.000874340,-4.787436992,2.246607794,2.008139990,-4.791332266,2.234913642,0.014307900
1609060503.222823143,2.010235705,-4.794069787,2.227650190,2.014414780,-4.796226762,2.218758307,0.010058967
1609060503.283221006,2.021260486,-4.800750185,2.199997959,2.020541485,-4.801181930,2.202482354,0.002622134
1609060503.329416037,2.031084718,-4.807601653,2.180483884,2.033505407,-4.812048320,2.168373006,0.013126536
1609060503.379991055,2.037083878,-4.816980998,2.158132438,2.033505367,-4.812047471,2.168374356,0.011918151
1609060503.429008007,2.048675848,-4.824838520,2.136706028,2.048794616,-4.823419146,2.132056423,0.004862875
1609060503.478389978,2.055356991,-4.832366814,2.117061947,2.055578919,-4.829078665,2.115369677,0.003704721
1609060503.532170057,2.063115328,-4.838602667,2.095626932,2.062853630,-4.834688989,2.098448637,0.004831913
1609060503.583558083,2.074048197,-4.847295956,2.074131485,2.078887706,-4.848114194,2.063939490,0.011312256
1609060503.628724098,2.080983146,-4.855582998,2.055310912,2.086496528,-4.855307463,2.047513469,0.009553712
1609060503.681049109,2.091700254,-4.865872329,2.033986994,2.093956935,-4.863170865,2.031962962,0.004060447
1609060503.730980158,2.100792566,-4.874678905,2.014868821,2.102212998,-4.871639815,2.016125590,0.003582340
1609060503.781499147,2.109357258,-4.884063803,1.997694165,2.109895162,-4.879423758,2.003262249,0.007267938
1609060503.830842018,2.118781620,-4.894197743,1.983274824,2.126867848,-4.899106965,1.978080339,0.010792138
1609060503.876079082,2.126285325,-4.903788935,1.970283750,2.134292528,-4.908698156,1.967278370,0.009861442
1609060503.923665047,2.136181270,-4.915244927,1.956023616,2.142161754,-4.919246032,1.955194536,0.007243093
1609060503.973829985,2.142813807,-4.929392879,1.942593636,2.149879764,-4.930112080,1.941969634,0.007129823
1609060504.025320053,2.153966612,-4.942092754,1.926400440,2.157417400,-4.940665039,1.929012164,0.004557127
1609060504.075659990,2.159498560,-4.952403766,1.911684232,2.165037356,-4.952413106,1.914822228,0.006365955
1609060504.124380112,2.168650331,-4.964894978,1.897248389,2.176832004,-4.974772111,1.890508764,0.014488619
1609060504.175167084,2.171749346,-4.977197077,1.881602519,2.181283235,-4.986006525,1.878297295,0.013394996
1609060504.224220037,2.178963832,-4.989123376,1.866663521,2.186339672,-4.996163101,1.866003159,0.010217476
1609060504.273495197,2.183249989,-5.000678680,1.850240963,2.191555814,-5.006360492,1.853701466,0.010641654
1609060504.325726032,2.191059531,-5.012895076,1.833937365,2.201105382,-5.028193526,1.829016547,0.018951942
1609060504.372953176,2.197347009,-5.025343799,1.822822015,2.205538876,-5.038947114,1.816161367,0.017219788
1609060504.428673029,2.206310876,-5.037945698,1.806595688,2.209739791,-5.048827840,1.804245642,0.011649085
1609060504.478152037,2.209209642,-5.050917577,1.793429118,2.213741732,-5.057878791,1.792746741,0.008334505
1609060504.529919147,2.217505591,-5.061575601,1.778869866,2.218180541,-5.066767637,1.780611415,0.005517770
1609060504.581017017,2.217524840,-5.070576508,1.762399964,2.224229530,-5.084263047,1.755061660,0.016915227
1609060504.631231070,2.220115923,-5.082854819,1.747334239,2.227282661,-5.092436384,1.742189888,0.013024319
1609060504.682337999,2.225403987,-5.092797416,1.731069876,2.229689811,-5.100100306,1.729740215,0.008571376
1609060504.729389191,2.226387903,-5.103123763,1.716204113,2.231868833,-5.107703037,1.716600027,0.007153117
1609060504.781613111,2.227749111,-5.113814766,1.701058207,2.232605624,-5.115397426,1.704476617,0.006146223
1609060504.830829144,2.228337540,-5.120920817,1.687451398,2.232912142,-5.129815051,1.680873793,0.011970767
1609060504.881592989,2.227264440,-5.127252533,1.673735954,2.232458809,-5.136552181,1.669604291,0.011425216
1609060504.929919004,2.226852079,-5.135407545,1.660949596,2.231508891,-5.143125380,1.658911742,0.009241413
1609060504.979718208,2.224598748,-5.143811725,1.647621072,2.230089493,-5.149392448,1.647730544,0.007829734
1609060505.031477213,2.222088154,-5.151299332,1.632914045,2.228025662,-5.155438672,1.637366654,0.008497874
1609060505.083100080,2.218687745,-5.158487894,1.618017567,2.222447071,-5.167626639,1.615805945,0.010126227
1609060505.129166126,2.215889377,-5.164945860,1.606193261,2.218833393,-5.173024941,1.606420973,0.008601781
1609060505.179536104,2.207329738,-5.170796401,1.594332541,2.214019420,-5.179113933,1.596495301,0.010890855
1609060505.229914188,2.202018084,-5.177877741,1.581336120,2.208788005,-5.185298527,1.587093144,0.011577703
1609060505.288335085,2.194426817,-5.188119683,1.568042184,2.196975499,-5.196991064,1.568267868,0.009232991
1609060505.329346180,2.188892650,-5.194472090,1.559180287,2.189959832,-5.203088405,1.559896877,0.008711674
1609060505.378872156,2.179227750,-5.200788009,1.551065746,2.182170065,-5.209262077,1.551427438,0.008977632
1609060505.430555105,2.172690770,-5.208212623,1.540899338,2.174908205,-5.214993430,1.543457146,0.007578835
1609060505.479947090,2.164038890,-5.214065934,1.530916041,2.167630549,-5.220849735,1.534713497,0.008563915
1609060505.532739162,2.157921846,-5.221747570,1.520721556,2.159774396,-5.227257937,1.525592767,0.007584509
1609060505.582180977,2.145636510,-5.230895526,1.510752255,2.142667173,-5.239890272,1.508934878,0.009644961
1609060505.672855139,2.127487328,-5.246879642,1.491424422,2.127134200,-5.251997530,1.490778222,0.005170595
1609060505.743427038,2.113871473,-5.258156205,1.473804440,2.111749490,-5.264329664,1.469306137,0.007927745
1609060505.785398006,2.108405046,-5.264725529,1.462638568,2.105622276,-5.269352277,1.458356963,0.006890772
1609060505.830541134,2.100758762,-5.270972744,1.452016173,2.099587683,-5.274465517,1.446778556,0.006403399
1609060505.880026102,2.095768287,-5.277920834,1.437977743,2.094147937,-5.279075014,1.435299732,0.003336077
1609060505.928045988,2.091531982,-5.284022011,1.423766843,2.089004406,-5.283706028,1.422459917,0.002862960
1609060505.980888128,2.084080018,-5.290988403,1.406653989,2.084048041,-5.287981753,1.408917819,0.003763760
1609060506.030166149,2.078968897,-5.296650682,1.389996208,2.079702151,-5.292415089,1.395330002,0.006850348
1609060506.082507133,2.072841010,-5.302091276,1.370934315,2.075404168,-5.296871806,1.380647769,0.011320946
1609060506.131301165,2.069663327,-5.306428125,1.352995641,2.070236269,-5.303733037,1.350404762,0.003782118
1609060506.181574106,2.067202079,-5.310454537,1.333708357,2.068540886,-5.307173654,1.334855021,0.003724437
1609060506.229834080,2.068048033,-5.314138124,1.314454900,2.067620044,-5.309989181,1.318572406,0.005860952
1609060506.283174038,2.063577410,-5.316684029,1.293339694,2.066595555,-5.312673865,1.303211049,0.011074036
1609060506.329013109,2.064936659,-5.319516556,1.276046857,2.065768412,-5.315564746,1.286953986,0.011630738
1609060506.381528139,2.062136189,-5.321970155,1.260086352,2.066810378,-5.321458667,1.256959631,0.005646773
1609060506.429151058,2.064722228,-5.325548356,1.245559598,2.067743253,-5.324013964,1.244029942,0.003717634
1609060506.479460001,2.063323952,-5.327141871,1.231168260,2.068418454,-5.326436365,1.231975622,0.005206104
1609060506.528196096,2.065993608,-5.329851888,1.217640664,2.069284775,-5.329207694,1.219640627,0.003904691
1609060506.575851202,2.066930668,-5.333375894,1.204207927,2.070615229,-5.331903075,1.208148772,0.005592446
1609060506.625441074,2.071279629,-5.336204605,1.191515818,2.073517564,-5.337746999,1.186320255,0.005863550
1609060506.676068068,2.071152065,-5.341966902,1.177969986,2.074891216,-5.340844543,1.176667130,0.004115626
1609060506.725394011,2.075229822,-5.346282948,1.166585424,2.076531009,-5.344410528,1.167091903,0.002335716
1609060506.773559093,2.074363218,-5.350155194,1.155271973,2.077910283,-5.347837600,1.157588037,0.004828775
1609060506.823841095,2.075718589,-5.355267795,1.143393259,2.079933314,-5.351790695,1.147887331,0.007074661
1609060506.874558210,2.078869968,-5.360297866,1.130538885,2.084317462,-5.360438414,1.127112343,0.006437091
1609060506.971599102,2.082494665,-5.371463081,1.105618048,2.088456419,-5.370377066,1.104817623,0.006112497
1609060507.042611122,2.084549399,-5.377728021,1.083191382,2.093177063,-5.380624646,1.078706807,0.010145858
1609060507.086133003,2.087584971,-5.383553657,1.068183145,2.094926008,-5.386581589,1.063938364,0.009004297
1609060507.130787134,2.088791586,-5.389140892,1.053041020,2.096764115,-5.392497455,1.049551430,0.009327646
1609060507.178247213,2.089026479,-5.395344914,1.036164769,2.098298228,-5.398486868,1.034590930,0.009915350
1609060507.229111195,2.091449291,-5.401978603,1.016130127,2.099973296,-5.405005621,1.017961896,0.009229132
1609060507.282870054,2.092219779,-5.407887054,0.994089562,2.101556902,-5.411370920,1.001660368,0.012515442
1609060507.330032110,2.095849406,-5.414467452,0.974595205,2.103538949,-5.418065166,0.984308004,0.012900042
1609060507.381578207,2.094827499,-5.424209483,0.951682490,2.106294911,-5.432747442,0.948925975,0.014560105
1609060507.430997133,2.098471822,-5.432214186,0.931235713,2.107967864,-5.439937345,0.931670940,0.012247916
1609060507.480647087,2.098734832,-5.443972939,0.910213190,2.108885628,-5.446370808,0.916857655,0.012366784
1609060507.532473087,2.101906980,-5.454149734,0.889935309,2.109153992,-5.454284482,0.900490467,0.012804246
1609060507.581765175,2.103489574,-5.463135816,0.872944160,2.110682339,-5.468657404,0.871576397,0.009170309
1609060507.629183054,2.106779087,-5.472142085,0.857299593,2.111255072,-5.475736420,0.858480166,0.005860669
1609060507.678351164,2.105537079,-5.483759630,0.842815300,2.111666371,-5.482600002,0.847247698,0.007652393
1609060507.730005980,2.108534779,-5.494356047,0.828718066,2.111370104,-5.490156770,0.835603933,0.008549161
1609060507.781391144,2.105523568,-5.504380221,0.814422912,2.111037180,-5.498230371,0.824689110,0.013176320
1609060507.829667091,2.108097722,-5.514100098,0.802349114,2.110277045,-5.505700814,0.815048489,0.015380882
1609060507.882309198,2.105277264,-5.524971523,0.789985900,2.109129957,-5.520064653,0.796793649,0.009233963
1609060507.930590153,2.102049649,-5.532633029,0.780425343,2.107549708,-5.526921568,0.788262900,0.011148934
1609060507.981079102,2.101639900,-5.542432379,0.769799814,2.105950804,-5.533665896,0.780505035,0.014492649
1609060508.029278040,2.098562036,-5.550501214,0.761146238,2.104100821,-5.540358613,0.772093272,0.015918167
1609060508.088443995,2.097456512,-5.560510720,0.749400758,2.099295121,-5.553662293,0.755348921,0.009255381
1609060508.131664038,2.094571213,-5.565606652,0.740800924,2.097304635,-5.559332980,0.747504908,0.009579873
1609060508.179089069,2.092044653,-5.570277423,0.731470193,2.095029141,-5.564894733,0.739120012,0.009818363
1609060508.230317116,2.090626844,-5.576660763,0.721519441,2.092889920,-5.570005486,0.731214191,0.011975074
1609060508.283871174,2.088158355,-5.582855978,0.711299870,2.090782768,-5.574866196,0.722832211,0.014273018
1609060508.331052065,2.086593637,-5.586730351,0.703241209,2.089028555,-5.579449623,0.714471511,0.013603584
1609060508.379541159,2.083729499,-5.590593662,0.694874073,2.084868127,-5.587774672,0.699176808,0.005268464
1609060508.430205107,2.084285540,-5.594484718,0.685412334,2.083191712,-5.591582701,0.691210792,0.006575734
1609060508.482200146,2.078490782,-5.596766885,0.675087744,2.081053181,-5.595160971,0.683637531,0.009068832
1609060508.530605078,2.077814497,-5.599960213,0.665034515,2.079040936,-5.598745720,0.674359027,0.009482915
1609060508.584336042,2.074671275,-5.602927533,0.652735573,2.076390585,-5.603722020,0.655022258,0.002969203
1609060508.630553007,2.075307283,-5.605027837,0.641173640,2.075414083,-5.605966545,0.644746777,0.003695929
1609060508.680194139,2.070167230,-5.607371715,0.627090950,2.074868178,-5.607285105,0.633325085,0.007808384
1609060508.729096174,2.071737213,-5.608535138,0.613495358,2.074331996,-5.608700132,0.621574093,0.008486818
1609060508.780822039,2.071086730,-5.609694008,0.599468574,2.074268861,-5.609514704,0.610940735,0.011906662
1609060508.873443127,2.073279225,-5.610094769,0.571912189,2.075651890,-5.610539071,0.587602717,0.015875126
1609060508.941129208,2.078092393,-5.610915532,0.551265431,2.077570081,-5.611849200,0.561998202,0.010785959
1609060508.986562014,2.075501747,-5.613167853,0.536516248,2.078481596,-5.612329133,0.549100015,0.012958940
1609060509.031994104,2.072270149,-5.611809234,0.524221984,2.078947145,-5.612611181,0.536534692,0.014029546
1609060509.076798201,2.074080157,-5.612119530,0.511472843,2.081054369,-5.612893020,0.513152367,0.007215173
1609060509.122907162,2.074239399,-5.612429395,0.498681745,2.082524033,-5.613001176,0.502947282,0.009335787
1609060509.176576138,2.075420319,-5.612417875,0.484623583,2.083671370,-5.612734658,0.492208300,0.011211964
1609060509.223483086,2.077563033,-5.612380106,0.472568013,2.084468902,-5.612635787,0.481213679,0.011068150
1609060509.276262999,2.076533050,-5.611409319,0.457730099,2.085186029,-5.612933584,0.470555306,0.015546168
1609060509.324488163,2.078607110,-5.611474816,0.444503742,2.086388171,-5.613250793,0.448497319,0.008924553
1609060509.372967005,2.076562960,-5.613307034,0.431040263,2.086746301,-5.613467937,0.435990786,0.011324045
1609060509.424610138,2.077893926,-5.614221222,0.416406202,2.086316458,-5.613762499,0.423790171,0.011210374
1609060509.473656178,2.077548479,-5.613825637,0.404620750,2.085822491,-5.614524517,0.411039444,0.010495111
1609060509.524735212,2.078233134,-5.615534344,0.389857530,2.084409384,-5.615120250,0.398467103,0.010603881
1609060509.575262070,2.072443539,-5.614867608,0.373028068,2.082717235,-5.616834432,0.384891555,0.015816433
1609060509.623697042,2.072232465,-5.616818389,0.358380450,2.078969137,-5.619701222,0.357711249,0.007358078
1609060509.675162077,2.068863412,-5.620199324,0.341376456,2.076782586,-5.620972570,0.344272964,0.008467643
1609060509.723975182,2.069286495,-5.621822394,0.326483982,2.074739287,-5.621943460,0.331290241,0.007269644
1609060509.774631023,2.066490428,-5.623585547,0.313309224,2.072798286,-5.622852202,0.318681572,0.008317992
1609060509.830249071,2.066215309,-5.625849283,0.296622703,2.067091159,-5.625466086,0.293287299,0.003469707
1609060509.879842043,2.062059467,-5.626434035,0.278616136,2.064497159,-5.627194447,0.280076865,0.002941819
1609060509.929027081,2.061821210,-5.628079885,0.263371377,2.062442927,-5.627450991,0.267502748,0.004224958
1609060509.978571177,2.057137651,-5.631966919,0.246104830,2.059435242,-5.628648853,0.255802110,0.010503606
1609060510.031541109,2.054660194,-5.635242852,0.229650868,2.054746786,-5.630608844,0.243812767,0.014901037
1609060510.084635019,2.042280729,-5.636573249,0.214874449,2.045230007,-5.634931152,0.220813650,0.006831459
1609060510.131839991,2.035935396,-5.636252060,0.201497503,2.040934944,-5.636895434,0.209410775,0.009382392
1609060510.181102991,2.033074648,-5.638511794,0.186745714,2.036871578,-5.639278951,0.197042624,0.011001435
1609060510.229454041,2.025461220,-5.640149435,0.172704829,2.032917117,-5.640920399,0.184968453,0.014372935
1609060510.282863140,2.021626607,-5.641748928,0.155215633,2.029363045,-5.642651566,0.172578806,0.019030160
1609060510.329972982,2.017660862,-5.644131892,0.140196384,2.021167897,-5.646106310,0.147754915,0.008563236
1609060510.380298138,2.011877281,-5.647796038,0.124499616,2.017516178,-5.647085295,0.135121015,0.012046428
1609060510.428771019,2.008874920,-5.648806952,0.109283663,2.014008994,-5.648325625,0.123160827,0.014804258
1609060510.478412151,2.003095321,-5.650176115,0.094123268,2.010195343,-5.650253201,0.111573074,0.018839108
1609060510.531696081,1.997927946,-5.653538502,0.076116952,2.005969609,-5.652004616,0.100053423,0.025297743
1609060510.584844112,1.992317568,-5.657171790,0.056695941,1.997106833,-5.656401343,0.076851155,0.020730732
1609060510.630853176,1.989494531,-5.660762302,0.041227776,1.992032837,-5.659060010,0.065392139,0.024356872
1609060510.681565046,1.979279650,-5.661567140,0.034442643,1.988080387,-5.661771706,0.053146892,0.020672294
1609060510.728801012,1.976552456,-5.664830295,0.020748685,1.984336306,-5.664557948,0.041945150,0.022582131
1609060510.782432079,1.974813428,-5.667603748,0.006781619,1.981874480,-5.667152143,0.032409660,0.026586818
1609060510.829675198,1.983212392,-5.661683561,0.010475259,1.988051513,-5.662985488,0.033439670,0.023504814
1609060510.881379128,1.981027569,-5.661729626,0.008421235,1.989558554,-5.662504261,0.028374574,0.021714362
1609060510.930631161,1.985011996,-5.660504571,0.002556236,1.992795235,-5.661190194,0.024978329,0.023744456
1609060510.983911991,1.994041029,-5.652034281,0.009540363,1.995167153,-5.656531266,0.026195738,0.017288509
1609060511.029888153,1.998367995,-5.649793801,0.008650741,1.996506724,-5.652999599,0.025823881,0.017568672
1609060511.082311153,1.991761144,-5.647277585,0.005143537,1.997334809,-5.645216069,0.024017111,0.019787050
1609060511.128465176,1.994653206,-5.645382996,0.004889712,1.994387077,-5.643668134,0.024149949,0.019338260
1609060511.178915977,1.992056399,-5.641360213,0.002973851,1.993796987,-5.642053609,0.024149340,0.021258217
1609060511.230607033,1.990564613,-5.641646987,0.003714429,1.994393331,-5.640481380,0.024072053,0.020747302
1609060511.283373117,1.991657726,-5.642369538,0.002776129,1.995036974,-5.640329502,0.024208418,0.021792752
1609060511.330246210,1.993041546,-5.640925124,0.003139884,1.994532430,-5.642142627,0.024073979,0.021022403
1609060511.382980108,1.995395640,-5.642761293,0.001829213,1.995380163,-5.643085298,0.024118753,0.022291900
1609060511.424667120,1.998142371,-5.643718682,0.000783569,1.996135075,-5.644282700,0.024306823,0.023615479
1609060511.474285126,1.996258264,-5.645543275,-0.000563167,1.995889021,-5.645291175,0.024388039,0.024955211
1609060511.522655010,1.999026505,-5.646084875,-0.001622717,1.996064824,-5.646020363,0.024607022,0.026396495
1609060511.576474190,1.998784623,-5.645146616,-0.000155684,1.996853870,-5.646895609,0.024414930,0.024708336
1609060511.625574112,2.000278392,-5.645161359,-0.000662228,1.996648570,-5.647257669,0.024338779,0.025349960
1609060511.672990084,1.997215993,-5.644256447,-0.001431518,1.996332803,-5.646972234,0.024637620,0.026225092
1609060511.724516153,1.999073202,-5.643862848,-0.001969724,1.996448760,-5.646883178,0.024638888,0.026907775
1609060511.774074078,1.998746675,-5.642270749,-0.002753665,1.996756005,-5.646754286,0.024694503,0.027883092
1609060511.824729204,2.001010521,-5.641758687,-0.003121311,1.996695135,-5.647102481,0.024494105,0.028456807
1609060511.873460054,1.998706494,-5.643315835,-0.002378898,1.996638831,-5.647356409,0.024411421,0.027172093
1609060511.923904181,2.001214922,-5.643375716,-0.002836372,1.996852009,-5.647405194,0.024520381,0.027993993
1609060511.975442171,1.997120139,-5.641155911,-0.002793369,1.996976911,-5.647631830,0.024485706,0.028037581
1609060512.022669077,1.998580610,-5.641266275,-0.002837416,1.996893873,-5.647979673,0.024498660,0.028198862
1609060512.075103045,1.999962278,-5.639878956,-0.003374680,1.996965569,-5.648194747,0.024531368,0.029272515
1609060512.126736164,2.002475195,-5.639767054,-0.003362343,1.997159648,-5.648309710,0.024382292,0.029512655
1609060512.173801184,1.999529005,-5.639421835,-0.005185371,1.997159300,-5.648317929,0.024371981,0.030957924
1609060512.223273039,2.002008837,-5.639232537,-0.005738937,1.997090612,-5.648386167,0.024351159,0.031833814
1609060512.274697065,1.997836289,-5.639065829,-0.004777945,1.997140660,-5.648485465,0.024555260,0.030816397
1609060512.323801994,1.998204862,-5.639823459,-0.005080541,1.997202819,-5.648722068,0.024569451,0.030972752
1609060512.374632120,1.999154978,-5.640387229,-0.005384868,1.997118797,-5.648791186,0.024562588,0.031170862
1609060512.423748016,1.998131408,-5.641604948,-0.004134050,1.997266055,-5.648996546,0.024533488,0.029617769
1609060512.475403070,1.998221402,-5.643027325,-0.003424707,1.997362071,-5.649115691,0.024475553,0.028569760
1609060512.522479057,2.000241712,-5.643224814,-0.003176359,1.997313400,-5.649045040,0.024424010,0.028358957
1609060512.575136185,1.996839947,-5.643388568,-0.002449397,1.996859013,-5.647956271,0.024563323,0.027396191
1609060512.624689102,1.997944486,-5.642353483,-0.001670310,1.995671465,-5.644375918,0.024260348,0.026108541
1609060512.673336029,1.994434755,-5.638791733,-0.001365672,1.994954831,-5.642458604,0.024012629,0.025647116
1609060512.723724127,1.995424869,-5.637180332,-0.000888068,1.994292615,-5.640429225,0.023856694,0.024982805
1609060512.773655176,1.991645264,-5.637241550,0.000061697,1.993592640,-5.639008097,0.023713618,0.023797613
1609060512.826208115,1.992941784,-5.636618440,0.000752933,1.993180814,-5.637650445,0.023777772,0.023049195
1609060512.874486208,1.988866226,-5.634352341,0.001204035,1.992937112,-5.636928212,0.023807826,0.023111439
1609060512.923703194,1.990639330,-5.634959097,0.002029639,1.993122488,-5.637137427,0.023736133,0.021956390
1609060512.974423170,1.988376451,-5.635922855,0.001774199,1.993267576,-5.637788002,0.023896132,0.022732834
1609060513.023060083,1.990104044,-5.636771166,0.002473126,1.993707452,-5.638602929,0.023934877,0.021839108
1609060513.077083111,1.987352075,-5.638692890,0.003144269,1.994011881,-5.639532840,0.023766825,0.021687517
1609060513.125016212,1.989400234,-5.639924611,0.003578620,1.994523582,-5.640728043,0.023815022,0.020890337
1609060513.173258066,1.988309590,-5.638750241,0.004729904,1.994662410,-5.641182944,0.023852781,0.020296818
1609060513.225908041,1.991204694,-5.639384435,0.005225162,1.994850951,-5.641422861,0.023929267,0.019164914
1609060513.277425051,1.990095687,-5.638593949,0.004955927,1.994747128,-5.641276095,0.023839651,0.019632240
1609060513.376724005,1.989072177,-5.639533449,0.004955614,1.994324512,-5.640257712,0.023856600,0.019630559
1609060513.424143076,1.988319887,-5.636954001,0.004930271,1.994255890,-5.639853782,0.023874703,0.020063308
1609060513.474897146,1.989084314,-5.635599699,0.004526158,1.994074367,-5.639613213,0.023792155,0.020302403
1609060513.524019003,1.988864330,-5.636436579,0.004083840,1.993925727,-5.639370653,0.023679807,0.020450634
1609060513.574426174,1.989544953,-5.636663540,0.003011940,1.994041769,-5.639066676,0.023577537,0.021188210
1609060513.626206160,1.991698511,-5.636763511,0.002528028,1.993853444,-5.638898760,0.023789656,0.021476962
1609060513.674419165,1.990469468,-5.636739174,0.002811158,1.993749668,-5.638811920,0.023622284,0.021169765
1609060513.723834038,1.993185769,-5.636462945,0.002504748,1.993568985,-5.638445677,0.023701885,0.021293113
1609060513.774116993,1.991926120,-5.633671643,0.002895678,1.993357313,-5.637884475,0.023682645,0.021257804
1609060513.823392153,1.994612609,-5.632617023,0.002730312,1.993333066,-5.637091844,0.023778967,0.021557067
1609060513.879414082,1.991627970,-5.631824921,0.002188343,1.992379657,-5.635314080,0.023965912,0.022068117
1609060513.923260212,1.993992105,-5.630817874,0.002006913,1.992304750,-5.634453268,0.024009509,0.022364649
1609060513.974857092,1.991265399,-5.627698173,0.000899649,1.992098671,-5.633905100,0.024159026,0.024087734
1609060514.024241209,1.993614871,-5.626678792,0.000618576,1.991760906,-5.633522798,0.023840866,0.024280700
1609060514.073918104,1.992045719,-5.628257588,0.000105924,1.991636191,-5.633097941,0.023750306,0.024138217
1609060514.127549171,1.994900169,-5.628168505,-0.000254565,1.991584269,-5.632920093,0.023841015,0.024782448
1609060514.172559023,1.991971121,-5.629521524,0.000022899,1.991679525,-5.633268241,0.023868968,0.024140380
1609060514.223515034,1.994514644,-5.630388974,-0.000225929,1.991707083,-5.633700620,0.024045464,0.024656640
