timestamp,x,y,z
1609060363.469352007,0.00035264717933358725,-0.0001282879259925096,-0.0001558170874886855
1609060363.517702103,0.000266304851788135,2.4603507235099187e-05,-3.2764293141696044e-05
1609060363.568032980,0.0002739580168125144,2.328792620431841e-05,-4.331570308835353e-05
1609060363.616620064,0.00045512207472597765,4.5726235470056054e-05,-0.00020609191941645122
1609060363.669232130,0.00032282394991156593,-4.835675394687655e-05,6.751014144157352e-06
1609060363.717437983,0.00030915808973475123,-5.691694340015374e-05,7.879818777922765e-06
1609060363.769133091,0.00031307735710939255,-5.683062420303031e-05,3.7103237353619534e-06
1609060363.816621065,0.0003575674280220653,-0.00011900956941346408,-0.000146163293024415
1609060363.869219065,0.000265599040982778,1.98402431692557e-05,-3.972176357791568e-05
1609060363.918718100,0.0004509867422903824,3.452476419596451e-05,3.8897139020832583e-07
1609060363.968429089,0.0002723446777359584,2.0769905731299332e-05,-4.562989885315005e-05
1609060364.018787146,0.0003640117142147403,-0.0001240761127618839,-0.00016147525583320999
1609060364.067788124,0.0002680836439452605,2.240875119596808e-05,-3.8283641764280674e-05
1609060364.119420052,0.00032720979574918374,-4.440572008590493e-05,8.343179164427283e-06
1609060364.166568995,0.00025903207316702037,1.883027935178916e-05,-3.414046495819889e-05
1609060364.220535994,0.0003517395209762242,-0.00012312619964660598,-0.0001464386130010098
1609060364.269806147,0.0004495158196000659,6.555593262547177e-05,-0.00016773234202460685
1609060364.317873001,0.0004109113341108639,0.00012063142943219418,-3.586337932404149e-05
1609060364.369445086,0.0005069739817820107,-2.2316880865957955e-05,-0.00015346117010395233
1609060364.418934107,0.00030265638762116964,-5.280561029152864e-05,-0.00019841619947769118
1609060364.470550060,0.00030629008856664086,-5.947172562059677e-05,-0.0002132346770657989
1609060364.516581059,0.00032021479135124764,-6.159993650101114e-05,-0.00023200142153712022
1609060364.568826199,0.00027038610069851643,4.299588582057368e-06,-7.021722455746726e-05
1609060364.618486166,0.00036437177483605865,-0.0001460969858833039,2.249634530571143e-05
1609060364.666870117,0.00040341468703175565,9.136430331579959e-05,-7.513797912039877e-05
1609060364.718618155,0.00047340460691813746,3.116560006333202e-05,-2.971548494912213e-05
1609060364.766618013,0.00031050291640610794,-4.6423631701486556e-05,-0.00019668258774885317
1609060364.816910982,0.0003883766399397359,0.00011131275366693671,-2.62140642206532e-05
1609060364.866990089,0.00029033297299108085,-3.37319413930004e-05,-0.00015389798510057062
1609060364.917939186,0.00031777943369704076,-3.316056936952805e-05,3.6970371212419195e-05
1609060364.968490124,0.0002523303739216942,3.330159625392071e-05,-3.2757418821915962e-06
1609060365.018791199,0.00034857545217548136,-0.00011244901358864468,-0.0001256242533713703
1609060365.069586039,0.0003491532890151916,-0.00011034051520297794,-0.00012283633830278973
1609060365.116973162,0.00029494222274095705,-4.107720916479707e-05,-0.00017089187178598308
1609060365.167543173,0.00045723255941609864,-5.045884070398188e-05,-0.00014445687229880377
1609060365.216737032,0.00048448119725819083,-5.6315520563288146e-05,-0.00018392777545628292
1609060365.269127131,0.000390576041549906,0.00011034269971688104,-0.00025032784905576477
1609060365.317117214,0.00011421565864466743,-8.305757938131819e-05,-4.032277819376873e-05
1609060365.368606091,6.503508454613893e-05,-7.115128219936651e-07,-7.266891956803079e-05
1609060365.419071198,6.436940795850887e-05,-1.3129511611253974e-05,-9.209858302838825e-05
1609060365.467614174,0.00011105981321435365,-8.932666620253826e-05,-4.703094744584746e-05
1609060365.520151138,9.900858595557338e-05,-6.014821285660332e-05,1.359445947457516e-05
1609060365.568042040,0.0006721483628915337,8.775273641958847e-06,-6.448347592780124e-05
1609060365.618832111,0.000682030628833985,1.24362571547465e-05,-6.940587864434633e-05
1609060365.668703079,0.0003906765218246733,0.00012473064554541224,-6.957769237203593e-06
1609060365.716791153,0.00016693887646823669,8.451623531158248e-05,-4.634872663800138e-05
1609060365.768277168,5.3714213606781414e-05,-4.96170819985764e-07,-5.987070535695693e-05
1609060365.817838192,0.00016265724700303963,-0.00015714899134167126,6.2380803171890875e-06
1609060365.869102001,-0.00013098840287995017,-4.177111709324777e-05,-0.0001439031027850035
1609060365.915625095,0.00011945320305883911,-8.705255350704988e-05,-5.256821134835832e-05
1609060365.967102051,0.00020540680850089643,-0.00023271637762078967,-0.00016345870337985957
1609060366.017361164,0.00035408037841833107,-0.00011855822197048838,-0.00014159616764075622
1609060366.071130037,0.0005447096090307468,-8.94970763916092e-05,-8.390736693542067e-05
1609060366.166268110,0.0003841169357343688,-0.00017654535210454014,-4.865078608062845e-05
1609060366.217751026,8.78841174021261e-05,-0.0003689095250543062,-3.522854737880721e-05
1609060366.266285181,9.267846308347316e-05,-5.980535593153036e-05,2.1111830484699112e-05
1609060366.319833040,-4.725203233846287e-05,4.018004018035981e-05,0.0001171958264549744
1609060366.368166208,-0.00010837273390151836,-9.102369426017276e-05,-2.8615637081230716e-05
1609060366.417719126,0.00024261535240555077,-0.0002878342244159171,0.0001463796922323013
1609060366.467580080,-3.4001913697068176e-05,-0.00016690726281609614,-1.347689141795172e-05
1609060366.517288208,0.00023642895220632454,-0.00029624314526799367,-8.059104012758667e-05
1609060366.569877148,0.0003933885707887441,0.00012456770459223776,-1.0204484208742315e-05
1609060366.617144108,0.00038527513002506453,-0.0003099611040688899,0.00017370597285548683
1609060366.668351173,0.0004037915933849945,0.00011057885997090011,0.0001757665771968675
1609060366.715952158,-0.0006138540077316179,-6.0705043374298384e-05,0.0003563390777721054
1609060366.768293142,-0.0003061246573317078,-0.00044638415435116485,5.2128340737311873e-05
1609060366.818122149,0.001024256044452443,0.00013784406185024523,-2.1975543322838575e-05
1609060366.867343187,0.0004181423872999801,0.0001520649765787141,0.00022734388726775023
1609060366.917598009,-0.0003256351955300829,-6.257649947372101e-05,0.00047660886166767114
1609060366.967342138,0.001656293231423689,-7.127157293496111e-05,4.414665860252853e-05
1609060367.018635988,0.0008021649882046233,0.00034147842353959845,0.000332733362089499
1609060367.066863060,-0.0005909137874944292,8.62311280549477e-05,0.00100994798056675
1609060367.120592117,0.00017678220998718075,-0.00014732687366247887,0.00044690033091754344
1609060367.168382168,0.0006980395840052722,7.510646414843336e-05,0.0004549880369140169
1609060367.220067024,-0.0006174611665734631,3.645528361317929e-05,0.0007381892002555901
1609060367.268805027,-0.00038904721927579544,-0.00010927488043321887,0.0006906494310214839
1609060367.316627979,0.00045908056102206274,-6.99373531851677e-05,0.000482253388572218
1609060367.374567032,-1.3172253503057618e-05,-0.0001908654708770996,0.0005850931846929086
1609060367.419722080,7.173763335543981e-05,-2.3966729035151957e-05,0.000762705808607933
1609060367.468986034,0.0007753827923018264,0.00016572923162527786,0.0005170797952587236
1609060367.518623114,0.0010053000679199897,0.00019104492078980684,0.0005254917816053251
1609060367.566896200,0.0008899585501893625,-1.8374315555291787e-05,0.0005324240682824666
1609060367.616783142,0.0010109692433708517,0.00015242221459743632,0.0006766742522543723
1609060367.668950081,0.0007303152380302436,-8.509434192305321e-05,0.00037951522666901383
1609060367.718545198,0.00039758069107875826,-0.0002098063462270261,0.0005429105919958488
1609060367.765889168,0.00010520092705235129,-7.88620547993446e-05,0.0004166493248831671
1609060367.817234993,0.0002429840643891623,1.0138357197320147e-05,0.0004096413192442583
1609060367.868952990,0.00033971312144842614,-0.00014281299970164696,0.0004951902109766593
1609060367.922713995,-0.00014203958527758687,-3.8417188900297106e-05,0.0007541979245182517
1609060367.968739033,-0.001113060762484963,-0.00030598205309928517,0.0011674783190471771
1609060368.018198013,-0.002591340429017208,-0.00046984034707264755,0.0014265570343745537
1609060368.068567038,-0.004485226611716797,-0.0013518417969500263,0.0016373123113275767
1609060368.117814064,-0.007008597477398126,-0.002171046269857868,0.001762191522889367
1609060368.170260191,-0.008981753772005163,-0.002686338719573911,0.0015553487919817144
1609060368.217667103,-0.011817857962359568,-0.0038511142748092198,0.0014639958779021356
1609060368.267811060,-0.012638625494322042,-0.0038526362226463107,0.0014840952024641751
1609060368.318669081,-0.012800729442549397,-0.003916812316116847,0.001998615746543919
1609060368.367310047,-0.012701318502589487,-0.0037570350058047097,0.002368789149162609
1609060368.424607038,-0.01225908453588076,-0.003807544991879297,0.002900940521897155
1609060368.476238012,-0.01011297567089997,-0.002952008709037557,0.0041300698965009985
1609060368.523241997,-0.009622580894308896,-0.0030247445476945245,0.005233767230400588
1609060368.573940992,-0.008666149765385711,-0.002535391430804168,0.006737469938638441
1609060368.625032187,-0.008485328037682649,-0.0018085785616648309,0.00926049338374213
1609060368.676413059,-0.00842687113318874,-0.0005401160375058112,0.013900029063758979
1609060368.725769997,-0.0069806676882500085,0.0013871514940255736,0.02094791598034007
1609060368.777173996,-0.00386305212983018,0.0031643262324045907,0.043774036132525396
1609060368.824648142,-0.003041255714766322,0.004224188670811202,0.06269052366975103
1609060368.875344992,-0.0011048693953092936,0.005573437772515177,0.08307462445289104
1609060368.923364162,0.001111217823275723,0.008267013392813993,0.11001205253541357
1609060368.974891186,0.0016168228126716144,0.00922593456489551,0.13936463595448245
1609060369.023996115,0.006026772286173099,0.014035968531587173,0.20805670646713637
1609060369.076563120,0.005645942515844382,0.0162773519663304,0.25022551441853125
1609060369.122320175,0.0065254301820480975,0.018601496059130085,0.2950049265687653
1609060369.175933123,0.005475034500076248,0.021591195312840483,0.3458362210344248
1609060369.225181103,0.004460880176381465,0.025012164003417325,0.4001676670335783
1609060369.277878046,0.0036705171543687243,0.03154468101416441,0.5143573048069143
1609060369.325048208,0.0022248438820753336,0.035987752546926544,0.5767992605161112
1609060369.375655174,0.0009863447157698602,0.03915132877208194,0.6397723795275105
1609060369.423925161,-0.0011160028173549108,0.04231462285802934,0.7050789968135192
1609060369.476325035,-0.004156336505339198,0.04525747013008896,0.7745131210352838
1609060369.526211023,-0.010900537680939237,0.05029164871890757,0.9090769173020554
1609060369.576457024,-0.016939147766766638,0.05189695630017965,0.9799905399612783
1609060369.624904156,-0.022175154454551205,0.051526789209351165,1.0470432312413713
1609060369.676457167,-0.027673429160188334,0.05077176066196287,1.1130425409887756
1609060369.724966049,-0.032117920829154656,0.05016301247846755,1.1771153610697986
1609060369.776529074,-0.035790957623351716,0.04661975745888469,1.23932618932578
1609060369.824362040,-0.04831565629704926,0.04141013256877457,1.3625494453561426
1609060369.874984980,-0.05333090295644993,0.03647450120483242,1.4202546903590356
1609060369.922994137,-0.05867836091151091,0.03219839428298599,1.477099827897801
1609060369.973376989,-0.06508383143030372,0.023966200699611306,1.5326180703962073
1609060370.024846077,-0.07237762844333417,0.016004411651667994,1.5881924752026588
1609060370.077591181,-0.0834313696738036,-0.004630553801089121,1.6925310603366324
1609060370.131295204,-0.08978741585239547,-0.014949260403227527,1.7453256426216015
1609060370.176069021,-0.09686956731377805,-0.026482979885475544,1.7976834072318777
1609060370.225593090,-0.10363168269506673,-0.03895200672124943,1.8505052501184078
1609060370.274984121,-0.11009741330225253,-0.05276027182882714,1.902116487937242
1609060370.332502127,-0.12595745131417146,-0.0821647412512938,2.012235544087563
1609060370.379465103,-0.1321463664226421,-0.0976391122798006,2.0642909966369682
1609060370.424487114,-0.13897015763532394,-0.11362046720193675,2.114148902724285
1609060370.475898027,-0.14669564723618223,-0.13020481101894532,2.1651474508900694
1609060370.524448156,-0.1533788969486949,-0.1461806214221717,2.2180562714394565
1609060370.576019049,-0.160283271085909,-0.1617570853892687,2.2711504430823357
1609060370.625375986,-0.1764516128849145,-0.19399280584303824,2.3753286851218274
1609060370.675712109,-0.18437759801884468,-0.2092354342135323,2.429577604471696
1609060370.723781109,-0.19108344405913869,-0.223693644563415,2.478888959719768
1609060370.775207043,-0.2005688079926813,-0.23891726518756684,2.530510874976141
1609060370.824608088,-0.2104452225772384,-0.25299301164241683,2.5799528389144815
1609060370.877348185,-0.2239002283123277,-0.28056761108536676,2.6657640526311113
1609060370.923455000,-0.23259766288344252,-0.29402137870035006,2.705369191486369
1609060370.976181030,-0.24082734077215662,-0.3064443074644103,2.742874946861013
1609060371.024459124,-0.24839582420606732,-0.31808617076012524,2.778800117074235
1609060371.076410055,-0.2553543680215675,-0.32978916642357703,2.8126022676012
1609060371.125555992,-0.2629403831512924,-0.34147972000721083,2.843007667313433
1609060371.175806999,-0.27682806516071423,-0.36316440264251426,2.9045198433809247
1609060371.226459980,-0.2828552115904479,-0.37374324736525466,2.9318247664681003
1609060371.275564194,-0.29011046212857394,-0.3844112332448333,2.9596353177888197
1609060371.322875023,-0.29587190042401446,-0.394180165333875,2.985678749759197
1609060371.381882191,-0.3062656026242081,-0.41401199916144904,3.0357878746559503
1609060371.425695181,-0.3120943681314081,-0.42420256296200876,3.06071013407562
1609060371.476238012,-0.31626627020421694,-0.43372993006835614,3.0849634877551484
1609060371.523342133,-0.3202624027945866,-0.4429433245821919,3.108590963639436
1609060371.576235056,-0.3248507738475723,-0.45309660864279877,3.1332946277886204
1609060371.625576019,-0.3291308567367395,-0.4623286521027907,3.1576018777771733
1609060371.677156210,-0.33609109886962685,-0.481092747720254,3.210284976330442
1609060371.723249197,-0.33891917703907026,-0.49010675078844557,3.2318284423967203
1609060371.773763180,-0.34197764057688573,-0.49935882713721824,3.255331404642318
1609060371.824518204,-0.3442284588807354,-0.5078455172825542,3.2766489670404564
1609060371.877555132,-0.3469925894278383,-0.517474065969715,3.2985392344056415
1609060371.924982071,-0.3527429797169219,-0.53476609250324,3.344503812256235
1609060371.975533009,-0.35577826932390266,-0.5429459842537661,3.3699885728717263
1609060372.022653103,-0.35843125796607467,-0.5509767547613968,3.3971102609313437
1609060372.076374054,-0.36085449241541667,-0.5591065650289373,3.4305921328072966
1609060372.125910997,-0.3633837614637514,-0.5669077632842416,3.4638882339090777
1609060372.175580978,-0.3698596391862914,-0.5858701743207568,3.5272734906305985
1609060372.223182201,-0.3748361929176909,-0.595417886335575,3.557009097783583
1609060372.275930166,-0.3808669209575264,-0.6048973576078964,3.5820630650771736
1609060372.325079203,-0.3880012816467655,-0.6153049578030938,3.606595966974405
1609060372.376758099,-0.3945221274390711,-0.6251919306736049,3.628419745939791
1609060372.429697990,-0.406105728781732,-0.6437901960797277,3.6591287716605407
1609060372.476099014,-0.4134185616034074,-0.6537398300266481,3.670040610388247
1609060372.524174213,-0.42193408105674024,-0.6635887134800136,3.6791572189991406
1609060372.576766014,-0.43216016801608603,-0.6743085768632184,3.687114133732905
1609060372.625241041,-0.4441385225587524,-0.6857488805142751,3.6929447025308093
1609060372.677778006,-0.47218236171062244,-0.709984860112101,3.7008637356871574
1609060372.722868204,-0.4872708713304874,-0.7219738997006964,3.7029164087383695
1609060372.775847197,-0.505848082501771,-0.7357617435207366,3.7042562715288323
1609060372.825339079,-0.5260699835244331,-0.7502953471353919,3.704633878491803
1609060372.877873182,-0.547754742236453,-0.7649507966765832,3.7045186558215786
1609060372.926480055,-0.5934200717663174,-0.7957609261354719,3.7036770417985743
1609060372.973802090,-0.6208972794168552,-0.8134889923814086,3.7029931525515227
1609060373.024542093,-0.6465259921620685,-0.8289634084804831,3.7018298611619347
1609060373.076001167,-0.6752895203417246,-0.8460268147141115,3.700759305961501
1609060373.124036074,-0.709971378422857,-0.8673457658701906,3.6995767461383533
1609060373.180086136,-0.7766862764717821,-0.9058318424598575,3.6972161062031272
1609060373.223744154,-0.8099203878901342,-0.9242438345993129,3.696345569952097
1609060373.277434111,-0.8480779783752439,-0.9455956004954444,3.6953095790197175
1609060373.323575020,-0.8866608758629511,-0.9666544435409818,3.6940191472258253
1609060373.374325037,-0.9278866461113608,-0.9894122511219727,3.6930972530796655
1609060373.424693108,-0.9688980010281867,-1.0118005487324702,3.6916890480072997
1609060373.477025032,-1.0518795504651877,-1.0568838162816583,3.688286606995735
1609060373.523668051,-1.094512316819344,-1.079666570435478,3.687373345225682
1609060373.575177193,-1.1379133411835873,-1.1017310433528067,3.6865233915010016
1609060373.624744177,-1.1811151135715647,-1.1250593837843184,3.6859820542277433
1609060373.678225040,-1.2268907790418737,-1.149619171619669,3.6859435462417913
1609060373.725805044,-1.3130019361334249,-1.195014514090957,3.6862107980690713
1609060373.776236057,-1.3557290323631008,-1.2181543107179031,3.685770351789275
1609060373.823961020,-1.399104198928498,-1.2403649883941732,3.687241232982677
1609060373.877856016,-1.4423530076322564,-1.2629005037746914,3.6877848234458757
1609060373.925863981,-1.484444625173257,-1.2852112531510294,3.6879993522564494
1609060373.976363182,-1.5674143081518181,-1.3287082885339103,3.687688001496502
1609060374.024655104,-1.6072141286318917,-1.3483917284650389,3.687128827125644
1609060374.074808121,-1.6490235576832326,-1.3698943801849204,3.6869983113791953
1609060374.125483036,-1.6855740683677496,-1.3880507971119194,3.6863817212732073
1609060374.175988197,-1.7232390039465066,-1.4075461380474366,3.6868358621800947
1609060374.224302053,-1.7979178758333703,-1.4448657975175756,3.687996877066313
1609060374.275952101,-1.8350565864308983,-1.4638493655581222,3.689566787502544
1609060374.324405193,-1.8689659251847281,-1.481263361928196,3.690706180163044
1609060374.377850056,-1.9035701778760412,-1.4991972351251164,3.6917363138082457
1609060374.432549000,-1.9684800024329085,-1.5320207435857434,3.69449984606811
1609060374.480001211,-1.9975981200153576,-1.546545849929462,3.695615118426524
1609060374.523640156,-2.0260251941628553,-1.5611687288618405,3.6968870699088434
1609060374.575245142,-2.057039284469788,-1.5769322619135586,3.697876190897958
1609060374.626283169,-2.0837482785296473,-1.5909102049537722,3.698962254412958
1609060374.675654173,-2.1107788324595695,-1.6048986735156596,3.7000568636127547
1609060374.723823071,-2.167963862954487,-1.6344826764352263,3.703121747651064
1609060374.773189068,-2.1960335452359594,-1.6487927228024795,3.705156371861504
1609060374.824628115,-2.2221486943100146,-1.6627123110247979,3.706574628823592
1609060374.877428055,-2.248622865242467,-1.676677160761674,3.7082627570889617
1609060374.925567150,-2.27452033978593,-1.6899746311190391,3.7098692227862475
1609060374.975277185,-2.3289531649032753,-1.7190494859754786,3.7120642749274797
1609060375.024696112,-2.3552565416852467,-1.7334837178699374,3.712563842619609
1609060375.075798035,-2.380948413955526,-1.7478952743159724,3.713015131735588
1609060375.126281977,-2.4062251167386393,-1.7618056660264578,3.712766708706562
1609060375.176793098,-2.4308352174274397,-1.7756820487242706,3.71239748784501
1609060375.225218058,-2.4820203765000457,-1.8035899364022008,3.7122239302848445
1609060375.275624990,-2.508467545584537,-1.8179743452981043,3.7118097518856352
1609060375.323940992,-2.5351610454133393,-1.8328146815518842,3.7112402690864936
1609060375.377138138,-2.562666613537381,-1.8480455675419662,3.710737089993337
1609060375.425173998,-2.589021183852662,-1.8627510020514926,3.7108337249965526
1609060375.476772070,-2.6444892533174666,-1.893887233815665,3.7101467468683467
1609060375.524785042,-2.6688751459508353,-1.9073983284975817,3.710139740476052
1609060375.575093031,-2.69518190785854,-1.9217346147917311,3.7097869633328635
1609060375.626551151,-2.7213719458233,-1.9365744018694215,3.709420998675956
1609060375.677131176,-2.7484091460722624,-1.9519417652666853,3.7089256356216627
1609060375.728677988,-2.79981962646378,-1.9797431851319196,3.70733520046495
1609060375.773073196,-2.8260898641160566,-1.9940851815982157,3.7061540315968173
1609060375.823648214,-2.8501036185527795,-2.0066857263414875,3.705280716550508
1609060375.876316071,-2.877909843258486,-2.02232808478745,3.704206825453271
1609060375.925800085,-2.904726781789062,-2.037382586917449,3.7027333791231456
1609060375.977324009,-2.955760727165657,-2.0647941384615223,3.6993220322108193
1609060376.024099112,-2.980660313526144,-2.077920129841278,3.6972737389315817
1609060376.076449156,-3.0061030800832995,-2.091799088968923,3.6947229725565354
1609060376.129225016,-3.0301866795356425,-2.1050791790692713,3.6919777571869616
1609060376.176424026,-3.0546859282169905,-2.1183290437725546,3.688399529293944
1609060376.224507093,-3.1032122738501933,-2.1451483394772772,3.680569512794696
1609060376.275020123,-3.127546631962069,-2.1584524612088174,3.676513945926935
1609060376.324153185,-3.1494160543967133,-2.17067677954995,3.671895927713839
1609060376.376890182,-3.172692456491003,-2.1838603396952365,3.666715960354635
1609060376.425126076,-3.1937734600237313,-2.1959107264911353,3.6625831167736482
1609060376.479104042,-3.216467048525196,-2.2089412677085427,3.657648730111701
1609060376.524039984,-3.2585455513595925,-2.2320893809304927,3.6480342708956126
1609060376.576709032,-3.2787996750099957,-2.244184290341856,3.642903744459371
1609060376.624075174,-3.298004063602363,-2.2559870854341035,3.6385339761570066
1609060376.677000999,-3.31651706408946,-2.267522118589458,3.6338435668421525
1609060376.726062059,-3.35238858694699,-2.288325418468183,3.6261462449715793
1609060376.776576996,-3.3703175402488093,-2.2998984883282674,3.6213338974859504
1609060376.825327158,-3.3860669990312395,-2.3104526807355903,3.617051301556666
1609060376.875717163,-3.4017298268714846,-2.3206456966222646,3.612256467204885
1609060376.923955202,-3.417441578466427,-2.3305087901684765,3.6068431743209395
1609060376.978782177,-3.432538953047665,-2.3409909747825353,3.6008953671458475
1609060377.024703026,-3.458459682700937,-2.3585094765964776,3.5898661742120215
1609060377.076284170,-3.4723148733247697,-2.368717367310932,3.583267166708918
1609060377.125343084,-3.4845768417300107,-2.3781043601988117,3.5769543213527406
1609060377.175764084,-3.495520744143235,-2.386644702017616,3.5706164482706484
1609060377.224970102,-3.5064744913866086,-2.395227126350811,3.564232376207924
1609060377.276504040,-3.5266592955507754,-2.4113091166665583,3.550972061445684
1609060377.323620081,-3.5359621958757685,-2.419298587926484,3.5438319648761887
1609060377.372981071,-3.5443583304298443,-2.426236396769486,3.5366412042118114
1609060377.424736977,-3.55261810455735,-2.4338400357743026,3.529068177122122
1609060377.477060080,-3.561006191804829,-2.441770593375473,3.5208419071365125
1609060377.525356054,-3.5757411900253224,-2.456745999198617,3.503795010007291
1609060377.573468208,-3.5830067815420747,-2.4643071902689506,3.4947194752825776
1609060377.624278069,-3.5896917020542283,-2.4720173670230636,3.4854963893102724
1609060377.676570177,-3.5953470522325723,-2.479632414701207,3.4758414728882876
1609060377.724879026,-3.601147778132539,-2.4876591316201733,3.46674326267447
1609060377.775535107,-3.612022970759444,-2.5038804282587037,3.4489510978536053
1609060377.825145006,-3.6164360320327056,-2.511374593975841,3.4401999780434203
1609060377.875771999,-3.621723694030166,-2.5208437001129234,3.4313776025486113
1609060377.924765110,-3.6259658742658054,-2.5296770636279895,3.423360288837257
1609060377.975740194,-3.629583206707629,-2.5392610140238574,3.4148107623101556
1609060378.024561167,-3.635860906473969,-2.5604922278572424,3.399032013178406
1609060378.075357199,-3.638464312897753,-2.572334033404587,3.3908218267422487
1609060378.124582052,-3.640176363241604,-2.5834815223552674,3.3827090753296964
1609060378.174213171,-3.6423428797123876,-2.5967539386867564,3.3730475604696846
1609060378.226052046,-3.644498446787672,-2.6099675037916263,3.36375930566272
1609060378.276415110,-3.6454000006110405,-2.639069769998553,3.3456350120364355
1609060378.324060202,-3.645720148899258,-2.6543342320221193,3.336803951000036
1609060378.373277187,-3.6455222403018404,-2.671898503830217,3.327975134700713
1609060378.423891068,-3.6444044560656508,-2.687688441888831,3.3206355454800516
1609060378.477568150,-3.6425555748546863,-2.706188321292405,3.3129978203213515
1609060378.526171207,-3.6385920692820015,-2.746037331246267,3.2987659275159036
1609060378.574408054,-3.635136456938664,-2.7662031546611914,3.292665219414431
1609060378.623176098,-3.6317902116918184,-2.7872880310997346,3.286938559423769
1609060378.676959991,-3.6280518089690474,-2.8099032962970867,3.281245434368264
1609060378.726022005,-3.6235688069716936,-2.83218328151041,3.2762837889312575
1609060378.776993036,-3.612134116995872,-2.8790552763897814,3.2703100310563684
1609060378.824391127,-3.606332510546949,-2.903467851820988,3.270953812631987
1609060378.877188206,-3.599050066357311,-2.9282650047668994,3.274280360247305
1609060378.925369024,-3.591554964774623,-2.9531933779016235,3.279915292830834
1609060378.976911068,-3.5847657910221535,-2.9804892582411497,3.2863785777176897
1609060379.027352095,-3.568360534902247,-3.0337098377288854,3.3034976411829042
1609060379.074259043,-3.5592302278732006,-3.0617528486222447,3.3137540218775303
1609060379.123567104,-3.550707795437159,-3.0879030995932766,3.323951412999362
1609060379.172895193,-3.5418032190367583,-3.11557330989233,3.3347385124512385
1609060379.223832130,-3.5319753954007957,-3.142700996957842,3.3457936600234905
1609060379.278740168,-3.51252713502387,-3.19974431714747,3.366417698036164
1609060379.324427128,-3.5013392036697937,-3.228234457440035,3.375471174731743
1609060379.373706102,-3.4906886963922688,-3.2563638437103677,3.3836991641261527
1609060379.424789190,-3.4801990376567424,-3.2837548944945816,3.3919486607048075
1609060379.477308035,-3.469626181293524,-3.3127198004086758,3.399875350219933
1609060379.527546167,-3.4454739091744813,-3.3684998918244737,3.414188323559733
1609060379.574175119,-3.433834448845843,-3.3977734210503634,3.419863877449412
1609060379.624490023,-3.4219964736781634,-3.4248658577311026,3.42519784505658
1609060379.676283121,-3.4090417238180777,-3.453201544843779,3.4312101568509767
1609060379.725444078,-3.395672599410922,-3.481638167182755,3.4361194083527913
1609060379.778115034,-3.3829795040229342,-3.5099003411136316,3.440361359131913
1609060379.825517178,-3.355377423815021,-3.564908041766614,3.4477130458770535
1609060379.876507998,-3.3408903076288397,-3.5939464412860396,3.4513451606241503
1609060379.924851179,-3.3263493930388712,-3.62201131753325,3.454544537468127
1609060379.976315022,-3.311436577473735,-3.649173144811165,3.457969100083478
1609060380.025951147,-3.296229396615704,-3.6772166595851026,3.461186583897698
1609060380.076279163,-3.2639811694803775,-3.732791609533759,3.467145278281105
1609060380.126965046,-3.247626909884932,-3.759228810860545,3.469813466303105
1609060380.175324202,-3.230427052457852,-3.7875935036183606,3.4729121716082396
1609060380.224295139,-3.2127936656845613,-3.8135057253208515,3.4757504150984513
1609060380.282178164,-3.1770832830663878,-3.868931274399376,3.4808779340193627
1609060380.327114105,-3.158766848553377,-3.8935960247190238,3.483020459124555
1609060380.418756008,-3.1188775833703666,-3.948070040569455,3.4877882164816185
1609060380.497653008,-3.0778271587030765,-4.001126249390865,3.4921750054327525
1609060380.579474211,-3.033666037069704,-4.055302444763658,3.4966005712029506
1609060380.613731146,-3.012459703592185,-4.080141876060882,3.4979791747794575
1609060380.665153980,-2.989451525976161,-4.106792481791665,3.5000064308397913
1609060380.732620001,-2.9432212817308105,-4.158447403848889,3.5043018880821233
1609060380.775574207,-2.918925174150104,-4.184842991896048,3.5067945144689965
1609060380.818601131,-2.895610243254012,-4.209410305778746,3.509168691827904
1609060380.869970083,-2.869744284186144,-4.235720658136387,3.511628346484718
1609060380.919371128,-2.843757788532532,-4.261059535299768,3.514565625105094
1609060380.983446121,-2.792390890435076,-4.311074121175803,3.520282423057891
1609060381.026141167,-2.7637081900067386,-4.338202090796955,3.5240396332142065
1609060381.072177172,-2.7390381066701615,-4.361036133517917,3.5273101004590455
1609060381.118996143,-2.712726348740773,-4.38527545840471,3.5306575342337414
1609060381.169764996,-2.684748270312241,-4.410169572656752,3.5338110988158196
1609060381.224285126,-2.6575994708230333,-4.433790021221906,3.537173777413777
1609060381.276952028,-2.6293821623400646,-4.458193694183784,3.541575800779782
1609060381.325170040,-2.571749853223512,-4.505301021895601,3.549664122004815
1609060381.373531103,-2.5429694734146224,-4.5279678146951206,3.5534014236491185
1609060381.423969030,-2.51573727059942,-4.550046094424854,3.557554500599066
1609060381.474560022,-2.48587004763019,-4.572658523827414,3.561217156356264
1609060381.525918007,-2.456656412506131,-4.594424898268226,3.565090522397167
1609060381.576167107,-2.3971262103404456,-4.639917975771898,3.573348637875462
1609060381.623407125,-2.369739058508941,-4.65900671709101,3.5761104268525106
1609060381.675836086,-2.3389909184457736,-4.680719162607435,3.5797426296134365
1609060381.724457979,-2.3116216407984176,-4.699898773151322,3.582150206590553
1609060381.777621031,-2.281600236275633,-4.720668620971551,3.5852770938009133
1609060381.825805187,-2.2242282427949682,-4.758817720949075,3.5904406052420192
1609060381.875913143,-2.194593619809517,-4.778610046876288,3.592860217785688
1609060381.926110029,-2.164925351109126,-4.796517303807388,3.5951861196543557
1609060381.974575043,-2.1355291526240485,-4.814622066571811,3.597363289788559
1609060382.023908138,-2.106703127355985,-4.832500303442764,3.598818838631109
1609060382.077841043,-2.076244034811239,-4.8500594190948725,3.600061920150834
1609060382.126087189,-2.0173647292619385,-4.883191294009848,3.6016164821504635
1609060382.172864199,-1.987544429428592,-4.900079459459839,3.601291221729271
1609060382.224690199,-1.9560685466842642,-4.915043538143337,3.601451123138551
1609060382.276548147,-1.926799165977549,-4.929882036349607,3.601992238795823
1609060382.326167107,-1.897272794054551,-4.94447744237722,3.6015747266748157
1609060382.376545191,-1.8668128814537148,-4.958932058191738,3.6017317803659044
1609060382.423995018,-1.8067999746921792,-4.9839477065109214,3.6016215973828434
1609060382.475164175,-1.7771454571736243,-4.996343515521254,3.600342216658838
1609060382.524759054,-1.7476388687619,-5.007359530524784,3.5999029008471517
1609060382.573063135,-1.717312517983757,-5.017600173444858,3.599550761647869
1609060382.623972178,-1.687691647543737,-5.027547018190653,3.598314213106505
1609060382.680236101,-1.6268763893402287,-5.045476120354667,3.5968523311922613
1609060382.726361990,-1.5962781607713232,-5.053008702502126,3.5968045891884195
1609060382.773458004,-1.5666273081356472,-5.060709681755643,3.5966980897456473
1609060382.823677063,-1.5368665057230189,-5.06772153162456,3.596379723937721
1609060382.877391100,-1.5069309020238997,-5.071915733546625,3.596124881478355
1609060382.927017212,-1.4436839106471275,-5.081787711814563,3.5975297221021325
1609060382.974920034,-1.4436841633029545,-5.081784510995494,3.597535476492393
1609060383.024443150,-1.3761268100207715,-5.087463838063631,3.598708602790998
1609060383.076413155,-1.344022800898319,-5.09045685250598,3.600129214635823
1609060383.125964165,-1.3118269451565823,-5.093018509951968,3.600949905617828
1609060383.175229073,-1.249139142291508,-5.0944374984258864,3.6033696620057345
1609060383.222527981,-1.2174024639839125,-5.092801689318804,3.6041993610221468
1609060383.276117086,-1.1838918412183617,-5.092141288117766,3.605719003759493
1609060383.323568106,-1.1506195291375292,-5.090775835495247,3.607602326829454
1609060383.377740145,-1.1150814113177958,-5.0866171190092295,3.6099112330081695
1609060383.424261093,-1.0454341651764416,-5.079785466700255,3.614086761494981
1609060383.476530075,-1.010411448671423,-5.075321876869854,3.6159043388624887
1609060383.524501085,-0.9744286940135254,-5.068929856274522,3.6181598199184393
1609060383.580219984,-0.9367891780186746,-5.062412912627295,3.6194990869577115
1609060383.625110149,-0.901807043221396,-5.056384200605528,3.6212911123071656
1609060383.677712202,-0.8251060996212871,-5.039962241032153,3.6209329746830736
1609060383.726248026,-0.7895485059351159,-5.032055384065313,3.6211405751552466
1609060383.775644064,-0.7524952751681653,-5.023039522000861,3.6206430031344716
1609060383.826225996,-0.7170501314668734,-5.01458527724035,3.621125961629513
1609060383.877563000,-0.6425465033901929,-4.993610409002702,3.621801559255111
1609060383.925773144,-0.6048459829383397,-4.982675120895429,3.621539948835565
1609060383.977313995,-0.5658210072658534,-4.971280484828291,3.621468141922337
1609060384.025890112,-0.5293102106937191,-4.960029917805194,3.6229146361272715
1609060384.082066059,-0.4875297472108251,-4.945878752597331,3.6240154263732904
1609060384.127351046,-0.40926154328824893,-4.920282804319111,3.6276045202611
1609060384.179015160,-0.36809386677408895,-4.905713296342505,3.629676981093363
1609060384.225046158,-0.32785483839581175,-4.891660729505208,3.6320717665523983
1609060384.277572155,-0.28807022230730084,-4.87747230433585,3.6340031634612444
1609060384.326673985,-0.24717573655913583,-4.8629359975461455,3.635802840911131
1609060384.378116131,-0.2063306053367242,-4.846690409911911,3.637551217533801
1609060384.426213980,-0.12651428996662872,-4.814888515848221,3.641927355491081
1609060384.477639198,-0.08672799415248988,-4.798607804562394,3.643666446268769
1609060384.526020050,-0.04714421282026038,-4.782339957264188,3.6453080087755865
1609060384.577697992,-0.006248385537968915,-4.764230152024101,3.646935821983666
1609060384.627104044,0.031113179464703933,-4.7477407375046035,3.6486767203637402
1609060384.679548025,0.11139415478437087,-4.712075410814393,3.651084486840629
1609060384.725043058,0.15173875998067743,-4.693003601592903,3.652031775231272
1609060384.780750990,0.1900247379659099,-4.674755365246899,3.65358397205393
1609060384.825978994,0.2272959211389569,-4.656899314304926,3.6542954604739943
1609060384.879726171,0.26421677657575415,-4.638107880835236,3.656008833223922
1609060384.927287102,0.34131447099398926,-4.5988971502637845,3.6610409179667336
1609060384.978001118,0.37932124033454784,-4.57813116195322,3.6628724082098856
1609060385.025215149,0.4144803972132891,-4.55926110097613,3.664975288721333
1609060385.078049183,0.45231844565353896,-4.5374505474694615,3.666925011961471
1609060385.128671169,0.48679087049081105,-4.517020632671947,3.6687908538958833
1609060385.178465128,0.5602193580073944,-4.4736933686505544,3.671306411842748
1609060385.225788116,0.5958794819955244,-4.452849430623356,3.670229428979397
1609060385.277276993,0.6320871121029938,-4.429403462791001,3.6696719470144465
1609060385.324550152,0.6666017226075347,-4.407614876933735,3.6681710957269225
1609060385.378527164,0.7015128708910332,-4.3851173803527175,3.667009319853003
1609060385.428066015,0.735816357271954,-4.362172576833739,3.6656373705449212
1609060385.478852987,0.8063888712204665,-4.31392634331981,3.6637859167048017
1609060385.527404070,0.8417494691051068,-4.289042630479731,3.662118135586086
1609060385.578270197,0.8738424564011531,-4.266309107281661,3.660703231198937
1609060385.624525070,0.9079684527537637,-4.241627805598458,3.6591396873055455
1609060385.679279089,0.9388423729247002,-4.21892951855525,3.6573464168805927
1609060385.728085995,1.0004233125938775,-4.172642345873818,3.6536970801002244
1609060385.780771017,1.0335611344861597,-4.147848298782272,3.6512317176042703
1609060385.825530052,1.0653294009121197,-4.123028547913961,3.6495367732188875
1609060385.878072977,1.0962681763214448,-4.097349712520309,3.6479096242255267
1609060385.927165031,1.1284962040829285,-4.072365181644969,3.6456587428907294
1609060385.979855061,1.1599844926955498,-4.047253695686656,3.6437588877781355
1609060386.026208162,1.223580024889273,-3.995188369251782,3.6403508345946616
1609060386.077979088,1.2550365991764636,-3.969007399834652,3.638575366388107
1609060386.127557993,1.2830673297283184,-3.9450071792138743,3.6367975988981254
1609060386.179339170,1.3148091861682225,-3.9178671962146865,3.6346544343421883
1609060386.225568056,1.3471090128030383,-3.8908687839603964,3.63214832408085
1609060386.277292013,1.3784088433113695,-3.863102740275977,3.629773899575138
1609060386.327005148,1.4395268310252298,-3.8063898632428135,3.6253160331793044
1609060386.378152132,1.4697982187254404,-3.7783206308320594,3.6230150597407196
1609060386.426437140,1.499270653044011,-3.750463033418807,3.6207626622749736
1609060386.479035139,1.5287279453281428,-3.722053706550845,3.6186677035101074
1609060386.526904106,1.5588370270502985,-3.6930082539377267,3.6167547075088446
1609060386.578626156,1.587611720793877,-3.6637224665461545,3.615411450690818
1609060386.626856089,1.6444319499606657,-3.6053389438387597,3.6119890815930376
1609060386.678795099,1.6744138325888933,-3.57410153167611,3.610076530650325
1609060386.726828098,1.7032073237759633,-3.5437777212162054,3.609370291042291
1609060386.777306080,1.73339978409766,-3.51179406592442,3.6078293094834244
1609060386.826637030,1.7624117810160733,-3.4804838010332304,3.6071872477087457
1609060386.879197121,1.818887119129684,-3.417871745316681,3.6050835171727833
1609060386.927596092,1.848399635508727,-3.383942546255067,3.6033684847669676
1609060386.977253199,1.87655042054066,-3.350258175973636,3.6023334825453777
1609060387.024797201,1.9053571615087748,-3.315529512944721,3.6015346145806273
1609060387.077081203,1.9323918195765657,-3.282234559316766,3.6009744318620758
1609060387.128638983,1.960289893839775,-3.248117435103943,3.600472542316581
1609060387.178961039,1.9876038488969066,-3.2125882559270593,3.5992850019766855
1609060387.228384018,2.043142011471957,-3.1392473424041754,3.59695802699388
1609060387.279007196,2.069903856412207,-3.102405537579287,3.595630280972305
1609060387.325957060,2.0946757672564686,-3.066673452310468,3.593902939663028
1609060387.378004074,2.1216365292829984,-3.0285728123663773,3.5922348294954762
1609060387.428513050,2.147050238107166,-2.9901918310401996,3.5904626467106464
1609060387.478980064,2.1726800217619555,-2.949591706590919,3.589237781888352
1609060387.526018143,2.2166278740210466,-2.8716016634750723,3.5873693386092445
1609060387.578428984,2.239332052790683,-2.8306649584005363,3.5866309902218383
1609060387.626721144,2.260217339231474,-2.7903354105162315,3.58542750800928
1609060387.678171158,2.2799563653133,-2.7500594066298767,3.5841872398171333
1609060387.728655100,2.299523538410533,-2.708676191116613,3.582646262738894
1609060387.779019117,2.335235325633338,-2.6258585781507477,3.578332674001226
1609060387.827759981,2.3513559471530527,-2.5845670281061217,3.5755505848893776
1609060387.878028154,2.366754904201379,-2.5427556742770676,3.573250981482909
1609060387.927401066,2.3809390238164134,-2.499423057016955,3.5704834970694055
1609060387.978938103,2.395443900194657,-2.4550513494011916,3.568147552425435
1609060388.028403044,2.4075200795320555,-2.412453426319029,3.565291711732085
1609060388.080017090,2.418562519929189,-2.369014509764529,3.5621724533863386
1609060388.127521992,2.4382496385611496,-2.283334705135559,3.5565908695195727
1609060388.177268982,2.4473554180728136,-2.24013309397883,3.5536542971696736
1609060388.226025105,2.456339649454023,-2.196353044388225,3.5515429786610593
1609060388.279821157,2.461196393321334,-2.154512246456438,3.5473895920019505
1609060388.327994108,2.4680120161772834,-2.11416838844044,3.5449785439475416
1609060388.378304005,2.4803099231253327,-2.02311750175258,3.5397220415414417
1609060388.427662134,2.483405881962014,-1.9808776402351924,3.5367274947225873
1609060388.479194164,2.4873661829435356,-1.9409572301229119,3.534986254491937
1609060388.525289059,2.4901493074603778,-1.8981261402076655,3.533358222752451
1609060388.588790178,2.493778898544054,-1.8148570894721914,3.5314870216741525
1609060388.632841110,2.4953721053469806,-1.7712664849201545,3.5311826399334354
1609060388.684895992,2.496257614604481,-1.729742658894903,3.5305460573894667
1609060388.727123022,2.4960678488656214,-1.689466572072238,3.529351928326765
1609060388.777594090,2.4960022199426994,-1.6478433273743924,3.528909469985946
1609060388.826026201,2.4963198087876712,-1.6089119840754442,3.529072805756389
1609060388.879713058,2.494857608290154,-1.5691344330484682,3.52833442529297
1609060388.928493023,2.4932729836775565,-1.5290609455248187,3.5283563551058617
1609060388.978852034,2.4902726854393293,-1.4467781235465473,3.528980194856697
1609060389.026794195,2.4871274775071477,-1.407571052798282,3.5290799489382607
1609060389.078282118,2.4839894153117044,-1.3689081373138343,3.5298980676693823
1609060389.127646208,2.4819672670349817,-1.3320571443197409,3.5306303011709055
1609060389.177092075,2.4779577499384757,-1.2942720418616815,3.5311113835700603
1609060389.227483988,2.469142847509879,-1.2197033670721247,3.535183685228583
1609060389.277998209,2.4650667352833864,-1.1825150381593552,3.5366867263687904
1609060389.327522993,2.4604054611968067,-1.144387017232674,3.5375102932992473
1609060389.378243208,2.453938758602156,-1.1044790617809213,3.538011275665669
1609060389.425644159,2.44945866544931,-1.0683061599144672,3.538360120948701
1609060389.480804205,2.4436373684749384,-1.0285568210868803,3.538592319446721
1609060389.530208111,2.4300542092512245,-0.9518710002862569,3.5379628676034205
1609060389.578667164,2.4229293832485013,-0.9136617443677402,3.5385874646410436
1609060389.625934124,2.4167960519709695,-0.8790636196690009,3.5389763237328324
1609060389.678423166,2.4088129614163734,-0.8408480799777891,3.5394441957102423
1609060389.727277040,2.40114365001401,-0.806133502516996,3.539442062711295
1609060389.779801130,2.3829772743254836,-0.7253634816129271,3.539394201356293
1609060389.824541092,2.374341012470243,-0.6899628958731228,3.5392139184537577
1609060389.877240181,2.3643966830121883,-0.6518662245994875,3.5389105620870005
1609060389.926560163,2.3553623124054184,-0.614141597837552,3.539074170094228
1609060389.978195190,2.3454475423169647,-0.5771898806437932,3.538529059066617
1609060390.027326107,2.324646729498596,-0.5030728397529529,3.538349925327937
1609060390.076764107,2.315361013540617,-0.4665525828992543,3.5380285784100067
1609060390.127235174,2.3044160619093255,-0.4286085675215503,3.5364799675783196
1609060390.177085161,2.29297492984033,-0.3915367438741342,3.5345651751972653
1609060390.226591110,2.2815883734963123,-0.35304011031571036,3.532662123034772
1609060390.280389071,2.2704670263890563,-0.31498794586233814,3.530071114362592
1609060390.326570988,2.2467417733802115,-0.24224067699008245,3.5248308508610044
1609060390.378979206,2.2350128073174247,-0.2040704023931461,3.5222470701918116
1609060390.426268101,2.2235621757336226,-0.1676380012716372,3.518642353220221
1609060390.477884054,2.2106035865997207,-0.13027616462361635,3.513636280847008
1609060390.528004169,2.1862211606815585,-0.05812252333915069,3.5040266997090406
1609060390.577238083,2.174123029905015,-0.023592317184615297,3.4994551331116153
1609060390.625013113,2.160438397165308,0.013042841330864974,3.494420110946736
1609060390.676635027,2.1472095950550028,0.04930201871404449,3.488845792889128
1609060390.726636171,2.1343116488747924,0.08678320808711248,3.483565988376288
1609060390.780335188,2.1053970977588925,0.1621599325481924,3.4725376779052617
1609060390.825442076,2.0912744335175013,0.1968744028734477,3.466490192840558
1609060390.878334045,2.0776310151367134,0.23011769352849143,3.4620262794365466
1609060390.928623199,2.0611795881164525,0.27005750554237196,3.456876784060386
1609060390.978664160,2.0433783517217066,0.31181239815740724,3.4519387066519
1609060391.025667191,2.0268263832199302,0.3489860298448342,3.446960750943239
1609060391.085714102,1.9934736500179326,0.4204925490528524,3.438767686631026
1609060391.125485182,1.9769066556422246,0.4544933063030463,3.4351002495052647
1609060391.175955057,1.9600286637281954,0.48941179264489776,3.4326791137954995
1609060391.225903988,1.9415354175438395,0.5236171971823573,3.431048272271706
1609060391.278138161,1.9230269389891426,0.5583124836796642,3.428376198198041
1609060391.328149080,1.904285767699733,0.5925024154267682,3.426784236330592
1609060391.378519058,1.864604681219614,0.6615424194078656,3.4245935012733337
1609060391.420211077,1.8435326825937608,0.6959556062268568,3.4232532023528908
1609060391.470527172,1.8204883413639301,0.7312090487583767,3.422716097779734
1609060391.521433115,1.7976783093004087,0.7657050043749862,3.420852145177662
1609060391.570142031,1.7742044872426455,0.8000498514146379,3.420301417229796
1609060391.619429111,1.7519482405408944,0.8317613742270602,3.4195883994993608
1609060391.671687126,1.728466142762251,0.8642786811805969,3.4192089560581476
1609060391.722023010,1.6811100697947339,0.9278649481522017,3.419648522546794
1609060391.775783062,1.6585199696986628,0.9576791572501584,3.420453304719411
1609060391.826857090,1.6311325957975988,0.9911031391488159,3.42033917922115
1609060391.878179073,1.60383351970939,1.0268563369451122,3.4205352129482005
1609060391.928951025,1.5772212347872596,1.0575744327376881,3.421210072512187
1609060391.978355169,1.5268785471475859,1.1167998402693655,3.4222850311665187
1609060392.025657177,1.5038577202591554,1.1447884385142508,3.422282047139271
1609060392.078227043,1.4778189730213107,1.1719118951191234,3.42348876886261
1609060392.128297091,1.4532897376398353,1.1993037057017766,3.4247012718947953
1609060392.181913137,1.3993319821894765,1.2573680004741306,3.425969096164863
1609060392.225656033,1.3728599426534807,1.2841136058947953,3.4264764748464174
1609060392.277301073,1.3456747468964103,1.31305290872303,3.427497016742578
1609060392.326452017,1.317443785500803,1.341979586368847,3.4290474302652676
1609060392.380200148,1.2897692106751428,1.36990847864924,3.43073237195901
1609060392.427337170,1.236294963991444,1.4228775320997755,3.4317770710825393
1609060392.477635145,1.2108510407947222,1.4476827681125215,3.4331245800896877
1609060392.527090073,1.1828319394485227,1.474831450799293,3.4336779460989284
1609060392.578356028,1.1541803474223968,1.500444567477146,3.4336692531019803
1609060392.627631187,1.1258930443621011,1.5268957590303245,3.435276236231319
1609060392.678007126,1.0669704697084015,1.580042886290574,3.440517657416061
1609060392.726713181,1.0380702212535873,1.604938545500115,3.4439840522368748
1609060392.778137207,1.0107500776354428,1.6286833354422008,3.448088963894401
1609060392.825527191,0.982409865731654,1.6536510828054922,3.4521234880522
1609060392.879384995,0.9529647938157559,1.6777794114719846,3.456366076930772
1609060392.928017139,0.8998049832068773,1.720468544283026,3.46361657607466
1609060392.978950024,0.8726372246702034,1.742579307932985,3.467126421327876
1609060393.025929213,0.8457591110516312,1.7624179617176914,3.4702674799227804
1609060393.078571081,0.8177625580754686,1.7820625811200799,3.4747626506118756
1609060393.127781153,0.789539903600172,1.8040968703181406,3.4784927717573346
1609060393.179360151,0.7296343956995663,1.8467523531315706,3.4848273231348834
1609060393.225460052,0.702777694042215,1.8643114937043173,3.488327333047687
1609060393.278164148,0.6756333450835932,1.8841958679524495,3.491818129604802
1609060393.326492071,0.6484287172938537,1.9024074826100126,3.4947904044073503
1609060393.378987074,0.6192583181341291,1.9199893852018732,3.4979450251846664
1609060393.427626133,0.5659368925439487,1.9539968582124807,3.5041738980693466
1609060393.477944136,0.5659370077822601,1.9539947251452894,3.504169086499928
1609060393.526420116,0.5119193328952605,1.9845386696755156,3.510480509155613
1609060393.577835083,0.4841901646350557,1.9998270600924926,3.5142718106120405
1609060393.627587080,0.4601339858742399,2.014345953473132,3.517524180398974
1609060393.681843996,0.40508736317767813,2.043094684932843,3.5231756871046276
1609060393.726659060,0.38000645853285064,2.054977613686706,3.525981472973255
1609060393.777696133,0.3542447930025183,2.068484082558122,3.5291491260146284
1609060393.825637102,0.3283036506917263,2.0812695811404005,3.5326661789426836
1609060393.880216122,0.3013563220609079,2.0937103932733265,3.534883380372751
1609060393.929346085,0.27391894588752663,2.105199624929419,3.5376475270007077
1609060393.978819132,0.22066506477637304,2.1293837947164533,3.5425932701801415
1609060394.025839090,0.19321575430943838,2.1396557318103895,3.5450075809848443
1609060394.078690052,0.16628373551083797,2.1504083421443205,3.546410821856947
1609060394.127166986,0.13965641512292137,2.161683942392969,3.5485768915857765
1609060394.178130150,0.11356637994742869,2.171057518306977,3.5508508800695218
1609060394.227622032,0.05838804563701672,2.190898020302072,3.5542306154694785
1609060394.277701139,0.03330387833423387,2.2005317560011157,3.5566136547414917
1609060394.327140093,0.005952081730843162,2.210326456917606,3.5588903525280156
1609060394.378655195,-0.020693241875399337,2.2181908603478533,3.5607022513794693
1609060394.428137064,-0.049448468100639076,2.2273269131912876,3.5621375383706173
1609060394.480125189,-0.10621716043146279,2.246517918778679,3.564710579398435
1609060394.526715040,-0.13455250255892537,2.253490591469511,3.5659157056978454
1609060394.578184128,-0.16413357744359658,2.2616404931832577,3.567020492577946
1609060394.625958204,-0.1927731745937571,2.2704883638608138,3.5678281685307187
1609060394.678415060,-0.21925210605109058,2.278031382129747,3.568078363032699
1609060394.727630138,-0.25029552832993573,2.284804137233582,3.567729627208447
1609060394.778980017,-0.31061674110658544,2.2998645232633166,3.5671833865822222
1609060394.825003147,-0.3384249660725409,2.3066384861431146,3.5663278174687694
1609060394.878548145,-0.3705732480873891,2.3123780206408497,3.5648446270329917
1609060394.926192045,-0.4005730204282969,2.317893600659609,3.5632451515916177
1609060394.979655027,-0.4298142355357335,2.324179840198042,3.560064511827358
1609060395.028001070,-0.4943637565005119,2.335963887204276,3.5542053402870852
1609060395.079689980,-0.5248538954793887,2.3401220071101356,3.551015410019602
1609060395.126984119,-0.5580632643335193,2.346320629502433,3.548093154577071
1609060395.178426981,-0.5936691407792871,2.3515400029397213,3.545058781381183
1609060395.228995085,-0.625903269382075,2.355068018203223,3.541689219039087
1609060395.278118134,-0.6597660094411317,2.3592126824446495,3.5378336683354856
1609060395.330049992,-0.7267176206972685,2.368362724098276,3.531638943354599
1609060395.379475117,-0.7626292419645857,2.370736464640771,3.528655775598967
1609060395.425306082,-0.7962343352895971,2.3744094748238282,3.52613785429366
1609060395.477863073,-0.8301038568824879,2.3786145079831726,3.5224047339719498
1609060395.528144121,-0.8641742404208301,2.380104479800952,3.520917828320531
1609060395.580636978,-0.93800836811441,2.383754127500115,3.5156904979369497
1609060395.628876209,-0.9724137859533926,2.386399076154717,3.513468666485913
1609060395.679280996,-1.0097729069328913,2.387209942610845,3.5118240332056416
1609060395.726664066,-1.045713195394491,2.387367174161028,3.5090012176045633
1609060395.777697086,-1.0835587269797848,2.3874572811898105,3.5068955954725336
1609060395.827297211,-1.116987503971707,2.3880057524792377,3.5050895508693607
1609060395.878175020,-1.1940387685658287,2.385360893423666,3.5009516381504753
1609060395.926741123,-1.2314218795938352,2.3840892195049825,3.499423515992042
1609060395.978080988,-1.267818378816365,2.3832948368936826,3.4970059047968505
1609060396.025374174,-1.3041327088664616,2.38057322995601,3.495388338738474
1609060396.079258204,-1.3433265026955006,2.3773172925287795,3.494079240153539
1609060396.127947092,-1.3800252573991045,2.3740617348886452,3.490300803865585
1609060396.179615021,-1.4576078495951705,2.3648023598443757,3.4862496739186675
1609060396.226527214,-1.4973733334044823,2.359701869696888,3.484627036885957
1609060396.277954102,-1.5355745931592821,2.354651338678341,3.483154359235291
1609060396.329421043,-1.5706668902931007,2.349163394303609,3.4809997545201075
1609060396.378897190,-1.6091200245875967,2.3415708986953767,3.479590448994042
1609060396.428141117,-1.685299003069833,2.324661401162494,3.4764394527143754
1609060396.478668213,-1.7206881782377863,2.316777395573773,3.4743430167445375
1609060396.527477026,-1.7623244878351052,2.305591625519707,3.4730422986485596
1609060396.578049183,-1.8047502233879307,2.2934793087604923,3.4721555651605502
1609060396.627701998,-1.840825095657035,2.282445315364594,3.4712946276050243
1609060396.680634022,-1.8781760999516202,2.270869871181681,3.470129904805434
1609060396.727077007,-1.9561447348469443,2.243156028017843,3.468466412771246
1609060396.779548168,-1.9921511228568924,2.2292023799625866,3.466629349727981
1609060396.826028109,-2.028181033956571,2.2147197437062296,3.4654826148799724
1609060396.878423214,-2.0679989804068057,2.197125891953146,3.464259417629009
1609060396.928431988,-2.1420447921582983,2.162665287590343,3.4626574956629845
1609060396.978091002,-2.1765818430219888,2.145372980598097,3.4612208053890043
1609060397.067896128,-2.2519379540034485,2.104837773159403,3.458476464246653
1609060397.143000126,-2.322990790718805,2.063200891494265,3.454910852518447
1609060397.190607071,-2.3609138035019477,2.0398037776932583,3.4536836739006667
1609060397.238964081,-2.3980707998479396,2.0154329433830434,3.4521461972796796
1609060397.285953045,-2.4334791783002565,1.9919357350241569,3.4510800420980203
1609060397.333422184,-2.4697287964146035,1.967007899677231,3.450341385846796
1609060397.386152983,-2.540664720169051,1.9155148898136396,3.4475740279211653
1609060397.430253983,-2.5751617746273823,1.8891463323230475,3.445959788920076
1609060397.477351189,-2.610193034948715,1.8618506965319277,3.4444525613205883
1609060397.527691126,-2.648270410900352,1.831797725120186,3.442754605141751
1609060397.579995155,-2.6840216339768688,1.8023421104364274,3.440577348059792
1609060397.697091103,-2.7864116887792036,1.715809809652928,3.4372517333893473
1609060397.745933056,-2.8230994345710023,1.6836723886084357,3.434811846015357
1609060397.824478149,-2.897666721920995,1.6157553217545164,3.4322159426478436
1609060397.878262997,-2.9383293432296007,1.577786469227469,3.4312383251789953
1609060397.926575184,-2.9750940903488647,1.5421126707705568,3.4303361590232324
1609060397.980239153,-3.011246734561812,1.5061894296638307,3.429537879690491
1609060398.027523994,-3.0824904670743614,1.4353285321311837,3.4300443389701023
1609060398.078239202,-3.1175092475891404,1.3989737160515752,3.430479892421829
1609060398.126496077,-3.152529242201073,1.3617348498194275,3.430355645977519
1609060398.178829193,-3.184481910779688,1.3271168138968896,3.4307763441857233
1609060398.226239204,-3.2503876081683316,1.2551712393865913,3.432125557884257
1609060398.277672052,-3.284379508624685,1.217589850031139,3.4331707501295483
1609060398.326209068,-3.3172892288727347,1.1802088019426158,3.433640503820529
1609060398.377545118,-3.3518598046027854,1.1402285869164182,3.4351780485793864
1609060398.433663130,-3.4213994115675774,1.0588492023358178,3.438486411751315
1609060398.484022141,-3.452739964303859,1.0212195490087232,3.440592000182642
1609060398.527798176,-3.486030177105828,0.9799608170336,3.4418215021680663
1609060398.578746080,-3.518669857192034,0.9400868127593078,3.4439548201479866
1609060398.628152132,-3.551841540123519,0.8983709410494924,3.4452682797502305
1609060398.678184032,-3.5832046839038227,0.8582226623956153,3.447383797700944
1609060398.726467133,-3.6488974256256483,0.7738696334459867,3.449401362974447
1609060398.774976015,-3.6808715886585865,0.7311536597329962,3.451126342474943
1609060398.825124025,-3.7106465077227675,0.6901723068695986,3.4527521110324564
1609060398.878898144,-3.7392772376946084,0.6505604933374158,3.4532440309925327
1609060398.929849148,-3.8011020438174548,0.5638091963191165,3.4551550151584465
1609060398.978372097,-3.831316811337903,0.5208888496282604,3.455336373534333
1609060399.025608063,-3.8602975761249994,0.47717787578476134,3.455706451936326
1609060399.079013109,-3.890493146785694,0.43117617284206133,3.455814428042567
1609060399.128398180,-3.9175011210798267,0.388658526646676,3.454891782682827
1609060399.178855181,-3.974076838492941,0.29775513472479176,3.454248049394568
1609060399.226141214,-3.9992048193864456,0.2565494118259828,3.4539726957669927
1609060399.278860092,-4.02632675389718,0.2109450739945231,3.4532587280121643
1609060399.326719999,-4.051861689439644,0.1656221644738629,3.4531931010182824
1609060399.378432035,-4.0791565748869125,0.11799737778505914,3.4526789316964788
1609060399.471894026,-4.126477002311923,0.027909355861485352,3.451951967636539
1609060399.544891119,-4.169692294603767,-0.059772945597931226,3.450424416617551
1609060399.593710184,-4.190379297453347,-0.10266553081122609,3.449271291218702
1609060399.632601023,-4.211588543453438,-0.1477409047623368,3.4481038665089763
1609060399.681473017,-4.247713957760563,-0.2320797107746131,3.4462046763335668
1609060399.727986097,-4.26504971349031,-0.27343825217061024,3.445007449772577
1609060399.779188156,-4.279902758882038,-0.3131625305902759,3.444988293510395
1609060399.827403069,-4.296510665416388,-0.354417932604818,3.4446850715374584
1609060399.879662991,-4.310386888765162,-0.3961338125074896,3.4454105686719583
1609060399.926999092,-4.338541748030533,-0.4817346253873538,3.4460534929189333
1609060399.977424145,-4.350508010335524,-0.5212642728809911,3.446268466842323
1609060400.026029110,-4.363313211402659,-0.5635676672888401,3.4466735127527492
1609060400.078128099,-4.373012556625458,-0.6030177339486258,3.4470315149611856
1609060400.129971981,-4.382564615789104,-0.642795595291517,3.447132349510275
1609060400.179473162,-4.398903018348108,-0.7253356488782643,3.4467628398881693
1609060400.227545977,-4.405642599766679,-0.762548956380801,3.446576591878566
1609060400.278501987,-4.411701529887569,-0.7986453513066358,3.446112897806696
1609060400.328487158,-4.416868956511433,-0.8328724712939035,3.4456530439065105
1609060400.381268978,-4.421442698412953,-0.8651750808899834,3.444686002856754
1609060400.428768158,-4.425184629397027,-0.8966285503480904,3.443468146270771
1609060400.479042053,-4.428901320981375,-0.9558855107015951,3.439982319091545
1609060400.529211998,-4.429243757381737,-0.9814464112571777,3.437437676453717
1609060400.578112125,-4.429364327713522,-1.0054108251094398,3.4343353072523968
1609060400.626744986,-4.428406001052874,-1.027307219930325,3.431803523924133
1609060400.680422068,-4.427251839562366,-1.0485959340557507,3.429035550695861
1609060400.728835106,-4.425667140067581,-1.0681613182032095,3.42642244820315
1609060400.779316187,-4.419836539676037,-1.1009973345102537,3.421512010443278
1609060400.825790167,-4.416497296567435,-1.1140512068804362,3.419226422329988
1609060400.879508018,-4.412829189060247,-1.1253662091887762,3.4172820568605307
1609060400.927040100,-4.407908758410716,-1.135572261529223,3.4156535426678207
1609060400.978569984,-4.403031139454523,-1.144823330223936,3.4142975120035626
1609060401.028685093,-4.391226774794426,-1.15990540903449,3.411451095876018
1609060401.079002142,-4.3848454997064366,-1.166497762215272,3.4105094881703284
1609060401.127573013,-4.377680882920316,-1.1726600575321768,3.409631785733268
1609060401.169844151,-4.369988570050289,-1.1779490114117337,3.4087300888993415
1609060401.221971035,-4.362320545088192,-1.1822394955584556,3.4078760308755243
1609060401.271665096,-4.354010928323877,-1.1860500234413998,3.406871143332367
1609060401.327571154,-4.336220826392047,-1.1944626336734814,3.4071492734673345
1609060401.378626108,-4.326900327579388,-1.1971902238129601,3.4073722198166756
1609060401.426519156,-4.316288638239538,-1.2004360893540813,3.4085515645721536
1609060401.480786085,-4.3057148351385806,-1.2034328479419365,3.4086266202629787
1609060401.529177189,-4.2833465452585,-1.2097000345849445,3.411160858022482
1609060401.579622984,-4.272202639973781,-1.2129607942218108,3.411427738815563
1609060401.625693083,-4.25948786227951,-1.2146451667719802,3.4126615778910345
1609060401.678419113,-4.24684769143818,-1.2155980828804829,3.413241025837076
1609060401.727393150,-4.2355150128310335,-1.2136287624392956,3.414529392871943
1609060401.778926134,-4.211614180924919,-1.2069155926063857,3.416302951587573
1609060401.830302000,-4.199002693550451,-1.2026795174493579,3.4176622877017273
1609060401.879027128,-4.186739950564764,-1.1973050856960548,3.4190733757282903
1609060401.925945044,-4.1747131840542195,-1.1904689446062875,3.42015006195731
1609060401.979689121,-4.161591807139509,-1.1800362500783343,3.4208823301170277
1609060402.027944088,-4.139206952529033,-1.1550865472925835,3.4230393310709157
1609060402.077647209,-4.127443335451858,-1.1380889288169769,3.4240020023920117
1609060402.128281116,-4.115723031293445,-1.1173696723891133,3.4248735618989574
1609060402.178361177,-4.105341131056029,-1.0959571558460617,3.4257895652557178
1609060402.225638151,-4.0951299298933606,-1.0738356014313126,3.4273072406342813
1609060402.278110027,-4.071441840794613,-1.024761700161644,3.4308531747912117
1609060402.327462196,-4.0627711730571505,-0.9972230702281024,3.4310364694429403
1609060402.377845049,-4.053918579783645,-0.9707580602588912,3.43327731595706
1609060402.425198078,-4.04304937758706,-0.9371530000859707,3.435701939852004
1609060402.478965998,-4.033820351061475,-0.9032889072625956,3.4370206633852387
1609060402.526862144,-4.027324431466937,-0.8704785686066323,3.437573468399883
1609060402.579752207,-4.014702752737438,-0.7998849916832498,3.4384657245579167
1609060402.628553152,-4.009579352438344,-0.765099999924221,3.439002806333461
1609060402.678928137,-4.0065898903542205,-0.7320621127627263,3.4383130181405424
1609060402.729631186,-4.003294751086717,-0.6971600488714138,3.4375195381724986
1609060402.777162075,-4.001564887522687,-0.6647548121431193,3.436379795759981
1609060402.827563047,-3.9989392466093747,-0.5980030494294724,3.435853359226847
1609060402.879329205,-3.9983867787151297,-0.5666473367514406,3.434710109910915
1609060402.968847036,-3.999784486377841,-0.49953659077777957,3.4337748738619407
1609060403.036223173,-4.010445139344856,-0.4373762345564849,3.431847547982704
1609060403.130094051,-4.027179808213919,-0.37705022296988844,3.427821226983786
1609060403.172846079,-4.037755224989276,-0.350366109778939,3.42519992677037
1609060403.219709158,-4.04968531819296,-0.32231703415975943,3.421998191855346
1609060403.290386200,-4.07626081671588,-0.2704413991456889,3.415593947505984
1609060403.333377123,-4.090561741026633,-0.24669149372862265,3.4133354361355988
1609060403.376505136,-4.108065649753328,-0.2210591143244578,3.4104230180254635
1609060403.426532984,-4.127233510546787,-0.19722504098230687,3.4069611812085334
1609060403.479250193,-4.146854034830614,-0.1746519888044631,3.404524892022998
1609060403.529406071,-4.16913312933595,-0.15025816094898303,3.4018015806233475
1609060403.586101055,-4.214534946264482,-0.10344102580092596,3.396902747542999
1609060403.673426151,-4.260174798804133,-0.06083928707294106,3.3934749440888528
1609060403.719946146,-4.284325877288367,-0.03914566126987751,3.3918511861460523
1609060403.767722130,-4.309951331368147,-0.021936184521813118,3.3904064456923635
1609060403.816894054,-4.335405918285662,0.001222472136259256,3.3891733226219696
1609060403.884765148,-4.389028271771593,0.04151391850489716,3.3870087668380933
1609060403.930885077,-4.415808264819674,0.06152879104385889,3.3864739516487194
1609060403.979072094,-4.44128203272933,0.08096000787558921,3.38622995003659
1609060404.027512074,-4.467578732664538,0.10244544981314974,3.386474033104106
1609060404.078886032,-4.493536644047129,0.1235077893584311,3.385863205156026
1609060404.128934145,-4.518539360481949,0.1427468915549106,3.3864477400643445
1609060404.179248095,-4.5640141170993225,0.18383174987700812,3.386104422133693
1609060404.229568005,-4.58807880115058,0.20627276392819738,3.385407332317529
1609060404.280018091,-4.610747052551346,0.22850797308739956,3.384759725893204
1609060404.326958179,-4.634033984106782,0.25121850982293026,3.384157185625197
1609060404.377541065,-4.655622398190577,0.2745047310142219,3.384114160424918
1609060404.427803040,-4.675741354473814,0.2973165515394136,3.3834450270209864
1609060404.481217146,-4.71392232661449,0.3452040641435872,3.3815325266712897
1609060404.527707100,-4.73002893241766,0.3672214988188003,3.3812247992251745
1609060404.571979046,-4.746929919811574,0.3916057840716327,3.38086044721981
1609060404.622480154,-4.761497981187034,0.41446655013849565,3.3810857272323585
1609060404.672170162,-4.77694034159974,0.43998297731669567,3.3811303205746324
1609060404.724748135,-4.804756027591054,0.48999939315755014,3.381321588802818
1609060404.777429104,-4.817939917488914,0.5177171390015438,3.38175844255759
1609060404.828528166,-4.828646474175269,0.5406859580798553,3.3827687559469144
1609060404.878906012,-4.840092325249923,0.567524407765962,3.3830110816813743
1609060404.928469181,-4.848750603529783,0.5917038424218362,3.3838761481446884
1609060404.978840113,-4.866208487770578,0.6449328133477295,3.3847600262458997
1609060405.026875019,-4.874323967601846,0.6742982878941142,3.384546737380788
1609060405.079665184,-4.882071775153367,0.7027688204101707,3.3847379740676633
1609060405.127121210,-4.888130235627035,0.731767012876972,3.3845672869492187
1609060405.180289030,-4.894731191903279,0.7606751996029821,3.3845892657025516
1609060405.228845119,-4.900996392804444,0.7899721228817285,3.383995089269286
1609060405.281080008,-4.9102889275880095,0.85108255104522,3.3836744092079716
1609060405.325997114,-4.916017946828056,0.8822104617529547,3.382284519827895
1609060405.378040075,-4.920054140556221,0.9130347005933217,3.380825906489303
1609060405.427482128,-4.9237784310412,0.9454219171751959,3.378941311222281
1609060405.480834007,-4.9285856137492345,0.9764656104534417,3.375564400531376
1609060405.528052092,-4.937346650731076,1.037431548444097,3.369970579715927
1609060405.577284098,-4.941328983375254,1.0702287729147564,3.367175309459176
1609060405.626881123,-4.9459053515334865,1.105248335832929,3.3643053277770587
1609060405.678483009,-4.951752902684952,1.138998124952039,3.361280518515688
1609060405.728350163,-4.957110213865462,1.1712679537615784,3.3578000267481602
1609060405.780021191,-4.968663754808777,1.238279619371223,3.350308871142172
1609060405.825129032,-4.977456984199922,1.271137360928421,3.3453586332996785
1609060405.879862070,-4.985221058901647,1.3036286635733845,3.3407794904383383
1609060405.927932024,-4.992859770163989,1.33874611192417,3.3369002348928767
1609060405.978623152,-5.000765494426172,1.3725752240385773,3.332525446329136
1609060406.030205011,-5.011129490627244,1.4065998610446506,3.327593532620819
1609060406.079104185,-5.035263959992957,1.4709664636737259,3.316439318344793
1609060406.128489017,-5.047961555658212,1.504027310208258,3.310043114897237
1609060406.177798986,-5.062702905965882,1.5368282598762306,3.303432197311942
1609060406.227044106,-5.07685165187921,1.5673512849631415,3.2967982401619427
1609060406.280534029,-5.093096241235489,1.6001749259755549,3.2902252777718175
1609060406.329967022,-5.130363751489121,1.6611112476291439,3.2785516895615547
1609060406.378149986,-5.149266501988201,1.6889837379360522,3.2733557243542
1609060406.428543091,-5.171520026852804,1.718707443738321,3.2679743983707166
1609060406.480351210,-5.1931026928678286,1.7453160118999875,3.263272531205656
1609060406.530244112,-5.2386832961427885,1.798298680310964,3.2543499773946323
1609060406.578059196,-5.260534520502613,1.8223907279839935,3.251193658597355
1609060406.621797085,-5.285687783130097,1.8477370716135013,3.2473760927221242
1609060406.670320034,-5.312735615600477,1.871432220891446,3.2439148178097454
1609060406.728110075,-5.341216204817361,1.8958876094326662,3.241060825508173
1609060406.779551983,-5.368379952060895,1.919714112870313,3.238686529195167
1609060406.824823141,-5.424739830338094,1.963734916860492,3.234139649579445
1609060406.878969193,-5.451928440676383,1.9841394349680428,3.233619171396274
1609060406.927206039,-5.480224010806275,2.0063729457547197,3.2322026050223513
1609060406.980704069,-5.507430190439074,2.027245512968623,3.231565480438924
1609060407.027716160,-5.563415554237626,2.0683663257525815,3.228798689814873
1609060407.079115152,-5.592787186808511,2.0886642595923917,3.227226119121905
1609060407.127367020,-5.621257584769907,2.108585153446512,3.2259300029718787
1609060407.177980185,-5.651332129833385,2.129263870932725,3.2246696837942537
1609060407.227697134,-5.678667158541206,2.149298896811672,3.223125994892131
1609060407.280601978,-5.733798818681439,2.189266897311331,3.219188797883886
1609060407.327654123,-5.761771781571198,2.209109677692844,3.215727117895108
1609060407.378270149,-5.787626004346084,2.227476235503591,3.2121604918093514
1609060407.428651094,-5.812437499410791,2.2460206771206934,3.208030771450323
1609060407.481408119,-5.837624346168127,2.2665413098802816,3.202610716373229
1609060407.527852058,-5.888118244022984,2.3055190007232618,3.1922907474631703
1609060407.578287125,-5.913013301981682,2.3256864196989717,3.187387745196583
1609060407.625300169,-5.936303592205544,2.3448664306736156,3.1828541412952855
1609060407.681172132,-5.962095751368373,2.3656246700324033,3.177563949614468
1609060407.728523016,-5.986885099710559,2.387628691604519,3.1734887179144327
1609060407.779933214,-6.038366670132888,2.430070915618785,3.1641623344236613
1609060407.826332092,-6.063224835495657,2.449893805414945,3.1611597785052314
1609060407.879067183,-6.0893155778227595,2.4737752898254577,3.1566447359830185
1609060407.927498102,-6.1183310476038315,2.498319845109929,3.1528299477303268
1609060407.977844000,-6.146100065651638,2.523450317208354,3.149262014156786
1609060408.026247978,-6.17294890349314,2.545311122863019,3.145317229142643
1609060408.080068111,-6.226026967259038,2.5889804239264684,3.1392142021119547
1609060408.129019022,-6.25146272972626,2.609626966479123,3.1366972900602015
1609060408.178281069,-6.2776668278160805,2.630686349749606,3.134071326348794
1609060408.225942135,-6.306603188386585,2.6545504542932186,3.1304897664076776
1609060408.279213190,-6.337786166788945,2.6780654750921684,3.1280976256181248
1609060408.328937054,-6.366294199745198,2.7010397911894692,3.1257235308911078
1609060408.380493164,-6.423366728944448,2.744613753795452,3.12163153080804
1609060408.428739071,-6.449945868773845,2.765452127458488,3.119557335619593
1609060408.479394197,-6.476059599445758,2.785988954267051,3.1168955969478667
1609060408.527713060,-6.503378329494208,2.806696822881886,3.113186363701228
1609060408.579924107,-6.5315051235224075,2.827133101680925,3.1103532957800812
1609060408.628437996,-6.557415998672727,2.846757297809468,3.1095680860974415
1609060408.681055069,-6.582794858355424,2.8650248194347228,3.109981176847553
1609060408.727375984,-6.633230135764823,2.8988833562165297,3.1191732387600766
1609060408.778818130,-6.656962401244019,2.915823432122629,3.126706219085733
1609060408.827222109,-6.680223255076097,2.9314743415715583,3.135410274486386
1609060408.878816128,-6.702481242895875,2.94716700303022,3.143612392991095
1609060408.928865194,-6.723903034485474,2.9631574631667874,3.151873865680443
1609060408.979489088,-6.769146313693497,2.992935079090266,3.169215655205768
1609060409.026559114,-6.79163803211954,3.007752503107543,3.1787432911519886
1609060409.079119205,-6.813870669630738,3.0221841249333465,3.1884900961807627
1609060409.129620075,-6.83594857669155,3.0369580885137175,3.197517061802131
1609060409.179974079,-6.858609976115304,3.0520690209140646,3.2065603687758806
1609060409.227297068,-6.903846950148807,3.0821896434844014,3.220670292560907
1609060409.280170202,-6.927387956915403,3.0969858934919223,3.227347720433004
1609060409.327556133,-6.9517361371133255,3.1133181215206243,3.2331387578388977
1609060409.378501177,-6.978315963133767,3.131276223731838,3.2402734695646895
1609060409.429986000,-7.004722419748614,3.1476786537380974,3.245486713075328
1609060409.481420994,-7.033066783474663,3.1657720523421276,3.2507273193450885
1609060409.528619051,-7.089180741791171,3.2025355425824067,3.259033862509332
1609060409.578970194,-7.121133371837207,3.2211628926091436,3.2618076300449506
1609060409.628424168,-7.15273460885064,3.2401580630173292,3.263846424784184
1609060409.680056095,-7.185814859113677,3.2610525858224158,3.265834366579478
1609060409.729544163,-7.220417117683965,3.281777865557448,3.2684710852533243
1609060409.781149149,-7.289729630715556,3.3230507939664093,3.2705375678692477
1609060409.829326153,-7.325848084029484,3.3463467404304765,3.2722840222625553
1609060409.878853083,-7.36063188786931,3.368405921972812,3.2740300116498666
1609060409.927361012,-7.399310880705915,3.3912270300935106,3.2761898552513955
1609060409.980737209,-7.436118838619496,3.414549071090338,3.278453782752889
1609060410.028295040,-7.511405847376356,3.4619541583080533,3.2823569241159163
1609060410.078970194,-7.551601892172393,3.4855807792651454,3.283740177451154
1609060410.128543139,-7.590299922602377,3.5088489984556475,3.2855498041604374
1609060410.179124117,-7.6318171387338225,3.5340983337348284,3.287257930721534
1609060410.228488207,-7.6724762682486585,3.556881295608381,3.288971447361188
1609060410.279890060,-7.7155935257576616,3.5828271805997396,3.2897598144625757
1609060410.329349995,-7.795583175945602,3.6343843304744468,3.2921791421876883
1609060410.377452135,-7.833840081383251,3.6575810465117193,3.2934912035354387
1609060410.427040100,-7.874911811597194,3.682738300930815,3.2943417234268306
1609060410.481698990,-7.9137249458937085,3.7090003194053196,3.2952673548550067
1609060410.527576208,-7.952092610255551,3.7365171496201484,3.2953820317949862
1609060410.578217983,-7.993897066630634,3.765899528767484,3.2957069028414256
1609060410.627376080,-8.074512376478538,3.823435099882875,3.2979400188071004
1609060410.679148197,-8.113471598575913,3.853113911710839,3.298560368271268
1609060410.726834059,-8.153757664310238,3.883262601220416,3.299065794994437
1609060410.779208183,-8.192296728972696,3.9135736402416583,3.299098139403327
1609060410.828528166,-8.230586261099951,3.944176374658575,3.3009235319614927
1609060410.879283190,-8.30734792632073,4.0088603883947975,3.3021883251380313
1609060410.928606033,-8.344833882359701,4.042261987158263,3.3044945306143596
1609060410.978766203,-8.381844754010668,4.074291528302105,3.306239895623982
1609060411.025828123,-8.418739799018887,4.108837422432906,3.307518513657632
1609060411.080110073,-8.457160598082648,4.1437894991617235,3.308290638035011
1609060411.129387140,-8.527240010307864,4.212174115778769,3.3080762605913865
1609060411.176635981,-8.560219373371826,4.246024466097257,3.307775635987806
1609060411.226155996,-8.594956696108923,4.281689547058047,3.3074787263358267
1609060411.277624130,-8.62928807522055,4.317966895483767,3.307172625324082
1609060411.326937199,-8.66382932129989,4.354356281226753,3.307561403776745
1609060411.379705191,-8.69595419924146,4.388849587425302,3.306800910658291
1609060411.427775145,-8.760647549184906,4.4580881748934935,3.305826728998621
1609060411.470930099,-8.791361405899728,4.492070275935003,3.306591488822118
1609060411.521054029,-8.823911191806868,4.528168414240913,3.307903280055367
1609060411.580197096,-8.854979278295577,4.562859237439756,3.3100984311521326
1609060411.626838207,-8.914551498305105,4.631110544274005,3.3129168500060633
1609060411.679201126,-8.942901830941764,4.6628023575263775,3.3150086895999866
1609060411.728243113,-8.973812275371987,4.697414630355599,3.316451012036204
1609060411.778196096,-9.002611574685908,4.731784318375706,3.3182978571109345
1609060411.838414192,-9.064189696677122,4.805679204420958,3.32462669965002
1609060411.878583193,-9.0920526465802,4.83951333304034,3.3279462996677687
1609060411.925848007,-9.120851045810443,4.874568944384794,3.33018257422218
1609060411.970710993,-9.14854227302957,4.908376065299198,3.3337843050991918
1609060412.021212101,-9.176797671059639,4.9440463893579185,3.336087880050245
1609060412.070445061,-9.203205317091399,4.977344834101753,3.338539435050059
1609060412.129059076,-9.258096669736481,5.049297038112574,3.3443592442126544
1609060412.171797991,-9.283635795046322,5.082999535676553,3.3477048863827044
1609060412.220314980,-9.310968203566397,5.119076352182542,3.350838965975367
1609060412.280927181,-9.337447828537478,5.154887614284409,3.3545868626554736
1609060412.328114033,-9.365246384134515,5.19133496288806,3.3589429100417423
1609060412.381548166,-9.415811767671556,5.264211902221799,3.3679655063864757
1609060412.426798105,-9.441502158057894,5.299788314772467,3.3709449707215224
1609060412.481037140,-9.464695819437626,5.334142852285677,3.374834380622554
1609060412.528138161,-9.492153734324766,5.374312811618811,3.378606070641384
1609060412.578795195,-9.518749157103379,5.413705581905898,3.3817451491840895
1609060412.628405094,-9.543198977280714,5.450949753962892,3.3852825485538656
1609060412.680060148,-9.59094996720943,5.5231765449621655,3.3895759033024984
1609060412.727285147,-9.613563769179049,5.5586444802386445,3.3910826004992014
1609060412.778535128,-9.635515286687475,5.5924550468976655,3.3932290124437294
1609060412.828056097,-9.657599551495991,5.626674465200555,3.3943173282121712
1609060412.880711079,-9.6799914958887,5.65838228621573,3.395304439749781
1609060412.929073095,-9.719199243447953,5.72152022177622,3.399489243831562
1609060412.978442192,-9.736752145978478,5.751413557575592,3.401142068934149
1609060413.026663065,-9.756335749359167,5.780950162646715,3.401452336836913
1609060413.079564095,-9.774241998828671,5.810991575837878,3.4035539041594287
1609060413.128509045,-9.793521675370904,5.842402055535604,3.404811656606986
1609060413.179367065,-9.829280506956799,5.897996061116384,3.4087452256885005
1609060413.225435019,-9.84553887983687,5.924289762151442,3.4100644834761926
1609060413.280374050,-9.861620072398509,5.9496243339557076,3.4113669880934836
1609060413.327057123,-9.87744459199785,5.974007345272842,3.412166019966728
1609060413.379295111,-9.893091007201416,5.999527880145568,3.414048335582901
1609060413.429748058,-9.923353378997206,6.044215240297508,3.4179618965656147
1609060413.477909088,-9.93761214291407,6.066609172384137,3.4197506262536326
1609060413.527525187,-9.951776406806434,6.088334728548052,3.421732344612195
1609060413.577910185,-9.965398880488642,6.109496444710498,3.4235658455317086
1609060413.626291037,-9.979675844533354,6.129876718383731,3.4262056197310002
1609060413.681443214,-9.994041700698055,6.150071148623123,3.427559656782373
1609060413.729362011,-10.021546810466631,6.188077147539328,3.4309815737344103
1609060413.778925180,-10.034673459147076,6.205842103789241,3.4325664725775287
1609060413.825621128,-10.047386310020308,6.223604829871295,3.4343008688280037
1609060413.870529175,-10.060391990501039,6.2413081281054055,3.435146419255995
1609060413.926827192,-10.073031665177986,6.257961945241437,3.4363660514228904
1609060413.980643988,-10.086426228041798,6.27457812934556,3.438065360513594
1609060414.029057980,-10.1104567674892,6.3054848860545185,3.4421539710642666
1609060414.078119040,-10.122192590119631,6.320094663011812,3.4452710011168843
1609060414.129755020,-10.133808758507726,6.333925897314085,3.4485923457823127
1609060414.178076982,-10.145359824119208,6.347853655603867,3.4520219901129963
1609060414.237054110,-10.167206683358796,6.374418482515399,3.459520837592647
1609060414.278896093,-10.177966838616975,6.386555360359306,3.4640098237021544
1609060414.326367140,-10.188234497795698,6.398240264333001,3.4680436683161595
1609060414.372323990,-10.197489494085012,6.408864935422233,3.4720824713715643
1609060414.422741175,-10.207347294925942,6.41957315362399,3.476242559165714
1609060414.469741106,-10.216558604854683,6.428823310252785,3.480188255608125
1609060414.523486137,-10.225726553853722,6.438636038697435,3.484769404595557
1609060414.571552992,-10.243232714076424,6.457982796667547,3.49320023618494
1609060414.619873047,-10.252068979654165,6.46696158974888,3.4970596835012007
1609060414.671653986,-10.260164260528637,6.4753818675260995,3.5006948663683097
1609060414.721688986,-10.268517043112443,6.483702096569939,3.5046313578622286
1609060414.773606062,-10.276112772386618,6.4909404250394225,3.5087157080750675
1609060414.820553064,-10.28415141166144,6.498414103810855,3.5126173587901004
1609060414.871097088,-10.299617508526815,6.5130455580380975,3.5204002654472024
1609060414.921655178,-10.306968768398502,6.520358333036899,3.524163557137335
1609060414.970494986,-10.314818272228099,6.527673071551622,3.5286560749672375
1609060415.021867990,-10.321796815726909,6.534432495345836,3.5326519969353942
1609060415.071359158,-10.329501542658384,6.541301761187139,3.5360630768807138
1609060415.122093201,-10.343528413141843,6.552949671281734,3.544686315735218
1609060415.169690132,-10.349530081730514,6.558146520597443,3.5485367826032785
1609060415.270138025,-10.36320694729352,6.5701129747301685,3.559661959328274
1609060415.335822105,-10.374889660320413,6.580950292553272,3.5695554133394207
1609060415.385161161,-10.380185134245547,6.586508847135772,3.57455546953849
1609060415.426522017,-10.385507975086497,6.590662524107618,3.579529240804897
1609060415.478945017,-10.390721165510257,6.595229971251218,3.584624918872702
1609060415.527222157,-10.395086072820622,6.599065500828178,3.5895146041130417
1609060415.579497099,-10.399315208984145,6.601633383267764,3.594373820251734
1609060415.625437021,-10.407075346412093,6.605830930641051,3.6040385227296117
1609060415.671557188,-10.410777621263954,6.607541791874571,3.609420305801427
1609060415.721713066,-10.41444684168978,6.609573559612318,3.614156058618706
1609060415.778937101,-10.417673130225182,6.612020450157747,3.6193418663995516
1609060415.826449156,-10.42162745732227,6.613170869662721,3.625245902368272
1609060415.880214214,-10.424834853114678,6.613691146676846,3.6307227685211814
1609060415.929654121,-10.43012665420973,6.61367351059415,3.640045956405766
1609060415.978931189,-10.432765785637535,6.6129733462896745,3.6443301681035596
1609060416.026129007,-10.435239914695703,6.611798425421984,3.6501925844059677
1609060416.071283102,-10.437689939406582,6.610717504794945,3.6555463433188127
1609060416.132973194,-10.440474579419774,6.609763044411299,3.6612525843824297
1609060416.179527044,-10.443613860499852,6.608260705440966,3.666682625003949
1609060416.224436998,-10.449591662731894,6.605761002789254,3.676437734848557
1609060416.281552076,-10.45350043205017,6.604559293603263,3.681166333364928
1609060416.327483177,-10.45760582960775,6.6031376911453386,3.686113786090033
1609060416.379132032,-10.461793921670068,6.600858049537155,3.691152502759282
1609060416.428481102,-10.464483500020322,6.599204188742409,3.6966356226976718
1609060416.478361130,-10.47310943623739,6.593190664050379,3.7084636750397646
1609060416.527779102,-10.478351267992931,6.590777317186525,3.714772193635433
1609060416.578441143,-10.482976894185576,6.588346165881301,3.720397258987626
1609060416.625756025,-10.487869568525166,6.585217096859392,3.725875031013585
1609060416.688992977,-10.499874077078573,6.577980872977566,3.7395424480653983
1609060416.735008001,-10.504487176505947,6.574561228938936,3.7464937677959043
1609060416.779157162,-10.509224205915459,6.570949464389127,3.7528770117828216
1609060416.830991983,-10.515453129889234,6.565777730234682,3.7595862002333753
1609060416.901623011,-10.526250767380965,6.553616806067492,3.773877799130368
1609060416.940310001,-10.531003380149794,6.54687105928944,3.7796684865610377
1609060416.983126163,-10.536795235821469,6.538796459776986,3.7864499090529797
1609060417.031743050,-10.54250782282178,6.531103877816573,3.7940493445696024
1609060417.080188990,-10.547069218403024,6.523016706041258,3.799520896219043
1609060417.128481150,-10.552532173695983,6.512982331232056,3.8065661453498567
1609060417.178506136,-10.556291256103357,6.5036396627976,3.813060263087973
1609060417.229984999,-10.560030568127551,6.493156084262065,3.819762285881941
1609060417.281683207,-10.56667268265375,6.467821481205828,3.830707588584673
1609060417.327920198,-10.56898830412408,6.454998207879822,3.838170370405093
1609060417.380889177,-10.571036873006765,6.441146152160091,3.843463580688825
1609060417.427345037,-10.573082598227472,6.426725769392828,3.84694161934045
1609060417.482033014,-10.574211159595048,6.411461458339932,3.8525970777035834
1609060417.528115988,-10.574812617765339,6.381749326266561,3.8644962364623954
1609060417.578565121,-10.575385072306183,6.363429303316,3.8678053033902238
1609060417.628115177,-10.57440049337226,6.347455226390725,3.8712362705174233
1609060417.680741072,-10.57279103920036,6.329853086057522,3.8754724043416733
1609060417.728932142,-10.571486899105391,6.311863240346607,3.8797497372223013
1609060417.780569077,-10.56696320413511,6.274797725315512,3.8883704132017485
1609060417.827723026,-10.563505754362733,6.256993976272195,3.8926232860110463
1609060417.878182173,-10.559479814589793,6.237101754872182,3.8962700287196945
1609060417.928631067,-10.555517511339215,6.217211965214577,3.8986560473779033
1609060417.978594065,-10.549839448050122,6.195870109815974,3.9009443427944124
1609060418.027911186,-10.538854059698785,6.154896100824299,3.908986879243633
1609060418.080447197,-10.532453511128054,6.131367462523865,3.910449397664598
1609060418.127730131,-10.524484269610848,6.111345071422104,3.914250539205886
1609060418.178858995,-10.517049467702574,6.088855873690239,3.9171596528553003
1609060418.229143143,-10.509626562393539,6.067229423564232,3.917718774115853
1609060418.278476000,-10.48966429680803,6.021884972828648,3.9237004656207173
1609060418.327845097,-10.47867067883794,5.998035522281594,3.924089730431712
1609060418.379217148,-10.468606525193557,5.974056173195404,3.9272734154943585
1609060418.427738190,-10.45609105602773,5.950399441389319,3.926559963682342
1609060418.479364157,-10.44373733781995,5.923597126617967,3.931224480552551
1609060418.530038118,-10.430318985935276,5.898947647804359,3.9340969234439473
1609060418.580530167,-10.400687954909891,5.845932591641887,3.9365209016651104
1609060418.627577066,-10.385785100947846,5.818245606027684,3.937185043749375
1609060418.679231167,-10.370237671730045,5.792265309608009,3.939369377945697
1609060418.727707148,-10.35308686950452,5.765920286429203,3.9420082319320144
1609060418.779791117,-10.336896115949198,5.739734153142084,3.9447173382423504
1609060418.826940060,-10.31978148958801,5.711526541487043,3.94833225338272
1609060418.877894163,-10.282068725956247,5.657161958723169,3.954143941903258
1609060418.928442001,-10.265350018709505,5.631354853424977,3.958421583291532
1609060418.980247021,-10.245467733137069,5.602675751962035,3.9586105795455975
1609060419.028758049,-10.227476738494602,5.577855322501751,3.9622402109385373
1609060419.080204010,-10.187113455072009,5.521172028221546,3.9672411976174704
1609060419.127290010,-10.166400840147595,5.491617617180136,3.9697122303085433
1609060419.179020166,-10.146453424729685,5.464052879927554,3.972256729079742
1609060419.227241039,-10.125975990959684,5.435881821772131,3.9763030467347598
1609060419.280115128,-10.10676883698855,5.408621771845123,3.979505952926994
1609060419.327326059,-10.064809287333404,5.353212512324124,3.989507128744819
1609060419.378854990,-10.043651239829693,5.325573684370884,3.9972521459002923
1609060419.471464157,-10.000273734235158,5.268369607535053,4.009397821354169
1609060419.537253141,-9.958603231314232,5.212972437336457,4.0200847906726445
1609060419.585476160,-9.937848765543482,5.185379365298093,4.027093881798468
1609060419.629018068,-9.91756858350789,5.1578724759122245,4.03083235917266
1609060419.673011065,-9.895726963197333,5.130354288220797,4.0384356838182285
1609060419.726917028,-9.875406266772625,5.102208725300944,4.041181885400178
1609060419.777944088,-9.855991802582501,5.075945627951587,4.047514232253924
1609060419.829607010,-9.81403628456885,5.022868433087215,4.057518646885027
1609060419.879155159,-9.79493092557053,4.996020528797576,4.064803050790619
1609060419.928565025,-9.774287993302703,4.967847766550708,4.066096926438579
1609060419.977845192,-9.752928293565073,4.9398080023953845,4.072067044660814
1609060420.026153088,-9.731066488192244,4.9100874125198395,4.074814391029937
1609060420.080102205,-9.709219014320539,4.880888625687003,4.078904587734453
1609060420.127996206,-9.668802404662394,4.826559535543591,4.085359275699963
1609060420.178651094,-9.649618262140162,4.801585930400922,4.087813000218986
1609060420.225896120,-9.628757826338653,4.773464033045098,4.091219595685946
1609060420.278553009,-9.609113623772657,4.746672053549954,4.0929858427729044
1609060420.329905987,-9.588210415015322,4.719030230653242,4.096467655513363
1609060420.379353046,-9.5475327294203,4.665121218746894,4.101721018650309
1609060420.425460100,-9.525507892211746,4.637493367047956,4.102810315287513
1609060420.478222132,-9.507143247335716,4.610391307146752,4.104886395620788
1609060420.527751207,-9.485237705074304,4.5834953959176765,4.107031648523648
1609060420.579862118,-9.464758035397903,4.555146000589215,4.109011933048421
1609060420.629007101,-9.423079666093606,4.501279520379494,4.112258604128753
1609060420.681604147,-9.400918252956505,4.472320380518962,4.114261890774749
1609060420.727938175,-9.379640627150458,4.445614952079421,4.115858109872601
1609060420.778449059,-9.357730254721961,4.418451481217897,4.116675154683092
1609060420.827750206,-9.335015807033699,4.392347147457993,4.1173491681455605
1609060420.880737066,-9.312129174332348,4.364373845496782,4.119559720958417
1609060420.928517103,-9.265412669689272,4.313055848525384,4.120017023896054
1609060420.978013039,-9.242721868716199,4.288846784676213,4.120990191282809
1609060421.026174068,-9.218267300878079,4.262972314924166,4.1212531252045554
1609060421.073661089,-9.193227388871787,4.238037254803427,4.121892995509844
1609060421.120455027,-9.167288102185701,4.212744130077791,4.122801020402882
1609060421.172883987,-9.140743431494347,4.187798401649683,4.124294624882275
1609060421.224383116,-9.087015701678169,4.138527723006117,4.125412878495686
1609060421.280524015,-9.061320782566206,4.115286670504229,4.125777573154313
1609060421.327854156,-9.032942532641243,4.092857447716369,4.1258014129784115
1609060421.378944159,-9.004425279925428,4.071725979898513,4.124296107196024
1609060421.427192211,-8.976530147553653,4.048318946652362,4.125702742472164
1609060421.479579210,-8.91745456927804,4.005062023541985,4.123785249259457
1609060421.527832985,-8.886544408533997,3.983085869334076,4.1226385064302065
1609060421.580437183,-8.855689369871367,3.960513859132309,4.1218657304695245
1609060421.629995108,-8.82586865233468,3.9414458871555524,4.120003437782268
1609060421.681367159,-8.759613775461144,3.89974660998967,4.1169617871968605
1609060421.727432013,-8.727202214112218,3.8783454173091876,4.116152544198471
1609060421.778424025,-8.692666247015541,3.8587616382165066,4.114618082278852
1609060421.825348139,-8.658243300997203,3.839099475239415,4.1138310908246964
1609060421.880194187,-8.62422836909203,3.8195594076289545,4.1115307061128
1609060421.928580046,-8.557401908691538,3.783331070606085,4.106032832501938
1609060421.978991032,-8.521135168222528,3.7647054397275355,4.10264512330917
1609060422.027255058,-8.48549935178357,3.7454970556404703,4.098196511815862
1609060422.079162121,-8.450816201476986,3.7269967948593212,4.094471778626456
1609060422.129970074,-8.417383472919315,3.7105141566319695,4.090902033811819
1609060422.180117130,-8.3436065610465,3.674727974516724,4.083033189763098
1609060422.228345156,-8.307847104453757,3.656838406011193,4.079007654529002
1609060422.279767036,-8.269565161480685,3.639376220039342,4.07314611859138
1609060422.327003002,-8.234578523863998,3.6246977661407698,4.065875015672555
1609060422.379480124,-8.199635565428768,3.6078259036146783,4.058121350906635
1609060422.427206993,-8.131446278119327,3.578643697480043,4.040930843011937
1609060422.478839159,-8.095982555149401,3.5649766897440074,4.032300295072558
1609060422.528550148,-8.061412880716741,3.5497947672192147,4.0239132519391365
1609060422.580224037,-7.992959186555531,3.5212644452535713,4.007448084181068
1609060422.627099037,-7.956900989452862,3.508230041633592,4.000294740061921
1609060422.677823067,-7.919649739603468,3.494399263961661,3.9918257972809545
1609060422.727541208,-7.884344331493889,3.4806217107566155,3.984533883382486
1609060422.783367157,-7.811333006240268,3.4571556564804595,3.968063269310692
1609060422.828356028,-7.77481496685666,3.445246672075651,3.960939810061344
1609060422.880164146,-7.73753687737042,3.4327786912332954,3.9536260808674406
1609060422.928488016,-7.700714303674779,3.420937914306471,3.9464826934915553
1609060422.979838133,-7.662134074747076,3.4110000732475356,3.9400399659821304
1609060423.029355049,-7.5861691882467674,3.390101598365643,3.9289338005766172
1609060423.080885172,-7.5470532971709545,3.379339178000979,3.9248475946167307
1609060423.127178192,-7.508207366835467,3.372020205181279,3.9210382625830675
1609060423.179766178,-7.468275475583383,3.3633573013168814,3.918121428283847
1609060423.227312088,-7.430754989964402,3.354830131138293,3.9148637933191637
1609060423.280233145,-7.352145788615207,3.340155190918427,3.9109282025825127
1609060423.327131987,-7.311944175559887,3.3346998144469,3.909120613859722
1609060423.378704071,-7.272887338909218,3.3276566486038206,3.9078374317819726
1609060423.425829172,-7.234739483746619,3.3218423991612127,3.907743244135089
1609060423.477626085,-7.193839860876604,3.3172782060767148,3.9087810730266828
1609060423.526779175,-7.152968435656945,3.3135864488372846,3.9100587849818105
1609060423.580407143,-7.075091255899785,3.304044034905502,3.912411319719755
1609060423.627583027,-7.034768832352793,3.301712073483074,3.914294128751024
1609060423.678277016,-6.994710497821707,3.298920468706804,3.916002157927533
1609060423.726454020,-6.956289160196512,3.2948338136775916,3.9172799068749278
1609060423.779623032,-6.917716422680048,3.2916273797185944,3.9191071958896675
1609060423.827763081,-6.877441848614971,3.2907868956219595,3.921004134479425
1609060423.881376028,-6.801873570823393,3.2881094419166637,3.9249510742529097
1609060423.927520037,-6.7635807980046465,3.2873102213587835,3.926501822220441
1609060423.978104115,-6.723181359520467,3.2882716326453334,3.9288304908509417
1609060424.026549101,-6.683980374203298,3.2887568543450776,3.9311494103514395
1609060424.079257011,-6.646065926611854,3.288744785575041,3.9332498366368096
1609060424.131283998,-6.5682016278965065,3.2907370084346432,3.9368860185481704
1609060424.180812120,-6.528906669536667,3.2928150447603635,3.937947226876858
1609060424.269929171,-6.452838688228635,3.29505622359547,3.9393458504108168
1609060424.338038206,-6.37493400739811,3.302718582248424,3.9407218455550126
1609060424.385066986,-6.338024407476468,3.3052325874722683,3.941047543996282
1609060424.427415133,-6.3004691285551,3.3083895095742406,3.9404555161688997
1609060424.479503155,-6.261744527298898,3.313099493011709,3.9401043231294555
1609060424.528802156,-6.223631666211116,3.3175960206070414,3.938903084990633
1609060424.580688000,-6.150094423912861,3.3258811418048317,3.9334824681714835
1609060424.627767086,-6.114649060990121,3.3299110716831883,3.931374987063652
1609060424.678000212,-6.076110107861108,3.335551059698563,3.92921249951981
1609060424.727902174,-6.037450033476919,3.3421894835356873,3.926088323817398
1609060424.779567003,-6.001319757770862,3.347073786538445,3.9227236758337085
1609060424.828402996,-5.918938724625477,3.361877296911093,3.9164533051548585
1609060424.880347013,-5.878278647657485,3.3696047001481944,3.913179702722962
1609060424.927685022,-5.837248710555439,3.3770715925560246,3.9087100820153537
1609060424.979326010,-5.796749948967449,3.385488276301242,3.9050458563791626
1609060425.028661013,-5.757514604362953,3.395080400519358,3.9018638389475164
1609060425.080376148,-5.681571741826868,3.411533733354709,3.893744773827457
1609060425.127739191,-5.645526856800512,3.4199564794860677,3.8908544044256104
1609060425.178142071,-5.604057964735567,3.4313130776088236,3.888123305529909
1609060425.225172997,-5.563514774238946,3.441958247293101,3.8849106415606087
1609060425.281213045,-5.5254526977134795,3.451467870939659,3.8808580699612474
1609060425.331796169,-5.446649785536817,3.4743836466304465,3.8741992166042287
1609060425.382135153,-5.408059635495185,3.485921763684214,3.871139148548634
1609060425.428689003,-5.371907900545178,3.495785948393852,3.8674293279178134
1609060425.480192184,-5.335149301845917,3.5070525131800885,3.8638179530376426
1609060425.529694080,-5.2960283076223185,3.5203931007424067,3.8609093292377157
1609060425.580114126,-5.215648729484535,3.5467287913058243,3.8539016077800117
1609060425.627465010,-5.1781445294990505,3.5584785825178464,3.8502064661024047
1609060425.680615187,-5.137163873466459,3.5730990518154044,3.8471266686211543
1609060425.728845119,-5.097259632592252,3.5874599273976244,3.843937275533076
1609060425.781431198,-5.0574390272996546,3.6014314239264316,3.840731223703953
1609060425.828500986,-4.981933044177005,3.6290064980270813,3.8340294726976616
1609060425.879981995,-4.940998022544225,3.645894754564438,3.831087238812632
1609060425.928338051,-4.9065408904360375,3.6580187227489667,3.8295100717580315
1609060425.981427193,-4.870151350269676,3.6723322112146697,3.826638237758207
1609060426.028719187,-4.7937793622757106,3.703827745720041,3.823196675098444
1609060426.080445051,-4.75561098922908,3.719496176905693,3.821345775421884
1609060426.133275986,-4.719273033217675,3.734408950782676,3.818878958886099
1609060426.178623199,-4.679700565969643,3.7518464907915323,3.816171522021291
1609060426.229953051,-4.6417001740922395,3.7690836371155143,3.8133998100293507
1609060426.279983997,-4.605991107470203,3.7843978663011306,3.8102256045126754
1609060426.327455997,-4.533414375039879,3.818262214965653,3.8020659621200235
1609060426.379871130,-4.496356727953433,3.8361643420612452,3.79709639113514
1609060426.428410053,-4.459240602439394,3.854360331843086,3.791915039692336
1609060426.480945110,-4.423615568829469,3.8718007368478595,3.7867328802175297
1609060426.528591156,-4.351461768287937,3.909172614103472,3.7757870121876813
1609060426.580346107,-4.318555475942048,3.926886567212051,3.771044845851449
1609060426.628355980,-4.282507140317957,3.94679935992691,3.764956765318548
1609060426.678764105,-4.2486364704224755,3.966137874155919,3.759529364238462
1609060426.727844000,-4.213373906414798,3.986466279268001,3.7529322443769715
1609060426.780528069,-4.14277776156273,4.028156580812993,3.74028385231518
1609060426.828762054,-4.1091812076145935,4.04858793329149,3.734068523828924
1609060426.880460024,-4.076039639023239,4.069436615600829,3.727884345032262
1609060426.927973032,-4.042596822663512,4.0903250039360906,3.7210886793184006
1609060426.980300188,-4.007285346632219,4.113385289703235,3.7133069406501136
1609060427.028684139,-3.973768441582429,4.135595564572746,3.7048340951547836
1609060427.080138206,-3.939050189557939,4.159461051371235,3.696535844921163
1609060427.128703117,-3.8741789754000955,4.204919913747691,3.679562557604811
1609060427.179259062,-3.841412849016784,4.228310978006004,3.6707345007991936
1609060427.228806019,-3.8066817128761663,4.253674398886421,3.6612672137054947
1609060427.281520128,-3.7732285654521114,4.278787363819266,3.6516422096703085
1609060427.329280138,-3.7413878201237125,4.303064130196244,3.6422442750294763
1609060427.381112099,-3.676372987468529,4.353420919917401,3.6212812601411386
1609060427.429231167,-3.6454359493887623,4.3785195444171485,3.610806402075246
1609060427.478861094,-3.6135688287631638,4.403924871311194,3.5996415487169973
1609060427.529126167,-3.583666535717853,4.4290179686235795,3.5886606842441697
1609060427.579799175,-3.5543938003330524,4.453456267096204,3.5778916097566835
1609060427.630326033,-3.522219408156566,4.480798750660188,3.565996133980361
1609060427.681500196,-3.4615733231618755,4.5352106688285225,3.543451274971094
1609060427.727840185,-3.4329810549581623,4.56217918440046,3.5326485419075606
1609060427.779484987,-3.4027588752413394,4.590949638987492,3.521143639968301
1609060427.829073191,-3.3724306661802927,4.620009806551149,3.509674775569019
1609060427.880336046,-3.3408121696050124,4.651095143323982,3.497702933366927
1609060427.928755045,-3.311325872758882,4.680163125212285,3.4872774630092866
1609060427.980607986,-3.2831623067105475,4.708133742956473,3.4774209481440668
1609060428.028478146,-3.229518516657542,4.765156736129459,3.458256532157961
1609060428.077799082,-3.2012096594896065,4.795862869727262,3.449541011380754
1609060428.129625082,-3.1735198904345907,4.826224371316872,3.440817139958087
1609060428.179145098,-3.146604420573457,4.856255411766984,3.432057155804996
1609060428.230478048,-3.1211167604319705,4.884801853078297,3.424589479380238
1609060428.281023979,-3.0670597988625588,4.949180114612215,3.410568999721745
1609060428.327894211,-3.04392611671204,4.977571584739703,3.404066100286089
1609060428.378302097,-3.0174232294544687,5.009192803997127,3.3969689586481486
1609060428.427620173,-2.991314957228269,5.041487575733196,3.3913107452026505
1609060428.481490135,-2.9667759310960022,5.0727216941149855,3.386325883699639
1609060428.530129194,-2.941731101561718,5.1038670789811995,3.381646561469319
1609060428.580730200,-2.893059913812433,5.167615040996811,3.3722568444971035
1609060428.626178026,-2.86777938054081,5.200651635246789,3.368711728419161
1609060428.678228140,-2.845787019087897,5.229926655810697,3.3653806865419345
1609060428.727977991,-2.8224605181091995,5.260860022747369,3.3615879772670567
1609060428.780537128,-2.797032651253371,5.293871568846978,3.3580652693179474
1609060428.829004049,-2.752509523063093,5.357217212610696,3.3533101711926783
1609060428.879436016,-2.7278943894619694,5.3902787804396475,3.3502803367867457
1609060428.929301977,-2.701880397404821,5.423839130763977,3.346072163895238
1609060428.979768991,-2.6800528267907318,5.454984481568008,3.342989753188629
1609060429.027988195,-2.65528763220761,5.488336279629419,3.340137752763656
1609060429.080878019,-2.631125889397424,5.522000767619442,3.336655957282094
1609060429.129002094,-2.583075754335198,5.589422649313416,3.3309683272597326
1609060429.179460049,-2.561337643178682,5.621674451508188,3.329665811051383
1609060429.226698160,-2.5383037298461417,5.654773062357965,3.3275895250413488
1609060429.280256987,-2.5122951578484916,5.690082922739283,3.324247582284107
1609060429.328555107,-2.4900692178444217,5.724044207799746,3.3211558485466988
1609060429.381138086,-2.4671426568478516,5.759518297577987,3.3183212928273846
1609060429.428529024,-2.4162603869162957,5.833174005706038,3.311524891069851
1609060429.478585005,-2.396442380678245,5.867180755191367,3.308092740754306
1609060429.529040098,-2.3732482512528676,5.9049351178740785,3.3050474720198757
1609060429.579662085,-2.348503967910929,5.944342057618922,3.302860154117001
1609060429.628737211,-2.3233494849838188,5.981553819920105,3.3009131134815988
1609060429.681184053,-2.2763608103679474,6.062257194683266,3.2964549936385783
1609060429.727297068,-2.250980679980465,6.106360833646928,3.2930987342039675
1609060429.779306173,-2.2254173812678104,6.151680557672957,3.2932037547790305
1609060429.828670979,-2.2031200432251126,6.193798077239837,3.292701538332656
1609060429.881679058,-2.177408608764704,6.24038076364182,3.292006984289106
1609060429.928592205,-2.127325536961788,6.336236160534948,3.292410125207601
1609060429.979950190,-2.105030509282141,6.385439538198309,3.292499235526133
1609060430.029108047,-2.083062064102279,6.4357317407037264,3.291940402293818
1609060430.079665184,-2.057805376679557,6.48784893759797,3.2932394944570813
1609060430.139734030,-2.0341641413267944,6.542315821019844,3.2946935485757614
1609060430.179250002,-2.0129142543360636,6.594250092897152,3.2967094224174858
1609060430.227625132,-1.9727010497873287,6.7020024828240885,3.301408847788508
1609060430.279911041,-1.9501354272266695,6.758600663957967,3.306488586127653
1609060430.329241037,-1.930486887013405,6.8121991106876045,3.310789292558395
1609060430.379837036,-1.909611604971765,6.869654074581259,3.318140047168452
1609060430.429674149,-1.8890759976564837,6.927422111407811,3.3260493955386927
1609060430.481505156,-1.8532958409038969,7.042119357833084,3.34267043889289
1609060430.528452158,-1.83991218575488,7.098584825257138,3.3514159518695426
1609060430.580064058,-1.8257426066639368,7.152640579036859,3.3604904653384207
1609060430.628176212,-1.8083405574924782,7.212218535095882,3.370803887154082
1609060430.679733992,-1.7939123655115132,7.269122179976687,3.380507900178353
1609060430.730561018,-1.7713777836351348,7.379790624389525,3.397456738589142
1609060430.780865192,-1.7628378402166405,7.433901057339622,3.4055191131679816
1609060430.828189135,-1.7541569402211472,7.486656399862735,3.4137744092421585
1609060430.877870083,-1.748722328649258,7.5360232005784376,3.4204884759735084
1609060430.929910183,-1.7411048488438183,7.588775248717841,3.429290840122377
1609060430.981590033,-1.7349261708412023,7.640820008354641,3.4363298339971156
1609060431.028035164,-1.7275088369113831,7.737673054950211,3.449460427673687
1609060431.080696106,-1.7261409049441383,7.782302422013441,3.4551710482754103
1609060431.127861023,-1.7254657005626797,7.830697782131093,3.4616535821769023
1609060431.179397106,-1.7271405231240706,7.878096573825697,3.4681894473907757
1609060431.228162050,-1.7382893234142571,7.969021094293236,3.4805079289094625
1609060431.281984091,-1.7463832309242413,8.015592433156218,3.4873952918232547
1609060431.327632189,-1.755829416877468,8.061872011366372,3.4940105590927537
1609060431.380648136,-1.7700096189370953,8.106516361376396,3.499683090100575
1609060431.441133022,-1.8048576464446526,8.197958516804714,3.5096622948538982
1609060431.487370014,-1.8233773646181177,8.241791763204585,3.5144172016265873
1609060431.531643152,-1.8397266846750924,8.283065339736776,3.5187645152619336
1609060431.578772068,-1.857584985857521,8.324147768993871,3.524280884482309
1609060431.629288197,-1.8760955926812528,8.363631582192713,3.5275366802233457
1609060431.681290150,-1.896385914700918,8.403949947229567,3.5309080148864425
1609060431.728561163,-1.916080116513065,8.442082087148858,3.5346709448116727
1609060431.780210018,-1.9600257533245937,8.517901978070437,3.54189331693731
1609060431.826713085,-1.9836504532793953,8.55517618565825,3.543935595194153
1609060431.878309011,-2.0069007484167543,8.59117952803567,3.5465600816389156
1609060431.923537016,-2.031945013171782,8.630382748303983,3.548196269492017
1609060431.972276211,-2.0562589490013927,8.667563158810832,3.550776257974567
1609060432.020538092,-2.1041892977428702,8.742733687263861,3.5567723180313635
1609060432.079569101,-2.1251212530096595,8.776491860420801,3.560303097723491
1609060432.129607201,-2.1455704194510403,8.81032310704995,3.562323026618012
1609060432.185536146,-2.1823649448593443,8.87851404735785,3.5676948588656945
1609060432.231467009,-2.2009190518767383,8.9140562951082,3.5707955312165964
1609060432.277867079,-2.217940760468913,8.948309326270095,3.5739436239669597
1609060432.328068018,-2.232758471537263,8.98105919147574,3.5764986086910415
1609060432.376345158,-2.247424503013203,9.015709771439898,3.579065247185472
1609060432.422329187,-2.260140659431123,9.048605003493858,3.5817328175241805
1609060432.479573011,-2.2843389767708295,9.117396105444296,3.585128500669258
1609060432.527909040,-2.2963495557543325,9.152608268562542,3.5867942946394233
1609060432.578797102,-2.3053000630459515,9.186390820780904,3.587717178511573
1609060432.628079176,-2.31612634797661,9.22203460972612,3.589404521295263
1609060432.681718111,-2.3229977833445012,9.258927202186992,3.5909915114041464
1609060432.729138136,-2.3388439483393384,9.33118635016245,3.5926743926367646
1609060432.780515194,-2.3467221520169765,9.368149993160511,3.5927807066662094
1609060432.828166008,-2.3528847014710728,9.406997069829789,3.593405964338567
1609060432.878829002,-2.3588779687211527,9.4478489205034,3.5936625506489897
1609060432.928115129,-2.36575691441465,9.486116838969462,3.5928683255844476
1609060432.980693102,-2.3699665687957,9.52562294031738,3.591659501761569
1609060433.027698994,-2.3795834821680266,9.602326586814893,3.5888139637637124
1609060433.081295013,-2.386156891205424,9.640816890601837,3.5862429225205155
1609060433.129487038,-2.3870857852212204,9.681502322270727,3.585585539063608
1609060433.178853035,-2.392462032432853,9.72195562210111,3.5842832236376587
1609060433.229087114,-2.395106193854353,9.760305934505215,3.5845766324759882
1609060433.281847000,-2.4021040844652717,9.845412034868712,3.5855392835113946
1609060433.328270197,-2.4073196966066632,9.886656894147091,3.585961089816143
1609060433.378964186,-2.408960127441354,9.926220773252222,3.5878444801033353
1609060433.429242134,-2.4145820229118087,9.973421194274554,3.589814802573672
1609060433.479380131,-2.4190907670852937,10.021055688121674,3.592298097390879
1609060433.528609991,-2.424545378017786,10.065100623420872,3.5950081752787995
1609060433.579957008,-2.4303898338219234,10.108406994817205,3.597980980424678
1609060433.628313065,-2.441206890946642,10.194968843086155,3.601509159984664
1609060433.678635120,-2.4464194592732333,10.235574744825374,3.603085257161281
1609060433.728372097,-2.455473337648094,10.278976555139895,3.6040869026321136
1609060433.782214165,-2.4640919840192126,10.321197834025742,3.6054962627621627
1609060433.829161167,-2.483929055568126,10.405934056007535,3.6092570360734317
1609060433.880794048,-2.495364391341891,10.445397600511274,3.6097599406802647
1609060433.926801205,-2.5083856148820765,10.48878113774894,3.611329682077997
1609060433.981521130,-2.5211158388525305,10.531269011753064,3.613658652100588
1609060434.028669119,-2.5370958207357965,10.573911378782636,3.6161474428056852
1609060434.082746029,-2.5717809043199438,10.657746142630227,3.6224015147196535
1609060434.128036022,-2.5902540456069474,10.696102450186299,3.62522255856614
1609060434.179499149,-2.610009531062662,10.733339947339555,3.628271066001597
1609060434.227372169,-2.6359438379103857,10.777353639541158,3.6328239398980813
1609060434.278692007,-2.665111404815029,10.823013023533672,3.636648408185856
1609060434.329144001,-2.6913344477460086,10.85996122940703,3.6413594047951463
1609060434.378516197,-2.7218148500917216,10.900113319155775,3.6469849779855608
1609060434.427966118,-2.751235824424217,10.93618397879457,3.652285166552147
1609060434.478496075,-2.814675340525241,11.005591281061026,3.661798958785793
1609060434.527953148,-2.84969972384258,11.040642044540707,3.669474075104569
1609060434.579734087,-2.8832447600116424,11.07271801085221,3.6755495305306614
1609060434.638806105,-2.963387914596641,11.140408160325432,3.689065415752342
1609060434.685126066,-3.003520022946276,11.171163785357333,3.6962473873962125
1609060434.728393078,-3.0446641259758174,11.201326067088242,3.7027201199247255
1609060434.779199123,-3.087575642402374,11.229441301901165,3.7093224409084833
1609060434.828484058,-3.131126275184318,11.257756335714728,3.7155306929643714
1609060434.881369114,-3.1752400345387244,11.28478506866411,3.7221268128115597
1609060434.930052042,-3.265545042555857,11.333078172315918,3.734385605109649
1609060434.979966164,-3.3108310160349745,11.35547756557705,3.7408309386478287
1609060435.028119087,-3.357219045767213,11.37935714215342,3.7475540459632484
1609060435.079649210,-3.402711439993695,11.4016392226176,3.7531157892855607
1609060435.130227089,-3.448592062139088,11.420081151297442,3.75905205842351
1609060435.181203127,-3.5452591616764657,11.461106054505162,3.7728895756963094
1609060435.226970196,-3.5871115334933066,11.48004836727154,3.7777036172394514
1609060435.280694008,-3.63608120976852,11.496766042176613,3.7844824640305834
1609060435.329034090,-3.6915954961979303,11.516593588494391,3.791403726740791
1609060435.379420996,-3.742570737539868,11.536627395622201,3.7984764152781167
1609060435.429876089,-3.7857104799987695,11.552834329361563,3.8041380874593127
1609060435.481629133,-3.8786526020859746,11.585219522249798,3.8134681312073706
1609060435.527260065,-3.9226081071851446,11.603000292245728,3.817607018578487
1609060435.578764200,-3.9645503460672167,11.620025071243536,3.821485113172347
1609060435.627921104,-4.013370000281718,11.637706694343844,3.82455946302837
1609060435.678073168,-4.061516153629384,11.655398189815184,3.8280311632061537
1609060435.729574203,-4.104392789470907,11.67314985728314,3.831984670795496
1609060435.779999018,-4.147466098325381,11.690273942701811,3.8348472643335754
1609060435.828428030,-4.231249938792011,11.722987571592409,3.8389447865731494
1609060435.881323099,-4.2687428159213034,11.73990895057543,3.8421255841740383
1609060435.928601027,-4.307876341971561,11.757853706172636,3.8455184467955803
1609060435.979134083,-4.34850030393137,11.775384389652242,3.8481809828527886
1609060436.028963089,-4.427813509331486,11.810442321328406,3.85461735688947
1609060436.079155207,-4.467105504371954,11.830335803204772,3.8578568291676394
1609060436.128490210,-4.507230569314949,11.849616525935321,3.8604264017644905
1609060436.178976059,-4.548870258374301,11.868069521099532,3.862165901441868
1609060436.229210138,-4.585625893385998,11.886268815030558,3.865792408874219
1609060436.281616211,-4.670620886777975,11.925907001802972,3.875002960080808
1609060436.328548193,-4.709804617004,11.94260904442385,3.8793471902323784
1609060436.378961086,-4.749395044125503,11.96010209576114,3.8846726791380224
1609060436.429300070,-4.788878938263451,11.978312866019753,3.8909375558542667
1609060436.481732130,-4.871818606577946,12.01534956714455,3.899154751470231
1609060436.530310154,-4.914952342435161,12.031625529747867,3.904155118388312
1609060436.580796003,-4.957226883927966,12.04993032726863,3.9094225341407274
1609060436.628488064,-5.001849622180835,12.068743122396238,3.913587142948959
1609060436.680999994,-5.049633571933526,12.08614241454853,3.917813433449073
1609060436.731419086,-5.140343576589789,12.120907630498191,3.9264260693851405
1609060436.778729200,-5.186170235933833,12.138951295133072,3.930414137278655
1609060436.828267097,-5.235708528578531,12.154813280586861,3.9346493476344655
1609060436.880110025,-5.285745629638733,12.17134930747181,3.9378994347361402
1609060436.929759979,-5.333234950607256,12.186954023518194,3.941491846650438
1609060436.981503010,-5.428496047809542,12.21892499851155,3.94773605953546
1609060437.028449059,-5.475191943220597,12.231561634762453,3.9511009002473205
1609060437.082385063,-5.523356525941697,12.245740111512045,3.953833898444378
1609060437.128386021,-5.570492161668973,12.26000403286871,3.9572381935463223
1609060437.181104183,-5.619813045662379,12.273187324525633,3.960395929468959
1609060437.229670048,-5.716446949463002,12.296011042084803,3.9651091168244434
1609060437.279520988,-5.76026098937588,12.308128894084465,3.9676703511853813
1609060437.328559160,-5.809289440918423,12.319254672801495,3.968880810393795
1609060437.379776001,-5.8581470021029,12.328179575257113,3.9702294796188227
1609060437.437894106,-5.953724270860416,12.348903358130915,3.973163267067715
1609060437.484019995,-6.002846763736251,12.357961886736394,3.9738830372216913
1609060437.532320023,-6.05172992230797,12.36580224757127,3.973525681496609
1609060437.579575062,-6.100843897494084,12.37342220630416,3.974162831449993
1609060437.628848076,-6.149261123981216,12.382359361193334,3.975374326687753
1609060437.681441069,-6.197300445027562,12.389491899294331,3.9764390241532563
1609060437.729734182,-6.245033827346919,12.3940812526568,3.9763632525655357
1609060437.780804157,-6.338829441698657,12.405688985285526,3.9785348846531896
1609060437.827929020,-6.387489803876424,12.410882134866785,3.9790489261105932
1609060437.880667210,-6.4339388202108125,12.413628975297602,3.980318105548063
1609060437.929320097,-6.480615699686652,12.418327873927755,3.9802368529605126
1609060437.980836153,-6.571256249469879,12.427007230648893,3.982718795081535
1609060438.029119015,-6.617515351177321,12.428296124109021,3.982984919858602
1609060438.079920053,-6.664364715322446,12.43064056235944,3.9832314391816652
1609060438.129821062,-6.70964707475726,12.432922960483548,3.9829922894310066
1609060438.180252075,-6.757967464824013,12.435035330554616,3.9829854489495897
1609060438.228499174,-6.853154771720611,12.434965033507272,3.982423612676376
1609060438.280722141,-6.898395450716855,12.436802840744004,3.9815747242769888
1609060438.328006983,-6.942258534741729,12.437451730748368,3.9809027352951247
1609060438.379569054,-6.991522316440353,12.436298371898925,3.97976827216878
1609060438.429699183,-7.037603019816775,12.434505609471241,3.979229404989667
1609060438.481365204,-7.083557279667758,12.434812533481018,3.9778171636452733
1609060438.528198004,-7.1726898649719715,12.433250203549687,3.976410649437856
1609060438.580866098,-7.216762421017652,12.43071093764512,3.9757539735722034
1609060438.628835201,-7.263250399403848,12.428829293739877,3.9748313966305435
1609060438.681217194,-7.30588505494779,12.427593837394088,3.973647050212895
1609060438.729390144,-7.399709106762511,12.419950222947367,3.9724444487172264
1609060438.779657125,-7.441733735893859,12.417645735891018,3.971652179713441
1609060438.827876091,-7.485562854664362,12.415052913841723,3.970282019694208
1609060438.878496170,-7.531473233595449,12.411586557701046,3.9690077787705356
1609060438.928888083,-7.576632245568469,12.40683387369295,3.9669693179755683
1609060438.980331182,-7.665601838859992,12.398764275714345,3.9641766388264266
1609060439.027786016,-7.707291075219139,12.394991590640789,3.9615387538426585
1609060439.079364061,-7.751289662354022,12.388380796272049,3.959934558473787
1609060439.130916119,-7.794065845263521,12.38279124890634,3.9583405040866726
1609060439.180733204,-7.875076672512662,12.373313919265666,3.9533789442727336
1609060439.228211164,-7.917569324193334,12.366472170636424,3.9530361736396333
1609060439.281038046,-7.9615801106158095,12.360627355421112,3.9532386808481093
1609060439.327913046,-8.000543595265171,12.354232282649594,3.949211695509229
1609060439.379565001,-8.045294230947832,12.34703546969919,3.9481767046784757
1609060439.429732084,-8.131283412958943,12.331487948214896,3.943026439420878
1609060439.481400013,-8.171640796562603,12.324674808382593,3.9410076316509635
1609060439.539367199,-8.210948653246373,12.317295637279113,3.939783229487272
1609060439.587499142,-8.295865818583302,12.29856147611667,3.9358507669924396
1609060439.636876106,-8.336077537232562,12.291228435676448,3.935433471228361
1609060439.681042194,-8.375908248166677,12.282761801126451,3.932798673346827
1609060439.728736162,-8.419225849889205,12.273483738913693,3.9319600941075397
1609060439.779679060,-8.462383077233085,12.26243626505953,3.928975333605127
1609060439.829038143,-8.500990988933424,12.254341120976779,3.9268035164969657
1609060439.881503105,-8.582608320600272,12.235360108131115,3.9211529836120427
1609060439.928616047,-8.622909805984413,12.225190384195148,3.91805468750408
1609060439.981040001,-8.66075981490242,12.215863293649353,3.915188485287789
1609060440.027599096,-8.696939362781745,12.207971559577484,3.912146497218753
1609060440.081411123,-8.738863665404,12.196639608468633,3.908858413873583
1609060440.128535032,-8.81382854668919,12.177357898492577,3.902314138720735
1609060440.180097103,-8.850008171851616,12.168000286524485,3.8990353478812665
1609060440.225985050,-8.886977063780218,12.158726089708782,3.8969915134220123
1609060440.279961109,-8.925069387563209,12.147628442974476,3.891517699945373
1609060440.329184055,-8.99641390776829,12.127530086135582,3.8838954311952616
1609060440.378593206,-9.03239100137954,12.11684384975364,3.880848000200457
1609060440.426942110,-9.066610822485085,12.107626023314477,3.8770965348593123
1609060440.478640079,-9.103255595676643,12.096308598316941,3.87374143157626
1609060440.528146982,-9.133601345014675,12.088091923488616,3.8707181575680245
1609060440.580146074,-9.203542026003504,12.06701297225042,3.8647356688247925
1609060440.629389048,-9.234939532605821,12.057256872915413,3.8621974785404998
1609060440.676387072,-9.265478886728971,12.047573465750485,3.860038250364445
1609060440.727923155,-9.294957424490349,12.038777328906743,3.8576033396791214
1609060440.786754131,-9.357044099352791,12.019582367589575,3.853618382587129
1609060440.827316999,-9.383720640604697,12.012456026609595,3.851959002516253
1609060440.875877142,-9.412767252592271,12.00301154411591,3.8511071262106817
1609060440.931124210,-9.441970378881791,11.993686888149686,3.8498690161129954
1609060440.979609013,-9.471253918185386,11.9844651377451,3.849935816397611
1609060441.028758049,-9.5252110321977,11.967515169891993,3.850990855963156
1609060441.129243135,-9.554205701532023,11.957531855774729,3.8510126490867016
1609060441.182025194,-9.605034981737397,11.941310439203686,3.854372271943733
1609060441.228152037,-9.631794921166485,11.931376419929673,3.8548892026713357
1609060441.280858994,-9.681577606966144,11.912874055727873,3.8563525440316475
1609060441.329025030,-9.705555111892068,11.904379323296506,3.8595552778654785
1609060441.378175020,-9.730187151082248,11.894131873717956,3.8601174605398807
1609060441.428585052,-9.757245285545697,11.882557490054008,3.862368962669187
1609060441.478903055,-9.781497512401469,11.871561056851771,3.86379991255469
1609060441.537096977,-9.831071775810624,11.849777422766888,3.867460616765163
1609060441.583423138,-9.8554861838942,11.836962245613694,3.8696969833137764
1609060441.627671003,-9.876818268553023,11.824717798679568,3.8719936262871357
1609060441.680040121,-9.900562210978215,11.809902412570242,3.873792472235312
1609060441.728864193,-9.924873037075603,11.793486410865118,3.875541121522181
1609060441.781987190,-9.95113860910229,11.774670769559922,3.8782579835591484
1609060441.830039978,-9.998583555703966,11.73679798798089,3.8828565533604937
1609060441.894683123,-10.024627760118058,11.713203178255899,3.883309320352822
1609060441.930989981,-10.049610092929473,11.6895458305107,3.8855608096217047
1609060441.978468180,-10.07349540303402,11.665859356332714,3.8873332347202645
1609060442.026913166,-10.098497307753949,11.638895118122324,3.8895184069473867
1609060442.082087994,-10.125765231657773,11.608507917153315,3.891542420290035
1609060442.129801989,-10.174657646262816,11.547086708760705,3.8958203855459352
1609060442.180477142,-10.19815576904713,11.514079187689294,3.898209529418633
1609060442.228999138,-10.225802445028368,11.476279163424987,3.9013291039218156
1609060442.280194044,-10.252962324826992,11.436877277093355,3.9048980190027347
1609060442.330140114,-10.276869281898069,11.396752684127247,3.908882968291179
1609060442.380113125,-10.328019975398977,11.309389666146782,3.915054584257323
1609060442.429234982,-10.355793421737147,11.261056678306833,3.9186653633540907
1609060442.480772018,-10.378909021583269,11.21522260696224,3.9229967792238405
1609060442.528684139,-10.403611974268927,11.165830750892159,3.927382288590449
1609060442.580502987,-10.426366943462,11.117451548354925,3.9317679758922566
1609060442.628773212,-10.475658597091062,11.010039091921175,3.94139852442499
1609060442.681797981,-10.499406343933643,10.957387913748615,3.946288858380969
1609060442.728772163,-10.52222391165656,10.90344519141171,3.951238586625113
1609060442.780261040,-10.545953130297097,10.846012356845495,3.957340473150907
1609060442.829646111,-10.5674634447384,10.790472818502,3.9631115078884616
1609060442.881582022,-10.61012084414537,10.674202403893513,3.9748907124886994
1609060442.927739143,-10.630486106744648,10.615388554457365,3.9828633051348117
1609060442.978944063,-10.650354776798043,10.557483355921892,3.9887659729783937
1609060443.029739141,-10.667640179432528,10.501225843668113,3.9965401079398752
1609060443.082411051,-10.703222800097908,10.388260226971422,4.012055141430563
1609060443.127682209,-10.719061464893834,10.33346190511762,4.020962599313444
1609060443.179086208,-10.73450456416117,10.27602214438971,4.0306129159647615
1609060443.228727102,-10.74767147672544,10.223435634849121,4.039856131566742
1609060443.281817198,-10.761300619498552,10.169887328010294,4.0490172096524955
1609060443.328857183,-10.787473433880482,10.060306799912862,4.06764913869571
1609060443.380503178,-10.799230244246353,10.005679393322733,4.077120369694672
1609060443.427570105,-10.809462319328777,9.951704572124921,4.086682739495613
1609060443.482220173,-10.819844470954749,9.897426469440202,4.095459523163269
1609060443.528699160,-10.828028377913757,9.845254000116665,4.1039261947734005
1609060443.588477135,-10.84321146665014,9.745925653890435,4.120020807285746
1609060443.632436991,-10.850036836481735,9.697952826552925,4.128303564345481
1609060443.679489136,-10.85430062873117,9.651834597376666,4.1354145554693496
1609060443.728943110,-10.858134278107993,9.604181994701339,4.144060025973841
1609060443.781625986,-10.862472213830838,9.556853065192403,4.151824760705605
1609060443.830082178,-10.867187144189156,9.463810251480528,4.166983834549686
1609060443.879235983,-10.86919467996146,9.421396587098425,4.174246266977093
1609060443.928887129,-10.870814715589031,9.37756949132832,4.183476392526483
1609060443.980231047,-10.872353537787497,9.334617831748918,4.1901463369592715
1609060444.029864073,-10.871406637676309,9.291868606493939,4.197081334197138
1609060444.080605030,-10.869179195196804,9.251399365858024,4.203475239274292
1609060444.129366159,-10.866086532211945,9.171810421592124,4.216538048396082
1609060444.179435015,-10.863028584276606,9.136099469197173,4.222592110176089
1609060444.228093147,-10.859069624213124,9.101361486967054,4.229006775327624
1609060444.281483173,-10.856393834979976,9.065777779767973,4.235223115261524
1609060444.331593037,-10.8464005057028,8.990729536062045,4.248414761842605
1609060444.387536049,-10.841249658651929,8.9570352305964,4.2551770322236795
1609060444.432651043,-10.837198821737388,8.921121632979425,4.260066667571056
1609060444.485102177,-10.831979040346528,8.88752403525535,4.265475358339776
1609060444.534483194,-10.825267406789578,8.856433117539762,4.27119255566336
1609060444.581612110,-10.818583686782578,8.825321303502289,4.276551077740054
1609060444.630171061,-10.805344289249899,8.766356835228617,4.285877199476598
1609060444.679744005,-10.796832993999473,8.73866813982762,4.28959424412942
1609060444.729159117,-10.78870323649976,8.710844541991225,4.2934379712786
1609060444.780722141,-10.780894571671762,8.683689216959348,4.298414013069333
1609060444.830566168,-10.772921298186606,8.658979272153335,4.3012432593993015
1609060444.881223202,-10.764651357433973,8.63437253514255,4.303689530276596
1609060444.930093050,-10.748383021622132,8.588583373553174,4.309470633162402
1609060444.979432106,-10.740321410887407,8.568639369864155,4.311621948834814
1609060445.028347015,-10.731888315530174,8.547615867937683,4.314027654967759
1609060445.081011057,-10.72367619196104,8.528563541196473,4.315716223503218
1609060445.129235029,-10.716229642587567,8.513025182443084,4.315118522637787
1609060445.181812048,-10.709005258661069,8.498945439627253,4.318408095546683
1609060445.228995085,-10.695886964871672,8.475247389649379,4.31760243928999
1609060445.280653000,-10.69004676953842,8.466669801818117,4.319224185704645
1609060445.329303980,-10.684549583018633,8.460829567495207,4.318412402138813
1609060445.380624056,-10.68121731098567,8.456423055864352,4.3175639766813845
1609060445.430977106,-10.678549465145636,8.454829020141883,4.315612931330378
1609060445.480096102,-10.673994685544788,8.46178023478397,4.314207553056528
1609060445.528472185,-10.674643132019735,8.468412484960606,4.312531232017749
1609060445.578977108,-10.677512964992054,8.477178499743356,4.311037311138726
1609060445.621975183,-10.684246471114001,8.487676917747653,4.3089650394869174
1609060445.681045055,-10.695299765781748,8.500391911902103,4.306086232250278
1609060445.731163979,-10.708852575232122,8.515727214683661,4.305406082424486
1609060445.780709028,-10.746134886609003,8.551189792566095,4.298670423100775
1609060445.828881025,-10.7683503765242,8.572258392391216,4.297093013184369
1609060445.880499125,-10.792578377184835,8.594063050200159,4.2950494266937
1609060445.927330017,-10.820810407004657,8.61953135961102,4.293308938277887
1609060445.979900122,-10.851604960716827,8.647640998969866,4.29209356971324
1609060446.029411077,-10.881415610228782,8.672701561235638,4.291343696182114
1609060446.081185102,-10.953772396574024,8.73016990640171,4.289711959058462
1609060446.131128073,-10.993791773892685,8.759870618164026,4.28897778398577
1609060446.178665161,-11.03432779831028,8.788470946873222,4.2870953443501705
1609060446.228984118,-11.079141575247313,8.81924609882083,4.287660674116726
1609060446.281457186,-11.124886804786918,8.846997116926271,4.28638538726015
1609060446.328745127,-11.2191967816498,8.902671746507206,4.2810852185105475
1609060446.380972147,-11.264809517478849,8.929133631657937,4.278986668739114
1609060446.428580046,-11.316683974135195,8.957496139057387,4.275969685214731
1609060446.480714083,-11.36841278533376,8.985004157589234,4.272898092135435
1609060446.528998137,-11.419630347923519,9.013818649135938,4.270494245461711
1609060446.580425978,-11.516659525810901,9.068718982605478,4.2621734990067655
1609060446.628514051,-11.563119600022986,9.095208820041147,4.257390994167075
1609060446.680069208,-11.606448684026095,9.121007863777333,4.252498149142037
1609060446.731581211,-11.649330587700458,9.148314080358094,4.248202017824436
1609060446.780048132,-11.692640833776036,9.174227110844111,4.243259144690448
1609060446.829411983,-11.735750318658344,9.199356664080337,4.239086918195319
1609060446.880906105,-11.817039113862482,9.251696886853818,4.229726058198185
1609060446.930359125,-11.854441348310978,9.276882010963337,4.224579133597002
1609060446.979737997,-11.89080043109169,9.302618882399262,4.22009664815681
1609060447.028401136,-11.92556953317641,9.330045440386225,4.215541429330553
1609060447.082936049,-11.955594171253267,9.355604054469335,4.210560633680899
1609060447.130169153,-12.0078550295555,9.405438105306256,4.201178189512934
1609060447.180736065,-12.030735743936134,9.43084555815361,4.1965373620783115
1609060447.229449034,-12.051658063220863,9.455754064204559,4.192369416088129
1609060447.281094074,-12.071835642247766,9.48159153235321,4.188326726490688
1609060447.330182076,-12.091152185924148,9.506412782210358,4.185498863861882
1609060447.375482082,-12.12397891264353,9.556675435923122,4.177846499675855
1609060447.423263073,-12.137752104825335,9.582668599647018,4.176404409986626
1609060447.477159977,-12.14872024004094,9.60670261588967,4.172307401543282
1609060447.528703213,-12.159652369196468,9.633535532856403,4.1672882057571545
1609060447.581300020,-12.168241861004198,9.657991014016108,4.164941006240561
1609060447.628663063,-12.18423951558254,9.708765044921098,4.159338568354723
1609060447.681246996,-12.190399582053054,9.733236365362007,4.155138946489146
1609060447.728794098,-12.197005012863347,9.759302400071714,4.151966027390804
1609060447.778280020,-12.201710419798722,9.787162587568158,4.149457900324991
1609060447.830143213,-12.205603751034769,9.813767713679841,4.144889103376945
1609060447.882296085,-12.215940604121055,9.871106438754435,4.139471222007408
1609060447.928719997,-12.219605768184131,9.898439332941944,4.134570996644516
1609060447.979175091,-12.225640222814729,9.926629612126941,4.131997839672961
1609060448.028673172,-12.231086070820407,9.951969307273405,4.130260603500789
1609060448.081704140,-12.239608533524695,9.980692273239693,4.125477220678276
1609060448.130548000,-12.254955531590838,10.037082019618222,4.121273353860779
1609060448.182169199,-12.264050884461138,10.064378203147076,4.119192763308817
1609060448.228177071,-12.272376534931173,10.09325633895143,4.116382381206524
1609060448.279637098,-12.283666020035366,10.121992819796663,4.114404987191341
1609060448.330150127,-12.295017452293205,10.148043479277515,4.1137253767963795
1609060448.380889177,-12.322679614059627,10.203464140505577,4.11207668582397
1609060448.430328131,-12.339148587166974,10.232592939609955,4.111562188584594
1609060448.481029034,-12.35597927268638,10.260904486411686,4.111095663542702
1609060448.528560162,-12.37356839608345,10.290064334430856,4.112586442464856
1609060448.582046986,-12.3922425880945,10.315744239575952,4.112371686060708
1609060448.629378080,-12.43291809057666,10.369737257430312,4.114337637554495
1609060448.682945013,-12.454346119790362,10.396261479286782,4.115780236452467
1609060448.728159189,-12.475441418487733,10.421038556910705,4.1164030347047085
1609060448.781961203,-12.500005318354273,10.44694719563822,4.118883324828277
1609060448.830974102,-12.523574585315352,10.470061021664943,4.1201937539631714
1609060448.882435083,-12.572886452100068,10.515109288361149,4.121854327121049
1609060448.929800034,-12.599425823434927,10.538243207398178,4.12372393358541
1609060448.980499029,-12.624608681051825,10.559193484350029,4.124953707369718
1609060449.029496193,-12.65255470937926,10.583523525225996,4.126282790585249
1609060449.081385136,-12.682939484131975,10.60469544357058,4.128546873324376
1609060449.129601002,-12.710736260542735,10.624208179398561,4.130713865159519
1609060449.182257175,-12.767039276867433,10.663093965483501,4.135610724298903
1609060449.229597092,-12.792593344394891,10.680557555485532,4.136993587248284
1609060449.281344175,-12.821144239706001,10.697588871165937,4.138063289433282
1609060449.328800201,-12.850144373255588,10.716092454565644,4.141037690102568
1609060449.380174160,-12.88181598257783,10.733346003071372,4.142872567781291
1609060449.429436207,-12.912384404349098,10.748204934404438,4.144857781902058
1609060449.481356144,-12.97184019444487,10.77692298362133,4.147379561636331
1609060449.530636072,-13.001146481996447,10.790040247418279,4.1487234988449
1609060449.580252171,-13.029499539611532,10.801588079738554,4.149456160250905
1609060449.629147053,-13.057782110738739,10.814609534800514,4.150434557381187
1609060449.680668116,-13.08877444684861,10.824323268009532,4.151041214373221
1609060449.730679035,-13.115796077268683,10.835964347521003,4.151233897739223
1609060449.780331135,-13.17745351083498,10.853978993352538,4.151955480532262
1609060449.829497099,-13.207514553735344,10.862970596321286,4.1522163326870025
1609060449.881090164,-13.237319646664048,10.870305895161312,4.152932812413397
1609060449.932608128,-13.269759377039406,10.877400722551084,4.15227759272558
1609060449.981177092,-13.302207453626714,10.884130604165424,4.152990028324577
1609060450.029534101,-13.33155901569566,10.889898522800504,4.15320887746571
1609060450.083388090,-13.394222628505815,10.896181438202131,4.154714287658436
1609060450.135148048,-13.42472547087042,10.898459132096644,4.153499124193763
1609060450.181058168,-13.453131565170509,10.901180662041337,4.155647510212596
1609060450.228619099,-13.485855793231195,10.901615492656955,4.156144238705799
1609060450.282606125,-13.518695374211433,10.903315600794318,4.156738835195153
1609060450.330546141,-13.58149826658888,10.907478474647565,4.156779562125079
1609060450.379955053,-13.611913175310143,10.907490065739228,4.16007555301452
1609060450.428682089,-13.644110414410285,10.907383925481984,4.16069290689709
1609060450.482573032,-13.676141386973654,10.908629687914502,4.160553072403099
1609060450.531778097,-13.710102204261126,10.909696282742221,4.16154322876158
1609060450.581305027,-13.782273074193775,10.909636588111649,4.162177723859381
1609060450.629453182,-13.817640933481584,10.91181241199413,4.164140067816257
1609060450.681060076,-13.855848100587252,10.915112950405092,4.1653782861993935
1609060450.728013039,-13.894317255329199,10.917821762986623,4.165572427993437
1609060450.781613111,-13.93309696899587,10.92456817948727,4.1681731105323045
1609060450.828855038,-13.970779121622314,10.930731311614377,4.166718218529349
1609060450.881541014,-14.053824496049458,10.949161479709385,4.169715152704136
1609060450.930435181,-14.093313336909844,10.96013957717523,4.170801787866543
1609060450.980435133,-14.133494858015872,10.97386922918793,4.168965540155618
1609060451.032390118,-14.177736030549816,10.990678874773732,4.170095946442341
1609060451.090063095,-14.26904267650361,11.026748209675464,4.173653959689467
1609060451.134982109,-14.312831816143252,11.04680593106762,4.173356386210292
1609060451.179135084,-14.354738937994448,11.068656401113078,4.175284457288523
1609060451.228018999,-14.4002016260742,11.091950462136975,4.176851652884974
1609060451.280712128,-14.446085860930452,11.114829169398586,4.1782960498644695
1609060451.330120087,-14.490253687041935,11.139446243337115,4.179780273531659
1609060451.380979061,-14.534993029507298,11.16567077698895,4.18025750425719
1609060451.428116083,-14.621078291758032,11.215528269338225,4.1831579720595204
1609060451.479802132,-14.660264882298087,11.23986040452873,4.182926150063507
1609060451.530027151,-14.70725788929169,11.26939324117178,4.183770822300431
1609060451.579686165,-14.755177787766776,11.298785816161423,4.1837583576491735
1609060451.630514145,-14.79550678857607,11.32310211071579,4.182418995646131
1609060451.684009075,-14.87647414641836,11.375267089134429,4.181839396230055
1609060451.728813171,-14.913363349100251,11.397416207443829,4.181518496079622
1609060451.780947208,-14.950218181240515,11.419476055565045,4.181270781160352
1609060451.828563213,-14.98370790304731,11.4397737815987,4.18093863629406
1609060451.881102085,-15.017127015683101,11.45952825708287,4.180442560176914
1609060451.930507183,-15.07796880750496,11.49224252318631,4.179537506027998
1609060451.979911089,-15.104692094932417,11.506758629089664,4.17912494117356
1609060452.030478001,-15.132041879473348,11.520645397991867,4.178869324220653
1609060452.079850197,-15.157452684761274,11.532543745146501,4.178256272072829
1609060452.141802073,-15.18299735512479,11.544575080582522,4.177997090620847
1609060452.179795027,-15.22808914680052,11.565679583829667,4.178021931838682
1609060452.229011059,-15.249951686439793,11.573836163288878,4.178290365837986
1609060452.279659033,-15.269802344799409,11.58146438713258,4.178299904554073
1609060452.328589201,-15.289020484876133,11.588111443714329,4.179472105022814
1609060452.381144047,-15.307897716705895,11.594071406093871,4.180569180089547
1609060452.430617094,-15.343051780481659,11.604933488452492,4.18101616474828
1609060452.479754210,-15.361310564358917,11.610027706576805,4.183685537962386
1609060452.529028177,-15.378972753182879,11.614796866542004,4.186707954117374
1609060452.579004049,-15.395855736796172,11.619722366364709,4.188574433250725
1609060452.630564213,-15.414360477300832,11.624633988742676,4.19178693200212
1609060452.681979179,-15.432051888635598,11.628544137508104,4.1931353237723155
1609060452.729056120,-15.46976915495015,11.63938142398273,4.201674955636175
1609060452.779504061,-15.488116576656644,11.643879425884887,4.205757499945808
1609060452.830963135,-15.50906266145742,11.64936249941368,4.209759100413878
1609060452.880644083,-15.528778959519336,11.654603116666745,4.21352143869302
1609060452.931265116,-15.571133701664046,11.666036632612101,4.224265380318867
1609060452.979619980,-15.592154262317223,11.671047268335816,4.228759555327352
1609060453.028874159,-15.614782549121507,11.67839977597303,4.234691544481118
1609060453.081588984,-15.637368338837483,11.68509750897947,4.23852626802735
1609060453.129861116,-15.662925471722595,11.692032075871897,4.244768319091872
1609060453.181578159,-15.714336894907206,11.711202479059867,4.2555135749879405
1609060453.228747129,-15.740681646470762,11.720629226513122,4.261099146214571
1609060453.280352116,-15.768381796205688,11.729234107933689,4.266986351533312
1609060453.330042124,-15.79616268189897,11.738440476522822,4.272444572577822
1609060453.383922100,-15.821796327424039,11.748079226612997,4.279367835615945
1609060453.429046154,-15.876571447001254,11.766226052025925,4.287474838989716
1609060453.481620073,-15.904351310391093,11.775736264803509,4.298611467283235
1609060453.530162096,-15.930894707212673,11.787284551444419,4.303854232977045
1609060453.580815077,-15.95836355038788,11.796486472429802,4.3081903256862475
1609060453.629384041,-15.986488409268134,11.80650141905657,4.315149195076206
1609060453.682363987,-16.01392467033824,11.816059434411397,4.322242292870611
1609060453.732746124,-16.040033230991334,11.824962813681022,4.327118496045932
1609060453.780745029,-16.090585540465774,11.841230890718851,4.339523508445902
1609060453.828164101,-16.113119661070705,11.848882227776631,4.346129680284363
1609060453.880906105,-16.13674898988686,11.856985521772383,4.352048164440843
1609060453.931298018,-16.162288918875902,11.862648267595869,4.3590479904106605
1609060453.980770111,-16.205893275792995,11.8723853000653,4.372850172221407
1609060454.029380083,-16.226330925212388,11.875060733070537,4.3788208839979195
1609060454.081245184,-16.244493816341134,11.876505886052389,4.384554122313629
1609060454.129816055,-16.26250568594348,11.877192280305291,4.390092534823838
1609060454.181892157,-16.27902615941887,11.876745015256763,4.396135981636014
1609060454.230159998,-16.311902462390627,11.87129992732903,4.407340676178686
1609060454.280667067,-16.325084083770193,11.869477109020107,4.412352823418843
1609060454.327840090,-16.338319818402475,11.867320172598593,4.4177711207873145
1609060454.380474091,-16.352058221826617,11.863918698531887,4.42328367512148
1609060454.430658102,-16.36419900662915,11.859026063803231,4.42874501417586
1609060454.483566999,-16.387558412220834,11.846547504711513,4.439052163106165
1609060454.531413078,-16.39845352028619,11.838850004267673,4.443082945679166
1609060454.578727007,-16.40780555242776,11.83013914387914,4.44784405798552
1609060454.627688169,-16.415417812313017,11.82138033105075,4.454084265567669
1609060454.680584192,-16.423564531206445,11.810056218243371,4.45853823301937
1609060454.731364012,-16.430576476777212,11.797607045399626,4.462358244386197
1609060454.781885147,-16.441101017658802,11.772282692136127,4.473168483354048
1609060454.831376076,-16.44557622512677,11.758235358420482,4.480034833015061
1609060454.881854057,-16.447891870300715,11.743078401909013,4.484318095647691
1609060454.934195042,-16.449339953509167,11.728654892730322,4.488485993187641
1609060454.985146046,-16.452291104071527,11.711356377751446,4.49519167167465
1609060455.032769203,-16.45188525610883,11.677209674101551,4.503218143213926
1609060455.088777065,-16.450795111879827,11.658726874770931,4.50790441418207
1609060455.134570122,-16.448764891616598,11.638146957622244,4.512902542258653
1609060455.183914185,-16.44522327523326,11.617394315690529,4.517028020736184
1609060455.233921051,-16.441573479267866,11.597021453698122,4.521185369189398
1609060455.281438112,-16.431255859543313,11.549690102153416,4.529829752970176
1609060455.329286098,-16.431255808336942,11.549689206308297,4.5298268145081995
1609060455.380719185,-16.415795332518016,11.500663655633698,4.540816086948224
1609060455.428884983,-16.407432843358293,11.472806416145385,4.546400200140493
1609060455.480583191,-16.397893514181973,11.445595309595138,4.552441449061796
1609060455.532083988,-16.388513102097633,11.417471796759596,4.558676906299599
1609060455.580499172,-16.36596870579266,11.357033524002215,4.572077004576769
1609060455.628786087,-16.353860532953902,11.32678666585625,4.57873511102548
1609060455.680741072,-16.34078262194378,11.29688167332208,4.586335830080619
1609060455.731168985,-16.32771423147753,11.266051679348376,4.594105581496837
1609060455.779289007,-16.31450983729445,11.23418141888543,4.602571278299873
1609060455.829546213,-16.299793201695813,11.202781824162177,4.610427675991341
1609060455.880892038,-16.269110843290967,11.136057387971956,4.627673648902311
1609060455.928446054,-16.253209242246427,11.103537868226173,4.636069116773541
1609060455.979711056,-16.238871051049188,11.071772141040572,4.644312498214001
1609060456.029316187,-16.2234154358026,11.039899689177343,4.652542963225111
1609060456.081103086,-16.208156651664325,11.007679532644577,4.660683007852088
1609060456.132400036,-16.191639183195974,10.975816570775567,4.668562269887596
1609060456.179992199,-16.157796424730087,10.907496718678079,4.68545057477367
1609060456.229928017,-16.14072860265692,10.875105786238347,4.6936103220936864
1609060456.280745983,-16.12373575254815,10.841431982340207,4.701016051214973
1609060456.328821182,-16.104808157100955,10.804810708407029,4.706757848317208
1609060456.375164032,-16.08449873538359,10.768000892824329,4.712347291973835
1609060456.426805019,-16.066081782617665,10.734851889255449,4.717837340970631
1609060456.485151052,-16.02846398406826,10.667867935567951,4.724941723908481
1609060456.528421164,-16.008864522303767,10.634156632577533,4.728401650031561
1609060456.579080105,-15.990670921560145,10.602741379282659,4.732610770136581
1609060456.627412081,-15.972014553115997,10.570677111091843,4.735667266873765
1609060456.680670023,-15.951357619408398,10.537472363678173,4.739038063047273
1609060456.726881981,-15.911276501834259,10.472812250459317,4.743935631398701
1609060456.779075146,-15.888008206870616,10.438981290557553,4.746652244071948
1609060456.827740192,-15.864701641147107,10.407843630000958,4.748150770099638
1609060456.878676176,-15.844909245943072,10.374689299260627,4.749419129864364
1609060456.929023027,-15.794618072470321,10.309735200318233,4.751027925801708
1609060456.978980064,-15.769524893833662,10.277798989877898,4.7519431892081325
1609060457.027249098,-15.742994134956668,10.244474692886282,4.751847094023461
1609060457.078922987,-15.715706132261218,10.211430291468854,4.751787176875666
1609060457.129274130,-15.68795611112288,10.179245099845776,4.751378746459752
1609060457.172206163,-15.658115730718194,10.146042593194348,4.750561221138961
1609060457.221413136,-15.599416833130618,10.084237103765052,4.748321553629291
1609060457.273039103,-15.569527710399697,10.05436055320077,4.746943220296755
1609060457.322131157,-15.534038793745552,10.020919174092196,4.745053147890802
1609060457.371599197,-15.49805650859804,9.988150153796486,4.742591254907483
1609060457.428241014,-15.463250915489006,9.95856881451105,4.740408152070382
1609060457.479582071,-15.396926106535275,9.904329612800705,4.735617078194906
1609060457.528037071,-15.361904714908832,9.873572028055097,4.733535370157913
1609060457.578487158,-15.323927748396855,9.850318176100156,4.730504217922018
1609060457.627092123,-15.288387264953037,9.824531773499036,4.728201030046851
1609060457.679813147,-15.249872115487307,9.800057095750706,4.724672320076296
1609060457.727046013,-15.17508791509269,9.7529180412517,4.718819196580492
1609060457.778679132,-15.134251349527837,9.72838723371601,4.716406480657097
1609060457.827083111,-15.095036583315576,9.707495415223978,4.713090766323017
1609060457.879731178,-15.056877903648285,9.685121436139607,4.710308076496165
1609060457.929150105,-14.973025070855947,9.643731435543646,4.704484349918205
1609060457.979729176,-14.933762500357133,9.624220366435718,4.702403645695259
1609060458.026831150,-14.89271192025732,9.603785412581676,4.699819938126343
1609060458.078697205,-14.850685751300574,9.584674960846211,4.697362222408334
1609060458.137619019,-14.806188932222206,9.568063046643847,4.694107116650477
1609060458.180298090,-14.763728854740414,9.54808540681913,4.69295100428857
1609060458.226857185,-14.679593987277592,9.51346717583056,4.688524361706921
1609060458.276430130,-14.637982998708083,9.499937011716948,4.68668963884207
1609060458.327916145,-14.591029901890778,9.482827091418041,4.683881660383969
1609060458.378300190,-14.544414527799297,9.465144475969527,4.681151131959208
1609060458.428943157,-14.50051156128719,9.451156009280819,4.6777583555489635
1609060458.480785131,-14.417867952444581,9.425696357885581,4.671379645639346
1609060458.527002096,-14.374465706857656,9.4124274993255,4.6670987104061545
1609060458.579663992,-14.332550712218463,9.400114998954106,4.66391597711249
1609060458.628001213,-14.290927670572913,9.390786725569615,4.660172111263714
1609060458.680536985,-14.248446229859844,9.378475039409484,4.656425263685943
1609060458.733805180,-14.165542234277225,9.355061536440385,4.64911583971241
1609060458.778982162,-14.121778656395605,9.344435044652212,4.645939505715951
1609060458.827742100,-14.081514864689304,9.334229123825143,4.641827114559893
1609060458.879104137,-14.040624282431182,9.322846914555459,4.638355848488372
1609060458.930878162,-13.997629350406271,9.312952424129488,4.634649096246333
1609060458.980327129,-13.912954275390142,9.29242871917904,4.628690752835901
1609060459.026729107,-13.87437368352306,9.282950993183636,4.624899748873183
1609060459.080546141,-13.83230075038093,9.272429398480543,4.6215808698120995
1609060459.127784014,-13.787354525821506,9.26404538026826,4.617573825586803
1609060459.181243181,-13.744319586649624,9.253481224054841,4.613787054159783
1609060459.227688074,-13.664241668891634,9.233885835905827,4.60577893783425
1609060459.279424191,-13.622607463076733,9.22562679005961,4.602073034632644
1609060459.328384161,-13.580473672216904,9.216612175544011,4.598149289787884
1609060459.388609171,-13.536532121326111,9.205174912742752,4.593804834974623
1609060459.433518171,-13.493376982093174,9.196349765588298,4.589960428637777
1609060459.486275196,-13.409527912728507,9.180518904365226,4.582862162133276
1609060459.533322096,-13.367717740072365,9.170520362309073,4.579214058268754
1609060459.579319000,-13.325809469435157,9.161142178458316,4.576396402009301
1609060459.627422094,-13.283693429175507,9.154927584582698,4.5739673907896865
1609060459.680034161,-13.239950782491022,9.146375314646985,4.571436839816851
1609060459.728425026,-13.153327752755686,9.129485622637706,4.566198985673834
1609060459.779250145,-13.107856376062418,9.12225753279554,4.564577930867628
1609060459.827799082,-13.062401588931184,9.11471648151662,4.562959683477292
1609060459.879274130,-13.018979636104277,9.10637016714421,4.560599393365981
1609060459.927618980,-12.972395304428964,9.099800094892931,4.557925888343432
1609060459.983558178,-12.877701362788393,9.087123259737918,4.5543468276582715
1609060460.025993109,-12.835885914773279,9.078790159919098,4.552778567164628
1609060460.077687025,-12.792757934233542,9.072175797131695,4.550619857337297
1609060460.131011009,-12.743829666307278,9.067022551396025,4.549023319854834
1609060460.180317163,-12.69767706918535,9.06240316354101,4.548077304958884
1609060460.228507996,-12.608208510402822,9.049923070726056,4.546428084009646
1609060460.278956175,-12.560107199492897,9.045792252666264,4.546281529811557
1609060460.329240084,-12.512095174128262,9.041133180156546,4.5460996153114195
1609060460.378509045,-12.464203451523886,9.036152405958358,4.545371042138887
1609060460.428874016,-12.418819551554389,9.031225254133862,4.544377065142335
1609060460.480195045,-12.320331794697982,9.023729338561342,4.545093707335157
1609060460.526538134,-12.272813456002854,9.018982064386332,4.544770325465047
1609060460.578445196,-12.225891786510935,9.01391116248212,4.544275165683359
1609060460.625929117,-12.179492860459309,9.01167039696141,4.543949671805661
1609060460.680358171,-12.128949837007884,9.009682357915292,4.544934256217795
1609060460.727480173,-12.035764899852989,9.003080532204894,4.5451331757069315
1609060460.778958082,-11.98499702713639,9.000636504885602,4.545347656976775
1609060460.828413010,-11.935488092931624,8.999456692309177,4.546147266172207
1609060460.880685091,-11.888334369223195,8.998749549795352,4.545921480910609
1609060460.929251194,-11.792142997154162,8.995483227936571,4.547982001447522
1609060460.978983164,-11.74267018830301,8.995525958339197,4.5501372933558955
1609060461.027152061,-11.693399797379463,8.994243896303718,4.553348213227791
1609060461.079848051,-11.645428207064459,8.99280126019698,4.555419567895209
1609060461.127817154,-11.599227557006795,8.992951807923578,4.5575122312092144
1609060461.179355145,-11.497081332329092,8.995387204520068,4.563185410239251
1609060461.226543188,-11.450138308273495,8.995223895564063,4.566043509368807
1609060461.278989077,-11.401073722663035,8.995902184648077,4.567937211207887
1609060461.327422142,-11.342489845361161,9.001448335223973,4.569969759679694
1609060461.380146027,-11.287440708672158,9.005351736546547,4.5723289954802
1609060461.428488016,-11.238776943745581,9.007515812541794,4.574077217972816
1609060461.480466127,-11.143168379256412,9.015799044568741,4.576046734421409
1609060461.526633978,-11.091407636193384,9.022628285911448,4.577437840348278
1609060461.578130007,-11.043087481087259,9.02691160547776,4.578532034379867
1609060461.628714085,-10.997226173577062,9.03187918209488,4.579794723238795
1609060461.680414200,-10.945904436658509,9.0395987650794,4.580599963151293
1609060461.726855993,-10.849735766434367,9.055903673932239,4.58260276276688
1609060461.778423071,-10.806187283227612,9.062003081566754,4.583041718022271
1609060461.826656103,-10.7585007962976,9.072117278700137,4.582520387480036
1609060461.881693125,-10.705757136867796,9.084210008349924,4.582690307160563
1609060461.929234982,-10.605241593348964,9.10749807941286,4.581725524155814
1609060461.978337049,-10.605241840991766,9.107502211513637,4.5817382489109715
1609060462.026682138,-10.49954313103624,9.1363592374712,4.579143498439496
1609060462.079570055,-10.449736489922966,9.150396813317915,4.577297229004614
1609060462.129022121,-10.403140092659626,9.164074111378365,4.57427970870102
1609060462.180023193,-10.299234846589258,9.19767866320095,4.567741554721525
1609060462.227467060,-10.249497301565096,9.215760841904928,4.5639950559813
1609060462.279769182,-10.199299784062852,9.232864778674948,4.559997512468366
1609060462.330918074,-10.14797936711528,9.252787358513533,4.555340812955851
1609060462.380113125,-10.098462021968558,9.272314671061661,4.551181709389921
1609060462.427350998,-9.9971059115788,9.314159379710642,4.54177245975904
1609060462.479017019,-9.950902185418585,9.333420649986973,4.536553095547548
1609060462.527957201,-9.89613457643425,9.358922601621128,4.531562783643876
1609060462.580631018,-9.844711557702482,9.383487908144762,4.526681879634882
1609060462.628690004,-9.749109203531322,9.429521347806773,4.516845200700887
1609060462.679250002,-9.697789028763324,9.45579142920337,4.511401899583493
1609060462.727450132,-9.645403319702716,9.484255630398192,4.506446311800586
1609060462.779249191,-9.593004784526006,9.512704701355208,4.500926680970133
1609060462.828996181,-9.544214308681731,9.539908825910633,4.495110005034979
1609060462.879943132,-9.448470071956176,9.597545387555474,4.485194898039179
1609060462.929316998,-9.401056274263652,9.626347986612526,4.4802402795855745
1609060462.979207039,-9.356378727330341,9.654168458882022,4.474878734747261
1609060463.027507067,-9.311184795660886,9.682910415175126,4.469017219319921
1609060463.080178022,-9.262582473083693,9.71545526129469,4.462872704791
1609060463.129511118,-9.215640306743744,9.747584797401043,4.455995941012425
1609060463.178997993,-9.128551935756008,9.809874105940228,4.438759233514503
1609060463.226540089,-9.081891484248548,9.845481417507006,4.430558539103311
1609060463.279219151,-9.037535387297211,9.880672873174287,4.422249007677431
1609060463.330190182,-8.99534098724757,9.914901299895735,4.413395269633396
1609060463.379824162,-8.956491067315902,9.947599736556999,4.404486723206043
1609060463.427031994,-8.872894099256985,10.02121547957842,4.38780217737531
1609060463.479870081,-8.837047667469857,10.054831934150126,4.380023253994212
1609060463.529342175,-8.799957493636732,10.090711609306279,4.371890688660725
1609060463.580952168,-8.766469077933323,10.124438614065813,4.36459199958921
1609060463.628221035,-8.693337220268681,10.19902911540284,4.350487878308451
1609060463.677978992,-8.66127856076696,10.234466391474651,4.342395305064262
1609060463.732715130,-8.629383090291004,10.271479908174694,4.334571952258958
1609060463.778750181,-8.592216185323348,10.314234212458953,4.325883558626465
1609060463.828248024,-8.559984482395699,10.353648576470231,4.31689580031407
1609060463.879996061,-8.50313500389846,10.428398039490755,4.29937491880896
1609060463.933847189,-8.471007226029812,10.471064803654077,4.290970667326148
1609060463.980240107,-8.44214602444426,10.511778371887484,4.2823596522736285
1609060464.028326035,-8.415414465093356,10.550161621069979,4.27413837842559
1609060464.080262184,-8.388438538427387,10.591867220251597,4.264469188499605
1609060464.130795002,-8.331818359643613,10.676691667228543,4.246498771667676
1609060464.178006172,-8.307782355540912,10.719516865006224,4.237019114175785
1609060464.226155043,-8.281794575049933,10.763204697685392,4.226549379529166
1609060464.277084112,-8.256148312772648,10.808389696365989,4.218787563049398
1609060464.328767061,-8.230500970110793,10.85321124714321,4.210107368877839
1609060464.378328085,-8.209204121562788,10.897970009571733,4.200284058754095
1609060464.427219152,-8.166935052257791,10.98383284859084,4.1832848811482926
1609060464.476723194,-8.142596493100097,11.033523713846623,4.174765857854391
1609060464.528161049,-8.122804848648897,11.079752995938218,4.165875223700111
1609060464.584477186,-8.083694855214759,11.174034115586817,4.14929064239556
1609060464.627368212,-8.061045878504796,11.224529869050958,4.141669070155531
1609060464.677657127,-8.04287503059772,11.272085303776318,4.134258877062839
1609060464.725933075,-8.024958123961955,11.325401178488622,4.1259201077773415
1609060464.778755188,-8.003377908237795,11.383061784024793,4.117966236416521
1609060464.829033136,-7.984146108889078,11.436252209772402,4.110654515619736
1609060464.881244183,-7.952501229221323,11.535664356529107,4.097062320067236
1609060464.926936150,-7.936854613337122,11.589809617968452,4.0894628455659685
1609060464.979433060,-7.919013457416707,11.643376862402473,4.082956518576761
1609060465.026580095,-7.9035840485536255,11.695281048002055,4.075754332793506
1609060465.080960035,-7.890021345910785,11.748477991794356,4.068841718111644
1609060465.131188154,-7.861302519812934,11.8585712884293,4.053517632758799
1609060465.178850174,-7.8466248688537625,11.914823235212015,4.046420361591345
1609060465.228109121,-7.836206744496671,11.966575783294655,4.039783978130471
1609060465.278582096,-7.821003612907393,12.023263482425183,4.032075881498695
1609060465.329045057,-7.805467119223714,12.08103354249555,4.025235728223764
1609060465.380448103,-7.783841204262483,12.193283229081704,4.012419532291357
1609060465.427752018,-7.773761399846244,12.249418469411228,4.00524744768304
1609060465.479211092,-7.761162803036225,12.306129062009244,4.000168379288999
1609060465.529885054,-7.749571712466679,12.362593188544576,3.9957493665534844
1609060465.579433203,-7.741682534224331,12.414029367410112,3.9900218738646203
1609060465.628167152,-7.721984372520016,12.527850297556075,3.9793896963830484
1609060465.678918123,-7.712487221020979,12.581983014614817,3.975575349249567
1609060465.726876020,-7.702909491039691,12.646751638995301,3.970873761563393
1609060465.780047178,-7.696461117402922,12.709271298276594,3.96608715071919
1609060465.828760147,-7.687496434816076,12.768804119674844,3.9620308784455442
1609060465.880266190,-7.674787330960086,12.881585399598922,3.9553205438271686
1609060465.932221174,-7.670386890051692,12.939271095365026,3.950884240530609
1609060465.979675055,-7.664354875160651,12.998160751498919,3.9473745027023615
1609060466.027986050,-7.65805897736389,13.055317076495708,3.945342414261214
1609060466.079845190,-7.655478246263325,13.113152936544498,3.942266948325333
1609060466.161890984,-7.649647714610001,13.225076472092884,3.938728446084216
1609060466.229519129,-7.644238094228079,13.340409802353133,3.9404912182287735
1609060466.280148983,-7.642065602663653,13.402334862417572,3.9418536450189965
1609060466.328636169,-7.637892520205121,13.523221598201136,3.944831943858434
1609060466.378987074,-7.638837449310142,13.581336996082054,3.945451340636833
1609060466.429597139,-7.640327204887232,13.641644456239643,3.9464152806900525
1609060466.479005098,-7.64028733046505,13.702653981501197,3.9477667463586066
1609060466.527721167,-7.640276970450259,13.763592017220024,3.949050095118798
1609060466.581521034,-7.643348383061312,13.825623906924786,3.9500022011931826
1609060466.628607988,-7.648655742079072,13.946375672280599,3.9520364503447087
1609060466.679336071,-7.651214824239958,14.005348979352053,3.95301048055566
1609060466.727976084,-7.655654502527781,14.072314746706052,3.953670839020031
1609060466.779019117,-7.661941593171569,14.139831345679791,3.954052529154678
1609060466.829914093,-7.666365117094745,14.202213109459858,3.9542975723938643
1609060466.880611181,-7.675600331378398,14.323181295018347,3.9561839631555085
1609060466.928917170,-7.682904483330656,14.384827132163839,3.9565894133520683
1609060466.979152203,-7.690395085078713,14.445699267550157,3.956917653735392
1609060467.028021097,-7.695723168865914,14.504413534380507,3.9577897926329513
1609060467.080524206,-7.704941107305853,14.56630902319036,3.9579601877315422
1609060467.126882076,-7.723285107848053,14.683202141734025,3.957692556866668
1609060467.180591106,-7.732559486986453,14.744790989486045,3.957563571280051
1609060467.226670980,-7.742253431714506,14.806747021714212,3.95716633643487
1609060467.279661179,-7.754039387192378,14.86495246126523,3.955612438154086
1609060467.329204082,-7.776893914438027,14.987524078208036,3.953406658566374
1609060467.379631042,-7.789316839866373,15.048604159539241,3.952736309446804
1609060467.427987099,-7.804026453895759,15.109519347303891,3.9506573925867485
1609060467.479583025,-7.818285332083921,15.170692167158638,3.9493413893322806
1609060467.528842211,-7.833008849203438,15.233021650092791,3.948023730355322
1609060467.580595016,-7.848872320042965,15.295756716033477,3.9468094623326095
1609060467.627780199,-7.883060312729111,15.415574872994153,3.9445113221814054
1609060467.693520069,-7.899339062884781,15.474197177175082,3.9431211327952997
1609060467.770143986,-7.942621700063437,15.607356406816638,3.9399009433385093
1609060467.835719109,-7.982528999169574,15.72652666219911,3.9374521467779235
1609060467.886023998,-8.00372418597183,15.782830398264114,3.936972876768097
1609060467.932846069,-8.026640437310306,15.84359272683766,3.937923513112299
1609060467.978756189,-8.049428658630216,15.90078274503762,3.9384589682775566
1609060468.027256012,-8.070637366304492,15.955357287474907,3.9399891591017724
1609060468.081122160,-8.0957416764561,16.013098509825465,3.9406971704133777
1609060468.129112005,-8.146207498769808,16.125404538295985,3.9438367650380535
1609060468.179625988,-8.17393780757708,16.18240076077525,3.945090583098345
1609060468.227814198,-8.202065866054244,16.238326226138287,3.9464393848647568
1609060468.278457165,-8.229395023828246,16.292596072358133,3.9483287501003197
1609060468.327484131,-8.257771325947594,16.34550300404322,3.9510722049865414
1609060468.380009174,-8.287505126509476,16.398878152785155,3.9525202585210266
1609060468.427757025,-8.347240912842814,16.50098045719879,3.958715848157768
1609060468.477749109,-8.375608446892628,16.547492170986505,3.9615991764166854
1609060468.527155161,-8.409618948539979,16.601981927725685,3.964719228299641
1609060468.571753025,-8.444928862098532,16.655764229981575,3.9677607823471863
1609060468.623512030,-8.477257715468635,16.703512757554467,3.9700187701904444
1609060468.674556017,-8.510518950137588,16.749574401737835,3.9730292944410763
1609060468.722122192,-8.58071405200954,16.84095943308753,3.976876548934708
1609060468.779278040,-8.614430739915498,16.88204939637934,3.9796350625903383
1609060468.825678110,-8.650507964611311,16.92492638031074,3.9814926481017903
1609060468.881869078,-8.689894953616552,16.967036523919152,3.98439292485884
1609060468.928879976,-8.76766650237387,17.04608939351746,3.98789534550599
1609060468.978708029,-8.807324778589987,17.08623977036851,3.99013717459324
1609060469.026169062,-8.848862445914197,17.12531139568959,3.9918529564656584
1609060469.079028130,-8.891653811177846,17.16284938989646,3.993485507844877
1609060469.128238201,-8.933983797328779,17.196315837525344,3.99557992770486
1609060469.179890156,-9.025731755871213,17.269583473592544,3.9988411662593997
1609060469.227359056,-9.072683868007633,17.30012741692966,4.0012643384747975
1609060469.277248144,-9.12335433407598,17.33276952859381,4.002631379880524
1609060469.330085039,-9.173423211407705,17.363379051765893,4.004962383971527
1609060469.379516125,-9.222018332564627,17.39422899465399,4.007545633980566
1609060469.428099155,-9.330857602690564,17.45143101178319,4.014023301781274
1609060469.478720188,-9.385592340805829,17.47876627173373,4.017061037169453
1609060469.527437210,-9.442576239940571,17.506771467839183,4.0223250235156005
1609060469.582027197,-9.498105375493598,17.533058603570257,4.025753147715751
1609060469.630171061,-9.620467704476603,17.578344431519856,4.03221471675721
1609060469.679854155,-9.681520271631616,17.60232085214197,4.036624921786974
1609060469.728006124,-9.743326075936505,17.624550243831546,4.040974455152666
1609060469.779536009,-9.807843472201231,17.64602780438324,4.043724167452787
1609060469.828714132,-9.872459138549146,17.66330339196143,4.046628384242112
1609060469.880279064,-10.002519869622251,17.702155724812418,4.0544889971055245
1609060469.928411007,-10.070469049229487,17.71893394938836,4.057182745932661
1609060469.979132175,-10.136687753519006,17.733080092257342,4.059388373873579
1609060470.027426004,-10.203654577178714,17.747458362321066,4.062130100243699
1609060470.081245184,-10.27296922809645,17.762230162553802,4.066985670799184
1609060470.129621983,-10.408504296799933,17.78689199278929,4.0717221483857795
1609060470.178888083,-10.47938231748904,17.798049072585744,4.073655570671116
1609060470.228217125,-10.547146504395538,17.81058841988094,4.0774892754301
1609060470.278670073,-10.615106742747173,17.81991328256102,4.080153564442437
1609060470.328602076,-10.681661189851283,17.826144387327307,4.082318804745
1609060470.379962206,-10.815588994661201,17.84241505683303,4.084482463877592
1609060470.428395987,-10.880400522677729,17.84700637686429,4.087472652092529
1609060470.478901148,-10.94886066357109,17.852120538395393,4.087950109869908
1609060470.534272194,-11.016807465084256,17.854097042934878,4.088975804311243
1609060470.579819202,-11.075871464438158,17.85972021990501,4.088238406444445
1609060470.629103184,-11.204413267763705,17.864848828972715,4.088532452072677
1609060470.679993153,-11.266912864792204,17.86462476248654,4.087440617592149
1609060470.733728170,-11.337105379849895,17.864640012016746,4.086209971812904
1609060470.778460979,-11.405431185936678,17.865183824685236,4.0853595805123994
1609060470.828742981,-11.469384621899476,17.86227838676776,4.0836926557894895
1609060470.881497145,-11.588042915178342,17.854633814393505,4.080310450085696
1609060470.927678108,-11.646757947195535,17.85074616300818,4.078345573219856
1609060471.020473003,-11.763253445708187,17.83713161155232,4.07404568511936
1609060471.085931063,-11.874762271609313,17.823032062830993,4.069285357248054
1609060471.133906126,-11.93203581140721,17.8135796093591,4.067144686725426
1609060471.179148197,-11.991399866808486,17.800347691766742,4.065184323072437
1609060471.228013039,-12.045102959952551,17.788847230969683,4.063063685271233
1609060471.278729200,-12.095900931605854,17.778153859209855,4.0609805710397975
1609060471.328710079,-12.15092512141392,17.763664088087094,4.059754289111716
1609060471.380196095,-12.258816462592204,17.729000595897592,4.056445075707382
1609060471.428129196,-12.305847346207397,17.712432268066724,4.055623410190606
1609060471.479714155,-12.355290461965222,17.693469998258646,4.054570447786141
1609060471.529009104,-12.40723747515694,17.66981770361075,4.053797808318777
1609060471.582780123,-12.453881722998908,17.647530233254873,4.0531293131842006
1609060471.629180193,-12.546968083560039,17.597288060103967,4.05131438592379
1609060471.679857016,-12.591980428558124,17.5701001645182,4.049418207507472
1609060471.727349043,-12.643922712551426,17.536417986487347,4.047530656563122
1609060471.778539181,-12.691808206095615,17.502626394287827,4.044888284256844
1609060471.828935146,-12.73522647513678,17.46868747369123,4.042493025101004
1609060471.880558014,-12.781383472031155,17.431120208463167,4.040470127851188
1609060471.928007126,-12.865698634083536,17.355021569061417,4.035765813112654
1609060471.979415178,-12.90415374570329,17.315089839820306,4.033690813590756
1609060472.028941154,-12.943366788786367,17.272942419630123,4.030817875125823
1609060472.082103014,-12.984040498365406,17.226792189232643,4.028791150860931
1609060472.129687071,-13.058477580093406,17.132398250722456,4.024476668131415
1609060472.179258108,-13.095002441186278,17.082018472623115,4.023289181401822
1609060472.227492094,-13.129765215237978,17.031218418873895,4.02095464987735
1609060472.279079199,-13.1658042392272,16.977267192137017,4.018565950222019
1609060472.329487085,-13.19821014794804,16.92352798659405,4.016936766454517
1609060472.381889105,-13.263027143590108,16.810728653347727,4.016176992916803
1609060472.429280996,-13.295769870514434,16.75200605403079,4.0147286384616265
1609060472.480375051,-13.325890175282595,16.693925765909317,4.014050813622484
1609060472.526813030,-13.35789731808189,16.62879216318183,4.013727129566298
1609060472.580457211,-13.391863853679453,16.560793847250235,4.01228478530753
1609060472.628858089,-13.41921697688634,16.503495159317684,4.010881634019135
1609060472.680225134,-13.471836112241206,16.38129748902578,4.011099474640719
1609060472.726508141,-13.500065535927,16.316798383599707,4.010673742857595
1609060472.778885126,-13.527138203192699,16.254659279899517,4.0100378569205954
1609060472.828325987,-13.550963833539896,16.194571055179598,4.00981698590615
1609060472.881620169,-13.57318647539914,16.13429980808152,4.010820653904345
1609060472.928589106,-13.622654265523465,16.010790352750394,4.013017523152298
1609060472.979053020,-13.647296341630117,15.946717969317039,4.013580391015026
1609060473.028273106,-13.669269812418314,15.885904316321177,4.016082454193162
1609060473.079199076,-13.692742334732799,15.824451123816761,4.017837621845501
1609060473.127213001,-13.716994343437179,15.763619271582275,4.020416240623835
1609060473.180847168,-13.75883550498201,15.643297116323136,4.025682749944764
1609060473.228025198,-13.778090577223175,15.588176855135384,4.028614796763879
1609060473.279670000,-13.800297333935028,15.527322085697211,4.032037055624709
1609060473.329110146,-13.820307194560456,15.469661750930175,4.034377733651587
1609060473.380846024,-13.835462356452013,15.419139627182094,4.037724621006447
1609060473.428627014,-13.870924458526432,15.309350387358581,4.043785289963125
1609060473.479654074,-13.887641470008994,15.258384669754786,4.046199945112264
1609060473.528223991,-13.903700121261032,15.201379134074397,4.049365515964123
1609060473.579666138,-13.919691890152613,15.144488972074075,4.0516414783922965
1609060473.629147053,-13.935862674875061,15.092483907664867,4.053998730232211
1609060473.680805206,-13.960110003446225,14.999357917738255,4.056254290486589
1609060473.728483200,-13.971128108162738,14.953992887844446,4.057634593065197
1609060473.778892040,-13.980155668157145,14.910468594137438,4.059712586873884
1609060473.832645178,-13.99137191715377,14.869005473451981,4.061388271639819
1609060473.888217211,-14.003847868206506,14.79064148473228,4.065875914550666
1609060473.933340073,-14.010666966591948,14.753786209464426,4.067941392035477
1609060473.979749203,-14.014951385770146,14.717729534093284,4.070527283682868
1609060474.028207064,-14.019361168476678,14.682774785733454,4.072408931004091
1609060474.084556103,-14.020854952916473,14.650138366553012,4.074540783217376
1609060474.137107134,-14.02566736674202,14.586728158153289,4.077712373396215
1609060474.179860115,-14.025748219778507,14.560825081395624,4.081759794396884
1609060474.228349209,-14.023774946733688,14.533542733270732,4.084634950771303
1609060474.277875185,-14.021794987551395,14.507206335658939,4.087198654145308
1609060474.327560186,-14.02131830076948,14.482493515326798,4.0899549246946325
1609060474.380293131,-14.014118083306066,14.434949908018137,4.093484738757541
1609060474.427479029,-14.011067222556676,14.414863738147364,4.098026221001348
1609060474.477905989,-14.006580470631924,14.39328140029831,4.100027114281874
1609060474.528779030,-14.001592375067993,14.373383812425939,4.102847726904681
1609060474.581426144,-13.996619226973031,14.355016104626099,4.104752757949944
1609060474.629651070,-13.985741648183698,14.319108006604171,4.107640755461738
1609060474.680217981,-13.979259679785386,14.301975043939581,4.108063858543963
1609060474.727298021,-13.973156151434729,14.286299390436884,4.109512837999528
1609060474.781194210,-13.966073965480419,14.269666376349651,4.110045731185005
1609060474.828670979,-13.959446714069578,14.254123271023577,4.110609510828629
1609060474.881358147,-13.94649717213111,14.221354501102798,4.111294736330525
1609060474.929676056,-13.94015222223765,14.20985094473517,4.111709085314988
1609060475.000697136,-13.927692325410966,14.18522889663284,4.112121935261454
1609060475.084722042,-13.913809987563525,14.157170992724385,4.111357927585368
1609060475.126618147,-13.906987768078942,14.143604329916347,4.111925073766232
1609060475.178278208,-13.899927570094732,14.13019884502383,4.106531561483708
1609060475.229041100,-13.893415937478082,14.117573141592391,4.10334815977464
1609060475.281843185,-13.886450918859524,14.104037815281718,4.10030561837937
1609060475.328446150,-13.872566286524467,14.078903021569314,4.09510849893209
1609060475.379393101,-13.864996003117916,14.06501787615306,4.091533965435742
1609060475.430552006,-13.858167314487986,14.050639174569287,4.088238117712317
1609060475.480121136,-13.851217721779285,14.037065778545834,4.084712554230272
1609060475.529694080,-13.836492984574534,14.00930104667096,4.077397265485713
1609060475.580530167,-13.829131243484518,13.99519317355512,4.074071856738222
1609060475.623762131,-13.821099586984609,13.980387139001596,4.070606211746659
1609060475.681043148,-13.812960155892235,13.96526996461851,4.067552595682239
1609060475.730020046,-13.805288988709073,13.951080963357374,4.064461475923576
1609060475.781841040,-13.786692525366128,13.918612815294711,4.059651236171392
1609060475.829219103,-13.777532357033301,13.902365163958567,4.056302694990984
1609060475.878290176,-13.766835206484735,13.884574033032866,4.0533785618391445
1609060475.927850008,-13.756450632920945,13.866844713663898,4.050601713707453
1609060475.980598211,-13.745772103985793,13.849469620551385,4.049057521396701
1609060476.029070139,-13.722482319535459,13.81114309359867,4.045190095541704
1609060476.079783201,-13.711439925285568,13.792853923367513,4.043589278760836
1609060476.149460077,-13.697187825979036,13.770470524767138,4.042618681054998
1609060476.228608131,-13.667240856592485,13.72438284123626,4.040805668279733
1609060476.282281160,-13.638727810311245,13.678953539676574,4.039677242371241
1609060476.327225208,-13.623205094600522,13.654690130901198,4.0395717153131
1609060476.372508049,-13.607269895455573,13.629670778995116,4.040197568469527
1609060476.429035187,-13.591956209861394,13.606203374083908,4.040651529930663
1609060476.480401039,-13.574212843168858,13.580121462157589,4.04131247817857
1609060476.533285141,-13.54022113058722,13.524442420929969,4.043096910908135
1609060476.579155207,-13.521607164996453,13.495613115489558,4.043690787317082
1609060476.628695011,-13.502461155333101,13.466386335244255,4.044612283673063
1609060476.680046082,-13.484326433798017,13.437246005711213,4.0450070766409
1609060476.728375196,-13.465394304420684,13.40821911211017,4.046683239506665
1609060476.779676199,-13.445834912934714,13.377282529750179,4.047813786088378
1609060476.828135014,-13.408493155620484,13.317060954520112,4.049368528506644
1609060476.876777172,-13.389349838470253,13.286905243751864,4.049056706655657
1609060476.927697182,-13.367532243765119,13.253129590513812,4.049313102270617
1609060476.979966164,-13.346476958722782,13.218031277248702,4.048948516208327
1609060477.029965162,-13.326757906860777,13.186089671196267,4.04903950415337
1609060477.080779076,-13.307588430823756,13.155507919588967,4.049000842162121
1609060477.126787186,-13.269695624365873,13.09555529995605,4.049316368111214
1609060477.179460049,-13.251035726850205,13.065034848379053,4.048691762104504
1609060477.227986097,-13.232764613826667,13.035862598396367,4.048324713471592
1609060477.281500101,-13.21393395332688,13.00512490097935,4.047846438200839
1609060477.332756996,-13.178425962772174,12.94868314216237,4.048249867054441
1609060477.378741980,-13.158464942237593,12.920159682963575,4.049062763467209
1609060477.428728104,-13.142011633688846,12.889897578528984,4.048555569246606
1609060477.480911016,-13.124095528166471,12.861472837281905,4.048564022277008
1609060477.529803991,-13.086736171679714,12.807595241083622,4.048804165779535
1609060477.578423023,-13.068913679209757,12.781215616136269,4.048482540759837
1609060477.627958059,-13.051408999015003,12.754701386294517,4.0493361041874
1609060477.680728197,-13.03410823434939,12.729321104820354,4.0493252734806
1609060477.723581076,-13.016661227638096,12.704305507944344,4.049685741086138
1609060477.773975134,-12.998556032168167,12.679148136430872,4.050447113045614
1609060477.828898191,-12.962790049085758,12.633152081038713,4.050587945853913
1609060477.879162073,-12.946304254295296,12.611192866618435,4.050575714653029
1609060477.927370071,-12.926487978920015,12.587291643932563,4.050672430179446
1609060477.979067087,-12.905966057071378,12.56343566923459,4.0508217887752505
1609060478.028429985,-12.887194337928467,12.542630953950312,4.050055023456688
1609060478.080372095,-12.850452630177951,12.504634579903001,4.049879031581979
1609060478.126526117,-12.830790246713601,12.48599404701277,4.049592385842251
1609060478.172044992,-12.810763280202554,12.468266440456244,4.050430321139334
1609060478.225057125,-12.792297177446713,12.452482471980186,4.050121739304988
1609060478.281713009,-12.771696739523353,12.434932708974497,4.050130859303447
1609060478.329128027,-12.729067523021211,12.40459743165658,4.048861101334246
1609060478.379383087,-12.70626010173227,12.39037637289054,4.048958376378211
1609060478.427805185,-12.68397461039326,12.375098946419865,4.047884458450284
1609060478.480800152,-12.660937245766643,12.36144691605168,4.0471807965682824
1609060478.528940201,-12.636806544694974,12.349232097536625,4.0466591832314425
1609060478.580368996,-12.611739076168245,12.336910855858665,4.045987785095669
1609060478.629499197,-12.565232526582143,12.31368725018211,4.044880984275649
1609060478.680297136,-12.539439429592314,12.304697436658518,4.043483385764043
1609060478.728594065,-12.512611303589548,12.293077109020697,4.041206114706677
1609060478.779266119,-12.483619269757394,12.282879596498052,4.039334160707936
1609060478.829585075,-12.456404595394815,12.27483385980901,4.0378949966632955
1609060478.880124092,-12.4062983936731,12.25919895053234,4.033978482211898
1609060478.926433086,-12.380540209517104,12.251524631611975,4.032410904579738
1609060478.979730129,-12.35250298159417,12.24655539824823,4.030510229592055
1609060479.029379129,-12.325874501838463,12.240513587264257,4.028312537736445
1609060479.080957174,-12.299375890004622,12.233971904863555,4.026122218754921
1609060479.130403042,-12.244716054053143,12.2251186195689,4.022010481947545
1609060479.180795193,-12.217955936920156,12.220069298174902,4.019848415937206
1609060479.228103161,-12.192063962854238,12.21439038725961,4.0182456175861265
1609060479.282148123,-12.165310550684843,12.210257517874542,4.0169571774382735
1609060479.328881025,-12.137743665315657,12.207177523233472,4.015395612710453
1609060479.380424023,-12.109821036379032,12.202916303908811,4.013807240681107
1609060479.428443193,-12.056349522689136,12.193798852287802,4.010521043958935
1609060479.481338024,-12.029657225076122,12.189946633657865,4.008790511626877
1609060479.528342009,-11.999864815766333,12.184903280466404,4.0065153026105165
1609060479.579895020,-11.970346173883332,12.178705959479114,4.004582103545324
1609060479.629096031,-11.942167230723758,12.173812752600337,4.003042781242268
1609060479.680663109,-11.888098213691535,12.163276989788233,3.9999591260265266
1609060479.729127169,-11.86055217530026,12.156667313185505,3.9983366416823234
1609060479.779810190,-11.832197984296847,12.149453854178883,3.9969817097828297
1609060479.828247070,-11.803976178285566,12.143229361675477,3.995407244304255
1609060479.881755114,-11.774767096500806,12.133774033302284,3.9932214179242678
1609060479.928881168,-11.71361667254546,12.114148324025034,3.9887161429124376
1609060479.979612112,-11.68122679075531,12.103789018874064,3.987157651210003
1609060480.028473139,-11.650266734511927,12.091025485724028,3.9855996205899658
1609060480.078821182,-11.619391485227538,12.077898144871423,3.983951035605031
1609060480.128672123,-11.586265950316761,12.065837706813678,3.9823309123965043
1609060480.181447983,-11.552848901728765,12.05126940027682,3.981925618930447
1609060480.227405071,-11.485901126597394,12.019138438691176,3.9797446552906344
1609060480.277834177,-11.452397263819744,12.003614219945032,3.979871944395869
1609060480.328183174,-11.413782369913697,11.9841620389664,3.979968861728171
1609060480.379876137,-11.373318022519719,11.96250883229892,3.979407735068488
1609060480.429113150,-11.336690707185245,11.94146830720668,3.9793333341700325
1609060480.480789185,-11.26426421595356,11.902556860044012,3.979370191276301
1609060480.532296181,-11.22644390318267,11.8803389779961,3.978975391378869
1609060480.580609083,-11.189014603309037,11.857173439064983,3.9789921156591834
1609060480.629172087,-11.149916284178659,11.834673323982724,3.979191979849631
1609060480.680544138,-11.110430712727961,11.810585962616198,3.9800102006082465
1609060480.729022980,-11.033952981419734,11.762078435716656,3.9809367912676734
1609060480.779507160,-10.995165596405815,11.738581800236343,3.9820837967875953
1609060480.830286980,-10.95472821064967,11.713770087104582,3.9833580969471356
1609060480.878767014,-10.91517462003564,11.688267876039365,3.9841993445041
1609060480.928699017,-10.875412905077383,11.662899551378953,3.984612284944058
1609060480.981075048,-10.833068462289344,11.637851171511652,3.9856264085454143
1609060481.028006077,-10.75420491489875,11.586534758210131,3.985966878514123
1609060481.078581095,-10.716089770588688,11.56224761924901,3.986463270099092
1609060481.128023148,-10.671020044867642,11.534775817545903,3.987405565247757
1609060481.179006100,-10.626166319024996,11.506887081212422,3.9880115948608026
1609060481.229451180,-10.586964763266796,11.48098930662319,3.9883142770146414
1609060481.281218052,-10.509069366673792,11.436273583708978,3.987731761854091
1609060481.326537132,-10.470457058756125,11.411930147948379,3.9871344145357526
1609060481.379728079,-10.432287298245452,11.388210605560023,3.986330585917763
1609060481.444012165,-10.35448896440355,11.34588558503933,3.983343141217329
1609060481.485725164,-10.317274059167666,11.324303392224781,3.981890695001999
1609060481.527129173,-10.280401860454866,11.303403994999723,3.980187772753812
1609060481.580744982,-10.239581057307284,11.282504286953486,3.9782300150120165
1609060481.628387213,-10.201495081898823,11.262819916858906,3.977526421430051
1609060481.682008028,-10.165845245566814,11.24447407273205,3.9758599295601407
1609060481.727735043,-10.089540555992535,11.207636775988906,3.973429811252249
1609060481.779087067,-10.051577826888089,11.19068290729113,3.9728257828856552
1609060481.828232050,-10.015915613604488,11.172023363043333,3.9726327104594823
1609060481.879717112,-9.979683082666146,11.154517337360087,3.971584761745076
1609060481.933407068,-9.94482072376892,11.139598803125406,3.970547652169696
1609060481.981904984,-9.871339927198633,11.10711826011033,3.96894439474622
1609060482.028050184,-9.837930346506258,11.092860865387923,3.967805235056625
1609060482.081947088,-9.801905392189113,11.078169332897826,3.9669518140331697
1609060482.128210068,-9.764152716500359,11.065060707981974,3.965917834786783
1609060482.180625200,-9.728698845614066,11.049866429520737,3.964520143381808
1609060482.228815079,-9.662180914204143,11.024853684367894,3.9614000331525308
1609060482.279059172,-9.628162809755366,11.013073974538305,3.960015165673351
1609060482.327528000,-9.597268154333463,10.99956032693041,3.9587855780673493
1609060482.380026102,-9.565082450508893,10.986979553140547,3.957169864960104
1609060482.429511070,-9.533243197872508,10.976951878449096,3.955528093283476
1609060482.482517004,-9.472221482464384,10.952889089613553,3.952312116710285
1609060482.527718067,-9.442837814134652,10.941371722637545,3.9505254073858893
1609060482.621788979,-9.386381766078461,10.922005550091416,3.946547871473175
1609060482.734424114,-9.304027479510577,10.890338274748704,3.940145933946649
1609060482.779277086,-9.277087623870887,10.8797283505417,3.9384911777807297
1609060482.828587055,-9.251711445716136,10.868206859163951,3.937515106040511
1609060482.881298065,-9.226499941981636,10.85752057513832,3.9367254697306127
1609060482.930871010,-9.201621413599032,10.846945156030312,3.9362356506058234
1609060482.980209112,-9.177094189722862,10.834469735728188,3.935823904016573
1609060483.028465986,-9.131786664900744,10.810125295577048,3.9365116969484326
1609060483.081049204,-9.10925959666502,10.798393931877943,3.937307175854695
1609060483.128555059,-9.087461943855992,10.785720742737166,3.938027020805439
1609060483.180977106,-9.067135214922416,10.772056621425225,3.9397179172069645
1609060483.230127096,-9.025205234193695,10.745120661158847,3.9419462598394723
1609060483.281493187,-9.005315756758769,10.729472294738738,3.9428997276930247
1609060483.328428030,-8.985765768195861,10.713795537440124,3.9437445731152394
1609060483.378969193,-8.964424604255278,10.695402434154172,3.9455958468153813
1609060483.430318117,-8.944796429361457,10.676454109674179,3.9460791150840375
1609060483.480869055,-8.908422334677411,10.63717433009278,3.949090438151652
1609060483.528273106,-8.889367281382626,10.6154543394786,3.9505475901037723
1609060483.579897165,-8.870676271735864,10.592916867187224,3.9515108734859083
1609060483.628494024,-8.85351502078764,10.570814672939786,3.9521134913259814
1609060483.682538033,-8.835253286526012,10.545678986687417,3.952385261314987
1609060483.730038166,-8.799468317077483,10.492412999169982,3.9524864635699295
1609060483.772054195,-8.781147850387327,10.462740584739944,3.952861261963518
1609060483.822942019,-8.763033657325067,10.432252508038541,3.952423103563593
1609060483.874164104,-8.745532866603213,10.401142080295099,3.952214743902081
1609060483.923398018,-8.728318705036624,10.368127975006214,3.951181701156944
1609060483.980666161,-8.711051326733042,10.334463935515924,3.9511328071977214
1609060484.028288126,-8.677509631149874,10.267582985957649,3.948879237090786
1609060484.081130028,-8.659976527223048,10.233109137779966,3.9474522582459137
1609060484.131193161,-8.641806082035629,10.19706336083517,3.9460911340706915
1609060484.179687977,-8.624951819622503,10.161546777119359,3.94347195938186
1609060484.229885101,-8.591633182124177,10.085807497557223,3.9377342955416825
1609060484.281463146,-8.575615624693626,10.047517557388364,3.934838614704569
1609060484.329643011,-8.55750376988576,10.010142556570404,3.9317104343412375
1609060484.380283117,-8.539726041254536,9.970428977657388,3.927744522463289
1609060484.429648161,-8.520713214228469,9.932222818330064,3.923717974401754
1609060484.481362104,-8.485348972458162,9.860284969295105,3.9134875929007293
1609060484.534080029,-8.465844047578262,9.823479895845598,3.90920788174928
1609060484.579492092,-8.445874587125253,9.787289274067088,3.9046418635758258
1609060484.629556179,-8.426386134309357,9.752552591351513,3.899379013897166
1609060484.681941986,-8.404538803490937,9.716727671246684,3.893120932630831
1609060484.730236053,-8.35850437295959,9.648477992796312,3.8829412617561676
1609060484.779811144,-8.334155802949358,9.614862451030344,3.877498237450151
1609060484.828018188,-8.31048881918813,9.583953243841346,3.8724016429916794
1609060484.878533125,-8.284659860303577,9.552438962029246,3.866270224573775
1609060484.930534124,-8.258595597991523,9.522264639234823,3.8609178117718876
1609060484.981159210,-8.201685981808897,9.462780897268896,3.8501858165202876
1609060485.028194189,-8.173891837014235,9.437525536895752,3.844716397754693
1609060485.079768181,-8.14160103372641,9.410360959667774,3.83955814077534
1609060485.129080057,-8.111788501680056,9.384590871071456,3.83435976408229
1609060485.180635214,-8.080096754631661,9.361291909935002,3.8297738322822603
1609060485.228953123,-8.012490529747254,9.315549946789101,3.8206479461327447
1609060485.278696060,-7.97854019920446,9.29427881267183,3.8161762949056666
1609060485.329076052,-7.939587888346164,9.270232055311286,3.8114820292317955
1609060485.380200148,-7.897551064548512,9.24807565830854,3.8062574844254193
1609060485.430720091,-7.858177150849844,9.229537443600481,3.8018430999142225
1609060485.481105089,-7.7829249547798085,9.194484313859913,3.792221593788444
1609060485.527322054,-7.742812600669012,9.177606776778997,3.788596221833803
1609060485.581003189,-7.701232045649675,9.162221939225457,3.7844634809911266
1609060485.629459143,-7.6627953301322975,9.148558323946855,3.7796808474460892
1609060485.682391167,-7.62214399550086,9.133002781205956,3.7752630079236695
1609060485.728686094,-7.538087038432824,9.107511194183086,3.7685485337710283
1609060485.780714035,-7.496793956832118,9.094202302643868,3.765007939214529
1609060485.828873158,-7.459639856241072,9.080741964439245,3.7621850048960397
1609060485.880715132,-7.421341483184971,9.069009772616152,3.7591055094801913
1609060485.935539007,-7.337651989292311,9.04580727158368,3.752291113981297
1609060485.979164124,-7.298118823855081,9.03298523351761,3.7482030713896783
1609060486.027441025,-7.256907813438204,9.020928260963924,3.744767139350966
1609060486.080199003,-7.214522427566234,9.009527260202308,3.7409160005039404
1609060486.128912210,-7.173984391657616,8.997515566932709,3.735886715620886
1609060486.179495096,-7.1338823125662465,8.983960136293515,3.7292842902563113
1609060486.228121042,-7.0549938597876825,8.95960741485823,3.7155303829953628
1609060486.281726122,-7.017325622166826,8.945290993600555,3.7085840515776276
1609060486.327965021,-6.9791138304491085,8.929457381563385,3.699991165572717
1609060486.380213022,-6.9444267239039235,8.914316270059988,3.6934884704284734
1609060486.428727150,-6.868163706767316,8.880817030158443,3.6771180503901526
1609060486.481432199,-6.832778551755762,8.861580923970248,3.6686989765091162
1609060486.527513027,-6.79920068821578,8.842721579190172,3.661671039386789
1609060486.580152035,-6.7660597501057005,8.824531304409707,3.654215933562032
1609060486.629222155,-6.732426155192915,8.803805581228165,3.6462499660838255
1609060486.680812120,-6.669589590895928,8.760030715425163,3.631139834764747
1609060486.728094101,-6.636775732175202,8.735878214551573,3.6234948828979903
1609060486.779956102,-6.606423444334997,8.71048705923739,3.615797430716974
1609060486.829302073,-6.577443844724879,8.684411453080646,3.608521319573292
1609060486.881893158,-6.546452091982026,8.656970746691211,3.601030440425548
1609060486.933675051,-6.491357201003197,8.601440789680968,3.588721825893149
1609060486.980293036,-6.465132604913009,8.573442783925035,3.582909846483954
1609060487.030152082,-6.438449332905183,8.545723324641937,3.5759883394993004
1609060487.081585169,-6.411760437057204,8.51448216284425,3.570225596958272
1609060487.134253025,-6.358500440257444,8.45088911572385,3.558405280357711
1609060487.179390192,-6.333220786415787,8.41631845255404,3.5532411691611614
1609060487.229357004,-6.307257259445414,8.380925521214795,3.548038221019093
1609060487.281926155,-6.283241945187807,8.34686821652269,3.543570575082361
1609060487.332370996,-6.260375087514284,8.313987288535035,3.539288777389231
1609060487.381510019,-6.212722579400467,8.24172989747203,3.531655996185439
1609060487.429805994,-6.191704917923129,8.208291041399765,3.527330245617337
1609060487.481407166,-6.169244574420333,8.171961269333881,3.5238547936434994
1609060487.531018019,-6.147733046986222,8.136014923479099,3.5194480945036766
1609060487.573276997,-6.127121995290221,8.101388417474201,3.516156076013157
1609060487.623480082,-6.085312407612136,8.02920590265936,3.5068865296092433
1609060487.680495024,-6.065334830134496,7.994335524794639,3.5024913552017782
1609060487.728843212,-6.043692740307566,7.954510651886611,3.497820198804231
1609060487.780599117,-6.021345708154499,7.9132206479151215,3.4923999896806475
1609060487.831240177,-6.001011371571998,7.876785315418996,3.488004588573313
1609060487.881911993,-5.965532057067229,7.807299020135876,3.4778711288561954
1609060487.928303003,-5.946384743356006,7.7711303199610064,3.4727274945465627
1609060487.979984045,-5.9280095162916275,7.735311416939577,3.4675889595304152
1609060488.029487133,-5.911495456605689,7.701105022954092,3.462062055390966
1609060488.082446098,-5.893041115820811,7.66571580137386,3.4559515018758464
1609060488.130092144,-5.859080849200765,7.597848176836511,3.443749693487744
1609060488.181658030,-5.842178754932515,7.561548312412942,3.436836036240532
1609060488.228613138,-5.8255364704696255,7.52743111740212,3.4307665670009104
1609060488.281764984,-5.810332435834681,7.495488853117141,3.4243375894588883
1609060488.328850031,-5.7785421289110985,7.427676683871393,3.4108208442874375
1609060488.380331039,-5.7631985856387935,7.394705826363616,3.4045312207670584
1609060488.429883003,-5.747615780529554,7.360990016248348,3.3985536662181453
1609060488.480764151,-5.732062450525795,7.327814694325074,3.392068874510798
1609060488.535542011,-5.7164393095537065,7.294587994373249,3.3856797621928294
1609060488.580343008,-5.701216954427693,7.260835100148494,3.3790150280406888
1609060488.629785061,-5.669968746888447,7.196793477670919,3.36726966224289
1609060488.681182146,-5.654970632269109,7.167440152174816,3.3624753484287453
1609060488.733952999,-5.638226826369749,7.136649964013973,3.3571357650366966
1609060488.780320168,-5.621209409528731,7.108034582493605,3.351963282527052
1609060488.830223083,-5.588601716405574,7.051426909349022,3.3415538052308076
1609060488.878646135,-5.572802076283004,7.022984038827577,3.336429021677244
1609060488.926599026,-5.556392503367881,6.993312027267979,3.331676371839201
1609060488.980388165,-5.538552151371832,6.9616177491631355,3.327407358549401
1609060489.026468992,-5.521296244413367,6.932821949561198,3.323077537492347
1609060489.085741043,-5.487245798464528,6.878157333970474,3.316173304077939
1609060489.127518177,-5.471245053802811,6.848236076283616,3.314171234592596
1609060489.181252003,-5.4496375528434875,6.821695287632469,3.3124091115087904
1609060489.229586124,-5.431805035094598,6.795126938892583,3.309816690926324
1609060489.282239199,-5.41267165796776,6.7662527110830375,3.307865451824874
1609060489.327752113,-5.374285211419064,6.71219504535598,3.3043370968037475
1609060489.379934072,-5.352958622649705,6.684064008565986,3.3026814027808022
1609060489.424185991,-5.331821176716133,6.657719899944826,3.301335281592074
1609060489.474608183,-5.310724729697085,6.63240296441079,3.2997477209866446
1609060489.524008036,-5.288378828511608,6.6052640922542345,3.2981764711434955
1609060489.573360205,-5.244007017181801,6.552198943332758,3.29384815566155
1609060489.623059988,-5.220853251267858,6.525239291370443,3.2923103677538386
1609060489.680881023,-5.196836090319437,6.498616568240866,3.2904398709619915
1609060489.728197098,-5.171072674830089,6.472104797055206,3.288377159166229
1609060489.780966043,-5.145556104623221,6.445607460951013,3.2871109091285984
1609060489.828963041,-5.094206085263217,6.394548398456546,3.2834544177330827
1609060489.879400015,-5.06935679017678,6.37191469822066,3.2811764406334483
1609060489.928678036,-5.039568910173411,6.34523758090938,3.2788205930353804
1609060489.979420185,-5.0089794149619,6.319112247580055,3.2761490913293496
1609060490.031026125,-4.979154947943343,6.296846912432986,3.274506050329448
1609060490.081745148,-4.9207704052250705,6.256461725617736,3.271319900809724
1609060490.129084110,-4.8906516400583016,6.235903862305047,3.269643582494341
1609060490.180391073,-4.858946253101244,6.216551980434009,3.2679232937430385
1609060490.229308128,-4.829154879136798,6.198588310296078,3.265969124306327
1609060490.280956984,-4.798127351110093,6.179117359252704,3.2639061021353726
1609060490.329324007,-4.737125996442455,6.14425962307055,3.2606444996206996
1609060490.380764008,-4.704578608447559,6.126366825759224,3.2589993473680394
1609060490.429780006,-4.673989428305159,6.108368635568272,3.2569927697789023
1609060490.481692076,-4.643974691494506,6.0920635334635485,3.255103838523885
1609060490.529579163,-4.580072167928083,6.057053776014808,3.2502879247208316
1609060490.579999208,-4.549908138119843,6.0387752308988745,3.247173730245658
1609060490.629163027,-4.518577763498968,6.019855401484488,3.2443130148045665
1609060490.681888103,-4.486513198205557,6.001656765015131,3.241067926348949
1609060490.728027105,-4.455806322582202,5.981659797439523,3.2373164808304544
1609060490.781954050,-4.424475295692293,5.96041770837493,3.233262667887036
1609060490.830234051,-4.364142443767843,5.918985058165202,3.225773397876438
1609060490.882236004,-4.335407688084853,5.896364442700207,3.221238267146422
1609060490.927493095,-4.306368236109229,5.871916527790074,3.2173834318553656
1609060490.979726076,-4.277817628598992,5.846718609074731,3.213480964280002
1609060491.030094147,-4.2226208110774905,5.793021374125441,3.2064999696379424
1609060491.081507206,-4.195774181519219,5.764389555073134,3.203693239665519
1609060491.128799200,-4.169106391039051,5.734753237642668,3.2012511339852363
1609060491.179252148,-4.14216948981916,5.701667794039491,3.1993368017727093
1609060491.237707138,-4.090340021474436,5.634459026474193,3.19520455050095
1609060491.285046101,-4.064113771406877,5.597913761029606,3.192980909113949
1609060491.327813148,-4.038490509379795,5.560351065073011,3.192400220093573
1609060491.379707098,-4.01350026077856,5.522034509466518,3.191378276284013
1609060491.431063175,-3.990229863242984,5.485691272261878,3.1905502815905464
1609060491.483215094,-3.9659735210078324,5.445483799849125,3.1911489578205376
1609060491.534535170,-3.919041186448162,5.3613708268662315,3.191977098576233
1609060491.580775023,-3.8953048863076916,5.3174506658906076,3.1931926749973467
1609060491.630144119,-3.871596516223839,5.273114522899892,3.1940944557253577
1609060491.681989193,-3.8497665526200002,5.2289018692305795,3.1959295930478984
1609060491.729292154,-3.8291339012129164,5.18765055751879,3.196400447958405
1609060491.782570124,-3.7848589740636704,5.098009120246477,3.19963012574539
1609060491.829774141,-3.7639256179011653,5.05620940977121,3.2011039758586914
1609060491.882502079,-3.7417593759416405,5.011577995680309,3.2030134893074678
1609060491.929095984,-3.720992310952944,4.969665735510933,3.2039210091454553
1609060491.981079102,-3.7004879002547355,4.928558716789876,3.204745270983537
1609060492.029659986,-3.6551296524932155,4.843308349616141,3.2070895951665097
1609060492.080188990,-3.6339430057274065,4.803434333461855,3.2079446153345152
1609060492.128679991,-3.611002685318681,4.761478332477598,3.2083473443356247
1609060492.182240009,-3.5891809662215763,4.723560604569226,3.208270827879888
1609060492.230466127,-3.542692384030076,4.6472252900726865,3.2078337781537964
1609060492.279041052,-3.5183655248303474,4.610372104801616,3.2080627252135336
1609060492.328356028,-3.493402829434448,4.5746622347446255,3.20784859885911
1609060492.380124092,-3.4668190695427867,4.539121285414158,3.207841168315136
1609060492.428395033,-3.4394718681013465,4.5045660666248075,3.208018658317128
1609060492.484305143,-3.3859919995492653,4.443769428851478,3.2099112726521977
1609060492.534708023,-3.3566486281259102,4.414114567789337,3.211132558766
1609060492.579715014,-3.3269309956957045,4.3847463944516285,3.2133301988881584
1609060492.630504131,-3.2983513277984464,4.360258221765495,3.2146317621145855
1609060492.682944059,-3.2664033636749394,4.33297173406503,3.2166359478340585
1609060492.730010033,-3.2011033532069995,4.284853059316919,3.2205854440753168
1609060492.779417038,-3.1679862672765147,4.2613014559581295,3.22287549799678
1609060492.828896046,-3.1348259523380797,4.238559231707871,3.2255006920686764
1609060492.881380081,-3.1001373840226876,4.21624697613797,3.229099918014862
1609060492.929259062,-3.0648661518605955,4.195713652864217,3.2326416181161424
1609060492.980987072,-3.0285265603362426,4.174427889318121,3.236056913172199
1609060493.029018164,-2.958571462641718,4.135057385287553,3.2421881620318818
1609060493.079579115,-2.9229186441754678,4.116735716215526,3.2453043974634177
1609060493.128925085,-2.8864070969097995,4.097187427795852,3.248131554072277
1609060493.180499077,-2.8516391311384908,4.078082054462385,3.2497141980516897
1609060493.228688002,-2.781173357280654,4.041390048436078,3.2523568120968527
1609060493.280271053,-2.745748712196381,4.021707744100713,3.252869982635744
1609060493.328587055,-2.710321054894351,3.9999359325745445,3.252744507641159
1609060493.380046129,-2.6724235849469125,3.9756608341534907,3.252795996937044
1609060493.428469181,-2.6351127764789197,3.9524655919427296,3.2530313158190722
1609060493.480937004,-2.567651824190854,3.905626464135594,3.2516025122912833
1609060493.529367208,-2.5325396723402385,3.878478870274069,3.2512802528696216
1609060493.579791069,-2.4969105146370687,3.850924507161462,3.250728555342711
1609060493.628499031,-2.4632396743044893,3.8240496227547602,3.24920601455314
1609060493.682790041,-2.428404228664796,3.792664808854539,3.2476364535546374
1609060493.728916168,-2.3610297623861776,3.7292100106891155,3.244788497732001
1609060493.780441999,-2.3254107568772824,3.6931981862854073,3.2432573507479656
1609060493.829635143,-2.292081847579464,3.6570520417014265,3.241448751609356
1609060493.883442163,-2.2593430471238705,3.6222288977028114,3.238913895275724
1609060493.929495096,-2.191568300260432,3.542221050749589,3.235737673716347
1609060493.978958130,-2.1590848406825494,3.4998834016583054,3.234381799779918
1609060494.028350115,-2.1254154769580715,3.45431318629813,3.2340991231288037
1609060494.082203150,-2.090688389141409,3.4091146517966457,3.232799628012126
1609060494.129577160,-2.0588712054547855,3.3642941817449454,3.2304203733039945
1609060494.183086157,-1.991515557674429,3.264740084708645,3.229604411982768
1609060494.228484154,-1.9607187957027534,3.21728876109756,3.228997738155119
1609060494.280737162,-1.9267486413897892,3.1638684352159814,3.227845596737147
1609060494.329248190,-1.893656536266775,3.1116772708402785,3.2267731935771113
1609060494.374109983,-1.862042060135618,3.059907568670571,3.2263038534728015
1609060494.429419041,-1.7967108714628957,2.9501903592080403,3.224332307595642
1609060494.481046200,-1.765327827307761,2.8962461238605925,3.2243416528211384
1609060494.533081055,-1.7300768653835341,2.8375738052923296,3.2235632616541103
1609060494.580868006,-1.697214748912259,2.7804948059510366,3.2230648847814045
1609060494.630129099,-1.6330882293830307,2.667181616776638,3.2213147443578407
1609060494.679522991,-1.6005951191152192,2.6080293710746965,3.2203322614214844
1609060494.730046988,-1.567574716754752,2.5493673494892874,3.220536377459661
1609060494.779560089,-1.5341479181933373,2.4889096958278216,3.220489774034606
1609060494.830006123,-1.5034042472100921,2.431117246323648,3.2206707075282406
1609060494.881098986,-1.4356952473737294,2.307606768859557,3.2217620655567636
1609060494.928388119,-1.4025403587396639,2.244393296015655,3.2210816299883813
1609060494.981044054,-1.3703154287019004,2.1830081225411426,3.2210112680831617
1609060495.029597044,-1.3389510738654948,2.1246357023410667,3.220376968081993
1609060495.082610130,-1.304259947590829,2.0615950735795607,3.2210497862035723
1609060495.129621983,-1.2377958075318638,1.9360620328755758,3.2210069898270444
1609060495.180171013,-1.2029183836989894,1.8715708935010333,3.2228829801395804
1609060495.229920149,-1.167532852397244,1.8055224118215314,3.2237927712951553
1609060495.281436205,-1.1343130024191375,1.7417661776864257,3.22502844024703
1609060495.335170031,-1.101136290337923,1.6795112685239566,3.226810097442584
1609060495.382240057,-1.0658098346415024,1.6129287320672852,3.2273763890052525
1609060495.429296017,-1.0002111035077164,1.4868792043579475,3.231467121504675
1609060495.483244181,-0.9672056417889188,1.424889303665772,3.2334163633172874
1609060495.528154135,-0.93370449859502,1.361103850301383,3.235569885391813
1609060495.580590010,-0.9012071601475853,1.2969310976951647,3.236480045488417
1609060495.628806114,-0.8371135742862172,1.1727693026823474,3.2416783835492744
1609060495.681596041,-0.8053076553287042,1.1104136213731906,3.243975734229293
1609060495.728053093,-0.7752287818977663,1.0507206090885965,3.246988666459435
1609060495.781130075,-0.7458574852846205,0.9911731273643696,3.249720353884305
1609060495.830497026,-0.6831242954811536,0.8684211352784601,3.254519744750887
1609060495.881890059,-0.6522572943990035,0.8054309103330439,3.257045852570487
1609060495.929169178,-0.6231707205622392,0.7457583748832022,3.260086995553289
1609060495.979615211,-0.591049537835211,0.6817731442282771,3.26292252907815
1609060496.030449152,-0.5606115919031893,0.6203344100383035,3.265620561578011
1609060496.082633018,-0.4996613659557916,0.493562529488905,3.271095501400726
1609060496.130023003,-0.4695701996984383,0.4331540979134907,3.274114971398058
1609060496.181450129,-0.44084586376551727,0.3726023368327027,3.277456458918113
1609060496.229318142,-0.41474150026007095,0.31683639737930847,3.280386927482194
1609060496.281906128,-0.38699177220313175,0.25665038091793946,3.2840469617171113
1609060496.329352140,-0.33425541750692034,0.1481360352559804,3.292019428784249
1609060496.380367041,-0.30993018079809787,0.09599660972969204,3.294562717777481
1609060496.429882050,-0.28493961166076787,0.041553059383698354,3.2973860377464153
1609060496.482614040,-0.2586372830129129,-0.01317706758877435,3.300757036091502
1609060496.530198097,-0.21063140886824883,-0.11611396397562146,3.3064985698031446
1609060496.579577208,-0.18743068570099197,-0.16703645863103134,3.3084617003049104
1609060496.629139185,-0.16361304755734096,-0.21727293422303617,3.311504004776257
1609060496.680529118,-0.1413827213893235,-0.2664333361572986,3.3139242108625844
1609060496.729876995,-0.11988750571183004,-0.31417501115334545,3.316544078859483
1609060496.781874180,-0.09829929801757942,-0.3624199898505118,3.3185869861355144
1609060496.830726147,-0.05708199588612217,-0.4510659300968385,3.3211691448201197
1609060496.879760027,-0.038959557976852466,-0.491149924613854,3.3212626129967333
1609060496.931555986,-0.018386848035120806,-0.5366476880970481,3.321388132054281
1609060496.979130030,0.0027985053971271157,-0.5815680627065092,3.3208089688016322
1609060497.030738115,0.021536078422165872,-0.6214141834113569,3.3203529396223654
1609060497.082527161,0.05583022939351423,-0.6957189147961031,3.3173301748320654
1609060497.128504992,0.07379207699885271,-0.733090481128567,3.315870689019352
1609060497.180168152,0.09113268575928402,-0.7691526041025156,3.3134504071649804
1609060497.229369164,0.10637027376339248,-0.8030480784673948,3.3109153155760005
1609060497.282119989,0.12344251725167865,-0.8395772486920663,3.30799610887159
1609060497.331099033,0.1558156280456764,-0.9089448255992316,3.3004995609427787
1609060497.379763126,0.1725466167550458,-0.9435414229617756,3.2964830473419457
1609060497.430797100,0.18856434128222332,-0.9764549094248842,3.2926153840799106
1609060497.479521990,0.20413974281071745,-1.0101553576195599,3.2878443601307517
1609060497.539794207,0.2350446669777142,-1.075728058051478,3.2784124343547543
1609060497.585959196,0.2511351477446233,-1.1076901870243105,3.2730658395347714
1609060497.628929138,0.2661995118491376,-1.13851353924424,3.2685080295800173
1609060497.679800987,0.28245126416921806,-1.1722527524424002,3.26213076160084
1609060497.728677988,0.29850646292902994,-1.2043249633460569,3.2561944111102434
1609060497.782530069,0.3146205927648289,-1.2354990226099645,3.250150742306433
1609060497.828576088,0.3480559420186289,-1.2998439648529043,3.2372895407891384
1609060497.881426096,0.36420362551058716,-1.3303435627989622,3.232067036417039
1609060497.928340197,0.38277743241397744,-1.3661054685512042,3.226017563062749
1609060497.980730057,0.4014065597465333,-1.4026333194076344,3.2197364799376
1609060498.030624151,0.41862666187411435,-1.4355085981537812,3.214974384062362
1609060498.081089020,0.4518472005422538,-1.5001092000075005,3.207053620283368
1609060498.129364014,0.4697339845176849,-1.5325175443929169,3.205384221082502
1609060498.179213047,0.48802815501672114,-1.5660685423167706,3.202800150202588
1609060498.229629040,0.5046505576370635,-1.5981146425690156,3.2005120903122926
1609060498.282165051,0.5234964326575167,-1.631570005774691,3.197928201553612
1609060498.330411196,0.5605949241108981,-1.6963625739202755,3.196577976409541
1609060498.380028009,0.5791038138589251,-1.7304868538347442,3.195990700101431
1609060498.428318977,0.5980850011477017,-1.763263175480784,3.1958296933423576
1609060498.482119083,0.6162255763354985,-1.7953945149669543,3.1955003157855533
1609060498.530372143,0.6363406722573828,-1.8302040004205367,3.194826871065091
1609060498.580444098,0.6754114202581043,-1.8990043561168584,3.1938462424096308
1609060498.629819155,0.6952251375337433,-1.9339492407207715,3.19312764790525
1609060498.681581020,0.7148733794767388,-1.9703832038808713,3.192855119153439
1609060498.728110075,0.7352614922474174,-2.006046525748779,3.191339901318603
1609060498.786158085,0.7746629445115794,-2.0785363112326785,3.1885087700869086
1609060498.829328060,0.7930868135030451,-2.1171085413785313,3.187203392168783
1609060498.881321192,0.8123925136773558,-2.1540248291220614,3.185371745975658
1609060498.928911209,0.833828394897008,-2.19565653174633,3.183215617211724
1609060498.980941057,0.854665038878359,-2.2358445984094715,3.1805859199028053
1609060499.029283047,0.8751963298830496,-2.277531281527832,3.1776005931722544
1609060499.083007097,0.9180516588755552,-2.362276771602396,3.173779256900964
1609060499.128166199,0.9386443909611053,-2.4049222560560715,3.1724945948250802
1609060499.180455208,0.9572903136041653,-2.4461112246343433,3.170533067619928
1609060499.228965044,0.9782927008257118,-2.4895105033037552,3.1691287720236723
1609060499.279461145,0.9993940104763297,-2.532796268318183,3.168082031088373
1609060499.330644131,1.0421462091279956,-2.6266448362067223,3.1653568111577446
1609060499.381079197,1.0642418259627142,-2.6738384700095814,3.1648345735670507
1609060499.429335117,1.0849040912358916,-2.7173443615873047,3.164096648877047
1609060499.481731176,1.1050161948772015,-2.763968826308801,3.1633267328042933
1609060499.528813124,1.1247352194880698,-2.809377010997615,3.1628616482189464
1609060499.632210016,1.1877708242505634,-2.9501160379494245,3.1610004733462933
1609060499.673256159,1.2068005123291385,-2.9939477987760625,3.1605232845778115
1609060499.721397161,1.226380553748239,-3.040015523013924,3.1594935333748353
1609060499.790719032,1.2652665036071475,-3.1282939049020264,3.1592220494015226
1609060499.834521055,1.2843260813878068,-3.1746980798331954,3.158607494748672
1609060499.881643057,1.3024709313607872,-3.218113242190661,3.1582498727883195
1609060499.929025173,1.320014983026283,-3.257837555146299,3.1585048973525094
1609060499.979601145,1.3380052108125327,-3.299189577611301,3.1575119946322214
1609060500.030206203,1.3549480477872393,-3.339277395081414,3.1558048454143695
1609060500.082598209,1.372929120055563,-3.3808345882211235,3.154294447694479
1609060500.131497145,1.4073418309820802,-3.4582577449405996,3.1497493769240243
1609060500.180402040,1.4215891356866805,-3.4922617421532856,3.1455842497339503
1609060500.229773998,1.437404596681521,-3.5278800309054255,3.1404701383618576
1609060500.278079033,1.4526836275069996,-3.560550785216865,3.1357487334747383
1609060500.330481052,1.466991839856341,-3.5936022637490517,3.1285455109928773
1609060500.384297132,1.4959864300447947,-3.6582487570666657,3.112539868706012
1609060500.430405140,1.5105043674584167,-3.687486119344733,3.1042557642203814
1609060500.481509209,1.5233485502713755,-3.7136842568449353,3.0948690531768364
1609060500.528917074,1.5362790538574984,-3.7404060060103674,3.082876497731908
1609060500.580059052,1.548835110416512,-3.7644515280177195,3.070365887287828
1609060500.630463123,1.5736278317318089,-3.811679198698755,3.041276755776904
1609060500.682104111,1.5851062893262302,-3.832768591790156,3.0268737004054085
1609060500.730499029,1.5959033167391894,-3.8549304957821953,3.0117533472436904
1609060500.779981136,1.6057064606958313,-3.8758626833763863,2.996498489468122
1609060500.830636978,1.6161795861711745,-3.896660228479,2.9818515457398966
1609060500.879229069,1.6349814305429895,-3.9367357336586792,2.950692224664669
1609060500.929196119,1.64356005387069,-3.9553115000223222,2.9352898255110915
1609060500.980226994,1.651979785075433,-3.973264995669492,2.9200118377160624
1609060501.030568123,1.660450399613108,-3.9905494180879266,2.9055990353901517
1609060501.082099199,1.6690437577434238,-4.008770463119912,2.8920247958745264
1609060501.130629063,1.6852803411956003,-4.04422607813143,2.8686704991836383
1609060501.181288004,1.6922153483571165,-4.060390320927272,2.8585439361454608
1609060501.229866028,1.6982737656702582,-4.0780631027934255,2.8488069902834656
1609060501.279139996,1.704442746830054,-4.094989274328412,2.8390586246303666
1609060501.331067085,1.7102066410998376,-4.113678457549597,2.8289424727359123
1609060501.383850098,1.7232535535063036,-4.153280315456286,2.803293118483502
1609060501.428828001,1.7295163360978059,-4.173094189527788,2.78899129807977
1609060501.481386185,1.7357397407410176,-4.192130285379509,2.774240042993579
1609060501.528599024,1.7419680083993008,-4.212664701861435,2.758640249574647
1609060501.581145048,1.748291161514853,-4.232697575479246,2.744467033312352
1609060501.629769087,1.7623801323200041,-4.274994107951052,2.716278271823443
1609060501.678136110,1.768981115513892,-4.296033736130841,2.702940701216857
1609060501.729612112,1.7775510957430498,-4.316403409000664,2.6899738408778298
1609060501.791958094,1.7903703309496848,-4.3589329169173645,2.6661020113398575
1609060501.833837032,1.7979083080398652,-4.381429826164652,2.6532398798242642
1609060501.881379128,1.805084512334684,-4.40112873524761,2.6408907580448435
1609060501.927842140,1.8122268841303075,-4.422244135137728,2.6274423573776744
1609060501.979767084,1.8250545562547664,-4.438562149723126,2.6115247160027906
1609060502.030068159,1.827800200449584,-4.46335676318213,2.598046002079819
1609060502.081687212,1.843388201077822,-4.503028008722506,2.5710898730144898
1609060502.129033089,1.851217309493645,-4.522968998914063,2.557784610709133
1609060502.177217007,1.8582683962278743,-4.541673739802313,2.5451764534525747
1609060502.228680134,1.8662073909678298,-4.561311068102988,2.530079984723253
1609060502.281580210,1.8743700411275093,-4.580009990482811,2.513603690585855
1609060502.331065178,1.8819554591271164,-4.598176492131774,2.4977987450828376
1609060502.379868984,1.8963242883883886,-4.630264914978504,2.4693188968784163
1609060502.429216146,1.903005225221893,-4.645504936124283,2.4564246735414965
1609060502.478612185,1.9091946793500831,-4.658640442608981,2.4454653232248873
1609060502.529726028,1.9157359637162727,-4.672265867256105,2.4329095064689064
1609060502.581580162,1.9222288358102269,-4.685122497899663,2.4198888430410683
1609060502.628553152,1.9346145856925396,-4.705594493640888,2.397796478697561
1609060502.679982185,1.940349512597976,-4.7153122688631015,2.3877832671248083
1609060502.729335070,1.945905371315341,-4.72418965697144,2.3784310816635372
1609060502.779874086,1.9519170653527098,-4.732926575792206,2.367916739867768
1609060502.831654072,1.9577778224272357,-4.741222748094309,2.3565342680909414
1609060502.876046181,1.9675352552637797,-4.754052077128396,2.332783972526471
1609060502.925194979,1.973602539924915,-4.7615933414942155,2.3195603459010083
1609060502.972741127,1.9789393584055937,-4.767139541298235,2.3063801424609487
1609060503.024496078,1.9845312897908443,-4.772492102822522,2.291925556278043
1609060503.074285984,1.989905706301272,-4.776998205646247,2.2779655583872795
1609060503.123784065,2.0018956414786118,-4.786329637945176,2.2499262670111158
1609060503.173135042,2.0081399899508696,-4.791332266064131,2.234913642113815
1609060503.222823143,2.0144147803713572,-4.796226762154742,2.2187583066471426
1609060503.283221006,2.0205414848706518,-4.8011819296394584,2.2024823544357215
1609060503.329416037,2.033505406629807,-4.81204832033583,2.1683730056466803
1609060503.379991055,2.033505366978833,-4.812047470669054,2.1683743564906983
1609060503.429008007,2.04879461557395,-4.8234191460119895,2.1320564231249577
1609060503.478389978,2.0555789192530654,-4.829078664564257,2.1153696771538044
1609060503.532170057,2.0628536302471865,-4.834688989356675,2.0984486373124227
1609060503.583558083,2.078887706231221,-4.848114194405085,2.0639394900346417
1609060503.628724098,2.0864965282096826,-4.855307462943021,2.047513469484933
1609060503.681049109,2.0939569352623764,-4.863170864608787,2.031962961823588
1609060503.730980158,2.1022129984224662,-4.8716398153223075,2.01612558954122
1609060503.781499147,2.1098951616518384,-4.879423757820671,2.003262249054222
1609060503.830842018,2.126867848350564,-4.8991069652031065,1.9780803390430393
1609060503.876079082,2.134292527755697,-4.908698156256349,1.9672783702579277
1609060503.923665047,2.142161753918966,-4.919246032221022,1.9551945361451946
1609060503.973829985,2.1498797638138427,-4.930112080377338,1.9419696336137697
1609060504.025320053,2.157417400334083,-4.940665039148854,1.929012164428606
1609060504.075659990,2.1650373562299414,-4.952413106024764,1.9148222283258178
1609060504.124380112,2.176832004477749,-4.97477211144648,1.8905087638074676
1609060504.175167084,2.1812832349265285,-4.986006524916284,1.8782972949432057
1609060504.224220037,2.1863396722659694,-4.996163101172616,1.8660031587088746
1609060504.273495197,2.1915558142606706,-5.00636049222792,1.8537014661744387
1609060504.325726032,2.2011053817292137,-5.028193525972728,1.829016546975451
1609060504.372953176,2.2055388759475747,-5.038947114109593,1.8161613665017171
1609060504.428673029,2.2097397914164887,-5.048827840091448,1.80424564230632
1609060504.478152037,2.2137417322771533,-5.057878791012172,1.7927467414336267
1609060504.529919147,2.2181805410325985,-5.066767637275436,1.7806114149470478
1609060504.581017017,2.224229529758606,-5.084263047138403,1.7550616603241842
1609060504.631231070,2.227282661420702,-5.092436384075185,1.7421898881892162
1609060504.682337999,2.2296898109057786,-5.100100305800936,1.72974021480481
1609060504.729389191,2.231868833042949,-5.107703036572204,1.7166000274036204
1609060504.781613111,2.2326056242983334,-5.115397426183627,1.7044766171473942
1609060504.830829144,2.232912141968079,-5.129815050999035,1.6808737930478905
1609060504.881592989,2.2324588086306996,-5.136552181417279,1.669604290709369
1609060504.929919004,2.231508890786536,-5.143125379986042,1.6589117420246815
1609060504.979718208,2.2300894930889754,-5.149392447887124,1.6477305442610088
1609060505.031477213,2.2280256618768988,-5.1554386722586045,1.6373666543742331
1609060505.083100080,2.222447070659115,-5.167626639019481,1.6158059452109779
1609060505.129166126,2.2188333931875803,-5.173024941183726,1.6064209726523764
1609060505.179536104,2.214019419545565,-5.179113933095103,1.5964953008485185
1609060505.229914188,2.208788004654668,-5.185298527353588,1.5870931437529983
1609060505.288335085,2.19697549942585,-5.196991064056416,1.568267867576255
1609060505.329346180,2.1899598323929155,-5.203088405265909,1.5598968770451247
1609060505.378872156,2.182170065160207,-5.209262077492102,1.5514274377932473
1609060505.430555105,2.174908205048549,-5.21499342994699,1.5434571464439983
1609060505.479947090,2.167630549310889,-5.220849734659975,1.53471349662167
1609060505.532739162,2.1597743963810885,-5.227257936552032,1.5255927668944462
1609060505.582180977,2.1426671730544875,-5.2398902721084895,1.5089348778179268
1609060505.672855139,2.1271341997924935,-5.251997530324143,1.4907782218759156
1609060505.743427038,2.1117494897488314,-5.2643296636434656,1.4693061370833007
1609060505.785398006,2.10562227639625,-5.269352276793651,1.458356963361643
1609060505.830541134,2.0995876826200046,-5.274465516864652,1.4467785564746798
1609060505.880026102,2.0941479372428837,-5.279075013829107,1.4352997315028695
1609060505.928045988,2.0890044062217825,-5.283706028182017,1.4224599169853551
1609060505.980888128,2.0840480414490266,-5.287981753369998,1.4089178193299023
1609060506.030166149,2.0797021506344926,-5.292415088811989,1.3953300023541608
1609060506.082507133,2.0754041683489888,-5.296871806300366,1.3806477685381306
1609060506.131301165,2.0702362689005938,-5.303733036536599,1.3504047619535324
1609060506.181574106,2.0685408862495507,-5.307173653861604,1.334855021082964
1609060506.229834080,2.067620044376003,-5.309989180939123,1.3185724058462256
1609060506.283174038,2.066595555095077,-5.312673864676704,1.3032110488990973
1609060506.329013109,2.065768412330609,-5.31556474560821,1.2869539859827892
1609060506.381528139,2.066810377703529,-5.3214586667518375,1.256959631482001
1609060506.429151058,2.0677432529874515,-5.324013963575236,1.2440299419380523
1609060506.479460001,2.068418453876859,-5.3264363651838025,1.2319756222819898
1609060506.528196096,2.0692847745774543,-5.329207693722864,1.2196406269658304
1609060506.575851202,2.070615229336518,-5.331903074566199,1.2081487722922368
1609060506.625441074,2.073517564486547,-5.337746999438728,1.1863202548393765
1609060506.676068068,2.0748912162370665,-5.340844542545977,1.1766671304862797
1609060506.725394011,2.0765310088309406,-5.34441052774784,1.1670919029506486
1609060506.773559093,2.0779102826343347,-5.3478376002650485,1.157588037488022
1609060506.823841095,2.0799333144376533,-5.351790694509056,1.147887331245304
1609060506.874558210,2.0843174624651297,-5.360438413776972,1.1271123430368952
1609060506.971599102,2.0884564188361914,-5.370377065747682,1.104817623404351
1609060507.042611122,2.0931770630568174,-5.380624646402946,1.078706807110926
1609060507.086133003,2.0949260078757135,-5.386581588849886,1.0639383642359377
1609060507.130787134,2.09676411520908,-5.392497455463552,1.0495514299834596
1609060507.178247213,2.0982982282012195,-5.398486867614643,1.034590929991488
1609060507.229111195,2.0999732962239577,-5.405005621090005,1.0179618958400738
1609060507.282870054,2.101556902018828,-5.411370919983938,1.0016603676514748
1609060507.330032110,2.1035389491604946,-5.418065165965007,0.9843080035024059
1609060507.381578207,2.1062949111389777,-5.43274744179136,0.9489259746783283
1609060507.430997133,2.107967864068094,-5.439937344877805,0.9316709396701164
1609060507.480647087,2.1088856278435273,-5.446370808311556,0.9168576553605021
1609060507.532473087,2.109153992419465,-5.454284481937023,0.9004904668401856
1609060507.581765175,2.1106823390447893,-5.4686574040249845,0.8715763970426131
1609060507.629183054,2.1112550720913035,-5.475736419514568,0.8584801659983761
1609060507.678351164,2.1116663705914043,-5.482600002335637,0.847247697993847
1609060507.730005980,2.111370104158013,-5.490156769870815,0.8356039330906562
1609060507.781391144,2.111037179679247,-5.498230371216199,0.824689110454063
1609060507.829667091,2.110277044591971,-5.505700814377409,0.8150484893014536
1609060507.882309198,2.1091299573915414,-5.520064653202699,0.7967936494426056
1609060507.930590153,2.1075497077262817,-5.526921568078219,0.7882628999291867
1609060507.981079102,2.105950803613684,-5.533665896381262,0.7805050351893499
1609060508.029278040,2.104100821462449,-5.540358613494863,0.7720932724330822
1609060508.088443995,2.099295121351169,-5.553662292920329,0.755348921454285
1609060508.131664038,2.0973046351122555,-5.559332979827044,0.7475049077764631
1609060508.179089069,2.0950291406213672,-5.5648947328107745,0.739120012266838
1609060508.230317116,2.0928899202691227,-5.5700054855702845,0.7312141905879805
1609060508.283871174,2.0907827678616506,-5.5748661955515075,0.7228322106288125
1609060508.331052065,2.089028555357043,-5.579449623242347,0.7144715110147928
1609060508.379541159,2.084868127424965,-5.587774672402642,0.6991768082102858
1609060508.430205107,2.0831917115201364,-5.591582701028379,0.6912107918230781
1609060508.482200146,2.081053181129427,-5.595160970978419,0.683637531345969
1609060508.530605078,2.0790409356972397,-5.59874571952864,0.6743590267952726
1609060508.584336042,2.076390585168479,-5.6037220200385,0.6550222577490032
1609060508.630553007,2.075414083205331,-5.605966545116406,0.6447467772131503
1609060508.680194139,2.0748681780807594,-5.607285104889993,0.63332508528703
1609060508.729096174,2.074331995797074,-5.608700132249826,0.6215740927857425
1609060508.780822039,2.074268860656808,-5.609514704185159,0.6109407351985325
1609060508.873443127,2.075651889552258,-5.610539070671596,0.5876027167385374
1609060508.941129208,2.0775700810129436,-5.6118492002896225,0.5619982016351095
1609060508.986562014,2.078481595622552,-5.612329132806924,0.5491000147922556
1609060509.031994104,2.0789471448597503,-5.612611180745933,0.5365346921307648
1609060509.076798201,2.0810543688639562,-5.612893019639166,0.513152367496847
1609060509.122907162,2.082524033452895,-5.613001176320356,0.5029472824282237
1609060509.176576138,2.083671370257491,-5.612734657746042,0.4922083001998949
1609060509.223483086,2.0844689020836,-5.612635787319842,0.4812136790541395
1609060509.276262999,2.085186028580349,-5.612933584049429,0.4705553063328054
1609060509.324488163,2.08638817086106,-5.6132507927425905,0.44849731921890523
1609060509.372967005,2.0867463013331395,-5.613467937240721,0.4359907860026375
1609060509.424610138,2.086316458241985,-5.613762498578179,0.4237901713147032
1609060509.473656178,2.08582249100629,-5.614524516760227,0.4110394444808243
1609060509.524735212,2.0844093836101827,-5.61512024953289,0.39846710306684585
1609060509.575262070,2.082717235442356,-5.6168344317399175,0.3848915551951464
1609060509.623697042,2.078969137325938,-5.619701221539888,0.35771124921347663
1609060509.675162077,2.0767825860199878,-5.620972569835974,0.3442729638673683
1609060509.723975182,2.074739287464599,-5.621943460462397,0.3312902410197971
1609060509.774631023,2.0727982863103023,-5.622852201586518,0.31868157173949285
1609060509.830249071,2.067091158528598,-5.625466086105938,0.2932872991291795
1609060509.879842043,2.0644971590201564,-5.627194447267151,0.28007686539065446
1609060509.929027081,2.062442926955363,-5.627450991325404,0.26750274831653087
1609060509.978571177,2.0594352421528903,-5.628648852753621,0.2558021100163863
1609060510.031541109,2.05474678596568,-5.630608843807462,0.24381276663001117
1609060510.084635019,2.0452300067942524,-5.634931152361766,0.22081365030168243
1609060510.131839991,2.040934943886711,-5.636895434303415,0.20941077523182017
1609060510.181102991,2.036871577666691,-5.639278950615626,0.19704262440930975
1609060510.229454041,2.032917117417213,-5.640920398992712,0.18496845311909027
1609060510.282863140,2.0293630453921025,-5.642651566410255,0.1725788061974498
1609060510.329972982,2.0211678971552836,-5.6461063102758615,0.1477549146228725
1609060510.380298138,2.017516177847874,-5.647085295321833,0.13512101493346762
1609060510.428771019,2.0140089943893926,-5.648325625367942,0.12316082665606487
1609060510.478412151,2.0101953430507074,-5.6502532007866435,0.11157307352578627
1609060510.531696081,2.0059696094799335,-5.65200461554798,0.10005342271535511
1609060510.584844112,1.9971068326919408,-5.656401343196549,0.07685115453395142
1609060510.630853176,1.9920328371610907,-5.6590600100992745,0.06539213902584606
1609060510.681565046,1.9880803873765913,-5.6617717061963795,0.05314689165198416
1609060510.728801012,1.9843363056026817,-5.6645579477678325,0.04194514986602016
1609060510.782432079,1.9818744795063274,-5.667152143083914,0.03240966046758942
1609060510.829675198,1.9880515130566963,-5.662985487544287,0.03343967019921834
1609060510.881379128,1.989558554157835,-5.662504261367051,0.028374574467864733
1609060510.930631161,1.9927952352484972,-5.661190194429402,0.024978329477580274
1609060510.983911991,1.9951671532030275,-5.6565312663631495,0.02619573782076401
1609060511.029888153,1.9965067236755516,-5.652999599087341,0.025823881241983315
1609060511.082311153,1.9973348087823304,-5.6452160690043875,0.02401711072485213
1609060511.128465176,1.9943870769644398,-5.6436681341017945,0.024149949441039098
1609060511.178915977,1.9937969869740897,-5.642053609139715,0.02414934016713488
1609060511.230607033,1.9943933313865294,-5.640481379505207,0.02407205268577073
1609060511.283373117,1.9950369736841012,-5.640329501829001,0.024208417589797193
1609060511.330246210,1.9945324298254157,-5.6421426269190285,0.02407397940212519
1609060511.382980108,1.9953801632227695,-5.643085298070453,0.024118752708570668
1609060511.424667120,1.9961350748226785,-5.644282699767025,0.024306823198735117
1609060511.474285126,1.9958890209330988,-5.645291174890797,0.024388039051451926
1609060511.522655010,1.9960648241265417,-5.646020362511557,0.02460702193074482
1609060511.576474190,1.9968538697446583,-5.646895608632594,0.02441493012731044
1609060511.625574112,1.9966485695587153,-5.647257668596424,0.02433877882296187
1609060511.672990084,1.9963328028088902,-5.646972234450466,0.024637620077399447
1609060511.724516153,1.9964487600743688,-5.646883178107917,0.02463888840135553
1609060511.774074078,1.9967560045731076,-5.6467542859526425,0.024694502921896344
1609060511.824729204,1.9966951354527502,-5.647102480694112,0.024494104821872753
1609060511.873460054,1.996638831239526,-5.647356409480135,0.02441142089969972
1609060511.923904181,1.9968520087628505,-5.647405193646684,0.024520381205089592
1609060511.975442171,1.9969769113386064,-5.647631829977403,0.024485706162444387
1609060512.022669077,1.9968938731854138,-5.647979673001881,0.024498660291058627
1609060512.075103045,1.9969655686595829,-5.6481947466890965,0.02453136769910813
1609060512.126736164,1.997159648426372,-5.648309709831743,0.024382292464075306
1609060512.173801184,1.9971593001366585,-5.64831792882406,0.024371981276267718
1609060512.223273039,1.9970906117600578,-5.648386167044585,0.02435115874580518
1609060512.274697065,1.9971406598486325,-5.648485465326257,0.02455525999063468
1609060512.323801994,1.9972028186224335,-5.6487220684097394,0.024569451335921144
1609060512.374632120,1.9971187965248163,-5.648791186437403,0.0245625878661464
1609060512.423748016,1.9972660547237204,-5.6489965461872735,0.024533487757249617
1609060512.475403070,1.9973620709193511,-5.649115690672026,0.024475553029169816
1609060512.522479057,1.9973133996493573,-5.649045039932407,0.02442401038049624
1609060512.575136185,1.9968590126046308,-5.647956270656678,0.024563322949891386
1609060512.624689102,1.9956714646916431,-5.644375917885824,0.02426034807936972
1609060512.673336029,1.9949548310597756,-5.6424586039993905,0.024012628855896168
1609060512.723724127,1.9942926147277973,-5.640429224982601,0.023856694270804724
1609060512.773655176,1.9935926399019657,-5.639008096931921,0.023713618492138266
1609060512.826208115,1.9931808136961848,-5.637650445131229,0.023777772387987284
1609060512.874486208,1.9929371122453077,-5.636928212192263,0.02380782629898448
1609060512.923703194,1.9931224883762724,-5.637137427233959,0.02373613323604573
1609060512.974423170,1.9932675760325047,-5.6377880018927335,0.023896131545019017
1609060513.023060083,1.9937074517274205,-5.638602929000562,0.023934877157874013
1609060513.077083111,1.9940118810519785,-5.639532840127657,0.02376682540658237
1609060513.125016212,1.9945235818596778,-5.640728043269778,0.02381502194263163
1609060513.173258066,1.9946624102336763,-5.6411829439493815,0.023852781144032775
1609060513.225908041,1.9948509509158505,-5.641422861275146,0.023929267307231328
1609060513.277425051,1.9947471280138238,-5.641276095051111,0.02383965100368357
1609060513.376724005,1.9943245119911417,-5.6402577115147245,0.023856600202243783
1609060513.424143076,1.9942558904719867,-5.63985378201059,0.023874702751360388
1609060513.474897146,1.994074367416907,-5.639613213221704,0.023792154774891827
1609060513.524019003,1.9939257269656352,-5.639370653343043,0.02367980682805282
1609060513.574426174,1.9940417693926555,-5.63906667590852,0.023577537455334863
1609060513.626206160,1.9938534436372706,-5.638898759883151,0.023789656423620187
1609060513.674419165,1.9937496677968127,-5.638811920101546,0.023622283703009117
1609060513.723834038,1.993568984854793,-5.6384456765478355,0.023701884902717296
1609060513.774116993,1.993357312897352,-5.637884475312724,0.0236826448290266
1609060513.823392153,1.993333065905741,-5.637091843656378,0.02377896732762963
1609060513.879414082,1.992379657158434,-5.63531408026795,0.023965912360587538
1609060513.923260212,1.992304750359196,-5.6344532678105885,0.024009509165470178
1609060513.974857092,1.9920986714745332,-5.633905100085958,0.02415902645468293
1609060514.024241209,1.9917609055731518,-5.633522798031613,0.023840865918888454
1609060514.073918104,1.99163619145369,-5.633097940676176,0.02375030577668369
1609060514.127549171,1.9915842693107813,-5.6329200929686785,0.023841015084041572
1609060514.172559023,1.9916795246299301,-5.633268241206732,0.023868967747837644
1609060514.223515034,1.9917070831445152,-5.633700619679676,0.02404546421631437
