timestamp,estimate_x,estimate_y,estimate_z,truth_x,truth_y,truth_z,error_m
1609060363.469352007,0.046151830,-0.021021667,-0.030617796,0.000352647,-0.000128288,-0.000155817,0.058839023
1609060363.517702103,0.045983095,-0.020504219,-0.030447825,0.000266305,0.000024604,-0.000032764,0.058621953
1609060363.568032980,0.046139290,-0.021300966,-0.029631239,0.000273958,0.000023288,-0.000043316,0.058598615
1609060363.616620064,0.045951456,-0.020728203,-0.029298508,0.000455122,0.000045726,-0.000206092,0.057860532
1609060363.669232130,0.046230768,-0.021387999,-0.029839511,0.000322824,-0.000048357,0.000006751,0.058768350
1609060363.717437983,0.046009295,-0.020745550,-0.029601104,0.000309158,-0.000056917,0.000007880,0.058251300
1609060363.769133091,0.045439400,-0.020984972,-0.029968075,0.000313077,-0.000056831,0.000003710,0.058074779
1609060363.816621065,0.045125019,-0.020520951,-0.029747747,0.000357567,-0.000119010,-0.000146163,0.057416180
1609060363.869219065,0.045335337,-0.021119240,-0.030059429,0.000265599,0.000019840,-0.000039722,0.058131961
1609060363.918718100,0.045106657,-0.020629667,-0.029867815,0.000450987,0.000034525,0.000000389,0.057560814
1609060363.968429089,0.045146148,-0.019976824,-0.029840233,0.000272345,0.000020770,-0.000045630,0.057456770
1609060364.018787146,0.044888295,-0.019154451,-0.029662659,0.000364012,-0.000124076,-0.000161475,0.056699972
1609060364.067788124,0.044307565,-0.019245573,-0.029160829,0.000268084,0.000022409,-0.000038284,0.056203680
1609060364.119420052,0.043946154,-0.018445745,-0.028827221,0.000327210,-0.000044406,0.000008343,0.055432043
1609060364.166568995,0.043692748,-0.019037467,-0.028301499,0.000259032,0.000018830,-0.000034140,0.055214796
1609060364.220535994,0.043309146,-0.018379688,-0.027793540,0.000351740,-0.000123126,-0.000146439,0.054249452
1609060364.269806147,0.044272785,-0.019487704,-0.027498113,0.000449516,0.000065556,-0.000167732,0.055224619
1609060364.317873001,0.044179693,-0.019137972,-0.027069919,0.000410911,0.000120631,-0.000035863,0.054931231
1609060364.369445086,0.044328819,-0.019299515,-0.026890290,0.000506974,-0.000022317,-0.000153461,0.054834501
1609060364.418934107,0.044260450,-0.018877247,-0.026352848,0.000302656,-0.000052806,-0.000198416,0.054504142
1609060364.470550060,0.044415974,-0.019088620,-0.025737593,0.000306290,-0.000059472,-0.000213235,0.054399132
1609060364.516581059,0.044574915,-0.019071768,-0.025310921,0.000320215,-0.000061600,-0.000232001,0.054303013
1609060364.568826199,0.044722861,-0.020223129,-0.025921326,0.000270386,0.000004300,-0.000070217,0.055258042
1609060364.618486166,0.044768031,-0.019942981,-0.025734801,0.000364372,-0.000146097,0.000022496,0.055018542
1609060364.666870117,0.045789406,-0.019988631,-0.025012866,0.000403415,0.000091364,-0.000075138,0.055542639
1609060364.718618155,0.045933010,-0.019310706,-0.024584576,0.000473405,0.000031166,-0.000029715,0.055169058
1609060364.766618013,0.045986782,-0.020843479,-0.026323338,0.000310503,-0.000046424,-0.000196683,0.056581288
1609060364.816910982,0.045993807,-0.019893374,-0.026259380,0.000388377,0.000111313,-0.000026214,0.056286959
1609060364.866990089,0.045668598,-0.021027438,-0.026547053,0.000290333,-0.000033732,-0.000153898,0.056537786
1609060364.917939186,0.045508153,-0.020953535,-0.026386105,0.000317779,-0.000033161,0.000036970,0.056373849
1609060364.968490124,0.045083828,-0.020724801,-0.026793054,0.000252330,0.000033302,-0.000003276,0.056200126
1609060365.018791199,0.044841038,-0.020364601,-0.026605011,0.000348575,-0.000112449,-0.000125624,0.055595745
1609060365.069586039,0.044635963,-0.020361488,-0.026813386,0.000349153,-0.000110341,-0.000122836,0.055532116
1609060365.116973162,0.044393106,-0.020054999,-0.026615356,0.000294942,-0.000041077,-0.000170892,0.055177122
1609060365.167543173,0.044703402,-0.020810655,-0.027225137,0.000457233,-0.000050459,-0.000144457,0.055875509
1609060365.216737032,0.044677112,-0.020651032,-0.027056653,0.000484481,-0.000056316,-0.000183928,0.055671126
1609060365.269127131,0.045427828,-0.021142070,-0.027612565,0.000390576,0.000110343,-0.000250328,0.056821749
1609060365.317117214,0.045482633,-0.020883741,-0.027471940,0.000114216,-0.000083058,-0.000040323,0.056951342
1609060365.368606091,0.046174370,-0.022096747,-0.027466851,0.000065035,-0.000000712,-0.000072669,0.058006437
1609060365.419071198,0.046288911,-0.021907999,-0.027253394,0.000064369,-0.000013130,-0.000092099,0.057912257
1609060365.467614174,0.045876595,-0.022608309,-0.027868646,0.000111060,-0.000089327,-0.000047031,0.058100181
1609060365.520151138,0.046066693,-0.022392023,-0.027579742,0.000099009,-0.000060148,0.000013594,0.058078679
1609060365.568042040,0.046721201,-0.022064638,-0.028237464,0.000672148,0.000008775,-0.000064483,0.058322102
1609060365.618832111,0.047084813,-0.021799912,-0.027972895,0.000682031,0.000012436,-0.000069406,0.058374664
1609060365.668703079,0.047672570,-0.022125995,-0.028731583,0.000390677,0.000124731,-0.000006958,0.059630331
1609060365.716791153,0.047575027,-0.021495998,-0.028655836,0.000166939,0.000084516,-0.000046349,0.059428513
1609060365.768277168,0.048079114,-0.020782416,-0.027817109,0.000053714,-0.000000496,-0.000059871,0.059235053
1609060365.817838192,0.048368933,-0.019974451,-0.027231655,0.000162657,-0.000157149,0.000006238,0.058808785
1609060365.869102001,0.047193201,-0.021419844,-0.028818055,-0.000130988,-0.000041771,-0.000143903,0.059319540
1609060365.915625095,0.046996586,-0.020303832,-0.028628987,0.000119453,-0.000087053,-0.000052568,0.058504662
1609060365.967102051,0.046454485,-0.019992723,-0.029098968,0.000205407,-0.000232716,-0.000163459,0.058023260
1609060366.017361164,0.045919132,-0.018534320,-0.029013799,0.000354080,-0.000118558,-0.000141596,0.056999283
1609060366.071130037,0.046396702,-0.020037537,-0.029089357,0.000544710,-0.000089497,-0.000083907,0.057806968
1609060366.166268110,0.046181877,-0.019942565,-0.029313448,0.000384117,-0.000176545,-0.000048651,0.057832160
1609060366.217751026,0.045891712,-0.020489623,-0.028969984,0.000087884,-0.000368910,-0.000035229,0.057793199
1609060366.266285181,0.044773730,-0.020271470,-0.029731277,0.000092678,-0.000059805,0.000021112,0.057359502
1609060366.319833040,0.044238945,-0.021275546,-0.029335307,-0.000047252,0.000040180,0.000117196,0.057298144
1609060366.368166208,0.045380466,-0.020985486,-0.029424979,-0.000108373,-0.000091024,-0.000028616,0.058051349
1609060366.417719126,0.045237312,-0.021020436,-0.028912617,0.000242615,-0.000287834,0.000146380,0.057435083
1609060366.467580080,0.044581381,-0.022710632,-0.028588319,-0.000034002,-0.000166907,-0.000013477,0.057578412
1609060366.517288208,0.045012312,-0.022022073,-0.027791271,0.000236429,-0.000296243,-0.000080591,0.056962911
1609060366.569877148,0.045551287,-0.022281112,-0.028879929,0.000393389,0.000124568,-0.000010204,0.058092265
1609060366.617144108,0.044659825,-0.021495981,-0.028279449,0.000385275,-0.000309961,0.000173706,0.056733282
1609060366.668351173,0.047401188,-0.021823686,-0.028268093,0.000403792,0.000110579,0.000175767,0.059151673
1609060366.715952158,0.049134640,-0.021246965,-0.027572834,-0.000613854,-0.000060705,0.000356339,0.060858927
1609060366.768293142,0.049795612,-0.021515623,-0.027859057,-0.000306125,-0.000446384,0.000052128,0.061099354
1609060366.818122149,0.048871730,-0.021129849,-0.028134112,0.001024256,0.000137844,-0.000021976,0.059430529
1609060366.867343187,0.049675244,-0.022106248,-0.027006434,0.000418142,0.000152065,0.000227344,0.060525806
1609060366.917598009,0.047132892,-0.021119044,-0.027139278,-0.000325635,-0.000062576,0.000476609,0.058807516
1609060366.967342138,0.045537216,-0.021603751,-0.027421709,0.001656293,-0.000071272,0.000044147,0.056067426
1609060367.018635988,0.044221325,-0.021174515,-0.027731040,0.000802165,0.000341478,0.000332733,0.055997650
1609060367.066863060,0.044814607,-0.021240771,-0.027707459,-0.000590914,0.000086231,0.001009948,0.057803043
1609060367.120592117,0.044273685,-0.021283027,-0.028113200,0.000176782,-0.000147327,0.000446900,0.056629798
1609060367.168382168,0.044239978,-0.021129930,-0.028132526,0.000698040,0.000075106,0.000454988,0.056238777
1609060367.220067024,0.043596285,-0.020306151,-0.028154169,-0.000617461,0.000036455,0.000738189,0.056598987
1609060367.268805027,0.043946853,-0.020609303,-0.028028435,-0.000389047,-0.000109275,0.000690649,0.056663119
1609060367.316627979,0.043461669,-0.020234733,-0.027483889,0.000459081,-0.000069937,0.000482253,0.055117572
1609060367.374567032,0.041953424,-0.020479642,-0.027856007,-0.000013172,-0.000190865,0.000585093,0.054605181
1609060367.419722080,0.041572339,-0.020077817,-0.027237601,0.000071738,-0.000023967,0.000762706,0.053930270
1609060367.468986034,0.041444198,-0.020684633,-0.027255451,0.000775383,0.000165729,0.000517080,0.053479002
1609060367.518623114,0.041443258,-0.019929637,-0.026240180,0.001005300,0.000191045,0.000525492,0.052502110
1609060367.566896200,0.042738468,-0.020869012,-0.026050882,0.000889959,-0.000018374,0.000532424,0.053784003
1609060367.616783142,0.042752758,-0.020598662,-0.025453696,0.001010969,0.000152422,0.000676674,0.053439505
1609060367.668950081,0.042820062,-0.019890255,-0.026376607,0.000730315,-0.000085094,0.000379515,0.053662661
1609060367.718545198,0.042171434,-0.019627790,-0.026016673,0.000397581,-0.000209806,0.000542911,0.053174471
1609060367.765889168,0.044046623,-0.021040582,-0.027847044,0.000105201,-0.000078862,0.000416649,0.056294570
1609060367.817234993,0.044315053,-0.020897383,-0.027514928,0.000242984,0.000010138,0.000409641,0.056207235
1609060367.868952990,0.042721401,-0.020789656,-0.027980032,0.000339713,-0.000142813,0.000495190,0.055075747
1609060367.922713995,0.043218385,-0.020170616,-0.027666296,-0.000142040,-0.000038417,0.000754198,0.055616152
1609060367.968739033,0.038719061,-0.018845032,-0.025978714,-0.001113061,-0.000305982,0.001167478,0.051645039
1609060368.018198013,0.036222240,-0.018052164,-0.025143734,-0.002591340,-0.000469840,0.001426557,0.050215659
1609060368.068567038,0.028949177,-0.018245907,-0.026724817,-0.004485227,-0.001351842,0.001637312,0.046985947
1609060368.117814064,0.024512264,-0.017550697,-0.026423917,-0.007008597,-0.002171046,0.001762192,0.044995056
1609060368.170260191,0.018034871,-0.018693282,-0.027581115,-0.008981754,-0.002686339,0.001555349,0.042837527
1609060368.217667103,0.013732884,-0.018175621,-0.027037990,-0.011817858,-0.003851114,0.001463996,0.040870468
1609060368.267811060,0.010460104,-0.017701292,-0.027470506,-0.012638625,-0.003852636,0.001484095,0.039543717
1609060368.318669081,0.006884949,-0.016382115,-0.026836006,-0.012800729,-0.003916812,0.001998616,0.037072161
1609060368.367310047,0.004880379,-0.016439245,-0.028683279,-0.012701319,-0.003757035,0.002368789,0.037870641
1609060368.424607038,0.002875034,-0.014773997,-0.028216990,-0.012259085,-0.003807545,0.002900941,0.036299176
1609060368.476238012,0.005402549,-0.010889337,-0.027880605,-0.010112976,-0.002952009,0.004130070,0.036447442
1609060368.523241997,0.005371516,-0.008709075,-0.026755955,-0.009622581,-0.003024745,0.005233767,0.035783752
1609060368.573940992,0.006611862,-0.007354628,-0.025003388,-0.008666150,-0.002535391,0.006737470,0.035554532
1609060368.625032187,0.007378058,-0.004819122,-0.021829330,-0.008485328,-0.001808579,0.009260493,0.035032663
1609060368.676413059,0.004985058,-0.006647023,-0.016689338,-0.008426871,-0.000540116,0.013900029,0.033954138
1609060368.725769997,0.005856658,-0.004281714,-0.007238638,-0.006980668,0.001387151,0.020947916,0.031486740
1609060368.777173996,0.008159371,-0.001920650,0.003828702,-0.003863052,0.003164326,0.043774036,0.042024104
1609060368.824648142,0.009534012,0.001203356,0.022100054,-0.003041256,0.004224189,0.062690524,0.042601045
1609060368.875344992,0.013198091,0.000610281,0.046461246,-0.001104869,0.005573438,0.083074624,0.039620034
1609060368.923364162,0.015269706,0.002846864,0.075076041,0.001111218,0.008267013,0.110012053,0.038083667
1609060368.974891186,0.014450000,0.008973361,0.107683684,0.001616823,0.009225935,0.139364636,0.034182407
1609060369.023996115,0.016201634,0.011263194,0.147694070,0.006026772,0.014035969,0.208056706,0.061276944
1609060369.076563120,0.016787754,0.015278232,0.202026080,0.005645943,0.016277352,0.250225514,0.049480538
1609060369.122320175,0.016980057,0.019045423,0.250893482,0.006525430,0.018601496,0.295004927,0.045335591
1609060369.175933123,0.015323009,0.022561293,0.317527247,0.005475035,0.021591195,0.345836221,0.029988693
1609060369.225181103,0.013519020,0.026735012,0.381131205,0.004460880,0.025012164,0.400167667,0.021151950
1609060369.277878046,0.011655194,0.029599942,0.453123452,0.003670517,0.031544681,0.514357305,0.061782860
1609060369.325048208,0.009672805,0.033902471,0.522178945,0.002224844,0.035987753,0.576799261,0.055165201
1609060369.375655174,0.012118226,0.036394927,0.597217095,0.000986345,0.039151329,0.639772380,0.044073448
1609060369.423925161,0.009770460,0.040074114,0.673478522,-0.001116003,0.042314623,0.705078997,0.033498133
1609060369.476325035,0.004541454,0.042656618,0.757028334,-0.004156337,0.045257470,0.774513121,0.019701111
1609060369.526211023,0.000966502,0.045189003,0.839802820,-0.010900538,0.050291649,0.909076917,0.070468179
1609060369.576457024,-0.004149919,0.049816252,0.926402010,-0.016939148,0.051896956,0.979990540,0.055132788
1609060369.624904156,-0.009071536,0.052492562,1.005916280,-0.022175154,0.051526789,1.047043231,0.043174803
1609060369.676457167,-0.012422458,0.050352540,1.087650639,-0.027673429,0.050771761,1.113042541,0.029622906
1609060369.724966049,-0.017272172,0.049325704,1.163501834,-0.032117921,0.050163012,1.177115361,0.020159997
1609060369.776529074,-0.023368985,0.045071113,1.244748155,-0.035790958,0.046619757,1.239326189,0.013641899
1609060369.824362040,-0.028702105,0.041853114,1.315178807,-0.048315656,0.041410133,1.362549445,0.051272459
1609060369.874984980,-0.037755141,0.037742150,1.382029106,-0.053330903,0.036474501,1.420254690,0.041296569
1609060369.922994137,-0.043617840,0.031176190,1.447181408,-0.058678361,0.032198394,1.477099828,0.033510834
1609060369.973376989,-0.049815542,0.023545886,1.520027123,-0.065083831,0.023966201,1.532618070,0.019794679
1609060370.024846077,-0.056674267,0.012861300,1.586417038,-0.072377628,0.016004412,1.588192475,0.016112942
1609060370.077591181,-0.063978283,0.001968299,1.648512566,-0.083431370,-0.004630554,1.692531060,0.048575666
1609060370.131295204,-0.071521638,-0.011602929,1.715434919,-0.089787416,-0.014949260,1.745325643,0.035189372
1609060370.176069021,-0.077668439,-0.024233736,1.774053170,-0.096869567,-0.026482980,1.797683407,0.030530813
1609060370.225593090,-0.085200202,-0.039094721,1.835534599,-0.103631683,-0.038952007,1.850505250,0.023745741
1609060370.274984121,-0.089275836,-0.057427406,1.900647692,-0.110097413,-0.052760272,1.902116488,0.021388726
1609060370.332502127,-0.097788252,-0.076103483,1.973363748,-0.125957451,-0.082164741,2.012235544,0.048386560
1609060370.379465103,-0.107368023,-0.089293381,2.030339638,-0.132146366,-0.097639112,2.064290997,0.042852215
1609060370.424487114,-0.114893664,-0.105164889,2.086752514,-0.138970158,-0.113620467,2.114148903,0.037439771
1609060370.475898027,-0.127647601,-0.120043240,2.148593107,-0.146695647,-0.130204811,2.165147451,0.027205365
1609060370.524448156,-0.136783070,-0.137566478,2.210071080,-0.153378897,-0.146180621,2.218056271,0.020331951
1609060370.576019049,-0.145774280,-0.155666300,2.275500691,-0.160283271,-0.161757085,2.271150443,0.016325843
1609060370.625375986,-0.155203855,-0.172733426,2.338708508,-0.176451613,-0.193992806,2.375328685,0.047375793
1609060370.675712109,-0.164448259,-0.190554562,2.404261641,-0.184377598,-0.209235434,2.429577604,0.037243141
1609060370.723781109,-0.173525805,-0.206320469,2.464737182,-0.191083444,-0.223693645,2.478888960,0.028467011
1609060370.775207043,-0.183943976,-0.224857236,2.528306092,-0.200568808,-0.238917265,2.530510875,0.021884482
1609060370.824608088,-0.193691695,-0.240075043,2.585688782,-0.210445223,-0.252993012,2.579952839,0.021919298
1609060370.877348185,-0.205995751,-0.260501530,2.641630424,-0.223900228,-0.280567611,2.665764053,0.036133778
1609060370.923455000,-0.215345339,-0.275034364,2.688042326,-0.232597663,-0.294021379,2.705369191,0.030957546
1609060370.976181030,-0.223074354,-0.291081696,2.736662660,-0.240827341,-0.306444307,2.742874947,0.024285199
1609060371.024459124,-0.231228289,-0.305811001,2.779356768,-0.248395824,-0.318086171,2.778800117,0.021111938
1609060371.076410055,-0.238341211,-0.320064527,2.820577345,-0.255354368,-0.329789166,2.812602268,0.021156985
1609060371.125555992,-0.245164801,-0.333896180,2.859298410,-0.262940383,-0.341479720,2.843007667,0.025275872
1609060371.175806999,-0.250204638,-0.348187414,2.895449201,-0.276828065,-0.363164403,2.904519843,0.031865242
1609060371.226459980,-0.255528263,-0.361209679,2.931103338,-0.282855212,-0.373743247,2.931824766,0.030072793
1609060371.275564194,-0.261766993,-0.376395010,2.962130308,-0.290110462,-0.384411233,2.959635318,0.029560735
1609060371.322875023,-0.266213389,-0.388179492,2.993001472,-0.295871900,-0.394180165,2.985678750,0.031132903
1609060371.381882191,-0.271979224,-0.402716201,3.025447474,-0.306265603,-0.414011999,3.035787875,0.037550962
1609060371.425695181,-0.275324991,-0.413933527,3.051730519,-0.312094368,-0.424202563,3.060710134,0.039218282
1609060371.476238012,-0.283672602,-0.424818232,3.082316429,-0.316266270,-0.433729930,3.084963488,0.033893546
1609060371.523342133,-0.288005722,-0.435798840,3.110112525,-0.320262403,-0.442943325,3.108590964,0.033073437
1609060371.576235056,-0.294111704,-0.448978389,3.145253960,-0.324850774,-0.453096609,3.133294628,0.033239672
1609060371.625576019,-0.299376913,-0.460452007,3.175318364,-0.329130857,-0.462328652,3.157601878,0.034679862
1609060371.677156210,-0.309682665,-0.472271872,3.204020874,-0.336091099,-0.481092748,3.210284976,0.028538609
1609060371.723249197,-0.315356497,-0.482721603,3.232209641,-0.338919177,-0.490106751,3.231828442,0.024695862
1609060371.773763180,-0.324066785,-0.493224001,3.259304121,-0.341977641,-0.499358827,3.255331405,0.019344697
1609060371.824518204,-0.330473125,-0.505020222,3.287088812,-0.344228459,-0.507845517,3.276648967,0.017498053
1609060371.877555132,-0.334917920,-0.516212221,3.315955751,-0.346992589,-0.517474066,3.298539234,0.021230284
1609060371.924982071,-0.340481942,-0.527377464,3.342774101,-0.352742980,-0.534766093,3.344503812,0.014419320
1609060371.975533009,-0.341353726,-0.539372799,3.369948139,-0.355778269,-0.542945984,3.369988573,0.014860577
1609060372.022653103,-0.344981115,-0.549402574,3.401990524,-0.358431258,-0.550976755,3.397110261,0.014394491
1609060372.076374054,-0.350298063,-0.561079462,3.440027072,-0.360854492,-0.559106565,3.430592133,0.014295055
1609060372.125910997,-0.354624046,-0.570820596,3.480738088,-0.363383761,-0.566907763,3.463888234,0.019389700
1609060372.175580978,-0.355823267,-0.580476429,3.511462224,-0.369859639,-0.585870174,3.527273491,0.021819908
1609060372.223182201,-0.359884316,-0.591278897,3.544053896,-0.374836193,-0.595417886,3.557009098,0.020212054
1609060372.275930166,-0.364480294,-0.602694991,3.575438204,-0.380866921,-0.604897358,3.582063065,0.017811815
1609060372.325079203,-0.370040764,-0.613910361,3.603229466,-0.388001282,-0.615304958,3.606595967,0.018326440
1609060372.376758099,-0.378903328,-0.627597183,3.632491606,-0.394522127,-0.625191931,3.628419746,0.016319074
1609060372.429697990,-0.384334143,-0.639666786,3.651972635,-0.406105729,-0.643790196,3.659128772,0.023285506
1609060372.476099014,-0.395451291,-0.650106360,3.673053145,-0.413418562,-0.653739830,3.670040610,0.018576875
1609060372.524174213,-0.404467485,-0.661717519,3.684088672,-0.421934081,-0.663588713,3.679157219,0.018245617
1609060372.576766014,-0.418052933,-0.674750095,3.689720557,-0.432160168,-0.674308577,3.687114134,0.014352785
1609060372.625241041,-0.432099582,-0.687892273,3.695101131,-0.444138523,-0.685748881,3.692944703,0.012416941
1609060372.677778006,-0.451007829,-0.701611835,3.694745128,-0.472182362,-0.709984860,3.700863736,0.023577654
1609060372.722868204,-0.467293549,-0.714763844,3.695574511,-0.487270871,-0.721973900,3.702916409,0.022471799
1609060372.775847197,-0.488604864,-0.731278368,3.692711949,-0.505848083,-0.735761744,3.704256272,0.021229711
1609060372.825339079,-0.512053138,-0.747162873,3.690877557,-0.526069984,-0.750295347,3.704633878,0.019887703
1609060372.877873182,-0.540126045,-0.764416912,3.691176112,-0.547754742,-0.764950797,3.704518656,0.015378737
1609060372.926480055,-0.566831304,-0.782157701,3.689525895,-0.593420072,-0.795760926,3.703677042,0.033049437
1609060372.973802090,-0.592776656,-0.799901219,3.692995031,-0.620897279,-0.813488992,3.702993153,0.032792674
1609060373.024542093,-0.624212702,-0.819987789,3.690813343,-0.646525992,-0.828963408,3.701829861,0.026453891
1609060373.076001167,-0.659393131,-0.839625628,3.688677265,-0.675289520,-0.846026815,3.700759306,0.020967740
1609060373.124036074,-0.693783907,-0.859917480,3.686391930,-0.709971378,-0.867345766,3.699576746,0.022159717
1609060373.180086136,-0.737406151,-0.887789941,3.685594164,-0.776686276,-0.905831842,3.697216106,0.044760563
1609060373.223744154,-0.772245594,-0.908222361,3.684345933,-0.809920388,-0.924243835,3.696345570,0.042662267
1609060373.277434111,-0.815669309,-0.931964755,3.688042618,-0.848077978,-0.945595600,3.695309579,0.035901679
1609060373.323575020,-0.855968312,-0.954524724,3.687308343,-0.886660876,-0.966654444,3.694019147,0.033677863
1609060373.374325037,-0.899910038,-0.979095480,3.692612234,-0.927886646,-0.989412251,3.693097253,0.029822166
1609060373.424693108,-0.945392012,-1.005174049,3.692958326,-0.968898001,-1.011800549,3.691689048,0.024455124
1609060373.477025032,-1.002434563,-1.036060454,3.696161661,-1.051879550,-1.056883816,3.688286607,0.054225784
1609060373.523668051,-1.049535607,-1.061619145,3.697030361,-1.094512317,-1.079666570,3.687373345,0.049415301
1609060373.575177193,-1.104866561,-1.090623320,3.695289229,-1.137913341,-1.101731043,3.686523392,0.035948729
1609060373.624744177,-1.157807404,-1.119171192,3.696860685,-1.181115114,-1.125059384,3.685982054,0.026386829
1609060373.678225040,-1.217729500,-1.150188932,3.696954653,-1.226890779,-1.149619172,3.685943546,0.014335206
1609060373.725805044,-1.267576280,-1.177485770,3.697601446,-1.313001936,-1.195014514,3.686210798,0.050004940
1609060373.776236057,-1.318655262,-1.205039209,3.695192592,-1.355729032,-1.218154311,3.685770352,0.040438212
1609060373.823961020,-1.367576964,-1.232324530,3.695911338,-1.399104199,-1.240364988,3.687241233,0.033671742
1609060373.877856016,-1.421870959,-1.260929932,3.694224700,-1.442353008,-1.262900504,3.687784823,0.021560832
1609060373.925863981,-1.470113235,-1.287251331,3.693575913,-1.484444625,-1.285211253,3.687999352,0.015512856
1609060373.976363182,-1.520157966,-1.314391540,3.691664168,-1.567414308,-1.328708289,3.687688001,0.049537270
1609060374.024655104,-1.566821892,-1.339545959,3.690761085,-1.607214129,-1.348391728,3.687128827,0.041508719
1609060374.074808121,-1.614076466,-1.362397397,3.689577286,-1.649023558,-1.369894380,3.686998311,0.035835110
1609060374.125483036,-1.659622802,-1.387513591,3.688366527,-1.685574068,-1.388050797,3.686381721,0.026032600
1609060374.175988197,-1.704676492,-1.407396294,3.688078186,-1.723239004,-1.407546138,3.686835862,0.018604641
1609060374.224302053,-1.745630192,-1.428795363,3.687811961,-1.797917876,-1.444865798,3.687996877,0.054701874
1609060374.275952101,-1.789559446,-1.449063636,3.690966812,-1.835056586,-1.463849366,3.689566788,0.047859876
1609060374.324405193,-1.828506576,-1.468367948,3.692000679,-1.868965925,-1.481263362,3.690706180,0.042484425
1609060374.377850056,-1.870716132,-1.488319112,3.695316269,-1.903570178,-1.499197235,3.691736314,0.034792786
1609060374.432549000,-1.911605256,-1.508171123,3.697333473,-1.968480002,-1.532020744,3.694499846,0.061737919
1609060374.480001211,-1.950930369,-1.527081676,3.704780692,-1.997598120,-1.546545850,3.695615118,0.051388138
1609060374.523640156,-1.982673070,-1.542053358,3.707835261,-2.026025194,-1.561168729,3.696887070,0.048627841
1609060374.575245142,-2.021603636,-1.562626898,3.702266192,-2.057039284,-1.576932262,3.697876191,0.038465579
1609060374.626283169,-2.056463745,-1.580961067,3.704035194,-2.083748279,-1.590910205,3.698962254,0.029481619
1609060374.675654173,-2.093265359,-1.600526336,3.700984564,-2.110778832,-1.604898674,3.700056864,0.018074836
1609060374.723823071,-2.128573712,-1.619368099,3.702319469,-2.167963863,-1.634482676,3.703121748,0.042198082
1609060374.773189068,-2.164144520,-1.636891695,3.707112667,-2.196033545,-1.648792723,3.705156372,0.034093569
1609060374.824628115,-2.198235970,-1.656621403,3.709941138,-2.222148694,-1.662712311,3.706574629,0.024904837
1609060374.877428055,-2.231954645,-1.674564116,3.710042644,-2.248622865,-1.676677161,3.708262757,0.016895636
1609060374.925567150,-2.263177457,-1.691551549,3.711764852,-2.274520340,-1.689974631,3.709869223,0.011607802
1609060374.975277185,-2.299029800,-1.708602436,3.715209955,-2.328953165,-1.719049486,3.712064275,0.031850336
1609060375.024696112,-2.332426331,-1.726793992,3.716327536,-2.355256542,-1.733483718,3.712563843,0.024086019
1609060375.075798035,-2.363834469,-1.744276952,3.717193487,-2.380948414,-1.747895274,3.713015132,0.017984383
1609060375.126281977,-2.393929448,-1.762528267,3.717484127,-2.406225117,-1.761805666,3.712766709,0.013189377
1609060375.176793098,-2.423734470,-1.778895770,3.717836814,-2.430835217,-1.775682049,3.712397488,0.009504467
1609060375.225218058,-2.452919247,-1.795366004,3.718082825,-2.482020377,-1.803589936,3.712223930,0.030803173
1609060375.275624990,-2.485973689,-1.812904534,3.717626166,-2.508467546,-1.817974345,3.711809752,0.023780396
1609060375.323940992,-2.516941033,-1.829316887,3.717575838,-2.535161045,-1.832814682,3.711240269,0.019604664
1609060375.377138138,-2.552864208,-1.847693284,3.717898000,-2.562666614,-1.848045568,3.710737090,0.012144541
1609060375.425173998,-2.583715843,-1.864204681,3.717873729,-2.589021184,-1.862751002,3.710833725,0.008934287
1609060375.476772070,-2.618443696,-1.879691923,3.720729402,-2.644489253,-1.893887234,3.710146747,0.031493975
1609060375.524785042,-2.649028354,-1.895836367,3.721371687,-2.668875146,-1.907398328,3.710139740,0.025568158
1609060375.575093031,-2.681292702,-1.912670119,3.721326090,-2.695181908,-1.921734615,3.709786963,0.020204617
1609060375.626551151,-2.713882980,-1.929945653,3.721537970,-2.721371946,-1.936574402,3.709420999,0.015711331
1609060375.677131176,-2.747575484,-1.949328864,3.723125415,-2.748409146,-1.951941765,3.708925636,0.014462226
1609060375.728677988,-2.780429631,-1.966672870,3.723270371,-2.799819626,-1.979743185,3.707335200,0.028297256
1609060375.773073196,-2.807308118,-1.981561621,3.720260037,-2.826089864,-1.994085182,3.706154032,0.026619034
1609060375.823648214,-2.838111795,-1.998478892,3.719385960,-2.850103619,-2.006685726,3.705280717,0.020251268
1609060375.876316071,-2.868587867,-2.018164891,3.715855211,-2.877909843,-2.022328085,3.704206825,0.015489232
1609060375.925800085,-2.897645663,-2.035424429,3.713646175,-2.904726782,-2.037382587,3.702733379,0.013155445
1609060375.977324009,-2.928044351,-2.052767016,3.709159384,-2.955760727,-2.064794138,3.699322032,0.031774560
1609060376.024099112,-2.955089235,-2.068203578,3.706509025,-2.980660314,-2.077920130,3.697273739,0.028871819
1609060376.076449156,-2.984510281,-2.085968245,3.703647895,-3.006103080,-2.091799089,3.694722973,0.024081154
1609060376.129225016,-3.013754286,-2.102703781,3.700883871,-3.030186680,-2.105079179,3.691977757,0.018841044
1609060376.176424026,-3.040661781,-2.116866987,3.699444930,-3.054685928,-2.118329044,3.688399529,0.017911314
1609060376.224507093,-3.067611278,-2.132299546,3.694954926,-3.103212274,-2.145148339,3.680569513,0.040490277
1609060376.275020123,-3.099124295,-2.147410753,3.694308800,-3.127546632,-2.158452461,3.676513946,0.035304467
1609060376.324153185,-3.125676809,-2.162662206,3.688981390,-3.149416054,-2.170676780,3.671895928,0.030326526
1609060376.376890182,-3.155791722,-2.179861760,3.682987715,-3.172692456,-2.183860340,3.666715960,0.023799022
1609060376.425126076,-3.181778555,-2.194004359,3.677608440,-3.193773460,-2.195910726,3.662583117,0.019320257
1609060376.479104042,-3.210601216,-2.211111329,3.670457136,-3.216467049,-2.208941268,3.657648730,0.014253856
1609060376.524039984,-3.233761776,-2.223812923,3.665240003,-3.258545551,-2.232089381,3.648034271,0.031285340
1609060376.576709032,-3.261000873,-2.239259795,3.660046314,-3.278799675,-2.244184290,3.642903744,0.025197534
1609060376.624075174,-3.283731988,-2.253257343,3.654737731,-3.298004064,-2.255987085,3.638533976,0.021764772
1609060376.677000999,-3.308100143,-2.266853570,3.651788684,-3.316517064,-2.267522119,3.633843567,0.019832265
1609060376.726062059,-3.329388892,-2.280210871,3.647404730,-3.352388587,-2.288325418,3.626146245,0.032353594
1609060376.776576996,-3.353044436,-2.292895136,3.642920131,-3.370317540,-2.299898488,3.621333897,0.028519687
1609060376.825327158,-3.372967625,-2.305645290,3.638467222,-3.386066999,-2.310452681,3.617051302,0.025560638
1609060376.875717163,-3.393298691,-2.319067737,3.632199775,-3.401729827,-2.320645697,3.612256467,0.021709665
1609060376.923955202,-3.411360530,-2.330620251,3.626015601,-3.417441578,-2.330508790,3.606843174,0.020114013
1609060376.978782177,-3.431683753,-2.342895400,3.617086643,-3.432538953,-2.340990975,3.600895367,0.016325306
1609060377.024703026,-3.447095904,-2.353326332,3.610519410,-3.458459683,-2.358509477,3.589866174,0.024136210
1609060377.076284170,-3.463265710,-2.363570046,3.604926834,-3.472314873,-2.368717367,3.583267167,0.024031718
1609060377.125343084,-3.477393930,-2.373832835,3.598399183,-3.484576842,-2.378104360,3.576954321,0.023015696
1609060377.175764084,-3.490884891,-2.384447149,3.590547782,-3.495520744,-2.386644702,3.570616448,0.020581021
1609060377.224970102,-3.502687218,-2.394266804,3.583122500,-3.506474491,-2.395227126,3.564232376,0.019289957
1609060377.276504040,-3.513854401,-2.403958033,3.571360558,-3.526659296,-2.411309117,3.550972061,0.025173290
1609060377.323620081,-3.523674193,-2.412912703,3.564292166,-3.535962196,-2.419298588,3.543831965,0.024706161
1609060377.372981071,-3.534250183,-2.422277482,3.557497945,-3.544358330,-2.426236397,3.536641204,0.023512790
1609060377.424736977,-3.542781914,-2.431333229,3.548936338,-3.552618105,-2.433840036,3.529068177,0.022310951
1609060377.477060080,-3.553083384,-2.439977770,3.537998927,-3.561006192,-2.441770593,3.520841907,0.018982846
1609060377.525356054,-3.561206900,-2.449006256,3.528272148,-3.575741190,-2.456745999,3.503795010,0.029500500
1609060377.573468208,-3.568995331,-2.458685381,3.520285282,-3.583006782,-2.464307190,3.494719475,0.029690671
1609060377.624278069,-3.576005270,-2.468331930,3.509874343,-3.589691702,-2.472017367,3.485496389,0.028199034
1609060377.676570177,-3.583467659,-2.477747244,3.496750818,-3.595347052,-2.479632415,3.475841473,0.024122076
1609060377.724879026,-3.589011676,-2.487372471,3.486472343,-3.601147778,-2.487659132,3.466743263,0.023164710
1609060377.775535107,-3.594977712,-2.497631027,3.476687587,-3.612022971,-2.503880428,3.448951098,0.033149792
1609060377.825145006,-3.599947789,-2.507284887,3.466772794,-3.616436032,-2.511374594,3.440199978,0.031538903
1609060377.875771999,-3.607684008,-2.520730349,3.455866649,-3.621723694,-2.520843700,3.431377603,0.028228338
1609060377.924765110,-3.612173773,-2.532481954,3.445765274,-3.625965874,-2.529677064,3.423360289,0.026458889
1609060377.975740194,-3.617541166,-2.544431570,3.435582595,-3.629583207,-2.539261014,3.414810762,0.024560424
1609060378.024561167,-3.621588490,-2.557603268,3.425044550,-3.635860906,-2.560492228,3.399032013,0.029811072
1609060378.075357199,-3.628412547,-2.572640964,3.413366661,-3.638464313,-2.572334033,3.390821827,0.024686064
1609060378.124582052,-3.631820944,-2.587758525,3.401893350,-3.640176363,-2.583481522,3.382709075,0.021357485
1609060378.174213171,-3.632865288,-2.601825629,3.387496969,-3.642342880,-2.596753939,3.373047560,0.018009225
1609060378.226052046,-3.635205077,-2.618884293,3.374420677,-3.644498447,-2.609967504,3.363759306,0.016719470
1609060378.276415110,-3.637895940,-2.635905236,3.362412045,-3.645400001,-2.639069770,3.345635012,0.018649236
1609060378.324060202,-3.638151605,-2.654332160,3.350858621,-3.645720149,-2.654334232,3.336803951,0.015962976
1609060378.373277187,-3.638898191,-2.672158338,3.340643299,-3.645522240,-2.671898504,3.327975135,0.014297830
1609060378.423891068,-3.638078470,-2.692666665,3.330440850,-3.644404456,-2.687688442,3.320635545,0.012686402
1609060378.477568150,-3.637427393,-2.715241962,3.324120337,-3.642555575,-2.706188321,3.312997820,0.015230792
1609060378.526171207,-3.634825813,-2.738094790,3.315934242,-3.638592069,-2.746037331,3.298765928,0.019287811
1609060378.574408054,-3.631209062,-2.757794221,3.308025245,-3.635136457,-2.766203155,3.292665219,0.017946169
1609060378.623176098,-3.627037258,-2.781499682,3.300880219,-3.631790212,-2.787288031,3.286938559,0.015826100
1609060378.676959991,-3.621617473,-2.808077101,3.292208749,-3.628051809,-2.809903296,3.281245434,0.012842505
1609060378.726022005,-3.615791864,-2.832855369,3.286328892,-3.623568807,-2.832183282,3.276283789,0.012721503
1609060378.776993036,-3.610235433,-2.859423613,3.281256146,-3.612134117,-2.879055276,3.270310031,0.022557142
1609060378.824391127,-3.602504399,-2.885851073,3.279989727,-3.606332511,-2.903467852,3.270953813,0.020165641
1609060378.877188206,-3.594865786,-2.915847104,3.282768489,-3.599050066,-2.928265005,3.274280360,0.015612841
1609060378.925369024,-3.586313211,-2.943476619,3.288305464,-3.591554965,-2.953193378,3.279915293,0.013866736
1609060378.976911068,-3.574527303,-2.976582353,3.295397750,-3.584765791,-2.980489258,3.286378578,0.014192816
1609060379.027352095,-3.563874841,-3.007695947,3.304970682,-3.568360535,-3.033709838,3.303497641,0.026438869
1609060379.074259043,-3.552489163,-3.039615683,3.315978082,-3.559230228,-3.061752849,3.313754022,0.023247419
1609060379.123567104,-3.540679937,-3.071994033,3.327874286,-3.550707795,-3.087903100,3.323951413,0.019210551
1609060379.172895193,-3.528821426,-3.107081781,3.341804915,-3.541803219,-3.115573310,3.334738512,0.017046027
1609060379.223832130,-3.516071980,-3.142251827,3.355507633,-3.531975395,-3.142700997,3.345793660,0.018640859
1609060379.278740168,-3.502987924,-3.181755897,3.368491366,-3.512527135,-3.199744317,3.366417698,0.020466556
1609060379.324427128,-3.490190069,-3.214330416,3.378944336,-3.501339204,-3.228234457,3.375471175,0.018157324
1609060379.373706102,-3.478185066,-3.246654450,3.389453255,-3.490688696,-3.256363844,3.383699164,0.016844069
1609060379.424789190,-3.463935477,-3.282410335,3.400026599,-3.480199038,-3.283754894,3.391948661,0.018208908
1609060379.477308035,-3.450449259,-3.315058819,3.410275356,-3.469626181,-3.312719800,3.399875350,0.021940499
1609060379.527546167,-3.435556830,-3.349300123,3.419177588,-3.445473909,-3.368499892,3.414188324,0.022178195
1609060379.574175119,-3.423287793,-3.377803702,3.424333466,-3.433834449,-3.397773421,3.419863877,0.023021704
1609060379.624490023,-3.408050456,-3.410779114,3.431444142,-3.421996474,-3.424865858,3.425197845,0.020783262
1609060379.676283121,-3.394468255,-3.443881041,3.435593308,-3.409041724,-3.453201545,3.431210157,0.017845722
1609060379.725444078,-3.379405813,-3.475425854,3.441048304,-3.395672599,-3.481638167,3.436119408,0.018096828
1609060379.778115034,-3.363843546,-3.507485442,3.448043247,-3.382979504,-3.509900341,3.440361359,0.020761215
1609060379.825517178,-3.348462109,-3.537561973,3.452320928,-3.355377424,-3.564908042,3.447713046,0.028580792
1609060379.876507998,-3.333866612,-3.571008138,3.456684530,-3.340890308,-3.593946441,3.451345161,0.024576552
1609060379.924851179,-3.317634235,-3.602117092,3.460208506,-3.326349393,-3.622011318,3.454544537,0.022445817
1609060379.976315022,-3.302631412,-3.632808606,3.464238728,-3.311436577,-3.649173145,3.457969100,0.019612173
1609060380.025951147,-3.285779816,-3.663801323,3.468058099,-3.296229397,-3.677216660,3.461186584,0.018340739
1609060380.076279163,-3.269779397,-3.700618593,3.472806397,-3.263981169,-3.732791610,3.467145278,0.033177865
1609060380.126965046,-3.250768907,-3.734137591,3.476984601,-3.247626910,-3.759228811,3.469813466,0.026284342
1609060380.175324202,-3.232672549,-3.765292813,3.480715759,-3.230427052,-3.787593504,3.472912172,0.023733079
1609060380.224295139,-3.213069741,-3.797543206,3.484522822,-3.212793666,-3.813505725,3.475750415,0.018216294
1609060380.282178164,-3.190022590,-3.839189763,3.486304768,-3.177083283,-3.868931274,3.480877934,0.032885159
1609060380.327114105,-3.170376233,-3.869462035,3.488695883,-3.158766849,-3.893596025,3.483020459,0.027375860
1609060380.418756008,-3.129638518,-3.928934396,3.492609333,-3.118877583,-3.948070041,3.487788216,0.022476961
1609060380.497653008,-3.092090667,-3.980765897,3.494329190,-3.077827159,-4.001126249,3.492175005,0.024952598
1609060380.579474211,-3.051176636,-4.032333008,3.499563816,-3.033666037,-4.055302445,3.496600571,0.029034409
1609060380.613731146,-3.033282574,-4.053989393,3.501493048,-3.012459704,-4.080141876,3.497979175,0.033613860
1609060380.665153980,-3.005032381,-4.085415870,3.504476271,-2.989451526,-4.106792482,3.500006431,0.026827262
1609060380.732620001,-2.966510920,-4.127674652,3.508488671,-2.943221282,-4.158447404,3.504301888,0.038818792
1609060380.775574207,-2.943673877,-4.153227915,3.510989278,-2.918925174,-4.184842992,3.506794514,0.040368397
1609060380.818601131,-2.918367439,-4.179293217,3.513951042,-2.895610243,-4.209410306,3.509168692,0.038049966
1609060380.869970083,-2.888787046,-4.209918238,3.516750378,-2.869744284,-4.235720658,3.511628346,0.032475019
1609060380.919371128,-2.858169196,-4.239467549,3.519970006,-2.843757789,-4.261059535,3.514565625,0.026516220
1609060380.983446121,-2.817538926,-4.274778100,3.522883163,-2.792390890,-4.311074121,3.520282423,0.044233344
1609060381.026141167,-2.790123120,-4.299198655,3.525497583,-2.763708190,-4.338202091,3.524039633,0.047128995
1609060381.072177172,-2.762009941,-4.325451818,3.527638941,-2.739038107,-4.361036134,3.527310100,0.042356308
1609060381.118996143,-2.731394342,-4.351514633,3.531093523,-2.712726349,-4.385275458,3.530657534,0.038580790
1609060381.169764996,-2.694006299,-4.384307620,3.533623884,-2.684748270,-4.410169573,3.533811099,0.027469742
1609060381.224285126,-2.655106692,-4.415778396,3.537619463,-2.657599471,-4.433790021,3.537173777,0.018188767
1609060381.276952028,-2.619019610,-4.446555541,3.540642805,-2.629382162,-4.458193694,3.541575801,0.015610881
1609060381.325170040,-2.583455691,-4.474135612,3.543581827,-2.571749853,-4.505301022,3.549664122,0.033842337
1609060381.373531103,-2.551179675,-4.500357944,3.548299298,-2.542969473,-4.527967815,3.553401424,0.029253103
1609060381.423969030,-2.515351843,-4.527745909,3.552924629,-2.515737271,-4.550046094,3.557554501,0.022778993
1609060381.474560022,-2.480964095,-4.554836854,3.560081907,-2.485870048,-4.572658524,3.561217156,0.018519424
1609060381.525918007,-2.443606711,-4.582660427,3.564994964,-2.456656413,-4.594424898,3.565090522,0.017570049
1609060381.576167107,-2.409794520,-4.610600065,3.570341277,-2.397126210,-4.639917976,3.573348638,0.032079124
1609060381.623407125,-2.375436410,-4.635586001,3.574026270,-2.369739059,-4.659006717,3.576110427,0.024193666
1609060381.675836086,-2.341114992,-4.661645662,3.576747507,-2.338990918,-4.680719163,3.579742630,0.019423719
1609060381.724457979,-2.306761490,-4.686156523,3.579888157,-2.311621641,-4.699898773,3.582150207,0.014750843
1609060381.777621031,-2.271202960,-4.712873574,3.584059217,-2.281600236,-4.720668621,3.585277094,0.013051794
1609060381.825805187,-2.237225399,-4.735984152,3.587267552,-2.224228243,-4.758817721,3.590440605,0.026464433
1609060381.875913143,-2.203927500,-4.757880159,3.590129622,-2.194593620,-4.778610047,3.592860218,0.022897723
1609060381.926110029,-2.168347087,-4.780806337,3.592887831,-2.164925351,-4.796517304,3.595186120,0.016242687
1609060381.974575043,-2.135904834,-4.801086385,3.596263865,-2.135529153,-4.814622067,3.597363290,0.013585454
1609060382.023908138,-2.101128404,-4.822040175,3.598770383,-2.106703127,-4.832500303,3.598818839,0.011853024
1609060382.077841043,-2.064267644,-4.841845989,3.604786730,-2.076244035,-4.850059419,3.600061920,0.015271483
1609060382.126087189,-2.029661516,-4.860736379,3.606193880,-2.017364729,-4.883191294,3.601616482,0.026007437
1609060382.172864199,-2.000024383,-4.877537957,3.606403176,-1.987544429,-4.900079459,3.601291222,0.026267864
1609060382.224690199,-1.963710915,-4.896618859,3.607264387,-1.956068547,-4.915043538,3.601451123,0.020776636
1609060382.276548147,-1.922737750,-4.919483881,3.608319870,-1.926799166,-4.929882036,3.601992239,0.012831822
1609060382.326167107,-1.886720760,-4.937460018,3.609361755,-1.897272794,-4.944477442,3.601574727,0.014873717
1609060382.376545191,-1.851028787,-4.952424492,3.605797098,-1.866812881,-4.958932058,3.601731780,0.017550296
1609060382.423995018,-1.815808100,-4.967723015,3.605879175,-1.806799975,-4.983947707,3.601621597,0.019039797
1609060382.475164175,-1.780942545,-4.983267449,3.601414044,-1.777145457,-4.996343516,3.600342217,0.013658338
1609060382.524759054,-1.744599524,-4.997167309,3.599743814,-1.747638869,-5.007359531,3.599902901,0.010636931
1609060382.573063135,-1.710396863,-5.008952445,3.597584841,-1.717312518,-5.017600173,3.599550762,0.011246081
1609060382.623972178,-1.671878362,-5.021455485,3.596090655,-1.687691648,-5.027547018,3.598314213,0.017091254
1609060382.680236101,-1.632880894,-5.031508596,3.595620759,-1.626876389,-5.045476120,3.596852331,0.015253282
1609060382.726361990,-1.598734783,-5.040552459,3.594925462,-1.596278161,-5.053008703,3.596804589,0.012834489
1609060382.773458004,-1.566257049,-5.047575850,3.595272581,-1.566627308,-5.060709682,3.596698090,0.013216153
1609060382.823677063,-1.529030021,-5.055354417,3.595532922,-1.536866506,-5.067721532,3.596379724,0.014665371
1609060382.877391100,-1.491221536,-5.061943112,3.598001089,-1.506930902,-5.071915734,3.596124881,0.018701805
1609060382.927017212,-1.453615179,-5.067554599,3.599376286,-1.443683911,-5.081787712,3.597529722,0.017453407
1609060382.974920034,-1.421643134,-5.071045508,3.601392027,-1.443684163,-5.081784511,3.597535476,0.024819471
1609060383.024443150,-1.383919900,-5.075153054,3.603256041,-1.376126810,-5.087463838,3.598708603,0.015263252
1609060383.076413155,-1.346362161,-5.078226225,3.605892532,-1.344022801,-5.090456853,3.600129215,0.013721395
1609060383.125964165,-1.307959808,-5.080438259,3.607976625,-1.311826945,-5.093018510,3.600949906,0.014919526
1609060383.175229073,-1.272880781,-5.081444741,3.609995004,-1.249139142,-5.094437498,3.603369662,0.027863458
1609060383.222527981,-1.235537571,-5.081541666,3.611547383,-1.217402464,-5.092801689,3.604199361,0.022575732
1609060383.276117086,-1.195962166,-5.080056125,3.613583610,-1.183891841,-5.092141288,3.605719004,0.018804148
1609060383.323568106,-1.157991673,-5.078174730,3.616269412,-1.150619529,-5.090775835,3.607602327,0.016978067
1609060383.377740145,-1.110856115,-5.072094702,3.618855294,-1.115081411,-5.086617119,3.609911233,0.017571282
1609060383.424261093,-1.070755628,-5.068187735,3.621975164,-1.045434165,-5.079785467,3.614086761,0.028946688
1609060383.476530075,-1.025294619,-5.062603373,3.623211403,-1.010411449,-5.075321877,3.615904339,0.020896466
1609060383.524501085,-0.982204103,-5.056887104,3.625980246,-0.974428694,-5.068929856,3.618159820,0.016329235
1609060383.580219984,-0.934847272,-5.048534001,3.626962791,-0.936789178,-5.062412913,3.619499087,0.015877722
1609060383.625110149,-0.893572915,-5.041364416,3.627708036,-0.901807043,-5.056384201,3.621291112,0.018291301
1609060383.677712202,-0.848511447,-5.031344586,3.626748820,-0.825106100,-5.039962241,3.620932975,0.025610512
1609060383.726248026,-0.803472623,-5.022106960,3.626562364,-0.789548506,-5.032055384,3.621140575,0.017951266
1609060383.775644064,-0.759368389,-5.011890483,3.625874775,-0.752495275,-5.023039522,3.620643003,0.014103624
1609060383.826225996,-0.711783227,-5.000624460,3.625922030,-0.717050131,-5.014585277,3.621125962,0.015673129
1609060383.877563000,-0.666574831,-4.987892681,3.625919960,-0.642546503,-4.993610409,3.621801559,0.025040251
1609060383.925773144,-0.620955582,-4.975818260,3.625364187,-0.604845983,-4.982675121,3.621539949,0.017920952
1609060383.977313995,-0.575669892,-4.962165729,3.623435603,-0.565821007,-4.971280485,3.621468142,0.013562824
1609060384.025890112,-0.529551697,-4.949145413,3.623998866,-0.529310211,-4.960029918,3.622914636,0.010941038
1609060384.082066059,-0.480718789,-4.933511234,3.624843438,-0.487529747,-4.945878753,3.624015426,0.014143206
1609060384.127351046,-0.437252402,-4.920184245,3.626470786,-0.409261543,-4.920282804,3.627604520,0.028013983
1609060384.179015160,-0.391270122,-4.905024805,3.630994183,-0.368093867,-4.905713296,3.629676981,0.023223863
1609060384.225046158,-0.347285032,-4.890810543,3.633407136,-0.327854838,-4.891660730,3.632071767,0.019494574
1609060384.277572155,-0.300862153,-4.873991787,3.636603322,-0.288070222,-4.877472304,3.634003163,0.013509563
1609060384.326673985,-0.253302671,-4.858038276,3.639106287,-0.247175737,-4.862935998,3.635802841,0.008511154
1609060384.378116131,-0.207379666,-4.839834856,3.644194365,-0.206330605,-4.846690410,3.637551218,0.009603674
1609060384.426213980,-0.162259213,-4.823316384,3.647231633,-0.126514290,-4.814888516,3.641927355,0.037106116
1609060384.477639198,-0.108339159,-4.802317009,3.652209788,-0.086727994,-4.798607805,3.643666446,0.023532729
1609060384.526020050,-0.060090680,-4.783730042,3.655164946,-0.047144213,-4.782339957,3.645308009,0.016331031
1609060384.577697992,-0.010629425,-4.759794740,3.657440423,-0.006248386,-4.764230152,3.646935822,0.012215279
1609060384.627104044,0.038344001,-4.739251230,3.659675552,0.031113179,-4.747740738,3.648676720,0.015663040
1609060384.679548025,0.085096469,-4.718072697,3.658436475,0.111394155,-4.712075411,3.651084487,0.027956886
1609060384.725043058,0.129453465,-4.698605222,3.659828095,0.151738760,-4.693003602,3.652031775,0.024265101
1609060384.780750990,0.180237886,-4.672747547,3.661117602,0.190024738,-4.674755365,3.653583972,0.012512769
1609060384.825978994,0.224117283,-4.651304026,3.662346486,0.227295921,-4.656899314,3.654295460,0.010306794
1609060384.879726171,0.272037101,-4.624555457,3.663127752,0.264216777,-4.638107881,3.656008833,0.017190249
1609060384.927287102,0.315704738,-4.602430929,3.664928579,0.341314471,-4.598897150,3.661040918,0.026143066
1609060384.978001118,0.360962022,-4.578582495,3.666406713,0.379321240,-4.578131162,3.662872408,0.018701762
1609060385.025215149,0.403356752,-4.555187935,3.668643837,0.414480397,-4.559261101,3.664975289,0.012400985
1609060385.078049183,0.446178194,-4.527918603,3.672990075,0.452318446,-4.537450547,3.666925012,0.012858680
1609060385.128671169,0.490233386,-4.501657130,3.675470562,0.486790870,-4.517020633,3.668790854,0.017102825
1609060385.178465128,0.531186181,-4.477707665,3.677471826,0.560219358,-4.473693369,3.671306412,0.029950831
1609060385.225788116,0.572131499,-4.453850605,3.677520842,0.595879482,-4.452849431,3.670229429,0.024862296
1609060385.277276993,0.610111698,-4.427710581,3.675372830,0.632087112,-4.429403463,3.669671947,0.022765868
1609060385.324550152,0.649530775,-4.403028145,3.674160509,0.666601723,-4.407614877,3.668171096,0.018663559
1609060385.378527164,0.690613974,-4.373503203,3.674243048,0.701512871,-4.385117380,3.667009320,0.017492909
1609060385.428066015,0.730670606,-4.347426981,3.673290727,0.735816357,-4.362172577,3.665637371,0.017392102
1609060385.478852987,0.768192151,-4.320473171,3.672010217,0.806388871,-4.313926343,3.663785917,0.039616783
1609060385.527404070,0.806654855,-4.294472949,3.671091480,0.841749469,-4.289042630,3.662118136,0.036628421
1609060385.578270197,0.852611305,-4.264688860,3.667741528,0.873842456,-4.266309107,3.660703231,0.022425981
1609060385.624525070,0.890530341,-4.239266590,3.665844860,0.907968453,-4.241627806,3.659139687,0.018831422
1609060385.679279089,0.933418147,-4.207266220,3.663325147,0.938842373,-4.218929519,3.657346417,0.014184498
1609060385.728085995,0.973650530,-4.179074256,3.661290750,1.000423313,-4.172642346,3.653697080,0.028562479
1609060385.780771017,1.012487639,-4.149069160,3.657675921,1.033561134,-4.147848299,3.651231718,0.022070580
1609060385.825530052,1.048893636,-4.122492187,3.655499801,1.065329401,-4.123028548,3.649536773,0.017492277
1609060385.878072977,1.089231456,-4.090089881,3.653007506,1.096268176,-4.097349713,3.647909624,0.011322941
1609060385.927165031,1.128014864,-4.060799057,3.650850796,1.128496204,-4.072365182,3.645658743,0.012687172
1609060385.979855061,1.165157586,-4.030784028,3.648438192,1.159984493,-4.047253696,3.643758888,0.017885937
1609060386.026208162,1.201794794,-4.002536892,3.646715866,1.223580025,-3.995188369,3.640350835,0.023856041
1609060386.077979088,1.238966906,-3.972391790,3.644654833,1.255036599,-3.969007400,3.638575366,0.017511398
1609060386.127557993,1.276106493,-3.942384445,3.643327364,1.283067330,-3.945007179,3.636797599,0.009897970
1609060386.179339170,1.310641109,-3.910559371,3.642345267,1.314809186,-3.917867196,3.634654434,0.011398512
1609060386.225568056,1.345885873,-3.881854281,3.640213571,1.347109013,-3.890868784,3.632148324,0.012157530
1609060386.277292013,1.379583936,-3.849739728,3.635751097,1.378408843,-3.863102740,3.629773900,0.014685973
1609060386.327005148,1.415856610,-3.818331202,3.633013051,1.439526831,-3.806389863,3.625316033,0.027606503
1609060386.378152132,1.448573105,-3.786698803,3.629329947,1.469798219,-3.778320631,3.623015060,0.023676507
1609060386.426437140,1.482883065,-3.755960150,3.627021168,1.499270653,-3.750463033,3.620762662,0.018383151
1609060386.479035139,1.515449026,-3.722684312,3.625220244,1.528727945,-3.722053707,3.618667704,0.014821038
1609060386.526904106,1.548891823,-3.691075626,3.623247486,1.558837027,-3.693008254,3.616754708,0.012033217
1609060386.578626156,1.581520032,-3.657330612,3.621101270,1.587611721,-3.663722467,3.615411451,0.010504214
1609060386.626856089,1.615124693,-3.624644452,3.619857942,1.644431950,-3.605338944,3.611989082,0.035965774
1609060386.678795099,1.653093661,-3.584963045,3.618215342,1.674413833,-3.574101532,3.610076531,0.025273751
1609060386.726828098,1.687687396,-3.550555738,3.617249913,1.703207324,-3.543777721,3.609370291,0.018678814
1609060386.777306080,1.723128993,-3.511827256,3.616600187,1.733399784,-3.511794066,3.607829309,0.013506241
1609060386.826637030,1.759119550,-3.475099051,3.615357526,1.762411781,-3.480483801,3.607187248,0.010324135
1609060386.879197121,1.792729923,-3.436054842,3.613471888,1.818887119,-3.417871745,3.605083517,0.032942202
1609060386.927596092,1.827074668,-3.399434453,3.612045327,1.848399636,-3.383942546,3.603368485,0.027749613
1609060386.977253199,1.860323297,-3.361702863,3.610140695,1.876550421,-3.350258176,3.602333483,0.021336658
1609060387.024797201,1.894434028,-3.323268109,3.608889584,1.905357162,-3.315529513,3.601534615,0.015274040
1609060387.077081203,1.924937317,-3.283794664,3.607540561,1.932391820,-3.282234559,3.600974432,0.010055724
1609060387.128638983,1.960067178,-3.241214381,3.606401080,1.960289894,-3.248117435,3.600472542,0.009102160
1609060387.178961039,1.991640211,-3.199078870,3.604608607,1.987603849,-3.212588256,3.599285002,0.015071049
1609060387.228384018,2.023902859,-3.157074091,3.603157606,2.043142011,-3.139247342,3.596958027,0.026951303
1609060387.279007196,2.052891261,-3.113591128,3.601942146,2.069903856,-3.102405538,3.595630281,0.021316320
1609060387.325957060,2.082899423,-3.072928271,3.600020553,2.094675767,-3.066673452,3.593902940,0.014670727
1609060387.378004074,2.110686899,-3.029296707,3.596531187,2.121636529,-3.028572812,3.592234829,0.011784614
1609060387.428513050,2.142097906,-2.983540025,3.594305597,2.147050238,-2.990191831,3.590462647,0.009140043
1609060387.478980064,2.167704019,-2.941287026,3.594593306,2.172680022,-2.949591707,3.589237782,0.011063904
1609060387.526018143,2.193430535,-2.899494492,3.593712760,2.216627874,-2.871601663,3.587369339,0.036828867
1609060387.578428984,2.217916834,-2.853992564,3.591288156,2.239332053,-2.830664958,3.586630990,0.032007467
1609060387.626721144,2.243005818,-2.810334240,3.589396227,2.260217339,-2.790335411,3.585427508,0.026682211
1609060387.678171158,2.263422092,-2.763904159,3.586820757,2.279956365,-2.750059407,3.584187240,0.021725441
1609060387.728655100,2.287081403,-2.717611283,3.584008665,2.299523538,-2.708676191,3.582646263,0.015378516
1609060387.779019117,2.309350534,-2.663997404,3.581657980,2.335235326,-2.625858578,3.578332674,0.046213094
1609060387.827759981,2.330817872,-2.616046623,3.578044388,2.351355947,-2.584567028,3.575550585,0.037669570
1609060387.878028154,2.348241505,-2.564295479,3.574407507,2.366754904,-2.542755674,3.573250981,0.028426162
1609060387.927401066,2.367690799,-2.513108734,3.570432641,2.380939024,-2.499423057,3.570483497,0.019047725
1609060387.978938103,2.380392610,-2.459486303,3.567764436,2.395443900,-2.455051349,3.568147552,0.015695762
1609060388.028403044,2.395480168,-2.408335363,3.564853431,2.407520080,-2.412453426,3.565291712,0.012732242
1609060388.080017090,2.407265982,-2.357390809,3.562293105,2.418562520,-2.369014510,3.562172453,0.016209156
1609060388.127521992,2.419871945,-2.308046812,3.559243654,2.438249639,-2.283334705,3.556590870,0.030910598
1609060388.177268982,2.430022323,-2.257874958,3.557088345,2.447355418,-2.240133094,3.553654297,0.025040020
1609060388.226025105,2.441014624,-2.207140679,3.554145441,2.456339649,-2.196353044,3.551542979,0.018920949
1609060388.279821157,2.447621640,-2.153997342,3.551856353,2.461196393,-2.154512246,3.547389592,0.014300035
1609060388.327994108,2.455733475,-2.105454215,3.549474993,2.468012016,-2.114168388,3.544978544,0.015713607
1609060388.378304005,2.461067545,-2.056693301,3.546872270,2.480309923,-2.023117502,3.539722042,0.039353896
1609060388.427662134,2.468323466,-2.007587627,3.544516344,2.483405882,-1.980877640,3.536727495,0.031647573
1609060388.479194164,2.468525532,-1.958185611,3.542038947,2.487366183,-1.940957230,3.534986254,0.026486368
1609060388.525289059,2.473417097,-1.912724850,3.541226496,2.490149307,-1.898126140,3.533358223,0.023558415
1609060388.588790178,2.474092137,-1.851673238,3.541804997,2.493778899,-1.814857089,3.531487022,0.043005325
1609060388.632841110,2.476488821,-1.808779252,3.542116654,2.495372105,-1.771266485,3.531182640,0.043397451
1609060388.684895992,2.475772462,-1.759097553,3.540380752,2.496257615,-1.729742659,3.530546057,0.037122399
1609060388.727123022,2.477454658,-1.717719517,3.540563139,2.496067849,-1.689466572,3.529351928,0.035642265
1609060388.777594090,2.478079670,-1.671397461,3.538980015,2.496002220,-1.647843327,3.528909470,0.031263891
1609060388.826026201,2.479595502,-1.626055071,3.539313480,2.496319809,-1.608911984,3.529072806,0.026047251
1609060388.879713058,2.477161277,-1.570003599,3.538766055,2.494857608,-1.569134433,3.528334425,0.020560508
1609060388.928493023,2.478041281,-1.522668600,3.539211114,2.493272984,-1.529060946,3.528356355,0.019765947
1609060388.978852034,2.474206865,-1.473371958,3.537959533,2.490272685,-1.446778124,3.528980195,0.032341477
1609060389.026794195,2.474110629,-1.427020244,3.538227108,2.487127478,-1.407571053,3.529079949,0.025127274
1609060389.078282118,2.467326378,-1.379154317,3.538939690,2.483989415,-1.368908137,3.529898068,0.021549756
1609060389.127646208,2.464901129,-1.332881290,3.539693351,2.481967267,-1.332057144,3.530630301,0.019340920
1609060389.177092075,2.460990347,-1.288698052,3.541160865,2.477957750,-1.294272042,3.531111384,0.020492784
1609060389.227483988,2.457791348,-1.242116157,3.543330712,2.469142848,-1.219703367,3.535183685,0.026411432
1609060389.277998209,2.451459551,-1.197912465,3.545703649,2.465066735,-1.182515038,3.536686726,0.022439722
1609060389.327522993,2.447360828,-1.152683681,3.547226533,2.460405461,-1.144387017,3.537510293,0.018259310
1609060389.378243208,2.440072101,-1.107793971,3.548266374,2.453938759,-1.104479062,3.538011276,0.017562456
1609060389.425644159,2.435893990,-1.064298171,3.547828721,2.449458665,-1.068306160,3.538360121,0.017021127
1609060389.480804205,2.425720775,-1.018047830,3.544326653,2.443637368,-1.028556821,3.538592319,0.021548220
1609060389.530208111,2.420386796,-0.973378409,3.543811514,2.430054209,-0.951871000,3.537962868,0.024294736
1609060389.578667164,2.410521917,-0.933503534,3.547989065,2.422929383,-0.913661744,3.538587465,0.025219674
1609060389.625934124,2.404434099,-0.891964402,3.548941850,2.416796052,-0.879063620,3.538976324,0.020458733
1609060389.678423166,2.393782594,-0.847844158,3.549773176,2.408812961,-0.840848080,3.539444196,0.019533174
1609060389.727277040,2.387151820,-0.804086722,3.550477409,2.401143650,-0.806133503,3.539442063,0.017937098
1609060389.779801130,2.372246418,-0.762148122,3.550926431,2.382977274,-0.725363482,3.539394201,0.040015664
1609060389.824541092,2.364663174,-0.722282723,3.551554273,2.374341012,-0.689962896,3.539213918,0.035923755
1609060389.877240181,2.351891276,-0.675369077,3.550008480,2.364396683,-0.651866225,3.538910562,0.028843250
1609060389.926560163,2.342839230,-0.632069545,3.550307652,2.355362312,-0.614141598,3.539074170,0.024585158
1609060389.978195190,2.328307563,-0.581975683,3.548022263,2.345447542,-0.577189881,3.538529059,0.020169376
1609060390.027326107,2.318717085,-0.536600624,3.547096054,2.324646729,-0.503072840,3.538349925,0.035153489
1609060390.076764107,2.305537403,-0.491105415,3.543641003,2.315361014,-0.466552583,3.538028578,0.027034131
1609060390.127235174,2.295275383,-0.443464777,3.540713182,2.304416062,-0.428608568,3.536479968,0.017949348
1609060390.177085161,2.279898462,-0.399014349,3.538915342,2.292974930,-0.391536744,3.534565175,0.015679048
1609060390.226591110,2.268290788,-0.353796174,3.535587440,2.281588373,-0.353040110,3.532662123,0.013636528
1609060390.280389071,2.251959577,-0.306279228,3.530969586,2.270467026,-0.314987946,3.530071114,0.020473756
1609060390.326570988,2.240617919,-0.264054430,3.527477535,2.246741773,-0.242240677,3.524830851,0.022811102
1609060390.378979206,2.224156112,-0.218348597,3.523799385,2.235012807,-0.204070402,3.522247070,0.018004009
1609060390.426268101,2.212366958,-0.175526640,3.519182317,2.223562176,-0.167638001,3.518642353,0.013706023
1609060390.477884054,2.196733062,-0.133235393,3.513862160,2.210603587,-0.130276165,3.513636281,0.014184481
1609060390.528004169,2.182866822,-0.089358519,3.508271856,2.186221161,-0.058122523,3.504026700,0.031701110
1609060390.577238083,2.165454186,-0.048603468,3.503680250,2.174123030,-0.023592317,3.499455133,0.026805935
1609060390.625013113,2.153325719,-0.006459855,3.497961281,2.160438397,0.013042841,3.494420111,0.021059089
1609060390.676635027,2.135464036,0.034607942,3.491951579,2.147209595,0.049302019,3.488845793,0.019066199
1609060390.726636171,2.122186763,0.078223702,3.485601000,2.134311649,0.086783208,3.483565988,0.014980630
1609060390.780335188,2.099905007,0.121689314,3.477021627,2.105397098,0.162159933,3.472537678,0.041086978
1609060390.825442076,2.087011165,0.160561741,3.471449892,2.091274434,0.196874403,3.466490193,0.036896930
1609060390.878334045,2.066068432,0.202922229,3.466422466,2.077631015,0.230117694,3.462026279,0.029876631
1609060390.928623199,2.050330524,0.245432453,3.460645999,2.061179588,0.270057506,3.456876784,0.027171720
1609060390.978664160,2.028791963,0.285826941,3.455675572,2.043378352,0.311812398,3.451938707,0.030032830
1609060391.025667191,2.013024490,0.325834690,3.451289521,2.026826383,0.348986030,3.446960751,0.027298628
1609060391.085714102,1.986251483,0.379932278,3.446244225,1.993473650,0.420492549,3.438767687,0.041871158
1609060391.125485182,1.971653671,0.414414733,3.442971489,1.976906656,0.454493306,3.435100250,0.041180606
1609060391.175955057,1.945115837,0.457526360,3.438850304,1.960028664,0.489411793,3.432679114,0.035737331
1609060391.225903988,1.924751673,0.501040960,3.435630050,1.941535418,0.523617197,3.431048272,0.028502163
1609060391.278138161,1.900852945,0.544298730,3.432253201,1.923026939,0.558312484,3.428376198,0.026516080
1609060391.328149080,1.878399609,0.586512502,3.429929725,1.904285768,0.592502415,3.426784236,0.026755680
1609060391.378519058,1.853163566,0.626578145,3.428015094,1.864604681,0.661542419,3.424593501,0.036947353
1609060391.420211077,1.834246916,0.662428465,3.426680147,1.843532683,0.695955606,3.423253202,0.034957669
1609060391.470527172,1.806565089,0.699889888,3.425332793,1.820488341,0.731209049,3.422716098,0.034374320
1609060391.521433115,1.781120576,0.743145218,3.424074662,1.797678309,0.765705004,3.420852145,0.028168903
1609060391.570142031,1.754523797,0.780040488,3.423097477,1.774204487,0.800049851,3.420301417,0.028205002
1609060391.619429111,1.730371321,0.818813531,3.422461973,1.751948241,0.831761374,3.419588399,0.025327209
1609060391.671687126,1.700684447,0.855334874,3.421718123,1.728466143,0.864278681,3.419208956,0.029293519
1609060391.722023010,1.675337149,0.894892267,3.421020429,1.681110070,0.927864948,3.419648523,0.033502335
1609060391.775783062,1.644478899,0.933162910,3.423037321,1.658519970,0.957679157,3.420453305,0.028370322
1609060391.826857090,1.617883637,0.972282857,3.423177461,1.631132596,0.991103139,3.420339179,0.023190381
1609060391.878179073,1.587927502,1.006446423,3.424860436,1.603833520,1.026856337,3.420535213,0.026234968
1609060391.928951025,1.560517173,1.044618366,3.425752888,1.577221235,1.057574433,3.421210073,0.021622269
1609060391.978355169,1.527269609,1.078135487,3.430079928,1.526878547,1.116799840,3.422285031,0.039444208
1609060392.025657177,1.500622509,1.112915700,3.431793036,1.503857720,1.144788439,3.422282047,0.033418512
1609060392.078227043,1.468194563,1.145866039,3.428485148,1.477818973,1.171911895,3.423488769,0.028213112
1609060392.128297091,1.439755790,1.181204629,3.429369563,1.453289738,1.199303706,3.424701272,0.023076769
1609060392.181913137,1.402416622,1.224890193,3.432605801,1.399331982,1.257368000,3.425969096,0.033292174
1609060392.225656033,1.376531505,1.257435528,3.433644717,1.372859943,1.284113606,3.426476475,0.027867255
1609060392.277301073,1.340565008,1.294849867,3.435829734,1.345674747,1.313052909,3.427497017,0.020661422
1609060392.326452017,1.309803836,1.332254096,3.437841431,1.317443786,1.341979586,3.429047430,0.015175257
1609060392.380200148,1.270638243,1.367017600,3.437627009,1.289769211,1.369908479,3.430732372,0.020539891
1609060392.427337170,1.239509175,1.399604693,3.439355688,1.236294964,1.422877532,3.431777071,0.024685859
1609060392.477635145,1.201835789,1.430983036,3.441400556,1.210851041,1.447682768,3.433124580,0.020703806
1609060392.527090073,1.168818164,1.464182786,3.442462950,1.182831939,1.474831451,3.433677946,0.019671203
1609060392.578356028,1.132094216,1.493304010,3.442039865,1.154180347,1.500444567,3.433669253,0.024674924
1609060392.627631187,1.098844398,1.524868756,3.443526066,1.125893044,1.526895759,3.435276236,0.028351327
1609060392.678007126,1.063346248,1.552671357,3.446752258,1.066970470,1.580042886,3.440517657,0.028305580
1609060392.726713181,1.031357033,1.582126446,3.450977605,1.038070221,1.604938546,3.443984052,0.024786459
1609060392.778137207,0.994749071,1.608232634,3.456164095,1.010750078,1.628683335,3.448088964,0.027193219
1609060392.825527191,0.963513195,1.636170629,3.461016418,0.982409866,1.653651083,3.452123488,0.027234805
1609060392.879384995,0.926991092,1.663227545,3.464914073,0.952964794,1.677779411,3.456366077,0.030975123
1609060392.928017139,0.895778751,1.690148484,3.469355154,0.899804983,1.720468544,3.463616576,0.031119896
1609060392.978950024,0.858782402,1.714552466,3.473745574,0.872637225,1.742579308,3.467126421,0.031957365
1609060393.025929213,0.828608068,1.739495723,3.477538680,0.845759111,1.762417962,3.470267480,0.029537394
1609060393.078571081,0.791867335,1.764501480,3.480973136,0.817762558,1.782062581,3.474762651,0.031898667
1609060393.127781153,0.760860396,1.789029529,3.484630676,0.789539904,1.804096870,3.478492772,0.032972910
1609060393.179360151,0.726675816,1.810294986,3.486890701,0.729634396,1.846752353,3.484827323,0.036635371
1609060393.225460052,0.698331463,1.832216477,3.489940912,0.702777694,1.864311494,3.488327333,0.032441681
1609060393.278164148,0.663111637,1.859719341,3.494809759,0.675633345,1.884195868,3.491818130,0.027655802
1609060393.326492071,0.633867045,1.882734840,3.497905946,0.648428717,1.902407483,3.494790404,0.024673098
1609060393.378987074,0.598346719,1.905294402,3.501395070,0.619258318,1.919989385,3.497945025,0.025790314
1609060393.427626133,0.568750899,1.927970114,3.504532964,0.565936893,1.953996858,3.504173898,0.026180889
1609060393.477944136,0.533904295,1.944406498,3.505135198,0.565937008,1.953994725,3.504169086,0.033450892
1609060393.526420116,0.504833731,1.963725429,3.508579394,0.511919333,1.984538670,3.510480509,0.022068325
1609060393.577835083,0.471722554,1.981926807,3.514046934,0.484190165,1.999827060,3.514271811,0.021815383
1609060393.627587080,0.440618802,2.001207643,3.517527627,0.460133986,2.014345953,3.517524180,0.023525679
1609060393.681843996,0.405207927,2.019941262,3.521379972,0.405087363,2.043094685,3.523175687,0.023223266
1609060393.726659060,0.377855874,2.035478660,3.525145164,0.380006459,2.054977614,3.525981473,0.019635011
1609060393.777696133,0.345870429,2.047547278,3.530348662,0.354244793,2.068484083,3.529149126,0.022581379
1609060393.825637102,0.316739976,2.064192141,3.534299083,0.328303651,2.081269581,3.532666179,0.020688738
1609060393.880216122,0.283460829,2.079705050,3.539146685,0.301356322,2.093710393,3.534883380,0.023120858
1609060393.929346085,0.254313029,2.094656800,3.542920398,0.273918946,2.105199625,3.537647527,0.022876763
1609060393.978819132,0.222639516,2.105850865,3.545427528,0.220665065,2.129383795,3.542593270,0.023785085
1609060394.025839090,0.194796014,2.118933826,3.548505280,0.193215754,2.139655732,3.545007581,0.021074356
1609060394.078690052,0.162953493,2.129629033,3.551047093,0.166283736,2.150408342,3.546410822,0.021549135
1609060394.127166986,0.134068150,2.142593511,3.553732685,0.139656415,2.161683942,3.548576892,0.020548856
1609060394.178130150,0.103109429,2.152367497,3.555077126,0.113566380,2.171057518,3.550850880,0.021829472
1609060394.227622032,0.074162211,2.164476335,3.557778021,0.058388046,2.190898020,3.554230615,0.030976020
1609060394.277701139,0.042489957,2.173407308,3.561148290,0.033303878,2.200531756,3.556613655,0.028994528
1609060394.327140093,0.013078898,2.184868253,3.564314234,0.005952082,2.210326457,3.558890353,0.026987592
1609060394.378655195,-0.026276378,2.197351262,3.568450398,-0.020693242,2.218190860,3.560702251,0.022923656
1609060394.428137064,-0.058479077,2.209430463,3.571461749,-0.049448468,2.227326913,3.562137538,0.022108273
1609060394.480125189,-0.094815006,2.221541872,3.572266163,-0.106217160,2.246517919,3.564710579,0.028476287
1609060394.526715040,-0.126203236,2.233078901,3.574201212,-0.134552503,2.253490591,3.565915706,0.023558374
1609060394.578184128,-0.163718079,2.241003300,3.573549949,-0.164133577,2.261640493,3.567020493,0.021649485
1609060394.625958204,-0.195892648,2.250911558,3.574138207,-0.192773175,2.270488364,3.567828169,0.020803822
1609060394.678415060,-0.231559554,2.258377134,3.572852434,-0.219252106,2.278031382,3.568078363,0.023676032
1609060394.727630138,-0.266492109,2.268089981,3.572391906,-0.250295528,2.284804137,3.567729627,0.023736662
1609060394.778980017,-0.303823859,2.275894475,3.570699380,-0.310616741,2.299864523,3.567183387,0.025160856
1609060394.825003147,-0.336454267,2.284533048,3.569974644,-0.338424966,2.306638486,3.566327817,0.022490740
1609060394.878548145,-0.373693368,2.292120804,3.567765129,-0.370573248,2.312378021,3.564844627,0.020703123
1609060394.926192045,-0.407755024,2.300298851,3.565880291,-0.400573020,2.317893601,3.563245152,0.019185942
1609060394.979655027,-0.446263490,2.306732044,3.563654488,-0.429814236,2.324179840,3.560064512,0.024246474
1609060395.028001070,-0.480893035,2.314982123,3.560753674,-0.494363757,2.335963887,3.554205340,0.025779361
1609060395.079689980,-0.519453983,2.320273645,3.559479305,-0.524853895,2.340122007,3.551015410,0.022243067
1609060395.126984119,-0.553988817,2.327606595,3.557110264,-0.558063264,2.346320630,3.548093155,0.021168951
1609060395.178426981,-0.592318597,2.330862268,3.553136593,-0.593669141,2.351540003,3.545058781,0.022240587
1609060395.228995085,-0.630389724,2.337792689,3.550016922,-0.625903269,2.355068018,3.541689219,0.019695581
1609060395.278118134,-0.667425414,2.341305026,3.545629320,-0.659766009,2.359212682,3.537833668,0.020979104
1609060395.330049992,-0.706787824,2.347796157,3.542823275,-0.726717621,2.368362724,3.531638943,0.030745239
1609060395.379475117,-0.744685967,2.351314992,3.539591253,-0.762629242,2.370736465,3.528655776,0.028613623
1609060395.425306082,-0.779636117,2.356522048,3.537446391,-0.796234335,2.374409475,3.526137854,0.026895054
1609060395.477863073,-0.826938045,2.360657030,3.534576302,-0.830103857,2.378614508,3.522404734,0.021923514
1609060395.528144121,-0.868001037,2.365934346,3.532398643,-0.864174240,2.380104480,3.520917828,0.018634542
1609060395.580636978,-0.913970241,2.366492462,3.525937392,-0.938008368,2.383754128,3.515690498,0.031317655
1609060395.628876209,-0.954287894,2.370282424,3.523418819,-0.972413786,2.386399076,3.513468666,0.026216407
1609060395.679280996,-0.998659466,2.369965505,3.518113689,-1.009772907,2.387209943,3.511824033,0.021457841
1609060395.726664066,-1.038404977,2.371538976,3.515176580,-1.045713195,2.387367174,3.509001218,0.018495324
1609060395.777697086,-1.083492763,2.370622635,3.512183401,-1.083558727,2.387457281,3.506895595,0.017645695
1609060395.827297211,-1.126729999,2.371023298,3.509301347,-1.116987504,2.388005752,3.505089551,0.020026463
1609060395.878175020,-1.170362335,2.367546890,3.506118828,-1.194038769,2.385360893,3.500951638,0.030076770
1609060395.926741123,-1.213272771,2.366748894,3.502795656,-1.231421880,2.384089220,3.499423516,0.025326831
1609060395.978080988,-1.258532382,2.363313038,3.497330203,-1.267818379,2.383294837,3.497005905,0.022036497
1609060396.025374174,-1.300344838,2.361788827,3.494432023,-1.304132709,2.380573230,3.495388339,0.019186357
1609060396.079258204,-1.349412259,2.357117037,3.491224726,-1.343326503,2.377317293,3.494079240,0.021289316
1609060396.127947092,-1.392954806,2.354394439,3.488121756,-1.380025257,2.374061735,3.490300804,0.023637343
1609060396.179615021,-1.439236687,2.346462569,3.486799885,-1.457607850,2.364802360,3.486249674,0.025964404
1609060396.226527214,-1.481113229,2.342373472,3.485164716,-1.497373333,2.359701870,3.484627037,0.023768750
1609060396.277954102,-1.524471213,2.333771175,3.483653822,-1.535574593,2.354651339,3.483154359,0.023654085
1609060396.329421043,-1.569994968,2.327251331,3.482214577,-1.570666890,2.349163394,3.480999755,0.021955997
1609060396.378897190,-1.613539173,2.319268692,3.480499245,-1.609120025,2.341570899,3.479590449,0.022753971
1609060396.428141117,-1.656617031,2.311706505,3.479799640,-1.685299003,2.324661401,3.476439453,0.031650840
1609060396.478668213,-1.701637845,2.301219768,3.480478221,-1.720688178,2.316777396,3.474343017,0.025349471
1609060396.527477026,-1.744245248,2.291792038,3.480143619,-1.762324488,2.305591626,3.473042299,0.023826797
1609060396.578049183,-1.795190979,2.276936685,3.479991302,-1.804750223,2.293479309,3.472155565,0.020650334
1609060396.627701998,-1.840241172,2.265130798,3.480135859,-1.840825096,2.282445315,3.471294628,0.019449958
1609060396.680634022,-1.889156428,2.247382405,3.478623402,-1.878176100,2.270869871,3.470129905,0.027283111
1609060396.727077007,-1.931116088,2.234008032,3.478584356,-1.956144735,2.243156028,3.468466413,0.028504241
1609060396.779548168,-1.977996938,2.215586801,3.474521971,-1.992151123,2.229202380,3.466629350,0.021166446
1609060396.826028109,-2.019146244,2.200189738,3.473922458,-2.028181034,2.214719744,3.465482615,0.019078245
1609060396.878423214,-2.067269549,2.180538980,3.472309415,-2.067998980,2.197125892,3.464259418,0.018451562
1609060396.928431988,-2.112206195,2.160574955,3.471489383,-2.142044792,2.162665288,3.462657496,0.031188356
1609060396.978091002,-2.156651428,2.137101588,3.470144946,-2.176581843,2.145372981,3.461220805,0.023351181
1609060397.067896128,-2.235824502,2.095917366,3.466594370,-2.251937954,2.104837773,3.458476464,0.020127528
1609060397.143000126,-2.302098087,2.056872493,3.465017656,-2.322990791,2.063200891,3.454910853,0.024056209
1609060397.190607071,-2.342847194,2.033113754,3.463814281,-2.360913804,2.039803778,3.453683674,0.021766672
1609060397.238964081,-2.384399311,2.006707205,3.461901141,-2.398070800,2.015432943,3.452146197,0.018926359
1609060397.285953045,-2.424735748,1.978618729,3.459212027,-2.433479178,1.991935735,3.451080042,0.017886291
1609060397.333422184,-2.465428283,1.951390074,3.457812956,-2.469728796,1.967007900,3.450341386,0.017839149
1609060397.386152983,-2.509097481,1.917022871,3.457006927,-2.540664720,1.915514890,3.447574028,0.032980967
1609060397.430253983,-2.546050604,1.890092199,3.455851641,-2.575161775,1.889146332,3.445959789,0.030760423
1609060397.477351189,-2.585374638,1.860834684,3.455678936,-2.610193035,1.861850697,3.444452561,0.027258331
1609060397.527691126,-2.628133945,1.828046971,3.453922180,-2.648270411,1.831797725,3.442754605,0.023329384
1609060397.579995155,-2.671678725,1.792514802,3.449853069,-2.684021634,1.802342110,3.440577348,0.018301978
1609060397.697091103,-2.776545347,1.709312606,3.443594389,-2.786411689,1.715809810,3.437251733,0.013408491
1609060397.745933056,-2.819246780,1.673038903,3.441230761,-2.823099435,1.683672389,3.434811846,0.013004477
1609060397.824478149,-2.890089759,1.607438928,3.435308958,-2.897666722,1.615755322,3.432215943,0.011667884
1609060397.878262997,-2.933504852,1.563852795,3.434326227,-2.938329343,1.577786469,3.431238325,0.015065130
1609060397.926575184,-2.974813865,1.524772484,3.432991949,-2.975094090,1.542112671,3.430336159,0.017544624
1609060397.980239153,-3.020896784,1.478857518,3.431597799,-3.011246735,1.506189430,3.429537880,0.029058564
1609060398.027523994,-3.060882740,1.439017145,3.431116396,-3.082490467,1.435328532,3.430044339,0.021946504
1609060398.078239202,-3.102563738,1.395150879,3.431270218,-3.117509248,1.398973716,3.430479892,0.015446908
1609060398.126496077,-3.142862693,1.353366353,3.431401063,-3.152529242,1.361734850,3.430355646,0.012828359
1609060398.178829193,-3.185416476,1.307299714,3.430761540,-3.184481911,1.327116814,3.430776344,0.019839130
1609060398.226239204,-3.223703198,1.265742387,3.431562530,-3.250387608,1.255171239,3.432125558,0.028707559
1609060398.277672052,-3.264052307,1.219513603,3.434042817,-3.284379509,1.217589850,3.433170750,0.020436645
1609060398.326209068,-3.302889394,1.176078017,3.435549726,-3.317289229,1.180208802,3.433640504,0.015101780
1609060398.377545118,-3.342752449,1.127613546,3.436210674,-3.351859805,1.140228587,3.435178049,0.015593252
1609060398.433663130,-3.386402071,1.076074828,3.438833994,-3.421399412,1.058849202,3.438486412,0.039008420
1609060398.484022141,-3.425787035,1.027754159,3.439733539,-3.452739964,1.021219549,3.440592000,0.027747044
1609060398.527798176,-3.459643838,0.986395254,3.441536498,-3.486030177,0.979960817,3.441821502,0.027161040
1609060398.578746080,-3.497275069,0.938754150,3.444498375,-3.518669857,0.940086813,3.443954820,0.021443144
1609060398.628152132,-3.534708711,0.892039543,3.446460148,-3.551841540,0.898370941,3.445268280,0.018304124
1609060398.678184032,-3.572205216,0.842564916,3.447816464,-3.583204684,0.858222662,3.447383798,0.019140024
1609060398.726467133,-3.608338702,0.796167751,3.449772574,-3.648897426,0.773869633,3.449401363,0.046285569
1609060398.774976015,-3.651999235,0.745038534,3.452167115,-3.680871589,0.731153660,3.451126342,0.032054418
1609060398.825124025,-3.690713862,0.695253803,3.454407547,-3.710646508,0.690172307,3.452752111,0.020636677
1609060398.878898144,-3.731511906,0.635532729,3.456291896,-3.739277238,0.650560493,3.453244031,0.017187890
1609060398.929849148,-3.770352311,0.582583677,3.458637386,-3.801102044,0.563809196,3.455155015,0.036196051
1609060398.978372097,-3.805361606,0.530493073,3.457697231,-3.831316811,0.520888850,3.455336374,0.027775663
1609060399.025608063,-3.839778675,0.480728131,3.458326211,-3.860297576,0.477177876,3.455706452,0.020987919
1609060399.079013109,-3.878081487,0.422736281,3.457681735,-3.890493147,0.431176173,3.455814428,0.015125075
1609060399.128398180,-3.912424478,0.369535855,3.457528537,-3.917501121,0.388658527,3.454891783,0.019959994
1609060399.178855181,-3.946623711,0.314817248,3.457387318,-3.974076838,0.297755135,3.454248049,0.032475297
1609060399.226141214,-3.978403747,0.264282624,3.457152776,-3.999204819,0.256549412,3.453972696,0.022418744
1609060399.278860092,-4.012736103,0.208666264,3.455025942,-4.026326754,0.210945074,3.453258728,0.013893229
1609060399.326719999,-4.041888424,0.158290288,3.455351091,-4.051861689,0.165622164,3.453193101,0.012565006
1609060399.378432035,-4.070923102,0.103416833,3.456466403,-4.079156575,0.117997378,3.452678932,0.017167624
1609060399.471894026,-4.121346861,0.005803776,3.454822783,-4.126477002,0.027909356,3.451951968,0.022873928
1609060399.544891119,-4.159193802,-0.071198323,3.453322047,-4.169692295,-0.059772946,3.450424417,0.015784608
1609060399.593710184,-4.182912939,-0.121747529,3.452423898,-4.190379297,-0.102665531,3.449271291,0.020731814
1609060399.632601023,-4.200776166,-0.161359351,3.451691980,-4.211588543,-0.147740905,3.448103867,0.017755116
1609060399.681473017,-4.222376108,-0.211398490,3.449990159,-4.247713958,-0.232079711,3.446204676,0.032924905
1609060399.727986097,-4.241439889,-0.258396856,3.449324889,-4.265049713,-0.273438252,3.445007450,0.028325037
1609060399.779188156,-4.261606558,-0.309351893,3.443293803,-4.279902759,-0.313162531,3.444988294,0.018765480
1609060399.827403069,-4.278975213,-0.356424118,3.442788627,-4.296510665,-0.354417933,3.444685072,0.017751433
1609060399.879662991,-4.302488914,-0.415699593,3.442534159,-4.310386889,-0.396133813,3.445410569,0.021294871
1609060399.926999092,-4.318313059,-0.463329399,3.442573615,-4.338541748,-0.481734625,3.446053493,0.027569218
1609060399.977424145,-4.333291089,-0.514540445,3.443860084,-4.350508010,-0.521264273,3.446268467,0.018639542
1609060400.026029110,-4.347085931,-0.563090541,3.443481489,-4.363313211,-0.563567667,3.446673513,0.016545129
1609060400.078128099,-4.358447236,-0.612146289,3.443886920,-4.373012557,-0.603017734,3.447031515,0.017474769
1609060400.129971981,-4.369179647,-0.659597605,3.443984809,-4.382564616,-0.642795595,3.447132350,0.021711101
1609060400.179473162,-4.378789656,-0.706051380,3.444256930,-4.398903018,-0.725335649,3.446762840,0.027976954
1609060400.227545977,-4.386827647,-0.749610760,3.444463282,-4.405642600,-0.762548956,3.446576592,0.022931757
1609060400.278501987,-4.394778300,-0.792775165,3.445144818,-4.411701530,-0.798645351,3.446112898,0.017938561
1609060400.328487158,-4.401629210,-0.834285401,3.446007887,-4.416868957,-0.832872471,3.445653044,0.015309218
1609060400.381268978,-4.407541996,-0.874602877,3.448217798,-4.421442698,-0.865175081,3.444686003,0.017163521
1609060400.428768158,-4.410267339,-0.908426261,3.447161825,-4.425184629,-0.896628550,3.443468146,0.019374075
1609060400.479042053,-4.411506399,-0.942534294,3.443569514,-4.428901321,-0.955885511,3.439982319,0.022219502
1609060400.529211998,-4.412035347,-0.974226525,3.441012461,-4.429243757,-0.981446411,3.437437676,0.019000927
1609060400.578112125,-4.412363781,-1.003183164,3.437316271,-4.429364328,-1.005410825,3.434335307,0.017403081
1609060400.626744986,-4.411283614,-1.028481657,3.434459490,-4.428406001,-1.027307220,3.431803524,0.017366911
1609060400.680422068,-4.411378640,-1.053858806,3.431481865,-4.427251840,-1.048595934,3.429035551,0.016900909
1609060400.728835106,-4.409030723,-1.074562480,3.428992607,-4.425667140,-1.068161318,3.426422448,0.018009746
1609060400.779316187,-4.407007836,-1.094115627,3.427592806,-4.419836540,-1.100997335,3.421512010,0.015776870
1609060400.825790167,-4.404007798,-1.108645146,3.425757974,-4.416497297,-1.114051207,3.419226422,0.015095504
1609060400.879508018,-4.399782087,-1.124980912,3.419289262,-4.412829189,-1.125366209,3.417282057,0.013206218
1609060400.927040100,-4.395028279,-1.136220370,3.416958621,-4.407908758,-1.135572262,3.415653543,0.012962640
1609060400.978569984,-4.394779115,-1.151963110,3.417652327,-4.403031139,-1.144823330,3.414297512,0.011416092
1609060401.028685093,-4.389544281,-1.161782120,3.416280425,-4.391226775,-1.159905409,3.411451096,0.005447499
1609060401.079002142,-4.379498914,-1.172209700,3.415230181,-4.384845500,-1.166497762,3.410509488,0.009137678
1609060401.127573013,-4.372188843,-1.181656643,3.413725996,-4.377680883,-1.172660058,3.409631786,0.011307679
1609060401.169844151,-4.365360235,-1.186504340,3.411015481,-4.369988570,-1.177949011,3.408730089,0.009991904
1609060401.221971035,-4.356638055,-1.192686210,3.409795107,-4.362320545,-1.182239496,3.407876031,0.012046053
1609060401.271665096,-4.345682611,-1.195527677,3.409442823,-4.354010928,-1.186050023,3.406871143,0.012876347
1609060401.327571154,-4.333357915,-1.201167405,3.409171153,-4.336220826,-1.194462634,3.407149273,0.007565594
1609060401.378626108,-4.321395081,-1.204485121,3.409893470,-4.326900328,-1.197190224,3.407372220,0.009480505
1609060401.426519156,-4.309792694,-1.207658429,3.410672247,-4.316288638,-1.200436089,3.408551565,0.009942674
1609060401.480786085,-4.297086440,-1.211338476,3.410546209,-4.305714835,-1.203432848,3.408626620,0.011858877
1609060401.529177189,-4.282782444,-1.214971786,3.412717189,-4.283346545,-1.209700035,3.411160858,0.005525553
1609060401.579622984,-4.267218361,-1.217367259,3.416941749,-4.272202640,-1.212960794,3.411427739,0.008640849
1609060401.625693083,-4.252788560,-1.220046218,3.418578833,-4.259487862,-1.214645167,3.412661578,0.010443463
1609060401.678419113,-4.239127608,-1.220092381,3.420814312,-4.246847691,-1.215598083,3.413241026,0.011711237
1609060401.727393150,-4.224893216,-1.217314668,3.423044595,-4.235515013,-1.213628762,3.414529393,0.014103798
1609060401.778926134,-4.210491473,-1.212293679,3.420712553,-4.211614181,-1.206915593,3.416302952,0.007044776
1609060401.830302000,-4.194817353,-1.207451514,3.421744338,-4.199002694,-1.202679517,3.417662288,0.007546665
1609060401.879027128,-4.180932737,-1.203908559,3.423832303,-4.186739951,-1.197305086,3.419073376,0.009998849
1609060401.925945044,-4.166652426,-1.195540582,3.423985118,-4.174713184,-1.190468945,3.420150062,0.010266693
1609060401.979689121,-4.152678548,-1.183267724,3.428850589,-4.161591807,-1.180036250,3.420882330,0.012384739
1609060402.027944088,-4.139128364,-1.168218226,3.429947983,-4.139206953,-1.155086547,3.423039331,0.014838351
1609060402.077647209,-4.122607862,-1.150122099,3.434813576,-4.127443335,-1.138088929,3.424002002,0.016883990
1609060402.128281116,-4.108503634,-1.128120617,3.437026761,-4.115723031,-1.117369672,3.424873562,0.017759582
1609060402.178361177,-4.096368293,-1.099491722,3.437007684,-4.105341131,-1.095957156,3.425789565,0.014793619
1609060402.225638151,-4.083361358,-1.073361314,3.439077447,-4.095129930,-1.073835601,3.427307241,0.016651186
1609060402.278110027,-4.067774679,-1.045010247,3.437732091,-4.071441841,-1.024761700,3.430853175,0.021697263
1609060402.327462196,-4.054715190,-1.014047285,3.438793413,-4.062771173,-0.997223070,3.431036469,0.020202060
1609060402.377845049,-4.044102631,-0.981406538,3.439244516,-4.053918580,-0.970758060,3.433277316,0.015663666
1609060402.425198078,-4.033049403,-0.947989270,3.440550546,-4.043049378,-0.937153000,3.435701940,0.015522024
1609060402.478965998,-4.024650200,-0.907496270,3.442433218,-4.033820351,-0.903288907,3.437020663,0.011449424
1609060402.526862144,-4.016967491,-0.870391552,3.443156763,-4.027324431,-0.870478569,3.437573468,0.011766349
1609060402.579752207,-4.009528824,-0.830440130,3.444717950,-4.014702753,-0.799884992,3.438465725,0.031614496
1609060402.628553152,-4.003868795,-0.790917931,3.444881800,-4.009579352,-0.765100000,3.439002806,0.027087609
1609060402.678928137,-3.999399773,-0.750457590,3.444577715,-4.006589890,-0.732062113,3.438313018,0.020720468
1609060402.729631186,-3.995753291,-0.710269894,3.443905041,-4.003294751,-0.697160049,3.437519538,0.016416951
1609060402.777162075,-3.994622519,-0.671252416,3.443262177,-4.001564888,-0.664754812,3.436379796,0.011738080
1609060402.827563047,-3.992960297,-0.631637058,3.442937115,-3.998939247,-0.598003049,3.435853359,0.034888020
1609060402.879329205,-3.990401374,-0.591080060,3.445015022,-3.998386779,-0.566647337,3.434710110,0.027693246
1609060402.968847036,-3.992701982,-0.522976038,3.443463036,-3.999784486,-0.499536591,3.433774874,0.026333060
1609060403.036223173,-3.998495852,-0.473880955,3.442472858,-4.010445139,-0.437376235,3.431847548,0.039853196
1609060403.130094051,-4.016595108,-0.408908678,3.439073432,-4.027179808,-0.377050223,3.427821227,0.035406344
1609060403.172846079,-4.028402133,-0.377112347,3.436483603,-4.037755225,-0.350366110,3.425199927,0.030498572
1609060403.219709158,-4.040832135,-0.346458563,3.433768213,-4.049685318,-0.322317034,3.421998192,0.028279421
1609060403.290386200,-4.063546794,-0.300620114,3.428870836,-4.076260817,-0.270441399,3.415593948,0.035336624
1609060403.333377123,-4.078466988,-0.273692306,3.426094536,-4.090561741,-0.246691494,3.413335436,0.032219894
1609060403.376505136,-4.097128425,-0.247288984,3.421660908,-4.108065650,-0.221059114,3.410423018,0.030560090
1609060403.426532984,-4.118890818,-0.217289167,3.417451967,-4.127233511,-0.197225041,3.406961181,0.024129365
1609060403.479250193,-4.143124664,-0.186606688,3.411390217,-4.146854035,-0.174651989,3.404524892,0.014281307
1609060403.529406071,-4.167587391,-0.158410713,3.407474558,-4.169133129,-0.150258161,3.401801581,0.010051670
1609060403.586101055,-4.195254144,-0.127225039,3.403630627,-4.214534946,-0.103441026,3.396902748,0.031347935
1609060403.673426151,-4.241953437,-0.082265550,3.400225715,-4.260174799,-0.060839287,3.393474944,0.028925347
1609060403.719946146,-4.267666652,-0.058900717,3.398102632,-4.284325877,-0.039145661,3.391851186,0.026587076
1609060403.767722130,-4.295110508,-0.038470855,3.396031498,-4.309951331,-0.021936185,3.390406446,0.022919131
1609060403.816894054,-4.323272652,-0.015878968,3.394049726,-4.335405918,0.001222472,3.389173323,0.021527999
1609060403.884765148,-4.361702280,0.017593181,3.392136425,-4.389028272,0.041513919,3.387008767,0.036677028
1609060403.930885077,-4.388403297,0.038868577,3.390993626,-4.415808265,0.061528791,3.386473952,0.035846130
1609060403.979072094,-4.417309525,0.061319801,3.393591561,-4.441282033,0.080960008,3.386229950,0.031852977
1609060404.027512074,-4.445248626,0.084786608,3.394071068,-4.467578733,0.102445450,3.386474033,0.029464950
1609060404.078886032,-4.474036005,0.109917183,3.392452795,-4.493536644,0.123507789,3.385863205,0.024665810
1609060404.128934145,-4.501438057,0.133775447,3.392383504,-4.518539360,0.142746892,3.386447740,0.020203333
1609060404.179248095,-4.530339172,0.157792870,3.389274834,-4.564014117,0.183831750,3.386104422,0.042685791
1609060404.229568005,-4.556844294,0.183292342,3.388558637,-4.588078801,0.206272764,3.385407332,0.038905333
1609060404.280018091,-4.586284979,0.210684899,3.392706785,-4.610747053,0.228507973,3.384759726,0.031292344
1609060404.326958179,-4.610081061,0.235411443,3.392823574,-4.634033984,0.251218510,3.384157186,0.029978529
1609060404.377541065,-4.636339655,0.262423135,3.394192069,-4.655622398,0.274504731,3.384114160,0.024886812
1609060404.427803040,-4.659375030,0.289445066,3.394146553,-4.675741354,0.297316552,3.383445027,0.021079362
1609060404.481217146,-4.683703717,0.319712998,3.391523842,-4.713922327,0.345204064,3.381532527,0.040777263
1609060404.527707100,-4.703851568,0.346148048,3.390397137,-4.730028932,0.367221499,3.381224799,0.034834990
1609060404.571979046,-4.722746946,0.371158761,3.388485633,-4.746929920,0.391605784,3.380860447,0.032573616
1609060404.622480154,-4.742309302,0.400821608,3.387921785,-4.761497981,0.414466550,3.381085727,0.024517780
1609060404.672170162,-4.761864171,0.429212962,3.386826962,-4.776940342,0.439982977,3.381130321,0.019383907
1609060404.724748135,-4.780799470,0.460702388,3.386538850,-4.804756028,0.489999393,3.381321589,0.038202761
1609060404.777429104,-4.798501893,0.494654697,3.383885679,-4.817939917,0.517717139,3.381758443,0.030236372
1609060404.828528166,-4.813181103,0.526405579,3.384382722,-4.828646474,0.540685958,3.382768756,0.021111888
1609060404.878906012,-4.826513391,0.557876964,3.386651117,-4.840092325,0.567524408,3.383011082,0.017050234
1609060404.928469181,-4.838394112,0.589049710,3.386772880,-4.848750604,0.591703842,3.383876148,0.011076660
1609060404.978840113,-4.849976969,0.620130289,3.387626062,-4.866208488,0.644932813,3.384760026,0.029779885
1609060405.026875019,-4.859268699,0.651685321,3.387541344,-4.874323968,0.674298288,3.384546737,0.027330844
1609060405.079665184,-4.870555308,0.685613236,3.388695012,-4.882071775,0.702768820,3.384737974,0.021038090
1609060405.127121210,-4.877748723,0.716633644,3.388656495,-4.888130236,0.731767013,3.384567287,0.018802029
1609060405.180289030,-4.886412749,0.751476892,3.388665308,-4.894731192,0.760675200,3.384589266,0.013054481
1609060405.228845119,-4.892630075,0.784260788,3.388998535,-4.900996393,0.789972123,3.383995089,0.011298190
1609060405.281080008,-4.899141733,0.818185957,3.384187140,-4.910288928,0.851082551,3.383674409,0.034737713
1609060405.325997114,-4.903917858,0.848898521,3.382874166,-4.916017947,0.882210462,3.382284520,0.035446371
1609060405.378040075,-4.909952861,0.889154808,3.379425987,-4.920054141,0.913034701,3.380825906,0.025966225
1609060405.427482128,-4.914440149,0.925519767,3.375818869,-4.923778431,0.945421917,3.378941311,0.022204701
1609060405.480834007,-4.921168489,0.968908669,3.372523947,-4.928585614,0.976465610,3.375564401,0.011016600
1609060405.528052092,-4.925288449,1.004163910,3.368339575,-4.937346651,1.037431548,3.369970580,0.035423102
1609060405.577284098,-4.930666006,1.045207194,3.366159514,-4.941328983,1.070228773,3.367175309,0.027217832
1609060405.626881123,-4.936999807,1.086674662,3.362757190,-4.945905352,1.105248336,3.364305328,0.020656399
1609060405.678483009,-4.945377019,1.128574395,3.359087057,-4.951752903,1.138998125,3.361280519,0.012414399
1609060405.728350163,-4.953146288,1.169581770,3.354838454,-4.957110214,1.171267954,3.357800027,0.005227508
1609060405.780021191,-4.962920762,1.210447895,3.350251426,-4.968663755,1.238279619,3.350308871,0.028418131
1609060405.825129032,-4.971449285,1.246817936,3.345971157,-4.977456984,1.271137361,3.345358633,0.025057974
1609060405.879862070,-4.980867850,1.289774444,3.340015636,-4.985221059,1.303628664,3.340779490,0.014542122
1609060405.927932024,-4.989818068,1.328453682,3.335543820,-4.992859770,1.338746112,3.336900235,0.010817852
1609060405.978623152,-4.999405774,1.368858506,3.330330196,-5.000765494,1.372575224,3.332525446,0.004525700
1609060406.030205011,-5.012172152,1.410455310,3.324893157,-5.011129491,1.406599861,3.327593533,0.004821167
1609060406.079104185,-5.025807001,1.446873320,3.317403631,-5.035263960,1.470966464,3.316439318,0.025900647
1609060406.128489017,-5.040611340,1.483851751,3.309961859,-5.047961556,1.504027310,3.310043115,0.021472901
1609060406.177798986,-5.055582065,1.521053376,3.300108478,-5.062702906,1.536828260,3.303432197,0.017623860
1609060406.227044106,-5.072834283,1.557153571,3.292075305,-5.076851652,1.567351285,3.296798240,0.011934770
1609060406.280534029,-5.093780635,1.594782786,3.288025366,-5.093096241,1.600174926,3.290225278,0.005863717
1609060406.329967022,-5.113785432,1.628490681,3.281623200,-5.130363751,1.661111248,3.278551690,0.036720243
1609060406.378149986,-5.133955078,1.662382749,3.275956638,-5.149266502,1.688983738,3.273355724,0.030802874
1609060406.428543091,-5.157923105,1.696352723,3.270576416,-5.171520027,1.718707444,3.267974398,0.026294112
1609060406.480351210,-5.188702771,1.734333497,3.266356256,-5.193102693,1.745316012,3.263272531,0.012226377
1609060406.530244112,-5.216520740,1.765910632,3.262611865,-5.238683296,1.798298680,3.254349977,0.040105154
1609060406.578059196,-5.242802950,1.795960463,3.257576157,-5.260534521,1.822390728,3.251193659,0.032460804
1609060406.621797085,-5.267710904,1.822821726,3.254467970,-5.285687783,1.847737072,3.247376093,0.031531530
1609060406.670320034,-5.298296817,1.852683527,3.248144089,-5.312735616,1.871432221,3.243914818,0.024039117
1609060406.728110075,-5.335907374,1.884878855,3.242845617,-5.341216205,1.895887609,3.241060826,0.012351592
1609060406.779551983,-5.372242200,1.914147832,3.237170865,-5.368379952,1.919714113,3.238686529,0.006942455
1609060406.824823141,-5.402578935,1.938797216,3.234823994,-5.424739830,1.963734917,3.234139650,0.033368586
1609060406.878969193,-5.438154122,1.967635593,3.235225204,-5.451928441,1.984139435,3.233619171,0.021556623
1609060406.927206039,-5.470330737,1.992942400,3.233806678,-5.480224011,2.006372946,3.232202605,0.016757968
1609060406.980704069,-5.505064366,2.020319273,3.232289160,-5.507430190,2.027245513,3.231565480,0.007354838
1609060407.027716160,-5.535026838,2.043427839,3.230400343,-5.563415554,2.068366326,3.228798690,0.037820796
1609060407.079115152,-5.569081446,2.068230975,3.227852365,-5.592787187,2.088664260,3.227226119,0.031302930
1609060407.127367020,-5.601301898,2.092466339,3.226343055,-5.621257585,2.108585153,3.225930003,0.025655725
1609060407.177980185,-5.636074467,2.114324391,3.225045341,-5.651332130,2.129263871,3.224669684,0.021357093
1609060407.227697134,-5.668642134,2.138118364,3.223163826,-5.678667159,2.149298897,3.223125995,0.015016886
1609060407.280601978,-5.703472344,2.162756673,3.222461024,-5.733798819,2.189266897,3.219188798,0.040412801
1609060407.327654123,-5.733429648,2.185036752,3.219663652,-5.761771782,2.209109678,3.215727118,0.037393564
1609060407.378270149,-5.766173594,2.208344787,3.215284630,-5.787626004,2.227476236,3.212160492,0.028913293
1609060407.428651094,-5.796219915,2.231473611,3.209954128,-5.812437499,2.246020677,3.208030771,0.021870676
1609060407.481408119,-5.826744657,2.255763972,3.203201435,-5.837624346,2.266541310,3.202610716,0.015325390
1609060407.527852058,-5.853378239,2.277861935,3.197883659,-5.888118244,2.305519001,3.192290747,0.044755579
1609060407.578287125,-5.886600352,2.301194012,3.185026386,-5.913013302,2.325686420,3.187387745,0.036098449
1609060407.625300169,-5.913917715,2.323040164,3.178564402,-5.936303592,2.344866431,3.182854141,0.031558125
1609060407.681172132,-5.947872994,2.353963853,3.170623798,-5.962095751,2.365624670,3.177563950,0.019657751
1609060407.728523016,-5.975887680,2.378946052,3.164892620,-5.986885100,2.387628692,3.173488718,0.016438503
1609060407.779933214,-6.008548699,2.407852507,3.162271055,-6.038366670,2.430070916,3.164162334,0.037233668
1609060407.826332092,-6.037988872,2.433171059,3.157825158,-6.063224835,2.449893805,3.161159779,0.030456917
1609060407.879067183,-6.071167411,2.460355145,3.153733861,-6.089315578,2.473775290,3.156644736,0.022758063
1609060407.927498102,-6.101648856,2.488012355,3.150114306,-6.118331048,2.498319845,3.152829948,0.019796833
1609060407.977844000,-6.135141188,2.515311658,3.146390256,-6.146100066,2.523450317,3.149262014,0.013949257
1609060408.026247978,-6.164864645,2.540135889,3.142741781,-6.172948903,2.545311123,3.145317229,0.009938371
1609060408.080068111,-6.197846822,2.566907929,3.137244353,-6.226026967,2.588980424,3.139214202,0.035849630
1609060408.129019022,-6.229633376,2.592657679,3.133948411,-6.251462730,2.609626966,3.136697290,0.027785495
1609060408.178281069,-6.261944285,2.617840319,3.131072640,-6.277666828,2.630686350,3.134071326,0.020523425
1609060408.225942135,-6.292944841,2.642309278,3.127909354,-6.306603188,2.654550454,3.130489766,0.018521755
1609060408.279213190,-6.327067434,2.668315966,3.125607658,-6.337786167,2.678065475,3.128097626,0.014701840
1609060408.328937054,-6.360065621,2.693148632,3.123321348,-6.366294200,2.701039791,3.125723531,0.010336154
1609060408.380493164,-6.393755138,2.720819135,3.122145613,-6.423366729,2.744613754,3.121631531,0.037990716
1609060408.428739071,-6.424563285,2.744968884,3.120323952,-6.449945869,2.765452127,3.119557336,0.032625550
1609060408.479394197,-6.455981983,2.767701635,3.118293642,-6.476059599,2.785988954,3.116895597,0.027193589
1609060408.527713060,-6.485208920,2.790147498,3.114942900,-6.503378329,2.806696823,3.113186364,0.024639257
1609060408.579924107,-6.517907356,2.813814242,3.108815166,-6.531505124,2.827133102,3.110353296,0.019095999
1609060408.628437996,-6.546708548,2.835420857,3.106933435,-6.557415999,2.846757298,3.109568086,0.015814733
1609060408.681055069,-6.577799558,2.858062624,3.109434989,-6.582794858,2.865024819,3.109981177,0.008586239
1609060408.727375984,-6.604596723,2.876822201,3.113955189,-6.633230136,2.898883356,3.119173239,0.036521158
1609060408.778818130,-6.637687437,2.900584697,3.125358317,-6.656962401,2.915823432,3.126706219,0.024608131
1609060408.827222109,-6.664549251,2.918928289,3.134965331,-6.680223255,2.931474342,3.135410274,0.020081728
1609060408.878816128,-6.692361513,2.940419957,3.143470298,-6.702481243,2.947167003,3.143612393,0.012163542
1609060408.928865194,-6.719480263,2.959550537,3.153732114,-6.723903034,2.963157463,3.151873866,0.006001993
1609060408.979489088,-6.747640457,2.977594573,3.165954752,-6.769146314,2.992935079,3.169215655,0.026617034
1609060409.026559114,-6.773324082,2.994157991,3.176378563,-6.791638032,3.007752503,3.178743291,0.022930405
1609060409.079119205,-6.801963568,3.013144476,3.187096409,-6.813870670,3.022184125,3.188490096,0.015014549
1609060409.129620075,-6.827477336,3.031285453,3.198867645,-6.835948577,3.036958089,3.197517062,0.010284201
1609060409.179974079,-6.854081010,3.050085949,3.210271226,-6.858609976,3.052069021,3.206560369,0.006181794
1609060409.227297068,-6.880966320,3.068155755,3.220164376,-6.903846950,3.082189643,3.220670293,0.026846400
1609060409.280170202,-6.911380848,3.087300712,3.232898392,-6.927387957,3.096985893,3.227347720,0.019515129
1609060409.327556133,-6.937955284,3.104758331,3.241263192,-6.951736137,3.113318122,3.233138758,0.018143549
1609060409.378501177,-6.968077676,3.123810755,3.245144338,-6.978315963,3.131276224,3.240273470,0.013575017
1609060409.429986000,-7.000244717,3.143784562,3.252513968,-7.004722420,3.147678654,3.245486713,0.009197613
1609060409.481420994,-7.031659690,3.164402982,3.258851393,-7.033066783,3.165772052,3.250727319,0.008357921
1609060409.528619051,-7.062362451,3.184230226,3.263888903,-7.089180742,3.202535543,3.259033863,0.032831034
1609060409.578970194,-7.097143969,3.205873023,3.267912057,-7.121133372,3.221162893,3.261807630,0.029095285
1609060409.628424168,-7.132961596,3.228141234,3.269675260,-7.152734609,3.240158063,3.263846425,0.023861088
1609060409.680056095,-7.171806559,3.251808452,3.273812424,-7.185814859,3.261052586,3.265834367,0.018583215
1609060409.729544163,-7.209679929,3.275900159,3.275377474,-7.220417118,3.281777866,3.268471085,0.014054638
1609060409.781149149,-7.255483419,3.302414749,3.282396063,-7.289729631,3.323050794,3.270537568,0.041704595
1609060409.829326153,-7.295576202,3.326678032,3.285658870,-7.325848084,3.346346740,3.272284022,0.038498461
1609060409.878853083,-7.339675969,3.354291229,3.287200393,-7.360631888,3.368405922,3.274030012,0.028492701
1609060409.927361012,-7.383039685,3.382005306,3.290341348,-7.399310881,3.391227030,3.276189855,0.023453289
1609060409.980737209,-7.430223434,3.410929298,3.290620588,-7.436118839,3.414549071,3.278453783,0.013996060
1609060410.028295040,-7.473530076,3.438187240,3.292001948,-7.511405847,3.461954158,3.282356924,0.045743490
1609060410.078970194,-7.522099039,3.467899127,3.292680427,-7.551601892,3.485580779,3.283740177,0.035538531
1609060410.128543139,-7.568915250,3.496744508,3.293651369,-7.590299923,3.508848998,3.285549804,0.025873892
1609060410.179124117,-7.617557632,3.526818408,3.294054628,-7.631817139,3.534098334,3.287257931,0.017393273
1609060410.228488207,-7.666618750,3.556362887,3.294625768,-7.672476268,3.556881296,3.288971447,0.008157855
1609060410.279890060,-7.717002842,3.586638714,3.294650628,-7.715593526,3.582827181,3.289759814,0.006358775
1609060410.329349995,-7.764141142,3.616020679,3.296330974,-7.795583176,3.634384330,3.292179142,0.036647823
1609060410.377452135,-7.810360127,3.644076201,3.298662820,-7.833840081,3.657581047,3.293491204,0.027575981
1609060410.427040100,-7.856590117,3.673552481,3.300000002,-7.874911812,3.682738301,3.294341723,0.021262171
1609060410.481698990,-7.907199203,3.707801608,3.302649331,-7.913724946,3.709000319,3.295267355,0.009925513
1609060410.527576208,-7.948496928,3.736442209,3.304154478,-7.952092610,3.736517150,3.295382032,0.009481053
1609060410.578217983,-7.994129578,3.770137599,3.301068339,-7.993897067,3.765899529,3.295706903,0.006838151
1609060410.627376080,-8.038706581,3.803258319,3.301328655,-8.074512376,3.823435100,3.297940019,0.041238821
1609060410.679148197,-8.085909085,3.838042199,3.306784784,-8.113471599,3.853113912,3.298560368,0.032472908
1609060410.726834059,-8.128514849,3.871513832,3.307903438,-8.153757664,3.883262601,3.299065795,0.029211936
1609060410.779208183,-8.176875658,3.906445612,3.308793403,-8.192296729,3.913573640,3.299098139,0.019560581
1609060410.828528166,-8.220132421,3.940669717,3.310760575,-8.230586261,3.944176375,3.300923532,0.014776564
1609060410.879283190,-8.270030610,3.981398208,3.314394630,-8.307347926,4.008860388,3.302188325,0.047913958
1609060410.928606033,-8.314349952,4.019642147,3.317043040,-8.344833882,4.042261987,3.304494531,0.039979898
1609060410.978766203,-8.359476074,4.059035907,3.316617129,-8.381844754,4.074291528,3.306239896,0.028996186
1609060411.025828123,-8.401431914,4.096724034,3.318213870,-8.418739799,4.108837422,3.307518514,0.023678845
1609060411.080110073,-8.450277484,4.137636737,3.314435093,-8.457160598,4.143789499,3.308290638,0.011089998
1609060411.129387140,-8.493427196,4.179098121,3.313959097,-8.527240010,4.212174116,3.308076261,0.047664826
1609060411.176635981,-8.534474108,4.220396727,3.312427696,-8.560219373,4.246024466,3.307775636,0.036622962
1609060411.226155996,-8.576259877,4.262261237,3.311399954,-8.594956696,4.281689547,3.307478726,0.027247134
1609060411.277624130,-8.619133657,4.305126842,3.309078758,-8.629288075,4.317966895,3.307172625,0.016480671
1609060411.326937199,-8.659880951,4.347480569,3.308292262,-8.663829321,4.354356281,3.307561404,0.007962362
1609060411.379705191,-8.702168104,4.391091045,3.307491527,-8.695954199,4.388849587,3.306800911,0.006641814
1609060411.427775145,-8.740151792,4.431139296,3.307098412,-8.760647549,4.458088175,3.305826729,0.033881194
1609060411.470930099,-8.774066974,4.467096469,3.308224483,-8.791361406,4.492070276,3.306591489,0.030421293
1609060411.521054029,-8.811818649,4.508493505,3.309186444,-8.823911192,4.528168414,3.307903280,0.023129595
1609060411.580197096,-8.854137007,4.556656099,3.313197436,-8.854979278,4.562859237,3.310098431,0.006985140
1609060411.626838207,-8.887406263,4.593868430,3.315270746,-8.914551498,4.631110544,3.312916850,0.046145203
1609060411.679201126,-8.924048313,4.636274788,3.314645281,-8.942901831,4.662802358,3.315008690,0.032546876
1609060411.728243113,-8.957896050,4.675378425,3.316860280,-8.973812275,4.697414630,3.316451012,0.027186175
1609060411.778196096,-8.991532022,4.715855381,3.319009877,-9.002611575,4.731784318,3.318297857,0.019416346
1609060411.838414192,-9.031762285,4.765841918,3.322649172,-9.064189697,4.805679204,3.324626700,0.051404835
1609060411.878583193,-9.058676184,4.799288792,3.326009918,-9.092052647,4.839513333,3.327946300,0.052304412
1609060411.925848007,-9.088873609,4.837740878,3.329358026,-9.120851046,4.874568944,3.330182574,0.048780557
1609060411.970710993,-9.123121622,4.875703612,3.329223319,-9.148542273,4.908376065,3.333784305,0.041647344
1609060412.021212101,-9.155794914,4.917314389,3.332307922,-9.176797671,4.944046389,3.336087880,0.034205318
1609060412.070445061,-9.189297581,4.961824084,3.335516705,-9.203205317,4.977344834,3.338539435,0.021058388
1609060412.129059076,-9.227661089,5.013345153,3.339434736,-9.258096670,5.049297038,3.344359244,0.047361517
1609060412.171797991,-9.258302479,5.051362738,3.344031217,-9.283635795,5.082999536,3.347704886,0.040695942
1609060412.220314980,-9.290949610,5.094259446,3.348277949,-9.310968204,5.119076352,3.350838966,0.031987212
1609060412.280927181,-9.330472218,5.145253444,3.353612338,-9.337447829,5.154887614,3.354586863,0.011934240
1609060412.328114033,-9.360789817,5.185853500,3.358564934,-9.365246384,5.191334963,3.358942910,0.007074623
1609060412.381548166,-9.394516034,5.232634763,3.364978266,-9.415811768,5.264211902,3.367965506,0.038204026
1609060412.426798105,-9.421808514,5.271882267,3.369680096,-9.441502158,5.299788315,3.370944971,0.034178751
1609060412.481037140,-9.453162918,5.319116747,3.376253213,-9.464695819,5.334142852,3.374834381,0.018994861
1609060412.528138161,-9.480569992,5.360439631,3.381001297,-9.492153734,5.374312812,3.378606071,0.018231438
1609060412.578795195,-9.509002347,5.404470875,3.386536237,-9.518749157,5.413705582,3.381745149,0.014256039
1609060412.628405094,-9.535802303,5.447237166,3.390867229,-9.543198977,5.450949754,3.385282549,0.009984125
1609060412.680060148,-9.563836436,5.489766752,3.391900630,-9.590949967,5.523176545,3.389575903,0.043090163
1609060412.727285147,-9.588743384,5.530441229,3.394780425,-9.613563769,5.558644480,3.391082600,0.037751143
1609060412.778535128,-9.615951782,5.571288512,3.395266242,-9.635515287,5.592455047,3.393229012,0.028894692
1609060412.828056097,-9.640860571,5.611305466,3.397673986,-9.657599551,5.626674465,3.394317328,0.022970998
1609060412.880711079,-9.667983300,5.652682435,3.401122593,-9.679991496,5.658382286,3.395304440,0.014509858
1609060412.929073095,-9.690525905,5.688605340,3.402859361,-9.719199243,5.721520222,3.399489244,0.043782502
1609060412.978442192,-9.714137005,5.723057643,3.403825601,-9.736752146,5.751413558,3.401142069,0.036368995
1609060413.026663065,-9.735179516,5.756728469,3.406037980,-9.756335749,5.780950163,3.401452337,0.032485455
1609060413.079564095,-9.760012842,5.795841010,3.404653619,-9.774241999,5.810991576,3.403553904,0.020813888
1609060413.128509045,-9.781008463,5.829227295,3.406597477,-9.793521675,5.842402056,3.404811657,0.018257709
1609060413.179367065,-9.806267645,5.866064563,3.408479818,-9.829280507,5.897996061,3.408745226,0.039360930
1609060413.225435019,-9.825749614,5.896523088,3.410542862,-9.845538880,5.924289762,3.410064483,0.034100323
1609060413.280374050,-9.849986343,5.931667611,3.414762578,-9.861620072,5.949624334,3.411366988,0.021663739
1609060413.327057123,-9.869114652,5.959492458,3.415410489,-9.877444592,5.974007345,3.412166020,0.017046889
1609060413.379295111,-9.890446182,5.989877821,3.418005233,-9.893091007,5.999527880,3.414048336,0.010759916
1609060413.429748058,-9.910299880,6.018826141,3.421401331,-9.923353379,6.044215240,3.417961897,0.028754650
1609060413.477909088,-9.928902888,6.046046366,3.425213368,-9.937612143,6.066609172,3.419750626,0.022989599
1609060413.527525187,-9.946731128,6.072591739,3.428134672,-9.951776407,6.088334729,3.421732345,0.017728123
1609060413.577910185,-9.963112054,6.098698345,3.430608944,-9.965398880,6.109496445,3.423565846,0.013093272
1609060413.626291037,-9.979679116,6.122021858,3.433358538,-9.979675845,6.129876718,3.426205620,0.010623704
1609060413.681443214,-9.999975630,6.146224910,3.435308322,-9.994041701,6.150071149,3.427559657,0.010490323
1609060413.729362011,-10.016384266,6.167890363,3.437575479,-10.021546810,6.188077148,3.430981574,0.021854924
1609060413.778925180,-10.030487231,6.188850820,3.438213911,-10.034673459,6.205842104,3.432566473,0.018388088
1609060413.825621128,-10.044992803,6.208621836,3.440087551,-10.047386310,6.223604830,3.434300869,0.016238986
1609060413.870529175,-10.055992212,6.226515452,3.439426915,-10.060391991,6.241308128,3.435146419,0.016015741
1609060413.926827192,-10.071904061,6.248297210,3.441342773,-10.073031665,6.257961945,3.436366051,0.010929152
1609060413.980643988,-10.086787809,6.268980454,3.446032975,-10.086426228,6.274578129,3.438065361,0.009744106
1609060414.029057980,-10.099345799,6.285835264,3.448779693,-10.110456767,6.305484886,3.442153971,0.023525762
1609060414.078119040,-10.111139525,6.302876440,3.451892011,-10.122192590,6.320094663,3.445271001,0.021505237
1609060414.129755020,-10.123751019,6.319846853,3.456698567,-10.133808759,6.333925897,3.448592346,0.019107288
1609060414.178076982,-10.138255695,6.336118894,3.458517812,-10.145359824,6.347853656,3.452021990,0.015177911
1609060414.237054110,-10.152231220,6.354411539,3.464178814,-10.167206683,6.374418483,3.459520838,0.025421232
1609060414.278896093,-10.163191926,6.367927902,3.467144971,-10.177966839,6.386555360,3.464009824,0.023981439
1609060414.326367140,-10.173716552,6.381715839,3.471751797,-10.188234498,6.398240264,3.468043668,0.022306447
1609060414.372323990,-10.186614286,6.395679725,3.475435122,-10.197489494,6.408864935,3.472082471,0.017417238
1609060414.422741175,-10.198172493,6.409555895,3.480227943,-10.207347295,6.419573154,3.476242559,0.014156473
1609060414.469741106,-10.208523558,6.419727809,3.485379737,-10.216558605,6.428823310,3.480188256,0.013200061
1609060414.523486137,-10.220785810,6.432134737,3.490821386,-10.225726554,6.438636039,3.484769405,0.010163875
1609060414.571552992,-10.231356149,6.443142462,3.495959719,-10.243232714,6.457982797,3.493200236,0.019206850
1609060414.619873047,-10.241523063,6.453355731,3.500585777,-10.252068980,6.466961590,3.497059684,0.017571827
1609060414.671653986,-10.253945884,6.464438561,3.504570308,-10.260164261,6.475381868,3.500694866,0.013169784
1609060414.721688986,-10.263777776,6.473636686,3.508870437,-10.268517043,6.483702097,3.504631358,0.011905584
1609060414.773606062,-10.274082765,6.481365133,3.513123616,-10.276112772,6.490940425,3.508715708,0.010734841
1609060414.820553064,-10.283240025,6.489109055,3.517499934,-10.284151412,6.498414104,3.512617359,0.010547706
1609060414.871097088,-10.292896401,6.498038237,3.521954342,-10.299617509,6.513045558,3.520400265,0.016516905
1609060414.921655178,-10.302295195,6.506468660,3.526685407,-10.306968768,6.520358333,3.524163557,0.014870274
1609060414.970494986,-10.312456652,6.515058347,3.531269313,-10.314818272,6.527673072,3.528656075,0.013097234
1609060415.021867990,-10.322031628,6.523246953,3.536262815,-10.321796816,6.534432495,3.532651997,0.011756253
1609060415.071359158,-10.329700569,6.533431319,3.540595271,-10.329501543,6.541301761,3.536063077,0.009084287
1609060415.122093201,-10.337280427,6.540526968,3.545475551,-10.343528413,6.552949671,3.544686316,0.013927806
1609060415.169690132,-10.341272201,6.548939840,3.548904909,-10.349530082,6.558146521,3.548536783,0.012372998
1609060415.270138025,-10.354493705,6.562371172,3.561021159,-10.363206947,6.570112975,3.559661959,0.011734714
1609060415.335822105,-10.362004341,6.571055774,3.568560702,-10.374889660,6.580950293,3.569555413,0.016276436
1609060415.385161161,-10.370678104,6.576285591,3.576517685,-10.380185134,6.586508847,3.574555470,0.014097832
1609060415.426522017,-10.374799547,6.580851224,3.581781186,-10.385507975,6.590662524,3.579529241,0.014697050
1609060415.478945017,-10.382465618,6.588363215,3.585761404,-10.390721166,6.595229971,3.584624919,0.010798056
1609060415.527222157,-10.387669963,6.593850906,3.591632419,-10.395086073,6.599065501,3.589514604,0.009309985
1609060415.579497099,-10.392819896,6.597952518,3.596560373,-10.399315209,6.601633383,3.594373820,0.007779387
1609060415.625437021,-10.396757379,6.600691266,3.601819590,-10.407075346,6.605830931,3.604038523,0.011738835
1609060415.671557188,-10.400936870,6.602863010,3.606164987,-10.410777621,6.607541792,3.609420306,0.011372268
1609060415.721713066,-10.404704008,6.605001169,3.611857620,-10.414446842,6.609573560,3.614156059,0.011005107
1609060415.778937101,-10.411468142,6.608096301,3.618115312,-10.417673130,6.612020450,3.619341866,0.007443471
1609060415.826449156,-10.415504793,6.609672087,3.624125627,-10.421627457,6.613170870,3.625245902,0.007140275
1609060415.880214214,-10.419504633,6.609899647,3.632557177,-10.424834853,6.613691147,3.630722769,0.006793509
1609060415.929654121,-10.423273702,6.610220485,3.638672883,-10.430126654,6.613673511,3.640045956,0.007795618
1609060415.978931189,-10.428049560,6.610167889,3.646382595,-10.432765786,6.612973346,3.644330168,0.005858825
1609060416.026129007,-10.431016478,6.608566728,3.652834995,-10.435239915,6.611798425,3.650192584,0.005938318
1609060416.071283102,-10.434695067,6.607239035,3.655962831,-10.437689939,6.610717505,3.655546343,0.004608956
1609060416.132973194,-10.439203924,6.605715816,3.663776407,-10.440474579,6.609763044,3.661252584,0.004936021
1609060416.179527044,-10.441883138,6.604682318,3.667154049,-10.443613860,6.608260705,3.666682625,0.004002811
1609060416.224436998,-10.445074212,6.603493499,3.671787786,-10.449591663,6.605761003,3.676437735,0.006868111
1609060416.281552076,-10.449206515,6.601848481,3.680565602,-10.453500432,6.604559294,3.681166333,0.005113424
1609060416.327483177,-10.452985888,6.600061025,3.685863831,-10.457605830,6.603137691,3.686113786,0.005556277
1609060416.379132032,-10.459687077,6.596926162,3.693672944,-10.461793922,6.600858050,3.691152503,0.005123589
1609060416.428481102,-10.463280176,6.593851304,3.701179130,-10.464483500,6.599204189,3.696635623,0.007123540
1609060416.478361130,-10.467994821,6.589931429,3.708840500,-10.473109436,6.593190664,3.708463675,0.006076504
1609060416.527779102,-10.473043829,6.587047221,3.716870728,-10.478351268,6.590777317,3.714772194,0.006818091
1609060416.578441143,-10.479283959,6.584368578,3.722450299,-10.482976894,6.588346166,3.720397259,0.005802925
1609060416.625756025,-10.484968392,6.581000567,3.729251866,-10.487869569,6.585217097,3.725875031,0.006131800
1609060416.688992977,-10.493153907,6.574666936,3.737759661,-10.499874077,6.577980873,3.739542448,0.007702025
1609060416.735008001,-10.497653896,6.570561369,3.744183964,-10.504487177,6.574561229,3.746493768,0.008247897
1609060416.779157162,-10.502796463,6.566355995,3.751418367,-10.509224206,6.570949464,3.752877012,0.008033896
1609060416.830991983,-10.508762744,6.559853087,3.760363070,-10.515453130,6.565777730,3.759586200,0.008970295
1609060416.901623011,-10.516617252,6.548943564,3.772489410,-10.526250767,6.553616806,3.773877799,0.010796826
1609060416.940310001,-10.522157872,6.543303810,3.779614058,-10.531003380,6.546871059,3.779668487,0.009537884
1609060416.983126163,-10.527808199,6.536720493,3.786657096,-10.536795236,6.538796460,3.786449909,0.009226018
1609060417.031743050,-10.533471198,6.527545192,3.794272668,-10.542507823,6.531103878,3.794049345,0.009714664
1609060417.080188990,-10.541182261,6.519343579,3.801465964,-10.547069218,6.523016706,3.799520896,0.007206345
1609060417.128481150,-10.546492705,6.508792406,3.809297678,-10.552532174,6.512982331,3.806566145,0.007841679
1609060417.178506136,-10.552248178,6.497821484,3.815680134,-10.556291256,6.503639663,3.813060263,0.007553900
1609060417.229984999,-10.556667399,6.484668087,3.823445738,-10.560030568,6.493156084,3.819762286,0.009845040
1609060417.281683207,-10.561173689,6.470257668,3.830367187,-10.566672683,6.467821481,3.830707589,0.006024102
1609060417.327920198,-10.563818650,6.456599759,3.836813915,-10.568988304,6.454998208,3.838170370,0.005579450
1609060417.380889177,-10.567008321,6.441251312,3.841733942,-10.571036873,6.441146152,3.843463581,0.004385424
1609060417.427345037,-10.568206448,6.426247698,3.847634737,-10.573082598,6.426725769,3.846941619,0.004948313
1609060417.482033014,-10.572905412,6.401729534,3.854848035,-10.574211160,6.411461458,3.852597078,0.010073834
1609060417.528115988,-10.573846043,6.384065418,3.860399948,-10.574812618,6.381749326,3.864496236,0.004803970
1609060417.578565121,-10.576511610,6.364226150,3.867725877,-10.575385072,6.363429303,3.867805303,0.001382158
1609060417.628115177,-10.576700801,6.343678662,3.873355598,-10.574400493,6.347455226,3.871236271,0.004903611
1609060417.680741072,-10.575460086,6.322159573,3.880454365,-10.572791039,6.329853086,3.875472404,0.009546407
1609060417.728932142,-10.573740909,6.302425047,3.884761039,-10.571486899,6.311863240,3.879749737,0.010921227
1609060417.780569077,-10.569611827,6.281011075,3.888403667,-10.566963204,6.274797725,3.888370413,0.006754407
1609060417.827723026,-10.566533208,6.259199617,3.893032173,-10.563505754,6.256993976,3.892623286,0.003767959
1609060417.878182173,-10.563489560,6.235291689,3.898261861,-10.559479815,6.237101755,3.896270029,0.004829264
1609060417.928631067,-10.557291832,6.211586205,3.902680466,-10.555517511,6.217211965,3.898656047,0.007140962
1609060417.978594065,-10.550341433,6.189146772,3.906533149,-10.549839448,6.195870110,3.900944343,0.008757284
1609060418.027911186,-10.542873855,6.164997654,3.910348462,-10.538854060,6.154896101,3.908986879,0.010956918
1609060418.080447197,-10.534948112,6.139151054,3.913900124,-10.532453511,6.131367463,3.910449398,0.008872138
1609060418.127730131,-10.525853818,6.115507686,3.917422173,-10.524484270,6.111345071,3.914250539,0.005409462
1609060418.178858995,-10.517109815,6.090504269,3.921183630,-10.517049468,6.088855874,3.917159653,0.004348935
1609060418.229143143,-10.505743414,6.064112558,3.924499218,-10.509626562,6.067229424,3.917718774,0.008412378
1609060418.278476000,-10.496957877,6.038460724,3.926712057,-10.489664297,6.021884973,3.923700466,0.018358146
1609060418.327845097,-10.484112047,6.011692021,3.929379010,-10.478670679,5.998035522,3.924089730,0.015623217
1609060418.379217148,-10.469835534,5.982578387,3.931690184,-10.468606525,5.974056173,3.927273415,0.009677109
1609060418.427738190,-10.455456326,5.954958410,3.934293520,-10.456091056,5.950399441,3.926559964,0.008999720
1609060418.479364157,-10.441716427,5.926248289,3.936914487,-10.443737338,5.923597127,3.931224481,0.006594613
1609060418.530038118,-10.425040984,5.896640648,3.939871032,-10.430318986,5.898947648,3.934096923,0.008155972
1609060418.580530167,-10.409471824,5.865302809,3.941393049,-10.400687955,5.845932592,3.936520902,0.021819704
1609060418.627577066,-10.391900065,5.835933347,3.944106984,-10.385785101,5.818245606,3.937185044,0.019954003
1609060418.679231167,-10.372842243,5.800964633,3.945786683,-10.370237672,5.792265310,3.939369378,0.011119524
1609060418.727707148,-10.353580886,5.769425784,3.949280156,-10.353086870,5.765920286,3.942008232,0.008087858
1609060418.779791117,-10.333784931,5.735950616,3.949525166,-10.336896116,5.739734153,3.944717338,0.006863660
1609060418.826940060,-10.314059749,5.704924125,3.952319369,-10.319781490,5.711526541,3.948332253,0.009603505
1609060418.877894163,-10.292397338,5.671866286,3.953967531,-10.282068726,5.657161959,3.954143942,0.017970214
1609060418.928442001,-10.269295767,5.637966504,3.956839257,-10.265350019,5.631354853,3.958421583,0.007860446
1609060418.980247021,-10.245459021,5.604121192,3.959610565,-10.245467733,5.602675752,3.958610580,0.001757653
1609060419.028758049,-10.221971634,5.572051714,3.963059405,-10.227476738,5.577855323,3.962240211,0.008041090
1609060419.080204010,-10.196601090,5.538786553,3.967587411,-10.187113455,5.521172028,3.967241198,0.020010161
1609060419.127290010,-10.172764202,5.507360642,3.970843815,-10.166400840,5.491617617,3.969712230,0.017018099
1609060419.179020166,-10.147257329,5.473335276,3.974229265,-10.146453425,5.464052880,3.972256729,0.009523657
1609060419.227241039,-10.122554099,5.441499030,3.977934401,-10.125975991,5.435881822,3.976303047,0.006776702
1609060419.280115128,-10.095392712,5.407010387,3.985196303,-10.106768837,5.408621772,3.979505953,0.012821578
1609060419.327326059,-10.070447944,5.375734436,3.991353595,-10.064809287,5.353212512,3.989507129,0.023290362
1609060419.378854990,-10.047193319,5.344286417,3.998629445,-10.043651240,5.325573684,3.997252146,0.019094754
1609060419.471464157,-10.001142027,5.284743808,4.012567989,-10.000273734,5.268369608,4.009397821,0.016700849
1609060419.537253141,-9.967954781,5.242739649,4.023156351,-9.958603231,5.212972437,4.020084791,0.031352398
1609060419.585476160,-9.944575090,5.211230069,4.028967349,-9.937848766,5.185379365,4.027093882,0.026777084
1609060419.629018068,-9.922977309,5.183747727,4.035434749,-9.917568584,5.157872476,4.030832359,0.026832162
1609060419.673011065,-9.901174881,5.152567970,4.040622910,-9.895726963,5.130354288,4.038435684,0.022976324
1609060419.726917028,-9.873804828,5.117100523,4.047890141,-9.875406267,5.102208725,4.041181885,0.016411305
1609060419.777944088,-9.848645622,5.085218213,4.052481793,-9.855991803,5.075945628,4.047514232,0.012830583
1609060419.829607010,-9.822508358,5.050960199,4.058426820,-9.814036285,5.022868433,4.057518647,0.029355547
1609060419.879155159,-9.798601020,5.019640173,4.064544826,-9.794930926,4.996020529,4.064803051,0.023904474
1609060419.928565025,-9.773854836,4.985611499,4.071933037,-9.774287993,4.967847767,4.066096926,0.018702888
1609060419.977845192,-9.748755432,4.952454780,4.077019420,-9.752928294,4.939808002,4.072067045,0.014208440
1609060420.026153088,-9.723475730,4.919803762,4.081342271,-9.731066488,4.910087413,4.074814391,0.013951354
1609060420.080102205,-9.696663151,4.884576409,4.085582507,-9.709219014,4.880888626,4.078904588,0.014691633
1609060420.127996206,-9.673029672,4.852955245,4.088889486,-9.668802405,4.826559536,4.085359276,0.026964155
1609060420.178651094,-9.650350030,4.820629590,4.091233858,-9.649618262,4.801585930,4.087813000,0.019362301
1609060420.225896120,-9.626911901,4.789403723,4.094263752,-9.628757826,4.773464033,4.091219596,0.016332423
1609060420.278553009,-9.601613331,4.754977827,4.098190245,-9.609113624,4.746672054,4.092985843,0.012342045
1609060420.329905987,-9.575875292,4.720624518,4.100388005,-9.588210415,4.719030231,4.096467656,0.013040941
1609060420.379353046,-9.553170074,4.689312697,4.099866910,-9.547532729,4.665121219,4.101721019,0.024908733
1609060420.425460100,-9.530664137,4.659374092,4.101223625,-9.525507892,4.637493367,4.102810315,0.022535984
1609060420.478222132,-9.509716161,4.624974043,4.107524658,-9.507143247,4.610391307,4.104886396,0.015041160
1609060420.527751207,-9.486014380,4.591986102,4.109658695,-9.485237705,4.583495396,4.107031649,0.008921697
1609060420.579862118,-9.464445946,4.559327936,4.114336260,-9.464758035,4.555146001,4.109011933,0.006777495
1609060420.629007101,-9.441030333,4.527111414,4.116956643,-9.423079666,4.501279520,4.112258604,0.031805420
1609060420.681604147,-9.415719102,4.494066330,4.118406604,-9.400918253,4.472320381,4.114261891,0.026629497
1609060420.727938175,-9.393731606,4.464575234,4.120646167,-9.379640627,4.445614952,4.115858110,0.024103391
1609060420.778449059,-9.365458119,4.430631487,4.124891690,-9.357730255,4.418451481,4.116675155,0.016600719
1609060420.827750206,-9.339298822,4.398775055,4.127180789,-9.335015807,4.392347147,4.117349168,0.012502919
1609060420.880737066,-9.310905454,4.366089962,4.128376037,-9.312129174,4.364373845,4.119559721,0.009064766
1609060420.928517103,-9.283185789,4.335931457,4.129996245,-9.265412670,4.313055849,4.120017024,0.030639224
1609060420.978013039,-9.256482000,4.307459764,4.127678398,-9.242721869,4.288846785,4.120990191,0.024093906
1609060421.026174068,-9.228009736,4.277636389,4.128734008,-9.218267301,4.262972315,4.121253125,0.019128871
1609060421.073661089,-9.199845000,4.249052984,4.128122547,-9.193227389,4.238037255,4.121892996,0.014280980
1609060421.120455027,-9.170390351,4.220844756,4.129598687,-9.167288102,4.212744130,4.122801020,0.011020543
1609060421.172883987,-9.141152275,4.191180782,4.131476045,-9.140743431,4.187798402,4.124294625,0.007948613
1609060421.224383116,-9.107373043,4.160766729,4.132868255,-9.087015702,4.138527723,4.125412878,0.031057645
1609060421.280524015,-9.071502449,4.129890894,4.132853131,-9.061320783,4.115286671,4.125777573,0.019157589
1609060421.327854156,-9.040169136,4.103827973,4.133808393,-9.032942533,4.092857448,4.125801413,0.015384666
1609060421.378944159,-9.006380314,4.077140690,4.135005712,-9.004425280,4.071725980,4.124296107,0.012158818
1609060421.427192211,-8.972237884,4.051375027,4.134950633,-8.976530148,4.048318947,4.125702742,0.010643620
1609060421.479579210,-8.937720708,4.025435895,4.134094032,-8.917454569,4.005062024,4.123785249,0.030530018
1609060421.527832985,-8.902412507,4.000014077,4.133259295,-8.886544409,3.983085869,4.122638506,0.025517874
1609060421.580437183,-8.865489750,3.974009807,4.130897762,-8.855689370,3.960513859,4.121865730,0.018967489
1609060421.629995108,-8.827692022,3.949487588,4.129621884,-8.825868652,3.941445887,4.120003438,0.012669180
1609060421.681367159,-8.789938510,3.924977510,4.126138421,-8.759613775,3.899746610,4.116961787,0.040501832
1609060421.727432013,-8.754009196,3.902842671,4.124490184,-8.727202214,3.878345417,4.116152544,0.037259173
1609060421.778424025,-8.716837053,3.880702815,4.121104230,-8.692666247,3.858761638,4.114618082,0.033282326
1609060421.825348139,-8.679605790,3.859163007,4.119423790,-8.658243301,3.839099475,4.113831091,0.029835877
1609060421.880194187,-8.632431222,3.830657446,4.115384065,-8.624228369,3.819559408,4.111530706,0.014328351
1609060421.928580046,-8.591205194,3.808623818,4.111341500,-8.557401909,3.783331071,4.106032833,0.042550759
1609060421.978991032,-8.548091149,3.783758658,4.108247018,-8.521135168,3.764705440,4.102645123,0.033481805
1609060422.027255058,-8.505239995,3.761020618,4.103037380,-8.485499352,3.745497056,4.098196512,0.025575535
1609060422.079162121,-8.463193756,3.739843613,4.099205341,-8.450816201,3.726996795,4.094471779,0.018456739
1609060422.129970074,-8.419465570,3.717085381,4.095270794,-8.417383473,3.710514157,4.090902034,0.008161016
1609060422.180117130,-8.374137394,3.694397503,4.090710475,-8.343606561,3.674727975,4.083033190,0.037120921
1609060422.228345156,-8.331597443,3.673811581,4.086733699,-8.307847104,3.656838406,4.079007655,0.030197004
1609060422.279767036,-8.286513401,3.653272842,4.081942757,-8.269565161,3.639376220,4.073146119,0.023616515
1609060422.327003002,-8.243589085,3.633832995,4.073814946,-8.234578524,3.624697766,4.065875016,0.015089238
1609060422.379480124,-8.199552263,3.614512490,4.061785194,-8.199635565,3.607825904,4.058121351,0.007625033
1609060422.427206993,-8.156918074,3.595695108,4.051917433,-8.131446278,3.578643697,4.040930843,0.032561759
1609060422.478839159,-8.112902348,3.575787477,4.042302174,-8.095982555,3.564976690,4.032300295,0.022431899
1609060422.528550148,-8.068225840,3.556899972,4.031974103,-8.061412881,3.549794767,4.023913252,0.012723115
1609060422.580224037,-8.026121630,3.540474243,4.019681091,-7.992959187,3.521264445,4.007448084,0.040229472
1609060422.627099037,-7.983943196,3.523889123,4.010557297,-7.956900989,3.508230042,4.000294740,0.032890847
1609060422.677823067,-7.940378370,3.509501477,3.998562867,-7.919649740,3.494399264,3.991825797,0.026516807
1609060422.727541208,-7.895190621,3.493628309,3.988245366,-7.884344331,3.480621711,3.984533883,0.017337494
1609060422.783367157,-7.846412917,3.475383305,3.976326650,-7.811333006,3.457155656,3.968063269,0.040387260
1609060422.828356028,-7.805930170,3.461884820,3.967000079,-7.774814967,3.445246672,3.960939810,0.035800987
1609060422.880164146,-7.761405836,3.447871283,3.960523915,-7.737536877,3.432778691,3.953626081,0.029070494
1609060422.928488016,-7.716992921,3.434593808,3.952206692,-7.700714304,3.420937914,3.946482693,0.022005476
1609060422.979838133,-7.665797446,3.420152646,3.944115974,-7.662134075,3.411000073,3.940039966,0.010667882
1609060423.029355049,-7.617892552,3.407427554,3.937728248,-7.586169188,3.390101598,3.928933801,0.037200845
1609060423.080885172,-7.567925648,3.394428813,3.931294729,-7.547053297,3.379339178,3.924847595,0.026550285
1609060423.127178192,-7.522927292,3.383421127,3.927364815,-7.508207367,3.372020205,3.921038263,0.019664244
1609060423.179766178,-7.476579321,3.375147691,3.925455833,-7.468275476,3.363357301,3.918121428,0.016179019
1609060423.227312088,-7.432313216,3.365914698,3.922983280,-7.430754990,3.354830131,3.914863793,0.013828296
1609060423.280233145,-7.380598312,3.355944715,3.919449088,-7.352145789,3.340155191,3.910928203,0.033637191
1609060423.327131987,-7.335499115,3.347996960,3.916698990,-7.311944176,3.334699814,3.909120614,0.028090586
1609060423.378704071,-7.288753876,3.340050303,3.914704848,-7.272887339,3.327656649,3.907837432,0.021272308
1609060423.425829172,-7.244364377,3.333054303,3.913945355,-7.234739484,3.321842399,3.907743244,0.016025340
1609060423.477626085,-7.198574345,3.325789231,3.914334491,-7.193839861,3.317278206,3.908781073,0.011211304
1609060423.526779175,-7.152290294,3.319636654,3.915415934,-7.152968436,3.313586449,3.910058785,0.008109495
1609060423.580407143,-7.103975209,3.314473271,3.918197379,-7.075091256,3.304044035,3.912411320,0.031249483
1609060423.627583027,-7.059843708,3.309526710,3.920001280,-7.034768832,3.301712073,3.914294129,0.026877305
1609060423.678277016,-7.016125340,3.307398105,3.921515328,-6.994710498,3.298920469,3.916002158,0.023682501
1609060423.726454020,-6.970840254,3.303667308,3.923247784,-6.956289160,3.294833814,3.917279907,0.018038307
1609060423.779623032,-6.924886169,3.300405633,3.923811782,-6.917716423,3.291627380,3.919107196,0.012271761
1609060423.827763081,-6.880297863,3.297557518,3.926031096,-6.877441849,3.290786896,3.921004134,0.008903285
1609060423.881376028,-6.833425577,3.294640530,3.928487105,-6.801873571,3.288109442,3.924951074,0.032414313
1609060423.927520037,-6.791380694,3.292972827,3.930761027,-6.763580798,3.287310221,3.926501822,0.028688676
1609060423.978104115,-6.746097695,3.293572135,3.934468213,-6.723181360,3.288271633,3.928830491,0.024187552
1609060424.026549101,-6.701139102,3.293547791,3.936875550,-6.683980374,3.288756854,3.931149410,0.018712661
1609060424.079257011,-6.648393241,3.293109328,3.939084733,-6.646065927,3.288744786,3.933249837,0.007649290
1609060424.131283998,-6.598100436,3.293322551,3.941735641,-6.568201628,3.290737008,3.936886019,0.030399714
1609060424.180812120,-6.551749116,3.295554464,3.942479451,-6.528906670,3.292815045,3.937947227,0.023448301
1609060424.269929171,-6.469647975,3.301674289,3.943966830,-6.452838688,3.295056224,3.939345850,0.018646832
1609060424.338038206,-6.407114191,3.307955565,3.945259530,-6.374934007,3.302718582,3.940721846,0.032917789
1609060424.385066986,-6.361515853,3.311968489,3.946010314,-6.338024407,3.305232587,3.941047544,0.024936910
1609060424.427415133,-6.320732813,3.315720719,3.946261254,-6.300469129,3.308389510,3.940455516,0.022317485
1609060424.479503155,-6.273176308,3.320074121,3.944917227,-6.261744527,3.313099493,3.940104323,0.014230077
1609060424.528802156,-6.226662069,3.324849743,3.943181801,-6.223631666,3.317596021,3.938903085,0.008950265
1609060424.580688000,-6.179843976,3.330607075,3.939947892,-6.150094424,3.325881142,3.933482468,0.030808635
1609060424.627767086,-6.134877678,3.336597654,3.936873491,-6.114649061,3.329911072,3.931374987,0.022003201
1609060424.678000212,-6.088792038,3.343510635,3.933261490,-6.076110108,3.335551060,3.929212500,0.015510658
1609060424.727902174,-6.041065078,3.350556998,3.929874849,-6.037450033,3.342189484,3.926088324,0.009870239
1609060424.779567003,-5.995859909,3.358363791,3.924567840,-6.001319758,3.347073787,3.922723676,0.012675768
1609060424.828402996,-5.949399267,3.365799520,3.920728198,-5.918938725,3.361877297,3.916453305,0.031008115
1609060424.880347013,-5.904934565,3.373742794,3.917967686,-5.878278648,3.369604700,3.913179703,0.027396834
1609060424.927685022,-5.860416180,3.381914630,3.914500730,-5.837248711,3.377071593,3.908710082,0.024366334
1609060424.979326010,-5.815599363,3.390450123,3.910180057,-5.796749949,3.385488276,3.905045856,0.020156397
1609060425.028661013,-5.769097739,3.399817676,3.906156046,-5.757514604,3.395080401,3.901863839,0.013230035
1609060425.080376148,-5.722592554,3.411472998,3.899917664,-5.681571742,3.411533733,3.893744774,0.041482711
1609060425.127739191,-5.678129107,3.421280384,3.895876298,-5.645526857,3.419956479,3.890854404,0.033013314
1609060425.178142071,-5.625698993,3.433988448,3.890818827,-5.604057965,3.431313078,3.888123306,0.021971744
1609060425.225172997,-5.579418152,3.445475987,3.887030566,-5.563514774,3.441958247,3.884910642,0.016425164
1609060425.281213045,-5.524784802,3.461255043,3.881732089,-5.525452698,3.451467871,3.880858070,0.009848794
1609060425.331796169,-5.473384075,3.475076122,3.877621844,-5.446649786,3.474383647,3.874199217,0.026961383
1609060425.382135153,-5.430112206,3.489867655,3.874838569,-5.408059635,3.485921764,3.871139149,0.022706203
1609060425.428689003,-5.386442056,3.503513903,3.871968387,-5.371907901,3.495785948,3.867429328,0.017075304
1609060425.480192184,-5.335376969,3.519016862,3.867792374,-5.335149302,3.507052513,3.863817953,0.012609263
1609060425.529694080,-5.288181556,3.533726998,3.862892835,-5.296028308,3.520393101,3.860909329,0.015598032
1609060425.580114126,-5.242718244,3.548412498,3.857053030,-5.215648729,3.546728791,3.853901608,0.027304302
1609060425.627465010,-5.197250027,3.563019696,3.852884694,-5.178144529,3.558478583,3.850206466,0.019819552
1609060425.680615187,-5.149907541,3.580051516,3.848496882,-5.137163873,3.573099052,3.847126669,0.014581334
1609060425.728845119,-5.104473434,3.595772803,3.844457233,-5.097259633,3.587459927,3.843937276,0.011018765
1609060425.781431198,-5.055975680,3.614268899,3.840529724,-5.057439027,3.601431424,3.840731224,0.012922181
1609060425.828500986,-5.010937939,3.629947689,3.836928413,-4.981933044,3.629006498,3.834029473,0.029164595
1609060425.879981995,-4.968940422,3.646790142,3.833960073,-4.940998023,3.645894755,3.831087239,0.028103961
1609060425.928338051,-4.924244787,3.663398393,3.831191517,-4.906540890,3.658018723,3.829510072,0.018579452
1609060425.981427193,-4.878826790,3.681532680,3.828688994,-4.870151350,3.672332211,3.826638238,0.012810834
1609060426.028719187,-4.835287635,3.698151293,3.826626478,-4.793779362,3.703827746,3.823196675,0.042034776
1609060426.080445051,-4.790508433,3.718104070,3.824750007,-4.755610989,3.719496177,3.821345775,0.035090716
1609060426.133275986,-4.742518475,3.737528445,3.822125939,-4.719273033,3.734408951,3.818878959,0.023677514
1609060426.178623199,-4.706277327,3.755520923,3.821122444,-4.679700566,3.751846491,3.816171522,0.027282546
1609060426.229953051,-4.660186706,3.774987483,3.817960964,-4.641700174,3.769083637,3.813399810,0.019935179
1609060426.279983997,-4.609871974,3.796586801,3.812410699,-4.605991107,3.784397866,3.810225605,0.012977129
1609060426.327455997,-4.565557515,3.815970785,3.807868538,-4.533414375,3.818262215,3.802065962,0.032742968
1609060426.379871130,-4.518780981,3.838656805,3.800665316,-4.496356728,3.836164342,3.797096391,0.022842870
1609060426.428410053,-4.473313765,3.859311049,3.794828213,-4.459240602,3.854360332,3.791915040,0.015200331
1609060426.480945110,-4.432399229,3.881251799,3.787498892,-4.423615569,3.871800737,3.786732880,0.012925248
1609060426.528591156,-4.390511793,3.904495454,3.782528585,-4.351461768,3.909172614,3.775787012,0.039902745
1609060426.580346107,-4.343922397,3.928383983,3.775400465,-4.318555476,3.926886567,3.771044846,0.025781667
1609060426.628355980,-4.301864485,3.951184747,3.768672548,-4.282507140,3.946799360,3.764956765,0.020192708
1609060426.678764105,-4.260388314,3.974903645,3.761365151,-4.248636470,3.966137874,3.759529364,0.014775476
1609060426.727844000,-4.218372012,3.998557771,3.753983346,-4.213373906,3.986466279,3.752932244,0.013125931
1609060426.780528069,-4.175225855,4.023877183,3.746144612,-4.142777762,4.028156581,3.740283852,0.033249669
1609060426.828762054,-4.135069352,4.047637973,3.738610874,-4.109181208,4.048587933,3.734068524,0.026300787
1609060426.880460024,-4.095091798,4.073010720,3.730371855,-4.076039639,4.069436616,3.727884345,0.019543456
1609060426.927973032,-4.054861323,4.097010474,3.722463043,-4.042596823,4.090325004,3.721088679,0.014035753
1609060426.980300188,-4.015670210,4.124897237,3.712254987,-4.007285347,4.113385290,3.713306941,0.014280667
1609060427.028684139,-3.975902248,4.150011866,3.702609829,-3.973768442,4.135595565,3.704834095,0.014742124
1609060427.080138206,-3.937347322,4.175980341,3.692526005,-3.939050190,4.159461051,3.696535845,0.017084071
1609060427.128703117,-3.898143642,4.201522140,3.682606056,-3.874178975,4.204919914,3.679562558,0.024394938
1609060427.179259062,-3.862860458,4.228666647,3.673559100,-3.841412849,4.228310978,3.670734501,0.021635729
1609060427.228806019,-3.824067371,4.255520765,3.663481688,-3.806681713,4.253674399,3.661267214,0.017623112
1609060427.281520128,-3.786723086,4.284296074,3.652886515,-3.773228565,4.278787364,3.651642210,0.014628611
1609060427.329280138,-3.750653986,4.310448220,3.642128546,-3.741387820,4.303064130,3.642244275,0.011849051
1609060427.381112099,-3.708761168,4.343193331,3.627370020,-3.676372987,4.353420920,3.621281260,0.034506098
1609060427.429231167,-3.671452241,4.371021924,3.614922068,-3.645435949,4.378519544,3.610806402,0.027386136
1609060427.478861094,-3.633649873,4.402731593,3.603565712,-3.613568829,4.403924871,3.599641549,0.020495641
1609060427.529126167,-3.593667271,4.433969108,3.589990819,-3.583666536,4.429017969,3.588660684,0.011238227
1609060427.579799175,-3.560555743,4.463722637,3.575364786,-3.554393800,4.453456267,3.577891610,0.012237350
1609060427.630326033,-3.525078006,4.495970767,3.562474429,-3.522219408,4.480798751,3.565996134,0.015835531
1609060427.681500196,-3.486734674,4.528778810,3.548430660,-3.461573323,4.535210669,3.543451275,0.026443461
1609060427.727840185,-3.452735880,4.558792140,3.535897499,-3.432981055,4.562179184,3.532648542,0.020304701
1609060427.779484987,-3.418667178,4.590647736,3.522445117,-3.402758875,4.590949639,3.521143640,0.015964307
1609060427.829073191,-3.383722384,4.623468779,3.510057082,-3.372430666,4.620009807,3.509674776,0.011815817
1609060427.880336046,-3.349550805,4.658141109,3.498966841,-3.340812170,4.651095143,3.497702933,0.011296320
1609060427.928755045,-3.316796705,4.690451195,3.487235364,-3.311325873,4.680163125,3.487277463,0.011652303
1609060427.980607986,-3.284751874,4.724924697,3.474520573,-3.283162307,4.708133743,3.477420948,0.017113593
1609060428.028478146,-3.251878282,4.757744778,3.463464572,-3.229518517,4.765156736,3.458256532,0.024125088
1609060428.077799082,-3.223596908,4.790362999,3.453975808,-3.201209659,4.795862870,3.449541011,0.023475623
1609060428.129625082,-3.188895243,4.826289059,3.443439139,-3.173519890,4.826224371,3.440817140,0.015597453
1609060428.179145098,-3.162480220,4.860958546,3.434219134,-3.146604421,4.856255412,3.432057156,0.016698342
1609060428.230478048,-3.130064773,4.896877708,3.424964623,-3.121116760,4.884801853,3.424589479,0.015034425
1609060428.281023979,-3.099667819,4.930037655,3.413390265,-3.067059799,4.949180115,3.410569000,0.037916702
1609060428.327894211,-3.070323292,4.963345960,3.405455786,-3.043926117,4.977571585,3.404066100,0.030018503
1609060428.378302097,-3.042187736,5.000014518,3.402398251,-3.017423229,5.009192804,3.396968959,0.026962918
1609060428.427620173,-3.012812114,5.035544842,3.396129536,-2.991314957,5.041487576,3.391310745,0.022818076
1609060428.481490135,-2.978095304,5.078639135,3.386918542,-2.966775931,5.072721694,3.386325884,0.012786538
1609060428.530129194,-2.947361461,5.116055140,3.381100343,-2.941731102,5.103867079,3.381646561,0.013436820
1609060428.580730200,-2.919998027,5.155959005,3.375419429,-2.893059914,5.167615041,3.372256844,0.029521637
1609060428.626178026,-2.891785234,5.190824276,3.371002043,-2.867779381,5.200651635,3.368711728,0.026040421
1609060428.678228140,-2.866762553,5.230341050,3.367965858,-2.845787019,5.229926656,3.365380687,0.021138303
1609060428.727977991,-2.839157579,5.266475534,3.365046966,-2.822460518,5.260860023,3.361587977,0.017952449
1609060428.780537128,-2.807690499,5.307391258,3.361091097,-2.797032651,5.293871569,3.358065269,0.017479341
1609060428.829004049,-2.779788630,5.345339833,3.357955388,-2.752509523,5.357217213,3.353310171,0.030113117
1609060428.879436016,-2.753629543,5.383148765,3.355092343,-2.727894389,5.390278780,3.350280337,0.027134677
1609060428.929301977,-2.725383120,5.420895923,3.351261725,-2.701880397,5.423839131,3.346072164,0.024248133
1609060428.979768991,-2.698454844,5.458813921,3.346755494,-2.680052827,5.454984482,3.342989753,0.019169759
1609060429.027988195,-2.670920503,5.494900936,3.342423218,-2.655287632,5.488336280,3.340137753,0.017108615
1609060429.080878019,-2.643136182,5.532638152,3.337342279,-2.631125889,5.522000768,3.336655957,0.016058397
1609060429.129002094,-2.614801270,5.570158616,3.333594256,-2.583075754,5.589422649,3.330968327,0.037208962
1609060429.179460049,-2.591817642,5.608873640,3.331783870,-2.561337643,5.621674452,3.329665811,0.033126685
1609060429.226698160,-2.564159811,5.646109166,3.328872915,-2.538303730,5.654773062,3.327589525,0.027299214
1609060429.280256987,-2.537063270,5.686067487,3.325010636,-2.512295158,5.690082923,3.324247582,0.025103094
1609060429.328555107,-2.508042159,5.725436729,3.321220892,-2.490069218,5.724044208,3.321155849,0.018026923
1609060429.381138086,-2.480748665,5.767204082,3.317586531,-2.467142657,5.759518298,3.318321293,0.015643996
1609060429.428529024,-2.452857409,5.806224593,3.314222308,-2.416260387,5.833174006,3.311524891,0.045528990
1609060429.478585005,-2.426812707,5.846817970,3.313542208,-2.396442381,5.867180755,3.308092741,0.036968858
1609060429.529040098,-2.396804832,5.891110762,3.310368417,-2.373248251,5.904935118,3.305047472,0.027826926
1609060429.579662085,-2.367738065,5.939146605,3.305342810,-2.348503968,5.944342058,3.302860154,0.020077519
1609060429.628737211,-2.336754561,5.985650160,3.302407336,-2.323349485,5.981553820,3.300913113,0.014096410
1609060429.681184053,-2.307512056,6.037756688,3.299482177,-2.276360810,6.062257195,3.296454994,0.039747186
1609060429.727297068,-2.277601692,6.085389924,3.297706789,-2.250980680,6.106360834,3.293098734,0.034200753
1609060429.779306173,-2.251062912,6.137961850,3.295751902,-2.225417381,6.151680558,3.293203755,0.029195706
1609060429.828670979,-2.222827085,6.189708905,3.296493360,-2.203120043,6.193798077,3.292701538,0.020480887
1609060429.881679058,-2.189452879,6.248777443,3.295937102,-2.177408609,6.240380764,3.292006984,0.015199161
1609060429.928592205,-2.160954802,6.303011146,3.295565490,-2.127325537,6.336236161,3.292410125,0.047379166
1609060429.979950190,-2.132363476,6.363752153,3.295546614,-2.105030509,6.385439538,3.292499236,0.035024566
1609060430.029108047,-2.103600818,6.424070231,3.296212457,-2.083062064,6.435731741,3.291940402,0.024001701
1609060430.079665184,-2.076532181,6.484792627,3.297615266,-2.057805377,6.487848938,3.293239494,0.019472586
1609060430.139734030,-2.047405444,6.559913013,3.300322902,-2.034164141,6.542315821,3.294693549,0.022730660
1609060430.179250002,-2.026258235,6.610386633,3.302776339,-2.012914254,6.594250093,3.296709422,0.021800395
1609060430.227625132,-1.999591500,6.674241800,3.306429987,-1.972701050,6.702002483,3.301408848,0.038973884
1609060430.279911041,-1.975348448,6.738534171,3.309197325,-1.950135427,6.758600664,3.306488586,0.032337252
1609060430.329241037,-1.949671531,6.803038718,3.315114779,-1.930486887,6.812199111,3.310789293,0.021695003
1609060430.379837036,-1.928901474,6.867766260,3.322853976,-1.909611605,6.869654075,3.318140047,0.019947031
1609060430.429674149,-1.904587222,6.934278021,3.331902919,-1.889075998,6.927422111,3.326049396,0.017940605
1609060430.481505156,-1.887501152,7.000701627,3.340671785,-1.853295841,7.042119358,3.342670439,0.053753384
1609060430.528452158,-1.868561788,7.063585382,3.350379412,-1.839912186,7.098584825,3.351415952,0.045241962
1609060430.580064058,-1.852714608,7.130870722,3.362361853,-1.825742607,7.152640579,3.360490465,0.034711923
1609060430.628176212,-1.834766916,7.194671657,3.371680693,-1.808340557,7.212218535,3.370803887,0.031733486
1609060430.679733992,-1.819122844,7.266124937,3.387716726,-1.793912366,7.269122180,3.380507900,0.026391643
1609060430.730561018,-1.801972868,7.333475407,3.399589036,-1.771377784,7.379790624,3.397456739,0.055549124
1609060430.780865192,-1.792450850,7.400200173,3.409829849,-1.762837840,7.433901057,3.405519113,0.045069529
1609060430.828189135,-1.781318046,7.462415396,3.419330746,-1.754156940,7.486656400,3.413774409,0.036826958
1609060430.877870083,-1.775698412,7.526703178,3.425343230,-1.748722329,7.536023201,3.420488476,0.028950657
1609060430.929910183,-1.767728278,7.590903077,3.434827149,-1.741104849,7.588775249,3.429290840,0.027276095
1609060430.981590033,-1.759043741,7.654945752,3.443176093,-1.734926171,7.640820008,3.436329834,0.028776120
1609060431.028035164,-1.753922641,7.712348088,3.450104020,-1.727508837,7.737673055,3.449460428,0.036598596
1609060431.080696106,-1.752643261,7.774218399,3.457521638,-1.726140905,7.782302422,3.455171048,0.027807401
1609060431.127861023,-1.750803169,7.828833825,3.464912364,-1.725465701,7.830697782,3.461653582,0.025614084
1609060431.179397106,-1.755911321,7.884802884,3.474019654,-1.727140523,7.878096574,3.468189447,0.030111870
1609060431.228162050,-1.759438596,7.940076047,3.482045963,-1.738289323,7.969021094,3.480507929,0.035881375
1609060431.281984091,-1.767166028,7.997699555,3.490430927,-1.746383231,8.015592433,3.487395292,0.027591571
1609060431.327632189,-1.775778025,8.048303166,3.496959782,-1.755829417,8.061872011,3.494010559,0.024305523
1609060431.380648136,-1.794423480,8.101446510,3.504217857,-1.770009619,8.106516361,3.499683090,0.025343719
1609060431.441133022,-1.814958607,8.164652927,3.513223143,-1.804857646,8.197958517,3.509662295,0.034985302
1609060431.487370014,-1.833817413,8.212659410,3.519734743,-1.823377365,8.241791763,3.514417202,0.031400078
1609060431.531643152,-1.850579429,8.258970523,3.523688185,-1.839726685,8.283065340,3.518764515,0.026880937
1609060431.578772068,-1.873063483,8.301895367,3.527067153,-1.857584986,8.324147769,3.524280884,0.027249157
1609060431.629288197,-1.892715152,8.351166321,3.532178590,-1.876095593,8.363631582,3.527536680,0.021287081
1609060431.681290150,-1.918510273,8.397153575,3.536942727,-1.896385915,8.403949947,3.530908015,0.023918521
1609060431.728561163,-1.937913562,8.440872796,3.541744302,-1.916080117,8.442082087,3.534670945,0.022982474
1609060431.780210018,-1.966026326,8.491903025,3.545714073,-1.960025753,8.517901978,3.541893317,0.026954603
1609060431.826713085,-1.988499113,8.534650860,3.550618413,-1.983650453,8.555176186,3.543935595,0.022123711
1609060431.878309011,-2.018851748,8.581264201,3.552771060,-2.006900748,8.591179528,3.546560082,0.016724723
1609060431.923537016,-2.041485090,8.624346958,3.556934347,-2.031945013,8.630382748,3.548196269,0.014275777
1609060431.972276211,-2.073489767,8.667871234,3.558033195,-2.056258949,8.667563159,3.550776258,0.018699175
1609060432.020538092,-2.098412885,8.711925390,3.561530753,-2.104189298,8.742733687,3.556772318,0.031704271
1609060432.079569101,-2.130783287,8.765785282,3.566155600,-2.125121253,8.776491860,3.560303098,0.013451440
1609060432.129607201,-2.155351928,8.810110094,3.568945676,-2.145570419,8.810323107,3.562323027,0.011814515
1609060432.185536146,-2.181527082,8.856848094,3.571495818,-2.182364945,8.878514047,3.567694859,0.022012788
1609060432.231467009,-2.202286668,8.895245261,3.574229252,-2.200919052,8.914056295,3.570795531,0.019170702
1609060432.277867079,-2.221777696,8.932786830,3.576844145,-2.217940760,8.948309326,3.573943624,0.016250630
1609060432.328068018,-2.238906731,8.973445151,3.579437398,-2.232758472,8.981059191,3.576498609,0.010218180
1609060432.376345158,-2.256885476,9.009908387,3.582267039,-2.247424503,9.015709771,3.579065247,0.011550651
1609060432.422329187,-2.269099083,9.048148166,3.584792371,-2.260140659,9.048605003,3.581732818,0.009477495
1609060432.479573011,-2.290359577,9.091256952,3.587869820,-2.284338977,9.117396105,3.585128501,0.026963268
1609060432.527909040,-2.300934466,9.131458420,3.589785426,-2.296349556,9.152608269,3.586794295,0.021846839
1609060432.578797102,-2.315163156,9.170491727,3.589972375,-2.305300063,9.186390821,3.587717179,0.018845363
1609060432.628079176,-2.323728959,9.212629733,3.591050145,-2.316126348,9.222034610,3.589404521,0.012204896
1609060432.681718111,-2.337681959,9.255684036,3.591907197,-2.322997783,9.258927202,3.590991511,0.015065910
1609060432.729138136,-2.344230928,9.297292141,3.592472465,-2.338843948,9.331186350,3.592674393,0.034320223
1609060432.780515194,-2.356671265,9.338982029,3.596447137,-2.346722152,9.368149993,3.592780707,0.031035426
1609060432.828166008,-2.362357148,9.381005548,3.596620568,-2.352884701,9.406997070,3.593405964,0.027849958
1609060432.878829002,-2.368846975,9.433135633,3.598803010,-2.358877969,9.447848921,3.593662551,0.018500980
1609060432.928115129,-2.372572219,9.480939734,3.597850302,-2.365756914,9.486116839,3.592868326,0.009903074
1609060432.980693102,-2.383241693,9.529149628,3.593267639,-2.369966569,9.525622940,3.591659502,0.013829409
1609060433.027698994,-2.386094252,9.575434832,3.590738304,-2.379583482,9.602326587,3.588813964,0.027735532
1609060433.081295013,-2.399483231,9.619761802,3.588049468,-2.386156891,9.640816891,3.586242923,0.024983428
1609060433.129487038,-2.405485468,9.666996710,3.585989078,-2.387085785,9.681502322,3.585585539,0.023433394
1609060433.178853035,-2.413222457,9.715116920,3.585074025,-2.392462032,9.721955622,3.584283224,0.021872092
1609060433.229087114,-2.417971658,9.764373756,3.585093483,-2.395106194,9.760305935,3.584576632,0.023230234
1609060433.281847000,-2.423447417,9.814781181,3.586753935,-2.402104084,9.845412035,3.585539284,0.037353212
1609060433.328270197,-2.427568246,9.861644595,3.587551673,-2.407319697,9.886656894,3.585961090,0.032220317
1609060433.378964186,-2.434394067,9.911165499,3.588372453,-2.408960127,9.926220773,3.587844480,0.029560536
1609060433.429242134,-2.439038158,9.963418252,3.591461232,-2.414582023,9.973421194,3.589814803,0.026473990
1609060433.479380131,-2.446323582,10.013600569,3.595682360,-2.419090767,10.021055688,3.592298097,0.028436917
1609060433.528609991,-2.450328462,10.064494506,3.598403815,-2.424545378,10.065100623,3.595008175,0.026012788
1609060433.579957008,-2.456734396,10.114281809,3.599692214,-2.430389834,10.108406995,3.597980980,0.027045844
1609060433.628313065,-2.460280520,10.164612356,3.601895904,-2.441206891,10.194968843,3.601509160,0.035853441
1609060433.678635120,-2.471168139,10.210960753,3.604027498,-2.446419459,10.235574745,3.603085257,0.034917525
1609060433.728372097,-2.477285181,10.262901095,3.605687163,-2.455473338,10.278976555,3.604086903,0.027142913
1609060433.782214165,-2.492442275,10.316100283,3.610827240,-2.464091984,10.321197834,3.605496263,0.029294084
1609060433.829161167,-2.501368521,10.363932910,3.612850052,-2.483929056,10.405934056,3.609257036,0.045619524
1609060433.880794048,-2.515911708,10.413238626,3.613588496,-2.495364391,10.445397601,3.609759941,0.038354266
1609060433.926801205,-2.526507092,10.460104649,3.615439116,-2.508385615,10.488781138,3.611329682,0.034170402
1609060433.981521130,-2.549053318,10.519106872,3.620397584,-2.521115839,10.531269012,3.613658652,0.031206307
1609060434.028669119,-2.563587550,10.567906138,3.623511318,-2.537095821,10.573911379,3.616147443,0.028144294
1609060434.082746029,-2.586395585,10.621686798,3.625116246,-2.571780904,10.657746143,3.622401515,0.039003012
1609060434.128036022,-2.604286112,10.668466977,3.629065436,-2.590254046,10.696102450,3.625222559,0.031231170
1609060434.179499149,-2.635021818,10.711619963,3.633371824,-2.610009531,10.733339947,3.628271066,0.033517010
1609060434.227372169,-2.659971486,10.759486263,3.638019705,-2.635943838,10.777353640,3.632823940,0.030390245
1609060434.278692007,-2.690773078,10.807649191,3.643204311,-2.665111405,10.823013024,3.636648408,0.030619417
1609060434.329144001,-2.721549974,10.855357593,3.648666854,-2.691334448,10.859961229,3.641359405,0.031425631
1609060434.378516197,-2.754658519,10.899485869,3.653681455,-2.721814850,10.900113319,3.646984978,0.033525261
1609060434.427966118,-2.788976056,10.943068064,3.659294769,-2.751235824,10.936183979,3.652285167,0.038998080
1609060434.478496075,-2.828459783,10.982759792,3.663537296,-2.814675341,11.005591281,3.661798959,0.026726570
1609060434.527953148,-2.866264887,11.023997138,3.671398634,-2.849699724,11.040642045,3.669474075,0.023561864
1609060434.579734087,-2.911044322,11.063574559,3.682179865,-2.883244760,11.072718011,3.675549531,0.030006327
1609060434.638806105,-2.960180939,11.109132423,3.690692927,-2.963387915,11.140408160,3.689065416,0.031481824
1609060434.685126066,-3.001574018,11.142571855,3.695734208,-3.003520023,11.171163785,3.696247387,0.028662672
1609060434.728393078,-3.040019113,11.174659825,3.702365014,-3.044664126,11.201326067,3.702720120,0.027070108
1609060434.779199123,-3.091349226,11.205539577,3.709498737,-3.087575642,11.229441302,3.709322441,0.024198419
1609060434.828484058,-3.138281684,11.238696459,3.716884787,-3.131126275,11.257756336,3.715530693,0.020403734
1609060434.881369114,-3.192314947,11.272657202,3.721532167,-3.175240035,11.284785069,3.722126813,0.020952122
1609060434.930052042,-3.240520311,11.302255721,3.728382016,-3.265545043,11.333078172,3.734385605,0.040153503
1609060434.979966164,-3.298143429,11.327747493,3.739919468,-3.310831016,11.355477566,3.740830939,0.030508402
1609060435.028119087,-3.348254845,11.354331022,3.746600347,-3.357219046,11.379357142,3.747554046,0.026600247
1609060435.079649210,-3.412245759,11.385262665,3.754798990,-3.402711440,11.401639223,3.753115789,0.019024406
1609060435.130227089,-3.468022497,11.412476864,3.762988798,-3.448592062,11.420081151,3.759052058,0.021233579
1609060435.181203127,-3.530052650,11.434630361,3.770696304,-3.545259162,11.461106055,3.772889576,0.030610632
1609060435.226970196,-3.580812431,11.457712627,3.778831014,-3.587111533,11.480048367,3.777703617,0.023234349
1609060435.280694008,-3.644075180,11.478323718,3.785754354,-3.636081210,11.496766042,3.784482464,0.020140521
1609060435.329034090,-3.700926181,11.499731938,3.794196981,-3.691595496,11.516593588,3.791403727,0.019472525
1609060435.379420996,-3.758512728,11.521729283,3.801582259,-3.742570738,11.536627396,3.798476415,0.022039670
1609060435.429876089,-3.814176067,11.542219370,3.808393592,-3.785710480,11.552834329,3.804138087,0.030676967
1609060435.481629133,-3.869799493,11.562190589,3.813788727,-3.878652602,11.585219522,3.813468131,0.024674118
1609060435.527260065,-3.918462732,11.580660874,3.817320155,-3.922608107,11.603000292,3.817607019,0.022722589
1609060435.578764200,-3.975211188,11.599160803,3.819387903,-3.964550346,11.620025071,3.821485113,0.023523808
1609060435.627921104,-4.025015464,11.618995954,3.823592441,-4.013370000,11.637706694,3.824559463,0.022060004
1609060435.678073168,-4.075892437,11.637542128,3.830274379,-4.061516154,11.655398190,3.828031163,0.023033638
1609060435.729574203,-4.127710014,11.658600621,3.834421452,-4.104392789,11.673149857,3.831984671,0.027591867
1609060435.779999018,-4.181037349,11.677387420,3.837678232,-4.147466098,11.690273943,3.834847264,0.036070843
1609060435.828428030,-4.228186103,11.697667053,3.841369234,-4.231249939,11.722987572,3.838944787,0.025620182
1609060435.881323099,-4.278104422,11.716842468,3.840550720,-4.268742816,11.739908951,3.842125584,0.024943586
1609060435.928601027,-4.321053122,11.736877533,3.843267939,-4.307876342,11.757853706,3.845518447,0.024873524
1609060435.979134083,-4.368216870,11.754498257,3.846933696,-4.348500304,11.775384390,3.848180983,0.028749421
1609060436.028963089,-4.412549841,11.776941238,3.849860557,-4.427813509,11.810442321,3.854617357,0.037120470
1609060436.079155207,-4.459647641,11.796173011,3.853214462,-4.467105504,11.830335803,3.857856829,0.035274178
1609060436.128490210,-4.504398432,11.819147564,3.856397851,-4.507230569,11.849616526,3.860426402,0.030864346
1609060436.178976059,-4.556204770,11.847591270,3.862092529,-4.548870258,11.868069521,3.862165901,0.021752223
1609060436.229210138,-4.603367606,11.873293026,3.866435446,-4.585625893,11.886268815,3.865792409,0.021989838
1609060436.281616211,-4.655686339,11.898822267,3.874528038,-4.670620887,11.925907002,3.875002960,0.030932978
1609060436.328548193,-4.701414365,11.923896696,3.881050191,-4.709804617,11.942609044,3.879347190,0.020577865
1609060436.378961086,-4.751616709,11.941663865,3.887431725,-4.749395044,11.960102096,3.884672679,0.018775422
1609060436.429300070,-4.804859180,11.963184325,3.892643831,-4.788878938,11.978312866,3.890937556,0.022071526
1609060436.481732130,-4.858740395,11.989570875,3.900054922,-4.871818607,12.015349567,3.899154751,0.028920424
1609060436.530310154,-4.909577232,12.012541322,3.906061360,-4.914952342,12.031625530,3.904155118,0.019918146
1609060436.580796003,-4.962985802,12.035109494,3.911459927,-4.957226884,12.049930327,3.909422534,0.016030383
1609060436.628488064,-5.014748493,12.056720047,3.916682531,-5.001849622,12.068743122,3.913587143,0.017902979
1609060436.680999994,-5.073135605,12.077213109,3.920885660,-5.049633572,12.086142415,3.917813433,0.025328179
1609060436.731419086,-5.128572735,12.098406749,3.925140062,-5.140343577,12.120907630,3.926426069,0.025426289
1609060436.778729200,-5.181088537,12.117665343,3.928829885,-5.186170236,12.138951295,3.930414137,0.021941406
1609060436.828267097,-5.235464578,12.138765204,3.933386896,-5.235708529,12.154813281,3.934649348,0.016099505
1609060436.880110025,-5.296053302,12.155071638,3.939899394,-5.285745630,12.171349307,3.937899435,0.019370350
1609060436.929759979,-5.351790531,12.174364608,3.944368303,-5.333234951,12.186954024,3.941491847,0.022607011
1609060436.981503010,-5.410332509,12.190197930,3.947068675,-5.428496048,12.218924999,3.947736060,0.033994176
1609060437.028449059,-5.462631430,12.207290643,3.950997214,-5.475191943,12.231561635,3.951100900,0.027328709
1609060437.082385063,-5.521974964,12.224485151,3.957690386,-5.523356526,12.245740112,3.953833898,0.021646121
1609060437.128386021,-5.572781446,12.240383287,3.961814471,-5.570492162,12.260004033,3.957238194,0.020277002
1609060437.181104183,-5.633157326,12.253270196,3.962471213,-5.619813046,12.273187325,3.960395929,0.024063845
1609060437.229670048,-5.686823064,12.268245240,3.965877219,-5.716446949,12.296011042,3.965109117,0.040609166
1609060437.279520988,-5.749056981,12.284363253,3.968042423,-5.760260989,12.308128894,3.967670351,0.026276871
1609060437.328559160,-5.804604201,12.299339744,3.970815530,-5.809289441,12.319254673,3.968880810,0.020549915
1609060437.379776001,-5.864973101,12.311685702,3.973057778,-5.858147002,12.328179575,3.970229480,0.018073261
1609060437.437894106,-5.932261380,12.328435936,3.974737491,-5.953724271,12.348903358,3.973163267,0.029699314
1609060437.484019995,-5.981779040,12.335807165,3.976070595,-6.002846764,12.357961887,3.973883037,0.030650711
1609060437.532320023,-6.039293400,12.346080722,3.979286265,-6.051729922,12.365802248,3.973525681,0.024016452
1609060437.579575062,-6.094057500,12.357159868,3.980639041,-6.100843897,12.373422206,3.974162831,0.018773922
1609060437.628848076,-6.150711931,12.366954093,3.981601898,-6.149261124,12.382359361,3.975374327,0.016679622
1609060437.681441069,-6.209953741,12.374904504,3.982024613,-6.197300445,12.389491899,3.976439024,0.020102159
1609060437.729734182,-6.264913515,12.382415616,3.983042968,-6.245033827,12.394081253,3.976363253,0.023998076
1609060437.780804157,-6.322270886,12.388233271,3.983999823,-6.338829442,12.405688985,3.978534885,0.024672926
1609060437.827929020,-6.375932015,12.394717761,3.985299148,-6.387489804,12.410882135,3.979048926,0.020831101
1609060437.880667210,-6.435360215,12.399211752,3.986035058,-6.433938820,12.413628975,3.980318106,0.015574345
1609060437.929320097,-6.489263641,12.405433032,3.987499391,-6.480615700,12.418327874,3.980236853,0.017140837
1609060437.980836153,-6.545319887,12.407692614,3.990519616,-6.571256249,12.427007231,3.982718795,0.033265630
1609060438.029119015,-6.598781933,12.412211483,3.991910119,-6.617515351,12.428296124,3.982984920,0.026254825
1609060438.079920053,-6.653454974,12.413172413,3.992820207,-6.664364715,12.430640562,3.983231439,0.022717904
1609060438.129821062,-6.707804430,12.416787748,3.993597139,-6.709647075,12.432922960,3.982992289,0.019395960
1609060438.180252075,-6.762299046,12.417964810,3.992044826,-6.757967465,12.435035331,3.982985449,0.019804989
1609060438.228499174,-6.813804481,12.420534832,3.991685710,-6.853154772,12.434965034,3.982423613,0.042923916
1609060438.280722141,-6.870818166,12.418595185,3.989116222,-6.898395451,12.436802841,3.981574724,0.033895421
1609060438.328006983,-6.920945817,12.419972063,3.988033523,-6.942258535,12.437451731,3.980902735,0.028471369
1609060438.379569054,-6.984481998,12.421771776,3.987103273,-6.991522316,12.436298372,3.979768272,0.017731055
1609060438.429699183,-7.039653999,12.423075884,3.986629605,-7.037603020,12.434505609,3.979229405,0.013769825
1609060438.481365204,-7.097005962,12.421320509,3.983596647,-7.083557280,12.434812533,3.977817164,0.019907390
1609060438.528198004,-7.148651166,12.421864290,3.982794568,-7.172689865,12.433250204,3.976410649,0.027354204
1609060438.580866098,-7.200991061,12.414934183,3.980823239,-7.216762421,12.430710938,3.975753974,0.022876609
1609060438.628835201,-7.254995729,12.412157874,3.979997925,-7.263250399,12.428829294,3.974831397,0.019307222
1609060438.681217194,-7.313010018,12.410284794,3.978581238,-7.305885055,12.427593837,3.973647050,0.019357538
1609060438.729390144,-7.366428122,12.407558810,3.976809692,-7.399709107,12.419950223,3.972444449,0.035780252
1609060438.779657125,-7.421591669,12.403475312,3.974277553,-7.441733736,12.417645736,3.971652180,0.024766840
1609060438.827876091,-7.474869984,12.399801018,3.972144291,-7.485562855,12.415052914,3.970282020,0.018719665
1609060438.878496170,-7.529167666,12.393927356,3.969158015,-7.531473234,12.411586558,3.969007779,0.017809705
1609060438.928888083,-7.583286253,12.389200906,3.966546269,-7.576632246,12.406833874,3.966969318,0.018851428
1609060438.980331182,-7.637861872,12.382295490,3.964281635,-7.665601839,12.398764276,3.964176639,0.032260466
1609060439.027786016,-7.688327569,12.377960843,3.962106095,-7.707291075,12.394991591,3.961538754,0.025494760
1609060439.079364061,-7.740679420,12.370602308,3.961505114,-7.751289662,12.388380796,3.959934558,0.020763394
1609060439.130916119,-7.794438717,12.365036245,3.959237685,-7.794065845,12.382791249,3.958340504,0.017781567
1609060439.180733204,-7.843109994,12.359379021,3.959339883,-7.875076673,12.373313919,3.953378944,0.035377715
1609060439.228211164,-7.891700776,12.353813436,3.957880416,-7.917569324,12.366472171,3.953036174,0.029204316
1609060439.281038046,-7.947256393,12.343992645,3.954658354,-7.961580111,12.360627355,3.953238681,0.021997680
1609060439.327913046,-7.994592832,12.338089892,3.953128984,-8.000543595,12.354232283,3.949211696,0.017644645
1609060439.379565001,-8.045010278,12.326756546,3.948831103,-8.045294231,12.347035470,3.948176705,0.020291467
1609060439.429732084,-8.094636227,12.319392699,3.946939606,-8.131283413,12.331487948,3.943026439,0.038789486
1609060439.481400013,-8.154648139,12.311168076,3.943338216,-8.171640797,12.324674808,3.941007632,0.021831487
1609060439.539367199,-8.214710384,12.301893242,3.941208992,-8.210948653,12.317295637,3.939783229,0.015919083
1609060439.587499142,-8.267306313,12.290157192,3.938631912,-8.295865819,12.298561476,3.935850767,0.029900035
1609060439.636876106,-8.318849011,12.281171670,3.936967954,-8.336077537,12.291228436,3.935433471,0.020007881
1609060439.681042194,-8.360633127,12.268038939,3.936389065,-8.375908248,12.282761801,3.932798673,0.021517037
1609060439.728736162,-8.410192603,12.256505954,3.936962505,-8.419225850,12.273483739,3.931960094,0.019871307
1609060439.779679060,-8.461906683,12.245666598,3.935164951,-8.462383077,12.262436265,3.928975334,0.017881836
1609060439.829038143,-8.511796540,12.234622665,3.931442398,-8.500990989,12.254341121,3.926803516,0.022958586
1609060439.881503105,-8.564219922,12.221974804,3.925544496,-8.582608321,12.235360108,3.921152984,0.023164303
1609060439.928616047,-8.610229037,12.211653751,3.921984145,-8.622909806,12.225190384,3.918054688,0.018960036
1609060439.981040001,-8.660955134,12.200106025,3.918704900,-8.660759815,12.215863294,3.915188485,0.016146047
1609060440.027599096,-8.704390620,12.190198470,3.915311411,-8.696939363,12.207971560,3.912146497,0.019529993
1609060440.081411123,-8.752099811,12.177521760,3.911814747,-8.738863665,12.196639608,3.908858414,0.023439872
1609060440.128535032,-8.795360637,12.167641624,3.908650017,-8.813828547,12.177357898,3.902314139,0.021808554
1609060440.180097103,-8.839781474,12.155931717,3.902363811,-8.850008172,12.168000287,3.899035348,0.016165221
1609060440.225985050,-8.879649901,12.146240785,3.898495069,-8.886977064,12.158726090,3.896991513,0.014554409
1609060440.279961109,-8.925813799,12.131971709,3.891700508,-8.925069388,12.147628443,3.891517700,0.015675486
1609060440.329184055,-8.966514667,12.122049750,3.886674980,-8.996413908,12.127530086,3.883895431,0.030524163
1609060440.378593206,-9.006968982,12.110118188,3.884216772,-9.032391001,12.116843850,3.880848000,0.026511549
1609060440.426942110,-9.045512371,12.100157404,3.880005557,-9.066610822,12.107626023,3.877096535,0.022569611
1609060440.478640079,-9.086012812,12.086798941,3.875226211,-9.103255596,12.096308598,3.873741432,0.019747196
1609060440.528146982,-9.124622116,12.075880423,3.871656965,-9.133601345,12.088091923,3.870718158,0.015186463
1609060440.580146074,-9.171990423,12.062771655,3.867179695,-9.203542026,12.067012972,3.864735669,0.031929073
1609060440.629389048,-9.210579098,12.052662809,3.864727587,-9.234939533,12.057256873,3.862197479,0.024918620
1609060440.676387072,-9.247987727,12.039441216,3.860375018,-9.265478887,12.047573466,3.860038250,0.019292164
1609060440.727923155,-9.287953002,12.027446275,3.857577476,-9.294957424,12.038777329,3.857603340,0.013321238
1609060440.786754131,-9.329619597,12.014647516,3.853158696,-9.357044099,12.019582368,3.853618383,0.027868754
1609060440.827316999,-9.358803897,12.005541993,3.852296930,-9.383720641,12.012456027,3.851959003,0.025860436
1609060440.875877142,-9.393649525,11.995179372,3.850808380,-9.412767253,12.003011544,3.851107126,0.020662034
1609060440.931124210,-9.432427168,11.981833535,3.849058572,-9.441970379,11.993686888,3.849869016,0.015239149
1609060440.979609013,-9.465571840,11.970000743,3.848104591,-9.471253918,11.984465138,3.849935816,0.015647943
1609060441.028758049,-9.498285565,11.959136639,3.848727706,-9.525211032,11.967515170,3.850990856,0.028289617
1609060441.129243135,-9.563062687,11.937213535,3.850722318,-9.554205702,11.957531856,3.851012649,0.022166747
1609060441.182025194,-9.595919401,11.926344843,3.851647196,-9.605034982,11.941310439,3.854372272,0.017733836
1609060441.228152037,-9.623903252,11.916820995,3.852397024,-9.631794921,11.931376420,3.854889203,0.016743649
1609060441.280858994,-9.655878858,11.904364165,3.853498036,-9.681577607,11.912874056,3.856352544,0.027221172
1609060441.329025030,-9.684178200,11.894294914,3.854951701,-9.705555112,11.904379323,3.859555278,0.024080294
1609060441.378175020,-9.710885074,11.883646105,3.856874987,-9.730187151,11.894131874,3.860117461,0.022204395
1609060441.428585052,-9.739269373,11.872253519,3.858844451,-9.757245286,11.882557490,3.862368963,0.021017312
1609060441.478903055,-9.768230653,11.857580947,3.861858600,-9.781497512,11.871561057,3.863799913,0.019370641
1609060441.537096977,-9.800993200,11.843944780,3.865127657,-9.831071776,11.849777423,3.867460617,0.030727563
1609060441.583423138,-9.826913722,11.833522387,3.866910131,-9.855486184,11.836962246,3.869696983,0.028913401
1609060441.627671003,-9.851404931,11.821734297,3.870016546,-9.876818269,11.824717799,3.871993626,0.025664136
1609060441.680040121,-9.885441055,11.800533474,3.876768790,-9.900562211,11.809902413,3.873792472,0.018035655
1609060441.728864193,-9.914507989,11.782737267,3.880212920,-9.924873037,11.793486411,3.875541122,0.015646214
1609060441.781987190,-9.944828153,11.759188158,3.883820043,-9.951138609,11.774670770,3.878257984,0.017620148
1609060441.830039978,-9.973840411,11.737735612,3.887314088,-9.998583556,11.736797988,3.882856553,0.025158934
1609060441.894683123,-10.008806626,11.705458737,3.885326202,-10.024627760,11.713203178,3.883309320,0.017729988
1609060441.930989981,-10.029685835,11.685814828,3.888183392,-10.049610093,11.689545831,3.885560810,0.020439529
1609060441.978468180,-10.058268628,11.659427375,3.890893851,-10.073495403,11.665859356,3.887333235,0.016908668
1609060442.026913166,-10.087970697,11.628594024,3.893178562,-10.098497308,11.638895118,3.889518407,0.015176258
1609060442.082087994,-10.121763075,11.591072384,3.894992473,-10.125765232,11.608507917,3.891542420,0.018218615
1609060442.129801989,-10.150739662,11.555470155,3.897410830,-10.174657646,11.547086709,3.895820386,0.025394520
1609060442.180477142,-10.180820287,11.515604927,3.900315657,-10.198155769,11.514079188,3.898209529,0.017529478
1609060442.228999138,-10.210670102,11.473722873,3.903955240,-10.225802445,11.476279163,3.901329104,0.015569811
1609060442.280194044,-10.241285205,11.427309666,3.908590910,-10.252962325,11.436877277,3.904898019,0.015541292
1609060442.330140114,-10.272209309,11.379010573,3.912336908,-10.276869282,11.396752684,3.908882968,0.018666214
1609060442.380113125,-10.302413678,11.329408081,3.916026990,-10.328019975,11.309389666,3.915054584,0.032517149
1609060442.429234982,-10.332385576,11.276558249,3.920516357,-10.355793422,11.261056678,3.918665363,0.028136313
1609060442.480772018,-10.362066370,11.220199674,3.926023143,-10.378909022,11.215222607,3.922996779,0.017821476
1609060442.528684139,-10.390088353,11.165211921,3.931428737,-10.403611974,11.165830751,3.927382289,0.014129580
1609060442.580502987,-10.419144810,11.103720662,3.936999370,-10.426366943,11.117451548,3.931767976,0.016372658
1609060442.628773212,-10.446215083,11.044956225,3.942707555,-10.475658597,11.010039092,3.941398524,0.045692891
1609060442.681797981,-10.475496732,10.979233720,3.946356036,-10.499406344,10.957387914,3.946288858,0.032386931
1609060442.728772163,-10.500457567,10.920543806,3.952046327,-10.522223912,10.903445191,3.951238587,0.027690953
1609060442.780261040,-10.531072483,10.843629153,3.955812474,-10.545953130,10.846012357,3.957340473,0.015147545
1609060442.829646111,-10.556941943,10.776357370,3.961815965,-10.567463445,10.790472819,3.963111508,0.017652941
1609060442.881582022,-10.584186647,10.702376795,3.972634434,-10.610120844,10.674202404,3.974890712,0.038359740
1609060442.927739143,-10.607490392,10.636829508,3.979286317,-10.630486107,10.615388554,3.982863305,0.031643518
1609060442.978944063,-10.631726664,10.566557272,3.989285135,-10.650354777,10.557483356,3.988765973,0.020727085
1609060443.029739141,-10.655301657,10.496207896,3.997895440,-10.667640179,10.501225844,3.996540108,0.013388646
1609060443.082411051,-10.678650436,10.421989175,4.007984817,-10.703222800,10.388260227,4.012055141,0.041928636
1609060443.127682209,-10.697869954,10.358607538,4.017561205,-10.719061465,10.333461905,4.020962599,0.033059832
1609060443.179086208,-10.719035804,10.288350839,4.028774647,-10.734504564,10.276022144,4.030612916,0.019866014
1609060443.228727102,-10.737354638,10.221460129,4.039672757,-10.747671477,10.223435635,4.039856132,0.010505875
1609060443.281817198,-10.755940343,10.152860330,4.050776428,-10.761300619,10.169887328,4.049017210,0.017937282
1609060443.328857183,-10.770277869,10.091859357,4.060049179,-10.787473434,10.060306800,4.067649139,0.036728881
1609060443.380503178,-10.783734246,10.026229966,4.069056859,-10.799230244,10.005679393,4.077120370,0.026971692
1609060443.427570105,-10.795806129,9.967370790,4.078662793,-10.809462319,9.951704572,4.086682739,0.022276478
1609060443.482220173,-10.807115299,9.900683228,4.090208593,-10.819844471,9.897426469,4.095459523,0.014149578
1609060443.528699160,-10.816136652,9.844999777,4.099471111,-10.828028378,9.845254000,4.103926195,0.012701399
1609060443.588477135,-10.828025886,9.776224975,4.113177111,-10.843211467,9.745925654,4.120020807,0.034575814
1609060443.632436991,-10.834232111,9.725725882,4.122319831,-10.850036836,9.697952827,4.128303564,0.032510568
1609060443.679489136,-10.840719996,9.671872030,4.131162248,-10.854300629,9.651834597,4.135414555,0.024576705
1609060443.728943110,-10.845877880,9.616240759,4.140721485,-10.858134278,9.604181995,4.144060026,0.017515106
1609060443.781625986,-10.853476586,9.557383548,4.151701584,-10.862472214,9.556853065,4.151824761,0.009012098
1609060443.830082178,-10.857063939,9.505915307,4.160814287,-10.867187144,9.463810251,4.166983835,0.043742180
1609060443.879235983,-10.859928527,9.447382355,4.169859978,-10.869194680,9.421396587,4.174246267,0.027934947
1609060443.928887129,-10.861672333,9.394297260,4.179905940,-10.870814716,9.377569491,4.183476393,0.019394575
1609060443.980231047,-10.861068759,9.340253535,4.187616648,-10.872353538,9.334617832,4.190146337,0.012864941
1609060444.029864073,-10.860310699,9.289395190,4.196618537,-10.871406638,9.291868606,4.197081334,0.011377690
1609060444.080605030,-10.859479135,9.242710214,4.205695766,-10.869179195,9.251399366,4.203475239,0.013210726
1609060444.129366159,-10.857507581,9.196090737,4.212788873,-10.866086532,9.171810422,4.216538048,0.026022845
1609060444.179435015,-10.854621178,9.148857776,4.220308337,-10.863028584,9.136099469,4.222592110,0.015449094
1609060444.228093147,-10.850841114,9.102731221,4.227800323,-10.859069624,9.101361487,4.229006775,0.008428528
1609060444.281483173,-10.846633689,9.055216794,4.236220886,-10.856393835,9.065777780,4.235223115,0.014414937
1609060444.331593037,-10.842025604,9.010456610,4.244459409,-10.846400506,8.990729536,4.248414762,0.020589853
1609060444.387536049,-10.836400515,8.961692058,4.252799241,-10.841249659,8.957035231,4.255177032,0.007131209
1609060444.432651043,-10.830866834,8.926379930,4.259308725,-10.837198822,8.921121633,4.260066668,0.008265485
1609060444.485102177,-10.824182071,8.886486111,4.266530498,-10.831979040,8.887524035,4.265475358,0.007936204
1609060444.534483194,-10.817193916,8.849428309,4.272672769,-10.825267407,8.856433118,4.271192556,0.010790720
1609060444.581612110,-10.810217342,8.814672624,4.276363838,-10.818583687,8.825321304,4.276551078,0.013543454
1609060444.630171061,-10.801739957,8.780876260,4.281491113,-10.805344289,8.766356835,4.285877199,0.015589826
1609060444.679744005,-10.794910060,8.750562279,4.285121795,-10.796832994,8.738668140,4.289594244,0.012851888
1609060444.729159117,-10.785862688,8.719583905,4.289296094,-10.788703236,8.710844542,4.293437971,0.010079699
1609060444.780722141,-10.775098831,8.689108028,4.298990139,-10.780894572,8.683689217,4.298414013,0.007955253
1609060444.830566168,-10.765575649,8.661108323,4.303701812,-10.772921298,8.658979272,4.301243259,0.008033424
1609060444.881223202,-10.756810090,8.632687771,4.310814125,-10.764651357,8.634372535,4.303689530,0.010727709
1609060444.930093050,-10.746664543,8.605744851,4.314633105,-10.748383022,8.588583374,4.309470633,0.018003349
1609060444.979432106,-10.736155895,8.579162527,4.311867959,-10.740321411,8.568639370,4.311621949,0.011320287
1609060445.028347015,-10.726354408,8.556453437,4.313542144,-10.731888316,8.547615868,4.314027655,0.010438509
1609060445.081011057,-10.716943340,8.532824593,4.313546503,-10.723676192,8.528563541,4.315716224,0.008258060
1609060445.129235029,-10.707696643,8.514334284,4.314244028,-10.716229643,8.513025182,4.315118523,0.008677014
1609060445.181812048,-10.701136756,8.498572727,4.322394099,-10.709005259,8.498945440,4.318408096,0.008828390
1609060445.228995085,-10.692724746,8.485385274,4.325157494,-10.695886965,8.475247390,4.317602439,0.013032850
1609060445.280653000,-10.685064797,8.473571702,4.325999027,-10.690046770,8.466669802,4.319224186,0.010879098
1609060445.329303980,-10.678462998,8.466075225,4.326638433,-10.684549583,8.460829567,4.318412402,0.011499175
1609060445.380624056,-10.672774521,8.462886292,4.327368534,-10.681217311,8.456423056,4.317563977,0.014463176
1609060445.430977106,-10.669648120,8.461820201,4.326133634,-10.678549465,8.454829020,4.315612931,0.015453017
1609060445.480096102,-10.668787387,8.464785864,4.324335774,-10.673994686,8.461780235,4.314207553,0.011778396
1609060445.528472185,-10.668482768,8.471328727,4.323680742,-10.674643132,8.468412485,4.312531232,0.013067751
1609060445.578977108,-10.671065538,8.479897930,4.323481265,-10.677512965,8.477178500,4.311037311,0.014276436
1609060445.621975183,-10.675941271,8.490975843,4.321879058,-10.684246471,8.487676918,4.308965039,0.015704494
1609060445.681045055,-10.690023346,8.506926709,4.319400185,-10.695299766,8.500391912,4.306086232,0.015741840
1609060445.731163979,-10.707699251,8.524884075,4.316498330,-10.708852575,8.515727215,4.305406082,0.014429699
1609060445.780709028,-10.728583693,8.543287603,4.311723780,-10.746134887,8.551189793,4.298670423,0.023256808
1609060445.828881025,-10.752084930,8.565157877,4.308887940,-10.768350377,8.572258392,4.297093013,0.021309678
1609060445.880499125,-10.778520607,8.591112344,4.305867570,-10.792578377,8.594063050,4.295049427,0.017982208
1609060445.927330017,-10.807518170,8.616959241,4.303466229,-10.820810407,8.619531360,4.293308938,0.016925422
1609060445.979900122,-10.839959785,8.645365416,4.304638935,-10.851604961,8.647640999,4.292093570,0.017267733
1609060446.029411077,-10.875912867,8.675369211,4.304001500,-10.881415610,8.672701561,4.291343696,0.014057615
1609060446.081185102,-10.924566562,8.710680287,4.315318422,-10.953772397,8.730169906,4.289711959,0.043457071
1609060446.131128073,-10.970473254,8.743506077,4.317252223,-10.993791774,8.759870618,4.288977784,0.040137208
1609060446.178665161,-11.019269720,8.776470005,4.308561066,-11.034327798,8.788470947,4.287095344,0.028836531
1609060446.228984118,-11.071967200,8.811306321,4.307152332,-11.079141575,8.819246099,4.287660674,0.022235928
1609060446.281457186,-11.126360249,8.848318470,4.291695216,-11.124886805,8.846997117,4.286385387,0.005666683
1609060446.328745127,-11.181325432,8.880090927,4.289091352,-11.219196782,8.902671747,4.281085219,0.044813287
1609060446.380972147,-11.243612491,8.914204458,4.285059662,-11.264809517,8.929133632,4.278986669,0.026628470
1609060446.428580046,-11.300407851,8.944877987,4.280609915,-11.316683974,8.957496139,4.275969685,0.021110701
1609060446.480714083,-11.362936165,8.978698675,4.274886837,-11.368412785,8.985004158,4.272898092,0.008585312
1609060446.528998137,-11.420607613,9.009443481,4.270262650,-11.419630348,9.013818649,4.270494245,0.004488962
1609060446.580425978,-11.479470340,9.042155901,4.265259155,-11.516659526,9.068718983,4.262173499,0.045805612
1609060446.628514051,-11.531763465,9.071902223,4.259834802,-11.563119600,9.095208820,4.257390994,0.039145586
1609060446.680069208,-11.586698798,9.103149629,4.254117758,-11.606448684,9.121007864,4.252498149,0.026675788
1609060446.731581211,-11.639867100,9.134286559,4.247913372,-11.649330588,9.148314080,4.248202018,0.016923719
1609060446.780048132,-11.687610877,9.164881765,4.247702893,-11.692640834,9.174227111,4.243259145,0.011505775
1609060446.829411983,-11.734330169,9.193308216,4.243156684,-11.735750319,9.199356664,4.239086918,0.007427216
1609060446.880906105,-11.782415771,9.223941074,4.235772982,-11.817039114,9.251696887,4.229726058,0.044785336
1609060446.930359125,-11.824314427,9.252685668,4.230951450,-11.854441348,9.276882011,4.224579134,0.039162492
1609060446.979737997,-11.866466347,9.281585704,4.219748830,-11.890800431,9.302618882,4.220096648,0.032166181
1609060447.028401136,-11.905689615,9.312145605,4.214719418,-11.925569533,9.330045440,4.215541429,0.026763613
1609060447.082936049,-11.945690646,9.344755919,4.213937977,-11.955594171,9.355604054,4.210560634,0.015072103
1609060447.130169153,-11.974763699,9.372473063,4.209235253,-12.007855030,9.405438105,4.201178190,0.047398802
1609060447.180736065,-12.005551000,9.404961565,4.201537440,-12.030735744,9.430845558,4.196537362,0.036458925
1609060447.229449034,-12.029708029,9.433951161,4.195930113,-12.051658063,9.455754064,4.192369416,0.031142401
1609060447.281094074,-12.056037125,9.468794725,4.188792123,-12.071835642,9.481591532,4.188326726,0.020336372
1609060447.330182076,-12.077661559,9.498605716,4.183593648,-12.091152186,9.506412782,4.185498864,0.015702775
1609060447.375482082,-12.098014143,9.526568948,4.183208506,-12.123978913,9.556675436,4.177846500,0.040116343
1609060447.423263073,-12.115202370,9.556760286,4.180773909,-12.137752105,9.582668600,4.176404410,0.034624035
1609060447.477159977,-12.131874358,9.591623595,4.177730605,-12.148720240,9.606702616,4.172307402,0.023250199
1609060447.528703213,-12.145623015,9.623988869,4.172970360,-12.159652369,9.633535533,4.167288206,0.017895487
1609060447.581300020,-12.158395924,9.655706109,4.166329217,-12.168241861,9.657991014,4.164941006,0.010202470
1609060447.628663063,-12.169066113,9.685884308,4.162833878,-12.184239516,9.708765045,4.159338568,0.027676298
1609060447.681246996,-12.180349762,9.720653740,4.160271639,-12.190399582,9.733236365,4.155138946,0.016901653
1609060447.728794098,-12.187360625,9.750503235,4.155768116,-12.197005013,9.759302400,4.151966027,0.013597625
1609060447.778280020,-12.193007844,9.781280227,4.149722248,-12.201710420,9.787162588,4.149457900,0.010507467
1609060447.830143213,-12.198853046,9.814536490,4.145643655,-12.205603751,9.813767714,4.144889103,0.006836108
1609060447.882296085,-12.205415974,9.847586052,4.145647982,-12.215940604,9.871106439,4.139471222,0.026497713
1609060447.928719997,-12.210690264,9.878997563,4.142601119,-12.219605768,9.898439333,4.134570997,0.022846258
1609060447.979175091,-12.218180913,9.913415035,4.131483798,-12.225640223,9.926629612,4.131997840,0.015183234
1609060448.028673172,-12.224835970,9.945098574,4.126690965,-12.231086071,9.951969307,4.130260604,0.009950530
1609060448.081704140,-12.233735533,9.979935256,4.124115174,-12.239608534,9.980692273,4.125477221,0.006076214
1609060448.130548000,-12.243349832,10.013846734,4.120052206,-12.254955532,10.037082020,4.121273354,0.026001192
1609060448.182169199,-12.254678609,10.047716866,4.123859020,-12.264050884,10.064378203,4.119192763,0.019677745
1609060448.228177071,-12.264195064,10.076878193,4.121998037,-12.272376535,10.093256339,4.116382381,0.019149823
1609060448.279637098,-12.276698372,10.112496419,4.117872300,-12.283666020,10.121992820,4.114404987,0.012278110
1609060448.330150127,-12.290184665,10.144363026,4.116185899,-12.295017452,10.148043479,4.113725377,0.006554063
1609060448.380889177,-12.309301966,10.179902841,4.113202476,-12.322679614,10.203464141,4.112076686,0.027117591
1609060448.430328131,-12.328120737,10.213911436,4.112775650,-12.339148587,10.232592940,4.111562189,0.021727507
1609060448.481029034,-12.347992532,10.251096813,4.111595204,-12.355979273,10.260904486,4.111095664,0.012658121
1609060448.528560162,-12.368036645,10.283666416,4.115232903,-12.373568396,10.290064334,4.112586442,0.008862132
1609060448.582046986,-12.392694244,10.319904476,4.116644507,-12.392242588,10.315744240,4.112371686,0.005980682
1609060448.629378080,-12.415007986,10.350468354,4.116626171,-12.432918091,10.369737257,4.114337638,0.026406437
1609060448.682945013,-12.441530564,10.384755324,4.116034973,-12.454346120,10.396261479,4.115780236,0.017224836
1609060448.728159189,-12.464917694,10.413490350,4.117316702,-12.475441418,10.421038557,4.116403035,0.012983027
1609060448.781961203,-12.494583668,10.446229820,4.119203951,-12.500005318,10.446947196,4.118883325,0.005478295
1609060448.830974102,-12.522712822,10.474251750,4.121175635,-12.523574585,10.470061022,4.120193754,0.004389639
1609060448.882435083,-12.552274182,10.501957475,4.123256689,-12.572886452,10.515109288,4.121854327,0.024490866
1609060448.929800034,-12.580109773,10.527655121,4.125060875,-12.599425823,10.538243207,4.123723934,0.022068185
1609060448.980499029,-12.611913756,10.554363727,4.129094336,-12.624608681,10.559193484,4.124953707,0.014199735
1609060449.029496193,-12.642214323,10.578619096,4.131456780,-12.652554709,10.583523525,4.126282791,0.012559744
1609060449.081385136,-12.677046837,10.603747321,4.133070821,-12.682939484,10.604695444,4.128546873,0.007489214
1609060449.129601002,-12.706884413,10.626055465,4.135603024,-12.710736261,10.624208179,4.130713865,0.006492540
1609060449.182257175,-12.740183285,10.648832608,4.142401690,-12.767039277,10.663093965,4.135610724,0.031156826
1609060449.229597092,-12.770539069,10.668065272,4.145616302,-12.792593344,10.680557555,4.136993587,0.026773110
1609060449.281344175,-12.804031861,10.689678302,4.143862480,-12.821144240,10.697588871,4.138063289,0.019724128
1609060449.328800201,-12.834365852,10.708048211,4.146564879,-12.850144373,10.716092455,4.141037690,0.018553205
1609060449.380174160,-12.873722263,10.728044538,4.151535019,-12.881815983,10.733346003,4.142872568,0.012986604
1609060449.429436207,-12.908410184,10.745607374,4.154204381,-12.912384404,10.748204934,4.144857782,0.010483352
1609060449.481356144,-12.948644495,10.765603229,4.154599131,-12.971840194,10.776922984,4.147379562,0.026801110
1609060449.530636072,-12.982902294,10.780528999,4.156441692,-13.001146482,10.790040247,4.148723499,0.021974639
1609060449.580252171,-13.017213602,10.795861151,4.154673610,-13.029499540,10.801588080,4.149456160,0.014524591
1609060449.629147053,-13.050696284,10.809712438,4.156704320,-13.057782111,10.814609535,4.150434557,0.010653658
1609060449.680668116,-13.087078536,10.824192820,4.156998334,-13.088774447,10.824323268,4.151041214,0.006195192
1609060449.730679035,-13.121755987,10.836091602,4.156456092,-13.115796077,10.835964348,4.151233898,0.007925152
1609060449.780331135,-13.156920465,10.846695581,4.155779634,-13.177453511,10.853978993,4.151955481,0.022119634
1609060449.829497099,-13.191926288,10.856744446,4.155230922,-13.207514554,10.862970596,4.152216333,0.017054229
1609060449.881090164,-13.228418871,10.866445078,4.154848528,-13.237319647,10.870305895,4.152932812,0.009889372
1609060449.932608128,-13.263825818,10.876134555,4.153700789,-13.269759377,10.877400723,4.152277593,0.006231837
1609060449.981177092,-13.296898521,10.884059602,4.152765438,-13.302207454,10.884130604,4.152990028,0.005314155
1609060450.029534101,-13.330857319,10.889669645,4.154545176,-13.331559016,10.889898523,4.153208877,0.001526583
1609060450.083388090,-13.369446163,10.894951052,4.158860720,-13.394222629,10.896181438,4.154714288,0.025151143
1609060450.135148048,-13.406291354,10.898866201,4.159412013,-13.424725471,10.898459132,4.153499124,0.019363487
1609060450.181058168,-13.440261523,10.901430484,4.153910464,-13.453131565,10.901180662,4.155647510,0.012989139
1609060450.228619099,-13.474506441,10.903106499,4.154304975,-13.485855793,10.901615493,4.156144239,0.011593696
1609060450.282606125,-13.513799415,10.905989302,4.160862533,-13.518695374,10.903315601,4.156738835,0.006937144
1609060450.330546141,-13.550534958,10.908344898,4.163170055,-13.581498267,10.907478475,4.156779562,0.031627766
1609060450.379955053,-13.585447218,10.909748843,4.162122042,-13.611913175,10.907490066,4.160075553,0.026640891
1609060450.428682089,-13.619757668,10.909713218,4.163497466,-13.644110414,10.907383925,4.160692907,0.024624123
1609060450.482573032,-13.665462210,10.912711821,4.163107503,-13.676141387,10.908629688,4.160553072,0.011714681
1609060450.531778097,-13.704524240,10.913962456,4.163138790,-13.710102204,10.909696283,4.161543229,0.007201371
1609060450.581305027,-13.749533575,10.916369434,4.164758062,-13.782273074,10.909636588,4.162177724,0.033524084
1609060450.629453182,-13.789822683,10.916903007,4.165553227,-13.817640933,10.911812412,4.164140068,0.028315477
1609060450.681060076,-13.833098058,10.920454067,4.168002032,-13.855848101,10.915112950,4.165378286,0.023515442
1609060450.728013039,-13.875927202,10.924908158,4.168438261,-13.894317255,10.917821763,4.165572428,0.019915423
1609060450.781613111,-13.925808440,10.932795754,4.170235924,-13.933096969,10.924568179,4.168173111,0.011183507
1609060450.828855038,-13.969549323,10.940652962,4.171249417,-13.970779122,10.930731312,4.166718219,0.010976489
1609060450.881541014,-14.019407557,10.952668240,4.171023619,-14.053824496,10.949161480,4.169715153,0.034619867
1609060450.930435181,-14.066367414,10.964981818,4.174019601,-14.093313337,10.960139577,4.170801788,0.027566000
1609060450.980435133,-14.114897083,10.980044296,4.178186555,-14.133494858,10.973869229,4.168965540,0.021657234
1609060451.032390118,-14.167342856,10.998827917,4.176843247,-14.177736031,10.990678875,4.170095946,0.014830746
1609060451.090063095,-14.225442676,11.020647056,4.175999043,-14.269042677,11.026748210,4.173653960,0.044087227
1609060451.134982109,-14.271598958,11.040912406,4.176134572,-14.312831816,11.046805931,4.173356386,0.041744468
1609060451.179135084,-14.318722540,11.061759245,4.170374255,-14.354738938,11.068656401,4.175284457,0.036998132
1609060451.228018999,-14.370413558,11.088228809,4.170477598,-14.400201626,11.091950462,4.176851653,0.030688895
1609060451.280712128,-14.425199614,11.114316715,4.175993669,-14.446085861,11.114829169,4.178296050,0.021019012
1609060451.330120087,-14.477583947,11.142707899,4.176398152,-14.490253687,11.139446243,4.179780274,0.013512936
1609060451.380979061,-14.531620897,11.171417826,4.181148696,-14.534993030,11.165670777,4.180257504,0.006722654
1609060451.428116083,-14.578052643,11.195985009,4.181973735,-14.621078292,11.215528269,4.183157972,0.047271005
1609060451.479802132,-14.632146878,11.228092148,4.183802183,-14.660264882,11.239860405,4.182926150,0.030493958
1609060451.530027151,-14.682706606,11.257640208,4.183671070,-14.707257889,11.269393241,4.183770822,0.027219648
1609060451.579686165,-14.735669385,11.287465908,4.185363753,-14.755177788,11.298785816,4.183758358,0.022611842
1609060451.630514145,-14.786149890,11.316596788,4.185096957,-14.795506789,11.323102111,4.182418996,0.011706504
1609060451.684009075,-14.840637930,11.352904597,4.184196956,-14.876474146,11.375267089,4.181839396,0.042306897
1609060451.728813171,-14.882418463,11.377835894,4.183845865,-14.913363349,11.397416207,4.181518496,0.036693205
1609060451.780947208,-14.929161279,11.406654626,4.180910527,-14.950218181,11.419476056,4.181270781,0.024655870
1609060451.828563213,-14.969996786,11.428576113,4.180374615,-14.983707903,11.439773782,4.180938636,0.017711595
1609060451.881102085,-15.012508716,11.453012744,4.179854951,-15.017127016,11.459528257,4.180442560,0.008007864
1609060451.930507183,-15.049588607,11.473944374,4.178942275,-15.077968808,11.492242523,4.179537506,0.033772953
1609060451.979911089,-15.084865274,11.494143118,4.178168745,-15.104692095,11.506758629,4.179124941,0.023519529
1609060452.030478001,-15.117139939,11.511283372,4.177332276,-15.132041879,11.520645398,4.178869324,0.017665726
1609060452.079850197,-15.146595093,11.527072435,4.176617872,-15.157452685,11.532543745,4.178256272,0.012268124
1609060452.141802073,-15.184012427,11.546722458,4.177868767,-15.182997355,11.544575081,4.177997091,0.002378669
1609060452.179795027,-15.205555351,11.557288716,4.178477467,-15.228089147,11.565679584,4.178021932,0.024049660
1609060452.229011059,-15.231374194,11.569167789,4.179534874,-15.249951686,11.573836163,4.178290366,0.019195461
1609060452.279659033,-15.255823522,11.578462230,4.178166162,-15.269802345,11.581464387,4.178299905,0.014298193
1609060452.328589201,-15.277160550,11.586023053,4.179101460,-15.289020485,11.588111444,4.179472105,0.012048104
1609060452.381144047,-15.300594425,11.595919839,4.177795093,-15.307897717,11.594071406,4.180569180,0.008028097
1609060452.430617094,-15.321288632,11.603150343,4.179057320,-15.343051780,11.604933488,4.181016165,0.021923761
1609060452.479754210,-15.342067099,11.608243996,4.180665785,-15.361310564,11.610027707,4.183685538,0.019560457
1609060452.529028177,-15.361663174,11.614432460,4.182686810,-15.378972753,11.614796867,4.186707954,0.017774249
1609060452.579004049,-15.381967624,11.621458923,4.189339716,-15.395855737,11.619722366,4.188574433,0.014017167
1609060452.630564213,-15.403401652,11.627240512,4.192891960,-15.414360477,11.624633989,4.191786932,0.011318609
1609060452.681979179,-15.427480948,11.633612317,4.192429209,-15.432051889,11.628544138,4.193135324,0.006861380
1609060452.729056120,-15.447981446,11.638611063,4.195653178,-15.469769155,11.639381424,4.201674956,0.022617682
1609060452.779504061,-15.473795571,11.647007154,4.199171316,-15.488116577,11.643879426,4.205757500,0.016070212
1609060452.830963135,-15.498490981,11.654258066,4.204273037,-15.509062661,11.649362499,4.209759100,0.012877262
1609060452.880644083,-15.523465437,11.662012547,4.213849047,-15.528778960,11.654603117,4.213521439,0.009123624
1609060452.931265116,-15.548937223,11.669030437,4.219691315,-15.571133702,11.666036633,4.224265380,0.022859760
1609060452.979619980,-15.573867042,11.675617583,4.225284115,-15.592154262,11.671047268,4.228759555,0.019167392
1609060453.028874159,-15.600350463,11.682763116,4.231371828,-15.614782549,11.678399776,4.234691544,0.015438405
1609060453.081588984,-15.630415680,11.690638451,4.238186881,-15.637368339,11.685097509,4.238526268,0.008897005
1609060453.129861116,-15.658768166,11.700355477,4.244002965,-15.662925472,11.692032076,4.244768319,0.009335307
1609060453.181578159,-15.690254145,11.710956587,4.250391115,-15.714336895,11.711202479,4.255513575,0.024622731
1609060453.228747129,-15.719528596,11.720392613,4.255931596,-15.740681646,11.720629227,4.261099146,0.021776388
1609060453.280352116,-15.752999813,11.731510517,4.261676333,-15.768381796,11.729234108,4.266986352,0.016431182
1609060453.330042124,-15.785219960,11.742641676,4.268314863,-15.796162682,11.738440477,4.272444573,0.012427701
1609060453.383922100,-15.820115516,11.755970195,4.277003706,-15.821796327,11.748079227,4.279367836,0.008407236
1609060453.429046154,-15.848911410,11.766225770,4.283451884,-15.876571447,11.766226052,4.287474839,0.027951061
1609060453.481620073,-15.881673770,11.774813821,4.292158020,-15.904351310,11.775736265,4.298611467,0.023595947
1609060453.530162096,-15.911361602,11.784676780,4.298805837,-15.930894707,11.787284551,4.303854233,0.020342786
1609060453.580815077,-15.944496871,11.797167954,4.302138694,-15.958363550,11.796486472,4.308190326,0.015145014
1609060453.629384041,-15.974383680,11.807460022,4.308155766,-15.986488409,11.806501419,4.315149195,0.014012546
1609060453.682363987,-16.007767325,11.819547563,4.318578904,-16.013924670,11.816059434,4.322242293,0.007968711
1609060453.732746124,-16.038006557,11.829776547,4.325562321,-16.040033231,11.824962814,4.327118496,0.005449873
1609060453.780745029,-16.068118560,11.837601315,4.332331263,-16.090585540,11.841230891,4.339523508,0.023867707
1609060453.828164101,-16.095055699,11.845753192,4.339538888,-16.113119661,11.848882228,4.346129680,0.019481687
1609060453.880906105,-16.128184116,11.856574609,4.347470223,-16.136748990,11.856985522,4.352048164,0.009720260
1609060453.931298018,-16.156494960,11.862968128,4.355973141,-16.162288919,11.862648268,4.359047990,0.006567113
1609060453.980770111,-16.182932990,11.868099924,4.361731146,-16.205893276,11.872385300,4.372850172,0.025868357
1609060454.029380083,-16.206995469,11.871996259,4.369461898,-16.226330925,11.875060733,4.378820884,0.021698883
1609060454.081245184,-16.231779726,11.875057622,4.377462039,-16.244493816,11.876505886,4.384554122,0.014630216
1609060454.129816055,-16.253486224,11.876562813,4.385430048,-16.262505686,11.877192280,4.390092535,0.010172793
1609060454.181892157,-16.276160569,11.876606713,4.394793511,-16.279026159,11.876745015,4.396135982,0.003167486
1609060454.230159998,-16.295002632,11.874632774,4.400741231,-16.311902462,11.871299927,4.407340676,0.018446268
1609060454.280667067,-16.314179686,11.872424414,4.406645112,-16.325084084,11.869477109,4.412352823,0.012655847
1609060454.327840090,-16.329767343,11.869308104,4.413221240,-16.338319818,11.867320173,4.417771121,0.009889293
1609060454.380474091,-16.346290997,11.866267420,4.419770389,-16.352058222,11.863918699,4.423283675,0.007149864
1609060454.430658102,-16.360846538,11.860817160,4.426666908,-16.364199007,11.859026064,4.428745014,0.004331927
1609060454.483566999,-16.373885063,11.854624778,4.434743719,-16.387558412,11.846547505,4.439052163,0.016454954
1609060454.531413078,-16.386050232,11.846871304,4.441483007,-16.398453520,11.838850004,4.443082946,0.014857410
1609060454.578727007,-16.397945157,11.839256272,4.443421187,-16.407805552,11.830139144,4.447844058,0.014138996
1609060454.627688169,-16.406189905,11.828490069,4.449376320,-16.415417812,11.821380331,4.454084266,0.012564529
1609060454.680584192,-16.415004677,11.815005882,4.453795316,-16.423564531,11.810056218,4.458538233,0.010966564
1609060454.731364012,-16.422530727,11.801522334,4.459997235,-16.430576477,11.797607045,4.462358244,0.009254076
1609060454.781885147,-16.430264505,11.787321518,4.466919785,-16.441101018,11.772282692,4.473168483,0.019561250
1609060454.831376076,-16.434966018,11.771339039,4.472618593,-16.445576225,11.758235358,4.480034833,0.018419652
1609060454.881854057,-16.440011687,11.752955624,4.479153701,-16.447891870,11.743078402,4.484318096,0.013650194
1609060454.934195042,-16.442603957,11.732944869,4.485184553,-16.449339954,11.728654893,4.488485993,0.008641589
1609060454.985146046,-16.443375475,11.711206284,4.492739733,-16.452291104,11.711356378,4.495191672,0.009247863
1609060455.032769203,-16.443301873,11.689590303,4.498505515,-16.451885256,11.677209674,4.503218143,0.015784907
1609060455.088777065,-16.445005891,11.664382778,4.505151470,-16.450795112,11.658726875,4.507904414,0.008548861
1609060455.134570122,-16.443117584,11.640727506,4.511281339,-16.448764892,11.638146958,4.512902542,0.006417134
1609060455.183914185,-16.440371585,11.615463116,4.516474115,-16.445223275,11.617394316,4.517028021,0.005251213
1609060455.233921051,-16.436889389,11.589672379,4.520885087,-16.441573479,11.597021454,4.521185369,0.008720078
1609060455.281438112,-16.432242730,11.564253091,4.525696722,-16.431255860,11.549690102,4.529829753,0.015170251
1609060455.329286098,-16.424747302,11.536585230,4.530585963,-16.431255808,11.549689206,4.529826815,0.014650978
1609060455.380719185,-16.415078641,11.506789817,4.535717897,-16.415795333,11.500663656,4.540816087,0.008002190
1609060455.428884983,-16.405522111,11.476789732,4.542260193,-16.407432843,11.472806416,4.546400200,0.006054533
1609060455.480583191,-16.394517272,11.443695133,4.549809477,-16.397893514,11.445595310,4.552441449,0.004683691
1609060455.532083988,-16.382316107,11.409997424,4.556368086,-16.388513102,11.417471797,4.558676906,0.009979962
1609060455.580499172,-16.370156553,11.379224527,4.560931868,-16.365968706,11.357033524,4.572077005,0.025183184
1609060455.628786087,-16.356501786,11.345582362,4.567441793,-16.353860533,11.326786666,4.578735111,0.022086047
1609060455.680741072,-16.344260201,11.309479217,4.579548269,-16.340782622,11.296881673,4.586335830,0.014726257
1609060455.731168985,-16.328841461,11.273566820,4.589243750,-16.327714231,11.266051679,4.594105581,0.009021385
1609060455.779289007,-16.313066315,11.241925232,4.596820602,-16.314509837,11.234181419,4.602571278,0.009752983
1609060455.829546213,-16.295408803,11.204915997,4.606612304,-16.299793202,11.202781824,4.610427676,0.006191503
1609060455.880892038,-16.279225259,11.168113231,4.617628608,-16.269110843,11.136057388,4.627673649,0.035082493
1609060455.928446054,-16.262357124,11.133227016,4.626937375,-16.253209242,11.103537868,4.636069117,0.032380826
1609060455.979711056,-16.243259558,11.088196815,4.638481643,-16.238871051,11.071772141,4.644312498,0.017972973
1609060456.029316187,-16.224894257,11.049622401,4.648427899,-16.223415436,11.039899689,4.652542963,0.010660759
1609060456.081103086,-16.205536096,11.009638416,4.657896643,-16.208156652,11.007679533,4.660683008,0.004297483
1609060456.132400036,-16.185132075,10.969224680,4.667346527,-16.191639183,10.975816571,4.668562270,0.009342029
1609060456.179992199,-16.166646225,10.936734077,4.676888296,-16.157796425,10.907496719,4.685450575,0.031724670
1609060456.229928017,-16.146655006,10.897957995,4.685214731,-16.140728603,10.875105786,4.693610322,0.025056569
1609060456.280745983,-16.125311409,10.857604216,4.693942763,-16.123735753,10.841431982,4.701016051,0.017721603
1609060456.328821182,-16.104970579,10.819594883,4.701648288,-16.104808157,10.804810708,4.706757848,0.015643075
1609060456.375164032,-16.085882901,10.783631532,4.708253751,-16.084498735,10.768000893,4.712347292,0.016216962
1609060456.426805019,-16.063204296,10.742445250,4.714443937,-16.066081783,10.734851889,4.717837341,0.008800810
1609060456.485151052,-16.037224913,10.695042060,4.720750506,-16.028463984,10.667867936,4.724941724,0.028857464
1609060456.528421164,-16.017409837,10.660842424,4.725291410,-16.008864522,10.634156633,4.728401650,0.028192684
1609060456.579080105,-15.995709954,10.621580197,4.730238984,-15.990670922,10.602741379,4.732610770,0.019644802
1609060456.627412081,-15.972551091,10.582290387,4.734515471,-15.972014553,10.570677111,4.735667267,0.011682580
1609060456.680670023,-15.948197091,10.539254054,4.738168934,-15.951357619,10.537472364,4.739038063,0.003730784
1609060456.726881981,-15.924761433,10.501421766,4.741933547,-15.911276502,10.472812250,4.743935631,0.031691578
1609060456.779075146,-15.897523347,10.463078004,4.744020200,-15.888008207,10.438981291,4.746652244,0.026040683
1609060456.827740192,-15.870832521,10.424304603,4.746755080,-15.864701641,10.407843630,4.748150770,0.017620989
1609060456.878676176,-15.844091366,10.386217857,4.745540915,-15.844909246,10.374689299,4.749419130,0.012190862
1609060456.929023027,-15.814547578,10.346784682,4.746342147,-15.794618072,10.309735200,4.751027926,0.042329727
1609060456.978980064,-15.787621406,10.309350342,4.750580817,-15.769524894,10.277798990,4.751943189,0.036398182
1609060457.027249098,-15.757882283,10.272093054,4.751019730,-15.742994135,10.244474693,4.751847094,0.031386547
1609060457.078922987,-15.723674936,10.228045510,4.750805768,-15.715706132,10.211430291,4.751787177,0.018453468
1609060457.129274130,-15.689254593,10.188421153,4.750398170,-15.687956111,10.179245100,4.751378746,0.009319203
1609060457.172206163,-15.658815446,10.153339815,4.747187109,-15.658115731,10.146042593,4.750561221,0.008069925
1609060457.221413136,-15.623363380,10.115373035,4.745590286,-15.599416833,10.084237104,4.748321554,0.039374397
1609060457.273039103,-15.586057937,10.078679679,4.741669311,-15.569527710,10.054360553,4.746943220,0.029874443
1609060457.322131157,-15.548376161,10.042467629,4.739744616,-15.534038794,10.020919174,4.745053148,0.026421138
1609060457.371599197,-15.508981244,10.005803629,4.737654022,-15.498056509,9.988150154,4.742591255,0.021339430
1609060457.428241014,-15.462365639,9.965534760,4.734370773,-15.463250915,9.958568815,4.740408152,0.009260565
1609060457.479582071,-15.420222481,9.931620954,4.731736514,-15.396926107,9.904329613,4.735617078,0.036091510
1609060457.528037071,-15.378670855,9.898875638,4.728528535,-15.361904715,9.873572028,4.733535370,0.030764339
1609060457.578487158,-15.335635893,9.866404924,4.725096454,-15.323927748,9.850318176,4.730504218,0.020618148
1609060457.627092123,-15.292035841,9.836010747,4.722142886,-15.288387265,9.824531773,4.728201030,0.013482583
1609060457.679813147,-15.245785640,9.805390522,4.719867115,-15.249872115,9.800057096,4.724672320,0.008260430
1609060457.727046013,-15.201089249,9.777358743,4.716957625,-15.175087915,9.752918041,4.718819197,0.035733496
1609060457.778679132,-15.152790826,9.746636537,4.711899580,-15.134251350,9.728387234,4.716406481,0.026401920
1609060457.827083111,-15.105923326,9.719640951,4.709011504,-15.095036583,9.707495415,4.713090766,0.016812958
1609060457.879731178,-15.058732823,9.694537802,4.708626619,-15.056877904,9.685121436,4.710308076,0.009743509
1609060457.929150105,-15.010397831,9.669246796,4.706664795,-14.973025071,9.643731436,4.704484350,0.045304648
1609060457.979729176,-14.962651175,9.646482110,4.705577803,-14.933762500,9.624220366,4.702403646,0.036608961
1609060458.026831150,-14.915766072,9.624363618,4.703755949,-14.892711920,9.603785413,4.699819938,0.031152025
1609060458.078697205,-14.867726064,9.602802211,4.700049014,-14.850685751,9.584674961,4.697362222,0.025023754
1609060458.137619019,-14.809179926,9.577257682,4.697492262,-14.806188932,9.568063047,4.694107117,0.010244343
1609060458.180298090,-14.762400423,9.556666678,4.696789472,-14.763728855,9.548085407,4.692951004,0.009494039
1609060458.226857185,-14.714219335,9.537328070,4.695493651,-14.679593987,9.513467176,4.688524362,0.042624265
1609060458.276430130,-14.661499997,9.516624107,4.689271697,-14.637982999,9.499937012,4.686689639,0.028951259
1609060458.327916145,-14.606306064,9.496646563,4.686679667,-14.591029902,9.482827091,4.683881660,0.020788645
1609060458.378300190,-14.555921348,9.481775946,4.680033957,-14.544414528,9.465144476,4.681151132,0.020254895
1609060458.428943157,-14.504393697,9.463861812,4.677660404,-14.500511561,9.451156009,4.677758356,0.013286007
1609060458.480785131,-14.449879655,9.445851248,4.673079336,-14.417867952,9.425696358,4.671379646,0.037866313
1609060458.527002096,-14.401540348,9.430668858,4.668420925,-14.374465707,9.412427499,4.667098710,0.032673102
1609060458.579663992,-14.348598890,9.414507054,4.662426506,-14.332550712,9.400114999,4.663915977,0.021607725
1609060458.628001213,-14.299362258,9.400464268,4.658484424,-14.290927671,9.390786726,4.660172111,0.012947794
1609060458.680536985,-14.246967394,9.386637920,4.656214200,-14.248446230,9.378475039,4.656425264,0.008298441
1609060458.733805180,-14.192960639,9.372692439,4.651510918,-14.165542234,9.355061536,4.649115840,0.032685686
1609060458.778982162,-14.147608064,9.360608958,4.647678512,-14.121778656,9.344435045,4.645939506,0.030525038
1609060458.827742100,-14.097464102,9.347601947,4.643820251,-14.081514865,9.334229124,4.641827115,0.020908926
1609060458.879104137,-14.049496904,9.335083581,4.638753076,-14.040624282,9.322846915,4.638355848,0.015120093
1609060458.930878162,-13.997141849,9.321557028,4.634807363,-13.997629350,9.312952424,4.634649096,0.008619855
1609060458.980327129,-13.949374710,9.309569817,4.632869141,-13.912954275,9.292428719,4.628690753,0.040468805
1609060459.026729107,-13.903184315,9.297622636,4.629977133,-13.874373684,9.282950993,4.624899749,0.032727502
1609060459.080546141,-13.853264127,9.286649119,4.629519896,-13.832300750,9.272429398,4.621580870,0.026546031
1609060459.127784014,-13.806348113,9.274816217,4.626238665,-13.787354526,9.264045380,4.617573826,0.023491418
1609060459.181243181,-13.754426627,9.263365627,4.619992123,-13.744319587,9.253481224,4.613787054,0.015438801
1609060459.227688074,-13.708067750,9.252289852,4.616271650,-13.664241669,9.233885836,4.605778938,0.048677820
1609060459.279424191,-13.653256416,9.238060917,4.611466145,-13.622607463,9.225626790,4.602073035,0.034383082
1609060459.328384161,-13.602782208,9.226115973,4.607368125,-13.580473672,9.216612176,4.598149290,0.025941855
1609060459.388609171,-13.540675769,9.212352584,4.601206497,-13.536532121,9.205174913,4.593804835,0.011111857
1609060459.433518171,-13.492517494,9.201786960,4.597619825,-13.493376982,9.196349766,4.589960429,0.009432293
1609060459.486275196,-13.441227406,9.194202328,4.589251902,-13.409527913,9.180518904,4.582862162,0.035113000
1609060459.533322096,-13.394156014,9.185991861,4.586705134,-13.367717740,9.170520362,4.579214058,0.031535152
1609060459.579319000,-13.345251413,9.176295245,4.582803324,-13.325809469,9.161142178,4.576396402,0.025468672
1609060459.627422094,-13.293679121,9.166404408,4.578679435,-13.283693429,9.154927585,4.573967391,0.015925919
1609060459.680034161,-13.239464105,9.156131944,4.573256131,-13.239950782,9.146375315,4.571436840,0.009936724
1609060459.728425026,-13.187934017,9.146470842,4.569845256,-13.153327753,9.129485623,4.566198986,0.038721913
1609060459.779250145,-13.136368133,9.136766980,4.566626343,-13.107856376,9.122257533,4.564577931,0.032056829
1609060459.827799082,-13.084793489,9.128038029,4.563118721,-13.062401589,9.114716482,4.562959683,0.026055443
1609060459.879274130,-13.031072794,9.119167081,4.558892529,-13.018979636,9.106370167,4.560599393,0.017689513
1609060459.927618980,-12.978737938,9.110692880,4.555695788,-12.972395304,9.099800095,4.557925888,0.012800590
1609060459.983558178,-12.919716636,9.101269749,4.553039478,-12.877701363,9.087123260,4.554346828,0.044352176
1609060460.025993109,-12.873325262,9.094194282,4.550267230,-12.835885915,9.078790160,4.552778567,0.040562279
1609060460.077687025,-12.820195064,9.087515899,4.546608214,-12.792757934,9.072175797,4.550619857,0.031689243
1609060460.131011009,-12.761207556,9.079544143,4.543286759,-12.743829666,9.067022551,4.549023320,0.022174071
1609060460.180317163,-12.709931790,9.072759741,4.541225345,-12.697677069,9.062403164,4.548077305,0.017446669
1609060460.228507996,-12.656214081,9.066134002,4.539621329,-12.608208510,9.049923071,4.546428084,0.051123977
1609060460.278956175,-12.603544252,9.059412010,4.541348638,-12.560107199,9.045792253,4.546281530,0.045788740
1609060460.329240084,-12.547605458,9.053104409,4.540721849,-12.512095174,9.041133180,4.546099615,0.037857773
1609060460.378509045,-12.484057032,9.044413943,4.540793115,-12.464203452,9.036152406,4.545371042,0.021985793
1609060460.428874016,-12.423821444,9.038094744,4.540436699,-12.418819552,9.031225254,4.544377065,0.009366713
1609060460.480195045,-12.363325666,9.031879357,4.540798188,-12.320331795,9.023729339,4.545093707,0.043969845
1609060460.526538134,-12.306661674,9.026601459,4.540897792,-12.272813456,9.018982064,4.544770325,0.034910651
1609060460.578445196,-12.248401176,9.025255482,4.540086573,-12.225891787,9.013911162,4.544275166,0.025552114
1609060460.625929117,-12.191940687,9.020744031,4.541548565,-12.179492860,9.011670397,4.543949672,0.015589886
1609060460.680358171,-12.125359387,9.015905957,4.542029988,-12.128949837,9.009682358,4.544934256,0.007749793
1609060460.727480173,-12.068173894,9.012838001,4.541972464,-12.035764900,9.003080532,4.545133176,0.033993252
1609060460.778958082,-12.010698559,9.011456658,4.541214058,-11.984997027,9.000636505,4.545347657,0.028190976
1609060460.828413010,-11.950984017,9.008772597,4.540864265,-11.935488093,8.999456692,4.546147266,0.018836662
1609060460.880685091,-11.890199011,9.006676640,4.539967142,-11.888334369,8.998749550,4.545921481,0.010088102
1609060460.929251194,-11.833285318,9.005130477,4.542249054,-11.792142997,8.995483228,4.547982001,0.042645359
1609060460.978983164,-11.776366060,9.004260628,4.546281948,-11.742670188,8.995525958,4.550137293,0.035022420
1609060461.027152061,-11.718279193,9.003578379,4.548841051,-11.693399797,8.994243896,4.553348213,0.026952391
1609060461.079848051,-11.659359633,9.003666512,4.551986664,-11.645428207,8.992801260,4.555419568,0.017997866
1609060461.127817154,-11.602147349,9.003809163,4.555136269,-11.599227557,8.992951808,4.557512231,0.011491412
1609060461.179355145,-11.543632038,9.003997722,4.558829613,-11.497081332,8.995387205,4.563185410,0.047540322
1609060461.226543188,-11.487407395,9.005065069,4.561981125,-11.450138308,8.995223896,4.566043509,0.038759985
1609060461.278989077,-11.429311415,9.007346013,4.566945067,-11.401073723,8.995902185,4.567937211,0.030484633
1609060461.327422142,-11.371971938,9.009742709,4.569930303,-11.342489845,9.001448335,4.569969760,0.030626655
1609060461.380146027,-11.312476582,9.013078143,4.572828632,-11.287440709,9.005351737,4.572328995,0.026205762
1609060461.428488016,-11.255800265,9.017005160,4.575552778,-11.238776944,9.007515813,4.574077218,0.019545292
1609060461.480466127,-11.186958567,9.020348042,4.577799299,-11.143168379,9.015799045,4.576046734,0.044060701
1609060461.526633978,-11.129742233,9.025012157,4.580004626,-11.091407636,9.022628286,4.577437840,0.038494318
1609060461.578130007,-11.067197447,9.032142993,4.580820008,-11.043087481,9.026911605,4.578532034,0.024776858
1609060461.628714085,-11.003304136,9.039427038,4.582627516,-10.997226174,9.031879182,4.579794723,0.010096359
1609060461.680414200,-10.948108608,9.050210962,4.582645297,-10.945904437,9.039598765,4.580599963,0.011029981
1609060461.726855993,-10.891578876,9.059572315,4.585373982,-10.849735766,9.055903674,4.582602763,0.042094945
1609060461.778423071,-10.827554242,9.070607519,4.585809002,-10.806187283,9.062003082,4.583041718,0.023200025
1609060461.826656103,-10.767146275,9.081831124,4.585195592,-10.758500796,9.072117279,4.582520387,0.013276288
1609060461.881693125,-10.702046371,9.095279464,4.582434414,-10.705757137,9.084210008,4.582690307,0.011677676
1609060461.929234982,-10.643289092,9.108649937,4.581530956,-10.605241593,9.107498079,4.581725524,0.038065428
1609060461.978337049,-10.585120286,9.123452921,4.580785130,-10.605241841,9.107502212,4.581738249,0.025694563
1609060462.026682138,-10.525393234,9.139094058,4.578569049,-10.499543131,9.136359237,4.579143498,0.026000713
1609060462.079570055,-10.462897437,9.156682383,4.574599390,-10.449736490,9.150396813,4.577297229,0.014832305
1609060462.129022121,-10.402433496,9.175493149,4.571693970,-10.403140093,9.164074111,4.574279709,0.011729439
1609060462.180023193,-10.342167796,9.197040527,4.568813609,-10.299234847,9.197678663,4.567741555,0.042951073
1609060462.227467060,-10.283043529,9.217063984,4.564958165,-10.249497302,9.215760842,4.563995056,0.033585341
1609060462.279769182,-10.223814501,9.237689125,4.559196948,-10.199299784,9.232864779,4.559997512,0.024997731
1609060462.330918074,-10.160850725,9.261211047,4.554297773,-10.147979367,9.252787359,4.555340813,0.015418116
1609060462.380113125,-10.103827191,9.285199440,4.551111910,-10.098462022,9.272314671,4.551181709,0.013957334
1609060462.427350998,-10.046101841,9.308469695,4.546146499,-9.997105912,9.314159380,4.541772460,0.049518742
1609060462.479017019,-9.986829868,9.333308452,4.541507022,-9.950902185,9.333420650,4.536553096,0.036267787
1609060462.527957201,-9.926598235,9.359794267,4.536347146,-9.896134576,9.358922602,4.531562784,0.030849383
1609060462.580631018,-9.856130755,9.390393484,4.528165059,-9.844711558,9.383487908,4.526681880,0.013427020
1609060462.628690004,-9.795076874,9.418601951,4.522773090,-9.749109204,9.429521348,4.516845201,0.047617222
1609060462.679250002,-9.732730780,9.451300510,4.515368043,-9.697789029,9.455791429,4.511401900,0.035451722
1609060462.727450132,-9.670790241,9.481909440,4.509403427,-9.645403320,9.484255630,4.506446312,0.025666026
1609060462.779249191,-9.616434129,9.516157704,4.504348384,-9.593004785,9.512704701,4.500926681,0.023928340
1609060462.828996181,-9.556428577,9.550738098,4.498550105,-9.544214309,9.539908826,4.495110005,0.016682199
1609060462.879943132,-9.494495136,9.586973229,4.492145836,-9.448470072,9.597545388,4.485194898,0.047732511
1609060462.929316998,-9.436737293,9.622666716,4.486000927,-9.401056274,9.626347987,4.480240280,0.036330041
1609060462.979207039,-9.381099312,9.658917490,4.479664840,-9.356378727,9.654168459,4.474878735,0.025623571
1609060463.027507067,-9.325637638,9.694294750,4.472650826,-9.311184796,9.682910415,4.469017219,0.018753421
1609060463.080178022,-9.269875866,9.731156953,4.462385142,-9.262582473,9.715455261,4.462872705,0.017319770
1609060463.129511118,-9.215732166,9.767571715,4.453559572,-9.215640307,9.747584797,4.455995941,0.020135074
1609060463.178997993,-9.164153938,9.804355462,4.444864055,-9.128551936,9.809874106,4.438759234,0.036540755
1609060463.226540089,-9.113013383,9.841251912,4.434938404,-9.081891484,9.845481418,4.430558539,0.031711899
1609060463.279219151,-9.063974841,9.881912514,4.422715683,-9.037535387,9.880672873,4.422249008,0.026472613
1609060463.330190182,-9.011982305,9.922992204,4.411694661,-8.995340987,9.914901300,4.413395270,0.018581933
1609060463.379824162,-8.965901183,9.963740910,4.402240536,-8.956491067,9.947599737,4.404486723,0.018818425
1609060463.427031994,-8.920383977,10.002706119,4.392236686,-8.872894099,10.021215480,4.387802177,0.051161996
1609060463.479870081,-8.874595743,10.046767516,4.381840444,-8.837047667,10.054831934,4.380023254,0.038447302
1609060463.529342175,-8.829752563,10.088301544,4.372320243,-8.799957494,10.090711609,4.371890689,0.029895469
1609060463.580952168,-8.786281653,10.130148906,4.367381154,-8.766469078,10.124438614,4.364592000,0.020806849
1609060463.628221035,-8.745111346,10.170889397,4.359761226,-8.693337220,10.199029115,4.350487878,0.059652316
1609060463.677978992,-8.699139382,10.216913564,4.350194648,-8.661278561,10.234466391,4.342395305,0.042454367
1609060463.732715130,-8.651768507,10.266344790,4.340906905,-8.629383090,10.271479908,4.334571952,0.023824524
1609060463.778750181,-8.615896783,10.311838441,4.329796895,-8.592216185,10.314234212,4.325883559,0.024121041
1609060463.828248024,-8.574416129,10.359119769,4.319468307,-8.559984482,10.353648576,4.316895800,0.015646858
1609060463.879996061,-8.541313168,10.410022642,4.306894160,-8.503135004,10.428398039,4.299374919,0.043032155
1609060463.933847189,-8.501159758,10.462965470,4.297950461,-8.471007226,10.471064804,4.290970667,0.031992061
1609060463.980240107,-8.466180779,10.509307832,4.287511888,-8.442146024,10.511778372,4.282359652,0.024704626
1609060464.028326035,-8.431521115,10.558120586,4.276481005,-8.415414465,10.550161621,4.274138378,0.018117870
1609060464.080262184,-8.398273232,10.609671309,4.264861153,-8.388438538,10.591867220,4.264469188,0.020343559
1609060464.130795002,-8.365121971,10.660653955,4.253957571,-8.331818360,10.676691667,4.246498772,0.037709050
1609060464.178006172,-8.335982319,10.707657288,4.244126974,-8.307782356,10.719516865,4.237019114,0.031407152
1609060464.226155043,-8.304853025,10.758028302,4.233628506,-8.281794575,10.763204698,4.226549380,0.024669844
1609060464.277084112,-8.276216801,10.811995824,4.223812527,-8.256148313,10.808389696,4.218787563,0.020999968
1609060464.328767061,-8.243973916,10.867846985,4.212698102,-8.230500970,10.853211247,4.210107369,0.020060832
1609060464.378328085,-8.220086952,10.918013439,4.202488145,-8.209204122,10.897970010,4.200284059,0.022913600
1609060464.427219152,-8.191626277,10.971806495,4.192692683,-8.166935052,10.983832849,4.183284881,0.029030957
1609060464.476723194,-8.168784078,11.026129687,4.181571425,-8.142596493,11.033523714,4.174765858,0.028049545
1609060464.528161049,-8.140924351,11.083799505,4.171164015,-8.122804849,11.079752996,4.165875224,0.019304454
1609060464.584477186,-8.114952986,11.144732610,4.158106540,-8.083694855,11.174034116,4.149290642,0.043742074
1609060464.627368212,-8.092739703,11.194138303,4.149735017,-8.061045879,11.224529869,4.141669070,0.044645328
1609060464.677657127,-8.071521350,11.250940027,4.145255591,-8.042875031,11.272085304,4.134258877,0.037264756
1609060464.725933075,-8.048148556,11.307633110,4.137426716,-8.024958124,11.325401178,4.125920108,0.031399083
1609060464.778755188,-8.021525302,11.376574353,4.125064984,-8.003377908,11.383061784,4.117966236,0.020537938
1609060464.829033136,-7.996712808,11.439323337,4.116647878,-7.984146109,11.436252210,4.110654516,0.014257424
1609060464.881244183,-7.977319153,11.506931500,4.105740850,-7.952501229,11.535664357,4.097062320,0.038946416
1609060464.926936150,-7.955907583,11.566111893,4.097408117,-7.936854613,11.589809618,4.089462846,0.031428095
1609060464.979433060,-7.943409416,11.631827036,4.089123950,-7.919013457,11.643376862,4.082956519,0.027687515
1609060465.026580095,-7.925912174,11.693350706,4.079378186,-7.903584049,11.695281048,4.075754333,0.022702505
1609060465.080960035,-7.904524753,11.764920569,4.068222897,-7.890021346,11.748477992,4.068841718,0.021933766
1609060465.131188154,-7.887568045,11.831455008,4.058220048,-7.861302520,11.858571288,4.053517633,0.038043175
1609060465.178850174,-7.872622083,11.894660665,4.048902485,-7.846624869,11.914823235,4.046420362,0.032993110
1609060465.228109121,-7.855911224,11.960608301,4.039463641,-7.836206744,11.966575783,4.039783978,0.020590774
1609060465.278582096,-7.841374130,12.027500928,4.030892792,-7.821003613,12.023263482,4.032075881,0.020840192
1609060465.329045057,-7.825620908,12.095099797,4.021810518,-7.805467119,12.081033542,4.025235728,0.024814648
1609060465.380448103,-7.811958677,12.163117463,4.014204835,-7.783841204,12.193283229,4.012419532,0.041276543
1609060465.427752018,-7.796633387,12.227905471,4.006934651,-7.773761400,12.249418469,4.005247448,0.031444929
1609060465.479211092,-7.786131835,12.294319951,4.000867759,-7.761162803,12.306129062,4.000168379,0.027629636
1609060465.529885054,-7.771443713,12.362717246,3.993822924,-7.749571712,12.362593189,3.995749367,0.021957026
1609060465.579433203,-7.759541200,12.426953940,3.986751500,-7.741682534,12.414029367,3.990021874,0.022286136
1609060465.628167152,-7.746015883,12.492248454,3.980437754,-7.721984373,12.527850298,3.979389696,0.042966303
1609060465.678918123,-7.738326583,12.559256164,3.973821868,-7.712487221,12.581983015,3.975575349,0.034456596
1609060465.726876020,-7.726541555,12.624490047,3.968518552,-7.702909491,12.646751639,3.970873762,0.032551496
1609060465.780047178,-7.719553903,12.694892704,3.966416655,-7.696461117,12.709271298,3.966087151,0.027205317
1609060465.828760147,-7.709050384,12.761847733,3.962152242,-7.687496435,12.768804120,3.962030878,0.022649034
1609060465.880266190,-7.699883569,12.839740402,3.956404025,-7.674787331,12.881585400,3.955320544,0.048805726
1609060465.932221174,-7.689535377,12.913903722,3.951700507,-7.670386890,12.939271095,3.950884241,0.031793623
1609060465.979675055,-7.685417127,12.981738783,3.946557130,-7.664354875,12.998160751,3.947374503,0.026720172
1609060466.027986050,-7.676824296,13.052042463,3.942501479,-7.658058977,13.055317076,3.945342414,0.019259574
1609060466.079845190,-7.675540433,13.124046734,3.940225727,-7.655478246,13.113152937,3.942266948,0.022920138
1609060466.161890984,-7.669831747,13.242991924,3.938755975,-7.649647715,13.225076472,3.938728446,0.026988134
1609060466.229519129,-7.664567822,13.341423107,3.939870759,-7.644238094,13.340409802,3.940491218,0.020364420
1609060466.280148983,-7.663623120,13.413411342,3.941749148,-7.642065603,13.402334862,3.941853645,0.024236870
1609060466.328636169,-7.661497930,13.484455621,3.943044025,-7.637892520,13.523221598,3.944831944,0.045422605
1609060466.378987074,-7.662462842,13.556627735,3.944415163,-7.638837449,13.581336996,3.945451341,0.034202053
1609060466.429597139,-7.662024076,13.630380411,3.946094271,-7.640327205,13.641644456,3.946415281,0.024448640
1609060466.479005098,-7.663773667,13.700427536,3.947769062,-7.640287330,13.702653982,3.947766746,0.023591632
1609060466.527721167,-7.663283538,13.771568927,3.949064722,-7.640276970,13.763592017,3.949050095,0.024350225
1609060466.581521034,-7.667067930,13.847852963,3.950157252,-7.643348383,13.825623907,3.950002201,0.032508028
1609060466.628607988,-7.667879321,13.916518002,3.951370424,-7.648655742,13.946375672,3.952036450,0.035517180
1609060466.679336071,-7.673226628,13.986967237,3.953392087,-7.651214824,14.005348979,3.953010481,0.028680195
1609060466.727976084,-7.675169303,14.057421442,3.954530099,-7.655654503,14.072314747,3.953670839,0.024563718
1609060466.779019117,-7.682009866,14.127542673,3.956011199,-7.661941593,14.139831346,3.954052529,0.023613205
1609060466.829914093,-7.684987435,14.201474481,3.956864187,-7.666365117,14.202213109,3.954297572,0.018812863
1609060466.880611181,-7.694471522,14.273063105,3.956942192,-7.675600331,14.323181295,3.956183963,0.053558657
1609060466.928917170,-7.699325411,14.343412135,3.957281823,-7.682904483,14.384827132,3.956589413,0.044557023
1609060466.979152203,-7.709523137,14.424406097,3.957635418,-7.690395085,14.445699268,3.956917654,0.028632092
1609060467.028021097,-7.715750926,14.498076435,3.957984492,-7.695723169,14.504413534,3.957789793,0.021007327
1609060467.080524206,-7.730370404,14.578096828,3.957172518,-7.704941107,14.566309023,3.957960188,0.028039649
1609060467.126882076,-7.737954281,14.649624319,3.957152244,-7.723285108,14.683202142,3.957692557,0.036646237
1609060467.180591106,-7.752139515,14.727600548,3.956390915,-7.732559487,14.744790989,3.957563571,0.026081869
1609060467.226670980,-7.765636235,14.795459892,3.959014142,-7.742253432,14.806747022,3.957166336,0.026030158
1609060467.279661179,-7.778357618,14.876570964,3.958225376,-7.754039387,14.864952461,3.955612438,0.027077544
1609060467.329204082,-7.790773292,14.951872177,3.956449474,-7.776893914,14.987524078,3.953406659,0.038379081
1609060467.379631042,-7.805175339,15.025650481,3.954221501,-7.789316840,15.048604160,3.952736309,0.027938667
1609060467.427987099,-7.819210902,15.098793430,3.952513323,-7.804026454,15.109519347,3.950657393,0.018683074
1609060467.479583025,-7.838635850,15.172900513,3.950741527,-7.818285332,15.170692167,3.949341389,0.020517815
1609060467.528842211,-7.855427636,15.244936321,3.948487701,-7.833008849,15.233021650,3.948023730,0.025392452
1609060467.580595016,-7.877070714,15.317134933,3.945110490,-7.848872320,15.295756716,3.946809462,0.035426884
1609060467.627780199,-7.893353309,15.385863021,3.943427261,-7.883060313,15.415574873,3.944511322,0.031462916
1609060467.693520069,-7.923536382,15.476916832,3.941201915,-7.899339063,15.474197177,3.943121133,0.024425195
1609060467.770143986,-7.957944113,15.583301651,3.939586335,-7.942621700,15.607356407,3.939900943,0.028522038
1609060467.835719109,-7.987254680,15.675362358,3.937335239,-7.982528999,15.726526662,3.937452147,0.051382212
1609060467.886023998,-8.016340992,15.742257835,3.938797019,-8.003724186,15.782830398,3.936972877,0.042528158
1609060467.932846069,-8.039172853,15.806920852,3.939689763,-8.026640437,15.843592727,3.937923513,0.038794426
1609060467.978756189,-8.064815803,15.867532198,3.940149570,-8.049428659,15.900782745,3.938458968,0.036677257
1609060468.027256012,-8.089897001,15.933105684,3.941552589,-8.070637366,15.955357287,3.939989159,0.029470523
1609060468.081122160,-8.120662099,16.018575726,3.943851897,-8.095741676,16.013098510,3.940697170,0.025709525
1609060468.129112005,-8.147238424,16.085893604,3.945909836,-8.146207499,16.125404538,3.943836765,0.039578711
1609060468.179625988,-8.182492754,16.154125744,3.947273071,-8.173937808,16.182400761,3.945090583,0.029621393
1609060468.227814198,-8.211413165,16.221292929,3.949225947,-8.202065866,16.238326226,3.946439385,0.019628300
1609060468.278457165,-8.251142919,16.270376566,3.947619534,-8.229395024,16.292596072,3.948328750,0.031099525
1609060468.327484131,-8.284863409,16.333932423,3.949188371,-8.257771326,16.345503004,3.951072205,0.029519623
1609060468.380009174,-8.320641673,16.402443331,3.951821642,-8.287505127,16.398878153,3.952520259,0.033335105
1609060468.427757025,-8.354126859,16.462933999,3.953924689,-8.347240913,16.500980457,3.958715848,0.038960293
1609060468.477749109,-8.390911522,16.522613601,3.954814855,-8.375608447,16.547492171,3.961599176,0.029985902
1609060468.527155161,-8.426440138,16.582882488,3.957542203,-8.409618949,16.601981928,3.964719228,0.026443349
1609060468.571753025,-8.459947201,16.632538565,3.961298555,-8.444928862,16.655764230,3.967760782,0.028403211
1609060468.623512030,-8.497665693,16.692624639,3.964495189,-8.477257715,16.703512758,3.970018770,0.023781224
1609060468.674556017,-8.538852816,16.747793007,3.969026879,-8.510518950,16.749574402,3.973029294,0.028670553
1609060468.722122192,-8.575657579,16.801162814,3.971630403,-8.580714052,16.840959433,3.976876549,0.040458137
1609060468.779278040,-8.623058169,16.859497253,3.975201220,-8.614430740,16.882049396,3.979635063,0.024549759
1609060468.825678110,-8.660485907,16.908136423,3.977844882,-8.650507965,16.924926380,3.981492648,0.019868774
1609060468.881869078,-8.709489053,16.963497439,3.981309876,-8.689894954,16.967036524,3.984392925,0.020148425
1609060468.928879976,-8.749897773,17.010810949,3.983966603,-8.767666502,17.046089394,3.987895346,0.039695484
1609060468.978708029,-8.797488674,17.054281711,3.986223086,-8.807324779,17.086239770,3.990137175,0.033665807
1609060469.026169062,-8.841534164,17.099264304,3.988457908,-8.848862446,17.125311396,3.991852956,0.027270517
1609060469.079028130,-8.894059346,17.143520603,3.990623627,-8.891653811,17.162849390,3.993485508,0.019687025
1609060469.128238201,-8.942449248,17.186870993,3.992529590,-8.933983797,17.196315838,3.995579928,0.013045057
1609060469.179890156,-9.003079354,17.240776273,3.994198082,-9.025731756,17.269583474,3.998841166,0.036939740
1609060469.227359056,-9.054902646,17.283508306,3.996092841,-9.072683868,17.300127417,4.001264338,0.024881944
1609060469.277248144,-9.116300109,17.322909048,3.998605357,-9.123354334,17.332769529,4.002631380,0.012774977
1609060469.330085039,-9.180441370,17.368371138,4.000819318,-9.173423211,17.363379052,4.004962384,0.009557220
1609060469.379516125,-9.241966146,17.393659284,4.003007153,-9.222018333,17.394228995,4.007545634,0.020465524
1609060469.428099155,-9.307674840,17.427820043,4.006664178,-9.330857603,17.451431012,4.014023302,0.033898009
1609060469.478720188,-9.375699515,17.464361192,4.011674669,-9.385592341,17.478766272,4.017061037,0.018286259
1609060469.527437210,-9.443621576,17.497797691,4.015949426,-9.442576240,17.506771468,4.022325024,0.011057560
1609060469.582027197,-9.521460500,17.531130112,4.019684842,-9.498105375,17.533058604,4.025753148,0.024207545
1609060469.630171061,-9.590762018,17.559594438,4.023374338,-9.620467704,17.578344432,4.032214717,0.036223505
1609060469.679854155,-9.663405172,17.586382009,4.026984021,-9.681520272,17.602320852,4.036624922,0.025983659
1609060469.728006124,-9.735232755,17.612332041,4.031718834,-9.743326076,17.624550244,4.040974455,0.017333576
1609060469.779536009,-9.812735609,17.636374989,4.037617801,-9.807843472,17.646027804,4.043724167,0.012425682
1609060469.828714132,-9.888383698,17.659879343,4.041808171,-9.872459139,17.663303392,4.046628384,0.016986764
1609060469.880279064,-9.968897741,17.681724909,4.045582082,-10.002519870,17.702155725,4.054488997,0.040338553
1609060469.928411007,-10.043669734,17.702467833,4.049589243,-10.070469049,17.718933949,4.057182746,0.032357342
1609060469.979132175,-10.123598275,17.719508740,4.052917263,-10.136687754,17.733080092,4.059388374,0.019934677
1609060470.027426004,-10.199564616,17.737264188,4.056842882,-10.203654577,17.747458362,4.062130100,0.012190310
1609060470.081245184,-10.283921628,17.751750933,4.061479847,-10.272969228,17.762230163,4.066985671,0.016127102
1609060470.129621983,-10.359947142,17.766753273,4.065269181,-10.408504297,17.786891993,4.071722148,0.052962309
1609060470.178888083,-10.437484253,17.779645552,4.068141774,-10.479382317,17.798049073,4.073655571,0.046092725
1609060470.228217125,-10.515701569,17.792672996,4.071463992,-10.547146504,17.810588420,4.077489275,0.036688560
1609060470.278670073,-10.608567530,17.807748465,4.074959744,-10.615106743,17.819913283,4.080153564,0.014755334
1609060470.328602076,-10.690843803,17.819734705,4.078119350,-10.681661190,17.826144387,4.082318805,0.011959926
1609060470.379962206,-10.776089701,17.827728415,4.080599736,-10.815588995,17.842415057,4.084482464,0.042319821
1609060470.428395987,-10.855950535,17.837021425,4.082923023,-10.880400523,17.847006377,4.087472652,0.026799259
1609060470.478901148,-10.931194069,17.840915947,4.081527753,-10.948860664,17.852120538,4.087950110,0.021883740
1609060470.534272194,-11.022434137,17.845021983,4.083343018,-11.016807465,17.854097043,4.088975804,0.012072466
1609060470.579819202,-11.095358141,17.849677363,4.083820740,-11.075871464,17.859720220,4.088238406,0.022363034
1609060470.629103184,-11.173321634,17.852742492,4.083528243,-11.204413268,17.864848829,4.088532452,0.033738631
1609060470.679993153,-11.252620558,17.853120128,4.082124324,-11.266912865,17.864624762,4.087440618,0.019102085
1609060470.733728170,-11.335447996,17.853074041,4.080605945,-11.337105380,17.864640012,4.086209972,0.012958539
1609060470.778460979,-11.403057777,17.852429629,4.079286215,-11.405431186,17.865183825,4.085359581,0.014324397
1609060470.828742981,-11.477809750,17.850468897,4.077877384,-11.469384622,17.862278387,4.083692656,0.015628955
1609060470.881497145,-11.553277601,17.845860707,4.076460455,-11.588042915,17.854633814,4.080310450,0.036061294
1609060470.927678108,-11.618290369,17.841368330,4.074962443,-11.646757947,17.850746163,4.078345573,0.030162764
1609060471.020473003,-11.744402529,17.828118514,4.070861525,-11.763253446,17.837131612,4.074045685,0.021136033
1609060471.085931063,-11.832613418,17.814445816,4.066627780,-11.874762272,17.823032063,4.069285357,0.043096545
1609060471.133906126,-11.895968477,17.805465688,4.064350110,-11.932035811,17.813579609,4.067144687,0.037074222
1609060471.179148197,-11.954601390,17.796104515,4.063767489,-11.991399867,17.800347692,4.065184323,0.037069393
1609060471.228013039,-12.017478667,17.784234310,4.061678423,-12.045102960,17.788847231,4.063063685,0.028041033
1609060471.278729200,-12.080558938,17.767101430,4.056659422,-12.095900932,17.778153859,4.060980571,0.019396012
1609060471.328710079,-12.142192935,17.751793914,4.054711025,-12.150925121,17.763664088,4.059754289,0.015575192
1609060471.380196095,-12.218254444,17.735426340,4.059771075,-12.258816463,17.729000596,4.056445076,0.041202303
1609060471.428129196,-12.278907910,17.718008771,4.060139244,-12.305847346,17.712432268,4.055623410,0.027878726
1609060471.479714155,-12.345289244,17.689888941,4.057377062,-12.355290462,17.693469998,4.054570448,0.010987512
1609060471.529009104,-12.406030670,17.666368237,4.057950928,-12.407237475,17.669817704,4.053797808,0.005532052
1609060471.582780123,-12.462520935,17.631768619,4.050162968,-12.453881723,17.647530233,4.053129313,0.018217126
1609060471.629180193,-12.517162248,17.601636977,4.049152332,-12.546968084,17.597288060,4.051314386,0.030198930
1609060471.679857016,-12.576473162,17.568879711,4.047264568,-12.591980429,17.570100165,4.049418208,0.015703597
1609060471.727349043,-12.630651085,17.535616991,4.044565391,-12.643922713,17.536417986,4.047530657,0.013622426
1609060471.778539181,-12.685700571,17.496424673,4.040731490,-12.691808206,17.502626394,4.044888284,0.009645905
1609060471.828935146,-12.740103480,17.455786457,4.037595327,-12.735226475,17.468687474,4.042493025,0.014635876
1609060471.880558014,-12.794783141,17.411029856,4.034121093,-12.781383472,17.431120208,4.040470128,0.024969654
1609060471.928007126,-12.843536428,17.368082804,4.031937276,-12.865698634,17.355021569,4.035765813,0.026008016
1609060471.979415178,-12.893622140,17.318544082,4.030937738,-12.904153746,17.315089840,4.033690814,0.011420417
1609060472.028941154,-12.940766544,17.268513807,4.029180325,-12.943366789,17.272942420,4.030817875,0.005390311
1609060472.082103014,-12.988808513,17.212200598,4.027578654,-12.984040498,17.226792189,4.028791151,0.015398657
1609060472.129687071,-13.031050811,17.159373197,4.026094105,-13.058477580,17.132398251,4.024476668,0.038503136
1609060472.179258108,-13.072681649,17.101528618,4.020828540,-13.095002441,17.082018473,4.023289181,0.029747576
1609060472.227492094,-13.112541983,17.044756237,4.018610078,-13.129765215,17.031218419,4.020954650,0.022032005
1609060472.279079199,-13.154130711,16.983900161,4.016491326,-13.165804239,16.977267192,4.018565950,0.013585713
1609060472.329487085,-13.192569470,16.921021082,4.014798866,-13.198210148,16.923527987,4.016936766,0.006532414
1609060472.381889105,-13.230315126,16.852483337,4.012166809,-13.263027144,16.810728653,4.016176993,0.053194091
1609060472.429280996,-13.264368821,16.790395672,4.011728629,-13.295769871,16.752006054,4.014728638,0.049686907
1609060472.480375051,-13.310524098,16.713307692,4.007345783,-13.325890175,16.693925766,4.014050814,0.025626799
1609060472.526813030,-13.345055656,16.648253433,4.006046295,-13.357897318,16.628792163,4.013727130,0.024548819
1609060472.580457211,-13.384750412,16.569030750,4.006345714,-13.391863854,16.560793847,4.012284785,0.012398394
1609060472.628858089,-13.419806066,16.497455546,4.005384167,-13.419216977,16.503495159,4.010881634,0.008188168
1609060472.680225134,-13.445535557,16.420858501,4.007003363,-13.471836112,16.381297489,4.011099475,0.047681978
1609060472.726508141,-13.477005060,16.349482965,4.008534663,-13.500065536,16.316798384,4.010673743,0.040057997
1609060472.778885126,-13.511567382,16.269119645,4.008453450,-13.527138203,16.254659280,4.010037857,0.021308753
1609060472.828325987,-13.540915157,16.195354634,4.009287676,-13.550963834,16.194571055,4.009816986,0.010093070
1609060472.881620169,-13.573205627,16.116054296,4.009848576,-13.573186475,16.134299808,4.010820654,0.018271399
1609060472.928589106,-13.600926890,16.045689039,4.010487625,-13.622654266,16.010790353,4.013017523,0.041187346
1609060472.979053020,-13.628648882,15.972782336,4.011550799,-13.647296342,15.946717969,4.013580391,0.032112275
1609060473.028273106,-13.656020040,15.900573082,4.013056292,-13.669269812,15.885904316,4.016082454,0.019997170
1609060473.079199076,-13.682935920,15.826973123,4.013996077,-13.692742335,15.824451124,4.017837622,0.010829761
1609060473.127213001,-13.708435898,15.757508758,4.016781151,-13.716994343,15.763619272,4.020416241,0.011126511
1609060473.180847168,-13.736047016,15.681352913,4.023102324,-13.758835505,15.643297116,4.025682750,0.044432168
1609060473.228025198,-13.758636182,15.615531646,4.026733876,-13.778090577,15.588176855,4.028614797,0.033619874
1609060473.279670000,-13.783938091,15.544705200,4.027826999,-13.800297334,15.527322086,4.032037056,0.024238854
1609060473.329110146,-13.806468572,15.478401589,4.031225894,-13.820307195,15.469661751,4.034377734,0.016668123
1609060473.380846024,-13.827656423,15.409231921,4.035845040,-13.835462356,15.419139627,4.037724621,0.012752571
1609060473.428627014,-13.846782537,15.348630444,4.038898693,-13.870924459,15.309350387,4.043785290,0.046364146
1609060473.479654074,-13.866886192,15.284545669,4.043644460,-13.887641470,15.258384670,4.046199945,0.033491938
1609060473.528223991,-13.884652135,15.224911664,4.046275792,-13.903700121,15.201379134,4.049365516,0.030432748
1609060473.579666138,-13.905044983,15.155883667,4.052008615,-13.919691890,15.144488972,4.051641478,0.018560866
1609060473.629147053,-13.921554942,15.096276185,4.054428448,-13.935862675,15.092483908,4.053998730,0.014808013
1609060473.680805206,-13.938109643,15.033618429,4.056181784,-13.960110003,14.999357918,4.056254290,0.040716136
1609060473.728483200,-13.951721656,14.979360921,4.057166210,-13.971128108,14.953992888,4.057634593,0.031943182
1609060473.778892040,-13.960920813,14.927032681,4.058607368,-13.980155668,14.910468594,4.059712587,0.025408073
1609060473.832645178,-13.974025059,14.870531023,4.062058532,-13.991371917,14.869005473,4.061388272,0.017426705
1609060473.888217211,-13.985129003,14.815194962,4.065005028,-14.003847868,14.790641485,4.065875915,0.030887337
1609060473.933340073,-13.992427181,14.772436941,4.065557987,-14.010666967,14.753786209,4.067941392,0.026195805
1609060473.979749203,-13.999055776,14.730069500,4.066612835,-14.014951386,14.717729534,4.070527284,0.020500441
1609060474.028207064,-14.004449415,14.688916913,4.068133864,-14.019361168,14.682774786,4.072408931,0.016684193
1609060474.084556103,-14.009223027,14.643567720,4.070019551,-14.020854953,14.650138367,4.074540783,0.014103781
1609060474.137107134,-14.011756713,14.603730940,4.073021645,-14.025667367,14.586728158,4.077712373,0.022463388
1609060474.179860115,-14.012787605,14.573706902,4.075204313,-14.025748220,14.560825081,4.081759794,0.019413737
1609060474.228349209,-14.012273873,14.541506939,4.078499059,-14.023774947,14.533542733,4.084634951,0.015275878
1609060474.277875185,-14.010202552,14.509950986,4.082718503,-14.021794988,14.507206336,4.087198654,0.012727506
1609060474.327560186,-14.007646063,14.480538336,4.085588676,-14.021318301,14.482493515,4.089954925,0.014485059
1609060474.380293131,-14.005022691,14.451616268,4.089570069,-14.014118083,14.434949908,4.093484739,0.019386035
1609060474.427479029,-14.001216655,14.427198241,4.092465904,-14.011067223,14.414863738,4.098026221,0.016735912
1609060474.477905989,-13.995819848,14.402052313,4.094932850,-14.006580471,14.393281400,4.100027114,0.014787543
1609060474.528779030,-13.990047705,14.378880830,4.097430577,-14.001592375,14.373383812,4.102847727,0.013886760
1609060474.581426144,-13.985096069,14.357166268,4.108572294,-13.996619227,14.355016105,4.104752758,0.012328634
1609060474.629651070,-13.979191705,14.338049251,4.111552712,-13.985741648,14.319108007,4.107640755,0.020419987
1609060474.680217981,-13.972783899,14.312679289,4.117203264,-13.979259680,14.301975044,4.108063859,0.015493396
1609060474.727298021,-13.966534602,14.294667872,4.120184763,-13.973156151,14.286299390,4.109512838,0.015091931
1609060474.781194210,-13.958786765,14.274372802,4.116805084,-13.966073965,14.269666376,4.110045731,0.010997390
1609060474.828670979,-13.951538421,14.256692152,4.118414025,-13.959446714,14.254123271,4.110609511,0.011403977
1609060474.881358147,-13.943786309,14.235421567,4.113392476,-13.946497172,14.221354501,4.111294736,0.014478661
1609060474.929676056,-13.937588204,14.220016103,4.113702757,-13.940152222,14.209850945,4.111709085,0.010671427
1609060475.000697136,-13.927541320,14.198633386,4.113220521,-13.927692325,14.185228897,4.112121935,0.013450280
1609060475.084722042,-13.914078155,14.167720506,4.111518286,-13.913809988,14.157170993,4.111357928,0.010554140
1609060475.126618147,-13.907069773,14.153300167,4.110014985,-13.906987768,14.143604330,4.111925074,0.009882531
1609060475.178278208,-13.899222192,14.137098474,4.108727692,-13.899927570,14.130198845,4.106531561,0.007274986
1609060475.229041100,-13.890382486,14.119797944,4.104700986,-13.893415937,14.117573142,4.103348160,0.003997713
1609060475.281843185,-13.881443056,14.102116068,4.100659146,-13.886450919,14.104037815,4.100305618,0.005375573
1609060475.328446150,-13.873541574,14.087059744,4.097196608,-13.872566287,14.078903022,4.095108499,0.008476055
1609060475.379393101,-13.865326420,14.071315989,4.093297253,-13.864996003,14.065017876,4.091533965,0.006548632
1609060475.430552006,-13.856107980,14.053196733,4.088858288,-13.858167314,14.050639175,4.088238118,0.003341643
1609060475.480121136,-13.849215396,14.038824563,4.084012248,-13.851217722,14.037065779,4.084712554,0.002755551
1609060475.529694080,-13.840989599,14.022693001,4.079872248,-13.836492985,14.009301047,4.077397265,0.014341880
1609060475.580530167,-13.832630698,14.006860381,4.077511497,-13.829131243,13.995193174,4.074071857,0.012657054
1609060475.623762131,-13.824902827,13.991528244,4.074137787,-13.821099587,13.980387139,4.070606212,0.012290683
1609060475.681043148,-13.813346907,13.972157011,4.069637075,-13.812960156,13.965269965,4.067552596,0.007205972
1609060475.730020046,-13.803461065,13.954037604,4.066183349,-13.805288989,13.951080963,4.064461476,0.003879160
1609060475.781841040,-13.791878532,13.933865746,4.065172649,-13.786692525,13.918612815,4.059651236,0.017030343
1609060475.829219103,-13.780689507,13.915053547,4.062686662,-13.777532357,13.902365164,4.056302695,0.014550522
1609060475.878290176,-13.767365808,13.893650457,4.056601988,-13.766835206,13.884574033,4.053378562,0.009646424
1609060475.927850008,-13.753778869,13.871782024,4.053406730,-13.756450633,13.866844714,4.050601714,0.006275625
1609060475.980598211,-13.738817020,13.847831064,4.046577496,-13.745772104,13.849469621,4.049057521,0.007563636
1609060476.029070139,-13.724458116,13.823517480,4.044413522,-13.722482320,13.811143094,4.045190096,0.012555169
1609060476.079783201,-13.709568490,13.799116933,4.041567158,-13.711439925,13.792853923,4.043589279,0.006842261
1609060476.149460077,-13.689481085,13.766743857,4.041426506,-13.697187826,13.770470525,4.042618681,0.008643101
1609060476.228608131,-13.662853417,13.723644197,4.038354002,-13.667240857,13.724382841,4.040805668,0.005079950
1609060476.282281160,-13.644583181,13.693674045,4.035837952,-13.638727810,13.678953540,4.039677242,0.016300883
1609060476.327225208,-13.628517214,13.667500686,4.034935734,-13.623205095,13.654690131,4.039571715,0.014622628
1609060476.372508049,-13.612513160,13.641895186,4.033714739,-13.607269895,13.629670779,4.040197568,0.014797129
1609060476.429035187,-13.590807746,13.607821535,4.035029258,-13.591956210,13.606203374,4.040651530,0.005962160
1609060476.480401039,-13.570720251,13.576671974,4.038069203,-13.574212843,13.580121462,4.041312478,0.005883537
1609060476.533285141,-13.548986496,13.541948835,4.038735092,-13.540221131,13.524442421,4.043096911,0.020058206
1609060476.579155207,-13.531568864,13.514026448,4.040526929,-13.521607165,13.495613115,4.043690787,0.021173008
1609060476.628695011,-13.511022569,13.481244128,4.041621061,-13.502461155,13.466386335,4.044612284,0.017406873
1609060476.680046082,-13.488252583,13.446997872,4.043064516,-13.484326434,13.437246006,4.045007077,0.010690514
1609060476.728375196,-13.467133163,13.414138321,4.044623965,-13.465394304,13.408219112,4.046683240,0.006503943
1609060476.779676199,-13.446788157,13.379757469,4.047300318,-13.445834913,13.377282530,4.047813786,0.002701416
1609060476.828135014,-13.425279689,13.345928171,4.048417035,-13.408493156,13.317060955,4.049368529,0.033406724
1609060476.876777172,-13.399966929,13.308271310,4.048226072,-13.389349838,13.286905244,4.049056707,0.023873025
1609060476.927697182,-13.375967588,13.270553222,4.049039890,-13.367532244,13.253129591,4.049313102,0.019360078
1609060476.979966164,-13.350471599,13.228657286,4.046870664,-13.346476959,13.218031277,4.048948516,0.011540654
1609060477.029965162,-13.326324781,13.190239723,4.047065204,-13.326757907,13.186089671,4.049039504,0.004616101
1609060477.080779076,-13.302637511,13.150957656,4.048156251,-13.307588431,13.155507920,4.049000842,0.006777156
1609060477.126787186,-13.281461875,13.115043909,4.047052748,-13.269695624,13.095555300,4.049316368,0.022877380
1609060477.179460049,-13.256827641,13.075690987,4.046581699,-13.251035727,13.065034848,4.048691762,0.012310643
1609060477.227986097,-13.234190061,13.041042937,4.046640020,-13.232764614,13.035862598,4.048324713,0.005630808
1609060477.281500101,-13.209293575,13.001676191,4.045979783,-13.213933953,13.005124901,4.047846438,0.006075452
1609060477.332756996,-13.186550849,12.965691388,4.045335380,-13.178425963,12.948683142,4.048249867,0.019073239
1609060477.378741980,-13.166213168,12.933351422,4.044781332,-13.158464942,12.920159683,4.049062763,0.015886712
1609060477.428728104,-13.143342443,12.898269061,4.044883453,-13.142011634,12.889897579,4.048555569,0.009237814
1609060477.480911016,-13.119915847,12.862600297,4.046324142,-13.124095528,12.861472837,4.048564022,0.004874214
1609060477.529803991,-13.097944567,12.830170104,4.046888907,-13.086736172,12.807595241,4.048804166,0.025276883
1609060477.578423023,-13.076932341,12.798626328,4.048109498,-13.068913679,12.781215616,4.048482541,0.019172141
1609060477.627958059,-13.054675396,12.767109847,4.048416590,-13.051408999,12.754701386,4.049336104,0.012864088
1609060477.680728197,-13.034747588,12.736829138,4.046632525,-13.034108234,12.729321105,4.049325273,0.008001889
1609060477.723581076,-13.016784838,12.711658347,4.047012895,-13.016661228,12.704305508,4.049685741,0.007824553
1609060477.773975134,-12.994148542,12.683559151,4.048828001,-12.998556032,12.679148136,4.050447113,0.006442402
1609060477.828898191,-12.970433967,12.653476229,4.049466072,-12.962790049,12.633152081,4.050587946,0.021743024
1609060477.879162073,-12.951148175,12.624621341,4.048806434,-12.946304254,12.611192867,4.050575715,0.014384639
1609060477.927370071,-12.930368625,12.599014534,4.048127375,-12.926487979,12.587291644,4.050672430,0.012608048
1609060477.979067087,-12.905069422,12.571961672,4.050579017,-12.905966057,12.563435669,4.050821789,0.008576457
1609060478.028429985,-12.882699483,12.547521491,4.050984294,-12.887194338,12.542630954,4.050055023,0.006707057
1609060478.080372095,-12.857007753,12.520725110,4.048074745,-12.850452630,12.504634580,4.049879032,0.017467978
1609060478.126526117,-12.834607886,12.498801527,4.047997275,-12.830790247,12.485994047,4.049592386,0.013459209
1609060478.172044992,-12.812159390,12.478046629,4.047638899,-12.810763280,12.468266440,4.050430321,0.010266122
1609060478.225057125,-12.786837122,12.455226996,4.047179464,-12.792297177,12.452482472,4.050121739,0.006782448
1609060478.281713009,-12.758963815,12.432317228,4.046361431,-12.771696740,12.434932709,4.050130859,0.013534278
1609060478.329128027,-12.734757800,12.413764592,4.045350631,-12.729067523,12.404597432,4.048861101,0.011346342
1609060478.379383087,-12.708790163,12.395163381,4.044045614,-12.706260102,12.390376373,4.048958376,0.007311080
1609060478.427805185,-12.683219256,12.378409235,4.042852486,-12.683974610,12.375098946,4.047884458,0.006070364
1609060478.480800152,-12.655688216,12.362369024,4.042301162,-12.660937246,12.361446916,4.047180797,0.007225886
1609060478.528940201,-12.628779473,12.347998164,4.041421211,-12.636806545,12.349232098,4.046659183,0.009663996
1609060478.580368996,-12.600559510,12.335169852,4.040594120,-12.611739076,12.336910856,4.045987785,0.012534170
1609060478.629499197,-12.572760685,12.322403097,4.039783014,-12.565232527,12.313687250,4.044880984,0.012594779
1609060478.680297136,-12.544269205,12.310221243,4.038867363,-12.539439430,12.304697437,4.043483386,0.008668727
1609060478.728594065,-12.516300646,12.299935669,4.037068231,-12.512611304,12.293077109,4.041206115,0.008818910
1609060478.779266119,-12.485536642,12.288721289,4.034862863,-12.483619270,12.282879596,4.039334161,0.007602249
1609060478.829585075,-12.454763488,12.278584728,4.032615319,-12.456404595,12.274833860,4.037894997,0.006681111
1609060478.880124092,-12.424832599,12.268349181,4.029556415,-12.406298394,12.259198951,4.033978482,0.021137601
1609060478.926433086,-12.396141245,12.260318895,4.027444713,-12.380540210,12.251524632,4.032410905,0.018584790
1609060478.979730129,-12.364066707,12.252112950,4.026688903,-12.352502982,12.246555398,4.030510230,0.013386884
1609060479.029379129,-12.333561718,12.245037080,4.024428532,-12.325874502,12.240513587,4.028312538,0.009728349
1609060479.080957174,-12.299189536,12.234157223,4.023556120,-12.299375890,12.233971905,4.026122219,0.002579522
1609060479.130403042,-12.267597113,12.226503640,4.021839936,-12.244716054,12.225118620,4.022010482,0.022923573
1609060479.180795193,-12.234009767,12.221044057,4.018523380,-12.217955937,12.220069298,4.019848416,0.016137885
1609060479.228103161,-12.202955079,12.214467748,4.016820589,-12.192063963,12.214390387,4.018245618,0.010984221
1609060479.282148123,-12.166071739,12.213727645,4.012926824,-12.165310551,12.210257518,4.016957177,0.005372610
1609060479.328881025,-12.136184996,12.209721497,4.011247362,-12.137743665,12.207177523,4.015395613,0.005109719
1609060479.380424023,-12.102088948,12.204434713,4.009446400,-12.109821036,12.202916304,4.013807241,0.009005980
1609060479.428443193,-12.070428083,12.199852159,4.007359781,-12.056349523,12.193798852,4.010521044,0.015647427
1609060479.481338024,-12.036298547,12.195292849,4.004778994,-12.029657225,12.189946634,4.008790512,0.009422391
1609060479.528342009,-12.005839851,12.189964340,4.003005710,-11.999864816,12.184903280,4.006515303,0.008580945
1609060479.579895020,-11.972894251,12.182951423,4.001727824,-11.970346174,12.178705959,4.004582104,0.005715205
1609060479.629096031,-11.940632829,12.176827888,3.999628115,-11.942167231,12.173812753,4.003042781,0.004806805
1609060479.680663109,-11.907739981,12.170777603,3.996706498,-11.888098214,12.163276990,3.999959126,0.021275287
1609060479.729127169,-11.875565180,12.163272745,3.995374414,-11.860552175,12.156667313,3.998336642,0.016667239
1609060479.779810190,-11.842919328,12.154883818,3.994263169,-11.832197984,12.149453854,3.996981710,0.012321615
1609060479.828247070,-11.809942884,12.146148896,3.992496063,-11.803976178,12.143229362,3.995407244,0.007252602
1609060479.881755114,-11.774141928,12.135890822,3.990253874,-11.774767097,12.133774033,3.993221418,0.003698371
1609060479.928881168,-11.739996516,12.124517414,3.988293236,-11.713616673,12.114148324,3.988716143,0.028347717
1609060479.979612112,-11.705205863,12.112703624,3.986495941,-11.681226791,12.103789019,3.987157651,0.025591092
1609060480.028473139,-11.669515254,12.099821715,3.984859983,-11.650266735,12.091025486,3.985599621,0.021176077
1609060480.078821182,-11.633389658,12.086672446,3.982188126,-11.619391485,12.077898145,3.983951036,0.016614604
1609060480.128672123,-11.595859598,12.071927639,3.981194525,-11.586265950,12.065837707,3.982330912,0.011420015
1609060480.181447983,-11.552271667,12.049910088,3.979361014,-11.552848902,12.051269400,3.981925619,0.002959413
1609060480.227405071,-11.514342827,12.032338267,3.978731544,-11.485901127,12.019138439,3.979744655,0.031371838
1609060480.277834177,-11.471738691,12.011498515,3.977749470,-11.452397264,12.003614220,3.979871944,0.020994233
1609060480.328183174,-11.427832176,11.989530353,3.977544923,-11.413782370,11.984162039,3.979968862,0.015234544
1609060480.379876137,-11.384235955,11.970180183,3.976931502,-11.373318023,11.962508832,3.979407735,0.013571389
1609060480.429113150,-11.341177497,11.947555832,3.976763795,-11.336690707,11.941468307,3.979333334,0.007986975
1609060480.480789185,-11.293567160,11.921479181,3.976667633,-11.264264216,11.902556860,3.979370191,0.034986005
1609060480.532296181,-11.247572491,11.894604523,3.978201714,-11.226443903,11.880338978,3.978975391,0.025505325
1609060480.580609083,-11.202731846,11.868895143,3.978376016,-11.189014603,11.857173439,3.978992116,0.018053827
1609060480.629172087,-11.156784177,11.842143398,3.978153939,-11.149916284,11.834673324,3.979191980,0.010200368
1609060480.680544138,-11.109743775,11.814020686,3.977999306,-11.110430713,11.810585963,3.980010201,0.004038924
1609060480.729022980,-11.065068999,11.786804397,3.978296462,-11.033952981,11.762078436,3.980936791,0.039831534
1609060480.779507160,-11.019949551,11.758799198,3.977980883,-10.995165596,11.738581800,3.982083797,0.032246263
1609060480.830286980,-10.971933632,11.729148479,3.980185766,-10.954728211,11.713770087,3.983358097,0.023293457
1609060480.878767014,-10.926602469,11.701190226,3.982380403,-10.915174620,11.688267876,3.984199345,0.017346222
1609060480.928699017,-10.878999860,11.671601827,3.983064578,-10.875412905,11.662899551,3.984612285,0.009538934
1609060480.981075048,-10.831602381,11.641881555,3.980792617,-10.833068462,11.637851172,3.985626409,0.006462115
1609060481.028006077,-10.786200426,11.613953253,3.980433324,-10.754204915,11.586534758,3.985966879,0.042498316
1609060481.078581095,-10.738821394,11.584729139,3.980433948,-10.716089771,11.562247619,3.986463270,0.032534569
1609060481.128023148,-10.690883063,11.555573749,3.980717200,-10.671020045,11.534775818,3.987405565,0.029526728
1609060481.179006100,-10.645719205,11.527691547,3.983206114,-10.626166319,11.506887081,3.988011595,0.028952268
1609060481.229451180,-10.598109679,11.499102324,3.984026764,-10.586964763,11.480989307,3.988314277,0.021695007
1609060481.281218052,-10.543346290,11.465372810,3.985340387,-10.509069367,11.436273584,3.987731762,0.045026560
1609060481.326537132,-10.498570286,11.439348183,3.985210595,-10.470457059,11.411930148,3.987134415,0.039316705
1609060481.379728079,-10.446900522,11.407320357,3.984439193,-10.432287298,11.388210606,3.986330586,0.024131023
1609060481.444012165,-10.383416417,11.371122851,3.983378201,-10.354488964,11.345885585,3.983343141,0.038389039
1609060481.485725164,-10.349216311,11.352636893,3.981393166,-10.317274059,11.324303392,3.981890695,0.042700612
1609060481.527129173,-10.310941488,11.330211680,3.980667417,-10.280401860,11.303403995,3.980187773,0.040639278
1609060481.580744982,-10.258922403,11.301934347,3.978984332,-10.239581057,11.282504287,3.978230015,0.027425970
1609060481.628387213,-10.214475815,11.279446320,3.977545878,-10.201495082,11.262819917,3.977526421,0.021093532
1609060481.682008028,-10.163669339,11.253701171,3.976249464,-10.165845246,11.244474073,3.975859930,0.009488185
1609060481.727735043,-10.120928714,11.232717512,3.974960226,-10.089540556,11.207636776,3.973429811,0.040206988
1609060481.779087067,-10.075406063,11.210492869,3.972326986,-10.051577827,11.190682907,3.972825783,0.030991422
1609060481.828232050,-10.031023789,11.189849627,3.971342896,-10.015915614,11.172023363,3.972632710,0.023402911
1609060481.879717112,-9.987249544,11.169656890,3.969827373,-9.979683083,11.154517337,3.971584762,0.017016046
1609060481.933407068,-9.941069457,11.148597999,3.969449815,-9.944820724,11.139598803,3.970547652,0.009811359
1609060481.981904984,-9.900103631,11.130205792,3.968303420,-9.871339927,11.107118260,3.968944395,0.036888963
1609060482.028050184,-9.860151940,11.113105611,3.966800486,-9.837930347,11.092860865,3.967805235,0.030077540
1609060482.081947088,-9.816842651,11.094866175,3.964062532,-9.801905392,11.078169333,3.966951814,0.022588806
1609060482.128210068,-9.778044914,11.079468636,3.962236666,-9.764152717,11.065060708,3.965917835,0.020350246
1609060482.180625200,-9.737230978,11.064131627,3.961995127,-9.728698846,11.049866430,3.964520143,0.016812759
1609060482.228815079,-9.697879325,11.048715646,3.959654708,-9.662180914,11.024853684,3.961400033,0.042974596
1609060482.279059172,-9.660660228,11.033295522,3.958770523,-9.628162810,11.013073975,3.960015166,0.038295461
1609060482.327528000,-9.622360721,11.018955599,3.956624345,-9.597268154,10.999560327,3.958785578,0.031788118
1609060482.380026102,-9.576571966,10.999510285,3.954633592,-9.565082451,10.986979553,3.957169865,0.017188976
1609060482.429511070,-9.536731263,10.984505652,3.952336939,-9.533243198,10.976951878,3.955528093,0.008911205
1609060482.482517004,-9.497799827,10.971309952,3.948104429,-9.472221482,10.952889090,3.952312117,0.031800700
1609060482.527718067,-9.462631988,10.958511934,3.945617528,-9.442837814,10.941371723,3.950525407,0.026639884
1609060482.621788979,-9.402930092,10.935209646,3.943484142,-9.386381766,10.922005550,3.946547871,0.021391159
1609060482.734424114,-9.327647411,10.906844445,3.938449065,-9.304027480,10.890338275,3.940145934,0.028865796
1609060482.779277086,-9.297867872,10.895181786,3.936257302,-9.277087624,10.879728351,3.938491178,0.025992645
1609060482.828587055,-9.267082659,10.882569156,3.934601862,-9.251711446,10.868206859,3.937515106,0.021237626
1609060482.881298065,-9.237278233,10.869613205,3.933353468,-9.226499942,10.857520575,3.936725470,0.016546107
1609060482.930871010,-9.207777932,10.856936897,3.933277134,-9.201621414,10.846945156,3.936235651,0.012103323
1609060482.980209112,-9.179499232,10.843599402,3.933572570,-9.177094190,10.834469736,3.935823904,0.009705851
1609060483.028465986,-9.152658263,10.829606716,3.934129597,-9.131786665,10.810125296,3.936511697,0.028650022
1609060483.081049204,-9.127704883,10.815025228,3.935993961,-9.109259597,10.798393932,3.937307176,0.024870729
1609060483.128555059,-9.102011904,10.801409184,3.936839509,-9.087461944,10.785720743,3.938027021,0.021429856
1609060483.180977106,-9.077104743,10.785848795,3.937505255,-9.067135215,10.772056621,3.939717917,0.017161335
1609060483.230127096,-9.051979655,10.769732312,3.938650551,-9.025205234,10.745120661,3.941946260,0.036516636
1609060483.281493187,-9.029085464,10.752957537,3.938795210,-9.005315757,10.729472295,3.942899728,0.033666046
1609060483.328428030,-9.005689325,10.735928482,3.939686934,-8.985765768,10.713795537,3.943744573,0.030054613
1609060483.378969193,-8.984083528,10.716140194,3.945278350,-8.964424604,10.695402434,3.945595847,0.028576717
1609060483.430318117,-8.959608180,10.694179531,3.946924529,-8.944796429,10.676454110,3.946079115,0.023114784
1609060483.480869055,-8.936799298,10.667818645,3.947811331,-8.908422335,10.637174330,3.949090438,0.041784713
1609060483.528273106,-8.913701121,10.643760429,3.949474127,-8.889367281,10.615454339,3.950547590,0.037343310
1609060483.579897165,-8.890745414,10.613395568,3.951078703,-8.870676272,10.592916867,3.951510873,0.028676374
1609060483.628494024,-8.867252255,10.585055281,3.952035778,-8.853515021,10.570814673,3.952113491,0.019786676
1609060483.682538033,-8.845411013,10.550673770,3.952259754,-8.835253287,10.545678987,3.952385261,0.011320027
1609060483.730038166,-8.824677180,10.521209652,3.953868492,-8.799468317,10.492412999,3.952486464,0.038296788
1609060483.772054195,-8.805388700,10.492819535,3.954058414,-8.781147850,10.462740585,3.952861262,0.038649647
1609060483.822942019,-8.783367294,10.457186460,3.953852123,-8.763033657,10.432252508,3.952423104,0.032205603
1609060483.874164104,-8.761738145,10.419057600,3.953091620,-8.745532867,10.401142080,3.952214744,0.024173246
1609060483.923398018,-8.739643228,10.380744574,3.952370018,-8.728318705,10.368127975,3.951181701,0.016995161
1609060483.980666161,-8.718155934,10.336295785,3.951489247,-8.711051327,10.334463936,3.951132807,0.007345622
1609060484.028288126,-8.697977178,10.298854410,3.951191282,-8.677509631,10.267582986,3.948879237,0.037445533
1609060484.081130028,-8.676426412,10.257102189,3.951653271,-8.659976527,10.233109138,3.947452258,0.029392410
1609060484.131193161,-8.655167573,10.215318215,3.949100366,-8.641806082,10.197063361,3.946091134,0.022821582
1609060484.179687977,-8.635584887,10.173806395,3.945992652,-8.624951820,10.161546777,3.943471959,0.016422979
1609060484.229885101,-8.612771231,10.128766380,3.942999759,-8.591633182,10.085807498,3.937734296,0.048166459
1609060484.281463146,-8.592255966,10.082521515,3.938309164,-8.575615625,10.047517557,3.934838615,0.038913015
1609060484.329643011,-8.570041858,10.039585330,3.934516430,-8.557503770,10.010142557,3.931710434,0.032124043
1609060484.380283117,-8.549652709,9.994487490,3.930755148,-8.539726041,9.970428978,3.927744522,0.026199515
1609060484.429648161,-8.526577315,9.950703783,3.926330373,-8.520713214,9.932222818,3.923717974,0.019564211
1609060484.481362104,-8.505972521,9.906094059,3.918390250,-8.485348972,9.860284969,3.913487593,0.050476128
1609060484.534080029,-8.480544374,9.860015537,3.911450045,-8.465844048,9.823479896,3.909207882,0.039445912
1609060484.579492092,-8.456010660,9.817077053,3.910035569,-8.445874587,9.787289274,3.904641864,0.031924032
1609060484.629556179,-8.428312302,9.773714770,3.903661657,-8.426386134,9.752552591,3.899379014,0.021676922
1609060484.681941986,-8.401097263,9.727031833,3.893606998,-8.404538803,9.716727671,3.893120933,0.010874567
1609060484.730236053,-8.371375672,9.686124857,3.887288700,-8.358504373,9.648477993,3.882941262,0.040023205
1609060484.779811144,-8.343942265,9.644860814,3.879023511,-8.334155803,9.614862451,3.877498237,0.031591187
1609060484.828018188,-8.315946022,9.607695755,3.874406033,-8.310488819,9.583953244,3.872401643,0.024443925
1609060484.878533125,-8.283470111,9.568392183,3.867770121,-8.284659860,9.552438962,3.866270225,0.016067683
1609060484.930534124,-8.252325537,9.531322267,3.862288623,-8.258595598,9.522264639,3.860917812,0.011101054
1609060484.981159210,-8.217703131,9.494962600,3.855348594,-8.201685982,9.462780897,3.850185817,0.036316186
1609060485.028194189,-8.183640755,9.462589546,3.848457955,-8.173891837,9.437525537,3.844716398,0.027152260
1609060485.079768181,-8.147815203,9.428942093,3.840169369,-8.141601034,9.410360960,3.839558141,0.019602245
1609060485.129080057,-8.110470443,9.398424634,3.833220126,-8.111788502,9.384590871,3.834359764,0.013943065
1609060485.180635214,-8.072764733,9.369511196,3.825946369,-8.080096755,9.361291910,3.829773832,0.011660389
1609060485.228953123,-8.033711517,9.342271622,3.820447794,-8.012490530,9.315549947,3.820647946,0.034123574
1609060485.278696060,-7.992991741,9.315439402,3.815048637,-7.978540199,9.294278813,3.816176295,0.025649351
1609060485.329076052,-7.948324790,9.289838654,3.809045826,-7.939587888,9.270232055,3.811482029,0.021602945
1609060485.380200148,-7.907389748,9.265035655,3.801050966,-7.897551065,9.248075658,3.806257484,0.020286670
1609060485.430720091,-7.861312301,9.241704062,3.795322455,-7.858177151,9.229537444,3.801843100,0.014155373
1609060485.481105089,-7.820221059,9.220370358,3.792452780,-7.782924955,9.194484314,3.792221594,0.045399780
1609060485.527322054,-7.776190905,9.201287403,3.787978950,-7.742812601,9.177606777,3.788596222,0.040929992
1609060485.581003189,-7.726259441,9.182331368,3.783085637,-7.701232046,9.162221939,3.784463481,0.032134998
1609060485.629459143,-7.679036361,9.164656968,3.778789240,-7.662795330,9.148558324,3.779680847,0.022885201
1609060485.682391167,-7.624287405,9.145522820,3.768572331,-7.622143996,9.133002781,3.775263008,0.014356557
1609060485.728686094,-7.576474574,9.130366957,3.763866631,-7.538087038,9.107511194,3.768548534,0.044921142
1609060485.780714035,-7.524741718,9.112804647,3.758437167,-7.496793957,9.094202303,3.765007939,0.034209642
1609060485.828873158,-7.474626042,9.097625665,3.753841131,-7.459639856,9.080741964,3.762185005,0.024067932
1609060485.880715132,-7.425221816,9.080146992,3.753212109,-7.421341483,9.069009773,3.759105509,0.013184339
1609060485.935539007,-7.372173158,9.064921133,3.748933075,-7.337651989,9.045807272,3.752291114,0.039602112
1609060485.979164124,-7.327238727,9.051717028,3.744577437,-7.298118824,9.032985234,3.748203071,0.034813706
1609060486.027441025,-7.280734755,9.036850867,3.742428603,-7.256907813,9.020928261,3.744767139,0.028752761
1609060486.080199003,-7.228621902,9.020445320,3.737595538,-7.214522428,9.009527260,3.740916001,0.018139037
1609060486.128912210,-7.181312846,9.005548112,3.731388745,-7.173984392,8.997515567,3.735886716,0.011766893
1609060486.179495096,-7.134597362,8.990828120,3.723016885,-7.133882313,8.983960136,3.729284290,0.009325281
1609060486.228121042,-7.088487342,8.975829347,3.714847984,-7.054993860,8.959607415,3.715530383,0.037221366
1609060486.281726122,-7.040524184,8.957793885,3.705672389,-7.017325622,8.945290994,3.708584052,0.026513644
1609060486.327965021,-6.999234945,8.941187020,3.697520304,-6.979113830,8.929457382,3.699991166,0.023421119
1609060486.380213022,-6.955528039,8.922182738,3.688730413,-6.944426724,8.914316270,3.693488470,0.014413869
1609060486.428727150,-6.912333583,8.902307728,3.679472898,-6.868163707,8.880817030,3.677118050,0.049176960
1609060486.481432199,-6.870571011,8.882517098,3.670883384,-6.832778552,8.861580924,3.668698977,0.043259277
1609060486.527513027,-6.831882049,8.861842235,3.662546385,-6.799200688,8.842721579,3.661671039,0.037873963
1609060486.580152035,-6.792501245,8.836953910,3.655456934,-6.766059750,8.824531304,3.654215934,0.029240620
1609060486.629222155,-6.753155322,8.813459470,3.646811827,-6.732426155,8.803805581,3.646249966,0.022873819
1609060486.680812120,-6.714554223,8.789327786,3.639038712,-6.669589591,8.760030715,3.631139835,0.054245080
1609060486.728094101,-6.678122029,8.763542101,3.631100028,-6.636775732,8.735878215,3.623494883,0.050325392
1609060486.779956102,-6.637487758,8.729388636,3.623326646,-6.606423444,8.710487059,3.615797431,0.037134220
1609060486.829302073,-6.599997111,8.698121687,3.615609375,-6.577443845,8.684411453,3.608521320,0.027328755
1609060486.881893158,-6.561435899,8.661530954,3.603779824,-6.546452092,8.656970747,3.601030440,0.015901857
1609060486.933675051,-6.522523840,8.624656593,3.595375505,-6.491357201,8.601440790,3.588721826,0.039428472
1609060486.980293036,-6.492343274,8.590512516,3.585833226,-6.465132605,8.573442784,3.582909846,0.032254339
1609060487.030152082,-6.458163575,8.555887427,3.578824503,-6.438449333,8.545723325,3.575988339,0.022360772
1609060487.081585169,-6.422777493,8.516934107,3.571119527,-6.411760437,8.514482163,3.570225597,0.011321955
1609060487.134253025,-6.391401225,8.476575523,3.565178945,-6.358500440,8.450889116,3.558405280,0.042286353
1609060487.179390192,-6.361945260,8.440691895,3.558793656,-6.333220786,8.416318453,3.553241169,0.038078736
1609060487.229357004,-6.330558114,8.400010436,3.551942749,-6.307257259,8.380925521,3.548038221,0.030371189
1609060487.281926155,-6.299292891,8.357563625,3.545102946,-6.283241945,8.346868217,3.543570575,0.019348715
1609060487.332370996,-6.269956149,8.315325565,3.539944329,-6.260375088,8.313987289,3.539288777,0.009696261
1609060487.381510019,-6.242693588,8.273177691,3.535102058,-6.212722579,8.241729897,3.531655996,0.043578669
1609060487.429805994,-6.215165568,8.232601082,3.530457198,-6.191704918,8.208291041,3.527330246,0.033928719
1609060487.481407166,-6.187162057,8.189499919,3.525320611,-6.169244574,8.171961269,3.523854794,0.025115514
1609060487.531018019,-6.159179821,8.146865135,3.519920996,-6.147733047,8.136014923,3.519448095,0.015779080
1609060487.573276997,-6.140485246,8.113201632,3.516874885,-6.127121995,8.101388417,3.516156076,0.017850635
1609060487.623480082,-6.113081343,8.070470082,3.511341999,-6.085312408,8.029205903,3.506886530,0.049936935
1609060487.680495024,-6.084586320,8.022148677,3.504681038,-6.065334830,7.994335525,3.502491355,0.033896697
1609060487.728843212,-6.058598633,7.981638231,3.498965783,-6.043692740,7.954510652,3.497820199,0.030974240
1609060487.780599117,-6.037860392,7.937860932,3.492434661,-6.021345708,7.913220648,3.492399990,0.029662764
1609060487.831240177,-6.012945955,7.894873614,3.486036458,-6.001011372,7.876785315,3.488004589,0.021759926
1609060487.881911993,-5.985522830,7.848580119,3.479629637,-5.965532057,7.807299020,3.477871129,0.045900462
1609060487.928303003,-5.962108958,7.808667842,3.473398761,-5.946384743,7.771130320,3.472727495,0.040703404
1609060487.979984045,-5.941496885,7.761189879,3.467478408,-5.928009516,7.735311417,3.467588960,0.029182463
1609060488.029487133,-5.917162864,7.718041706,3.460852496,-5.911495457,7.701105023,3.462062055,0.017900664
1609060488.082446098,-5.898771501,7.671098914,3.451918884,-5.893041116,7.665715801,3.455951502,0.008836131
1609060488.130092144,-5.879971880,7.629930626,3.445268429,-5.859080849,7.597848177,3.443749693,0.038314818
1609060488.181658030,-5.857203361,7.585072404,3.436860668,-5.842178755,7.561548312,3.436836036,0.027912762
1609060488.228613138,-5.839277770,7.546609068,3.429276744,-5.825536470,7.527431117,3.430766567,0.023639726
1609060488.281764984,-5.817164411,7.501842291,3.420602180,-5.810332436,7.495488853,3.424337589,0.010049644
1609060488.328850031,-5.798697394,7.463231197,3.413925707,-5.778542129,7.427676684,3.410820844,0.040987782
1609060488.380331039,-5.780488790,7.422463970,3.407945174,-5.763198586,7.394705826,3.404531221,0.032880401
1609060488.429883003,-5.761314569,7.383066285,3.400436930,-5.747615781,7.360990016,3.398553666,0.026049283
1609060488.480764151,-5.742282104,7.343448445,3.392405128,-5.732062451,7.327814694,3.392068875,0.018680700
1609060488.535542011,-5.723352670,7.300485255,3.382168244,-5.716439310,7.294587994,3.385679762,0.009741817
1609060488.580343008,-5.707304706,7.265537534,3.374907465,-5.701216954,7.260835100,3.379015028,0.008720418
1609060488.629785061,-5.687627392,7.228324955,3.367671554,-5.669968747,7.196793478,3.367269662,0.036141712
1609060488.681182146,-5.670643172,7.189368726,3.363136946,-5.654970632,7.167440152,3.362475348,0.026961613
1609060488.733952999,-5.649331529,7.151524539,3.356938582,-5.638226826,7.136649964,3.357135765,0.018563574
1609060488.780320168,-5.631060863,7.118121609,3.350940483,-5.621209410,7.108034582,3.351963283,0.014136667
1609060488.830223083,-5.608663372,7.084163981,3.344672971,-5.588601716,7.051426909,3.341553805,0.038521618
1609060488.878646135,-5.592239730,7.052782564,3.337648355,-5.572802076,7.022984039,3.336429022,0.035598613
1609060488.926599026,-5.572510546,7.019391936,3.331889785,-5.556392503,6.993312027,3.331676372,0.030659394
1609060488.980388165,-5.550329135,6.980481465,3.324418617,-5.538552151,6.961617749,3.327407359,0.022438130
1609060489.026468992,-5.529878402,6.949250106,3.319486372,-5.521296244,6.932821950,3.323077537,0.018879466
1609060489.085741043,-5.503523743,6.905655929,3.313102841,-5.487245798,6.878157334,3.316173304,0.032102522
1609060489.127518177,-5.483681798,6.876734663,3.310220287,-5.471245054,6.848236076,3.314171235,0.031344091
1609060489.181252003,-5.462699112,6.838238583,3.309967320,-5.449637553,6.821695288,3.312409112,0.021219031
1609060489.229586124,-5.443056416,6.805970225,3.309156203,-5.431805035,6.795126939,3.309816691,0.015639906
1609060489.282239199,-5.417652564,6.769184079,3.306474000,-5.412671658,6.766252711,3.307865452,0.005944618
1609060489.327752113,-5.396078236,6.739480930,3.305693499,-5.374285211,6.712195045,3.304337097,0.034947035
1609060489.379934072,-5.369003030,6.704109438,3.303314396,-5.352958623,6.684064009,3.302681403,0.025683514
1609060489.424185991,-5.344991165,6.674937067,3.301243523,-5.331821177,6.657719900,3.301335282,0.021676897
1609060489.474608183,-5.320213173,6.643957909,3.298749799,-5.310724730,6.632402964,3.299747721,0.014984764
1609060489.524008036,-5.293155293,6.611278633,3.296604707,-5.288378829,6.605264092,3.298176471,0.007839627
1609060489.573360205,-5.269239905,6.579054676,3.294864832,-5.244007017,6.552198943,3.293848156,0.036864110
1609060489.623059988,-5.240117789,6.546999231,3.292360023,-5.220853251,6.525239291,3.292310368,0.029062344
1609060489.680881023,-5.209891543,6.511079435,3.289121180,-5.196836090,6.498616568,3.290439871,0.018097150
1609060489.728197098,-5.179963216,6.481698113,3.286492513,-5.171072675,6.472104797,3.288377159,0.013214588
1609060489.780966043,-5.150181228,6.450878359,3.283344939,-5.145556105,6.445607461,3.287110909,0.007959690
1609060489.828963041,-5.119244245,6.422190465,3.280846320,-5.094206085,6.394548398,3.283454418,0.037387103
1609060489.879400015,-5.089865264,6.393958426,3.278701459,-5.069356790,6.371914698,3.281176441,0.030210080
1609060489.928678036,-5.057055300,6.366513524,3.275904586,-5.039568910,6.345237581,3.278820593,0.027693730
1609060489.979420185,-5.026170859,6.338306239,3.275995082,-5.008979415,6.319112248,3.276149091,0.025767785
1609060490.031026125,-4.989522077,6.311391040,3.273961072,-4.979154948,6.296846912,3.274506050,0.017869136
1609060490.081745148,-4.949583166,6.282642515,3.270582330,-4.920770405,6.256461726,3.271319901,0.038937808
1609060490.129084110,-4.912007684,6.259404551,3.268578488,-4.890651640,6.235903862,3.269643582,0.031772589
1609060490.180391073,-4.874172976,6.232304252,3.265636697,-4.858946253,6.216551980,3.267923294,0.022027611
1609060490.229308128,-4.834767791,6.208621326,3.263281009,-4.829154879,6.198588310,3.265969124,0.011806445
1609060490.280956984,-4.797383094,6.184157201,3.262782609,-4.798127351,6.179117359,3.263906102,0.005216911
1609060490.329324007,-4.762493093,6.163683201,3.261757109,-4.737125996,6.144259623,3.260644500,0.031968780
1609060490.380764008,-4.720646603,6.140666334,3.259489394,-4.704578608,6.126366826,3.258999347,0.021515030
1609060490.429780006,-4.684487927,6.120879984,3.257017905,-4.673989428,6.108368636,3.256992770,0.016332573
1609060490.481692076,-4.643126063,6.098616930,3.254452721,-4.643974691,6.092063533,3.255103839,0.006640115
1609060490.529579163,-4.607180957,6.077243082,3.251762751,-4.580072168,6.057053776,3.250287925,0.033832966
1609060490.579999208,-4.570583491,6.054276445,3.247785169,-4.549908138,6.038775231,3.247173730,0.025848244
1609060490.629163027,-4.533155242,6.033114277,3.244634904,-4.518577763,6.019855401,3.244313015,0.019707975
1609060490.681888103,-4.495700185,6.010536798,3.241913852,-4.486513198,6.001656765,3.241067926,0.012805127
1609060490.728027105,-4.461418763,5.989302725,3.238255848,-4.455806323,5.981659797,3.237316481,0.009528706
1609060490.781954050,-4.424432445,5.963375205,3.233773129,-4.424475296,5.960417708,3.233262668,0.003001531
1609060490.830234051,-4.388711284,5.939145471,3.228962685,-4.364142444,5.918985058,3.225773398,0.031941223
1609060490.882236004,-4.356662883,5.910988264,3.223148531,-4.335407688,5.896364443,3.221238267,0.025870612
1609060490.927493095,-4.325020949,5.884318387,3.218450070,-4.306368236,5.871916528,3.217383432,0.022424708
1609060490.979726076,-4.290917906,5.853559768,3.214017847,-4.277817629,5.846718609,3.213480964,0.014788745
1609060491.030094147,-4.256123813,5.821152260,3.209889493,-4.222620811,5.793021374,3.206499970,0.043878090
1609060491.081507206,-4.224651848,5.787825491,3.206675123,-4.195774182,5.764389555,3.203693240,0.037310244
1609060491.128799200,-4.192605141,5.754718798,3.203852279,-4.169106391,5.734753238,3.201251134,0.030944803
1609060491.179252148,-4.158771986,5.713740955,3.203778884,-4.142169490,5.701667794,3.199336802,0.021003243
1609060491.237707138,-4.120030875,5.666266628,3.201711300,-4.090340021,5.634459026,3.195204551,0.043995546
1609060491.285046101,-4.092088595,5.624486596,3.198846247,-4.064113771,5.597913761,3.192980909,0.039027022
1609060491.327813148,-4.063377415,5.586549280,3.197124238,-4.038490509,5.560351065,3.192400220,0.036442021
1609060491.379707098,-4.033646013,5.537636917,3.193525377,-4.013500261,5.522034509,3.191378276,0.025571400
1609060491.431063175,-4.003508551,5.490472174,3.194643344,-3.990229863,5.485691272,3.190550282,0.014694684
1609060491.483215094,-3.970974524,5.438759730,3.194808157,-3.965973521,5.445483800,3.191148958,0.009144008
1609060491.534535170,-3.942014767,5.388314328,3.194891425,-3.919041186,5.361370827,3.191977099,0.035527890
1609060491.580775023,-3.914219927,5.340790304,3.195419564,-3.895304886,5.317450666,3.193192675,0.030124350
1609060491.630144119,-3.886080085,5.289828861,3.195474283,-3.871596516,5.273114523,3.194094456,0.022159576
1609060491.681989193,-3.858672443,5.235583448,3.195302180,-3.849766553,5.228901869,3.195929593,0.011151324
1609060491.729292154,-3.833211284,5.185720251,3.195834479,-3.829133901,5.187650558,3.196400448,0.004546587
1609060491.782570124,-3.805857152,5.130014883,3.196564067,-3.784858974,5.098009120,3.199630126,0.038401733
1609060491.829774141,-3.780164258,5.081737030,3.198565500,-3.763925618,5.056209410,3.201103976,0.030361105
1609060491.882502079,-3.753439554,5.028841805,3.201863392,-3.741759376,5.011577996,3.203013489,0.020875545
1609060491.929095984,-3.727637017,4.981065177,3.202725473,-3.720992311,4.969665736,3.203921009,0.013248724
1609060491.981079102,-3.702786685,4.929187609,3.201591503,-3.700487900,4.928558717,3.204745271,0.003952995
1609060492.029659986,-3.674748214,4.881176249,3.201579455,-3.655129652,4.843308350,3.207089595,0.043002645
1609060492.080188990,-3.650247375,4.831912990,3.204131389,-3.633943006,4.803434333,3.207944615,0.033036450
1609060492.128679991,-3.623045514,4.785502997,3.204568678,-3.611002685,4.761478332,3.208347344,0.027138397
1609060492.182240009,-3.595310204,4.737570007,3.204547122,-3.589180966,4.723560605,3.208270828,0.015738389
1609060492.230466127,-3.567908811,4.693925465,3.204696181,-3.542692384,4.647225290,3.207833778,0.053165957
1609060492.279041052,-3.537648579,4.646022535,3.204420866,-3.518365525,4.610372105,3.208062725,0.040694625
1609060492.328356028,-3.506159445,4.603357311,3.204109510,-3.493402829,4.574662235,3.207848599,0.031624665
1609060492.380124092,-3.473174074,4.556317081,3.202932432,-3.466819070,4.539121285,3.207841168,0.018978334
1609060492.428395033,-3.439165156,4.516939349,3.203090435,-3.439471868,4.504566067,3.208018658,0.013322146
1609060492.484305143,-3.404286501,4.472204334,3.204367791,-3.385992000,4.443769429,3.209911273,0.034263141
1609060492.534708023,-3.369788722,4.436722475,3.207621430,-3.356648628,4.414114568,3.211132559,0.026383851
1609060492.579715014,-3.336639086,4.404757588,3.209749716,-3.326930996,4.384746394,3.213330199,0.022528088
1609060492.630504131,-3.298862593,4.369943648,3.211189579,-3.298351328,4.360258222,3.214631762,0.010291623
1609060492.682944059,-3.258171281,4.335565636,3.213986806,-3.266403364,4.332971734,3.216635948,0.009028480
1609060492.730010033,-3.222593221,4.307760328,3.216348934,-3.201103353,4.284853059,3.220585444,0.031693933
1609060492.779417038,-3.187030388,4.280316326,3.218823667,-3.167986267,4.261301456,3.222875498,0.027215090
1609060492.828896046,-3.147415918,4.253195395,3.222111132,-3.134825952,4.238559232,3.225500692,0.019601368
1609060492.881380081,-3.105985466,4.226036181,3.226026215,-3.100137384,4.216246976,3.229099918,0.011810007
1609060492.929259062,-3.067125126,4.201849551,3.229954529,-3.064866152,4.195713653,3.232641618,0.007069135
1609060492.980987072,-3.025939815,4.177325187,3.234075921,-3.028526560,4.174427889,3.236056913,0.004360036
1609060493.029018164,-2.983634827,4.155139572,3.237675487,-2.958571463,4.135057385,3.242188162,0.032431939
1609060493.079579115,-2.943893023,4.132042054,3.243954344,-2.922918644,4.116735716,3.245304397,0.026000599
1609060493.128925085,-2.901432443,4.109511291,3.247687575,-2.886407097,4.097187428,3.248131554,0.019437997
1609060493.180499077,-2.859888441,4.084868048,3.247714812,-2.851639131,4.078082054,3.249714198,0.010867307
1609060493.228688002,-2.817272936,4.062905087,3.248952077,-2.781173357,4.041390048,3.252356812,0.042162409
1609060493.280271053,-2.779139013,4.041300106,3.249771144,-2.745748712,4.021707744,3.252869983,0.038837812
1609060493.328587055,-2.738166457,4.017606644,3.249751966,-2.710321055,3.999935933,3.252744508,0.033114585
1609060493.380046129,-2.690802937,3.988008651,3.247813248,-2.672423585,3.975660834,3.252795997,0.022695748
1609060493.428469181,-2.648201830,3.961208249,3.247142711,-2.635112776,3.952465592,3.253031316,0.016805744
1609060493.480937004,-2.603341807,3.926538196,3.248060437,-2.567651824,3.905626464,3.251602512,0.041516523
1609060493.529367208,-2.560041075,3.895443198,3.247216981,-2.532539672,3.878478870,3.251280253,0.032567249
1609060493.579791069,-2.518228598,3.860654495,3.250193897,-2.496910515,3.850924507,3.250728555,0.023439693
1609060493.628499031,-2.476492645,3.825919428,3.249312892,-2.463239674,3.824049623,3.249206015,0.013384649
1609060493.682790041,-2.429344321,3.784488122,3.247310677,-2.428404229,3.792664809,3.247636454,0.008236997
1609060493.728916168,-2.390948677,3.749313567,3.244814393,-2.361029762,3.729210011,3.244788498,0.036045736
1609060493.780441999,-2.345796454,3.705981743,3.242059906,-2.325410757,3.693198186,3.243257351,0.024092112
1609060493.829635143,-2.304885708,3.663340857,3.239580530,-2.292081848,3.657052042,3.241448752,0.014386741
1609060493.883442163,-2.262084272,3.615768635,3.236960069,-2.259343047,3.622228898,3.238913895,0.007284693
1609060493.929495096,-2.223912671,3.572201890,3.234733807,-2.191568300,3.542221051,3.235737674,0.044113680
1609060493.978958130,-2.185159146,3.522518440,3.232140926,-2.159084841,3.499883402,3.234381800,0.034601096
1609060494.028350115,-2.144772880,3.471542028,3.230088115,-2.125415477,3.454313186,3.234099123,0.026222704
1609060494.082203150,-2.103954281,3.414878096,3.229117177,-2.090688389,3.409114652,3.232799628,0.014925201
1609060494.129577160,-2.064563565,3.361753954,3.227290944,-2.058871205,3.364294182,3.230420373,0.006974886
1609060494.183086157,-2.023484409,3.302054113,3.226849818,-1.991515558,3.264740085,3.229604412,0.049213128
1609060494.228484154,-1.986198496,3.248636237,3.225906386,-1.960718796,3.217288761,3.228997738,0.040514637
1609060494.280737162,-1.949133878,3.187065197,3.225902699,-1.926748641,3.163868435,3.227845597,0.032294945
1609060494.329248190,-1.909661546,3.127809709,3.225294454,-1.893656536,3.111677271,3.226773194,0.022772847
1609060494.374109983,-1.876651337,3.072928158,3.222823165,-1.862042060,3.059907569,3.226303853,0.019876667
1609060494.429419041,-1.832422599,3.002935926,3.221558236,-1.796710871,2.950190359,3.224332308,0.063758276
1609060494.481046200,-1.784363055,2.927202797,3.226003894,-1.765327827,2.896246124,3.224341653,0.036378821
1609060494.533081055,-1.739706192,2.856112810,3.226191520,-1.730076865,2.837573805,3.223563262,0.021055316
1609060494.580868006,-1.702419493,2.786040228,3.223385003,-1.697214749,2.780494806,3.223064885,0.007612065
1609060494.630129099,-1.660154660,2.716688525,3.223393854,-1.633088229,2.667181617,3.221314744,0.056461034
1609060494.679522991,-1.624583033,2.645301988,3.218348965,-1.600595119,2.608029371,3.220332261,0.044368924
1609060494.730046988,-1.584677451,2.574245521,3.217593823,-1.567574717,2.549367349,3.220536377,0.030332912
1609060494.779560089,-1.543203219,2.502266486,3.217205716,-1.534147918,2.488909696,3.220489774,0.016467767
1609060494.830006123,-1.503531279,2.428751337,3.217774547,-1.503404247,2.431117246,3.220670708,0.003741845
1609060494.881098986,-1.460294426,2.352927743,3.218033020,-1.435695247,2.307606769,3.221762066,0.051701219
1609060494.928388119,-1.422732999,2.282775198,3.218679612,-1.402540359,2.244393296,3.221081630,0.043435962
1609060494.981044054,-1.384372106,2.205037559,3.219814564,-1.370315429,2.183008123,3.221011268,0.026159479
1609060495.029597044,-1.345064113,2.132617447,3.219728285,-1.338951074,2.124635702,3.220376968,0.010074636
1609060495.082610130,-1.303453493,2.052947159,3.218785795,-1.304259948,2.061595074,3.221049786,0.008975659
1609060495.129621983,-1.264906172,1.983565199,3.219592167,-1.237795808,1.936062033,3.221006990,0.054713109
1609060495.180171013,-1.225240719,1.910245320,3.221553037,-1.202918384,1.871570894,3.222882980,0.044674004
1609060495.229920149,-1.182953969,1.834964390,3.223224810,-1.167532852,1.805522412,3.223792771,0.033240991
1609060495.281436205,-1.146521363,1.759472076,3.225147221,-1.134313002,1.741766178,3.225028440,0.021507139
1609060495.335170031,-1.102619541,1.679740698,3.227264675,-1.101136290,1.679511269,3.226810097,0.001568219
1609060495.382240057,-1.068551515,1.610391117,3.228817427,-1.065809835,1.612928732,3.227376389,0.004004110
1609060495.429296017,-1.029632530,1.540461884,3.230864453,-1.000211104,1.486879204,3.231467122,0.061131719
1609060495.483244181,-0.990361678,1.460002211,3.234366961,-0.967205642,1.424889304,3.233416363,0.042071628
1609060495.528154135,-0.954583069,1.393809373,3.237182106,-0.933704499,1.361103850,3.235569885,0.038835102
1609060495.580590010,-0.908195724,1.310425582,3.239191323,-0.901207160,1.296931098,3.236480045,0.015436714
1609060495.628806114,-0.867423791,1.237364987,3.242245561,-0.837113574,1.172769303,3.241678384,0.071355682
1609060495.681596041,-0.827701343,1.151586412,3.244796403,-0.805307655,1.110413621,3.243975734,0.046875893
1609060495.728053093,-0.788857911,1.079337639,3.248199709,-0.775228782,1.050720609,3.246988666,0.031719934
1609060495.781130075,-0.749389689,0.994777728,3.250347031,-0.745857485,0.991173127,3.249720354,0.005085502
1609060495.830497026,-0.712166302,0.917773737,3.254272006,-0.683124295,0.868421135,3.254519745,0.057264115
1609060495.881890059,-0.671239186,0.837654885,3.257616499,-0.652257294,0.805430910,3.257045853,0.037403507
1609060495.929169178,-0.637112711,0.766260411,3.260191134,-0.623170721,0.745758375,3.260086996,0.024793617
1609060495.979615211,-0.598205523,0.688800730,3.263128882,-0.591049538,0.681773144,3.262922529,0.010031832
1609060496.030449152,-0.561006735,0.612877973,3.266176988,-0.560611592,0.620334410,3.265620562,0.007487604
1609060496.082633018,-0.525352814,0.536485820,3.269387873,-0.499661366,0.493562529,3.271095501,0.050053725
1609060496.130023003,-0.490775824,0.468293601,3.271792803,-0.469570200,0.433154098,3.274114971,0.041107854
1609060496.181450129,-0.455371300,0.395018155,3.274505456,-0.440845864,0.372602337,3.277456459,0.026873139
1609060496.229318142,-0.422819043,0.327079796,3.278294740,-0.414741500,0.316836397,3.280386927,0.013211782
1609060496.281906128,-0.388636071,0.254339816,3.282860939,-0.386991772,0.256650381,3.284046962,0.003073935
1609060496.329352140,-0.355665843,0.189184138,3.286599233,-0.334255418,0.148136035,3.292019429,0.046612569
1609060496.380367041,-0.326980785,0.124164316,3.293874645,-0.309930181,0.095996610,3.294562718,0.032933512
1609060496.429882050,-0.295528169,0.061196882,3.297939541,-0.284939612,0.041553059,3.297386038,0.022322717
1609060496.482614040,-0.267641917,-0.005312918,3.302795016,-0.258637283,-0.013177068,3.300757036,0.012127722
1609060496.530198097,-0.238725640,-0.062803514,3.305655437,-0.210631409,-0.116113964,3.306498570,0.060266083
1609060496.579577208,-0.213202488,-0.119740833,3.306822697,-0.187430686,-0.167036459,3.308461700,0.053886440
1609060496.629139185,-0.184288192,-0.178462934,3.310041348,-0.163613048,-0.217272934,3.311504005,0.043997921
1609060496.680529118,-0.152399178,-0.243832187,3.311332401,-0.141382721,-0.266433336,3.313924211,0.025276308
1609060496.729876995,-0.124264737,-0.299440212,3.313701670,-0.119887506,-0.314175011,3.316544079,0.015631818
1609060496.781874180,-0.098867981,-0.358789305,3.315399539,-0.098299298,-0.362419990,3.318586986,0.004864678
1609060496.830726147,-0.072180586,-0.411281479,3.316783576,-0.057081996,-0.451065930,3.321169145,0.042778536
1609060496.879760027,-0.049844741,-0.466238540,3.320595081,-0.038959558,-0.491149925,3.321262613,0.027193931
1609060496.931555986,-0.027962869,-0.518056971,3.322665172,-0.018386848,-0.536647688,3.321388132,0.020951033
1609060496.979130030,-0.004759192,-0.565608759,3.322334497,0.002798505,-0.581568063,3.320808969,0.017724147
1609060497.030738115,0.018591927,-0.615641898,3.320597679,0.021536078,-0.621414183,3.320352940,0.006484382
1609060497.082527161,0.042883574,-0.665421840,3.318683657,0.055830229,-0.695718915,3.317330175,0.032975151
1609060497.128504992,0.063781171,-0.706957571,3.316496705,0.073792077,-0.733090481,3.315870689,0.027991769
1609060497.180168152,0.085014058,-0.752308670,3.313103318,0.091132686,-0.769152604,3.313450407,0.017924179
1609060497.229369164,0.106153867,-0.795448308,3.310227021,0.106370274,-0.803048078,3.310915316,0.007633944
1609060497.282119989,0.126829963,-0.839758202,3.306912939,0.123442517,-0.839577249,3.307996109,0.003561009
1609060497.331099033,0.146256400,-0.879343108,3.303469184,0.155815628,-0.908944826,3.300499561,0.031248347
1609060497.379763126,0.164004713,-0.916823249,3.299340675,0.172546617,-0.943541423,3.296483047,0.028195585
1609060497.430797100,0.185962605,-0.956545544,3.294020975,0.188564341,-0.976454909,3.292615384,0.020127780
1609060497.479521990,0.201319245,-0.996774162,3.289780778,0.204139743,-1.010155358,3.287844360,0.013811637
1609060497.539794207,0.224417672,-1.043605821,3.282469061,0.235044667,-1.075728058,3.278412434,0.034076786
1609060497.585959196,0.240622620,-1.079233232,3.275434322,0.251135148,-1.107690187,3.273065840,0.030428954
1609060497.628929138,0.258020942,-1.112438103,3.269248563,0.266199512,-1.138513539,3.268508030,0.027337991
1609060497.679800987,0.273588190,-1.151260874,3.264197144,0.282451264,-1.172252752,3.262130762,0.022879750
1609060497.728677988,0.293816794,-1.189253629,3.257554461,0.298506463,-1.204324963,3.256194411,0.015842596
1609060497.782530069,0.317949826,-1.233188615,3.249365705,0.314620593,-1.235499023,3.250150742,0.004127719
1609060497.828576088,0.338826792,-1.268382677,3.243452759,0.348055942,-1.299843965,3.237289541,0.033361281
1609060497.881426096,0.357831365,-1.313910888,3.233380581,0.364203626,-1.330343563,3.232067036,0.017673820
1609060497.928340197,0.379196661,-1.351179115,3.227444458,0.382777432,-1.366105469,3.226017563,0.015416030
1609060497.980730057,0.397577572,-1.392374900,3.219352631,0.401406560,-1.402633319,3.219736480,0.010956444
1609060498.030624151,0.416645355,-1.432945761,3.212399298,0.418626662,-1.435508598,3.214974384,0.004138210
1609060498.081089020,0.439356076,-1.474253859,3.206747738,0.451847201,-1.500109200,3.207053620,0.028716205
1609060498.129364014,0.459180566,-1.512473073,3.203658841,0.469733985,-1.532517544,3.205384221,0.022718548
1609060498.179213047,0.481819789,-1.553141810,3.199989519,0.488028155,-1.566068542,3.202800150,0.014613140
1609060498.229629040,0.505013399,-1.593730130,3.196688594,0.504650558,-1.598114643,3.200512090,0.005828784
1609060498.282165051,0.527710537,-1.635143989,3.194058377,0.523496433,-1.631570006,3.197928202,0.006745930
1609060498.330411196,0.549433479,-1.671731040,3.192509333,0.560594924,-1.696362574,3.196577976,0.027346740
1609060498.380028009,0.570424082,-1.710681425,3.191382754,0.579103814,-1.730486854,3.195990700,0.022109408
1609060498.428318977,0.592006995,-1.750004457,3.191325762,0.598085001,-1.763263175,3.195829693,0.015265031
1609060498.482119083,0.615149838,-1.791760197,3.192749749,0.616225576,-1.795394515,3.195500316,0.004683065
1609060498.530372143,0.638685800,-1.830437032,3.192426902,0.636340672,-1.830204000,3.194826871,0.003363596
1609060498.580444098,0.658577597,-1.871723188,3.194912297,0.675411420,-1.899004356,3.193846242,0.032074541
1609060498.629819155,0.682460249,-1.911420520,3.194596419,0.695225138,-1.933949241,3.193127648,0.025935361
1609060498.681581020,0.703716528,-1.952766885,3.192359115,0.714873379,-1.970383204,3.192855119,0.020857997
1609060498.728110075,0.726618085,-1.991311540,3.191905040,0.735261492,-2.006046526,3.191339901,0.017092328
1609060498.786158085,0.749040045,-2.042204575,3.189910902,0.774662945,-2.078536311,3.188508770,0.044480265
1609060498.829328060,0.769719858,-2.080850109,3.188370435,0.793086814,-2.117108541,3.187203392,0.043151483
1609060498.881321192,0.797868025,-2.131159537,3.188989061,0.812392514,-2.154024829,3.185371746,0.027328873
1609060498.928911209,0.822823618,-2.175680864,3.187423106,0.833828395,-2.195656532,3.183215617,0.023191278
1609060498.980941057,0.846335509,-2.230165426,3.182904574,0.854665039,-2.235844598,3.180585920,0.010344574
1609060499.029283047,0.872990288,-2.276901676,3.180991105,0.875196330,-2.277531282,3.177600593,0.004093727
1609060499.083007097,0.898403567,-2.332000070,3.175670748,0.918051659,-2.362276772,3.173779257,0.036142826
1609060499.128166199,0.918572613,-2.376820991,3.174675238,0.938644391,-2.404922256,3.172494595,0.034602205
1609060499.180455208,0.946502006,-2.431329630,3.172383873,0.957290314,-2.446111225,3.170533068,0.018393167
1609060499.228965044,0.969505391,-2.480608838,3.172653205,0.978292701,-2.489510503,3.169128772,0.012995310
1609060499.279461145,0.996196898,-2.535538077,3.170647511,0.999394010,-2.532796268,3.168082031,0.004931605
1609060499.330644131,1.022289314,-2.590417703,3.168103642,1.042146209,-2.626644836,3.165356811,0.041403460
1609060499.381079197,1.047248769,-2.644408740,3.165372383,1.064241826,-2.673838470,3.164834574,0.033987677
1609060499.429335117,1.072434007,-2.697306576,3.163867910,1.084904091,-2.717344362,3.164096649,0.023602291
1609060499.481731176,1.097191217,-2.755070727,3.163281713,1.105016195,-2.763968826,3.163326733,0.011849408
1609060499.528813124,1.121603890,-2.807118853,3.162727588,1.124735219,-2.809377011,3.162861648,0.003862962
1609060499.632210016,1.174191091,-2.918445539,3.162741780,1.187770824,-2.950116038,3.161000473,0.034503069
1609060499.673256159,1.191067758,-2.959926278,3.164040431,1.206800512,-2.993947799,3.160523285,0.037647759
1609060499.721397161,1.215893585,-3.011225887,3.164050479,1.226380554,-3.040015523,3.159493533,0.030977175
1609060499.790719032,1.245986843,-3.083889512,3.161161391,1.265266504,-3.128293905,3.159222049,0.048448081
1609060499.834521055,1.267185879,-3.128717373,3.160723751,1.284326081,-3.174698080,3.158607495,0.049117110
1609060499.881643057,1.285493299,-3.175045757,3.160847681,1.302470931,-3.218113242,3.158249873,0.046365903
1609060499.929025173,1.306545331,-3.222376003,3.159933381,1.320014983,-3.257837555,3.158504897,0.037960424
1609060499.979601145,1.330931156,-3.278403139,3.159955404,1.338005211,-3.299189578,3.157511995,0.022092726
1609060500.030206203,1.355592872,-3.327426894,3.158510168,1.354948048,-3.339277395,3.155804845,0.012172467
1609060500.082598209,1.376703949,-3.377334618,3.155444967,1.372929120,-3.380834588,3.154294448,0.005274734
1609060500.131497145,1.398956697,-3.421901184,3.153219342,1.407341831,-3.458257745,3.149749377,0.037471999
1609060500.180402040,1.415505387,-3.466958157,3.146764570,1.421589136,-3.492261742,3.145584250,0.026051422
1609060500.229773998,1.434590050,-3.509177114,3.143488446,1.437404597,-3.527880031,3.140470138,0.019152832
1609060500.278079033,1.454301297,-3.549529035,3.136860730,1.452683628,-3.560550785,3.135748733,0.011195194
1609060500.330481052,1.470018895,-3.589424684,3.128123270,1.466991840,-3.593602264,3.128545511,0.005176246
1609060500.384297132,1.489964846,-3.630168849,3.118703863,1.495986430,-3.658248757,3.112539869,0.029372360
1609060500.430405140,1.505300075,-3.662478005,3.109536049,1.510504367,-3.687486119,3.104255764,0.026083939
1609060500.481509209,1.520594299,-3.696534995,3.097658444,1.523348550,-3.713684257,3.094869053,0.017591582
1609060500.528917074,1.536114201,-3.726416035,3.085146880,1.536279054,-3.740406006,3.082876498,0.014173958
1609060500.580059052,1.550995509,-3.756364071,3.070447444,1.548835110,-3.764451528,3.070365887,0.008371435
1609060500.630463123,1.566217298,-3.785056295,3.053718825,1.573627832,-3.811679199,3.041276756,0.030306767
1609060500.682104111,1.581150550,-3.813669330,3.035881590,1.585106289,-3.832768592,3.026873700,0.021484221
1609060500.730499029,1.595826123,-3.839351278,3.019134400,1.595903317,-3.854930496,3.011753347,0.017239429
1609060500.779981136,1.603705093,-3.863514700,3.002559342,1.605706461,-3.875862683,2.996498489,0.013900075
1609060500.830636978,1.616850115,-3.888006238,2.985429522,1.616179586,-3.896660228,2.981851546,0.009388455
1609060500.879229069,1.625911554,-3.910852371,2.964693092,1.634981431,-3.936735734,2.950692225,0.030793431
1609060500.929196119,1.637879016,-3.934198332,2.945183602,1.643560054,-3.955311500,2.935289826,0.023998477
1609060500.980226994,1.645173307,-3.959194234,2.924401321,1.651979785,-3.973264996,2.920011838,0.016235210
1609060501.030568123,1.656006623,-3.981067905,2.906678200,1.660450400,-3.990549418,2.905599035,0.010526672
1609060501.082099199,1.667663592,-4.004703553,2.892228930,1.669043758,-4.008770463,2.892024796,0.004299568
1609060501.130629063,1.679170332,-4.025268872,2.879654585,1.685280341,-4.044226078,2.868670499,0.022745505
1609060501.181288004,1.686796006,-4.048517185,2.865110139,1.692215348,-4.060390321,2.858543936,0.014610121
1609060501.229866028,1.697323549,-4.070270785,2.852774180,1.698273766,-4.078063103,2.848806990,0.008795551
1609060501.279139996,1.702827269,-4.093183724,2.838582823,1.704442747,-4.094989274,2.839058625,0.002469042
1609060501.331067085,1.708982393,-4.115921223,2.827109218,1.710206641,-4.113678458,2.828942473,0.003144774
1609060501.383850098,1.718267261,-4.141575065,2.811449699,1.723253554,-4.153280315,2.803293118,0.015113101
1609060501.428828001,1.724199092,-4.162522698,2.796790328,1.729516336,-4.173094190,2.788991298,0.014172311
1609060501.481386185,1.733738906,-4.188993339,2.777070330,1.735739741,-4.192130285,2.774240043,0.004674857
1609060501.528599024,1.741889565,-4.212262976,2.759255024,1.741968008,-4.212664702,2.758640250,0.000738569
1609060501.581145048,1.748879435,-4.238295233,2.740519357,1.748291162,-4.232697575,2.744467033,0.006874880
1609060501.629769087,1.757183692,-4.262763140,2.724401214,1.762380132,-4.274994108,2.716278272,0.015575037
1609060501.678136110,1.763876800,-4.286513499,2.709549197,1.768981116,-4.296033736,2.702940701,0.012663379
1609060501.729612112,1.773240944,-4.313633119,2.693185896,1.777551096,-4.316403409,2.689973841,0.006047249
1609060501.791958094,1.783677760,-4.345933452,2.674602744,1.790370331,-4.358932917,2.666102011,0.016912689
1609060501.833837032,1.792967569,-4.366954699,2.663029441,1.797908308,-4.381429826,2.653239880,0.018159728
1609060501.881379128,1.798567385,-4.388961878,2.648791543,1.805084512,-4.401128735,2.640890758,0.015903703
1609060501.927842140,1.808867267,-4.411517035,2.634085081,1.812226884,-4.422244135,2.627442357,0.013056932
1609060501.979767084,1.816538931,-4.436514479,2.617267795,1.825054556,-4.438562150,2.611524716,0.010473384
1609060502.030068159,1.827873384,-4.460903058,2.599664094,1.827800200,-4.463356763,2.598046002,0.002940110
1609060502.081687212,1.835840824,-4.482149063,2.584000158,1.843388201,-4.503028009,2.571089873,0.025682070
1609060502.129033089,1.846606858,-4.503475797,2.569595280,1.851217309,-4.522968999,2.557784611,0.023253669
1609060502.177217007,1.856664823,-4.528065130,2.554021695,1.858268396,-4.541673740,2.545176453,0.016309629
1609060502.228680134,1.869189500,-4.550775391,2.536596532,1.866207391,-4.561311068,2.530079985,0.012742011
1609060502.281580210,1.876477606,-4.575164540,2.514513113,1.874370041,-4.580009990,2.513603691,0.005361648
1609060502.331065178,1.887900022,-4.595530382,2.496862235,1.881955459,-4.598176492,2.497798745,0.006573947
1609060502.379868984,1.895610824,-4.614824849,2.481183480,1.896324288,-4.630264915,2.469318897,0.019485199
1609060502.429216146,1.901642525,-4.632216497,2.467086593,1.903005225,-4.645504936,2.456424674,0.017091404
1609060502.478612185,1.911086812,-4.649152478,2.452557808,1.909194679,-4.658640443,2.445465323,0.011996040
1609060502.529726028,1.917914192,-4.666524308,2.437447757,1.915735964,-4.672265867,2.432909506,0.007635830
1609060502.581580162,1.926085323,-4.682508099,2.421395286,1.922228836,-4.685122498,2.419888843,0.004896626
1609060502.628553152,1.933914797,-4.694181708,2.407697810,1.934614586,-4.705594494,2.397796479,0.015125400
1609060502.679982185,1.939958195,-4.706167200,2.393717610,1.940349513,-4.715312269,2.387783267,0.010908797
1609060502.729335070,1.946620481,-4.718409967,2.381692140,1.945905371,-4.724189657,2.378431082,0.006674631
1609060502.779874086,1.952779962,-4.729463051,2.369817335,1.951917065,-4.732926576,2.367916740,0.004043866
1609060502.831654072,1.959724543,-4.739047354,2.356746945,1.957777822,-4.741222748,2.356534268,0.002926993
1609060502.876046181,1.964407149,-4.746934996,2.345241449,1.967535255,-4.754052077,2.332783973,0.014684230
1609060502.925194979,1.972501284,-4.754802007,2.330603689,1.973602540,-4.761593341,2.319560346,0.013011166
1609060502.972741127,1.975263424,-4.763878616,2.312442301,1.978939358,-4.767139541,2.306380142,0.007803583
1609060503.024496078,1.984240920,-4.771189931,2.294444464,1.984531290,-4.772492103,2.291925556,0.002850414
1609060503.074285984,1.988453886,-4.775732403,2.279189584,1.989905706,-4.776998206,2.277965558,0.002282165
1609060503.123784065,1.996695864,-4.781433690,2.262393583,2.001895641,-4.786329638,2.249926267,0.014368088
1609060503.173135042,2.000195458,-4.787129580,2.244542376,2.008139990,-4.791332266,2.234913642,0.013171586
1609060503.222823143,2.009324473,-4.793243758,2.225470273,2.014414780,-4.796226762,2.218758307,0.008936444
1609060503.283221006,2.019105327,-4.801196265,2.198117205,2.020541485,-4.801181930,2.202482354,0.004595354
1609060503.329416037,2.028349965,-4.807938804,2.178631946,2.033505407,-4.812048320,2.168373006,0.012194776
1609060503.379991055,2.035522885,-4.816526070,2.155300806,2.033505367,-4.812047471,2.168374356,0.013965886
1609060503.429008007,2.046879145,-4.824267721,2.133757020,2.048794616,-4.823419146,2.132056423,0.002698358
1609060503.478389978,2.052963325,-4.833349524,2.114733344,2.055578919,-4.829078665,2.115369677,0.005048415
1609060503.532170057,2.062525594,-4.839641570,2.092607016,2.062853630,-4.834688989,2.098448637,0.007665520
1609060503.583558083,2.073368439,-4.848508934,2.070926823,2.078887706,-4.848114194,2.063939490,0.008912965
1609060503.628724098,2.079513360,-4.853661224,2.054599132,2.086496528,-4.855307463,2.047513469,0.010083717
1609060503.681049109,2.089937960,-4.863419191,2.033827008,2.093956935,-4.863170865,2.031962962,0.004437172
1609060503.730980158,2.099090758,-4.873637591,2.015193212,2.102212998,-4.871639815,2.016125590,0.003822148
1609060503.781499147,2.107718807,-4.884872926,1.998443356,2.109895162,-4.879423758,2.003262249,0.007592870
1609060503.830842018,2.117505708,-4.894817723,1.984924481,2.126867848,-4.899106965,1.978080339,0.012364852
1609060503.876079082,2.125474108,-4.904200560,1.973232907,2.134292528,-4.908698156,1.967278370,0.011552031
1609060503.923665047,2.135429841,-4.915589991,1.959526199,2.142161754,-4.919246032,1.955194536,0.008800488
1609060503.973829985,2.142596517,-4.929060196,1.945443052,2.149879764,-4.930112080,1.941969634,0.008137369
1609060504.025320053,2.153735102,-4.941625170,1.929593574,2.157417400,-4.940665039,1.929012164,0.003849572
1609060504.075659990,2.158378246,-4.952908737,1.913746691,2.165037356,-4.952413106,1.914822228,0.006763593
1609060504.124380112,2.167304185,-4.965649721,1.899183841,2.176832004,-4.974772111,1.890508764,0.015787790
1609060504.175167084,2.170913325,-4.978149384,1.884839967,2.181283235,-4.986006525,1.878297295,0.014562838
1609060504.224220037,2.177915279,-4.990255074,1.869894582,2.186339672,-4.996163101,1.866003159,0.011000834
1609060504.273495197,2.183063449,-5.002416487,1.853902657,2.191555814,-5.006360492,1.853701466,0.009365678
1609060504.325726032,2.191058588,-5.015108914,1.837868816,2.201105382,-5.028193526,1.829016547,0.018721854
1609060504.372953176,2.198220144,-5.025396841,1.825277510,2.205538876,-5.038947114,1.816161367,0.017896307
1609060504.428673029,2.207389979,-5.038086383,1.809030442,2.209739791,-5.048827840,1.804245642,0.011991448
1609060504.478152037,2.209526797,-5.051487821,1.793179237,2.213741732,-5.057878791,1.792746741,0.007667936
1609060504.529919147,2.218001589,-5.062140075,1.777848424,2.218180541,-5.066767637,1.780611415,0.005392632
1609060504.581017017,2.218006885,-5.073073660,1.764359212,2.224229530,-5.084263047,1.755061660,0.015823026
1609060504.631231070,2.220426096,-5.081951910,1.749578997,2.227282661,-5.092436384,1.742189888,0.014544264
1609060504.682337999,2.225645085,-5.091627532,1.733280694,2.229689811,-5.100100306,1.729740215,0.010034076
1609060504.729389191,2.226898229,-5.102813479,1.718228199,2.231868833,-5.107703037,1.716600027,0.007160001
1609060504.781613111,2.228169742,-5.113264089,1.702740810,2.232605624,-5.115397426,1.704476617,0.005219311
1609060504.830829144,2.228930343,-5.122287124,1.688612818,2.232912142,-5.129815051,1.680873793,0.011507254
1609060504.881592989,2.228098267,-5.131431110,1.674211233,2.232458809,-5.136552181,1.669604291,0.008152522
1609060504.929919004,2.227311584,-5.139018606,1.661471687,2.231508891,-5.143125380,1.658911742,0.006405958
1609060504.979718208,2.224599303,-5.146180829,1.648653195,2.230089493,-5.149392448,1.647730544,0.006427128
1609060505.031477213,2.221785501,-5.153410849,1.634822253,2.228025662,-5.155438672,1.637366654,0.007037446
1609060505.083100080,2.218026348,-5.160196588,1.620975677,2.222447071,-5.167626639,1.615805945,0.010073459
1609060505.129166126,2.215142658,-5.166593238,1.609156063,2.218833393,-5.173024941,1.606420973,0.007903736
1609060505.179536104,2.208118375,-5.173288953,1.596861033,2.214019420,-5.179113933,1.596495301,0.008299788
1609060505.229914188,2.203015396,-5.180480888,1.583777456,2.208788005,-5.185298527,1.587093144,0.008217448
1609060505.288335085,2.194522769,-5.188578528,1.571335618,2.196975499,-5.196991064,1.568267868,0.009284274
1609060505.329346180,2.189155046,-5.194616212,1.562467309,2.189959832,-5.203088405,1.559896877,0.008890043
1609060505.378872156,2.178499867,-5.202806864,1.554385784,2.182170065,-5.209262077,1.551427438,0.007993244
1609060505.430555105,2.171716140,-5.210040807,1.544026206,2.174908205,-5.214993430,1.543457146,0.005919593
1609060505.479947090,2.164395306,-5.218423507,1.533729539,2.167630549,-5.220849735,1.534713497,0.004161917
1609060505.532739162,2.158253568,-5.226187626,1.523095878,2.159774396,-5.227257937,1.525592767,0.003113348
1609060505.582180977,2.146301717,-5.234111817,1.511651727,2.142667173,-5.239890272,1.508934878,0.007347226
1609060505.672855139,2.129575828,-5.249417185,1.491682902,2.127134200,-5.251997530,1.490778222,0.003665812
1609060505.743427038,2.115795312,-5.260034434,1.473820779,2.111749490,-5.264329664,1.469306137,0.007429648
1609060505.785398006,2.110521220,-5.266304890,1.462203139,2.105622276,-5.269352277,1.458356963,0.006933923
1609060505.830541134,2.102411147,-5.272294276,1.451991918,2.099587683,-5.274465517,1.446778556,0.006313903
1609060505.880026102,2.097357698,-5.278887138,1.437688967,2.094147937,-5.279075014,1.435299732,0.004005784
1609060505.928045988,2.092838218,-5.284677724,1.422928602,2.089004406,-5.283706028,1.422459917,0.003982709
1609060505.980888128,2.084225745,-5.291562066,1.404852875,2.084048041,-5.287981753,1.408917819,0.005419777
1609060506.030166149,2.079533163,-5.297086043,1.388406941,2.079702151,-5.292415089,1.395330002,0.008353152
1609060506.082507133,2.074387794,-5.302684957,1.370172655,2.075404168,-5.296871806,1.380647769,0.012023050
1609060506.131301165,2.071210244,-5.306367589,1.352430353,2.070236269,-5.303733037,1.350404762,0.003463021
1609060506.181574106,2.068549620,-5.309652697,1.333347182,2.068540886,-5.307173654,1.334855021,0.002901605
1609060506.229834080,2.069123598,-5.313064088,1.314387725,2.067620044,-5.309989181,1.318572406,0.005406226
1609060506.283174038,2.065517830,-5.315210192,1.294057179,2.066595555,-5.312673865,1.303211049,0.009559696
1609060506.329013109,2.066771023,-5.317866331,1.277119679,2.065768412,-5.315564746,1.286953986,0.010149686
1609060506.381528139,2.063415004,-5.321378853,1.260080709,2.066810378,-5.321458667,1.256959631,0.004612597
1609060506.429151058,2.065775729,-5.324811991,1.245591594,2.067743253,-5.324013964,1.244029942,0.002635670
1609060506.479460001,2.063990878,-5.327298888,1.231321723,2.068418454,-5.326436365,1.231975622,0.004557955
1609060506.528196096,2.066323830,-5.330200070,1.217754267,2.069284775,-5.329207694,1.219640627,0.003648337
1609060506.575851202,2.065982840,-5.332124462,1.203874889,2.070615229,-5.331903075,1.208148772,0.006306673
1609060506.625441074,2.069908934,-5.334751375,1.191131858,2.073517564,-5.337746999,1.186320255,0.006719189
1609060506.676068068,2.070904596,-5.339174299,1.175632391,2.074891216,-5.340844543,1.176667130,0.004444495
1609060506.725394011,2.074829026,-5.343111794,1.163850769,2.076531009,-5.344410528,1.167091903,0.003884379
1609060506.773559093,2.074626402,-5.347801727,1.153005335,2.077910283,-5.347837600,1.157588037,0.005637936
1609060506.823841095,2.076147476,-5.352378734,1.141641628,2.079933314,-5.351790695,1.147887331,0.007327153
1609060506.874558210,2.079356934,-5.357276474,1.129279361,2.084317462,-5.360438414,1.127112343,0.006269025
1609060506.971599102,2.083455267,-5.369257017,1.104035600,2.088456419,-5.370377066,1.104817623,0.005184360
1609060507.042611122,2.084542007,-5.375764925,1.080261483,2.093177063,-5.380624646,1.078706807,0.010029861
1609060507.086133003,2.087473741,-5.381754228,1.064999138,2.094926008,-5.386581589,1.063938364,0.008942312
1609060507.130787134,2.088991040,-5.388326795,1.049704041,2.096764115,-5.392497455,1.049551430,0.008822608
1609060507.178247213,2.089457390,-5.395923990,1.032788261,2.098298228,-5.398486868,1.034590930,0.009379679
1609060507.229111195,2.092161220,-5.403327961,1.013071357,2.099973296,-5.405005621,1.017961896,0.009368055
1609060507.282870054,2.093816831,-5.410421792,0.992075335,2.101556902,-5.411370920,1.001660368,0.012356472
1609060507.330032110,2.097276753,-5.417650884,0.972683647,2.103538949,-5.418065166,0.984308004,0.013210314
1609060507.381578207,2.095608878,-5.426734761,0.950120370,2.106294911,-5.432747442,0.948925975,0.012319505
1609060507.430997133,2.098916986,-5.435232809,0.929869927,2.107967864,-5.439937345,0.931670940,0.010358316
1609060507.480647087,2.100623755,-5.446409586,0.910461382,2.108885628,-5.446370808,0.916857655,0.010448558
1609060507.532473087,2.103647904,-5.456588716,0.890491189,2.109153992,-5.454284482,0.900490467,0.011645259
1609060507.581765175,2.101944961,-5.464754878,0.875111399,2.110682339,-5.468657404,0.871576397,0.010201359
1609060507.629183054,2.104823328,-5.473638622,0.860032374,2.111255072,-5.475736420,0.858480166,0.006940996
1609060507.678351164,2.107092270,-5.484139856,0.844764058,2.111666371,-5.482600002,0.847247698,0.005427892
1609060507.730005980,2.110392171,-5.494285462,0.831031360,2.111370104,-5.490156770,0.835603933,0.006237859
1609060507.781391144,2.108060419,-5.503686115,0.815755903,2.111037180,-5.498230371,0.824689110,0.010882483
1609060507.829667091,2.111004885,-5.513026500,0.803918794,2.110277045,-5.505700814,0.815048489,0.013344120
1609060507.882309198,2.107006884,-5.523370872,0.792744197,2.109129957,-5.520064653,0.796793649,0.005642392
1609060507.930590153,2.104474586,-5.531890059,0.782604796,2.107549708,-5.526921568,0.788262900,0.008133659
1609060507.981079102,2.104043855,-5.541501073,0.771743188,2.105950804,-5.533665896,0.780505035,0.011907830
1609060508.029278040,2.099698729,-5.549829123,0.763520205,2.104100821,-5.540358613,0.772093272,0.013511715
1609060508.088443995,2.098413138,-5.560123099,0.751472427,2.099295121,-5.553662293,0.755348921,0.007585982
1609060508.131664038,2.095822646,-5.565687729,0.742729269,2.097304635,-5.559332980,0.747504908,0.008086152
1609060508.179089069,2.093790947,-5.570748840,0.733021700,2.095029141,-5.564894733,0.739120012,0.008543601
1609060508.230317116,2.092826921,-5.576625141,0.723410897,2.092889920,-5.570005486,0.731214191,0.010233045
1609060508.283871174,2.090749064,-5.581935247,0.714141505,2.090782768,-5.574866196,0.722832211,0.011202722
1609060508.331052065,2.088503546,-5.586267532,0.705502706,2.089028555,-5.579449623,0.714471511,0.011278253
1609060508.379541159,2.084552073,-5.590696113,0.696425048,2.084868127,-5.587774672,0.699176808,0.004025778
1609060508.430205107,2.084897631,-5.594695777,0.686784764,2.083191712,-5.591582701,0.691210792,0.005673722
1609060508.482200146,2.079284412,-5.597944815,0.676235775,2.081053181,-5.595160971,0.683637531,0.008103352
1609060508.530605078,2.078377469,-5.601393517,0.665926368,2.079040936,-5.598745720,0.674359027,0.008863451
1609060508.584336042,2.074663443,-5.604747565,0.653540241,2.076390585,-5.603722020,0.655022258,0.002496224
1609060508.630553007,2.075151148,-5.607129090,0.641834875,2.075414083,-5.605966545,0.644746777,0.003146398
1609060508.680194139,2.071841808,-5.608940699,0.626759062,2.074868178,-5.607285105,0.633325085,0.007417046
1609060508.729096174,2.073341794,-5.610003295,0.612646042,2.074331996,-5.608700132,0.621574093,0.009076829
1609060508.780822039,2.072570160,-5.610772452,0.599634635,2.074268861,-5.609514704,0.610940735,0.011501974
1609060508.873443127,2.074503653,-5.610515100,0.572378991,2.075651890,-5.610539071,0.587602717,0.015266985
1609060508.941129208,2.079212629,-5.610913156,0.551796581,2.077570081,-5.611849200,0.561998202,0.010375317
1609060508.986562014,2.076065646,-5.612755489,0.537770199,2.078481596,-5.612329133,0.549100015,0.011592382
1609060509.031994104,2.075349454,-5.612680969,0.524666285,2.078947145,-5.612611181,0.536534692,0.012401909
1609060509.076798201,2.077560901,-5.612909095,0.511990330,2.081054369,-5.612893020,0.513152367,0.003681699
1609060509.122907162,2.078172287,-5.612798130,0.500256186,2.082524033,-5.613001176,0.502947282,0.005120637
1609060509.176576138,2.079663930,-5.612624251,0.487050469,2.083671370,-5.612734658,0.492208300,0.006532610
1609060509.223483086,2.082051918,-5.612632382,0.475331730,2.084468902,-5.612635787,0.481213679,0.006359179
1609060509.276262999,2.079706643,-5.611995224,0.460853920,2.085186029,-5.612933584,0.470555306,0.011181283
1609060509.324488163,2.081733070,-5.611700155,0.448026562,2.086388171,-5.613250793,0.448497319,0.004929103
1609060509.372967005,2.080544892,-5.611358544,0.436029187,2.086746301,-5.613467937,0.435990786,0.006550457
1609060509.424610138,2.081586537,-5.612023637,0.421694739,2.086316458,-5.613762499,0.423790171,0.005457712
1609060509.473656178,2.079306375,-5.613894919,0.406531727,2.085822491,-5.614524517,0.411039444,0.007948313
1609060509.524735212,2.079594887,-5.615450432,0.391269943,2.084409384,-5.615120250,0.398467103,0.008665305
1609060509.575262070,2.074932482,-5.617117678,0.374705662,2.082717235,-5.616834432,0.384891555,0.012823223
1609060509.623697042,2.074426996,-5.619277572,0.359616546,2.078969137,-5.619701222,0.357711249,0.004943752
1609060509.675162077,2.071309741,-5.619433157,0.343218118,2.076782586,-5.620972570,0.344272964,0.005782259
1609060509.723975182,2.071508891,-5.620810771,0.328032671,2.074739287,-5.621943460,0.331290241,0.004725485
1609060509.774631023,2.068620500,-5.623697530,0.312924599,2.072798286,-5.622852202,0.318681572,0.007163184
1609060509.830249071,2.068128980,-5.625773172,0.295504844,2.067091159,-5.625466086,0.293287299,0.002467566
1609060509.879842043,2.063933097,-5.626071554,0.280016893,2.064497159,-5.627194447,0.280076865,0.001258035
1609060509.929027081,2.063584763,-5.627557662,0.265007042,2.062442927,-5.627450991,0.267502748,0.002746583
1609060509.978571177,2.058822363,-5.630825864,0.246428820,2.059435242,-5.628648853,0.255802110,0.009642280
1609060510.031541109,2.056104949,-5.633907484,0.230025774,2.054746786,-5.630608844,0.243812767,0.014241026
1609060510.084635019,2.045920852,-5.634392432,0.214713301,2.045230007,-5.634931152,0.220813650,0.006162933
1609060510.131839991,2.038062932,-5.635775916,0.201813077,2.040934944,-5.636895434,0.209410775,0.008199195
1609060510.181102991,2.034933835,-5.638244223,0.187427548,2.036871578,-5.639278951,0.197042624,0.009862819
1609060510.229454041,2.027744616,-5.639614781,0.172734262,2.032917117,-5.640920399,0.184968453,0.013346716
1609060510.282863140,2.023715607,-5.641363938,0.155359180,2.029363045,-5.642651566,0.172578806,0.018167748
1609060510.329972982,2.019096823,-5.642803023,0.140041791,2.021167897,-5.646106310,0.147754915,0.008642530
1609060510.380298138,2.012315033,-5.645001924,0.123753873,2.017516178,-5.647085295,0.135121015,0.012672974
1609060510.428771019,2.009257498,-5.646295126,0.108529874,2.014008994,-5.648325625,0.123160827,0.015516585
1609060510.478412151,2.003776732,-5.648577635,0.093605373,2.010195343,-5.650253201,0.111573074,0.019153181
1609060510.531696081,1.999048887,-5.652778303,0.075921491,2.005969609,-5.652004616,0.100053423,0.025116630
1609060510.584844112,1.993680826,-5.657375430,0.056834987,1.997106833,-5.656401343,0.076851155,0.020330600
1609060510.630853176,1.991044481,-5.661161381,0.041496421,1.992032837,-5.659060010,0.065392139,0.024008289
1609060510.681565046,1.981576970,-5.660860475,0.033403957,1.988080387,-5.661771706,0.053146892,0.020806447
1609060510.728801012,1.978958541,-5.664069041,0.019558266,1.984336306,-5.664557948,0.041945150,0.023028937
1609060510.782432079,1.975173493,-5.669854031,0.005427080,1.981874480,-5.667152143,0.032409660,0.027933189
1609060510.829675198,1.983029012,-5.664174223,0.008850979,1.988051513,-5.662985488,0.033439670,0.025124537
1609060510.881379128,1.982768649,-5.663600840,0.009793006,1.989558554,-5.662504261,0.028374574,0.019813632
1609060510.930631161,1.986602301,-5.662738913,0.004468934,1.992795235,-5.661190194,0.024978329,0.021479903
1609060510.983911991,1.994580168,-5.653371162,0.011224063,1.995167153,-5.656531266,0.026195738,0.015312801
1609060511.029888153,1.998494020,-5.651242179,0.010694923,1.996506724,-5.652999599,0.025823881,0.015359794
1609060511.082311153,1.992340624,-5.647471178,0.007527333,1.997334809,-5.645216069,0.024017111,0.017376426
1609060511.128465176,1.995034834,-5.645508427,0.007698524,1.994387077,-5.643668134,0.024149949,0.016566703
1609060511.178915977,1.992589152,-5.642899404,0.007142877,1.993796987,-5.642053609,0.024149340,0.017070267
1609060511.230607033,1.992229192,-5.642101150,0.006830054,1.994393331,-5.640481380,0.024072053,0.017452612
1609060511.283373117,1.993494715,-5.642704367,0.006427320,1.995036974,-5.640329502,0.024208418,0.018005166
1609060511.330246210,1.993642045,-5.642873839,0.008479367,1.994532430,-5.642142627,0.024073979,0.015637116
1609060511.382980108,1.995848591,-5.644988150,0.007886899,1.995380163,-5.643085298,0.024118753,0.016349720
1609060511.424667120,1.998663019,-5.646090330,0.007338722,1.996135075,-5.644282700,0.024306823,0.017250347
1609060511.474285126,1.997246852,-5.647593416,0.005642608,1.995889021,-5.645291175,0.024388039,0.018935026
1609060511.522655010,1.999922307,-5.648496929,0.004945805,1.996064824,-5.646020363,0.024607022,0.020188537
1609060511.576474190,1.998134227,-5.648278496,0.005381850,1.996853870,-5.646895609,0.024414930,0.019126156
1609060511.625574112,1.999786186,-5.648532845,0.004962389,1.996648570,-5.647257669,0.024338779,0.019670160
1609060511.672990084,1.999244825,-5.647631712,0.006219379,1.996332803,-5.646972234,0.024637620,0.018658681
1609060511.724516153,2.001566941,-5.647673168,0.005850577,1.996448760,-5.646883178,0.024638888,0.019488985
1609060511.774074078,1.999948415,-5.648507727,0.005300567,1.996756005,-5.646754286,0.024694503,0.019732987
1609060511.824729204,2.002315102,-5.648792061,0.005204921,1.996695135,-5.647102481,0.024494105,0.020162126
1609060511.873460054,1.999615504,-5.649333102,0.003958243,1.996638831,-5.647356409,0.024411421,0.020762957
1609060511.923904181,2.001825788,-5.649919374,0.003485871,1.996852009,-5.647405194,0.024520381,0.021760289
1609060511.975442171,2.001077206,-5.648765915,0.005271680,1.996976911,-5.647631830,0.024485706,0.019679364
1609060512.022669077,2.002786587,-5.649129782,0.005500326,1.996893873,-5.647979673,0.024498660,0.019924445
1609060512.075103045,2.003558239,-5.646449476,0.004147377,1.996965569,-5.648194747,0.024531368,0.021494566
1609060512.126736164,2.005973134,-5.646096015,0.004140103,1.997159648,-5.648309710,0.024382292,0.022188380
1609060512.173801184,2.002290698,-5.646269053,0.003509644,1.997159300,-5.648317929,0.024371981,0.021581618
1609060512.223273039,2.004456919,-5.645954622,0.003274383,1.997090612,-5.648386167,0.024351159,0.022458971
1609060512.274697065,2.000398441,-5.645430180,0.002611934,1.997140660,-5.648485465,0.024555260,0.022393246
1609060512.323801994,1.999956803,-5.645700992,0.002548668,1.997202819,-5.648722068,0.024569451,0.022397014
1609060512.374632120,2.000304982,-5.646098732,0.002333215,1.997118797,-5.648791186,0.024562588,0.022617385
1609060512.423748016,1.998985247,-5.645272193,0.002929603,1.997266055,-5.648996546,0.024533488,0.021989867
1609060512.475403070,1.998753329,-5.645309034,0.003164577,1.997362071,-5.649115691,0.024475553,0.021692947
1609060512.522479057,2.000403902,-5.644935681,0.003099585,1.997313400,-5.649045040,0.024424010,0.021935568
1609060512.575136185,1.997640980,-5.643904076,0.003413514,1.996859013,-5.647956271,0.024563323,0.021548693
1609060512.624689102,1.998358118,-5.642438248,0.003841421,1.995671465,-5.644375918,0.024260348,0.020685871
1609060512.673336029,1.995325760,-5.640139336,0.004916983,1.994954831,-5.642458604,0.024012629,0.019239550
1609060512.723724127,1.996166845,-5.638335948,0.005302047,1.994292615,-5.640429225,0.023856694,0.018766179
1609060512.773655176,1.993557156,-5.637928520,0.003712594,1.993592640,-5.639008097,0.023713618,0.020030170
1609060512.826208115,1.994869091,-5.637207764,0.003956020,1.993180814,-5.637650445,0.023777772,0.019898445
1609060512.874486208,1.992107117,-5.635870487,0.004491621,1.992937112,-5.636928212,0.023807826,0.019362940
1609060512.923703194,1.993852828,-5.636629476,0.004916712,1.993122488,-5.637137427,0.023736133,0.018840435
1609060512.974423170,1.990706495,-5.636240766,0.005608328,1.993267576,-5.637788002,0.023896132,0.018530969
1609060513.023060083,1.992304846,-5.637235374,0.006378506,1.993707452,-5.638602929,0.023934877,0.017665324
1609060513.077083111,1.989945315,-5.637938400,0.006323416,1.994011881,-5.639532840,0.023766825,0.017981983
1609060513.125016212,1.991806026,-5.638968544,0.006626983,1.994523582,-5.640728043,0.023815022,0.017490272
1609060513.173258066,1.991554949,-5.640202251,0.008146290,1.994662410,-5.641182944,0.023852781,0.016040946
1609060513.225908041,1.994260177,-5.641107633,0.008566355,1.994850951,-5.641422861,0.023929267,0.015377498
1609060513.277425051,1.991568236,-5.640513833,0.007605892,1.994747128,-5.641276095,0.023839651,0.016559630
1609060513.376724005,1.991008344,-5.639494533,0.007387508,1.994324512,-5.640257712,0.023856600,0.016816968
1609060513.424143076,1.989504242,-5.639636631,0.008152619,1.994255890,-5.639853782,0.023874703,0.016425871
1609060513.474897146,1.989769190,-5.639750569,0.008159021,1.994074367,-5.639613213,0.023792155,0.016215681
1609060513.524019003,1.990093410,-5.639219799,0.008945535,1.993925727,-5.639370653,0.023679807,0.015225248
1609060513.574426174,1.990945803,-5.638877207,0.009066067,1.994041769,-5.639066676,0.023577537,0.014839262
1609060513.626206160,1.992948141,-5.638996856,0.008999899,1.993853444,-5.638898760,0.023789656,0.014817764
1609060513.674419165,1.991642985,-5.639344796,0.008115810,1.993749668,-5.638811920,0.023622284,0.015657995
1609060513.723834038,1.994166244,-5.639001111,0.007979087,1.993568985,-5.638445677,0.023701885,0.015743938
1609060513.774116993,1.993222610,-5.636019397,0.008028506,1.993357313,-5.637884475,0.023682645,0.015765428
1609060513.823392153,1.995820387,-5.634747406,0.007936281,1.993333066,-5.637091844,0.023778967,0.016207217
1609060513.879414082,1.992691776,-5.632304509,0.008532503,1.992379657,-5.635314080,0.023965912,0.015727208
1609060513.923260212,1.995113429,-5.630774737,0.008297887,1.992304750,-5.634453268,0.024009509,0.016379113
1609060513.974857092,1.992852301,-5.629866614,0.008844123,1.992098671,-5.633905100,0.024159026,0.015856342
1609060514.024241209,1.995332705,-5.628697695,0.008811447,1.991760906,-5.633522798,0.023840866,0.016184029
1609060514.073918104,1.992365039,-5.629485976,0.009039721,1.991636191,-5.633097941,0.023750306,0.015165053
1609060514.127549171,1.995046881,-5.629133107,0.009185786,1.991584269,-5.632920093,0.023841015,0.015527610
1609060514.172559023,1.992594275,-5.629485794,0.007934420,1.991679525,-5.633268241,0.023868968,0.016402850
1609060514.223515034,1.995049055,-5.629974412,0.007717114,1.991707083,-5.633700620,0.024045464,0.017078303
