timestamp,estimate_x,estimate_y,estimate_z,truth_x,truth_y,truth_z,error_m
1609060363.469352007,0.049793109,-0.021680686,-0.025934731,0.000352647,-0.000128288,-0.000155817,0.059778069
1609060363.517702103,0.049685525,-0.021288977,-0.025781733,0.000266305,0.000024604,-0.000032764,0.059661859
1609060363.568032980,0.049754170,-0.021770381,-0.025062736,0.000273958,0.000023288,-0.000043316,0.059575387
1609060363.616620064,0.049627611,-0.021323259,-0.024797430,0.000455122,0.000045726,-0.000206092,0.058985601
1609060363.669232130,0.049654947,-0.022022135,-0.025396890,0.000322824,-0.000048357,0.000006751,0.059681239
1609060363.717437983,0.049476898,-0.021567909,-0.025245443,0.000309158,-0.000056917,0.000007880,0.059312054
1609060363.769133091,0.048994861,-0.021301148,-0.025379972,0.000313077,-0.000056831,0.000003710,0.058869078
1609060363.816621065,0.048723089,-0.020870227,-0.025183815,0.000357567,-0.000119010,-0.000146163,0.058281393
1609060363.869219065,0.048875206,-0.021560590,-0.025443246,0.000265599,0.000019840,-0.000039722,0.058940206
1609060363.918718100,0.048688009,-0.021158897,-0.025306801,0.000450987,0.000034525,0.000000389,0.058450195
1609060363.968429089,0.048698986,-0.020305004,-0.024931030,0.000272345,0.000020770,-0.000045630,0.058116777
1609060364.018787146,0.048479336,-0.019575261,-0.024748880,0.000364012,-0.000124076,-0.000161475,0.057427985
1609060364.067788124,0.047900025,-0.019640041,-0.024311760,0.000268084,0.000022409,-0.000038284,0.056961526
1609060364.119420052,0.047589796,-0.018936121,-0.024004319,0.000327210,-0.000044406,0.000008343,0.056278388
1609060364.166568995,0.047384766,-0.019670422,-0.023608161,0.000259032,0.000018830,-0.000034140,0.056251541
1609060364.220535994,0.047075695,-0.019166943,-0.023161605,0.000351740,-0.000123126,-0.000146439,0.055457126
1609060364.269806147,0.047781101,-0.020020386,-0.022785607,0.000449516,0.000065556,-0.000167732,0.056171988
1609060364.317873001,0.047693318,-0.019759124,-0.022381959,0.000410911,0.000120631,-0.000035863,0.055947999
1609060364.369445086,0.047963715,-0.019910999,-0.022236803,0.000506974,-0.000022317,-0.000153461,0.055994428
1609060364.418934107,0.047933084,-0.019568580,-0.021729913,0.000302656,-0.000052806,-0.000198416,0.055795416
1609060364.470550060,0.048181416,-0.019628551,-0.021469912,0.000306290,-0.000059472,-0.000213235,0.055918001
1609060364.516581059,0.048355761,-0.019565806,-0.021071002,0.000320215,-0.000061600,-0.000232001,0.055875680
1609060364.568826199,0.048234383,-0.020546070,-0.021694752,0.000270386,0.000004300,-0.000070217,0.056484362
1609060364.618486166,0.048306420,-0.020343987,-0.021551341,0.000364372,-0.000146097,0.000022496,0.056318959
1609060364.666870117,0.049334768,-0.020480283,-0.021130179,0.000403415,0.000091364,-0.000075138,0.057103282
1609060364.718618155,0.049524090,-0.019986805,-0.020821372,0.000473405,0.000031166,-0.000029715,0.056912054
1609060364.766618013,0.049426915,-0.021400647,-0.022266786,0.000310503,-0.000046424,-0.000196683,0.057926800
1609060364.816910982,0.049525060,-0.020755326,-0.022268935,0.000388377,0.000111313,-0.000026214,0.057832248
1609060364.866990089,0.049147288,-0.021699551,-0.022368819,0.000290333,-0.000033732,-0.000153898,0.057878428
1609060364.917939186,0.048999592,-0.021703652,-0.022189604,0.000317779,-0.000033161,0.000036970,0.057736900
1609060364.968490124,0.048669974,-0.021303158,-0.022467462,0.000252330,0.000033302,-0.000003276,0.057481757
1609060365.018791199,0.048480979,-0.021049484,-0.022284830,0.000348575,-0.000112449,-0.000125624,0.056974714
1609060365.069586039,0.048083214,-0.020931581,-0.022369017,0.000349153,-0.000110341,-0.000122836,0.056630002
1609060365.116973162,0.047858468,-0.020708691,-0.022171008,0.000294942,-0.000041077,-0.000170892,0.056333333
1609060365.167543173,0.048191771,-0.021427964,-0.022920555,0.000457233,-0.000050459,-0.000144457,0.057046775
1609060365.216737032,0.048180022,-0.021328668,-0.022761924,0.000484481,-0.000056316,-0.000183928,0.056895901
1609060365.269127131,0.048780141,-0.021514303,-0.023048378,0.000390576,0.000110343,-0.000250328,0.057696849
1609060365.317117214,0.048865784,-0.021338686,-0.022873924,0.000114216,-0.000083058,-0.000040323,0.057878238
1609060365.368606091,0.049656247,-0.022568133,-0.023003817,0.000065035,-0.000000712,-0.000072669,0.059113572
1609060365.419071198,0.049833525,-0.022468796,-0.022823289,0.000064369,-0.000013130,-0.000092099,0.059143324
1609060365.467614174,0.049331756,-0.023024861,-0.023364123,0.000111060,-0.000089327,-0.000047031,0.059096552
1609060365.520151138,0.049567720,-0.022887388,-0.023116904,0.000099009,-0.000060148,0.000013594,0.059188312
1609060365.568042040,0.050431192,-0.022876080,-0.023725535,0.000672148,0.000008775,-0.000064483,0.059661750
1609060365.618832111,0.050882873,-0.022731058,-0.023487941,0.000682031,0.000012436,-0.000069406,0.059881708
1609060365.668703079,0.051131538,-0.022496613,-0.024177378,0.000390677,0.000124731,-0.000006958,0.060585224
1609060365.716791153,0.051081688,-0.021977459,-0.024129456,0.000166939,0.000084516,-0.000046349,0.060489987
1609060365.768277168,0.051613192,-0.021400946,-0.023485639,0.000053714,-0.000000496,-0.000059871,0.060540281
1609060365.817838192,0.051949828,-0.020730215,-0.022991365,0.000162657,-0.000157149,0.000006238,0.060283098
1609060365.869102001,0.050679520,-0.021955733,-0.024542478,-0.000130988,-0.000041771,-0.000143903,0.060474953
1609060365.915625095,0.050558980,-0.021076541,-0.024433744,0.000119453,-0.000087053,-0.000052568,0.059825966
1609060365.967102051,0.050070763,-0.020730676,-0.024617597,0.000205407,-0.000232716,-0.000163459,0.059200718
1609060366.017361164,0.049579130,-0.019379364,-0.024490832,0.000354080,-0.000118558,-0.000141596,0.058197676
1609060366.071130037,0.049973553,-0.020882774,-0.024543203,0.000544710,-0.000089497,-0.000083907,0.058939190
1609060366.166268110,0.050161575,-0.020664845,-0.024682573,0.000384117,-0.000176545,-0.000048651,0.059197938
1609060366.217751026,0.049978939,-0.021294669,-0.024368602,0.000087884,-0.000368910,-0.000035229,0.059322153
1609060366.266285181,0.048608372,-0.020832150,-0.025118188,0.000092678,-0.000059805,0.000021112,0.058457226
1609060366.319833040,0.048131365,-0.021895169,-0.024760218,-0.000047252,0.000040180,0.000117196,0.058491234
1609060366.368166208,0.048915649,-0.021659719,-0.024626474,-0.000108373,-0.000091024,-0.000028616,0.058937408
1609060366.417719126,0.048770884,-0.021786248,-0.024117078,0.000242615,-0.000287834,0.000146380,0.058360003
1609060366.467580080,0.048240831,-0.023464366,-0.023863931,-0.000034002,-0.000166907,-0.000013477,0.058669202
1609060366.517288208,0.048688885,-0.022837491,-0.023101686,0.000236429,-0.000296243,-0.000080591,0.058186933
1609060366.569877148,0.049242922,-0.022952261,-0.024201079,0.000393389,0.000124568,-0.000010204,0.059194724
1609060366.617144108,0.048379219,-0.022243779,-0.023655847,0.000385275,-0.000309961,0.000173706,0.057899557
1609060366.668351173,0.050940324,-0.022561522,-0.023546276,0.000403792,0.000110579,0.000175767,0.060255295
1609060366.715952158,0.052642111,-0.022021975,-0.022874925,-0.000613854,-0.000060705,0.000356339,0.062114305
1609060366.768293142,0.053308664,-0.021957791,-0.023169556,-0.000306125,-0.000446384,0.000052128,0.062261809
1609060366.818122149,0.052411163,-0.021688808,-0.023489298,0.001024256,0.000137844,-0.000021976,0.060561805
1609060366.867343187,0.053148645,-0.022698152,-0.022635099,0.000418142,0.000152065,0.000227344,0.061849249
1609060366.917598009,0.050653373,-0.021929894,-0.022884210,-0.000325635,-0.000062576,0.000476609,0.060189424
1609060366.967342138,0.049046804,-0.022158458,-0.023074337,0.001656293,-0.000071272,0.000044147,0.057167899
1609060367.018635988,0.047824670,-0.021996244,-0.023489829,0.000802165,0.000341478,0.000332733,0.057250366
1609060367.066863060,0.048311832,-0.021834649,-0.023138617,-0.000590914,0.000086231,0.001009948,0.058780581
1609060367.120592117,0.047774140,-0.021975067,-0.023493217,0.000176782,-0.000147327,0.000446900,0.057576801
1609060367.168382168,0.047785056,-0.021909591,-0.023559351,0.000698040,0.000075106,0.000454988,0.057246856
1609060367.220067024,0.047149748,-0.021209511,-0.023607683,-0.000617461,0.000036455,0.000738189,0.057669913
1609060367.268805027,0.047511781,-0.021150872,-0.023246706,-0.000389047,-0.000109275,0.000690649,0.057534644
1609060367.316627979,0.047050195,-0.020867504,-0.022703677,0.000459081,-0.000069937,0.000482253,0.056043359
1609060367.374567032,0.045424842,-0.021364087,-0.023219705,-0.000013172,-0.000190865,0.000585093,0.055494025
1609060367.419722080,0.045038746,-0.021069829,-0.022637033,0.000071738,-0.000023967,0.000762706,0.054886318
1609060367.468986034,0.045101758,-0.021318768,-0.022556469,0.000775383,0.000165729,0.000517080,0.054394851
1609060367.518623114,0.045142311,-0.020645129,-0.021568349,0.001005300,0.000191045,0.000525492,0.053575738
1609060367.566896200,0.046501885,-0.021645539,-0.021436451,0.000889959,-0.000018374,0.000532424,0.055052825
1609060367.616783142,0.046575591,-0.021451391,-0.020895727,0.001010969,0.000152422,0.000676674,0.054847316
1609060367.668950081,0.046407251,-0.020803541,-0.021875885,0.000730315,-0.000085094,0.000379515,0.054872027
1609060367.718545198,0.045758553,-0.020620836,-0.021570472,0.000397581,-0.000209806,0.000542911,0.054435555
1609060367.765889168,0.047607046,-0.021568306,-0.023283671,0.000105201,-0.000078862,0.000416649,0.057270644
1609060367.817234993,0.047895304,-0.021455296,-0.022960955,0.000242984,0.000010138,0.000409641,0.057251142
1609060367.868952990,0.046324021,-0.021214469,-0.023520660,0.000339713,-0.000142813,0.000495190,0.055994038
1609060367.922713995,0.046883917,-0.020676601,-0.023251060,-0.000142040,-0.000038417,0.000754198,0.056688867
1609060367.968739033,0.042032464,-0.019375698,-0.021727674,-0.001113061,-0.000305982,0.001167478,0.052434515
1609060368.018198013,0.039551909,-0.018716133,-0.020988726,-0.002591340,-0.000469840,0.001426557,0.051102110
1609060368.068567038,0.032351620,-0.018563433,-0.022362841,-0.004485227,-0.001351842,0.001637312,0.047214399
1609060368.117814064,0.027989374,-0.018052341,-0.022113709,-0.007008597,-0.002171046,0.001762192,0.045245244
1609060368.170260191,0.021502153,-0.019204030,-0.023194356,-0.008981754,-0.002686339,0.001555349,0.042598716
1609060368.217667103,0.017234644,-0.018762240,-0.022678065,-0.011817858,-0.003851114,0.001463996,0.040610696
1609060368.267811060,0.014275241,-0.018526831,-0.022984060,-0.012638625,-0.003852636,0.001484095,0.039222172
1609060368.318669081,0.010806928,-0.017365924,-0.022370673,-0.012800729,-0.003916812,0.001998616,0.036497430
1609060368.367310047,0.008322682,-0.017080720,-0.024068242,-0.012701319,-0.003757035,0.002368789,0.036310409
1609060368.424607038,0.006390218,-0.015564542,-0.023604356,-0.012259085,-0.003807545,0.002900941,0.034475414
1609060368.476238012,0.009687447,-0.012172354,-0.023118927,-0.010112976,-0.002952009,0.004130070,0.034922476
1609060368.523241997,0.009817526,-0.010209097,-0.021951945,-0.009622581,-0.003024745,0.005233767,0.034184728
1609060368.573940992,0.011015634,-0.009773154,-0.019765992,-0.008666150,-0.002535391,0.006737470,0.033796321
1609060368.625032187,0.011946955,-0.007683207,-0.016471697,-0.008485328,-0.001808579,0.009260493,0.033378662
1609060368.676413059,0.009085943,-0.007920479,-0.011568514,-0.008426871,-0.000540116,0.013900029,0.031777589
1609060368.725769997,0.010020885,-0.005690283,-0.002088114,-0.006980668,0.001387151,0.020947916,0.029492398
1609060368.777173996,0.012037506,-0.003815602,0.008930951,-0.003863052,0.003164326,0.043774036,0.038930550
1609060368.824648142,0.013438356,-0.000922475,0.027148057,-0.003041256,0.004224189,0.062690524,0.039513703
1609060368.875344992,0.017112965,-0.000617430,0.051332449,-0.001104869,0.005573438,0.083074624,0.037118486
1609060368.923364162,0.019167357,0.001589773,0.079881295,0.001111218,0.008267013,0.110012053,0.035755730
1609060368.974891186,0.018655666,0.006897512,0.112419501,0.001616823,0.009225935,0.139364636,0.031965357
1609060369.023996115,0.020415788,0.008984765,0.152343735,0.006026772,0.014035969,0.208056706,0.057762389
1609060369.076563120,0.021425740,0.011197253,0.206255810,0.005645943,0.016277352,0.250225514,0.046990896
1609060369.122320175,0.021645117,0.014534258,0.254967236,0.006525430,0.018601496,0.295004927,0.042990279
1609060369.175933123,0.019321635,0.018569869,0.323205567,0.005475035,0.021591195,0.345836221,0.026702121
1609060369.225181103,0.017343244,0.022383361,0.387109707,0.004460880,0.025012164,0.400167667,0.018530413
1609060369.277878046,0.014992343,0.026375376,0.457786918,0.003670517,0.031544681,0.514357305,0.057923347
1609060369.325048208,0.012870102,0.030527561,0.526897429,0.002224844,0.035987753,0.576799261,0.051315963
1609060369.375655174,0.015392325,0.033449310,0.602697259,0.000986345,0.039151329,0.639772380,0.040182208
1609060369.423925161,0.012984620,0.037010075,0.679086479,-0.001116003,0.042314623,0.705078997,0.030042916
1609060369.476325035,0.007977589,0.038980303,0.762806606,-0.004156337,0.045257470,0.774513121,0.017991039
1609060369.526211023,0.004354615,0.041397770,0.845602288,-0.010900538,0.050291649,0.909076917,0.065885122
1609060369.576457024,-0.001230525,0.046125309,0.931709861,-0.016939148,0.051896956,0.979990540,0.051098892
1609060369.624904156,-0.006193250,0.048718033,1.011242707,-0.022175154,0.051526789,1.047043231,0.039306334
1609060369.676457167,-0.009450961,0.046680693,1.092985324,-0.027673429,0.050771761,1.113042541,0.027405969
1609060369.724966049,-0.014304248,0.045532436,1.168836096,-0.032117921,0.050163012,1.177115361,0.020182057
1609060369.776529074,-0.020401643,0.041908288,1.248933081,-0.035790958,0.046619757,1.239326189,0.018743568
1609060369.824362040,-0.025737943,0.038734387,1.319103155,-0.048315656,0.041410133,1.362549445,0.049035629
1609060369.874984980,-0.034715147,0.034402855,1.386346430,-0.053330903,0.036474501,1.420254690,0.038737685
1609060369.922994137,-0.040596617,0.027847896,1.451266572,-0.058678361,0.032198394,1.477099828,0.031831328
1609060369.973376989,-0.046959127,0.019946638,1.523612394,-0.065083831,0.023966201,1.532618070,0.020634050
1609060370.024846077,-0.053873021,0.009255230,1.589696148,-0.072377628,0.016004412,1.588192475,0.019754315
1609060370.077591181,-0.061279695,-0.001613581,1.652436449,-0.083431370,-0.004630554,1.692531060,0.045906173
1609060370.131295204,-0.068878607,-0.015229309,1.719151741,-0.089787416,-0.014949260,1.745325643,0.033501192
1609060370.176069021,-0.075316137,-0.027049173,1.778131477,-0.096869567,-0.026482980,1.797683407,0.029105823
1609060370.225593090,-0.083011470,-0.041653953,1.839580413,-0.103631683,-0.038952007,1.850505250,0.023491397
1609060370.274984121,-0.087355276,-0.059778592,1.904155677,-0.110097413,-0.052760272,1.902116488,0.023887652
1609060370.332502127,-0.096051193,-0.078135464,1.976739599,-0.125957451,-0.082164741,2.012235544,0.046589499
1609060370.379465103,-0.105496642,-0.091170714,2.034688057,-0.132146366,-0.097639112,2.064290997,0.040353216
1609060370.424487114,-0.113159457,-0.106992932,2.091214962,-0.138970158,-0.113620467,2.114148903,0.035157959
1609060370.475898027,-0.127096858,-0.122578571,2.154112610,-0.146695647,-0.130204811,2.165147451,0.023749522
1609060370.524448156,-0.136501693,-0.140152804,2.215844386,-0.153378897,-0.146180621,2.218056271,0.018057326
1609060370.576019049,-0.145390018,-0.158407445,2.281800583,-0.160283271,-0.161757085,2.271150443,0.018613290
1609060370.625375986,-0.155052402,-0.175488225,2.345072583,-0.176451613,-0.193992806,2.375328685,0.041421944
1609060370.675712109,-0.164985712,-0.192666845,2.409686597,-0.184377598,-0.209235434,2.429577604,0.032345256
1609060370.723781109,-0.174344334,-0.208407525,2.470239211,-0.191083444,-0.223693645,2.478888960,0.024262758
1609060370.775207043,-0.185192105,-0.226281623,2.533991093,-0.200568808,-0.238917265,2.530510875,0.020204315
1609060370.824608088,-0.195264305,-0.241289599,2.591396569,-0.210445223,-0.252993012,2.579952839,0.022324630
1609060370.877348185,-0.208072957,-0.261308870,2.646514386,-0.223900228,-0.280567611,2.665764053,0.031495258
1609060370.923455000,-0.217794564,-0.275561512,2.692764511,-0.232597663,-0.294021379,2.705369191,0.026810005
1609060370.976181030,-0.225050454,-0.292397510,2.740568093,-0.240827341,-0.306444307,2.742874947,0.021249571
1609060371.024459124,-0.233461321,-0.306955773,2.783033575,-0.248395824,-0.318086171,2.778800117,0.019100976
1609060371.076410055,-0.240786255,-0.320798694,2.824238611,-0.255354368,-0.329789166,2.812602268,0.020699348
1609060371.125555992,-0.247819955,-0.334409922,2.862685267,-0.262940383,-0.341479720,2.843007667,0.025803436
1609060371.175806999,-0.252995946,-0.348216948,2.898208116,-0.276828065,-0.363164403,2.904519843,0.028831133
1609060371.226459980,-0.258527661,-0.360965145,2.933463621,-0.282855212,-0.373743247,2.931824766,0.027528084
1609060371.275564194,-0.264854822,-0.376004980,2.963624954,-0.290110462,-0.384411233,2.959635318,0.026915231
1609060371.322875023,-0.269476453,-0.387507427,2.994018087,-0.295871900,-0.394180165,2.985678750,0.028474368
1609060371.381882191,-0.275412218,-0.401538149,3.029485781,-0.306265603,-0.414011999,3.035787875,0.033871000
1609060371.425695181,-0.278940315,-0.412427825,3.055776966,-0.312094368,-0.424202563,3.060710134,0.035527057
1609060371.476238012,-0.285978118,-0.424725881,3.088361261,-0.316266270,-0.433729930,3.084963488,0.031780338
1609060371.523342133,-0.290135180,-0.435854528,3.116329385,-0.320262403,-0.442943325,3.108590964,0.031902723
1609060371.576235056,-0.295977712,-0.449273182,3.149730585,-0.324850774,-0.453096609,3.133294628,0.033442682
1609060371.625576019,-0.301132021,-0.460960399,3.179883011,-0.329130857,-0.462328652,3.157601878,0.035808600
1609060371.677156210,-0.311726930,-0.472831812,3.208797225,-0.336091099,-0.481092748,3.210284976,0.025769539
1609060371.723249197,-0.317323112,-0.483494372,3.236984233,-0.338919177,-0.490106751,3.231828442,0.023166695
1609060371.773763180,-0.325750124,-0.494285704,3.264490091,-0.341977641,-0.499358827,3.255331405,0.019311924
1609060371.824518204,-0.332031081,-0.506215091,3.292304761,-0.344228459,-0.507845517,3.276648967,0.019913267
1609060371.877555132,-0.336012393,-0.516914517,3.320991653,-0.346992589,-0.517474066,3.298539234,0.024999778
1609060371.924982071,-0.341318249,-0.528027777,3.347878837,-0.352742980,-0.534766093,3.344503812,0.013686495
1609060371.975533009,-0.343982937,-0.540122319,3.379529312,-0.355778269,-0.542945984,3.369988573,0.015431418
1609060372.022653103,-0.347776639,-0.550133688,3.412177687,-0.358431258,-0.550976755,3.397110261,0.018473197
1609060372.076374054,-0.353618191,-0.562028046,3.443345095,-0.360854492,-0.559106565,3.430592133,0.014951159
1609060372.125910997,-0.358193773,-0.571757621,3.483572647,-0.363383761,-0.566907763,3.463888234,0.020926854
1609060372.175580978,-0.359577953,-0.581045840,3.513454354,-0.369859639,-0.585870174,3.527273491,0.017887309
1609060372.223182201,-0.363892090,-0.591662613,3.545411023,-0.374836193,-0.595417886,3.557009098,0.016382638
1609060372.275930166,-0.368451023,-0.603488232,3.576741633,-0.380866921,-0.604897358,3.582063065,0.013581524
1609060372.325079203,-0.374166056,-0.614797166,3.603903244,-0.388001282,-0.615304958,3.606595967,0.014103974
1609060372.376758099,-0.382874264,-0.628675037,3.632605141,-0.394522127,-0.625191931,3.628419746,0.012857772
1609060372.429697990,-0.388370021,-0.640781669,3.651325393,-0.406105729,-0.643790196,3.659128772,0.019608653
1609060372.476099014,-0.398436227,-0.650861284,3.674421943,-0.413418562,-0.653739830,3.670040610,0.015873010
1609060372.524174213,-0.407207248,-0.662436792,3.685037144,-0.421934081,-0.663588713,3.679157219,0.015899058
1609060372.576766014,-0.420242187,-0.675425902,3.690171273,-0.432160168,-0.674308577,3.687114134,0.012354464
1609060372.625241041,-0.433936979,-0.688531376,3.695181734,-0.444138523,-0.685748881,3.692944703,0.010808241
1609060372.677778006,-0.452983125,-0.702111154,3.695263922,-0.472182362,-0.709984860,3.700863736,0.021493344
1609060372.722868204,-0.468933464,-0.715232246,3.695673553,-0.487270871,-0.721973900,3.702916409,0.020836731
1609060372.775847197,-0.490061395,-0.732603970,3.693090042,-0.505848083,-0.735761744,3.704256272,0.019592747
1609060372.825339079,-0.513116676,-0.748575773,3.690756458,-0.526069984,-0.750295347,3.704633878,0.019061162
1609060372.877873182,-0.540135776,-0.765321335,3.689663546,-0.547754742,-0.764950797,3.704518656,0.016699109
1609060372.926480055,-0.566653772,-0.782867403,3.687374264,-0.593420072,-0.795760926,3.703677042,0.033888912
1609060372.973802090,-0.592756839,-0.800424999,3.690323552,-0.620897279,-0.813488992,3.702993153,0.033512253
1609060373.024542093,-0.624067702,-0.820442100,3.687752715,-0.646525992,-0.828963408,3.701829861,0.027841579
1609060373.076001167,-0.657561113,-0.840485203,3.686994905,-0.675289520,-0.846026815,3.700759306,0.023118491
1609060373.124036074,-0.691648950,-0.860828138,3.684767251,-0.709971378,-0.867345766,3.699576746,0.024444059
1609060373.180086136,-0.736630586,-0.887474408,3.683960750,-0.776686276,-0.905831842,3.697216106,0.046012587
1609060373.223744154,-0.771450566,-0.907963533,3.682673911,-0.809920388,-0.924243835,3.696345570,0.043953267
1609060373.277434111,-0.813944927,-0.932542874,3.685782432,-0.848077978,-0.945595600,3.695309579,0.037765135
1609060373.323575020,-0.854080752,-0.955236896,3.684961076,-0.886660876,-0.966654444,3.694019147,0.035691365
1609060373.374325037,-0.898417018,-0.979926187,3.689487152,-0.927886646,-0.989412251,3.693097253,0.031168529
1609060373.424693108,-0.943976903,-1.006241185,3.689667825,-0.968898001,-1.011800549,3.691689048,0.025613531
1609060373.477025032,-1.000427125,-1.037015654,3.694815361,-1.051879550,-1.056883816,3.688286607,0.055540261
1609060373.523668051,-1.047498551,-1.062682674,3.695743192,-1.094512317,-1.079666570,3.687373345,0.050683343
1609060373.575177193,-1.102567945,-1.092254851,3.694321559,-1.137913341,-1.101731043,3.686523392,0.037415327
1609060373.624744177,-1.155475128,-1.121123633,3.696066776,-1.181115114,-1.125059384,3.685982054,0.027831648
1609060373.678225040,-1.215971986,-1.152026991,3.696890014,-1.226890779,-1.149619172,3.685943546,0.015647454
1609060373.725805044,-1.265909636,-1.179388801,3.697452572,-1.313001936,-1.195014514,3.686210798,0.050874602
1609060373.776236057,-1.317029796,-1.206525064,3.693396642,-1.355729032,-1.218154311,3.685770352,0.041122142
1609060373.823961020,-1.365994339,-1.233689327,3.693891171,-1.399104199,-1.240364988,3.687241233,0.034424540
1609060373.877856016,-1.421125421,-1.261396403,3.692990553,-1.442353008,-1.262900504,3.687784823,0.021908272
1609060373.925863981,-1.469584450,-1.287556966,3.692278266,-1.484444625,-1.285211253,3.687999352,0.015640852
1609060373.976363182,-1.519538843,-1.314984155,3.690130539,-1.567414308,-1.328708289,3.687688001,0.049863594
1609060374.024655104,-1.566395103,-1.339926952,3.689315387,-1.607214129,-1.348391728,3.687128827,0.041744776
1609060374.074808121,-1.613409741,-1.363215869,3.689876415,-1.649023558,-1.369894380,3.686998311,0.036348727
1609060374.125483036,-1.659114777,-1.388252566,3.688913167,-1.685574068,-1.388050797,3.686381721,0.026580877
1609060374.175988197,-1.704186403,-1.408686000,3.688098258,-1.723239004,-1.407546138,3.686835862,0.019128370
1609060374.224302053,-1.745178446,-1.430226014,3.687888357,-1.797917876,-1.444865798,3.687996877,0.054733742
1609060374.275952101,-1.789297810,-1.450179507,3.691023561,-1.835056586,-1.463849366,3.689566788,0.047779209
1609060374.324405193,-1.828241034,-1.469557551,3.692116452,-1.868965925,-1.481263362,3.690706180,0.042397307
1609060374.377850056,-1.869809485,-1.489514098,3.694459333,-1.903570178,-1.499197235,3.691736314,0.035227296
1609060374.432549000,-1.910548643,-1.509351028,3.696410668,-1.968480002,-1.532020744,3.694499846,0.062238330
1609060374.480001211,-1.949628916,-1.528304897,3.704584566,-1.997598120,-1.546545850,3.695615118,0.052098252
1609060374.523640156,-1.981164383,-1.543231648,3.707655908,-2.026025194,-1.561168729,3.696887070,0.049499486
1609060374.575245142,-2.020740377,-1.564154763,3.701083509,-2.057039284,-1.576932262,3.697876191,0.038615568
1609060374.626283169,-2.055521403,-1.582451171,3.702559680,-2.083748279,-1.590910205,3.698962254,0.029685909
1609060374.675654173,-2.092205893,-1.602025073,3.699672119,-2.110778832,-1.604898674,3.700056864,0.018797864
1609060374.723823071,-2.127465746,-1.620772025,3.700765798,-2.167963863,-1.634482676,3.703121748,0.042820906
1609060374.773189068,-2.163042192,-1.638425142,3.706019107,-2.196033545,-1.648792723,3.705156372,0.034592780
1609060374.824628115,-2.197142659,-1.658103381,3.708789446,-2.222148694,-1.662712311,3.706574629,0.025523508
1609060374.877428055,-2.231266034,-1.675666582,3.709763759,-2.248622865,-1.676677161,3.708262757,0.017450899
1609060374.925567150,-2.262495119,-1.692597111,3.711418375,-2.274520340,-1.689974631,3.709869223,0.012404967
1609060374.975277185,-2.297982701,-1.709593834,3.714670669,-2.328953165,-1.719049486,3.712064275,0.032486493
1609060375.024696112,-2.331338663,-1.727747264,3.715466686,-2.355256542,-1.733483718,3.712563843,0.024766879
1609060375.075798035,-2.362459453,-1.745707986,3.714524449,-2.380948414,-1.747895274,3.713015132,0.018678971
1609060375.126281977,-2.392548248,-1.763911636,3.714358824,-2.406225117,-1.761805666,3.712766709,0.013929346
1609060375.176793098,-2.422635696,-1.780058821,3.714382746,-2.430835217,-1.775682049,3.712397488,0.009504185
1609060375.225218058,-2.451851734,-1.796563681,3.714197417,-2.482020377,-1.803589936,3.712223930,0.031038845
1609060375.275624990,-2.485272829,-1.814199737,3.713593126,-2.508467546,-1.817974345,3.711809752,0.023567413
1609060375.323940992,-2.516380880,-1.830734246,3.713168756,-2.535161045,-1.832814682,3.711240269,0.018993206
1609060375.377138138,-2.551828822,-1.849329088,3.713789541,-2.562666614,-1.848045568,3.710737090,0.011332370
1609060375.425173998,-2.582703503,-1.866005351,3.713495881,-2.589021184,-1.862751002,3.710833725,0.007588870
1609060375.476772070,-2.616868047,-1.881555071,3.716574028,-2.644489253,-1.893887234,3.710146747,0.030924476
1609060375.524785042,-2.647370935,-1.897921502,3.717106820,-2.668875146,-1.907398328,3.710139740,0.024510844
1609060375.575093031,-2.679076367,-1.914781266,3.716868882,-2.695181908,-1.921734615,3.709786963,0.018918010
1609060375.626551151,-2.711439767,-1.932372302,3.716923184,-2.721371946,-1.936574402,3.709420999,0.013137299
1609060375.677131176,-2.745487500,-1.951826767,3.717924494,-2.748409146,-1.951941765,3.708925636,0.009461960
1609060375.728677988,-2.778301476,-1.969397532,3.717863013,-2.799819626,-1.979743185,3.707335200,0.026094025
1609060375.773073196,-2.804956469,-1.984546012,3.715302383,-2.826089864,-1.994085182,3.706154032,0.024926060
1609060375.823648214,-2.835702450,-2.001759936,3.714361780,-2.850103619,-2.006685726,3.705280717,0.017723509
1609060375.876316071,-2.866418274,-2.021050157,3.710702765,-2.877909843,-2.022328085,3.704206825,0.013262220
1609060375.925800085,-2.895557582,-2.038391201,3.708818251,-2.904726782,-2.037382587,3.702733379,0.011050665
1609060375.977324009,-2.926214161,-2.055607261,3.706557048,-2.955760727,-2.064794138,3.699322032,0.031776465
1609060376.024099112,-2.953342853,-2.071108039,3.704144436,-2.980660314,-2.077920130,3.697273739,0.028980247
1609060376.076449156,-2.983172829,-2.088742994,3.701105114,-3.006103080,-2.091799089,3.694722973,0.023997247
1609060376.129225016,-3.012725162,-2.105499455,3.698746985,-3.030186680,-2.105079179,3.691977757,0.018732422
1609060376.176424026,-3.039830743,-2.119689412,3.697576700,-3.054685928,-2.118329044,3.688399529,0.017514211
1609060376.224507093,-3.067012861,-2.135078817,3.693350403,-3.103212274,-2.145148339,3.680569513,0.039688083
1609060376.275020123,-3.098377738,-2.149921984,3.692084920,-3.127546632,-2.158452461,3.676513946,0.034147454
1609060376.324153185,-3.125080264,-2.165012364,3.686957861,-3.149416054,-2.170676780,3.671895928,0.029174957
1609060376.376890182,-3.154702431,-2.181504434,3.680574391,-3.172692456,-2.183860340,3.666715960,0.022830843
1609060376.425126076,-3.180625452,-2.195420584,3.675136315,-3.193773460,-2.195910726,3.662583117,0.018184970
1609060376.479104042,-3.209337008,-2.212245290,3.668225022,-3.216467049,-2.208941268,3.657648730,0.013176190
1609060376.524039984,-3.232417016,-2.224744714,3.662989419,-3.258545551,-2.232089381,3.648034271,0.030988723
1609060376.576709032,-3.259352283,-2.240267024,3.657683359,-3.278799675,-2.244184290,3.642903744,0.024738291
1609060376.624075174,-3.282001682,-2.254069857,3.652334650,-3.298004064,-2.255987085,3.638533976,0.021218166
1609060376.677000999,-3.306573625,-2.268037793,3.649823592,-3.316517064,-2.267522119,3.633843567,0.018828147
1609060376.726062059,-3.327887268,-2.281428472,3.645430762,-3.352388587,-2.288325418,3.626146245,0.031933918
1609060376.776576996,-3.351351468,-2.294614872,3.640232059,-3.370317540,-2.299898488,3.621333897,0.027290457
1609060376.825327158,-3.371294770,-2.307544799,3.635632436,-3.386066999,-2.310452681,3.617051302,0.023915122
1609060376.875717163,-3.391984452,-2.320725792,3.630322937,-3.401729827,-2.320645697,3.612256467,0.020527447
1609060376.923955202,-3.410169731,-2.332410220,3.624229921,-3.417441578,-2.330508790,3.606843174,0.018941863
1609060376.978782177,-3.430881380,-2.344598009,3.616490066,-3.432538953,-2.340990975,3.600895367,0.016092013
1609060377.024703026,-3.446426336,-2.355147954,3.610132056,-3.458459683,-2.358509477,3.589866174,0.023807714
1609060377.076284170,-3.462557170,-2.365120288,3.604646246,-3.472314873,-2.368717367,3.583267167,0.023774288
1609060377.125343084,-3.476847709,-2.375367079,3.598083259,-3.484576842,-2.378104360,3.576954321,0.022664162
1609060377.175764084,-3.490637154,-2.385642070,3.589072112,-3.495520744,-2.386644702,3.570616448,0.019117171
1609060377.224970102,-3.502615772,-2.395343984,3.581578438,-3.506474491,-2.395227126,3.564232376,0.017770460
1609060377.276504040,-3.513679619,-2.405233358,3.570149108,-3.526659296,-2.411309117,3.550972061,0.023940467
1609060377.323620081,-3.523582565,-2.414083459,3.562949322,-3.535962196,-2.419298588,3.543831965,0.023365063
1609060377.372981071,-3.533834653,-2.423109455,3.556038823,-3.544358330,-2.426236397,3.536641204,0.022288858
1609060377.424736977,-3.542421894,-2.432006060,3.547379275,-3.552618105,-2.433840036,3.529068177,0.021038595
1609060377.477060080,-3.552885475,-2.440980056,3.537125058,-3.561006192,-2.441770593,3.520841907,0.018212962
1609060377.525356054,-3.561065917,-2.450057381,3.527411121,-3.575741190,-2.456745999,3.503795010,0.028597587
1609060377.573468208,-3.568624830,-2.459922016,3.518736874,-3.583006782,-2.464307190,3.494719475,0.028335591
1609060377.624278069,-3.575629721,-2.469594843,3.508148436,-3.589691702,-2.472017367,3.485496389,0.026771685
1609060377.676570177,-3.582727679,-2.479307261,3.495343932,-3.595347052,-2.479632415,3.475841473,0.023231449
1609060377.724879026,-3.588153301,-2.489054449,3.485002830,-3.601147778,-2.487659132,3.466743263,0.022454736
1609060377.775535107,-3.594271615,-2.498808198,3.475367781,-3.612022971,-2.503880428,3.448951098,0.032228548
1609060377.825145006,-3.599247704,-2.508439557,3.465432006,-3.616436032,-2.511374594,3.440199978,0.030670969
1609060377.875771999,-3.607137440,-2.522258431,3.454320647,-3.621723694,-2.520843700,3.431377603,0.027223952
1609060377.924765110,-3.611690596,-2.534016762,3.444145346,-3.625965874,-2.529677064,3.423360289,0.025585839
1609060377.975740194,-3.618354550,-2.546227884,3.434884949,-3.629583207,-2.539261014,3.414810762,0.024033164
1609060378.024561167,-3.622774258,-2.559477134,3.424521773,-3.635860906,-2.560492228,3.399032013,0.028670868
1609060378.075357199,-3.627006903,-2.573668064,3.412446869,-3.638464313,-2.572334033,3.390821827,0.024509066
1609060378.124582052,-3.630342096,-2.588874055,3.401220378,-3.640176363,-2.583481522,3.382709075,0.021643949
1609060378.174213171,-3.632925553,-2.603862570,3.388292874,-3.642342880,-2.596753939,3.373047560,0.019277922
1609060378.226052046,-3.635398372,-2.620958766,3.375288416,-3.644498447,-2.609967504,3.363759306,0.018345015
1609060378.276415110,-3.637559921,-2.636761327,3.361119522,-3.645400001,-2.639069770,3.345635012,0.017509021
1609060378.324060202,-3.637809860,-2.655131087,3.349745671,-3.645720149,-2.654334232,3.336803951,0.015188672
1609060378.373277187,-3.638169300,-2.674118470,3.341627786,-3.645522240,-2.671898504,3.327975135,0.015664893
1609060378.423891068,-3.637316478,-2.694699431,3.331629490,-3.644404456,-2.687688442,3.320635545,0.014841166
1609060378.477568150,-3.636692150,-2.717244143,3.323088227,-3.642555575,-2.706188321,3.312997820,0.016075673
1609060378.526171207,-3.633909886,-2.740019340,3.314744558,-3.638592069,-2.746037331,3.298765928,0.017704680
1609060378.574408054,-3.630738538,-2.759811797,3.307493201,-3.635136457,-2.766203155,3.292665219,0.016734999
1609060378.623176098,-3.626405474,-2.783529303,3.300225900,-3.631790212,-2.787288031,3.286938559,0.014821499
1609060378.676959991,-3.621349916,-2.809671661,3.291547885,-3.628051809,-2.809903296,3.281245434,0.012292661
1609060378.726022005,-3.615440155,-2.834364053,3.285515449,-3.623568807,-2.832183282,3.276283789,0.012492169
1609060378.776993036,-3.609321078,-2.861426878,3.281075468,-3.612134117,-2.879055276,3.270310031,0.020846301
1609060378.824391127,-3.601630766,-2.887697751,3.279992644,-3.606332511,-2.903467852,3.270953813,0.018775062
1609060378.877188206,-3.593662957,-2.917660389,3.281559494,-3.599050066,-2.928265005,3.274280360,0.013945057
1609060378.925369024,-3.585083058,-2.945331542,3.287166232,-3.591554965,-2.953193378,3.279915293,0.012500806
1609060378.976911068,-3.573253750,-2.979149265,3.293730606,-3.584765791,-2.980489258,3.286378578,0.013724977
1609060379.027352095,-3.562700750,-3.010383814,3.303293127,-3.568360535,-3.033709838,3.303497641,0.024003716
1609060379.074259043,-3.552451276,-3.042047114,3.315045330,-3.559230228,-3.061752849,3.313754022,0.020879120
1609060379.123567104,-3.540850503,-3.074391075,3.326951533,-3.550707795,-3.087903100,3.323951413,0.016992402
1609060379.172895193,-3.529589527,-3.109771862,3.340012898,-3.541803219,-3.115573310,3.334738512,0.014513794
1609060379.223832130,-3.517218232,-3.144888301,3.353809058,-3.531975395,-3.142700997,3.345793660,0.016935312
1609060379.278740168,-3.503171012,-3.182226525,3.368774326,-3.512527135,-3.199744317,3.366417698,0.019999095
1609060379.324427128,-3.490681740,-3.214525433,3.379495545,-3.501339204,-3.228234457,3.375471175,0.017824546
1609060379.373706102,-3.478925596,-3.246948658,3.390331913,-3.490688696,-3.256363844,3.383699164,0.016462370
1609060379.424789190,-3.464640277,-3.282640575,3.400976197,-3.480199038,-3.283754894,3.391948661,0.018022574
1609060379.477308035,-3.449868491,-3.315872289,3.410514754,-3.469626181,-3.312719800,3.399875350,0.022660570
1609060379.527546167,-3.435061351,-3.350146521,3.419585693,-3.445473909,-3.368499892,3.414188324,0.021780706
1609060379.574175119,-3.424109707,-3.377422196,3.426368436,-3.433834449,-3.397773421,3.419863877,0.023474502
1609060379.624490023,-3.409064655,-3.410452385,3.433866224,-3.421996474,-3.424865858,3.425197845,0.021216053
1609060379.676283121,-3.394022223,-3.444872948,3.437888446,-3.409041724,-3.453201545,3.431210157,0.018426895
1609060379.725444078,-3.378735195,-3.476646583,3.443604388,-3.395672599,-3.481638167,3.436119408,0.019178543
1609060379.778115034,-3.363128959,-3.508907777,3.450627663,-3.382979504,-3.509900341,3.440361359,0.022370210
1609060379.825517178,-3.347594651,-3.539194949,3.454953924,-3.355377424,-3.564908042,3.447713046,0.027823821
1609060379.876507998,-3.332937838,-3.571685267,3.458669744,-3.340890308,-3.593946441,3.451345161,0.024747751
1609060379.924851179,-3.316664780,-3.602856324,3.462224811,-3.326349393,-3.622011318,3.454544537,0.022796756
1609060379.976315022,-3.302457450,-3.633412162,3.464260026,-3.311436577,-3.649173145,3.457969100,0.019199195
1609060380.025951147,-3.286006385,-3.664464313,3.467739879,-3.296229397,-3.677216660,3.461186584,0.017609031
1609060380.076279163,-3.267012338,-3.703046246,3.472962060,-3.263981169,-3.732791610,3.467145278,0.030459967
1609060380.126965046,-3.247893762,-3.736893773,3.476961290,-3.247626910,-3.759228811,3.469813466,0.023452431
1609060380.175324202,-3.230948194,-3.769048394,3.480101971,-3.230427052,-3.787593504,3.472912172,0.019896882
1609060380.224295139,-3.211465524,-3.801941777,3.483812601,-3.212793666,-3.813505725,3.475750415,0.014159368
1609060380.282178164,-3.188528923,-3.842312102,3.484244030,-3.177083283,-3.868931274,3.480877934,0.029170424
1609060380.327114105,-3.168724286,-3.872889773,3.486524039,-3.158766849,-3.893596025,3.483020459,0.023241654
1609060380.418756008,-3.127215603,-3.932830402,3.490363462,-3.118877583,-3.948070041,3.487788216,0.017561351
1609060380.497653008,-3.090695612,-3.982704576,3.494628367,-3.077827159,-4.001126249,3.492175005,0.022604737
1609060380.579474211,-3.049605555,-4.034954439,3.499420727,-3.033666037,-4.055302445,3.496600571,0.026001208
1609060380.613731146,-3.031741870,-4.056682493,3.501451132,-3.012459704,-4.080141876,3.497979175,0.030564671
1609060380.665153980,-3.004196315,-4.087626657,3.505402098,-2.989451526,-4.106792482,3.500006431,0.024776014
1609060380.732620001,-2.965990916,-4.129692494,3.509732770,-2.943221282,-4.158447404,3.504301888,0.037078236
1609060380.775574207,-2.942217660,-4.155084700,3.513313165,-2.918925174,-4.184842992,3.506794514,0.038348255
1609060380.818601131,-2.916921904,-4.181217921,3.516657094,-2.895610243,-4.209410306,3.509168692,0.036125803
1609060380.869970083,-2.887660830,-4.210712799,3.519059423,-2.869744284,-4.235720658,3.511628346,0.031648326
1609060380.919371128,-2.857103944,-4.240201493,3.522716319,-2.843757789,-4.261059535,3.514565625,0.026069361
1609060380.983446121,-2.818741187,-4.276687501,3.525189555,-2.792390890,-4.311074121,3.520282423,0.043598827
1609060381.026141167,-2.791705101,-4.301274758,3.528119871,-2.763708190,-4.338202091,3.524039633,0.046519923
1609060381.072177172,-2.761806513,-4.327678124,3.529219153,-2.739038107,-4.361036134,3.527310100,0.040432680
1609060381.118996143,-2.731008584,-4.353953328,3.532679615,-2.712726349,-4.385275458,3.530657534,0.036323612
1609060381.169764996,-2.695154047,-4.384866932,3.535946257,-2.684748270,-4.410169573,3.533811099,0.027441988
1609060381.224285126,-2.656317727,-4.416035662,3.539967843,-2.657599471,-4.433790021,3.537173777,0.018018517
1609060381.276952028,-2.619493387,-4.447188768,3.543065241,-2.629382162,-4.458193694,3.541575801,0.014869926
1609060381.325170040,-2.583740831,-4.474737804,3.545955524,-2.571749853,-4.505301022,3.549664122,0.033040089
1609060381.373531103,-2.552066464,-4.500436376,3.550468606,-2.542969473,-4.527967815,3.553401424,0.029143383
1609060381.423969030,-2.515889952,-4.528070636,3.554801423,-2.515737271,-4.550046094,3.557554501,0.022147766
1609060381.474560022,-2.481160807,-4.557102799,3.560655379,-2.485870048,-4.572658524,3.561217156,0.016262629
1609060381.525918007,-2.443651785,-4.585092862,3.565743267,-2.456656413,-4.594424898,3.565090522,0.016019779
1609060381.576167107,-2.409509145,-4.611194048,3.572552922,-2.397126210,-4.639917976,3.573348638,0.031289524
1609060381.623407125,-2.375209313,-4.636190056,3.576658508,-2.369739059,-4.659006717,3.576110427,0.023469642
1609060381.675836086,-2.340300928,-4.662014468,3.580272806,-2.338990918,-4.680719163,3.579742630,0.018758007
1609060381.724457979,-2.305784698,-4.686462089,3.584027905,-2.311621641,-4.699898773,3.582150207,0.014769568
1609060381.777621031,-2.270983640,-4.711176391,3.589719922,-2.281600236,-4.720668621,3.585277094,0.014918219
1609060381.825805187,-2.237011522,-4.734121874,3.593768868,-2.224228243,-4.758817721,3.590440605,0.028006685
1609060381.875913143,-2.204420974,-4.755646215,3.594885494,-2.194593620,-4.778610047,3.592860218,0.025060251
1609060381.926110029,-2.169025843,-4.778463396,3.598125637,-2.164925351,-4.796517304,3.595186120,0.018745623
1609060381.974575043,-2.137314852,-4.799098400,3.601796405,-2.135529153,-4.814622067,3.597363290,0.016242705
1609060382.023908138,-2.102817612,-4.820172444,3.604700304,-2.106703127,-4.832500303,3.598818839,0.014200879
1609060382.077841043,-2.065968109,-4.840632745,3.609204701,-2.076244035,-4.850059419,3.600061920,0.016674750
1609060382.126087189,-2.031517116,-4.859898076,3.610803425,-2.017364729,-4.883191294,3.601616482,0.028762197
1609060382.172864199,-2.001907858,-4.876911068,3.612840844,-1.987544429,-4.900079459,3.601291222,0.029605341
1609060382.224690199,-1.965721747,-4.896289333,3.614015294,-1.956068547,-4.915043538,3.601451123,0.024551230
1609060382.276548147,-1.924690605,-4.918676024,3.612971017,-1.926799166,-4.929882036,3.601992239,0.015828908
1609060382.326167107,-1.888349784,-4.936750095,3.613551559,-1.897272794,-4.944477442,3.601574727,0.016815961
1609060382.376545191,-1.852477564,-4.953210132,3.609983346,-1.866812881,-4.958932058,3.601731780,0.017502289
1609060382.423995018,-1.817185020,-4.968786556,3.609748104,-1.806799975,-4.983947707,3.601621597,0.020093525
1609060382.475164175,-1.782166385,-4.983656439,3.607485639,-1.777145457,-4.996343516,3.600342217,0.015401303
1609060382.524759054,-1.745713390,-4.997537262,3.605909636,-1.747638869,-5.007359531,3.599902901,0.011673273
1609060382.573063135,-1.712368133,-5.008755692,3.604312771,-1.717312518,-5.017600173,3.599550762,0.011195916
1609060382.623972178,-1.673623151,-5.021442962,3.602841433,-1.687691648,-5.027547018,3.598314213,0.015989929
1609060382.680236101,-1.633754492,-5.032515561,3.599802545,-1.626876389,-5.045476120,3.596852331,0.014966234
1609060382.726361990,-1.599299161,-5.041702765,3.598952817,-1.596278161,-5.053008703,3.596804589,0.011898132
1609060382.773458004,-1.566415379,-5.049395078,3.598731334,-1.566627308,-5.060709682,3.596698090,0.011497794
1609060382.823677063,-1.528990525,-5.057099618,3.598716737,-1.536866506,-5.067721532,3.596379724,0.013428245
1609060382.877391100,-1.493279611,-5.062386988,3.600055250,-1.506930902,-5.071915734,3.596124881,0.017105628
1609060382.927017212,-1.455661128,-5.067962912,3.601236460,-1.443683911,-5.081787712,3.597529722,0.018663299
1609060382.974920034,-1.422986441,-5.071720151,3.601213329,-1.443684163,-5.081784511,3.597535476,0.023306944
1609060383.024443150,-1.385349374,-5.075773328,3.602580820,-1.376126810,-5.087463838,3.598708603,0.015385635
1609060383.076413155,-1.348611612,-5.079635391,3.605994373,-1.344022801,-5.090456853,3.600129215,0.013136259
1609060383.125964165,-1.310368021,-5.081924165,3.607967142,-1.311826945,-5.093018510,3.600949906,0.013208125
1609060383.175229073,-1.274249884,-5.082590711,3.608423146,-1.249139142,-5.094437498,3.603369662,0.028221152
1609060383.222527981,-1.236853466,-5.082926774,3.609856097,-1.217402464,-5.092801689,3.604199361,0.022535618
1609060383.276117086,-1.197219463,-5.081269966,3.612896933,-1.183891841,-5.092141288,3.605719004,0.018636894
1609060383.323568106,-1.159170724,-5.079568699,3.615521729,-1.150619529,-5.090775835,3.607602327,0.016169099
1609060383.377740145,-1.111628889,-5.073921066,3.619153558,-1.115081411,-5.086617119,3.609911233,0.016078875
1609060383.424261093,-1.071470109,-5.070135789,3.622336337,-1.045434165,-5.079785467,3.614086761,0.028966224
1609060383.476530075,-1.025843950,-5.064828411,3.624558171,-1.010411449,-5.075321877,3.615904339,0.020570944
1609060383.524501085,-0.982693402,-5.059117730,3.627581876,-0.974428694,-5.068929856,3.618159820,0.015917234
1609060383.580219984,-0.935694380,-5.050083580,3.629286985,-0.936789178,-5.062412913,3.619499087,0.015780177
1609060383.625110149,-0.894329514,-5.042691348,3.630429522,-0.901807043,-5.056384201,3.621291112,0.018080879
1609060383.677712202,-0.848725423,-5.032882620,3.630682468,-0.825106100,-5.039962241,3.620932975,0.026515017
1609060383.726248026,-0.803536035,-5.023519919,3.630826641,-0.789548506,-5.032055384,3.621140575,0.019034837
1609060383.775644064,-0.760148487,-5.013051941,3.629895146,-0.752495275,-5.023039522,3.620643003,0.015618117
1609060383.826225996,-0.712482440,-5.001570896,3.630011635,-0.717050131,-5.014585277,3.621125962,0.016407105
1609060383.877563000,-0.666954173,-4.988559536,3.628144660,-0.642546503,-4.993610409,3.621801559,0.025719265
1609060383.925773144,-0.621180002,-4.976119696,3.627524419,-0.604845983,-4.982675121,3.621539949,0.018589988
1609060383.977313995,-0.575878137,-4.961705699,3.625575148,-0.565821007,-4.971280485,3.621468142,0.014480673
1609060384.025890112,-0.529640480,-4.948296517,3.626101245,-0.529310211,-4.960029918,3.622914636,0.012162905
1609060384.082066059,-0.481008874,-4.933108841,3.628213281,-0.487529747,-4.945878753,3.624015426,0.014940362
1609060384.127351046,-0.437519447,-4.919591869,3.629913529,-0.409261543,-4.920282804,3.627604520,0.028360501
1609060384.179015160,-0.391357325,-4.904362747,3.631789342,-0.368093867,-4.905713296,3.629676981,0.023398174
1609060384.225046158,-0.347380696,-4.890026981,3.633931872,-0.327854838,-4.891660730,3.632071767,0.019682181
1609060384.277572155,-0.300884317,-4.872219682,3.637463431,-0.288070222,-4.877472304,3.634003163,0.014274611
1609060384.326673985,-0.253466767,-4.856043295,3.639773048,-0.247175737,-4.862935998,3.635802841,0.010141447
1609060384.378116131,-0.207971983,-4.838469835,3.644769894,-0.206330605,-4.846690410,3.637551218,0.011062607
1609060384.426213980,-0.162893238,-4.822024081,3.647762282,-0.126514290,-4.814888516,3.641927355,0.037528529
1609060384.477639198,-0.109996323,-4.800305909,3.651402831,-0.086727994,-4.798607805,3.643666446,0.024579470
1609060384.526020050,-0.061977564,-4.781940461,3.654164699,-0.047144213,-4.782339957,3.645308009,0.017280881
1609060384.577697992,-0.012309293,-4.758692399,3.657390474,-0.006248386,-4.764230152,3.646935822,0.013292895
1609060384.627104044,0.036562747,-4.738614216,3.659695439,0.031113179,-4.747740738,3.648676720,0.015310237
1609060384.679548025,0.084835852,-4.716749399,3.658071497,0.111394155,-4.712075411,3.651084487,0.027856918
1609060384.725043058,0.129410916,-4.697321019,3.659471089,0.151738760,-4.693003602,3.652031775,0.023927308
1609060384.780750990,0.179177481,-4.670457212,3.660700560,0.190024738,-4.674755365,3.653583972,0.013666855
1609060384.825978994,0.223323084,-4.649218201,3.662116496,0.227295921,-4.656899314,3.654295460,0.011659825
1609060384.879726171,0.271001337,-4.623850079,3.664159957,0.264216777,-4.638107881,3.656008833,0.017769524
1609060384.927287102,0.314986042,-4.601787817,3.666280905,0.341314471,-4.598897150,3.661040918,0.026999993
1609060384.978001118,0.360107672,-4.577918604,3.668086622,0.379321240,-4.578131162,3.662872408,0.019909656
1609060385.025215149,0.403028349,-4.554716075,3.670424200,0.414480397,-4.559261101,3.664975289,0.013472094
1609060385.078049183,0.447865748,-4.527554188,3.673865465,0.452318446,-4.537450547,3.666925012,0.012881550
1609060385.128671169,0.492396526,-4.501529494,3.676497111,0.486790870,-4.517020633,3.668790854,0.018187500
1609060385.178465128,0.532083855,-4.476372856,3.678878323,0.560219358,-4.473693369,3.671306412,0.029259529
1609060385.225788116,0.573349233,-4.452354033,3.679100943,0.595879482,-4.452849431,3.670229429,0.024219028
1609060385.277276993,0.611916225,-4.425448550,3.677641416,0.632087112,-4.429403463,3.669671947,0.022045827
1609060385.324550152,0.651672894,-4.400633468,3.676763495,0.666601723,-4.407614877,3.668171096,0.018585998
1609060385.378527164,0.691853697,-4.372059799,3.676225374,0.701512871,-4.385117380,3.667009320,0.018674468
1609060385.428066015,0.731800151,-4.345973026,3.675420210,0.735816357,-4.362172577,3.665637371,0.019345783
1609060385.478852987,0.768631562,-4.320985349,3.673168288,0.806388871,-4.313926343,3.663785917,0.039540774
1609060385.527404070,0.806968130,-4.295346669,3.672080361,0.841749469,-4.289042630,3.662118136,0.036725037
1609060385.578270197,0.850131583,-4.265157254,3.671028090,0.873842456,-4.266309107,3.660703231,0.025886966
1609060385.624525070,0.887393552,-4.240034289,3.669296154,0.907968453,-4.241627806,3.659139687,0.023000427
1609060385.679279089,0.932638311,-4.208112063,3.664540707,0.938842373,-4.218929519,3.657346417,0.014396720
1609060385.728085995,0.972789421,-4.180183334,3.662344856,1.000423313,-4.172642346,3.653697080,0.029921271
1609060385.780771017,1.011329412,-4.148503797,3.659594368,1.033561134,-4.147848299,3.651231718,0.023761589
1609060385.825530052,1.047448609,-4.122007143,3.657101165,1.065329401,-4.123028548,3.649536773,0.019441862
1609060385.878072977,1.086433181,-4.091848652,3.653026200,1.096268176,-4.097349713,3.647909624,0.012376112
1609060385.927165031,1.125682591,-4.062509634,3.650895306,1.128496204,-4.072365182,3.645658743,0.011509554
1609060385.979855061,1.165406877,-4.031514423,3.649347919,1.159984493,-4.047253696,3.643758888,0.017560302
1609060386.026208162,1.202254049,-4.002951956,3.647444795,1.223580025,-3.995188369,3.640350835,0.023778032
1609060386.077979088,1.238425922,-3.971334583,3.645571313,1.255036599,-3.969007400,3.638575366,0.018173433
1609060386.127557993,1.275701251,-3.941153828,3.643954913,1.283067330,-3.945007179,3.636797599,0.010969712
1609060386.179339170,1.310288885,-3.909635836,3.642075153,1.314809186,-3.917867196,3.634654434,0.011968939
1609060386.225568056,1.345736447,-3.880544233,3.639754176,1.347109013,-3.890868784,3.632148324,0.012896870
1609060386.277292013,1.378451911,-3.848237288,3.635707074,1.378408843,-3.863102740,3.629773900,0.016005814
1609060386.327005148,1.414900196,-3.816331025,3.632941639,1.439526831,-3.806389863,3.625316033,0.027630557
1609060386.378152132,1.448776999,-3.785518352,3.628919472,1.469798219,-3.778320631,3.623015060,0.022990454
1609060386.426437140,1.483388393,-3.754590277,3.626513015,1.499270653,-3.750463033,3.620762662,0.017388125
1609060386.479035139,1.515851407,-3.721445101,3.624974378,1.528727945,-3.722053707,3.618667704,0.014350950
1609060386.526904106,1.549450419,-3.689916637,3.623000417,1.558837027,-3.693008254,3.616754708,0.011690825
1609060386.578626156,1.581395836,-3.656518090,3.622071004,1.587611721,-3.663722467,3.615411451,0.011614212
1609060386.626856089,1.614987941,-3.623877925,3.620979101,1.644431950,-3.605338944,3.611989082,0.035936943
1609060386.678795099,1.653047846,-3.585236170,3.619327822,1.674413833,-3.574101532,3.610076531,0.025808370
1609060386.726828098,1.687618418,-3.551029854,3.618446293,1.703207324,-3.543777721,3.609370291,0.019441739
1609060386.777306080,1.722647444,-3.513372913,3.617799267,1.733399784,-3.511794066,3.607829309,0.014748072
1609060386.826637030,1.758718839,-3.476931420,3.616656123,1.762411781,-3.480483801,3.607187248,0.010766467
1609060386.879197121,1.792992815,-3.437422233,3.614984633,1.818887119,-3.417871745,3.605083517,0.033922982
1609060386.927596092,1.826933304,-3.400743554,3.613755685,1.848399636,-3.383942546,3.603368485,0.029171410
1609060386.977253199,1.858502930,-3.362215461,3.612294229,1.876550421,-3.350258176,3.602333483,0.023830758
1609060387.024797201,1.892550771,-3.323780208,3.611008969,1.905357162,-3.315529513,3.601534615,0.017939927
1609060387.077081203,1.923106739,-3.284209441,3.608746251,1.932391820,-3.282234559,3.600974432,0.012268417
1609060387.128638983,1.958366367,-3.241764090,3.607653137,1.960289894,-3.248117435,3.600472542,0.009778849
1609060387.178961039,1.990198500,-3.200016436,3.606442061,1.987603849,-3.212588256,3.599285002,0.014697156
1609060387.228384018,2.022680670,-3.158779236,3.605184252,2.043142011,-3.139247342,3.596958027,0.029458990
1609060387.279007196,2.052123869,-3.117076545,3.604071090,2.069903856,-3.102405538,3.595630281,0.024548191
1609060387.325957060,2.082292652,-3.076995000,3.602220055,2.094675767,-3.066673452,3.593902940,0.018139744
1609060387.378004074,2.109046917,-3.031494417,3.599442746,2.121636529,-3.028572812,3.592234829,0.014798249
1609060387.428513050,2.140528712,-2.985719598,3.597256199,2.147050238,-2.990191831,3.590462647,0.010425139
1609060387.478980064,2.166570966,-2.944355223,3.597911666,2.172680022,-2.949591707,3.589237782,0.011831213
1609060387.526018143,2.192413550,-2.902634591,3.597025820,2.216627874,-2.871601663,3.587369339,0.040529295
1609060387.578428984,2.216763889,-2.855832863,3.593381340,2.239332053,-2.830664958,3.586630990,0.034471911
1609060387.626721144,2.241979678,-2.811808064,3.591176614,2.260217339,-2.790335411,3.585427508,0.028753076
1609060387.678171158,2.263075273,-2.766297501,3.588012420,2.279956365,-2.750059407,3.584187240,0.023733499
1609060387.728655100,2.286911562,-2.719932309,3.584730308,2.299523538,-2.708676191,3.582646263,0.017032480
1609060387.779019117,2.309186923,-2.664752742,3.583195852,2.335235326,-2.625858578,3.578332674,0.047062998
1609060387.827759981,2.330854711,-2.616514622,3.579512867,2.351355947,-2.584567028,3.575550585,0.038166073
1609060387.878028154,2.347546458,-2.563365851,3.575184465,2.366754904,-2.542755674,3.573250981,0.028239726
1609060387.927401066,2.366912812,-2.511668264,3.571109246,2.380939024,-2.499423057,3.570483497,0.018629849
1609060387.978938103,2.379700855,-2.459278612,3.567431543,2.395443900,-2.455051349,3.568147552,0.016316430
1609060388.028403044,2.394809499,-2.408146099,3.564289870,2.407520080,-2.412453426,3.565291712,0.013457920
1609060388.080017090,2.406553435,-2.357972648,3.561524966,2.418562520,-2.369014510,3.562172453,0.016326667
1609060388.127521992,2.418847902,-2.308626664,3.558416380,2.438249639,-2.283334705,3.556590870,0.031928718
1609060388.177268982,2.428105745,-2.258556943,3.556201098,2.447355418,-2.240133094,3.553654297,0.026767038
1609060388.226025105,2.439186152,-2.207956630,3.553246583,2.456339649,-2.196353044,3.551542979,0.020779508
1609060388.279821157,2.446556906,-2.154094644,3.550694396,2.461196393,-2.154512246,3.547389592,0.015013684
1609060388.327994108,2.454444998,-2.105544030,3.548372015,2.468012016,-2.114168388,3.544978544,0.016430435
1609060388.378304005,2.458686751,-2.056016916,3.545639054,2.480309923,-2.023117502,3.539722042,0.039811356
1609060388.427662134,2.465927456,-2.006959312,3.543409500,2.483405882,-1.980877640,3.536727495,0.032099816
1609060388.479194164,2.468194031,-1.957920099,3.542226282,2.487366183,-1.940957230,3.534986254,0.026603164
1609060388.525289059,2.473417438,-1.912604276,3.541742419,2.490149307,-1.898126140,3.533358223,0.023661500
1609060388.588790178,2.472769021,-1.852046968,3.542997784,2.493778899,-1.814857089,3.531487022,0.044237989
1609060388.632841110,2.475454920,-1.809190452,3.543596134,2.495372105,-1.771266485,3.531182640,0.044598390
1609060388.684895992,2.477313254,-1.760625228,3.539986548,2.496257615,-1.729742659,3.530546057,0.037439881
1609060388.727123022,2.479499737,-1.719507190,3.540258062,2.496067849,-1.689466572,3.529351928,0.035998400
1609060388.777594090,2.478573995,-1.671875405,3.539511419,2.496002220,-1.647843327,3.528909470,0.031522771
1609060388.826026201,2.480385206,-1.626492564,3.539869673,2.496319809,-1.608911984,3.529072806,0.026068385
1609060388.879713058,2.480363742,-1.569399576,3.538681556,2.494857608,-1.569134433,3.528334425,0.017810266
1609060388.928493023,2.481944499,-1.521854173,3.539045211,2.493272984,-1.529060946,3.528356355,0.017161695
1609060388.978852034,2.477721264,-1.473863443,3.539447257,2.490272685,-1.446778124,3.528980195,0.031634034
1609060389.026794195,2.477985935,-1.427536257,3.540022838,2.487127478,-1.407571053,3.529079949,0.024534139
1609060389.078282118,2.471198275,-1.380613988,3.539245913,2.483989415,-1.368908137,3.529898068,0.019698285
1609060389.127646208,2.468794988,-1.334563961,3.539995260,2.481967267,-1.332057144,3.530630301,0.016355290
1609060389.177092075,2.464276527,-1.290728177,3.541371426,2.477957750,-1.294272042,3.531111384,0.017464344
1609060389.227483988,2.460629937,-1.243938845,3.543396284,2.469142848,-1.219703367,3.535183685,0.026968033
1609060389.277998209,2.452668134,-1.198484871,3.545485929,2.465066735,-1.182515038,3.536686726,0.022049645
1609060389.327522993,2.448570521,-1.153279189,3.547096248,2.460405461,-1.144387017,3.537510293,0.017635959
1609060389.378243208,2.442090165,-1.109161388,3.548746064,2.453938759,-1.104479062,3.538011276,0.016659803
1609060389.425644159,2.437748416,-1.065640691,3.548390491,2.449458665,-1.068306160,3.538360121,0.015647460
1609060389.480804205,2.427379259,-1.018395416,3.545157930,2.443637368,-1.028556821,3.538592319,0.020265427
1609060389.530208111,2.422103400,-0.973717515,3.544710078,2.430054209,-0.951871000,3.537962868,0.024207652
1609060389.578667164,2.412763793,-0.932538639,3.547930945,2.422929383,-0.913661744,3.538587465,0.023387539
1609060389.625934124,2.406754088,-0.890890238,3.548776307,2.416796052,-0.879063620,3.538976324,0.018350738
1609060389.678423166,2.394337350,-0.847168351,3.548622994,2.408812961,-0.840848080,3.539444196,0.018268538
1609060389.727277040,2.387461483,-0.803453631,3.549063697,2.401143650,-0.806133503,3.539442063,0.016939871
1609060389.779801130,2.374377571,-0.761654781,3.550936482,2.382977274,-0.725363482,3.539394201,0.039041485
1609060389.824541092,2.366748336,-0.721868283,3.551662958,2.374341012,-0.689962896,3.539213918,0.035079639
1609060389.877240181,2.353898377,-0.675850482,3.550352076,2.364396683,-0.651866225,3.538910562,0.028572142
1609060389.926560163,2.344934784,-0.632694779,3.550782824,2.355362312,-0.614141598,3.539074170,0.024290872
1609060389.978195190,2.331204513,-0.581631499,3.548057007,2.345447542,-0.577189881,3.538529059,0.017702363
1609060390.027326107,2.321773432,-0.536136997,3.547215905,2.324646729,-0.503072840,3.538349925,0.034352582
1609060390.076764107,2.307550381,-0.488409834,3.544426198,2.315361014,-0.466552583,3.538028578,0.024076440
1609060390.127235174,2.297213936,-0.440286867,3.541772927,2.304416062,-0.428608568,3.536479968,0.014706078
1609060390.177085161,2.282579239,-0.396438324,3.539994731,2.292974930,-0.391536744,3.534565175,0.012711253
1609060390.226591110,2.270909206,-0.351110493,3.536965020,2.281588373,-0.353040110,3.532662123,0.011674030
1609060390.280389071,2.254313561,-0.304502302,3.533565582,2.270467026,-0.314987946,3.530071114,0.019572799
1609060390.326570988,2.242997016,-0.262048515,3.530172617,2.246741773,-0.242240677,3.524830851,0.020854451
1609060390.378979206,2.227150838,-0.215657990,3.526350782,2.235012807,-0.204070402,3.522247070,0.014591888
1609060390.426268101,2.215316668,-0.172484238,3.521736340,2.223562176,-0.167638001,3.518642353,0.010052222
1609060390.477884054,2.199507984,-0.130141854,3.515572181,2.210603587,-0.130276165,3.513636281,0.011264020
1609060390.528004169,2.185719589,-0.085841889,3.510110400,2.186221161,-0.058122523,3.504026700,0.028383556
1609060390.577238083,2.168553038,-0.044950148,3.505869361,2.174123030,-0.023592317,3.499455133,0.022985301
1609060390.625013113,2.156333381,-0.002584232,3.500292649,2.160438397,0.013042841,3.494420111,0.017191372
1609060390.676635027,2.137300451,0.037470428,3.493520645,2.147209595,0.049302019,3.488845793,0.016125505
1609060390.726636171,2.123830324,0.081174683,3.487068065,2.134311649,0.086783208,3.483565988,0.012392670
1609060390.780335188,2.102827284,0.124161027,3.478454404,2.105397098,0.162159933,3.472537678,0.038542554
1609060390.825442076,2.089960633,0.163034843,3.472797525,2.091274434,0.196874403,3.466490193,0.034447414
1609060390.878334045,2.067225389,0.205485900,3.468248182,2.077631015,0.230117694,3.462026279,0.027453859
1609060390.928623199,2.050921596,0.247936231,3.462434047,2.061179588,0.270057506,3.456876784,0.025009205
1609060390.978664160,2.030032017,0.288047630,3.456309067,2.043378352,0.311812398,3.451938707,0.027604147
1609060391.025667191,2.014071295,0.327701472,3.451620473,2.026826383,0.348986030,3.446960751,0.025247528
1609060391.085714102,1.984223464,0.382995927,3.445510800,1.993473650,0.420492549,3.438767687,0.039205002
1609060391.125485182,1.969163901,0.417331844,3.441883494,1.976906656,0.454493306,3.435100250,0.038560821
1609060391.175955057,1.942390470,0.460788990,3.439286000,1.960028664,0.489411793,3.432679114,0.034264000
1609060391.225903988,1.921649705,0.503892114,3.435804132,1.941535418,0.523617197,3.431048272,0.028410186
1609060391.278138161,1.897002447,0.546266993,3.432130772,1.923026939,0.558312484,3.428376198,0.028921702
1609060391.328149080,1.874324738,0.588525715,3.429717199,1.904285768,0.592502415,3.426784236,0.030365765
1609060391.378519058,1.849133592,0.629593401,3.427942151,1.864604681,0.661542419,3.424593501,0.035655404
1609060391.420211077,1.830264921,0.665398708,3.426468726,1.843532683,0.695955606,3.423253202,0.033467852
1609060391.470527172,1.800860412,0.704680605,3.423692989,1.820488341,0.731209049,3.422716098,0.033014667
1609060391.521433115,1.775297252,0.748057278,3.421992183,1.797678309,0.765705004,3.420852145,0.028524615
1609060391.570142031,1.749066354,0.783012006,3.420872024,1.774204487,0.800049851,3.420301417,0.030373335
1609060391.619429111,1.725052306,0.821452797,3.419865134,1.751948241,0.831761374,3.419588399,0.028805115
1609060391.671687126,1.698416529,0.859744444,3.420313183,1.728466143,0.864278681,3.419208956,0.030409833
1609060391.722023010,1.673732909,0.899188763,3.419573114,1.681110070,0.927864948,3.419648523,0.029609994
1609060391.775783062,1.641413565,0.935994388,3.420519602,1.658519970,0.957679157,3.420453305,0.027619969
1609060391.826857090,1.615277485,0.974495702,3.420556137,1.631132596,0.991103139,3.420339179,0.022961676
1609060391.878179073,1.585994996,1.009711796,3.423199939,1.603833520,1.026856337,3.420535213,0.024884714
1609060391.928951025,1.559127988,1.047464409,3.424205356,1.577221235,1.057574433,3.421210073,0.020941583
1609060391.978355169,1.525931995,1.081041362,3.426586851,1.526878547,1.116799840,3.422285031,0.036028743
1609060392.025657177,1.499688907,1.115497152,3.428090603,1.503857720,1.144788439,3.422282047,0.030151249
1609060392.078227043,1.467190157,1.149979011,3.428209010,1.477818973,1.171911895,3.423488769,0.024825467
1609060392.128297091,1.439022586,1.185109469,3.429592333,1.453289738,1.199303706,3.424701272,0.020711119
1609060392.181913137,1.402142273,1.228241427,3.431928382,1.399331982,1.257368000,3.425969096,0.029862487
1609060392.225656033,1.376555542,1.260481125,3.433196059,1.372859943,1.284113606,3.426476475,0.024845612
1609060392.277301073,1.341629104,1.296962885,3.434922938,1.345674747,1.313052909,3.427497017,0.018176919
1609060392.326452017,1.311321106,1.333904401,3.437122311,1.317443786,1.341979586,3.429047430,0.012957605
1609060392.380200148,1.270362213,1.368701489,3.436659487,1.289769211,1.369908479,3.430732372,0.020327791
1609060392.427337170,1.239523875,1.401338048,3.437793465,1.236294964,1.422877532,3.431777071,0.022595846
1609060392.477635145,1.203043577,1.433628859,3.437427069,1.210851041,1.447682768,3.433124580,0.016642724
1609060392.527090073,1.170220062,1.466778445,3.438313293,1.182831939,1.474831451,3.433677946,0.015665145
1609060392.578356028,1.133306802,1.495904913,3.439009338,1.154180347,1.500444567,3.433669253,0.022018853
1609060392.627631187,1.099831697,1.527259443,3.440690515,1.125893044,1.526895759,3.435276236,0.026620303
1609060392.678007126,1.063190899,1.554935133,3.445027264,1.066970470,1.580042886,3.440517657,0.025788001
1609060392.726713181,1.031426763,1.584582920,3.449452644,1.038070221,1.604938546,3.443984052,0.022099604
1609060392.778137207,0.996102366,1.611978030,3.455416323,1.010750078,1.628683335,3.448088964,0.023394719
1609060392.825527191,0.965209177,1.640199007,3.460532376,0.982409866,1.653651083,3.452123488,0.023399390
1609060392.879384995,0.925239976,1.666810407,3.464450883,0.952964794,1.677779411,3.456366077,0.030892534
1609060392.928017139,0.893934885,1.693933435,3.469151444,0.899804983,1.720468544,3.463616576,0.027734542
1609060392.978950024,0.855744974,1.715917104,3.472458938,0.872637225,1.742579308,3.467126421,0.032010264
1609060393.025929213,0.825263758,1.740728822,3.476223636,0.845759111,1.762417962,3.470267480,0.030429494
1609060393.078571081,0.790718837,1.766628114,3.480178229,0.817762558,1.782062581,3.474762651,0.031605603
1609060393.127781153,0.759970246,1.791069457,3.483920785,0.789539904,1.804096870,3.478492772,0.032764943
1609060393.179360151,0.724988005,1.811860165,3.486034775,0.729634396,1.846752353,3.484827323,0.035220898
1609060393.225460052,0.696621899,1.833682718,3.489134786,0.702777694,1.864311494,3.488327333,0.031251683
1609060393.278164148,0.661324634,1.863620610,3.493091162,0.675633345,1.884195868,3.491818130,0.025093845
1609060393.326492071,0.632233740,1.886798073,3.496094038,0.648428717,1.902407483,3.494790404,0.022530655
1609060393.378987074,0.596500198,1.908883011,3.499712606,0.619258318,1.919989385,3.497945025,0.025385191
1609060393.427626133,0.567119770,1.931575581,3.502819584,0.565936893,1.953996858,3.504173898,0.022493266
1609060393.477944136,0.533470997,1.947037992,3.505888351,0.565937008,1.953994725,3.504169086,0.033247464
1609060393.526420116,0.504281290,1.966268380,3.509599995,0.511919333,1.984538670,3.510480509,0.019822172
1609060393.577835083,0.469282224,1.984225212,3.515118553,0.484190165,1.999827060,3.514271811,0.021595864
1609060393.627587080,0.438531293,2.003201476,3.518903995,0.460133986,2.014345953,3.517524180,0.024347066
1609060393.681843996,0.404500206,2.021152631,3.523081491,0.405087363,2.043094685,3.523175687,0.021950110
1609060393.726659060,0.377043612,2.036781097,3.526430474,0.380006459,2.054977614,3.525981473,0.018441618
1609060393.777696133,0.344616676,2.050309767,3.529556997,0.354244793,2.068484083,3.529149126,0.020571163
1609060393.825637102,0.315582797,2.066725426,3.533342802,0.328303651,2.081269581,3.532666179,0.019334176
1609060393.880216122,0.282160875,2.080979663,3.539676573,0.301356322,2.093710393,3.534883380,0.023526822
1609060393.929346085,0.252970115,2.095874653,3.543241062,0.273918946,2.105199625,3.537647527,0.023602887
1609060393.978819132,0.221972189,2.106154827,3.545377109,0.220665065,2.129383795,3.542593270,0.023431672
1609060394.025839090,0.194220581,2.119221017,3.548300987,0.193215754,2.139655732,3.545007581,0.020722783
1609060394.078690052,0.160974404,2.129878850,3.550276215,0.166283736,2.150408342,3.546410822,0.021554357
1609060394.127166986,0.132081321,2.142771098,3.552706470,0.139656415,2.161683942,3.548576892,0.020787765
1609060394.178130150,0.099594882,2.152332566,3.554048750,0.113566380,2.171057518,3.550850880,0.023580775
1609060394.227622032,0.070409544,2.164408702,3.556580657,0.058388046,2.190898020,3.554230615,0.029184295
1609060394.277701139,0.039768214,2.172537668,3.559975958,0.033303878,2.200531756,3.556613655,0.028926833
1609060394.327140093,0.010347719,2.183742471,3.562922509,0.005952082,2.210326457,3.558890353,0.027244967
1609060394.378655195,-0.028448860,2.197279785,3.566953647,-0.020693242,2.218190860,3.560702251,0.023162526
1609060394.428137064,-0.060690952,2.209508532,3.569777029,-0.049448468,2.227326913,3.562137538,0.022410934
1609060394.480125189,-0.096956621,2.220516972,3.571326191,-0.106217160,2.246517919,3.564710579,0.028382621
1609060394.526715040,-0.128101534,2.232072896,3.573121099,-0.134552503,2.253490591,3.565915706,0.023500008
1609060394.578184128,-0.166170119,2.240675639,3.573480760,-0.164133577,2.261640493,3.567020493,0.022031969
1609060394.625958204,-0.198363474,2.250671135,3.574094552,-0.192773175,2.270488364,3.567828169,0.021523048
1609060394.678415060,-0.234898538,2.258262092,3.573070605,-0.219252106,2.278031382,3.568078363,0.025701325
1609060394.727630138,-0.269584653,2.268079823,3.572667030,-0.250295528,2.284804137,3.567729627,0.026002903
1609060394.778980017,-0.305943733,2.275810967,3.570943087,-0.310616741,2.299864523,3.567183387,0.024790037
1609060394.825003147,-0.338497492,2.284425167,3.570086942,-0.338424966,2.306638486,3.566327817,0.022529266
1609060394.878548145,-0.376501807,2.291795627,3.568917501,-0.370573248,2.312378021,3.564844627,0.021803005
1609060394.926192045,-0.410480503,2.300103489,3.566871466,-0.400573020,2.317893601,3.563245152,0.020683241
1609060394.979655027,-0.448597912,2.307014642,3.564285365,-0.429814236,2.324179840,3.560064512,0.025793141
1609060395.028001070,-0.483086105,2.315372801,3.561367662,-0.494363757,2.335963887,3.554205340,0.024545409
1609060395.079689980,-0.521039089,2.319970970,3.558377684,-0.524853895,2.340122007,3.551015410,0.021790367
1609060395.126984119,-0.555485585,2.327160622,3.555614136,-0.558063264,2.346320630,3.548093155,0.020744047
1609060395.178426981,-0.594890043,2.330839279,3.552153640,-0.593669141,2.351540003,3.545058781,0.021916833
1609060395.228995085,-0.632949116,2.337691151,3.548760134,-0.625903269,2.355068018,3.541689219,0.020039893
1609060395.278118134,-0.669451328,2.340251790,3.542130042,-0.659766009,2.359212682,3.537833668,0.021720489
1609060395.330049992,-0.708630464,2.346636368,3.538646961,-0.726717621,2.368362724,3.531638943,0.029125454
1609060395.379475117,-0.747524858,2.350438988,3.536257859,-0.762629242,2.370736465,3.528655776,0.026418207
1609060395.425306082,-0.782462910,2.355643691,3.533746435,-0.796234335,2.374409475,3.526137854,0.024488717
1609060395.477863073,-0.829318283,2.359730677,3.530259637,-0.830103857,2.378614508,3.522404734,0.020467430
1609060395.528144121,-0.870221614,2.365093712,3.527674971,-0.864174240,2.380104480,3.520917828,0.017537185
1609060395.580636978,-0.916389782,2.365881059,3.521572124,-0.938008368,2.383754128,3.515690498,0.028660136
1609060395.628876209,-0.956551730,2.369785092,3.518880337,-0.972413786,2.386399076,3.513468666,0.023599057
1609060395.679280996,-0.999716547,2.370448478,3.515333648,-1.009772907,2.387209943,3.511824033,0.019859367
1609060395.726664066,-1.038862120,2.372134069,3.512480398,-1.045713195,2.387367174,3.509001218,0.017061343
1609060395.777697086,-1.083100929,2.370730663,3.509128022,-1.083558727,2.387457281,3.506895595,0.016881146
1609060395.827297211,-1.125820222,2.371169211,3.506679326,-1.116987504,2.388005752,3.505089551,0.019079136
1609060395.878175020,-1.169110205,2.367625083,3.504615534,-1.194038769,2.385360893,3.500951638,0.030812601
1609060395.926741123,-1.211658723,2.366654302,3.501801749,-1.231421880,2.384089220,3.499423516,0.026461570
1609060395.978080988,-1.257390401,2.362648908,3.497550175,-1.267818379,2.383294837,3.497005905,0.023136408
1609060396.025374174,-1.298834655,2.360810843,3.494753305,-1.304132709,2.380573230,3.495388339,0.020470090
1609060396.079258204,-1.346082195,2.356296414,3.490707184,-1.343326503,2.377317293,3.494079240,0.021467230
1609060396.127947092,-1.389184258,2.353256891,3.487760577,-1.380025257,2.374061735,3.490300804,0.022873162
1609060396.179615021,-1.436052323,2.346927527,3.486547757,-1.457607850,2.364802360,3.486249674,0.028004272
1609060396.226527214,-1.477908900,2.342908743,3.485044195,-1.497373333,2.359701870,3.484627037,0.025710840
1609060396.277954102,-1.521840738,2.332819669,3.483566785,-1.535574593,2.354651339,3.483154359,0.025795555
1609060396.329421043,-1.567345391,2.326306120,3.482234974,-1.570666890,2.349163394,3.480999755,0.023130350
1609060396.378897190,-1.611114524,2.319295680,3.480225592,-1.609120025,2.341570899,3.479590449,0.022373350
1609060396.428141117,-1.654321892,2.312064670,3.479520743,-1.685299003,2.324661401,3.476439453,0.033582040
1609060396.478668213,-1.699263242,2.298136645,3.479489128,-1.720688178,2.316777396,3.474343017,0.028861530
1609060396.527477026,-1.741881558,2.288442599,3.478839812,-1.762324488,2.305591626,3.473042299,0.027305927
1609060396.578049183,-1.794402617,2.276777641,3.479384562,-1.804750223,2.293479309,3.472155565,0.020935068
1609060396.627701998,-1.839997230,2.265328572,3.479439326,-1.840825096,2.282445315,3.471294628,0.018973781
1609060396.680634022,-1.887665431,2.247915767,3.477052823,-1.878176100,2.270869871,3.470129905,0.025784978
1609060396.727077007,-1.929827529,2.234943917,3.476773563,-1.956144735,2.243156028,3.468466413,0.028793104
1609060396.779548168,-1.977064513,2.214069988,3.474036592,-1.992151123,2.229202380,3.466629350,0.022615533
1609060396.826028109,-2.018423894,2.198402649,3.473353340,-2.028181034,2.214719744,3.465482615,0.020576630
1609060396.878423214,-2.066899738,2.177986401,3.471232072,-2.067998980,2.197125892,3.464259418,0.020399666
1609060396.928431988,-2.111912128,2.158228605,3.470077618,-2.142044792,2.162665288,3.462657496,0.031348362
1609060396.978091002,-2.156208391,2.135777907,3.468034742,-2.176581843,2.145372981,3.461220805,0.023528126
1609060397.067896128,-2.235370909,2.094616792,3.464968977,-2.251937954,2.104837773,3.458476464,0.020520433
1609060397.143000126,-2.302153201,2.055345238,3.463669000,-2.322990791,2.063200891,3.454910853,0.023929513
1609060397.190607071,-2.343156248,2.031348352,3.462491909,-2.360913804,2.039803778,3.453683674,0.021550174
1609060397.238964081,-2.384576632,2.005416208,3.460607697,-2.398070800,2.015432943,3.452146197,0.018815540
1609060397.285953045,-2.424451157,1.978580224,3.457840849,-2.433479178,1.991935735,3.451080042,0.017480942
1609060397.333422184,-2.464976995,1.951486949,3.456326808,-2.469728796,1.967007900,3.450341386,0.017300428
1609060397.386152983,-2.508609957,1.917795119,3.455302102,-2.540664720,1.915514890,3.447574028,0.033051935
1609060397.430253983,-2.545349712,1.891088631,3.454034074,-2.575161775,1.889146332,3.445959789,0.030947144
1609060397.477351189,-2.585954535,1.861686138,3.454457528,-2.610193035,1.861850697,3.444452561,0.026222725
1609060397.527691126,-2.628432949,1.829273516,3.452722502,-2.648270411,1.831797725,3.442754605,0.022344025
1609060397.579995155,-2.672557829,1.793886995,3.449409918,-2.684021634,1.802342110,3.440577348,0.016760731
1609060397.697091103,-2.778248044,1.708936370,3.443239939,-2.786411689,1.715809810,3.437251733,0.012237152
1609060397.745933056,-2.821024465,1.672647306,3.441009590,-2.823099435,1.683672389,3.434811846,0.012816785
1609060397.824478149,-2.893088708,1.607496834,3.436823583,-2.897666722,1.615755322,3.432215943,0.010506721
1609060397.878262997,-2.937497731,1.563328818,3.433988655,-2.938329343,1.577786469,3.431238325,0.014740406
1609060397.926575184,-2.978498620,1.524091915,3.432813006,-2.975094090,1.542112671,3.430336159,0.018506032
1609060397.980239153,-3.022176056,1.478331750,3.432717485,-3.011246735,1.506189430,3.429537880,0.030093359
1609060398.027523994,-3.061949284,1.438185132,3.432165937,-3.082490467,1.435328532,3.430044339,0.020847099
1609060398.078239202,-3.103364190,1.393795598,3.432169862,-3.117509248,1.398973716,3.430479892,0.015157558
1609060398.126496077,-3.143363842,1.351935094,3.432228650,-3.152529242,1.361734850,3.430355646,0.013547985
1609060398.178829193,-3.185448714,1.306513277,3.430954746,-3.184481911,1.327116814,3.430776344,0.020626979
1609060398.226239204,-3.223746528,1.264833483,3.431592146,-3.250387608,1.255171239,3.432125558,0.028344147
1609060398.277672052,-3.265706006,1.217737265,3.433024310,-3.284379509,1.217589850,3.433170750,0.018674659
1609060398.326209068,-3.304779611,1.174238130,3.434568391,-3.317289229,1.180208802,3.433640504,0.013892460
1609060398.377545118,-3.343450352,1.126667958,3.436001471,-3.351859805,1.140228587,3.435178049,0.015977721
1609060398.433663130,-3.387032113,1.075463297,3.438627686,-3.421399412,1.058849202,3.438486412,0.038172757
1609060398.484022141,-3.426497547,1.027696873,3.440790238,-3.452739964,1.021219549,3.440592000,0.027030713
1609060398.527798176,-3.460492339,0.986653581,3.442694721,-3.486030177,0.979960817,3.441821502,0.026414707
1609060398.578746080,-3.497371760,0.938588291,3.445033225,-3.518669857,0.940086813,3.443954820,0.021377967
1609060398.628152132,-3.534900243,0.891873963,3.447016260,-3.551841540,0.898370941,3.445268280,0.018228376
1609060398.678184032,-3.573150999,0.843517526,3.449061421,-3.583204684,0.858222662,3.447383798,0.017892235
1609060398.726467133,-3.609495678,0.797355406,3.451062289,-3.648897426,0.773869633,3.449401363,0.045900304
1609060398.774976015,-3.651545789,0.744909938,3.453966359,-3.680871589,0.731153660,3.451126342,0.032516202
1609060398.825124025,-3.690163772,0.695223607,3.456244619,-3.710646508,0.690172307,3.452752111,0.021383538
1609060398.878898144,-3.733884511,0.636360231,3.458046330,-3.739277238,0.650560493,3.453244031,0.015930820
1609060398.929849148,-3.773388095,0.583544249,3.460363398,-3.801102044,0.563809196,3.455155015,0.034418927
1609060398.978372097,-3.808010857,0.530090530,3.459059972,-3.831316811,0.520888850,3.455336374,0.025331870
1609060399.025608063,-3.842780447,0.480176605,3.459418291,-3.860297576,0.477177876,3.455706452,0.018155439
1609060399.079013109,-3.880642347,0.421867532,3.458351217,-3.890493147,0.431176173,3.455814428,0.013788559
1609060399.128398180,-3.915343471,0.368650296,3.458069256,-3.917501121,0.388658527,3.454891783,0.020373539
1609060399.178855181,-3.949922114,0.314272871,3.458092680,-3.974076838,0.297755135,3.454248049,0.029513853
1609060399.226141214,-3.981659202,0.263830298,3.457626356,-3.999204819,0.256549412,3.453972696,0.019344488
1609060399.278860092,-4.014941370,0.209230797,3.455792195,-4.026326754,0.210945074,3.453258728,0.011789155
1609060399.326719999,-4.044068558,0.158701436,3.455739015,-4.051861689,0.165622164,3.453193101,0.010728982
1609060399.378432035,-4.073381610,0.102515499,3.456553535,-4.079156575,0.117997378,3.452678932,0.016972076
1609060399.471894026,-4.125826292,0.005037474,3.453397146,-4.126477002,0.027909356,3.451951968,0.022926730
1609060399.544891119,-4.162268411,-0.072425757,3.451564177,-4.169692295,-0.059772946,3.450424417,0.014714168
1609060399.593710184,-4.185151167,-0.123306232,3.450522958,-4.190379297,-0.102665531,3.449271291,0.021329289
1609060399.632601023,-4.202791012,-0.162910985,3.449723898,-4.211588543,-0.147740905,3.448103867,0.017611144
1609060399.681473017,-4.226056437,-0.212435341,3.447538942,-4.247713958,-0.232079711,3.446204676,0.029269946
1609060399.727986097,-4.245044226,-0.259346325,3.446903952,-4.265049713,-0.273438252,3.445007450,0.024543811
1609060399.779188156,-4.263966659,-0.310612169,3.444166741,-4.279902759,-0.313162531,3.444988294,0.016159783
1609060399.827403069,-4.281025830,-0.357635567,3.444283492,-4.296510665,-0.354417933,3.444685072,0.015820701
1609060399.879662991,-4.303488425,-0.415827046,3.442916776,-4.310386889,-0.396133813,3.445410569,0.021015024
1609060399.926999092,-4.318834217,-0.463316266,3.443333228,-4.338541748,-0.481734625,3.446053493,0.027111300
1609060399.977424145,-4.333892378,-0.515847656,3.443702416,-4.350508010,-0.521264273,3.446268467,0.017663624
1609060400.026029110,-4.347381737,-0.564494059,3.443797203,-4.363313211,-0.563567667,3.446673513,0.016215524
1609060400.078128099,-4.359038406,-0.612881168,3.442130671,-4.373012557,-0.603017734,3.447031515,0.017792765
1609060400.129971981,-4.369259664,-0.660140428,3.442473015,-4.382564616,-0.642795595,3.447132350,0.022351160
1609060400.179473162,-4.378156914,-0.706376272,3.442851277,-4.398903018,-0.725335649,3.446762840,0.028375327
1609060400.227545977,-4.386246221,-0.750023625,3.443295323,-4.405642600,-0.762548956,3.446576592,0.023321024
1609060400.278501987,-4.395031242,-0.794024907,3.444514468,-4.411701530,-0.798645351,3.446112898,0.017372448
1609060400.328487158,-4.401702853,-0.835789069,3.445475207,-4.416868957,-0.832872471,3.445653044,0.015445027
1609060400.381268978,-4.406586827,-0.876751614,3.447757783,-4.421442698,-0.865175081,3.444686003,0.019082685
1609060400.428768158,-4.409603541,-0.910448964,3.446936639,-4.425184629,-0.896628550,3.443468146,0.021114085
1609060400.479042053,-4.411429738,-0.944134994,3.443736153,-4.428901321,-0.955885511,3.439982319,0.021387429
1609060400.529211998,-4.412268987,-0.975878466,3.441481852,-4.429243757,-0.981446411,3.437437676,0.018316665
1609060400.578112125,-4.412964596,-1.005609605,3.437889702,-4.429364328,-1.005410825,3.434335307,0.016781670
1609060400.626744986,-4.412288519,-1.031094946,3.435287480,-4.428406001,-1.027307220,3.431803524,0.016919162
1609060400.680422068,-4.412566362,-1.056690045,3.433247501,-4.427251840,-1.048595934,3.429035551,0.017289257
1609060400.728835106,-4.410374789,-1.077483953,3.431201185,-4.425667140,-1.068161318,3.426422448,0.018536554
1609060400.779316187,-4.410081658,-1.096057404,3.429150228,-4.419836540,-1.100997335,3.421512010,0.013338028
1609060400.825790167,-4.407459004,-1.110294492,3.427580633,-4.416497297,-1.114051207,3.419226422,0.012868430
1609060400.879508018,-4.403110508,-1.126348955,3.419695089,-4.412829189,-1.125366209,3.417282057,0.010061872
1609060400.927040100,-4.398492930,-1.137285483,3.417281240,-4.407908758,-1.135572262,3.415653543,0.009707850
1609060400.978569984,-4.397278214,-1.153263717,3.418441632,-4.403031139,-1.144823330,3.414297512,0.011023158
1609060401.028685093,-4.392008149,-1.162868865,3.417110958,-4.391226775,-1.159905409,3.411451096,0.006436354
1609060401.079002142,-4.383900921,-1.173484582,3.417037533,-4.384845500,-1.166497762,3.410509488,0.009608499
1609060401.127573013,-4.376784024,-1.182833102,3.415627839,-4.377680883,-1.172660058,3.409631786,0.011842629
1609060401.169844151,-4.369151000,-1.187574987,3.413179794,-4.369988570,-1.177949011,3.408730089,0.010637707
1609060401.221971035,-4.360360033,-1.193788850,3.412001310,-4.362320545,-1.182239496,3.407876031,0.012419707
1609060401.271665096,-4.349932790,-1.198331275,3.412347410,-4.354010928,-1.186050023,3.406871143,0.014051684
1609060401.327571154,-4.337592999,-1.204569514,3.412295541,-4.336220826,-1.194462634,3.407149273,0.011424357
1609060401.378626108,-4.325284923,-1.209073114,3.412870203,-4.326900328,-1.197190224,3.407372220,0.013192438
1609060401.426519156,-4.313510775,-1.212248564,3.413902488,-4.316288638,-1.200436089,3.408551565,0.013262106
1609060401.480786085,-4.299780501,-1.213800619,3.413943798,-4.305714835,-1.203432848,3.408626620,0.013075908
1609060401.529177189,-4.286123059,-1.217524924,3.415521303,-4.283346545,-1.209700035,3.411160858,0.009378241
1609060401.579622984,-4.272263187,-1.220736961,3.418338899,-4.272202640,-1.212960794,3.411427739,0.010403681
1609060401.625693083,-4.258352049,-1.223304515,3.419861502,-4.259487862,-1.214645167,3.412661578,0.011318714
1609060401.678419113,-4.241798642,-1.222674092,3.420104380,-4.246847691,-1.215598083,3.413241026,0.011075578
1609060401.727393150,-4.227358156,-1.219699839,3.421759416,-4.235515013,-1.213628762,3.414529393,0.012476599
1609060401.778926134,-4.212893434,-1.215371393,3.423089809,-4.211614181,-1.206915593,3.416302952,0.010917806
1609060401.830302000,-4.197136725,-1.210527302,3.424694933,-4.199002694,-1.202679517,3.417662288,0.010701760
1609060401.879027128,-4.182875299,-1.206128302,3.424594534,-4.186739951,-1.197305086,3.419073376,0.011102606
1609060401.925945044,-4.168376259,-1.197546513,3.424904779,-4.174713184,-1.190468945,3.420150062,0.010623367
1609060401.979689121,-4.152638851,-1.185535867,3.429345454,-4.161591807,-1.180036250,3.420882330,0.013491690
1609060402.027944088,-4.138372583,-1.170504603,3.430632144,-4.139206953,-1.155086547,3.423039331,0.017206493
1609060402.077647209,-4.124363679,-1.149529759,3.433060407,-4.127443335,-1.138088929,3.424002002,0.014914140
1609060402.128281116,-4.110241136,-1.126973963,3.434921503,-4.115723031,-1.117369672,3.424873562,0.014941710
1609060402.178361177,-4.096180378,-1.099727615,3.436307322,-4.105341131,-1.095957156,3.425789565,0.014448493
1609060402.225638151,-4.082879764,-1.073395082,3.438303072,-4.095129930,-1.073835601,3.427307241,0.016467207
1609060402.278110027,-4.068603809,-1.046299351,3.436869913,-4.071441841,-1.024761700,3.430853175,0.022541650
1609060402.327462196,-4.055655571,-1.015044452,3.438550655,-4.062771173,-0.997223070,3.431036469,0.020608165
1609060402.377845049,-4.045551722,-0.980169089,3.441334281,-4.053918580,-0.970758060,3.433277316,0.014949463
1609060402.425198078,-4.034690355,-0.946696725,3.442691126,-4.043049378,-0.937153000,3.435701940,0.014484636
1609060402.478965998,-4.025835667,-0.907833656,3.442582855,-4.033820351,-0.903288907,3.437020663,0.010740014
1609060402.526862144,-4.018492784,-0.870517610,3.442834239,-4.027324431,-0.870478569,3.437573468,0.010279846
1609060402.579752207,-4.013066381,-0.829579270,3.443082774,-4.014702753,-0.799884992,3.438465725,0.030095598
1609060402.628553152,-4.007217292,-0.790070857,3.443181582,-4.009579352,-0.765100000,3.439002806,0.025428040
1609060402.678928137,-4.001453673,-0.749999615,3.443404939,-4.006589890,-0.732062113,3.438313018,0.019340693
1609060402.729631186,-3.997670752,-0.709520175,3.442653499,-4.003294751,-0.697160049,3.437519538,0.014517563
1609060402.777162075,-3.996661404,-0.671018396,3.443723556,-4.001564888,-0.664754812,3.436379796,0.010826239
1609060402.827563047,-3.994873943,-0.631278738,3.443832963,-3.998939247,-0.598003049,3.435853359,0.034459719
1609060402.879329205,-3.993666201,-0.592093286,3.443580592,-3.998386779,-0.566647337,3.434710110,0.027358100
1609060402.968847036,-3.995350053,-0.524139780,3.441860203,-3.999784486,-0.499536591,3.433774874,0.026274582
1609060403.036223173,-4.001076528,-0.475337907,3.440964814,-4.010445139,-0.437376235,3.431847548,0.040149520
1609060403.130094051,-4.017316294,-0.411164851,3.437016096,-4.027179808,-0.377050223,3.427821227,0.036682999
1609060403.172846079,-4.029816232,-0.380325538,3.435950932,-4.037755225,-0.350366110,3.425199927,0.032805169
1609060403.219709158,-4.042266623,-0.349937503,3.433245649,-4.049685318,-0.322317034,3.421998192,0.030731622
1609060403.290386200,-4.063563340,-0.302025466,3.428577264,-4.076260817,-0.270441399,3.415593948,0.036432756
1609060403.333377123,-4.078226494,-0.274995793,3.425749304,-4.090561741,-0.246691494,3.413335436,0.033277557
1609060403.376505136,-4.098080619,-0.248703055,3.420938918,-4.108065650,-0.221059114,3.410423018,0.031216541
1609060403.426532984,-4.119796059,-0.218994377,3.416921263,-4.127233511,-0.197225041,3.406961181,0.025068364
1609060403.479250193,-4.144180588,-0.190268768,3.412178120,-4.146854035,-0.174651989,3.404524892,0.017595540
1609060403.529406071,-4.168745668,-0.162057482,3.408176463,-4.169133129,-0.150258161,3.401801581,0.013416901
1609060403.586101055,-4.196599087,-0.130606659,3.403899143,-4.214534946,-0.103441026,3.396902748,0.033295889
1609060403.673426151,-4.242271017,-0.084683347,3.401175106,-4.260174799,-0.060839287,3.393474944,0.030795732
1609060403.719946146,-4.267975748,-0.061191562,3.399021077,-4.284325877,-0.039145661,3.391851186,0.028368218
1609060403.767722130,-4.294766617,-0.039553267,3.395348647,-4.309951331,-0.021936185,3.390406446,0.023777353
1609060403.816894054,-4.322765281,-0.016584477,3.393025715,-4.335405918,0.001222472,3.389173323,0.022174627
1609060403.884765148,-4.363422048,0.015811074,3.392381526,-4.389028272,0.041513919,3.387008767,0.036676715
1609060403.930885077,-4.390354662,0.037051127,3.391301823,-4.415808265,0.061528791,3.386473952,0.035641974
1609060403.979072094,-4.418598278,0.061497614,3.392879755,-4.441282033,0.080960008,3.386229950,0.030619560
1609060404.027512074,-4.446784018,0.085431510,3.393349247,-4.467578733,0.102445450,3.386474033,0.027733786
1609060404.078886032,-4.476583665,0.111387817,3.392186754,-4.493536644,0.123507789,3.385863205,0.021778074
1609060404.128934145,-4.504248748,0.135736028,3.392000337,-4.518539360,0.142746892,3.386447740,0.016858385
1609060404.179248095,-4.531432336,0.157646850,3.390198167,-4.564014117,0.183831750,3.386104422,0.041999764
1609060404.229568005,-4.557933181,0.183106855,3.389635304,-4.588078801,0.206272764,3.385407332,0.038253020
1609060404.280018091,-4.587472348,0.210381159,3.392370661,-4.610747053,0.228507973,3.384759726,0.030466696
1609060404.326958179,-4.611257342,0.234970554,3.392336272,-4.634033984,0.251218510,3.384157186,0.029149081
1609060404.377541065,-4.638696851,0.261882479,3.393629432,-4.655622398,0.274504731,3.384114160,0.023158924
1609060404.427803040,-4.661834322,0.288738749,3.393498994,-4.675741354,0.297316552,3.383445027,0.019185059
1609060404.481217146,-4.685922012,0.318106421,3.390155847,-4.713922327,0.345204064,3.381532527,0.039908164
1609060404.527707100,-4.706261322,0.344195536,3.389165733,-4.730028932,0.367221499,3.381224799,0.034031643
1609060404.571979046,-4.726513316,0.369093479,3.388316108,-4.746929920,0.391605784,3.380860447,0.031292626
1609060404.622480154,-4.746007775,0.398361814,3.387791687,-4.761497981,0.414466550,3.381085727,0.023329786
1609060404.672170162,-4.764895801,0.428800743,3.387413894,-4.776940342,0.439982977,3.381130321,0.017595358
1609060404.724748135,-4.783553082,0.460479207,3.387114705,-4.804756028,0.489999393,3.381321589,0.036804436
1609060404.777429104,-4.799517315,0.494188142,3.384320377,-4.817939917,0.517717139,3.381758443,0.029992824
1609060404.828528166,-4.814500708,0.525768827,3.384772576,-4.828646474,0.540685958,3.382768756,0.020655236
1609060404.878906012,-4.829550508,0.556321099,3.387141134,-4.840092325,0.567524408,3.383011082,0.015928006
1609060404.928469181,-4.841665196,0.587448114,3.387327351,-4.848750604,0.591703842,3.383876148,0.008956842
1609060404.978840113,-4.851351136,0.618345544,3.387079143,-4.866208488,0.644932813,3.384760026,0.030545084
1609060405.026875019,-4.860698280,0.650107658,3.386898123,-4.874323968,0.674298288,3.384546737,0.027863506
1609060405.079665184,-4.870741905,0.685477236,3.387177666,-4.882071775,0.702768820,3.384737974,0.020816267
1609060405.127121210,-4.877839827,0.716853536,3.387033599,-4.888130236,0.731767013,3.384567287,0.018286252
1609060405.180289030,-4.888325313,0.749504337,3.389570358,-4.894731192,0.760675200,3.384589266,0.013807053
1609060405.228845119,-4.894869471,0.782369114,3.390205377,-4.900996393,0.789972123,3.383995089,0.011572061
1609060405.281080008,-4.901717679,0.817304167,3.384598114,-4.910288928,0.851082551,3.383674409,0.034861135
1609060405.325997114,-4.906677958,0.848106591,3.383295933,-4.916017947,0.882210462,3.382284520,0.035374176
1609060405.378040075,-4.911924969,0.888931939,3.378252902,-4.920054141,0.913034701,3.380825906,0.025566519
1609060405.427482128,-4.916347619,0.925429973,3.374210852,-4.923778431,0.945421917,3.378941311,0.021846557
1609060405.480834007,-4.923768998,0.968337605,3.372355970,-4.928585614,0.976465610,3.375564401,0.009977890
1609060405.528052092,-4.927769363,1.003630617,3.367970130,-4.937346651,1.037431548,3.369970580,0.035188481
1609060405.577284098,-4.932893744,1.044033829,3.366633232,-4.941328983,1.070228773,3.367175309,0.027524938
1609060405.626881123,-4.938985535,1.085393910,3.362890339,-4.945905352,1.105248336,3.364305328,0.021073307
1609060405.678483009,-4.947258308,1.127086265,3.358099959,-4.951752903,1.138998125,3.361280519,0.013122871
1609060405.728350163,-4.954678883,1.168032997,3.353514514,-4.957110214,1.171267954,3.357800027,0.005894228
1609060405.780021191,-4.964000033,1.208846532,3.348716221,-4.968663755,1.238279619,3.350308871,0.029842813
1609060405.825129032,-4.972421105,1.245002759,3.344246033,-4.977456984,1.271137361,3.345358633,0.026638607
1609060405.879862070,-4.983198822,1.287675040,3.339446945,-4.985221059,1.303628664,3.340779490,0.016136395
1609060405.927932024,-4.992264445,1.326649421,3.335397495,-4.992859770,1.338746112,3.336900235,0.012204203
1609060405.978623152,-5.002382563,1.368255332,3.331787839,-5.000765494,1.372575224,3.332525446,0.004671236
1609060406.030205011,-5.015169451,1.409962556,3.326393119,-5.011129491,1.406599861,3.327593533,0.005391659
1609060406.079104185,-5.028695154,1.446111092,3.317658757,-5.035263960,1.470966464,3.316439318,0.025737633
1609060406.128489017,-5.043524141,1.483073590,3.310083983,-5.047961556,1.504027310,3.310043115,0.021418466
1609060406.177798986,-5.057313104,1.521257976,3.300453741,-5.062702906,1.536828260,3.303432197,0.016743802
1609060406.227044106,-5.074186536,1.557573436,3.292157270,-5.076851652,1.567351285,3.296798240,0.011146649
1609060406.280534029,-5.095042130,1.594940251,3.289904731,-5.093096241,1.600174926,3.290225278,0.005593841
1609060406.329967022,-5.114685340,1.628790509,3.283740040,-5.130363751,1.661111248,3.278551690,0.036295478
1609060406.378149986,-5.134227764,1.661402126,3.276463289,-5.149266502,1.688983738,3.273355724,0.031568432
1609060406.428543091,-5.157622702,1.695079160,3.270845720,-5.171520027,1.718707444,3.267974398,0.027562219
1609060406.480351210,-5.188503623,1.733400489,3.268354921,-5.193102693,1.745316012,3.263272531,0.013746338
1609060406.530244112,-5.215903261,1.764907071,3.264666742,-5.238683296,1.798298680,3.254349977,0.041717684
1609060406.578059196,-5.243415455,1.795089028,3.258810610,-5.260534521,1.822390728,3.251193659,0.033112885
1609060406.621797085,-5.268207165,1.821923077,3.255580585,-5.285687783,1.847737072,3.247376093,0.032237370
1609060406.670320034,-5.298082617,1.851953174,3.249539632,-5.312735616,1.871432221,3.243914818,0.025015638
1609060406.728110075,-5.335491849,1.884100257,3.244187586,-5.341216205,1.895887609,3.241060826,0.013471694
1609060406.779551983,-5.371393799,1.912877164,3.238523856,-5.368379952,1.919714113,3.238686529,0.007473527
1609060406.824823141,-5.401574057,1.937555474,3.235877365,-5.424739830,1.963734917,3.234139650,0.035000514
1609060406.878969193,-5.436575737,1.967424537,3.234086045,-5.451928441,1.984139435,3.233619171,0.022700469
1609060406.927206039,-5.468656822,1.992570703,3.232740792,-5.480224011,2.006372946,3.232202605,0.018016420
1609060406.980704069,-5.503747002,2.019726811,3.232869127,-5.507430190,2.027245513,3.231565480,0.008473267
1609060407.027716160,-5.533592546,2.043003457,3.230999347,-5.563415554,2.068366326,3.228798690,0.039211348
1609060407.079115152,-5.567419221,2.067981798,3.229016287,-5.592787187,2.088664260,3.227226119,0.032779607
1609060407.127367020,-5.599530401,2.092249542,3.227529104,-5.621257585,2.108585153,3.225930003,0.027230127
1609060407.177980185,-5.635652006,2.114888574,3.225760180,-5.651332130,2.129263871,3.224669684,0.021300343
1609060407.227697134,-5.668377025,2.138921489,3.223827741,-5.678667159,2.149298897,3.223125995,0.014631127
1609060407.280601978,-5.702352887,2.162815425,3.222914648,-5.733798819,2.189266897,3.219188798,0.041260259
1609060407.327654123,-5.732357343,2.185213121,3.220095716,-5.761771782,2.209109678,3.215727118,0.038148909
1609060407.378270149,-5.764862095,2.208109598,3.216509422,-5.787626004,2.227476236,3.212160492,0.030202241
1609060407.428651094,-5.794852252,2.231113590,3.211234170,-5.812437499,2.246020677,3.208030771,0.023274964
1609060407.481408119,-5.824897718,2.255357662,3.202966753,-5.837624346,2.266541310,3.202610716,0.016946027
1609060407.527852058,-5.851458943,2.277291350,3.197218084,-5.888118244,2.305519001,3.192290747,0.046529381
1609060407.578287125,-5.885223599,2.300957858,3.186936998,-5.913013302,2.325686420,3.187387745,0.037201782
1609060407.625300169,-5.912783312,2.322877911,3.180435451,-5.936303592,2.344866431,3.182854141,0.032288522
1609060407.681172132,-5.947072627,2.353415000,3.174033797,-5.962095751,2.365624670,3.177563950,0.019678219
1609060407.728523016,-5.975256012,2.378356468,3.168410021,-5.986885100,2.387628692,3.173488718,0.015716328
1609060407.779933214,-6.009932261,2.407352762,3.163009673,-6.038366670,2.430070916,3.164162334,0.036413717
1609060407.826332092,-6.039510341,2.432824785,3.158369717,-6.063224835,2.449893805,3.161159779,0.029351544
1609060407.879067183,-6.071311777,2.461197595,3.154388715,-6.089315578,2.473775290,3.156644736,0.022077701
1609060407.927498102,-6.101844908,2.489097500,3.150279279,-6.118331048,2.498319845,3.152829948,0.019061751
1609060407.977844000,-6.134905083,2.516229856,3.145521812,-6.146100066,2.523450317,3.149262014,0.013836611
1609060408.026247978,-6.164654090,2.541105282,3.141355238,-6.172948903,2.545311123,3.145317229,0.010108927
1609060408.080068111,-6.198472916,2.566967678,3.135032799,-6.226026967,2.588980424,3.139214202,0.035514375
1609060408.129019022,-6.230489545,2.592729819,3.131349898,-6.251462730,2.609626966,3.136697290,0.027458745
1609060408.178281069,-6.263116798,2.617759079,3.127995616,-6.277666828,2.630686350,3.134071326,0.020389506
1609060408.225942135,-6.294353136,2.642248515,3.124573798,-6.306603188,2.654550454,3.130489766,0.018341216
1609060408.279213190,-6.328131756,2.669507584,3.124569796,-6.337786167,2.678065475,3.128097626,0.013375004
1609060408.328937054,-6.361232052,2.694548892,3.122354171,-6.366294200,2.701039791,3.125723531,0.008894363
1609060408.380493164,-6.394688339,2.719307015,3.122159780,-6.423366729,2.744613754,3.121631531,0.038251276
1609060408.428739071,-6.425460714,2.742908197,3.120736589,-6.449945869,2.765452127,3.119557336,0.033303787
1609060408.479394197,-6.458048660,2.766513598,3.116074957,-6.476059599,2.785988954,3.116895597,0.026539723
1609060408.527713060,-6.487517310,2.788648043,3.112688011,-6.503378329,2.806696823,3.113186364,0.024032868
1609060408.579924107,-6.518090520,2.812775471,3.108589189,-6.531505124,2.827133102,3.110353296,0.019728284
1609060408.628437996,-6.546659389,2.834108315,3.106971298,-6.557415999,2.846757298,3.109568086,0.016806092
1609060408.681055069,-6.577050760,2.859130629,3.110137002,-6.582794858,2.865024819,3.109981177,0.008231672
1609060408.727375984,-6.603608374,2.878199074,3.114891211,-6.633230136,2.898883356,3.119173239,0.036381645
1609060408.778818130,-6.636531510,2.899175690,3.125397133,-6.656962401,2.915823432,3.126706219,0.026387162
1609060408.827222109,-6.663335149,2.917427421,3.134997569,-6.680223255,2.931474342,3.135410274,0.021970308
1609060408.878816128,-6.693053314,2.938230844,3.145166015,-6.702481243,2.947167003,3.143612393,0.013082603
1609060408.928865194,-6.720540462,2.957463237,3.155554772,-6.723903034,2.963157463,3.151873866,0.007568367
1609060408.979489088,-6.749291184,2.976205961,3.167641252,-6.769146314,2.992935079,3.169215655,0.026010927
1609060409.026559114,-6.775040041,2.992765409,3.177816673,-6.791638032,3.007752503,3.178743291,0.022382245
1609060409.079119205,-6.802994372,3.011875656,3.187508498,-6.813870670,3.022184125,3.188490096,0.015017387
1609060409.129620075,-6.828742833,3.029774797,3.198925484,-6.835948577,3.036958089,3.197517062,0.010271615
1609060409.179974079,-6.855870202,3.048259458,3.209960425,-6.858609976,3.052069021,3.206560369,0.005794783
1609060409.227297068,-6.882858515,3.066303541,3.219848693,-6.903846950,3.082189643,3.220670293,0.026335483
1609060409.280170202,-6.912823930,3.085133760,3.233086380,-6.927387957,3.096985893,3.227347720,0.019634566
1609060409.327556133,-6.939647030,3.102689930,3.241480634,-6.951736137,3.113318122,3.233138758,0.018129861
1609060409.378501177,-6.969839230,3.122825649,3.245946536,-6.978315963,3.131276224,3.240273470,0.013245788
1609060409.429986000,-7.001912852,3.143141059,3.253302182,-7.004722420,3.147678654,3.245486713,0.009463878
1609060409.481420994,-7.035300186,3.165149891,3.260076253,-7.033066783,3.165772052,3.250727319,0.009632120
1609060409.528619051,-7.066304305,3.185450579,3.265328239,-7.089180742,3.202535543,3.259033863,0.029237759
1609060409.578970194,-7.098175321,3.205879637,3.266498439,-7.121133372,3.221162893,3.261807630,0.027975948
1609060409.628424168,-7.133805048,3.228508693,3.268057835,-7.152734609,3.240158063,3.263846425,0.022622380
1609060409.680056095,-7.173974289,3.251804441,3.274046412,-7.185814859,3.261052586,3.265834367,0.017122061
1609060409.729544163,-7.211896902,3.275796977,3.275869127,-7.220417118,3.281777866,3.268471085,0.012770910
1609060409.781149149,-7.256673487,3.304196002,3.280421653,-7.289729631,3.323050794,3.270537568,0.039318023
1609060409.829326153,-7.296616178,3.328649815,3.283414830,-7.325848084,3.346346740,3.272284022,0.035938564
1609060409.878853083,-7.340799115,3.355512725,3.285301761,-7.360631888,3.368405922,3.274030012,0.026203545
1609060409.927361012,-7.384119282,3.383256908,3.288335149,-7.399310881,3.391227030,3.276189855,0.021019412
1609060409.980737209,-7.431370496,3.412699989,3.288941652,-7.436118839,3.414549071,3.278453783,0.011660243
1609060410.028295040,-7.474498825,3.439483839,3.290489988,-7.511405847,3.461954158,3.282356924,0.043968060
1609060410.078970194,-7.522624769,3.468112236,3.291234055,-7.551601892,3.485580779,3.283740177,0.034655186
1609060410.128543139,-7.569744649,3.497242311,3.292497406,-7.590299923,3.508848998,3.285549804,0.024606984
1609060410.179124117,-7.619737338,3.528178590,3.293628841,-7.631817139,3.534098334,3.287257931,0.014884672
1609060410.228488207,-7.668473350,3.557268014,3.294076618,-7.672476268,3.556881296,3.288971447,0.006498898
1609060410.279890060,-7.717840266,3.586526008,3.293538077,-7.715593526,3.582827181,3.289759814,0.005744949
1609060410.329349995,-7.764699123,3.616207454,3.295034892,-7.795583176,3.634384330,3.292179142,0.035949672
1609060410.377452135,-7.810333064,3.644960682,3.297260373,-7.833840081,3.657581047,3.293491204,0.026945502
1609060410.427040100,-7.856466523,3.674757627,3.298478821,-7.874911812,3.682738301,3.294341723,0.020519147
1609060410.481698990,-7.906999373,3.707704311,3.301950813,-7.913724946,3.709000319,3.295267355,0.009569826
1609060410.527576208,-7.948179607,3.736304470,3.303319349,-7.952092610,3.736517150,3.295382032,0.008851996
1609060410.578217983,-7.995213946,3.767618717,3.298980274,-7.993897067,3.765899529,3.295706903,0.003924887
1609060410.627376080,-8.040051880,3.800287282,3.298922552,-8.074512376,3.823435100,3.297940019,0.041524844
1609060410.679148197,-8.086686414,3.835757134,3.305210781,-8.113471599,3.853113912,3.298560368,0.032602636
1609060410.726834059,-8.129632584,3.868994885,3.306305729,-8.153757664,3.883262601,3.299065795,0.028948297
1609060410.779208183,-8.176635055,3.904482212,3.307341636,-8.192296729,3.913573640,3.299098139,0.019897169
1609060410.828528166,-8.219820570,3.938727123,3.309304895,-8.230586261,3.944176375,3.300923532,0.014691552
1609060410.879283190,-8.269205096,3.978978329,3.312617257,-8.307347926,4.008860388,3.302188325,0.049563854
1609060410.928606033,-8.313390639,4.017081200,3.315234906,-8.344833882,4.042261987,3.304494531,0.041690590
1609060410.978766203,-8.361676623,4.057697711,3.315128861,-8.381844754,4.074291528,3.306239896,0.027588440
1609060411.025828123,-8.403989244,4.095372589,3.316769114,-8.418739799,4.108837422,3.307518514,0.022010321
1609060411.080110073,-8.450971383,4.137266123,3.313099558,-8.457160598,4.143789499,3.308290638,0.010197379
1609060411.129387140,-8.494344293,4.178058330,3.312282146,-8.527240010,4.212174116,3.308076261,0.047578404
1609060411.176635981,-8.535787483,4.217852519,3.310152693,-8.560219373,4.246024466,3.307775636,0.037366112
1609060411.226155996,-8.577624049,4.259551443,3.309463509,-8.594956696,4.281689547,3.307478726,0.028186090
1609060411.277624130,-8.620499511,4.303072979,3.309159581,-8.629288075,4.317966895,3.307172625,0.017407343
1609060411.326937199,-8.661275214,4.345513546,3.308356606,-8.663829321,4.354356281,3.307561404,0.009238494
1609060411.379705191,-8.703877885,4.389622912,3.307205747,-8.695954199,4.388849587,3.306800911,0.007971620
1609060411.427775145,-8.741654833,4.429868685,3.306622493,-8.760647549,4.458088175,3.305826729,0.034024934
1609060411.470930099,-8.774873437,4.466213279,3.307352010,-8.791361406,4.492070276,3.306591489,0.030675981
1609060411.521054029,-8.812459055,4.507689094,3.308224554,-8.823911192,4.528168414,3.307903280,0.023466087
1609060411.580197096,-8.856199793,4.555422802,3.310670225,-8.854979278,4.562859237,3.310098431,0.007557590
1609060411.626838207,-8.889633949,4.592748099,3.312323874,-8.914551498,4.631110544,3.312916850,0.045748367
1609060411.679201126,-8.925108772,4.635203162,3.313856133,-8.942901831,4.662802358,3.315008690,0.032857829
1609060411.728243113,-8.958930412,4.674337459,3.316078371,-8.973812275,4.697414630,3.316451012,0.027462057
1609060411.778196096,-8.993442702,4.715054696,3.318095276,-9.002611575,4.731784318,3.318297857,0.019078510
1609060411.838414192,-9.033774893,4.764912460,3.321825814,-9.064189697,4.805679204,3.324626700,0.050939500
1609060411.878583193,-9.060883342,4.796663323,3.324945192,-9.092052647,4.839513333,3.327946300,0.053072173
1609060411.925848007,-9.091436565,4.834646869,3.328406151,-9.120851046,4.874568944,3.330182574,0.049619950
1609060411.970710993,-9.122702359,4.874814319,3.328876017,-9.148542273,4.908376065,3.333784305,0.042640160
1609060412.021212101,-9.155058942,4.916415161,3.331854657,-9.176797671,4.944046389,3.336087880,0.035411542
1609060412.070445061,-9.189960844,4.959944674,3.336667840,-9.203205317,4.977344834,3.338539435,0.021947312
1609060412.129059076,-9.228382705,5.011219664,3.340665465,-9.258096670,5.049297038,3.344359244,0.048440171
1609060412.171797991,-9.256431814,5.050162711,3.344260552,-9.283635795,5.082999536,3.347704886,0.042780569
1609060412.220314980,-9.288524128,5.093168238,3.348325676,-9.310968204,5.119076352,3.350838966,0.034369805
1609060412.280927181,-9.329054009,5.144074118,3.355068555,-9.337447829,5.154887614,3.354586863,0.013697442
1609060412.328114033,-9.358957513,5.184855036,3.359650238,-9.365246384,5.191334963,3.358942910,0.009057575
1609060412.381548166,-9.391789046,5.231314224,3.364957094,-9.415811768,5.264211902,3.367965506,0.040846039
1609060412.426798105,-9.419116811,5.270548910,3.369444429,-9.441502158,5.299788315,3.370944971,0.036855097
1609060412.481037140,-9.451027591,5.317979881,3.375284488,-9.464695819,5.334142852,3.374834381,0.021172263
1609060412.528138161,-9.478524010,5.359259884,3.380106569,-9.492153734,5.374312812,3.378606071,0.020362012
1609060412.578795195,-9.507613313,5.403033209,3.386955210,-9.518749157,5.413705582,3.381745149,0.016280396
1609060412.628405094,-9.534439861,5.445556048,3.391162618,-9.543198977,5.450949754,3.385282549,0.011848603
1609060412.680060148,-9.562921170,5.488844903,3.392387975,-9.590949967,5.523176545,3.389575903,0.044409265
1609060412.727285147,-9.587941357,5.529359587,3.395281562,-9.613563769,5.558644480,3.391082600,0.039137504
1609060412.778535128,-9.616530938,5.569856372,3.396616480,-9.635515287,5.592455047,3.393229012,0.029708257
1609060412.828056097,-9.641695102,5.609774651,3.399078431,-9.657599551,5.626674465,3.394317328,0.023690152
1609060412.880711079,-9.667842920,5.651013590,3.401971382,-9.679991496,5.658382286,3.395304440,0.015695021
1609060412.929073095,-9.690431975,5.686810342,3.403727704,-9.719199243,5.721520222,3.399489244,0.045280195
1609060412.978442192,-9.715023581,5.722042150,3.404827309,-9.736752146,5.751413558,3.401142069,0.036720446
1609060413.026663065,-9.736165829,5.755859398,3.406933059,-9.756335749,5.780950163,3.401452337,0.032655941
1609060413.079564095,-9.761552522,5.794459996,3.407264623,-9.774241999,5.810991576,3.403553904,0.021168027
1609060413.128509045,-9.782809038,5.827854445,3.409348779,-9.793521675,5.842402056,3.404811657,0.018627374
1609060413.179367065,-9.806664483,5.865553281,3.410209634,-9.829280507,5.897996061,3.408745226,0.039574777
1609060413.225435019,-9.826007355,5.896066188,3.412170663,-9.845538880,5.924289762,3.410064483,0.034387303
1609060413.280374050,-9.850036563,5.930857571,3.414806048,-9.861620072,5.949624334,3.411366988,0.022320309
1609060413.327057123,-9.868709346,5.959390907,3.416103583,-9.877444592,5.974007345,3.412166020,0.017477105
1609060413.379295111,-9.889697101,5.989974552,3.418541701,-9.893091007,5.999527880,3.414048336,0.011089410
1609060413.429748058,-9.909106254,6.018476820,3.421261867,-9.923353379,6.044215240,3.417961897,0.029602984
1609060413.477909088,-9.926970222,6.044789666,3.423941433,-9.937612143,6.066609172,3.419750626,0.024635425
1609060413.527525187,-9.944860487,6.071528031,3.426524294,-9.951776407,6.088334729,3.421732345,0.018795153
1609060413.577910185,-9.962647265,6.098282046,3.429203042,-9.965398880,6.109496445,3.423565846,0.012849595
1609060413.626291037,-9.979020485,6.121649064,3.431846863,-9.979675845,6.129876718,3.426205620,0.009997370
1609060413.681443214,-9.997792802,6.145438511,3.434974669,-9.994041701,6.150071149,3.427559657,0.009513911
1609060413.729362011,-10.014000910,6.167341589,3.437091452,-10.021546810,6.188077148,3.430981574,0.022896170
1609060413.778925180,-10.029085913,6.188486917,3.437027170,-10.034673459,6.205842104,3.432566473,0.018770216
1609060413.825621128,-10.043308388,6.208447210,3.438575807,-10.047386310,6.223604830,3.434300869,0.016268312
1609060413.870529175,-10.055108365,6.226551640,3.439536697,-10.060391991,6.241308128,3.435146419,0.016277136
1609060413.926827192,-10.070983833,6.248576768,3.441424997,-10.073031665,6.257961945,3.436366051,0.010856707
1609060413.980643988,-10.086219353,6.267041166,3.446834375,-10.086426228,6.274578129,3.438065361,0.011564784
1609060414.029057980,-10.098783204,6.283856983,3.449771959,-10.110456767,6.305484886,3.442153971,0.025730760
1609060414.078119040,-10.111885162,6.301611209,3.451898764,-10.122192590,6.320094663,3.445271001,0.022176753
1609060414.129755020,-10.124603913,6.318555920,3.456477905,-10.133808759,6.333925897,3.448592346,0.019574152
1609060414.178076982,-10.137153037,6.335648392,3.461232769,-10.145359824,6.347853656,3.452021990,0.017353912
1609060414.237054110,-10.151113303,6.354092187,3.467581810,-10.167206683,6.374418483,3.459520838,0.027150220
1609060414.278896093,-10.163085456,6.367566143,3.469777282,-10.177966839,6.386555360,3.464009824,0.024805433
1609060414.326367140,-10.173649862,6.381551056,3.474583109,-10.188234498,6.398240264,3.468043668,0.023108560
1609060414.372323990,-10.185277759,6.393952163,3.476294078,-10.197489494,6.408864935,3.472082471,0.019729544
1609060414.422741175,-10.196692623,6.407645790,3.480897658,-10.207347295,6.419573154,3.476242559,0.016656950
1609060414.469741106,-10.209133189,6.418880273,3.487021017,-10.216558605,6.428823310,3.480188256,0.014166419
1609060414.523486137,-10.221447781,6.431437666,3.492292125,-10.225726554,6.438636039,3.484769405,0.011256810
1609060414.571552992,-10.232647990,6.441954490,3.495602228,-10.243232714,6.457982797,3.493200236,0.019357494
1609060414.619873047,-10.242965108,6.452210160,3.499931590,-10.252068980,6.466961590,3.497059684,0.017570800
1609060414.671653986,-10.253072133,6.462752581,3.505300795,-10.260164261,6.475381868,3.500694866,0.015199070
1609060414.721688986,-10.262680777,6.471914504,3.509589932,-10.268517043,6.483702097,3.504631358,0.014056913
1609060414.773606062,-10.273267809,6.483241221,3.513734921,-10.276112772,6.490940425,3.508715708,0.009621022
1609060414.820553064,-10.282209338,6.491406473,3.518074087,-10.284151412,6.498414104,3.512617359,0.009091448
1609060414.871097088,-10.291233614,6.498956862,3.522440845,-10.299617509,6.513045558,3.520400265,0.016521047
1609060414.921655178,-10.300408105,6.507261464,3.527005467,-10.306968768,6.520358333,3.524163557,0.014921352
1609060414.970494986,-10.310944058,6.517072855,3.531500950,-10.314818272,6.527673072,3.528656075,0.011639048
1609060415.021867990,-10.320431059,6.525374941,3.536389917,-10.321796816,6.534432495,3.532651997,0.009893262
1609060415.071359158,-10.327659258,6.533864919,3.541789789,-10.329501543,6.541301761,3.536063077,0.009565347
1609060415.122093201,-10.335224081,6.540626131,3.546654898,-10.343528413,6.552949671,3.544686316,0.014990227
1609060415.169690132,-10.341486385,6.549390669,3.550389181,-10.349530082,6.558146521,3.548536783,0.012033178
1609060415.270138025,-10.354025713,6.561354228,3.562443113,-10.363206947,6.570112975,3.559661959,0.012990209
1609060415.335822105,-10.361761916,6.569330461,3.570037835,-10.374889660,6.580950293,3.569555413,0.017538269
1609060415.385161161,-10.369274743,6.576514645,3.577102685,-10.380185134,6.586508847,3.574555470,0.015013628
1609060415.426522017,-10.373453973,6.580992228,3.582279261,-10.385507975,6.590662524,3.579529241,0.015696375
1609060415.478945017,-10.380220431,6.587951731,3.588546397,-10.390721166,6.595229971,3.584624919,0.013364737
1609060415.527222157,-10.385530223,6.593069266,3.594760164,-10.395086073,6.599065501,3.589514604,0.012441262
1609060415.579497099,-10.391855397,6.596748291,3.599865801,-10.399315209,6.601633383,3.594373820,0.010472572
1609060415.625437021,-10.395920181,6.599449577,3.605477314,-10.407075346,6.605830931,3.604038523,0.012931725
1609060415.671557188,-10.399828435,6.602619374,3.609906624,-10.410777621,6.607541792,3.609420306,0.012014632
1609060415.721713066,-10.403534294,6.604743453,3.615786845,-10.414446842,6.609573560,3.614156059,0.012044629
1609060415.778937101,-10.409878274,6.608680441,3.622394388,-10.417673130,6.612020450,3.619341866,0.009012954
1609060415.826449156,-10.413791845,6.610473536,3.628396080,-10.421627457,6.613170870,3.625245902,0.008865442
1609060415.880214214,-10.418273830,6.611262121,3.636313461,-10.424834853,6.613691147,3.630722769,0.008955614
1609060415.929654121,-10.421970126,6.611536994,3.642644855,-10.430126654,6.613673511,3.640045956,0.008823147
1609060415.978931189,-10.428174274,6.609537530,3.646381784,-10.432765786,6.612973346,3.644330168,0.006090644
1609060416.026129007,-10.431282671,6.607732317,3.652147405,-10.435239915,6.611798425,3.650192584,0.006001195
1609060416.071283102,-10.435483262,6.607247040,3.657747185,-10.437689939,6.610717505,3.655546343,0.004664467
1609060416.132973194,-10.440445566,6.605485162,3.665291882,-10.440474579,6.609763044,3.661252584,0.005883625
1609060416.179527044,-10.443430782,6.603841685,3.668418000,-10.443613860,6.608260705,3.666682625,0.004751082
1609060416.224436998,-10.446795784,6.602408793,3.672775299,-10.449591663,6.605761003,3.676437735,0.005698042
1609060416.281552076,-10.451366573,6.601639505,3.681398520,-10.453500432,6.604559294,3.681166333,0.003623870
1609060416.327483177,-10.455422550,6.599874825,3.686444781,-10.457605830,6.603137691,3.686113786,0.003939868
1609060416.379132032,-10.461435458,6.596824758,3.692813557,-10.461793922,6.600858050,3.691152503,0.004376647
1609060416.428481102,-10.465156800,6.593701677,3.699754328,-10.464483500,6.599204189,3.696635623,0.006360604
1609060416.478361130,-10.471036717,6.591203275,3.708272592,-10.473109436,6.593190664,3.708463675,0.002877915
1609060416.527779102,-10.476416879,6.588316240,3.716007124,-10.478351268,6.590777317,3.714772194,0.003365088
1609060416.578441143,-10.482301470,6.584707176,3.721597808,-10.482976894,6.588346166,3.720397259,0.003890984
1609060416.625756025,-10.487746900,6.581231613,3.728151752,-10.487869569,6.585217097,3.725875031,0.004591578
1609060416.688992977,-10.493750692,6.575492012,3.736327837,-10.499874077,6.577980873,3.739542448,0.007350102
1609060416.735008001,-10.499686065,6.571745550,3.742656222,-10.504487177,6.574561229,3.746493768,0.006760582
1609060416.779157162,-10.505299044,6.567664143,3.749803998,-10.509224206,6.570949464,3.752877012,0.005970230
1609060416.830991983,-10.511522542,6.561307079,3.758148010,-10.515453130,6.565777730,3.759586200,0.006124103
1609060416.901623011,-10.519602861,6.550635599,3.769479009,-10.526250767,6.553616806,3.773877799,0.008510676
1609060416.940310001,-10.524804896,6.544565354,3.777993814,-10.531003380,6.546871059,3.779668487,0.006822170
1609060416.983126163,-10.530162558,6.537709625,3.785071624,-10.536795236,6.538796460,3.786449909,0.006860998
1609060417.031743050,-10.535592988,6.528513193,3.792684503,-10.542507823,6.531103878,3.794049345,0.007509286
1609060417.080188990,-10.544333508,6.519750158,3.801452259,-10.547069218,6.523016706,3.799520896,0.004678098
1609060417.128481150,-10.549514548,6.508944540,3.809522426,-10.552532174,6.512982331,3.806566145,0.005843750
1609060417.178506136,-10.554953413,6.496891715,3.815832782,-10.556291256,6.503639663,3.813060263,0.007416973
1609060417.229984999,-10.559071158,6.483530799,3.823679538,-10.560030568,6.493156084,3.819762286,0.010436065
1609060417.281683207,-10.562768102,6.471192103,3.831792814,-10.566672683,6.467821481,3.830707589,0.005271106
1609060417.327920198,-10.565178477,6.457616377,3.838544844,-10.568988304,6.454998208,3.838170370,0.004637869
1609060417.380889177,-10.567806386,6.440756712,3.843008309,-10.571036873,6.441146152,3.843463581,0.003285572
1609060417.427345037,-10.568866956,6.425551656,3.849126440,-10.573082598,6.426725769,3.846941619,0.004891178
1609060417.482033014,-10.573583206,6.400963834,3.856349726,-10.574211160,6.411461458,3.852597078,0.011165877
1609060417.528115988,-10.574388267,6.383061097,3.861993428,-10.574812618,6.381749326,3.864496236,0.002857423
1609060417.578565121,-10.574836420,6.363557301,3.869683269,-10.575385072,6.363429303,3.867805303,0.001960652
1609060417.628115177,-10.574513110,6.342962827,3.875483117,-10.574400493,6.347455226,3.871236271,0.006183045
1609060417.680741072,-10.575527286,6.322802337,3.881768609,-10.572791039,6.329853086,3.875472404,0.009840849
1609060417.728932142,-10.573953900,6.302591671,3.886065107,-10.571486899,6.311863240,3.879749737,0.011486165
1609060417.780569077,-10.570238662,6.280005388,3.889527843,-10.566963204,6.274797725,3.888370413,0.006260033
1609060417.827723026,-10.567036554,6.258548146,3.894441974,-10.563505754,6.256993976,3.892623286,0.004264928
1609060417.878182173,-10.563306989,6.236267521,3.900561910,-10.559479815,6.237101755,3.896270029,0.005810633
1609060417.928631067,-10.557143139,6.212129431,3.904980819,-10.555517511,6.217211965,3.898656047,0.008275116
1609060417.978594065,-10.550181258,6.188210183,3.908732807,-10.549839448,6.195870110,3.900944343,0.010929386
1609060418.027911186,-10.542889092,6.164097357,3.913147611,-10.538854060,6.154896101,3.908986879,0.010874571
1609060418.080447197,-10.535230531,6.138249525,3.918111586,-10.532453511,6.131367463,3.910449398,0.010666947
1609060418.127730131,-10.526332586,6.114349197,3.921805233,-10.524484270,6.111345071,3.914250539,0.008337533
1609060418.178858995,-10.516888838,6.089153975,3.925256541,-10.517049468,6.088855874,3.917159653,0.008103966
1609060418.229143143,-10.505634645,6.062391578,3.928825004,-10.509626562,6.067229424,3.917718774,0.012754940
1609060418.278476000,-10.497263957,6.037483614,3.929763355,-10.489664297,6.021884973,3.923700466,0.018380181
1609060418.327845097,-10.484495621,6.010482577,3.932360110,-10.478670679,5.998035522,3.924089730,0.016039274
1609060418.379217148,-10.471500829,5.982163973,3.932224405,-10.468606525,5.974056173,3.927273415,0.009931047
1609060418.427738190,-10.457377010,5.954498968,3.934295866,-10.456091056,5.950399441,3.926559964,0.008848954
1609060418.479364157,-10.443474508,5.925489719,3.938705821,-10.443737338,5.923597127,3.931224481,0.007721492
1609060418.530038118,-10.426934815,5.895681929,3.941601680,-10.430318986,5.898947648,3.934096923,0.008856574
1609060418.580530167,-10.409767581,5.864961467,3.943213845,-10.400687955,5.845932592,3.936520902,0.022120877
1609060418.627577066,-10.392030426,5.835673704,3.945933485,-10.385785101,5.818245606,3.937185044,0.020476276
1609060418.679231167,-10.374145380,5.799582035,3.946491224,-10.370237672,5.792265310,3.939369378,0.010932765
1609060418.727707148,-10.354958136,5.767810320,3.949831859,-10.353086870,5.765920286,3.942008232,0.008263353
1609060418.779791117,-10.333997577,5.734890699,3.952216682,-10.336896116,5.739734153,3.944717338,0.009386199
1609060418.826940060,-10.314352528,5.703867764,3.954948919,-10.319781490,5.711526541,3.948332253,0.011485241
1609060418.877894163,-10.293312907,5.670908922,3.956041685,-10.282068726,5.657161959,3.954143942,0.017860908
1609060418.928442001,-10.270270803,5.636848526,3.958573557,-10.265350019,5.631354853,3.958421583,0.007376832
1609060418.980247021,-10.247100994,5.602905045,3.960896290,-10.245467733,5.602675752,3.958610580,0.002818615
1609060419.028758049,-10.224047260,5.571354193,3.963945571,-10.227476738,5.577855323,3.962240211,0.007545479
1609060419.080204010,-10.199319807,5.539123471,3.967452560,-10.187113455,5.521172028,3.967241198,0.021709307
1609060419.127290010,-10.175477643,5.508132447,3.970664072,-10.166400840,5.491617617,3.969712230,0.018868862
1609060419.179020166,-10.149447375,5.475183315,3.975448788,-10.146453425,5.464052880,3.972256729,0.011959914
1609060419.227241039,-10.124568895,5.443745501,3.978875508,-10.125975991,5.435881822,3.976303047,0.008392552
1609060419.280115128,-10.100384630,5.407974011,3.983172346,-10.106768837,5.408621772,3.979505953,0.007390544
1609060419.327326059,-10.075721143,5.376645965,3.988649450,-10.064809287,5.353212512,3.989507129,0.025863698
1609060419.378854990,-10.051170462,5.345486739,3.997418245,-10.043651240,5.325573684,3.997252146,0.021286053
1609060419.471464157,-10.005187148,5.285674150,4.010208802,-10.000273734,5.268369608,4.009397821,0.018006847
1609060419.537253141,-9.971935430,5.243400901,4.020451300,-9.958603231,5.212972437,4.020084791,0.033223083
1609060419.585476160,-9.948628729,5.211427560,4.028165672,-9.937848766,5.185379365,4.027093882,0.028211075
1609060419.629018068,-9.926872076,5.183767600,4.034598388,-9.917568584,5.157872476,4.030832359,0.027772206
1609060419.673011065,-9.904053496,5.153372835,4.041103264,-9.895726963,5.130354288,4.038435684,0.024623172
1609060419.726917028,-9.876392605,5.117876066,4.048774526,-9.875406267,5.102208725,4.041181885,0.017438079
1609060419.777944088,-9.849233251,5.083494153,4.051595705,-9.855991803,5.075945628,4.047514232,0.010923217
1609060419.829607010,-9.822444600,5.048810577,4.057661635,-9.814036285,5.022868433,4.057518647,0.027271139
1609060419.879155159,-9.798614190,5.016688932,4.064482287,-9.794930926,4.996020529,4.064803051,0.020996481
1609060419.928565025,-9.774416066,4.984722930,4.070216883,-9.774287993,4.967847767,4.066096926,0.017371287
1609060419.977845192,-9.748991046,4.951814787,4.075093494,-9.752928294,4.939808002,4.072067045,0.012993236
1609060420.026153088,-9.723516994,4.919408319,4.079200323,-9.731066488,4.910087413,4.074814391,0.012771475
1609060420.080102205,-9.697078791,4.884128950,4.082982166,-9.709219014,4.880888626,4.078904588,0.013210275
1609060420.127996206,-9.673036434,4.852908499,4.086520665,-9.668802405,4.826559536,4.085359276,0.026712239
1609060420.178651094,-9.648918568,4.821418693,4.089839799,-9.649618262,4.801585930,4.087813000,0.019948332
1609060420.225896120,-9.625558236,4.790400130,4.093052549,-9.628757826,4.773464033,4.091219596,0.017332873
1609060420.278553009,-9.602273923,4.755182831,4.096342732,-9.609113624,4.746672054,4.092985843,0.011422939
1609060420.329905987,-9.576699469,4.721189611,4.098591337,-9.588210415,4.719030231,4.096467656,0.011902724
1609060420.379353046,-9.554390382,4.688475740,4.099135507,-9.547532729,4.665121219,4.101721019,0.024477457
1609060420.425460100,-9.532039782,4.658385362,4.100769706,-9.525507892,4.637493367,4.102810315,0.021984202
1609060420.478222132,-9.510975307,4.624694225,4.105401578,-9.507143247,4.610391307,4.104886396,0.014816328
1609060420.527751207,-9.487484734,4.591660726,4.107633687,-9.485237705,4.583495396,4.107031649,0.008490241
1609060420.579862118,-9.463724229,4.559140387,4.113524947,-9.464758035,4.555146001,4.109011933,0.006114832
1609060420.629007101,-9.439943274,4.527018949,4.116353206,-9.423079666,4.501279520,4.112258604,0.031042958
1609060420.681604147,-9.416138738,4.494054361,4.116473483,-9.400918253,4.472320381,4.114261891,0.026625555
1609060420.727938175,-9.393977502,4.464617254,4.118627487,-9.379640627,4.445614952,4.115858110,0.023964618
1609060420.778449059,-9.366224122,4.430365086,4.126189868,-9.357730255,4.418451481,4.116675155,0.017453066
1609060420.827750206,-9.340200976,4.398550365,4.129124340,-9.335015807,4.392347147,4.117349168,0.014283576
1609060420.880737066,-9.309983070,4.365000747,4.126922519,-9.312129174,4.364373845,4.119559721,0.007694775
1609060420.928517103,-9.282156522,4.334851892,4.128481975,-9.265412670,4.313055849,4.120017024,0.028758990
1609060420.978013039,-9.254416073,4.306292761,4.126729026,-9.242721869,4.288846785,4.120990191,0.021772706
1609060421.026174068,-9.225919651,4.276451542,4.127931697,-9.218267301,4.262972315,4.121253125,0.016877540
1609060421.073661089,-9.199438627,4.248072581,4.127794179,-9.193227389,4.238037255,4.121892996,0.013195122
1609060421.120455027,-9.170008705,4.219705654,4.129361911,-9.167288102,4.212744130,4.122801020,0.009945340
1609060421.172883987,-9.139969480,4.188946482,4.131661984,-9.140743431,4.187798402,4.124294625,0.007496337
1609060421.224383116,-9.106260075,4.158412115,4.132964170,-9.087015702,4.138527723,4.125412878,0.028683741
1609060421.280524015,-9.071060908,4.128159633,4.131973837,-9.061320783,4.115286671,4.125777573,0.017290948
1609060421.327854156,-9.039755649,4.102144822,4.132619828,-9.032942533,4.092857448,4.125801413,0.013385240
1609060421.378944159,-9.006620332,4.075993431,4.133569295,-9.004425280,4.071725980,4.124296107,0.010441332
1609060421.427192211,-8.972683388,4.050332336,4.133426098,-8.976530148,4.048318947,4.125702742,0.008860108
1609060421.479579210,-8.937627234,4.024432292,4.132700466,-8.917454569,4.005062024,4.123785249,0.029353446
1609060421.527832985,-8.902387199,3.999126976,4.131782567,-8.886544409,3.983085869,4.122638506,0.024329508
1609060421.580437183,-8.865404348,3.973285953,4.128213959,-8.855689370,3.960513859,4.121865730,0.017257091
1609060421.629995108,-8.827577099,3.948804544,4.126733432,-8.825868652,3.941445887,4.120003438,0.010117383
1609060421.681367159,-8.790186627,3.924288616,4.123598486,-8.759613775,3.899746610,4.116961787,0.039762484
1609060421.727432013,-8.754263260,3.902216193,4.121855647,-8.727202214,3.878345417,4.116152544,0.036532718
1609060421.778424025,-8.717461630,3.878775933,4.119866053,-8.692666247,3.858761638,4.114618082,0.032294337
1609060421.825348139,-8.680461964,3.857118268,4.118354381,-8.658243301,3.839099475,4.113831091,0.028962148
1609060421.880194187,-8.632839605,3.829511405,4.113902155,-8.624228369,3.819559408,4.111530706,0.013372337
1609060421.928580046,-8.591856831,3.807564439,4.110006219,-8.557401909,3.783331071,4.106032833,0.042310586
1609060421.978991032,-8.548477662,3.783274499,4.106554518,-8.521135168,3.764705440,4.102645123,0.033282207
1609060422.027255058,-8.505874284,3.760889971,4.101485335,-8.485499352,3.745497056,4.098196512,0.025746768
1609060422.079162121,-8.463303845,3.738075113,4.096248991,-8.450816201,3.726996795,4.094471779,0.016787759
1609060422.129970074,-8.420124835,3.715478095,4.092537920,-8.417383473,3.710514157,4.090902034,0.005901854
1609060422.180117130,-8.374699707,3.692769373,4.087878310,-8.343606561,3.674727975,4.083033190,0.036273282
1609060422.228345156,-8.332208607,3.672030111,4.083927063,-8.307847104,3.656838406,4.079007655,0.029128530
1609060422.279767036,-8.287422104,3.650934785,4.079475881,-8.269565161,3.639376220,4.073146119,0.022193168
1609060422.327003002,-8.244310329,3.631303825,4.071551854,-8.234578524,3.624697766,4.065875016,0.013060419
1609060422.379480124,-8.199473619,3.611640755,4.060542266,-8.199635565,3.607825904,4.058121351,0.004521078
1609060422.427206993,-8.156681962,3.593096369,4.050651458,-8.131446278,3.578643697,4.040930843,0.030662841
1609060422.478839159,-8.112408585,3.574573946,4.040637175,-8.095982555,3.564976690,4.032300295,0.020770781
1609060422.528550148,-8.067605958,3.555821533,4.030385118,-8.061412881,3.549794767,4.023913252,0.010796349
1609060422.580224037,-8.027316301,3.540448960,4.018387751,-7.992959187,3.521264445,4.007448084,0.040842786
1609060422.627099037,-7.985169993,3.524139139,4.009279920,-7.956900989,3.508230042,4.000294740,0.033659611
1609060422.677823067,-7.942910403,3.508350690,3.999264321,-7.919649740,3.494399264,3.991825797,0.028125298
1609060422.727541208,-7.898041661,3.492417591,3.989295903,-7.884344331,3.480621711,3.984533883,0.018693220
1609060422.783367157,-7.847889634,3.475129404,3.977646860,-7.811333006,3.457155656,3.968063269,0.041848391
1609060422.828356028,-7.807293091,3.461762521,3.968656672,-7.774814967,3.445246672,3.960939810,0.037244487
1609060422.880164146,-7.763152397,3.447666534,3.960120845,-7.737536877,3.432778691,3.953626081,0.030331249
1609060422.928488016,-7.718734589,3.434358722,3.951603503,-7.700714304,3.420937914,3.946482693,0.023044987
1609060422.979838133,-7.665945045,3.419713088,3.942068035,-7.662134075,3.411000073,3.940039966,0.009723846
1609060423.029355049,-7.617694829,3.406878527,3.935249422,-7.586169188,3.390101598,3.928933801,0.036265941
1609060423.080885172,-7.567618746,3.394514313,3.930619630,-7.547053297,3.379339178,3.924847595,0.026201885
1609060423.127178192,-7.522415285,3.383503330,3.926594062,-7.508207367,3.372020205,3.921038263,0.019094345
1609060423.179766178,-7.477081835,3.375302361,3.924526453,-7.468275476,3.363357301,3.918121428,0.016163563
1609060423.227312088,-7.431911296,3.365294714,3.921277458,-7.430754990,3.354830131,3.914863793,0.012328002
1609060423.280233145,-7.380040144,3.355212377,3.917798852,-7.352145789,3.340155191,3.910928203,0.032434853
1609060423.327131987,-7.334988358,3.347336653,3.915000633,-7.311944176,3.334699814,3.909120614,0.026931369
1609060423.378704071,-7.288349633,3.339445657,3.912690400,-7.272887339,3.327656649,3.907837432,0.020040323
1609060423.425829172,-7.243728425,3.332613890,3.912144913,-7.234739484,3.321842399,3.907743244,0.014703767
1609060423.477626085,-7.197741895,3.325370942,3.913314414,-7.193839861,3.317278206,3.908781073,0.010063271
1609060423.526779175,-7.151415304,3.319431747,3.914773249,-7.152968436,3.313586449,3.910058785,0.007668500
1609060423.580407143,-7.103870566,3.314592948,3.918405734,-7.075091256,3.304044035,3.912411320,0.031232375
1609060423.627583027,-7.059768187,3.309891794,3.920493760,-7.034768832,3.301712073,3.914294129,0.027024267
1609060423.678277016,-7.016060266,3.307424974,3.921327599,-6.994710498,3.298920469,3.916002158,0.023590242
1609060423.726454020,-6.970898858,3.303849548,3.923202670,-6.956289160,3.294833814,3.917279907,0.018160558
1609060423.779623032,-6.924682832,3.301022695,3.925407997,-6.917716423,3.291627380,3.919107196,0.013285439
1609060423.827763081,-6.880277633,3.298321908,3.927894286,-6.877441849,3.290786896,3.921004134,0.010596805
1609060423.881376028,-6.831848020,3.296887552,3.930878934,-6.801873571,3.288109442,3.924951074,0.031790916
1609060423.927520037,-6.789549361,3.295569986,3.933450877,-6.763580798,3.287310221,3.926501822,0.028122576
1609060423.978104115,-6.746741265,3.295152405,3.935044440,-6.723181360,3.288271633,3.928830491,0.025318518
1609060424.026549101,-6.701911234,3.295191225,3.937426046,-6.683980374,3.288756854,3.931149410,0.020057742
1609060424.079257011,-6.649640739,3.295491985,3.938890191,-6.646065927,3.288744786,3.933249837,0.009493029
1609060424.131283998,-6.599401626,3.295876939,3.941206985,-6.568201628,3.290737008,3.936886019,0.031914409
1609060424.180812120,-6.553218866,3.297550741,3.943303560,-6.528906670,3.292815045,3.937947227,0.025341666
1609060424.269929171,-6.470914015,3.302906369,3.943817152,-6.452838688,3.295056224,3.939345850,0.020207295
1609060424.338038206,-6.408504103,3.308493648,3.945173862,-6.374934007,3.302718582,3.940721846,0.034352920
1609060424.385066986,-6.362562145,3.312056736,3.945778664,-6.338024407,3.305232587,3.941047544,0.025904692
1609060424.427415133,-6.321643928,3.315744678,3.946048777,-6.300469129,3.308389510,3.940455516,0.023103143
1609060424.479503155,-6.274078876,3.320769247,3.945163401,-6.261744527,3.313099493,3.940104323,0.015380363
1609060424.528802156,-6.227348793,3.325932094,3.943076772,-6.223631666,3.317596021,3.938903085,0.010036275
1609060424.580688000,-6.180098584,3.333056166,3.939191592,-6.150094424,3.325881142,3.933482468,0.031373949
1609060424.627767086,-6.135139298,3.338629986,3.935953014,-6.114649061,3.329911072,3.931374987,0.022733842
1609060424.678000212,-6.089911197,3.344059908,3.932415705,-6.076110108,3.335551060,3.929212500,0.016526678
1609060424.727902174,-6.042091496,3.351030438,3.928761059,-6.037450033,3.342189484,3.926088324,0.010336787
1609060424.779567003,-5.996223268,3.357124743,3.922931946,-6.001319758,3.347073787,3.922723676,0.011271172
1609060424.828402996,-5.949620395,3.364157382,3.918690208,-5.918938725,3.361877297,3.916453305,0.030847487
1609060424.880347013,-5.904311300,3.374082613,3.916291028,-5.878278648,3.369604700,3.913179703,0.026597576
1609060424.927685022,-5.859430590,3.382141609,3.912521722,-5.837248711,3.377071593,3.908710082,0.023070965
1609060424.979326010,-5.814088237,3.391656926,3.908778817,-5.796749949,3.385488276,3.905045856,0.018777739
1609060425.028661013,-5.767282162,3.401079784,3.904646877,-5.757514604,3.395080401,3.901863839,0.011795893
1609060425.080376148,-5.721244694,3.412324303,3.898868628,-5.681571742,3.411533733,3.893744774,0.040010274
1609060425.127739191,-5.676419369,3.422123216,3.894757036,-5.645526857,3.419956479,3.890854404,0.031213340
1609060425.178142071,-5.624087544,3.434711225,3.890054076,-5.604057965,3.431313078,3.888123306,0.020407335
1609060425.225172997,-5.577699893,3.446034219,3.886264140,-5.563514774,3.441958247,3.884910642,0.014821036
1609060425.281213045,-5.523820054,3.461424141,3.881467884,-5.525452698,3.451467871,3.880858070,0.010107656
1609060425.331796169,-5.472417251,3.475144979,3.877272546,-5.446649786,3.474383647,3.874199217,0.025961264
1609060425.382135153,-5.430550717,3.490017719,3.873322359,-5.408059635,3.485921764,3.871139149,0.022965017
1609060425.428689003,-5.386003953,3.502382526,3.871756740,-5.371907901,3.495785948,3.867429328,0.016153638
1609060425.480192184,-5.334740893,3.517597716,3.867794220,-5.335149302,3.507052513,3.863817953,0.011277357
1609060425.529694080,-5.287653781,3.532220841,3.863182799,-5.296028308,3.520393101,3.860909329,0.014669588
1609060425.580114126,-5.242098903,3.547183306,3.857643928,-5.215648729,3.546728791,3.853901608,0.026717471
1609060425.627465010,-5.196602831,3.561832357,3.853620305,-5.178144529,3.558478583,3.850206466,0.019068587
1609060425.680615187,-5.149335095,3.579036557,3.849282429,-5.137163873,3.573099052,3.847126669,0.013712764
1609060425.728845119,-5.104250943,3.594278921,3.845436751,-5.097259633,3.587459927,3.843937276,0.009880563
1609060425.781431198,-5.057117410,3.611534795,3.841757666,-5.057439027,3.601431424,3.840731224,0.010160469
1609060425.828500986,-5.012053051,3.627081056,3.838220993,-4.981933044,3.629006498,3.834029473,0.030471150
1609060425.879981995,-4.968540677,3.645491110,3.832997812,-4.940998023,3.645894755,3.831087239,0.027611791
1609060425.928338051,-4.923561241,3.662110570,3.829973014,-4.906540890,3.658018723,3.829510072,0.017511421
1609060425.981427193,-4.878236213,3.681029818,3.827591323,-4.870151350,3.672332211,3.826638238,0.011913091
1609060426.028719187,-4.834522125,3.697806747,3.825375607,-4.793779362,3.703827746,3.823196675,0.041242852
1609060426.080445051,-4.791013409,3.716927894,3.823979496,-4.755610989,3.719496177,3.821345775,0.035593032
1609060426.133275986,-4.742989555,3.736630853,3.821282638,-4.719273033,3.734408951,3.818878959,0.023941343
1609060426.178623199,-4.704526376,3.756407991,3.821390247,-4.679700566,3.751846491,3.816171522,0.025775244
1609060426.229953051,-4.658087936,3.776430624,3.818373369,-4.641700174,3.769083637,3.813399810,0.018635269
1609060426.279983997,-4.610473422,3.797375797,3.812327955,-4.605991107,3.784397866,3.810225605,0.013890202
1609060426.327455997,-4.565979828,3.817134429,3.808015571,-4.533414375,3.818262215,3.802065962,0.033123684
1609060426.379871130,-4.520136221,3.839014687,3.800150219,-4.496356728,3.836164342,3.797096391,0.024143625
1609060426.428410053,-4.474799877,3.859648241,3.794290738,-4.459240602,3.854360332,3.791915040,0.016604124
1609060426.480945110,-4.434217966,3.881938963,3.785978483,-4.423615569,3.871800737,3.786732880,0.014688893
1609060426.528591156,-4.392847526,3.904746344,3.780390035,-4.351461768,3.909172614,3.775787012,0.041875537
1609060426.580346107,-4.346353623,3.928676279,3.773115912,-4.318555476,3.926886567,3.771044846,0.027932586
1609060426.628355980,-4.304009291,3.951545975,3.766314885,-4.282507140,3.946799360,3.764956765,0.022061671
1609060426.678764105,-4.261550128,3.975067467,3.759171979,-4.248636470,3.966137874,3.759529364,0.015704391
1609060426.727844000,-4.219511280,3.999025872,3.752032528,-4.213373906,3.986466279,3.752932244,0.014007863
1609060426.780528069,-4.176581552,4.025509674,3.745189025,-4.142777762,4.028156581,3.740283852,0.034260226
1609060426.828762054,-4.136066938,4.048906722,3.737600198,-4.109181208,4.048587933,3.734068524,0.027118570
1609060426.880460024,-4.095195342,4.073111321,3.729274247,-4.076039639,4.069436616,3.727884345,0.019554443
1609060426.927973032,-4.054780308,4.097030440,3.721450594,-4.042596823,4.090325004,3.721088679,0.013911548
1609060426.980300188,-4.015736100,4.123642702,3.711998357,-4.007285347,4.113385290,3.713306941,0.013354480
1609060427.028684139,-3.975811098,4.148437720,3.702546553,-3.973768442,4.135595565,3.704834095,0.013203266
1609060427.080138206,-3.937275084,4.173708986,3.692600803,-3.939050190,4.159461051,3.696535845,0.014887552
1609060427.128703117,-3.897932074,4.199076955,3.682850667,-3.874178975,4.204919914,3.679562558,0.024681198
1609060427.179259062,-3.862515021,4.225647760,3.671838310,-3.841412849,4.228310978,3.670734501,0.021298188
1609060427.228806019,-3.823688358,4.252221818,3.661557091,-3.806681713,4.253674399,3.661267214,0.017071028
1609060427.281520128,-3.787990003,4.281329028,3.651055536,-3.773228565,4.278787364,3.651642210,0.014990139
1609060427.329280138,-3.752394332,4.307360606,3.640069325,-3.741387820,4.303064130,3.642244275,0.012013884
1609060427.381112099,-3.708310489,4.339643132,3.625770701,-3.676372987,4.353420920,3.621281260,0.035071163
1609060427.429231167,-3.670900073,4.367397210,3.613165302,-3.645435949,4.378519544,3.610806402,0.027887136
1609060427.478861094,-3.633963786,4.399158301,3.601249842,-3.613568829,4.403924871,3.599641549,0.021006215
1609060427.529126167,-3.594013578,4.430253903,3.587555363,-3.583666536,4.429017969,3.588660684,0.010479053
1609060427.579799175,-3.560459396,4.460841201,3.573774416,-3.554393800,4.453456267,3.577891610,0.010405767
1609060427.630326033,-3.525252246,4.493970099,3.561666094,-3.522219408,4.480798751,3.565996134,0.014192666
1609060427.681500196,-3.486846704,4.527125887,3.547793197,-3.461573323,4.535210669,3.543451275,0.026887911
1609060427.727840185,-3.452544804,4.557549126,3.535371975,-3.432981055,4.562179184,3.532648542,0.020287799
1609060427.779484987,-3.417554156,4.590240768,3.522070172,-3.402758875,4.590949639,3.521143640,0.014841203
1609060427.829073191,-3.383000596,4.622801959,3.509620219,-3.372430666,4.620009807,3.509674776,0.010932635
1609060427.880336046,-3.349865583,4.656377609,3.497883978,-3.340812170,4.651095143,3.497702933,0.010483392
1609060427.928755045,-3.316775161,4.688915282,3.486461317,-3.311325873,4.680163125,3.487277463,0.010342199
1609060427.980607986,-3.283816537,4.723787908,3.474695816,-3.283162307,4.708133743,3.477420948,0.015903058
1609060428.028478146,-3.250763429,4.756597805,3.463975676,-3.229518517,4.765156736,3.458256532,0.023607418
1609060428.077799082,-3.222662526,4.789907834,3.453854685,-3.201209659,4.795862870,3.449541011,0.022678089
1609060428.129625082,-3.187873634,4.825724801,3.443542018,-3.173519890,4.826224371,3.440817140,0.014618635
1609060428.179145098,-3.159463522,4.860039966,3.434189685,-3.146604421,4.856255412,3.432057156,0.013573025
1609060428.230478048,-3.126598190,4.895956641,3.425038917,-3.121116760,4.884801853,3.424589479,0.012436935
1609060428.281023979,-3.098367619,4.930620677,3.412480407,-3.067059799,4.949180115,3.410569000,0.036445656
1609060428.327894211,-3.068906075,4.964132273,3.404427481,-3.043926117,4.977571585,3.404066100,0.028368010
1609060428.378302097,-3.040770809,4.999868661,3.402879919,-3.017423229,5.009192804,3.396968959,0.025826122
1609060428.427620173,-3.011288071,5.035369349,3.396914825,-2.991314957,5.041487576,3.391310745,0.021627845
1609060428.481490135,-2.979108593,5.076965524,3.385419781,-2.966775931,5.072721694,3.386325884,0.013073854
1609060428.530129194,-2.948820879,5.114168074,3.379400054,-2.941731102,5.103867079,3.381646561,0.012705205
1609060428.580730200,-2.919116646,5.154389634,3.374535845,-2.893059914,5.167615041,3.372256844,0.029309700
1609060428.626178026,-2.890900826,5.189117676,3.369960722,-2.867779381,5.200651635,3.368711728,0.025868773
1609060428.678228140,-2.866376278,5.229350859,3.369038160,-2.845787019,5.229926656,3.365380687,0.020919518
1609060428.727977991,-2.839157369,5.266027313,3.364502537,-2.822460518,5.260860023,3.361587977,0.017719492
1609060428.780537128,-2.807733848,5.307330455,3.360219153,-2.797032651,5.293871569,3.358065269,0.017329064
1609060428.829004049,-2.779793625,5.344889794,3.356928382,-2.752509523,5.357217213,3.353310171,0.030157568
1609060428.879436016,-2.753472966,5.381596407,3.353927612,-2.727894389,5.390278780,3.350280337,0.027257106
1609060428.929301977,-2.725404747,5.419364194,3.349812595,-2.701880397,5.423839131,3.346072164,0.024236562
1609060428.979768991,-2.698932966,5.457480512,3.344636509,-2.680052827,5.454984482,3.342989753,0.019115481
1609060429.027988195,-2.671445863,5.493897387,3.340635618,-2.655287632,5.488336280,3.340137753,0.017095678
1609060429.080878019,-2.643124238,5.533577425,3.336775299,-2.631125889,5.522000768,3.336655957,0.016673140
1609060429.129002094,-2.614710350,5.571413007,3.333171189,-2.583075754,5.589422649,3.330968327,0.036468445
1609060429.179460049,-2.589525535,5.607872740,3.329175655,-2.561337643,5.621674452,3.329665811,0.031389245
1609060429.226698160,-2.561474418,5.644964405,3.326201436,-2.538303730,5.654773062,3.327589525,0.025199551
1609060429.280256987,-2.535097914,5.685444011,3.323088380,-2.512295158,5.690082923,3.324247582,0.023298690
1609060429.328555107,-2.505991687,5.724620686,3.319242754,-2.490069218,5.724044208,3.321155849,0.016047345
1609060429.381138086,-2.479008191,5.766045084,3.316552401,-2.467142657,5.759518298,3.318321293,0.013657189
1609060429.428529024,-2.451059321,5.804976173,3.313343844,-2.416260387,5.833174006,3.311524891,0.044826244
1609060429.478585005,-2.426579539,5.843988972,3.310104538,-2.396442381,5.867180755,3.308092741,0.038080894
1609060429.529040098,-2.396863954,5.887909104,3.306679365,-2.373248251,5.904935118,3.305047472,0.029159041
1609060429.579662085,-2.366604774,5.937359599,3.302221537,-2.348503968,5.944342058,3.302860154,0.019411381
1609060429.628737211,-2.335627734,5.984011855,3.299076885,-2.323349485,5.981553820,3.300913113,0.012655792
1609060429.681184053,-2.306575755,6.035001887,3.296145996,-2.276360810,6.062257195,3.296454994,0.040692630
1609060429.727297068,-2.276755874,6.082460755,3.294235946,-2.250980680,6.106360834,3.293098734,0.035169129
1609060429.779306173,-2.248341978,6.135527685,3.293285587,-2.225417381,6.151680558,3.293203755,0.028043879
1609060429.828670979,-2.221062033,6.188205179,3.292946132,-2.203120043,6.193798077,3.292701538,0.018795088
1609060429.881679058,-2.187702265,6.247563859,3.292268492,-2.177408609,6.240380764,3.292006984,0.012554864
1609060429.928592205,-2.159295351,6.302093772,3.292087542,-2.127325537,6.336236161,3.292410125,0.046774734
1609060429.979950190,-2.130799168,6.363376473,3.292683786,-2.105030509,6.385439538,3.292499236,0.033923984
1609060430.029108047,-2.101983133,6.423996723,3.293430729,-2.083062064,6.435731741,3.291940402,0.022314537
1609060430.079665184,-2.075196839,6.485035941,3.294686601,-2.057805377,6.487848938,3.293239494,0.017676822
1609060430.139734030,-2.044794384,6.559259607,3.297727693,-2.034164141,6.542315821,3.294693549,0.020231163
1609060430.179250002,-2.023253038,6.609704425,3.300311962,-2.012914254,6.594250093,3.296709422,0.018939512
1609060430.227625132,-1.996404094,6.673195805,3.304005734,-1.972701050,6.702002483,3.301408848,0.037395225
1609060430.279911041,-1.974040108,6.738240741,3.307519430,-1.950135427,6.758600664,3.306488586,0.031416920
1609060430.329241037,-1.948371838,6.802492949,3.313616225,-1.930486887,6.812199111,3.310789293,0.020544406
1609060430.379837036,-1.929070579,6.867238895,3.321457330,-1.909611605,6.869654075,3.318140047,0.019886909
1609060430.429674149,-1.905074347,6.933579673,3.330637075,-1.889075998,6.927422111,3.326049396,0.017745691
1609060430.481505156,-1.886062428,7.001288974,3.340031137,-1.853295841,7.042119358,3.342670439,0.052418846
1609060430.528452158,-1.867149316,7.064309378,3.349926543,-1.839912186,7.098584825,3.351415952,0.043805089
1609060430.580064058,-1.852442581,7.131030522,3.361977213,-1.825742607,7.152640579,3.360490465,0.034381588
1609060430.628176212,-1.834610469,7.194615234,3.371523580,-1.808340557,7.212218535,3.370803887,0.031630720
1609060430.679733992,-1.820028787,7.267839084,3.386629636,-1.793912366,7.269122180,3.380507900,0.026854971
1609060430.730561018,-1.803042153,7.335431216,3.398534834,-1.771377784,7.379790624,3.397456739,0.054511941
1609060430.780865192,-1.792558164,7.401004445,3.407429025,-1.762837840,7.433901057,3.405519113,0.044374908
1609060430.828189135,-1.781285718,7.463143550,3.416767212,-1.754156940,7.486656400,3.413774409,0.036024735
1609060430.877870083,-1.774139247,7.526399291,3.423536935,-1.748722329,7.536023201,3.420488476,0.027348354
1609060430.929910183,-1.768174715,7.590090328,3.432434742,-1.741104849,7.588775249,3.429290840,0.027283534
1609060430.981590033,-1.759553784,7.653925981,3.440561260,-1.734926171,7.640820008,3.436329834,0.028216854
1609060431.028035164,-1.754077682,7.711281035,3.447540011,-1.727508837,7.737673055,3.449460428,0.037498403
1609060431.080696106,-1.751855071,7.773663419,3.455365772,-1.726140905,7.782302422,3.455171048,0.027127267
1609060431.127861023,-1.749693724,7.828202973,3.462752055,-1.725465701,7.830697782,3.461653582,0.024380891
1609060431.179397106,-1.754330384,7.884112722,3.471760894,-1.727140523,7.878096574,3.468189447,0.028075573
1609060431.228162050,-1.757745829,7.939047723,3.479397423,-1.738289323,7.969021094,3.480507929,0.035751809
1609060431.281984091,-1.765600337,7.996328861,3.486420347,-1.746383231,8.015592433,3.487395292,0.027227429
1609060431.327632189,-1.774002323,8.046599516,3.492737279,-1.755829417,8.061872011,3.494010559,0.023772356
1609060431.380648136,-1.791579431,8.100996114,3.503776118,-1.770009619,8.106516361,3.499683090,0.022638083
1609060431.441133022,-1.813066547,8.164015581,3.512664772,-1.804857646,8.197958517,3.509662295,0.035050304
1609060431.487370014,-1.833450408,8.212025949,3.518724882,-1.823377365,8.241791763,3.514417202,0.031717913
1609060431.531643152,-1.850464850,8.258188508,3.522806279,-1.839726685,8.283065340,3.518764515,0.027395270
1609060431.578772068,-1.870729649,8.302303142,3.527993718,-1.857584986,8.324147769,3.524280884,0.025763443
1609060431.629288197,-1.890313162,8.351713675,3.533516680,-1.876095593,8.363631582,3.527536680,0.019491952
1609060431.681290150,-1.917517363,8.396295728,3.535761673,-1.896385915,8.403949947,3.530908015,0.022993111
1609060431.728561163,-1.937142071,8.439719623,3.540589614,-1.916080117,8.442082087,3.534670945,0.022004950
1609060431.780210018,-1.964144135,8.492689060,3.543978548,-1.960025753,8.517901978,3.541893317,0.025632021
1609060431.826713085,-1.986580288,8.535427498,3.548785563,-1.983650453,8.555176186,3.543935595,0.020545481
1609060431.878309011,-2.019044025,8.581095165,3.551738568,-2.006900748,8.591179528,3.546560082,0.016612353
1609060431.923537016,-2.041933798,8.624271124,3.555926191,-2.031945013,8.630382748,3.548196269,0.014031374
1609060431.972276211,-2.072689089,8.668171684,3.557031590,-2.056258949,8.667563159,3.550776258,0.017591162
1609060432.020538092,-2.097562952,8.712174773,3.560499606,-2.104189298,8.742733687,3.556772318,0.031490449
1609060432.079569101,-2.132283386,8.765100972,3.563609696,-2.125121253,8.776491860,3.560303098,0.013855760
1609060432.129607201,-2.157276770,8.809468615,3.567045454,-2.145570419,8.810323107,3.562323027,0.012651882
1609060432.185536146,-2.183902326,8.856690107,3.571057414,-2.182364945,8.878514047,3.567694859,0.022134921
1609060432.231467009,-2.204454969,8.894930559,3.573788526,-2.200919052,8.914056295,3.570795531,0.019678783
1609060432.277867079,-2.223709189,8.932308942,3.576343711,-2.217940760,8.948309326,3.573943624,0.017176946
1609060432.328068018,-2.241651128,8.972975011,3.578447689,-2.232758472,8.981059191,3.576498609,0.012175066
1609060432.376345158,-2.261501872,9.009268527,3.579760089,-2.247424503,9.015709771,3.579065247,0.015496605
1609060432.422329187,-2.274050675,9.047442756,3.581969274,-2.260140659,9.048605003,3.581732818,0.013960489
1609060432.479573011,-2.292557953,9.090818916,3.585511145,-2.284338977,9.117396105,3.585128501,0.027821664
1609060432.527909040,-2.302722059,9.131121899,3.587121109,-2.296349556,9.152608269,3.586794295,0.022413828
1609060432.578797102,-2.318196567,9.170452687,3.587437208,-2.305300063,9.186390821,3.587717179,0.020504202
1609060432.628079176,-2.326648949,9.212444830,3.588329447,-2.316126348,9.222034610,3.589404521,0.014277422
1609060432.681718111,-2.339535780,9.256494638,3.588903819,-2.322997783,9.258927202,3.590991511,0.016845805
1609060432.729138136,-2.345690299,9.298380519,3.589337151,-2.338843948,9.331186350,3.592674393,0.033678365
1609060432.780515194,-2.356564922,9.340118799,3.594764789,-2.346722152,9.368149993,3.592780707,0.029775234
1609060432.828166008,-2.361454994,9.382385470,3.595661895,-2.352884701,9.406997070,3.593405964,0.026158555
1609060432.878829002,-2.369051249,9.433752295,3.595275884,-2.358877969,9.447848921,3.593662551,0.017458904
1609060432.928115129,-2.372397932,9.481590200,3.594560875,-2.365756914,9.486116839,3.592868326,0.008213300
1609060432.980693102,-2.383049130,9.529863942,3.589940552,-2.369966569,9.525622940,3.591659502,0.013859809
1609060433.027698994,-2.385707741,9.576014235,3.587659272,-2.379583482,9.602326587,3.588813964,0.027040335
1609060433.081295013,-2.399479942,9.620584677,3.586412124,-2.386156891,9.640816891,3.586242923,0.024225499
1609060433.129487038,-2.405000638,9.668073021,3.584582339,-2.387085785,9.681502322,3.585585539,0.022411928
1609060433.178853035,-2.412171303,9.716669646,3.583726413,-2.392462032,9.721955622,3.584283224,0.020413401
1609060433.229087114,-2.417287971,9.766119406,3.583313819,-2.395106194,9.760305935,3.584576632,0.022965679
1609060433.281847000,-2.423756560,9.816411376,3.583454233,-2.402104084,9.845412035,3.585539284,0.036252108
1609060433.328270197,-2.427704478,9.863230476,3.585020496,-2.407319697,9.886656894,3.585961090,0.031068008
1609060433.378964186,-2.433936855,9.912783813,3.587940887,-2.408960127,9.926220773,3.587844480,0.028361913
1609060433.429242134,-2.438764865,9.964662638,3.589910707,-2.414582023,9.973421194,3.589814803,0.025720251
1609060433.479380131,-2.446462680,10.014180656,3.591410346,-2.419090767,10.021055688,3.592298097,0.028236072
1609060433.528609991,-2.450349492,10.064933408,3.593688597,-2.424545378,10.065100623,3.595008175,0.025838373
1609060433.579957008,-2.456384839,10.113381981,3.597999269,-2.430389834,10.108406995,3.597980980,0.026466793
1609060433.628313065,-2.459796715,10.163205181,3.600277049,-2.441206891,10.194968843,3.601509160,0.036824311
1609060433.678635120,-2.471414910,10.211246396,3.601463174,-2.446419459,10.235574745,3.603085257,0.034918079
1609060433.728372097,-2.477637211,10.262984190,3.603036334,-2.455473338,10.278976555,3.604086903,0.027351356
1609060433.782214165,-2.491216070,10.315444740,3.609446604,-2.464091984,10.321197834,3.605496263,0.028007487
1609060433.829161167,-2.499981738,10.363167844,3.611713708,-2.483929056,10.405934056,3.609257036,0.045745740
1609060433.880794048,-2.515545913,10.411635233,3.610534630,-2.495364391,10.445397601,3.609759941,0.039341981
1609060433.926801205,-2.526195788,10.458352534,3.612331306,-2.508385615,10.488781138,3.611329682,0.035271879
1609060433.981521130,-2.548664599,10.519356227,3.615746493,-2.521115839,10.531269012,3.613658652,0.030086670
1609060434.028669119,-2.563217949,10.568396663,3.618693614,-2.537095821,10.573911379,3.616147443,0.026819036
1609060434.082746029,-2.587680495,10.621695359,3.620582137,-2.571780904,10.657746143,3.622401515,0.039443201
1609060434.128036022,-2.605678703,10.668640967,3.624371314,-2.590254046,10.696102450,3.625222559,0.031508376
1609060434.179499149,-2.636898525,10.711448133,3.629127646,-2.610009531,10.733339947,3.628271066,0.034684338
1609060434.227372169,-2.661937555,10.759226535,3.634263353,-2.635943838,10.777353640,3.632823940,0.031722818
1609060434.278692007,-2.692669632,10.807504617,3.641391441,-2.665111405,10.823013024,3.636648408,0.031975974
1609060434.329144001,-2.723941536,10.855317756,3.647017611,-2.691334448,10.859961229,3.641359405,0.033418548
1609060434.378516197,-2.758092361,10.899236474,3.652137462,-2.721814850,10.900113319,3.646984978,0.036652077
1609060434.427966118,-2.792021149,10.942688351,3.658006295,-2.751235824,10.936183979,3.652285167,0.041695094
1609060434.478496075,-2.829488867,10.982325498,3.662660476,-2.814675341,11.005591281,3.661798959,0.027594917
1609060434.527953148,-2.867300743,11.023519391,3.670168224,-2.849699724,11.040642045,3.669474075,0.024565484
1609060434.579734087,-2.912486742,11.063359464,3.679137473,-2.883244760,11.072718011,3.675549531,0.030911959
1609060434.638806105,-2.961603173,11.108789968,3.688168633,-2.963387915,11.140408160,3.689065416,0.031681218
1609060434.685126066,-3.003212013,11.142071438,3.694696157,-3.003520023,11.171163785,3.696247387,0.029135302
1609060434.728393078,-3.041465534,11.174061609,3.701312107,-3.044664126,11.201326067,3.702720120,0.027487527
1609060434.779199123,-3.092185628,11.207069751,3.708876961,-3.087575642,11.229441302,3.709322441,0.022845934
1609060434.828484058,-3.138706142,11.240525446,3.716297984,-3.131126275,11.257756336,3.715530693,0.018840028
1609060434.881369114,-3.194461500,11.270963006,3.721337770,-3.175240035,11.284785069,3.722126813,0.023688326
1609060434.930052042,-3.242424435,11.300272726,3.728249165,-3.265545043,11.333078172,3.734385605,0.040600686
1609060434.979966164,-3.298028052,11.327479608,3.738760385,-3.310831016,11.355477566,3.740830939,0.030855935
1609060435.028119087,-3.347589590,11.354122702,3.745278210,-3.357219046,11.379357142,3.747554046,0.027105033
1609060435.079649210,-3.411045534,11.384072134,3.754078894,-3.402711440,11.401639223,3.753115789,0.019467596
1609060435.130227089,-3.466403188,11.411172473,3.762030939,-3.448592062,11.420081151,3.759052058,0.020136397
1609060435.181203127,-3.529023112,11.434326711,3.769406006,-3.545259162,11.461106055,3.772889576,0.031509964
1609060435.226970196,-3.579642948,11.457605616,3.777309056,-3.587111533,11.480048367,3.777703617,0.023656131
1609060435.280694008,-3.643203362,11.477557117,3.784470751,-3.636081210,11.496766042,3.784482464,0.020486777
1609060435.329034090,-3.699656922,11.499476458,3.795090666,-3.691595496,11.516593588,3.791403727,0.019276313
1609060435.379420996,-3.757231745,11.522037016,3.802862062,-3.742570738,11.536627396,3.798476415,0.021143752
1609060435.429876089,-3.813326387,11.542239833,3.808868612,-3.785710480,11.552834329,3.804138087,0.029954291
1609060435.481629133,-3.869674757,11.561198168,3.812644776,-3.878652602,11.585219522,3.813468131,0.025657457
1609060435.527260065,-3.918105789,11.580022603,3.816170848,-3.922608107,11.603000292,3.817607019,0.023458637
1609060435.578764200,-3.973881328,11.599786596,3.818597415,-3.964550346,11.620025071,3.821485113,0.022472248
1609060435.627921104,-4.023468037,11.619596990,3.821998516,-4.013370000,11.637706694,3.824559463,0.020892348
1609060435.678073168,-4.074554358,11.637968479,3.826395276,-4.061516154,11.655398190,3.828031163,0.021828095
1609060435.729574203,-4.126074807,11.659403323,3.830173900,-4.104392789,11.673149857,3.831984671,0.025736278
1609060435.779999018,-4.180004075,11.676638005,3.833742867,-4.147466098,11.690273943,3.834847264,0.035297003
1609060435.828428030,-4.226915635,11.697013932,3.837143023,-4.231249939,11.722987572,3.838944787,0.026394365
1609060435.881323099,-4.277142061,11.716268729,3.837273739,-4.268742816,11.739908951,3.842125584,0.025552843
1609060435.928601027,-4.319942182,11.736340751,3.839972481,-4.307876342,11.757853706,3.845518447,0.025281405
1609060435.979134083,-4.366160649,11.755206752,3.845225778,-4.348500304,11.775384390,3.848180983,0.026976991
1609060436.028963089,-4.410240905,11.777794940,3.848276273,-4.427813509,11.810442321,3.854617357,0.037614589
1609060436.079155207,-4.458941862,11.797794955,3.850938839,-4.467105504,11.830335803,3.857856829,0.034255079
1609060436.128490210,-4.503675777,11.821076450,3.854018016,-4.507230569,11.849616526,3.860426402,0.029465910
1609060436.178976059,-4.555843323,11.849745043,3.860769769,-4.548870258,11.868069521,3.862165901,0.019656025
1609060436.229210138,-4.603192342,11.875573855,3.865119473,-4.585625893,11.886268815,3.865792409,0.020577053
1609060436.281616211,-4.656596555,11.900697765,3.873019047,-4.670620887,11.925907002,3.875002960,0.028915799
1609060436.328548193,-4.702675560,11.925549489,3.879365603,-4.709804617,11.942609044,3.879347190,0.018489246
1609060436.378961086,-4.752320923,11.941694379,3.885794829,-4.749395044,11.960102096,3.884672679,0.018672548
1609060436.429300070,-4.803611551,11.963848340,3.891929345,-4.788878938,11.978312866,3.890937556,0.020670172
1609060436.481732130,-4.856914060,11.990008281,3.899193159,-4.871818607,12.015349567,3.899154751,0.029399452
1609060436.530310154,-4.908047245,12.012583972,3.905325805,-4.914952342,12.031625530,3.904155118,0.020288711
1609060436.580796003,-4.962209603,12.034678245,3.911078303,-4.957226884,12.049930327,3.909422534,0.016130564
1609060436.628488064,-5.014131166,12.056257165,3.916013441,-5.001849622,12.068743122,3.913587143,0.017681131
1609060436.680999994,-5.073270038,12.077207983,3.919654919,-5.049633572,12.086142415,3.917813433,0.025335699
1609060436.731419086,-5.128495972,12.097284857,3.924707081,-5.140343577,12.120907630,3.926426069,0.026483129
1609060436.778729200,-5.180903772,12.115352502,3.929317214,-5.186170236,12.138951295,3.930414137,0.024204172
1609060436.828267097,-5.235330552,12.136169189,3.934087440,-5.235708529,12.154813281,3.934649348,0.018656386
1609060436.880110025,-5.295017249,12.154340268,3.938187925,-5.285745630,12.171349307,3.937899435,0.019374043
1609060436.929759979,-5.350706118,12.173763435,3.942382582,-5.333234951,12.186954024,3.941491847,0.021909512
1609060436.981503010,-5.408095835,12.189703004,3.947182998,-5.428496048,12.218924999,3.947736060,0.035642665
1609060437.028449059,-5.460214059,12.206983460,3.951140720,-5.475191943,12.231561635,3.951100900,0.028782378
1609060437.082385063,-5.521821385,12.222184649,3.955786641,-5.523356526,12.245740112,3.953833898,0.023686065
1609060437.128386021,-5.572889355,12.237852650,3.959678850,-5.570492162,12.260004033,3.957238194,0.022413993
1609060437.181104183,-5.631001588,12.254026970,3.962046793,-5.619813046,12.273187325,3.960395929,0.022249225
1609060437.229670048,-5.684474116,12.269188015,3.965389418,-5.716446949,12.296011042,3.965109117,0.041735062
1609060437.279520988,-5.746791740,12.283586037,3.969403893,-5.760260989,12.308128894,3.967670351,0.028049558
1609060437.328559160,-5.802126098,12.298398101,3.972346357,-5.809289441,12.319254673,3.968880810,0.022323084
1609060437.379776001,-5.863616437,12.311621399,3.973035448,-5.858147002,12.328179575,3.970229480,0.017662429
1609060437.437894106,-5.930943385,12.328483985,3.974599902,-5.953724271,12.348903358,3.973163267,0.030626516
1609060437.484019995,-5.982099890,12.336750008,3.975635941,-6.002846764,12.357961887,3.973883037,0.029722874
1609060437.532320023,-6.037343047,12.346987815,3.978757216,-6.051729922,12.365802248,3.973525681,0.024255598
1609060437.579575062,-6.092219109,12.358188871,3.979865445,-6.100843897,12.373422206,3.974162831,0.018410901
1609060437.628848076,-6.149544886,12.367825060,3.980969983,-6.149261124,12.382359361,3.975374327,0.015576835
1609060437.681441069,-6.210840405,12.375216424,3.981939161,-6.197300445,12.389491899,3.976439024,0.020429665
1609060437.729734182,-6.265820480,12.383320312,3.983403543,-6.245033827,12.394081253,3.976363253,0.024442759
1609060437.780804157,-6.323237370,12.390185526,3.985133363,-6.338829442,12.405688985,3.978534885,0.022956695
1609060437.827929020,-6.376753824,12.396699584,3.986484572,-6.387489804,12.410882135,3.979048926,0.019279389
1609060437.880667210,-6.435449138,12.401072597,3.987087520,-6.433938820,12.413628975,3.980318106,0.014344639
1609060437.929320097,-6.489290214,12.407498380,3.988680504,-6.480615700,12.418327874,3.980236853,0.016242548
1609060437.980836153,-6.545887616,12.408757168,3.989683828,-6.571256249,12.427007231,3.982718795,0.032017871
1609060438.029119015,-6.599365317,12.413375485,3.990872771,-6.617515351,12.428296124,3.982984920,0.024784419
1609060438.079920053,-6.653456365,12.414910381,3.992088805,-6.664364715,12.430640562,3.983231439,0.021092265
1609060438.129821062,-6.707661224,12.418745620,3.992631859,-6.709647075,12.432922960,3.982992289,0.017258676
1609060438.180252075,-6.763233964,12.417981879,3.991171308,-6.757967465,12.435035331,3.982985449,0.019635796
1609060438.228499174,-6.814697353,12.420347634,3.990490948,-6.853154772,12.434965034,3.982423613,0.041925211
1609060438.280722141,-6.870544967,12.419153685,3.989243234,-6.898395451,12.436802841,3.981574724,0.033851857
1609060438.328006983,-6.920512579,12.420590541,3.987933359,-6.942258535,12.437451731,3.980902735,0.028400985
1609060438.379569054,-6.984466531,12.422707552,3.987582385,-6.991522316,12.436298372,3.979768272,0.017191709
1609060438.429699183,-7.039585413,12.423882561,3.986820058,-7.037603020,12.434505609,3.979229405,0.013205947
1609060438.481365204,-7.098490590,12.420197232,3.982711297,-7.083557280,12.434812533,3.977817164,0.021460739
1609060438.528198004,-7.150467392,12.420301408,3.981573311,-7.172689865,12.433250204,3.976410649,0.026232855
1609060438.580866098,-7.201327218,12.415667836,3.980907673,-7.216762421,12.430710938,3.975753974,0.022160799
1609060438.628835201,-7.255205714,12.412991672,3.980641908,-7.263250399,12.428829294,3.974831397,0.018689818
1609060438.681217194,-7.313368508,12.411075886,3.979055043,-7.305885055,12.427593837,3.973647050,0.018923297
1609060438.729390144,-7.366250880,12.408089205,3.977634720,-7.399709107,12.419950223,3.972444449,0.035875836
1609060438.779657125,-7.420202906,12.403488897,3.976034453,-7.441733736,12.417645736,3.971652180,0.026138039
1609060438.827876091,-7.473602691,12.399717597,3.973919723,-7.485562855,12.415052914,3.970282020,0.019785104
1609060438.878496170,-7.528949607,12.393766932,3.970782988,-7.531473234,12.411586558,3.969007779,0.018084776
1609060438.928888083,-7.582894987,12.389410664,3.968524156,-7.576632246,12.406833874,3.966969318,0.018579765
1609060438.980331182,-7.637221290,12.383469359,3.966931640,-7.665601839,12.398764276,3.964176639,0.032357071
1609060439.027786016,-7.687639228,12.379377979,3.965016943,-7.707291075,12.394991591,3.961538754,0.025339253
1609060439.079364061,-7.741540514,12.372854004,3.963828725,-7.751289662,12.388380796,3.959934558,0.018742778
1609060439.130916119,-7.795532150,12.367526598,3.961587005,-7.794065845,12.382791249,3.958340504,0.015674801
1609060439.180733204,-7.845036218,12.359535726,3.960253174,-7.875076673,12.373313919,3.953378944,0.033756814
1609060439.228211164,-7.893665268,12.353699258,3.958505186,-7.917569324,12.366472171,3.953036174,0.027648893
1609060439.281038046,-7.948064990,12.345023667,3.957357717,-7.961580111,12.360627355,3.953238681,0.021049941
1609060439.327913046,-7.995180818,12.339061792,3.955843905,-8.000543595,12.354232283,3.949211696,0.017403717
1609060439.379565001,-8.046374315,12.329350091,3.951677896,-8.045294231,12.347035470,3.948176705,0.018060940
1609060439.429732084,-8.095891476,12.322146295,3.949722934,-8.131283413,12.331487948,3.943026439,0.037211540
1609060439.481400013,-8.155998337,12.312655689,3.945545052,-8.171640797,12.324674808,3.941007632,0.020241887
1609060439.539367199,-8.215816787,12.303303681,3.943068298,-8.210948653,12.317295637,3.939783229,0.015174493
1609060439.587499142,-8.268788732,12.292042558,3.940499984,-8.295865819,12.298561476,3.935850767,0.028236149
1609060439.636876106,-8.320617021,12.282878471,3.938560140,-8.336077537,12.291228436,3.935433471,0.017847283
1609060439.681042194,-8.360655034,12.270441825,3.937830041,-8.375908248,12.282761801,3.932798673,0.020242456
1609060439.728736162,-8.409666323,12.257210230,3.936636228,-8.419225850,12.273483739,3.931960094,0.019444225
1609060439.779679060,-8.461370401,12.245875477,3.934305337,-8.462383077,12.262436265,3.928975334,0.017426823
1609060439.829038143,-8.511258632,12.234386844,3.930542456,-8.500990989,12.254341121,3.926803516,0.022750326
1609060439.881503105,-8.563760835,12.221305213,3.925272779,-8.582608321,12.235360108,3.921152984,0.023869238
1609060439.928616047,-8.609086805,12.210892917,3.921800165,-8.622909806,12.225190384,3.918054688,0.020236639
1609060439.981040001,-8.658096334,12.199497836,3.918849886,-8.660759815,12.215863294,3.915188485,0.016980229
1609060440.027599096,-8.701730569,12.189380432,3.915188392,-8.696939363,12.207971560,3.912146497,0.019438076
1609060440.081411123,-8.750724390,12.176674094,3.910638528,-8.738863665,12.196639608,3.908858414,0.023290929
1609060440.128535032,-8.794014749,12.166601218,3.907196803,-8.813828547,12.177357898,3.902314139,0.023068012
1609060440.180097103,-8.839280802,12.154706014,3.903654972,-8.850008172,12.168000287,3.899035348,0.017696188
1609060440.225985050,-8.879282568,12.144802038,3.899909416,-8.886977064,12.158726090,3.896991513,0.016174011
1609060440.279961109,-8.925748139,12.132058552,3.892674354,-8.925069388,12.147628443,3.891517700,0.015627542
1609060440.329184055,-8.966570466,12.122283351,3.887726335,-8.996413908,12.127530086,3.883895431,0.030542349
1609060440.378593206,-9.007238070,12.108566924,3.886933592,-9.032391001,12.116843850,3.880848000,0.027170055
1609060440.426942110,-9.045818624,12.098478494,3.883005257,-9.066610822,12.107626023,3.877096535,0.023471382
1609060440.478640079,-9.086735500,12.086621922,3.876582270,-9.103255596,12.096308598,3.873741432,0.019360156
1609060440.528146982,-9.125277572,12.075832169,3.872958955,-9.133601345,12.088091923,3.870718158,0.014986925
1609060440.580146074,-9.172518356,12.062953283,3.867246388,-9.203542026,12.067012972,3.864735669,0.031388739
1609060440.629389048,-9.210805781,12.053081742,3.864456469,-9.234939533,12.057256873,3.862197479,0.024596193
1609060440.676387072,-9.249435422,12.040593054,3.860581993,-9.265478887,12.047573466,3.860038250,0.017504701
1609060440.727923155,-9.289251003,12.028880704,3.857518446,-9.294957424,12.038777329,3.857603340,0.011424257
1609060440.786754131,-9.330024328,12.015175188,3.855119598,-9.357044099,12.019582368,3.853618383,0.027417967
1609060440.827316999,-9.359030108,12.005857861,3.853314978,-9.383720641,12.012456027,3.851959003,0.025592906
1609060440.875877142,-9.393682594,11.995269451,3.851475939,-9.412767253,12.003011544,3.851107126,0.020598549
1609060440.931124210,-9.432818635,11.982420477,3.850305419,-9.441970379,11.993686888,3.849869016,0.014521600
1609060440.979609013,-9.466694328,11.971047323,3.850037250,-9.471253918,11.984465138,3.849935816,0.014171729
1609060441.028758049,-9.499645375,11.960283729,3.850644325,-9.525211032,11.967515170,3.850990856,0.026570974
1609060441.129243135,-9.564860024,11.938398653,3.852377179,-9.554205702,11.957531856,3.851012649,0.021942105
1609060441.182025194,-9.597828472,11.926415256,3.852610677,-9.605034982,11.941310439,3.854372272,0.016640417
1609060441.228152037,-9.625898853,11.916794771,3.853187807,-9.631794921,11.931376420,3.854889203,0.015820330
1609060441.280858994,-9.657138628,11.903822641,3.855013954,-9.681577607,11.912874056,3.856352544,0.026095663
1609060441.329025030,-9.685477375,11.893696271,3.856272831,-9.705555112,11.904379323,3.859555278,0.022978633
1609060441.378175020,-9.711904582,11.882644959,3.858355674,-9.730187151,11.894131874,3.860117461,0.021663459
1609060441.428585052,-9.740338473,11.871132084,3.860088785,-9.757245286,11.882557490,3.862368963,0.020532399
1609060441.478903055,-9.768557260,11.857748547,3.863119815,-9.781497512,11.871561057,3.863799913,0.018939326
1609060441.537096977,-9.801190286,11.844208111,3.865984350,-9.831071776,11.849777423,3.867460617,0.030431892
1609060441.583423138,-9.827741146,11.833725999,3.867534373,-9.855486184,11.836962246,3.869696983,0.028016733
1609060441.627671003,-9.852121728,11.822013950,3.870302269,-9.876818269,11.824717799,3.871993626,0.024901619
1609060441.680040121,-9.886318691,11.800245510,3.878919793,-9.900562211,11.809902413,3.873792472,0.017956143
1609060441.728864193,-9.915179424,11.782373051,3.882380670,-9.924873037,11.793486411,3.875541122,0.016255839
1609060441.781987190,-9.946887165,11.760070200,3.883870168,-9.951138609,11.774670770,3.878257984,0.016209504
1609060441.830039978,-9.975750244,11.738799006,3.886995614,-9.998583556,11.736797988,3.882856553,0.023291544
1609060441.894683123,-10.009399249,11.706499436,3.885458405,-10.024627760,11.713203178,3.883309320,0.016776956
1609060441.930989981,-10.032039436,11.686189254,3.888813543,-10.049610093,11.689545831,3.885560810,0.018181718
1609060441.978468180,-10.060547986,11.659508752,3.891465910,-10.073495403,11.665859356,3.887333235,0.015001493
1609060442.026913166,-10.090259917,11.628463600,3.893848153,-10.098497308,11.638895118,3.889518407,0.013979194
1609060442.082087994,-10.124367459,11.591479741,3.896029151,-10.125765232,11.608507917,3.891542420,0.017664748
1609060442.129801989,-10.153016277,11.555928171,3.898407862,-10.174657646,11.547086709,3.895820386,0.023520531
1609060442.180477142,-10.182240862,11.516181426,3.901128092,-10.198155769,11.514079188,3.898209529,0.016316301
1609060442.228999138,-10.212020967,11.474193322,3.905112932,-10.225802445,11.476279163,3.901329104,0.014442895
1609060442.280194044,-10.242830555,11.427645148,3.910308016,-10.252962325,11.436877277,3.904898019,0.014736114
1609060442.330140114,-10.273744680,11.379204690,3.914066959,-10.276869282,11.396752684,3.908882968,0.018562570
1609060442.380113125,-10.303856373,11.328375524,3.918438801,-10.328019975,11.309389666,3.915054584,0.030915941
1609060442.429234982,-10.333777947,11.275273206,3.922987575,-10.355793422,11.261056678,3.918665363,0.026560729
1609060442.480772018,-10.363747911,11.218164521,3.929215666,-10.378909022,11.215222607,3.922996779,0.016648984
1609060442.528684139,-10.391887843,11.162696171,3.934740125,-10.403611974,11.165830751,3.927382289,0.014192202
1609060442.580502987,-10.420401208,11.101492165,3.938937297,-10.426366943,11.117451548,3.931767976,0.018484888
1609060442.628773212,-10.447417241,11.042422221,3.944390987,-10.475658597,11.010039092,3.941398524,0.043071987
1609060442.681797981,-10.474541864,10.978252685,3.948757332,-10.499406344,10.957387914,3.946288858,0.032552640
1609060442.728772163,-10.498955820,10.919893892,3.954099299,-10.522223912,10.903445191,3.951238587,0.028638218
1609060442.780261040,-10.530272951,10.842469022,3.959452894,-10.545953130,10.846012357,3.957340473,0.016213746
1609060442.829646111,-10.555780898,10.775159209,3.965417352,-10.567463445,10.790472819,3.963111508,0.019398594
1609060442.881582022,-10.585112820,10.700327372,3.974762348,-10.610120844,10.674202404,3.974890712,0.036165338
1609060442.927739143,-10.608391169,10.634778176,3.980907003,-10.630486107,10.615388554,3.982863305,0.029461344
1609060442.978944063,-10.632867349,10.567309978,3.991456163,-10.650354777,10.557483356,3.988765973,0.020238819
1609060443.029739141,-10.656224770,10.495033850,3.999858778,-10.667640179,10.501225844,3.996540108,0.013403952
1609060443.082411051,-10.679732239,10.420536941,4.009541409,-10.703222800,10.388260227,4.012055141,0.039998894
1609060443.127682209,-10.698699447,10.357323820,4.018903843,-10.719061465,10.333461905,4.020962599,0.031436305
1609060443.179086208,-10.718611994,10.287601599,4.030360775,-10.734504564,10.276022144,4.030612916,0.019665227
1609060443.228727102,-10.736759151,10.220601425,4.040631933,-10.747671477,10.223435635,4.039856132,0.011301038
1609060443.281817198,-10.755273278,10.151460559,4.050485811,-10.761300619,10.169887328,4.049017210,0.019443031
1609060443.328857183,-10.770086837,10.091006755,4.060252064,-10.787473434,10.060306800,4.067649139,0.036048547
1609060443.380503178,-10.785074716,10.026772638,4.071013473,-10.799230244,10.005679393,4.077120370,0.026126579
1609060443.427570105,-10.797349684,9.968109242,4.080688343,-10.809462319,9.951704572,4.086682739,0.021254691
1609060443.482220173,-10.807571936,9.900033160,4.089853278,-10.819844471,9.897426469,4.095459523,0.013741904
1609060443.528699160,-10.816608946,9.844319088,4.098878235,-10.828028378,9.845254000,4.103926195,0.012520358
1609060443.588477135,-10.827521464,9.775905160,4.115325901,-10.843211467,9.745925654,4.120020807,0.034161222
1609060443.632436991,-10.833632653,9.725399052,4.124519042,-10.850036836,9.697952827,4.128303564,0.032198061
1609060443.679489136,-10.840536339,9.671507756,4.131407358,-10.854300629,9.651834597,4.135414555,0.024342277
1609060443.728943110,-10.845737176,9.615749234,4.140737873,-10.858134278,9.604181995,4.144060026,0.017277901
1609060443.781625986,-10.851371453,9.560072710,4.151984283,-10.862472214,9.556853065,4.151824761,0.011559345
1609060443.830082178,-10.854625416,9.508940162,4.160969371,-10.867187144,9.463810251,4.166983835,0.047230071
1609060443.879235983,-10.859788663,9.450368389,4.169137559,-10.869194680,9.421396587,4.174246267,0.030885876
1609060443.928887129,-10.861590706,9.397522517,4.178829858,-10.870814716,9.377569491,4.183476393,0.022467663
1609060443.980231047,-10.862357338,9.343546705,4.187537478,-10.872353538,9.334617832,4.190146337,0.013654850
1609060444.029864073,-10.862070943,9.292927223,4.196473372,-10.871406638,9.291868606,4.197081334,0.009415173
1609060444.080605030,-10.861039814,9.245239719,4.206266568,-10.869179195,9.251399366,4.203475239,0.010582169
1609060444.129366159,-10.858709635,9.197317876,4.214562157,-10.866086532,9.171810422,4.216538048,0.026626171
1609060444.179435015,-10.855748881,9.149583210,4.222327261,-10.863028584,9.136099469,4.222592110,0.015325648
1609060444.228093147,-10.851995954,9.103265263,4.229958957,-10.859069624,9.101361487,4.229006775,0.007387003
1609060444.281483173,-10.848091196,9.056111320,4.238382626,-10.856393835,9.065777780,4.235223115,0.013128471
1609060444.331593037,-10.842593283,9.011128781,4.246572555,-10.846400506,8.990729536,4.248414762,0.020833096
1609060444.387536049,-10.835811739,8.962037682,4.254800249,-10.841249659,8.957035231,4.255177032,0.007398476
1609060444.432651043,-10.829990465,8.926086221,4.261546714,-10.837198822,8.921121633,4.260066668,0.008876828
1609060444.485102177,-10.822951756,8.885333142,4.269055937,-10.831979040,8.887524035,4.265475358,0.009955522
1609060444.534483194,-10.815835749,8.847937545,4.275566023,-10.825267407,8.856433118,4.271192556,0.013426025
1609060444.581612110,-10.810398512,8.814775141,4.280978247,-10.818583687,8.825321304,4.276551078,0.014064795
1609060444.630171061,-10.802107804,8.780907643,4.286610303,-10.805344289,8.766356835,4.285877199,0.014924419
1609060444.679744005,-10.792916390,8.749581363,4.288174546,-10.796832994,8.738668140,4.289594244,0.011681343
1609060444.729159117,-10.783560857,8.718487273,4.292371012,-10.788703236,8.710844542,4.293437971,0.009273285
1609060444.780722141,-10.776010399,8.687646681,4.300807058,-10.780894572,8.683689217,4.298414013,0.006726316
1609060444.830566168,-10.766826717,8.659512389,4.305409603,-10.772921298,8.658979272,4.301243259,0.007401794
1609060444.881223202,-10.757682884,8.632742223,4.310515910,-10.764651357,8.634372535,4.303689530,0.009890248
1609060444.930093050,-10.747765260,8.606079502,4.314160236,-10.748383022,8.588583374,4.309470633,0.018124252
1609060444.979432106,-10.737222507,8.579471130,4.311277063,-10.740321411,8.568639370,4.311621949,0.011271610
1609060445.028347015,-10.727547541,8.557074047,4.312662476,-10.731888316,8.547615868,4.314027655,0.010495865
1609060445.081011057,-10.718028033,8.533312598,4.313877362,-10.723676192,8.528563541,4.315716224,0.007605041
1609060445.129235029,-10.709013201,8.515259850,4.314758507,-10.716229643,8.513025182,4.315118523,0.007563093
1609060445.181812048,-10.701094185,8.498780416,4.321303472,-10.709005259,8.498945440,4.318408096,0.008425884
1609060445.228995085,-10.692492047,8.484764285,4.323550028,-10.695886965,8.475247390,4.317602439,0.011724785
1609060445.280653000,-10.684618608,8.472818105,4.324369042,-10.690046770,8.466669802,4.319224186,0.009681741
1609060445.329303980,-10.678361703,8.465233229,4.324191774,-10.684549583,8.460829567,4.318412402,0.009543754
1609060445.380624056,-10.673441918,8.461763943,4.323193143,-10.681217311,8.456423056,4.317563977,0.010984959
1609060445.430977106,-10.670355763,8.460801065,4.323014988,-10.678549465,8.454829020,4.315612931,0.012553586
1609060445.480096102,-10.669654459,8.464093679,4.322825725,-10.673994686,8.461780235,4.314207553,0.009922826
1609060445.528472185,-10.668976772,8.470389463,4.321852215,-10.674643132,8.468412485,4.312531232,0.011085883
1609060445.578977108,-10.670691518,8.478841659,4.320313945,-10.677512965,8.477178500,4.311037311,0.011634181
1609060445.621975183,-10.675281817,8.489691870,4.318963966,-10.684246471,8.487676918,4.308965039,0.013579528
1609060445.681045055,-10.690401303,8.506994006,4.315148431,-10.695299766,8.500391912,4.306086232,0.012235441
1609060445.731163979,-10.707960092,8.525208107,4.312346932,-10.708852575,8.515727215,4.305406082,0.011783855
1609060445.780709028,-10.728389631,8.543884556,4.309918859,-10.746134887,8.551189793,4.298670423,0.022243828
1609060445.828881025,-10.751717366,8.566085212,4.307320718,-10.768350377,8.572258392,4.297093013,0.020478553
1609060445.880499125,-10.777988490,8.590779189,4.305378902,-10.792578377,8.594063050,4.295049427,0.018175439
1609060445.927330017,-10.806876326,8.616828641,4.303406268,-10.820810407,8.619531360,4.293308938,0.017418937
1609060445.979900122,-10.841502293,8.645936017,4.303757606,-10.851604961,8.647640999,4.292093570,0.015524838
1609060446.029411077,-10.877656628,8.676234959,4.303410281,-10.881415610,8.672701561,4.291343696,0.013123160
1609060446.081185102,-10.925718206,8.710955921,4.314908188,-10.953772397,8.730169906,4.289711959,0.042320973
1609060446.131128073,-10.971660344,8.743876493,4.317013625,-10.993791774,8.759870618,4.288977784,0.039135924
1609060446.178665161,-11.021416836,8.777409324,4.309459866,-11.034327798,8.788470947,4.287095344,0.028093136
1609060446.228984118,-11.074211483,8.812346153,4.308305998,-11.079141575,8.819246099,4.287660674,0.022319151
1609060446.281457186,-11.127594280,8.848682590,4.289406588,-11.124886805,8.846997117,4.286385387,0.004393051
1609060446.328745127,-11.182951760,8.879737242,4.287516102,-11.219196782,8.902671747,4.281085219,0.043371066
1609060446.380972147,-11.245374211,8.913383699,4.283297617,-11.264809517,8.929133632,4.278986669,0.025384559
1609060446.428580046,-11.302292988,8.944212654,4.278591260,-11.316683974,8.957496139,4.275969685,0.019759152
1609060446.480714083,-11.365084917,8.979390477,4.272561390,-11.368412785,8.985004158,4.272898092,0.006534638
1609060446.528998137,-11.422498665,9.009934603,4.268338745,-11.419630348,9.013818649,4.270494245,0.005287649
1609060446.580425978,-11.480600691,9.042067570,4.264499722,-11.516659526,9.068718983,4.262173499,0.044899317
1609060446.628514051,-11.532854532,9.071800154,4.259131989,-11.563119600,9.095208820,4.257390994,0.038301058
1609060446.680069208,-11.587698889,9.103003921,4.253598150,-11.606448684,9.121007864,4.252498149,0.026017433
1609060446.731581211,-11.640752726,9.133953192,4.247432973,-11.649330588,9.148314080,4.248202018,0.016745335
1609060446.780048132,-11.689200089,9.164014922,4.248268060,-11.692640834,9.174227111,4.243259145,0.011883466
1609060446.829411983,-11.735706318,9.192120369,4.243773645,-11.735750319,9.199356664,4.239086918,0.008621561
1609060446.880906105,-11.784222132,9.223553417,4.235904124,-11.817039114,9.251696887,4.229726058,0.043671246
1609060446.930359125,-11.826007541,9.252259728,4.231105570,-11.854441348,9.276882011,4.224579134,0.038175026
1609060446.979737997,-11.867025476,9.279810276,4.219477147,-11.890800431,9.302618882,4.220096648,0.032952462
1609060447.028401136,-11.905980223,9.310146030,4.214367007,-11.925569533,9.330045440,4.215541429,0.027948289
1609060447.082936049,-11.946668812,9.343080705,4.213523901,-11.955594171,9.355604054,4.210560634,0.015661331
1609060447.130169153,-11.975717215,9.370703025,4.208819574,-12.007855030,9.405438105,4.201178190,0.047934911
1609060447.180736065,-12.006489411,9.403589625,4.202173848,-12.030735744,9.430845558,4.196537362,0.036912606
1609060447.229449034,-12.030598180,9.432607850,4.196733643,-12.051658063,9.455754064,4.192369416,0.031596081
1609060447.281094074,-12.057314175,9.465979699,4.189720367,-12.071835642,9.481591532,4.188326726,0.021366904
1609060447.330182076,-12.079132691,9.495687804,4.184718860,-12.091152186,9.506412782,4.185498864,0.016127672
1609060447.375482082,-12.099222167,9.523223630,4.182501457,-12.123978913,9.556675436,4.177846500,0.041875870
1609060447.423263073,-12.116886406,9.553362462,4.180500453,-12.137752105,9.582668600,4.176404410,0.036207798
1609060447.477159977,-12.133885134,9.588249828,4.177749122,-12.148720240,9.606702616,4.172307402,0.024293993
1609060447.528703213,-12.147923234,9.620860714,4.173264031,-12.159652369,9.633535533,4.167288206,0.018273864
1609060447.581300020,-12.161352177,9.653151539,4.167333139,-12.168241861,9.657991014,4.164941006,0.008752745
1609060447.628663063,-12.172064211,9.683647580,4.163293830,-12.184239516,9.708765045,4.159338568,0.028191650
1609060447.681246996,-12.183020196,9.718630557,4.159313802,-12.190399582,9.733236365,4.155138946,0.016888292
1609060447.728794098,-12.190109836,9.748570529,4.155052815,-12.197005013,9.759302400,4.151966027,0.013124206
1609060447.778280020,-12.195537343,9.778352939,4.149956074,-12.201710420,9.787162588,4.149457900,0.010768703
1609060447.830143213,-12.201280466,9.811934982,4.145877098,-12.205603751,9.813767714,4.144889103,0.004798524
1609060447.882296085,-12.207873613,9.847210164,4.145438400,-12.215940604,9.871106439,4.139471222,0.025917475
1609060447.928719997,-12.213038227,9.879257188,4.142264499,-12.219605768,9.898439333,4.134570997,0.021685877
1609060447.979175091,-12.220235176,9.914362955,4.131542662,-12.225640223,9.926629612,4.131997840,0.013412404
1609060448.028673172,-12.226763718,9.946677842,4.126658547,-12.231086071,9.951969307,4.130260604,0.007723804
1609060448.081704140,-12.235661668,9.980540613,4.122259187,-12.239608534,9.980692273,4.125477221,0.005094751
1609060448.130548000,-12.245221251,10.014843600,4.117955681,-12.254955532,10.037082020,4.121273354,0.024501235
1609060448.182169199,-12.256640561,10.048173030,4.121924589,-12.264050884,10.064378203,4.119192763,0.018027296
1609060448.228177071,-12.266236234,10.077524087,4.119826281,-12.272376535,10.093256339,4.116382381,0.017235646
1609060448.279637098,-12.278785951,10.112936240,4.115999485,-12.283666020,10.121992820,4.114404987,0.010410530
1609060448.330150127,-12.292299732,10.144964016,4.114021574,-12.295017452,10.148043479,4.113725377,0.004117868
1609060448.380889177,-12.310022162,10.180824470,4.113139613,-12.322679614,10.203464141,4.112076686,0.025959499
1609060448.430328131,-12.328648538,10.215082656,4.112815643,-12.339148587,10.232592940,4.111562189,0.020455615
1609060448.481029034,-12.347972188,10.252315292,4.111661177,-12.355979273,10.260904486,4.111095664,0.011756168
1609060448.528560162,-12.367704600,10.283831247,4.115498253,-12.373568396,10.290064334,4.112586442,0.009039586
1609060448.582046986,-12.392013396,10.319770550,4.117087952,-12.392242588,10.315744240,4.112371686,0.006205390
1609060448.629378080,-12.414019736,10.350281018,4.116591309,-12.432918091,10.369737257,4.114337638,0.027217129
1609060448.682945013,-12.440307832,10.384774070,4.114877066,-12.454346120,10.396261479,4.115780236,0.018161768
1609060448.728159189,-12.463790383,10.413443035,4.116296903,-12.475441418,10.421038557,4.116403035,0.013908624
1609060448.781961203,-12.493996054,10.445973456,4.118790392,-12.500005318,10.446947196,4.118883325,0.006088354
1609060448.830974102,-12.522646942,10.474033334,4.120481160,-12.523574585,10.470061022,4.120193754,0.004089302
1609060448.882435083,-12.553014249,10.501889236,4.122369090,-12.572886452,10.515109288,4.121854327,0.023873400
1609060448.929800034,-12.580925709,10.527726937,4.124173618,-12.599425823,10.538243207,4.123723934,0.021284933
1609060448.980499029,-12.612607830,10.554048517,4.127022809,-12.624608681,10.559193484,4.124953707,0.013220147
1609060449.029496193,-12.642914594,10.578291503,4.129207853,-12.652554709,10.583523525,4.126282791,0.011351735
1609060449.081385136,-12.676791045,10.603082310,4.132538451,-12.682939484,10.604695444,4.128546873,0.007505878
1609060449.129601002,-12.706587834,10.625446155,4.135090294,-12.710736261,10.624208179,4.130713865,0.006155905
1609060449.182257175,-12.739709839,10.649816119,4.141024107,-12.767039277,10.663093965,4.135610724,0.030862665
1609060449.229597092,-12.770082749,10.669162237,4.144165463,-12.792593344,10.680557555,4.136993587,0.026230059
1609060449.281344175,-12.805677839,10.689635517,4.143223243,-12.821144240,10.697588871,4.138063289,0.018140852
1609060449.328800201,-12.836529714,10.708024136,4.145974178,-12.850144373,10.716092455,4.141037690,0.016577865
1609060449.380174160,-12.876073652,10.727875731,4.151342410,-12.881815983,10.733346003,4.142872568,0.011603295
1609060449.429436207,-12.911269935,10.745456450,4.154210643,-12.912384404,10.748204934,4.144857782,0.009811841
1609060449.481356144,-12.949197640,10.765180589,4.153544129,-12.971840194,10.776922984,4.147379562,0.026240636
1609060449.530636072,-12.983480391,10.780179773,4.155449304,-13.001146482,10.790040247,4.148723499,0.021320323
1609060449.580252171,-13.016459225,10.795592524,4.153744484,-13.029499540,10.801588080,4.149456160,0.014979527
1609060449.629147053,-13.050574843,10.808637686,4.154849436,-13.057782111,10.814609535,4.150434557,0.010348857
1609060449.680668116,-13.086860854,10.822869138,4.155025147,-13.088774447,10.824323268,4.151041214,0.004652746
1609060449.730679035,-13.122345900,10.834748379,4.154492428,-13.115796077,10.835964348,4.151233898,0.007415981
1609060449.780331135,-13.158793336,10.845330155,4.153810410,-13.177453511,10.853978993,4.151955481,0.020650552
1609060449.829497099,-13.193008648,10.855812570,4.153516951,-13.207514554,10.862970596,4.152216333,0.016228070
1609060449.881090164,-13.227725015,10.866897159,4.153825736,-13.237319647,10.870305895,4.152932812,0.010221240
1609060449.932608128,-13.263644211,10.875560651,4.153122348,-13.269759377,10.877400723,4.152277593,0.006441641
1609060449.981177092,-13.297367639,10.882759781,4.152658025,-13.302207454,10.884130604,4.152990028,0.005041150
1609060450.029534101,-13.331244115,10.888339889,4.153871638,-13.331559016,10.889898523,4.153208877,0.001722717
1609060450.083388090,-13.369642624,10.893427031,4.156938073,-13.394222629,10.896181438,4.154714288,0.024833619
1609060450.135148048,-13.406463247,10.897061047,4.157735996,-13.424725471,10.898459132,4.153499124,0.018799324
1609060450.181058168,-13.439519735,10.899565478,4.154297089,-13.453131565,10.901180662,4.155647510,0.013773684
1609060450.228619099,-13.473622077,10.901063972,4.155019658,-13.485855793,10.901615493,4.156144239,0.012297669
1609060450.282606125,-13.513477999,10.905760467,4.162244325,-13.518695374,10.903315601,4.156738835,0.007969240
1609060450.330546141,-13.549899027,10.908090429,4.164916649,-13.581498267,10.907478475,4.156779562,0.032635849
1609060450.379955053,-13.585935365,10.908647416,4.163208004,-13.611913175,10.907490066,4.160075553,0.026191570
1609060450.428682089,-13.620081265,10.908616580,4.164857054,-13.644110414,10.907383925,4.160692907,0.024418427
1609060450.482573032,-13.664185543,10.912180651,4.165137277,-13.676141387,10.908629688,4.160553072,0.013287832
1609060450.531778097,-13.702836780,10.913464999,4.165444087,-13.710102204,10.909696283,4.161543229,0.009066769
1609060450.581305027,-13.746805922,10.914561353,4.163959597,-13.782273074,10.909636588,4.162177724,0.035851740
1609060450.629453182,-13.786569159,10.914866704,4.164504451,-13.817640933,10.911812412,4.164140068,0.031223655
1609060450.681060076,-13.834005971,10.920541160,4.167495986,-13.855848101,10.915112950,4.165378286,0.022605945
1609060450.728013039,-13.876272988,10.924579863,4.169582838,-13.894317255,10.917821763,4.165572428,0.019681232
1609060450.781613111,-13.926071528,10.932534303,4.171488473,-13.933096969,10.924568179,4.168173111,0.011126885
1609060450.828855038,-13.969227715,10.940211970,4.172711287,-13.970779122,10.930731312,4.166718219,0.011322836
1609060450.881541014,-14.017486965,10.951240399,4.173283352,-14.053824496,10.949161480,4.169715153,0.036571438
1609060450.930435181,-14.064993066,10.963940244,4.176121988,-14.093313337,10.960139577,4.170801788,0.029065225
1609060450.980435133,-14.114397670,10.979316157,4.179927213,-14.133494858,10.973869229,4.168965540,0.022683251
1609060451.032390118,-14.167067494,10.998551469,4.179184986,-14.177736031,10.990678875,4.170095946,0.016075014
1609060451.090063095,-14.225208650,11.020699066,4.178900794,-14.269042677,11.026748210,4.173653960,0.044559436
1609060451.134982109,-14.271265880,11.040901445,4.179181941,-14.312831816,11.046805931,4.173356386,0.042385459
1609060451.179135084,-14.318484226,11.061806566,4.172429622,-14.354738938,11.068656401,4.175284457,0.037006411
1609060451.228018999,-14.370039218,11.088450324,4.172470910,-14.400201626,11.091950462,4.176851653,0.030679191
1609060451.280712128,-14.425645052,11.113521197,4.177873317,-14.446085861,11.114829169,4.178296050,0.020486976
1609060451.330120087,-14.478055165,11.141966383,4.178249427,-14.490253687,11.139446243,4.179780274,0.012549842
1609060451.380979061,-14.532369557,11.171011954,4.183959723,-14.534993030,11.165670777,4.180257504,0.007008367
1609060451.428116083,-14.579090401,11.195838256,4.184916824,-14.621078292,11.215528269,4.183157972,0.046408762
1609060451.479802132,-14.631904303,11.226930401,4.185475851,-14.660264882,11.239860405,4.182926150,0.031273126
1609060451.530027151,-14.682581820,11.256533317,4.185254614,-14.707257889,11.269393241,4.183770822,0.027865529
1609060451.579686165,-14.736118239,11.286709926,4.185927586,-14.755177788,11.298785816,4.183758358,0.022667136
1609060451.630514145,-14.786821214,11.315885999,4.185283157,-14.795506789,11.323102111,4.182418996,0.011649673
1609060451.684009075,-14.841065652,11.350919632,4.185943154,-14.876474146,11.375267089,4.181839396,0.043167128
1609060451.728813171,-14.882937504,11.375556360,4.185572788,-14.913363349,11.397416207,4.181518496,0.037683183
1609060451.780947208,-14.930291956,11.405361922,4.182444852,-14.950218181,11.419476056,4.181270781,0.024446711
1609060451.828563213,-14.971220944,11.429868745,4.180988507,-14.983707903,11.439773782,4.180938636,0.015938519
1609060451.881102085,-15.013656698,11.454648637,4.180184528,-15.017127016,11.459528257,4.180442560,0.005993361
1609060451.930507183,-15.050368985,11.475183294,4.180197432,-15.077968808,11.492242523,4.179537506,0.032453089
1609060451.979911089,-15.085158452,11.494496811,4.180750264,-15.104692095,11.506758629,4.179124941,0.023120490
1609060452.030478001,-15.117784195,11.511508339,4.179884057,-15.132041879,11.520645398,4.178869324,0.016964583
1609060452.079850197,-15.147810220,11.527094946,4.179155990,-15.157452685,11.532543745,4.178256272,0.011111977
1609060452.141802073,-15.185525085,11.546080488,4.179807000,-15.182997355,11.544575081,4.177997091,0.003454192
1609060452.179795027,-15.207034001,11.556626525,4.180311663,-15.228089147,11.565679584,4.178021932,0.023033018
1609060452.229011059,-15.232709000,11.568313568,4.181258931,-15.249951686,11.573836163,4.178290366,0.018347253
1609060452.279659033,-15.256637487,11.578285893,4.179431438,-15.269802345,11.581464387,4.178299905,0.013590316
1609060452.328589201,-15.277743778,11.585991926,4.179979725,-15.289020485,11.588111444,4.179472105,0.011485389
1609060452.381144047,-15.301203069,11.595358131,4.179115652,-15.307897717,11.594071406,4.180569180,0.006970417
1609060452.430617094,-15.321474112,11.602578911,4.180097212,-15.343051780,11.604933488,4.181016165,0.021725199
1609060452.479754210,-15.342981341,11.607322492,4.181684071,-15.361310564,11.610027707,4.183685538,0.018635570
1609060452.529028177,-15.362381808,11.613511733,4.183643677,-15.378972753,11.614796867,4.186707954,0.016920426
1609060452.579004049,-15.382722097,11.619582431,4.189049926,-15.395855737,11.619722366,4.188574433,0.013142989
1609060452.630564213,-15.403884659,11.625324062,4.192325822,-15.414360477,11.624633989,4.191786932,0.010512344
1609060452.681979179,-15.428917683,11.633891924,4.191611662,-15.432051889,11.628544138,4.193135324,0.006383073
1609060452.729056120,-15.449264866,11.639057343,4.194768184,-15.469769155,11.639381424,4.201674956,0.021638724
1609060452.779504061,-15.474026533,11.645945031,4.200594423,-15.488116577,11.643879426,4.205757500,0.015147720
1609060452.830963135,-15.498438503,11.653135947,4.206119475,-15.509062661,11.649362499,4.209759100,0.011847301
1609060452.880644083,-15.523519125,11.661008106,4.213288997,-15.528778960,11.654603117,4.213521439,0.008291187
1609060452.931265116,-15.549821093,11.667483607,4.221192119,-15.571133702,11.666036633,4.224265380,0.021581611
1609060452.979619980,-15.574599297,11.673777014,4.227238829,-15.592154262,11.671047268,4.228759555,0.017830898
1609060453.028874159,-15.601065735,11.681025193,4.233562663,-15.614782549,11.678399776,4.234691544,0.014011359
1609060453.081588984,-15.631402342,11.689639980,4.240295859,-15.637368339,11.685097509,4.238526268,0.007704454
1609060453.129861116,-15.659526825,11.699200418,4.245327210,-15.662925472,11.692032076,4.244768319,0.007952880
1609060453.181578159,-15.690338171,11.709208264,4.250088186,-15.714336895,11.711202479,4.255513575,0.024685025
1609060453.228747129,-15.719607370,11.718966037,4.255978650,-15.740681646,11.720629227,4.261099146,0.021751111
1609060453.280352116,-15.753334001,11.731138132,4.262655053,-15.768381796,11.729234108,4.266986352,0.015774080
1609060453.330042124,-15.785503017,11.742473563,4.269403309,-15.796162682,11.738440477,4.272444573,0.011795911
1609060453.383922100,-15.818558957,11.754897445,4.276326358,-15.821796327,11.748079227,4.279367836,0.008137521
1609060453.429046154,-15.847035428,11.765052195,4.282598991,-15.876571447,11.766226052,4.287474839,0.029958776
1609060453.481620073,-15.880830720,11.776498099,4.291133238,-15.904351310,11.775736265,4.298611467,0.024692559
1609060453.530162096,-15.910479802,11.786671714,4.297634125,-15.930894707,11.787284551,4.303854233,0.021350261
1609060453.580815077,-15.943110284,11.797863087,4.301128791,-15.958363550,11.796486472,4.308190326,0.016864830
1609060453.629384041,-15.973082458,11.808286241,4.307093611,-15.986488409,11.806501419,4.315149195,0.015741587
1609060453.682363987,-16.006101629,11.819643216,4.317588860,-16.013924670,11.816059434,4.322242293,0.009782530
1609060453.732746124,-16.036258230,11.829708666,4.324452816,-16.040033231,11.824962814,4.327118496,0.006624168
1609060453.780745029,-16.068009116,11.839229348,4.331318021,-16.090585540,11.841230891,4.339523508,0.024104587
1609060453.828164101,-16.095208846,11.847583677,4.338417261,-16.113119661,11.848882228,4.346129680,0.019543923
1609060453.880906105,-16.126643831,11.857450283,4.345736538,-16.136748990,11.856985522,4.352048164,0.011923375
1609060453.931298018,-16.154901746,11.863859754,4.354017915,-16.162288919,11.862648268,4.359047990,0.009018851
1609060453.980770111,-16.181161185,11.868755581,4.363682214,-16.205893276,11.872385300,4.372850172,0.026625226
1609060454.029380083,-16.207146947,11.872921404,4.370241052,-16.226330925,11.875060733,4.378820884,0.021123808
1609060454.081245184,-16.232422575,11.876056948,4.378315789,-16.244493816,11.876505886,4.384554122,0.013595338
1609060454.129816055,-16.253829527,11.876961639,4.386664178,-16.262505686,11.877192280,4.390092535,0.009331804
1609060454.181892157,-16.275544379,11.876000158,4.396640799,-16.279026159,11.876745015,4.396135982,0.003596171
1609060454.230159998,-16.293758906,11.873670469,4.402573220,-16.311902462,11.871299927,4.407340676,0.018908642
1609060454.280667067,-16.311927611,11.870989322,4.408192917,-16.325084084,11.869477109,4.412352823,0.013881080
1609060454.327840090,-16.327720978,11.868076272,4.414998297,-16.338319818,11.867320173,4.417771121,0.010981606
1609060454.380474091,-16.345442550,11.865925126,4.422028264,-16.352058222,11.863918699,4.423283675,0.007026302
1609060454.430658102,-16.359877528,11.860375571,4.429055106,-16.364199007,11.859026064,4.428745014,0.004537896
1609060454.483566999,-16.374403876,11.854242116,4.436375788,-16.387558412,11.846547505,4.439052163,0.015472939
1609060454.531413078,-16.386737585,11.846599219,4.443038303,-16.398453520,11.838850004,4.443082946,0.014046902
1609060454.578727007,-16.398707323,11.839496681,4.444740095,-16.407805552,11.830139144,4.447844058,0.013415508
1609060454.627688169,-16.407064485,11.828698731,4.450628812,-16.415417812,11.821380331,4.454084266,0.011630873
1609060454.680584192,-16.416885797,11.815927638,4.453416641,-16.423564531,11.810056218,4.458538233,0.010262055
1609060454.731364012,-16.424628942,11.802756665,4.459310433,-16.430576477,11.797607045,4.462358244,0.008436877
1609060454.781885147,-16.432028073,11.788919463,4.466593922,-16.441101018,11.772282692,4.473168483,0.020058049
1609060454.831376076,-16.436852451,11.773088548,4.472258950,-16.445576225,11.758235358,4.480034833,0.018899361
1609060454.881854057,-16.440702449,11.754625933,4.479575892,-16.447891870,11.743078402,4.484318096,0.014405615
1609060454.934195042,-16.442850452,11.734622058,4.485650447,-16.449339954,11.728654893,4.488485993,0.009260724
1609060454.985146046,-16.446401173,11.711227301,4.492552331,-16.452291104,11.711356378,4.495191672,0.006455545
1609060455.032769203,-16.446651664,11.689373408,4.498358160,-16.451885256,11.677209674,4.503218143,0.014105543
1609060455.088777065,-16.445307886,11.663153635,4.503188279,-16.450795112,11.658726875,4.507904414,0.008482204
1609060455.134570122,-16.443481581,11.642908100,4.511307853,-16.448764892,11.638146958,4.512902542,0.007288682
1609060455.183914185,-16.440319165,11.617741245,4.516528343,-16.445223275,11.617394316,4.517028021,0.004941694
1609060455.233921051,-16.436107049,11.591045676,4.521067180,-16.441573479,11.597021454,4.521185369,0.008099737
1609060455.281438112,-16.430876128,11.565028503,4.525940791,-16.431255860,11.549690102,4.529829753,0.015828290
1609060455.329286098,-16.423639550,11.537630247,4.531240598,-16.431255808,11.549689206,4.529826815,0.014332644
1609060455.380719185,-16.414807510,11.508591150,4.537113114,-16.415795333,11.500663656,4.540816087,0.008805281
1609060455.428884983,-16.404789396,11.478648318,4.543836517,-16.407432843,11.472806416,4.546400200,0.006905657
1609060455.480583191,-16.393097243,11.445391546,4.551734344,-16.397893514,11.445595310,4.552441449,0.004852395
1609060455.532083988,-16.380736093,11.411790770,4.558426796,-16.388513102,11.417471797,4.558676906,0.009634235
1609060455.580499172,-16.370927630,11.380901085,4.561943470,-16.365968706,11.357033524,4.572077005,0.026399620
1609060455.628786087,-16.357596658,11.347082026,4.568422378,-16.353860533,11.326786666,4.578735111,0.023069737
1609060455.680741072,-16.343619423,11.312019155,4.579321467,-16.340782622,11.296881673,4.586335830,0.016923122
1609060455.731168985,-16.328367570,11.276203091,4.588908676,-16.327714231,11.266051679,4.594105581,0.011423040
1609060455.779289007,-16.313084171,11.243803742,4.598036192,-16.314509837,11.234181419,4.602571278,0.010732596
1609060455.829546213,-16.295565915,11.206773557,4.607951498,-16.299793202,11.202781824,4.610427676,0.006319441
1609060455.880892038,-16.279651676,11.169482059,4.617252654,-16.269110843,11.136057388,4.627673649,0.036563847
1609060455.928446054,-16.262812975,11.134536479,4.626437263,-16.253209242,11.103537868,4.636069117,0.033851413
1609060455.979711056,-16.243608253,11.089394388,4.636951202,-16.238871051,11.071772141,4.644312498,0.019676721
1609060456.029316187,-16.225166299,11.050578856,4.646711116,-16.223415436,11.039899689,4.652542963,0.012293110
1609060456.081103086,-16.204982564,11.009438591,4.659061745,-16.208156652,11.007679533,4.660683008,0.003974621
1609060456.132400036,-16.184160541,10.968562330,4.668814762,-16.191639183,10.975816571,4.668562270,0.010421988
1609060456.179992199,-16.166397080,10.938601363,4.676234753,-16.157796425,10.907496719,4.685450575,0.033561906
1609060456.229928017,-16.146326820,10.897972947,4.683606177,-16.140728603,10.875105786,4.693610322,0.025579875
1609060456.280745983,-16.124970191,10.857120185,4.692283119,-16.123735753,10.841431982,4.701016051,0.017997434
1609060456.328821182,-16.105081895,10.818773814,4.700199287,-16.104808157,10.804810708,4.706757848,0.015429128
1609060456.375164032,-16.086896102,10.782591745,4.707124346,-16.084498735,10.768000893,4.712347292,0.015681821
1609060456.426805019,-16.064608180,10.741324665,4.713379306,-16.066081783,10.734851889,4.717837341,0.007996399
1609060456.485151052,-16.038574740,10.694421363,4.719743553,-16.028463984,10.667867936,4.724941724,0.028884821
1609060456.528421164,-16.018961965,10.660124953,4.724714661,-16.008864522,10.634156633,4.728401650,0.028105264
1609060456.579080105,-15.997175459,10.620418392,4.730790831,-15.990670922,10.602741379,4.732610770,0.018923476
1609060456.627412081,-15.974196878,10.581490273,4.735460955,-15.972014553,10.570677111,4.735667267,0.011033113
1609060456.680670023,-15.950356976,10.539944391,4.740156070,-15.951357619,10.537472364,4.739038063,0.002891738
1609060456.726881981,-15.926898281,10.502466708,4.744234997,-15.911276502,10.472812250,4.743935631,0.033518897
1609060456.779075146,-15.899424076,10.463222711,4.745336730,-15.888008207,10.438981291,4.746652244,0.026827208
1609060456.827740192,-15.872502850,10.424815610,4.748078233,-15.864701641,10.407843630,4.748150770,0.018679192
1609060456.878676176,-15.844882381,10.384575757,4.747885181,-15.844909246,10.374689299,4.749419130,0.010004787
1609060456.929023027,-15.814949124,10.344889963,4.748935861,-15.794618072,10.309735200,4.751027926,0.040664306
1609060456.978980064,-15.788083476,10.309961842,4.753055230,-15.769524894,10.277798990,4.751943189,0.037149787
1609060457.027249098,-15.758011610,10.272690326,4.753821786,-15.742994135,10.244474693,4.751847094,0.032024146
1609060457.078922987,-15.723682623,10.228765430,4.751432937,-15.715706132,10.211430291,4.751787177,0.019085516
1609060457.129274130,-15.688670888,10.188887238,4.750920605,-15.687956111,10.179245100,4.751378746,0.009679443
1609060457.172206163,-15.658836104,10.153110659,4.747888121,-15.658115731,10.146042593,4.750561221,0.007590912
1609060457.221413136,-15.623148152,10.114875360,4.746061541,-15.599416833,10.084237104,4.748321554,0.038819917
1609060457.273039103,-15.584739586,10.079588647,4.742251185,-15.569527710,10.054360553,4.746943220,0.029830741
1609060457.322131157,-15.547397390,10.043736192,4.740744528,-15.534038794,10.020919174,4.745053148,0.026788666
1609060457.371599197,-15.508217858,10.007438774,4.738796049,-15.498056509,9.988150154,4.742591255,0.022129336
1609060457.428241014,-15.461126325,9.966480820,4.735594534,-15.463250915,9.958568815,4.740408152,0.009501823
1609060457.479582071,-15.417865300,9.930397951,4.733314288,-15.396926107,9.904329613,4.735617078,0.033515831
1609060457.528037071,-15.376370415,9.897382187,4.730102064,-15.361904715,9.873572028,4.733535370,0.028070763
1609060457.578487158,-15.333963660,9.864783555,4.727145667,-15.323927748,9.850318176,4.730504218,0.017923353
1609060457.627092123,-15.290209002,9.834163695,4.723483245,-15.288387265,9.824531773,4.728201030,0.010878885
1609060457.679813147,-15.242907768,9.803007025,4.718800240,-15.249872115,9.800057096,4.724672320,0.009575257
1609060457.727046013,-15.198079826,9.774599379,4.715328875,-15.175087915,9.752918041,4.718819197,0.031794508
1609060457.778679132,-15.152813016,9.747529750,4.710698503,-15.134251350,9.728387234,4.716406481,0.027268157
1609060457.827083111,-15.106301854,9.720920471,4.707314168,-15.095036583,9.707495415,4.713090766,0.018452846
1609060457.879731178,-15.057774017,9.693498785,4.708047260,-15.056877904,9.685121436,4.710308076,0.008723204
1609060457.929150105,-15.009432652,9.668011224,4.706005232,-14.973025071,9.643731436,4.704484350,0.043787364
1609060457.979729176,-14.962236580,9.644980869,4.702479703,-14.933762500,9.624220366,4.702403646,0.035238863
1609060458.026831150,-14.915612827,9.622685297,4.700351720,-14.892711920,9.603785413,4.699819938,0.029697474
1609060458.078697205,-14.867888106,9.600608869,4.697488782,-14.850685751,9.584674961,4.697362222,0.023448378
1609060458.137619019,-14.809741670,9.574969243,4.694868026,-14.806188932,9.568063047,4.694107117,0.007803619
1609060458.180298090,-14.762609671,9.553264428,4.693362070,-14.763728855,9.548085407,4.692951004,0.005314490
1609060458.226857185,-14.714587272,9.533746170,4.691873035,-14.679593987,9.513467176,4.688524362,0.040583016
1609060458.276430130,-14.662287157,9.514168462,4.686151811,-14.637982999,9.499937012,4.686689639,0.028169408
1609060458.327916145,-14.607257098,9.494325511,4.683469397,-14.591029902,9.482827091,4.683881660,0.019892348
1609060458.378300190,-14.557105452,9.478168358,4.677632861,-14.544414528,9.465144476,4.681151132,0.018521860
1609060458.428943157,-14.505580118,9.460445498,4.674690558,-14.500511561,9.451156009,4.677758356,0.011017997
1609060458.480785131,-14.451119581,9.442350843,4.670023469,-14.417867952,9.425696358,4.671379646,0.037214001
1609060458.527002096,-14.402707165,9.427394866,4.665559078,-14.374465707,9.412427499,4.667098710,0.031999570
1609060458.579663992,-14.349306272,9.412659029,4.660366969,-14.332550712,9.400114999,4.663915977,0.021229624
1609060458.628001213,-14.299940221,9.398694161,4.656518216,-14.290927671,9.390786726,4.660172111,0.012534136
1609060458.680536985,-14.247537649,9.384816918,4.654330442,-14.248446230,9.378475039,4.656425264,0.006740418
1609060458.733805180,-14.194384493,9.371356147,4.649259359,-14.165542234,9.355061536,4.649115840,0.033127191
1609060458.778982162,-14.149637095,9.359524502,4.645213015,-14.121778656,9.344435045,4.645939506,0.031690884
1609060458.827742100,-14.099862165,9.346662275,4.641265621,-14.081514865,9.334229124,4.641827115,0.022170294
1609060458.879104137,-14.049946585,9.333648300,4.637576150,-14.040624282,9.322846915,4.638355848,0.014289268
1609060458.930878162,-13.997824808,9.320098627,4.633815609,-13.997629350,9.312952424,4.634649096,0.007197299
1609060458.980327129,-13.950480511,9.308917956,4.632335734,-13.912954275,9.292428719,4.628690753,0.041150932
1609060459.026729107,-13.904316207,9.297032220,4.629585303,-13.874373684,9.282950993,4.624899749,0.033418409
1609060459.080546141,-13.854087818,9.285918400,4.627810284,-13.832300750,9.272429398,4.621580870,0.026371103
1609060459.127784014,-13.807138031,9.274134208,4.624515143,-13.787354526,9.264045380,4.617573826,0.023267003
1609060459.181243181,-13.756227348,9.262912747,4.618818586,-13.744319587,9.253481224,4.613787054,0.016002022
1609060459.227688074,-13.710057959,9.251978901,4.615018205,-13.664241669,9.233885836,4.605778938,0.050118415
1609060459.279424191,-13.653879121,9.237368540,4.610058707,-13.622607463,9.225626790,4.602073035,0.034344668
1609060459.328384161,-13.603310146,9.225365573,4.605854221,-13.580473672,9.216612176,4.598149290,0.025641616
1609060459.388609171,-13.540040877,9.212307995,4.600257640,-13.536532121,9.205174913,4.593804835,0.010238697
1609060459.433518171,-13.491524041,9.201727029,4.596564407,-13.493376982,9.196349766,4.589960429,0.008715554
1609060459.486275196,-13.440112843,9.194007436,4.590586130,-13.409527913,9.180518904,4.582862162,0.034307989
1609060459.533322096,-13.393281752,9.184638863,4.585978285,-13.367717740,9.170520362,4.579214058,0.029976750
1609060459.579319000,-13.344256277,9.174604004,4.582031830,-13.325809469,9.161142178,4.576396402,0.023521554
1609060459.627422094,-13.292997456,9.164795955,4.578442827,-13.283693429,9.154927585,4.573967391,0.014282128
1609060459.680034161,-13.239731857,9.155456055,4.575333760,-13.239950782,9.146375315,4.571436840,0.009884016
1609060459.728425026,-13.188409714,9.145775391,4.571561456,-13.153327753,9.129485623,4.566198986,0.039049413
1609060459.779250145,-13.136981268,9.135844488,4.567179204,-13.107856376,9.122257533,4.564577931,0.032243314
1609060459.827799082,-13.085723562,9.127068848,4.563898931,-13.062401589,9.114716482,4.562959683,0.026407908
1609060459.879274130,-13.032836743,9.117957994,4.560557747,-13.018979636,9.106370167,4.560599393,0.018063745
1609060459.927618980,-12.981090697,9.109436250,4.557518720,-12.972395304,9.099800095,4.557925888,0.012985805
1609060459.983558178,-12.922995658,9.100054170,4.555515491,-12.877701363,9.087123260,4.554346828,0.047118440
1609060460.025993109,-12.876799313,9.092888605,4.552827066,-12.835885915,9.078790160,4.552778567,0.043274411
1609060460.077687025,-12.823329649,9.086976728,4.549392680,-12.792757934,9.072175797,4.550619857,0.033988282
1609060460.131011009,-12.764278290,9.079126242,4.546177381,-12.743829666,9.067022551,4.549023320,0.023932090
1609060460.180317163,-12.713121378,9.073022324,4.544300716,-12.697677069,9.062403164,4.548077305,0.019119516
1609060460.228507996,-12.659364741,9.066683659,4.542639653,-12.608208510,9.049923071,4.546428084,0.053965077
1609060460.278956175,-12.605830876,9.059611013,4.544299261,-12.560107199,9.045792253,4.546281530,0.047807344
1609060460.329240084,-12.549560761,9.053426049,4.543690767,-12.512095174,9.041133180,4.546099615,0.039504270
1609060460.378509045,-12.486536603,9.044300147,4.542679180,-12.464203452,9.036152406,4.545371042,0.023924913
1609060460.428874016,-12.426345981,9.038005070,4.542091372,-12.418819552,9.031225254,4.544377065,0.010384480
1609060460.480195045,-12.363656366,9.032361315,4.542968984,-12.320331795,9.023729339,4.545093707,0.044227186
1609060460.526538134,-12.306509389,9.027217909,4.542955319,-12.272813456,9.018982064,4.544770325,0.034735274
1609060460.578445196,-12.249156902,9.025003991,4.541280773,-12.225891787,9.013911162,4.544275166,0.025947694
1609060460.625929117,-12.193079802,9.020798371,4.541756810,-12.179492860,9.011670397,4.543949672,0.016514646
1609060460.680358171,-12.126628788,9.016299069,4.541705730,-12.128949837,9.009682358,4.544934256,0.007719554
1609060460.727480173,-12.068884800,9.013173693,4.541343653,-12.035764900,9.003080532,4.545133176,0.034830449
1609060460.778958082,-12.009337698,9.011059631,4.540229635,-11.984997027,9.000636505,4.545347657,0.026968574
1609060460.828413010,-11.949235306,9.008633757,4.539986884,-11.935488093,8.999456692,4.546147266,0.017639577
1609060460.880685091,-11.888204978,9.006946639,4.539886567,-11.888334369,8.998749550,4.545921481,0.010179842
1609060460.929251194,-11.831371694,9.005285658,4.541784073,-11.792142997,8.995483228,4.547982001,0.040907122
1609060460.978983164,-11.775070976,9.003838220,4.545201601,-11.742670188,8.995525958,4.550137293,0.033812214
1609060461.027152061,-11.716866280,9.002996634,4.547695268,-11.693399797,8.994243896,4.553348213,0.025675708
1609060461.079848051,-11.657200486,9.003820014,4.550944760,-11.645428207,8.992801260,4.555419568,0.016733899
1609060461.127817154,-11.599669364,9.004067640,4.553971825,-11.599227557,8.992951808,4.557512231,0.011674391
1609060461.179355145,-11.542632975,9.003712634,4.557336679,-11.497081332,8.995387205,4.563185410,0.046674111
1609060461.226543188,-11.486254936,9.004651497,4.560407462,-11.450138308,8.995223896,4.566043509,0.037749907
1609060461.278989077,-11.428896909,9.007330832,4.564703325,-11.401073723,8.995902185,4.567937211,0.030252301
1609060461.327422142,-11.371760449,9.009587687,4.567582126,-11.342489845,9.001448335,4.569969760,0.030474876
1609060461.380146027,-11.312506503,9.012078140,4.569272218,-11.287440709,9.005351737,4.572328995,0.026132019
1609060461.428488016,-11.256064005,9.015811641,4.571713713,-11.238776944,9.007515813,4.574077218,0.019319664
1609060461.480466127,-11.187382523,9.020563359,4.574355622,-11.143168379,9.015799045,4.576046734,0.044502236
1609060461.526633978,-11.130360010,9.025267752,4.576379701,-11.091407636,9.022628286,4.577437840,0.039056035
1609060461.578130007,-11.067978850,9.034057631,4.578544798,-11.043087481,9.026911605,4.578532034,0.025896836
1609060461.628714085,-11.004447789,9.041630735,4.580428894,-10.997226174,9.031879182,4.579794723,0.012150995
1609060461.680414200,-10.946714120,9.051029186,4.580657116,-10.945904437,9.039598765,4.580599963,0.011459204
1609060461.726855993,-10.891798873,9.059797991,4.582831877,-10.849735766,9.055903674,4.582602763,0.042243616
1609060461.778423071,-10.828104088,9.070890407,4.583324396,-10.806187283,9.062003082,4.583041718,0.023651866
1609060461.826656103,-10.767812880,9.082362760,4.582940997,-10.758500796,9.072117279,4.582520387,0.013851415
1609060461.881693125,-10.702404342,9.096183266,4.581014378,-10.705757137,9.084210008,4.582690307,0.012546270
1609060461.929234982,-10.643548402,9.109757954,4.579729876,-10.605241593,9.107498079,4.581725524,0.038425268
1609060461.978337049,-10.585018636,9.124816539,4.577846517,-10.605241841,9.107502212,4.581738249,0.026905567
1609060462.026682138,-10.525603171,9.140760535,4.575943580,-10.499543131,9.136359237,4.579143498,0.026622107
1609060462.079570055,-10.463973719,9.159344699,4.573604286,-10.449736490,9.150396813,4.577297229,0.017216306
1609060462.129022121,-10.403627917,9.177942613,4.570517983,-10.403140093,9.164074111,4.574279709,0.014377895
1609060462.180023193,-10.343205519,9.198520063,4.567274560,-10.299234847,9.197678663,4.567741555,0.043981202
1609060462.227467060,-10.284239599,9.218464207,4.563494227,-10.249497302,9.215760842,4.563995056,0.034850914
1609060462.279769182,-10.224239143,9.240129218,4.557394464,-10.199299784,9.232864779,4.559997512,0.026105929
1609060462.330918074,-10.161030677,9.263793077,4.552531649,-10.147979367,9.252787359,4.555340813,0.017301848
1609060462.380113125,-10.105604056,9.285893601,4.548852053,-10.098462022,9.272314671,4.551181709,0.015518482
1609060462.427350998,-10.047919907,9.309095517,4.543831724,-9.997105912,9.314159380,4.541772460,0.051107196
1609060462.479017019,-9.988885412,9.334933999,4.539185406,-9.950902185,9.333420650,4.536553096,0.038104394
1609060462.527957201,-9.928789282,9.361451027,4.533901181,-9.896134576,9.358922602,4.531562784,0.032835816
1609060462.580631018,-9.855837942,9.391636501,4.525825370,-9.844711558,9.383487908,4.526681880,0.013817728
1609060462.628690004,-9.794296805,9.419746786,4.520380023,-9.749109204,9.429521348,4.516845201,0.046367622
1609060462.679250002,-9.732702628,9.453298210,4.513837415,-9.697789029,9.455791429,4.511401900,0.035087138
1609060462.727450132,-9.670566619,9.483870129,4.507928692,-9.645403320,9.484255630,4.506446312,0.025209873
1609060462.779249191,-9.614007448,9.518432640,4.503250881,-9.593004785,9.512704701,4.500926681,0.021893447
1609060462.828996181,-9.555933425,9.553690614,4.497475388,-9.544214309,9.539908826,4.495110005,0.018244736
1609060462.879943132,-9.494080302,9.590246956,4.491212063,-9.448470072,9.597545388,4.485194898,0.046580752
1609060462.929316998,-9.436680236,9.625704314,4.484957801,-9.401056274,9.626347987,4.480240280,0.035940728
1609060462.979207039,-9.381851638,9.661184186,4.478253750,-9.356378727,9.654168459,4.474878735,0.026636072
1609060463.027507067,-9.325929675,9.696729806,4.471223943,-9.311184796,9.682910415,4.469017219,0.020328715
1609060463.080178022,-9.268159386,9.734190910,4.460587703,-9.262582473,9.715455261,4.462872705,0.019681151
1609060463.129511118,-9.214222673,9.771191124,4.451468420,-9.215640307,9.747584797,4.455995941,0.024078347
1609060463.178997993,-9.163255891,9.808975173,4.442519249,-9.128551936,9.809874106,4.438759234,0.034918624
1609060463.226540089,-9.111962234,9.846111547,4.432848796,-9.081891484,9.845481418,4.430558539,0.030164421
1609060463.279219151,-9.061415149,9.885391249,4.420545168,-9.037535387,9.880672873,4.422249008,0.024401007
1609060463.330190182,-9.009096699,9.926391074,4.409790265,-8.995340987,9.914901300,4.413395270,0.018281974
1609060463.379824162,-8.964706477,9.966478128,4.400148864,-8.956491067,9.947599737,4.404486723,0.021040524
1609060463.427031994,-8.919134219,10.005201236,4.390354347,-8.872894099,10.021215480,4.387802177,0.049001207
1609060463.479870081,-8.872977280,10.048941150,4.380638705,-8.837047667,10.054831934,4.380023254,0.036414519
1609060463.529342175,-8.828247009,10.090212108,4.371277557,-8.799957494,10.090711609,4.371890689,0.028300567
1609060463.580952168,-8.784495244,10.131824999,4.367402962,-8.766469078,10.124438614,4.364592000,0.019682552
1609060463.628221035,-8.743430729,10.172082281,4.359996757,-8.693337220,10.199029115,4.350487878,0.057670706
1609060463.677978992,-8.698240799,10.219581337,4.350986369,-8.661278561,10.234466391,4.342395305,0.040762462
1609060463.732715130,-8.651144844,10.268862629,4.341926875,-8.629383090,10.271479908,4.334571952,0.023119666
1609060463.778750181,-8.614999146,10.313177557,4.330651096,-8.592216185,10.314234212,4.325883559,0.023300413
1609060463.828248024,-8.573726744,10.360117704,4.320458352,-8.559984482,10.353648576,4.316895800,0.015600998
1609060463.879996061,-8.541448910,10.410164248,4.308552741,-8.503135004,10.428398039,4.299374919,0.043412659
1609060463.933847189,-8.502019245,10.462648588,4.297857235,-8.471007226,10.471064804,4.290970667,0.032863396
1609060463.980240107,-8.467149316,10.508743425,4.287473352,-8.442146024,10.511778372,4.282359652,0.025700689
1609060464.028326035,-8.432606148,10.557218935,4.276171049,-8.415414465,10.550161621,4.274138378,0.018694689
1609060464.080262184,-8.399182381,10.608713939,4.263481248,-8.388438538,10.591867220,4.264469188,0.020005452
1609060464.130795002,-8.366191040,10.660246774,4.252178421,-8.331818360,10.676691667,4.246498772,0.038524980
1609060464.178006172,-8.337287605,10.708071805,4.241795036,-8.307782356,10.719516865,4.237019114,0.032005602
1609060464.226155043,-8.306003130,10.758292553,4.231324355,-8.281794575,10.763204698,4.226549380,0.025159167
1609060464.277084112,-8.277239295,10.811060038,4.222887119,-8.256148313,10.808389696,4.218787563,0.021651019
1609060464.328767061,-8.244806172,10.866895461,4.211710566,-8.230500970,10.853211247,4.210107369,0.019861187
1609060464.378328085,-8.220772533,10.918493126,4.201307646,-8.209204122,10.897970010,4.200284059,0.023581225
1609060464.427219152,-8.192054870,10.972539482,4.191424057,-8.166935052,10.983832849,4.183284881,0.028719185
1609060464.476723194,-8.169722343,11.024724644,4.180919255,-8.142596493,11.033523714,4.174765858,0.029173612
1609060464.528161049,-8.141607483,11.082246490,4.170417724,-8.122804849,11.079752996,4.165875224,0.019503612
1609060464.584477186,-8.115888279,11.145223676,4.157850236,-8.083694855,11.174034116,4.149290642,0.044042305
1609060464.627368212,-8.093500388,11.194812739,4.149556714,-8.061045879,11.224529869,4.141669070,0.044705905
1609060464.677657127,-8.071871729,11.251716736,4.143701038,-8.042875031,11.272085304,4.134258877,0.036672080
1609060464.725933075,-8.048243848,11.308567031,4.135848345,-8.024958124,11.325401178,4.125920108,0.030400384
1609060464.778755188,-8.022043256,11.377368693,4.123115795,-8.003377908,11.383061784,4.117966236,0.020182280
1609060464.829033136,-7.997120722,11.440421743,4.114501261,-7.984146109,11.436252210,4.110654516,0.014160616
1609060464.881244183,-7.977337802,11.506442364,4.104712897,-7.952501229,11.535664357,4.097062320,0.039106413
1609060464.926936150,-7.955755952,11.565509997,4.096582308,-7.936854613,11.589809618,4.089462846,0.031597768
1609060464.979433060,-7.943149047,11.632244386,4.087394894,-7.919013457,11.643376862,4.082956519,0.026947317
1609060465.026580095,-7.925678256,11.693449495,4.077895355,-7.903584049,11.695281048,4.075754333,0.022273135
1609060465.080960035,-7.904149987,11.765357037,4.066820707,-7.890021346,11.748477992,4.068841718,0.022104414
1609060465.131188154,-7.887464292,11.831600838,4.057366585,-7.861302520,11.858571288,4.053517633,0.037771126
1609060465.178850174,-7.872905261,11.894239142,4.048712323,-7.846624869,11.914823235,4.046420362,0.033460678
1609060465.228109121,-7.855992231,11.960384529,4.039472656,-7.836206744,11.966575783,4.039783978,0.020733886
1609060465.278582096,-7.840876473,12.027992638,4.030970170,-7.821003613,12.023263482,4.032075881,0.020457715
1609060465.329045057,-7.825354863,12.095601850,4.022190085,-7.805467119,12.081033542,4.025235728,0.024840167
1609060465.380448103,-7.812040638,12.163511210,4.015040090,-7.783841204,12.193283229,4.012419532,0.041090735
1609060465.427752018,-7.796881182,12.228143589,4.008019003,-7.773761400,12.249418469,4.005247448,0.031540868
1609060465.479211092,-7.785927551,12.295355343,4.001504541,-7.761162803,12.306129062,4.000168379,0.027039805
1609060465.529885054,-7.771230604,12.363875657,3.994574312,-7.749571712,12.362593189,3.995749367,0.021728624
1609060465.579433203,-7.760824474,12.427620290,3.985866553,-7.741682534,12.414029367,3.990021874,0.023841010
1609060465.628167152,-7.747528762,12.493001016,3.979375189,-7.721984373,12.527850298,3.979389696,0.043208662
1609060465.678918123,-7.739724849,12.560069753,3.973643178,-7.712487221,12.581983015,3.975575349,0.035011608
1609060465.726876020,-7.728072291,12.625324122,3.968301380,-7.702909491,12.646751639,3.970873762,0.033149995
1609060465.780047178,-7.719540218,12.695458397,3.965650944,-7.696461117,12.709271298,3.966087151,0.026900397
1609060465.828760147,-7.708629035,12.762445876,3.961383209,-7.687496435,12.768804120,3.962030878,0.022077896
1609060465.880266190,-7.699641942,12.840882605,3.955149571,-7.674787331,12.881585400,3.955320544,0.047691702
1609060465.932221174,-7.688843600,12.915182836,3.950263227,-7.670386890,12.939271095,3.950884241,0.030352595
1609060465.979675055,-7.684469217,12.983376290,3.945045460,-7.664354875,12.998160751,3.947374503,0.025071727
1609060466.027986050,-7.675609537,13.053869758,3.940922076,-7.658058977,13.055317076,3.945342414,0.018156439
1609060466.079845190,-7.674370124,13.126088880,3.939055612,-7.655478246,13.113152937,3.942266948,0.023120432
1609060466.161890984,-7.668858656,13.243573398,3.938911150,-7.649647715,13.225076472,3.938728446,0.026668894
1609060466.229519129,-7.663286394,13.341711055,3.940441009,-7.644238094,13.340409802,3.940491218,0.019092760
1609060466.280148983,-7.661834691,13.413897154,3.942313718,-7.642065603,13.402334862,3.941853645,0.022906661
1609060466.328636169,-7.659678634,13.484397906,3.943781824,-7.637892520,13.523221598,3.944831944,0.044531074
1609060466.378987074,-7.660534004,13.555490629,3.945325967,-7.638837449,13.581336996,3.945451341,0.033745977
1609060466.429597139,-7.660351987,13.628969801,3.947331338,-7.640327205,13.641644456,3.946415281,0.023716618
1609060466.479005098,-7.662518359,13.698999464,3.949278014,-7.640287330,13.702653982,3.947766746,0.022580037
1609060466.527721167,-7.661955286,13.769923797,3.950770259,-7.640276970,13.763592017,3.949050095,0.022649498
1609060466.581521034,-7.668642941,13.845359728,3.952937107,-7.643348383,13.825623907,3.950002201,0.032216936
1609060466.628607988,-7.669757056,13.913753024,3.954451792,-7.648655742,13.946375672,3.952036450,0.038927323
1609060466.679336071,-7.674333571,13.986302613,3.954902738,-7.651214824,14.005348979,3.953010481,0.030013683
1609060466.727976084,-7.676353322,14.057017603,3.956051136,-7.655654503,14.072314747,3.953670839,0.025847815
1609060466.779019117,-7.684244484,14.125937838,3.959208050,-7.661941593,14.139831346,3.954052529,0.026777377
1609060466.829914093,-7.687382480,14.199793482,3.960204285,-7.666365117,14.202213109,3.954297572,0.021965277
1609060466.880611181,-7.695741872,14.270669178,3.960250333,-7.675600331,14.323181295,3.956183963,0.056389179
1609060466.928917170,-7.700466986,14.340859965,3.960659790,-7.682904483,14.384827132,3.956589413,0.047519694
1609060466.979152203,-7.708267343,14.422501357,3.959125803,-7.690395085,14.445699268,3.956917654,0.029367271
1609060467.028021097,-7.714043033,14.496158270,3.959076327,-7.695723169,14.504413534,3.957789793,0.020135093
1609060467.080524206,-7.729262147,14.576307410,3.959124721,-7.704941107,14.566309023,3.957960188,0.026321795
1609060467.126882076,-7.736666945,14.647995895,3.958755289,-7.723285108,14.683202142,3.957692557,0.037678678
1609060467.180591106,-7.752573481,14.725007618,3.959395946,-7.732559487,14.744790989,3.957563571,0.028201052
1609060467.226670980,-7.766329513,14.792868715,3.960053678,-7.742253432,14.806747022,3.957166336,0.027939252
1609060467.279661179,-7.779162162,14.874014390,3.958646833,-7.754039387,14.864952461,3.955612438,0.026878987
1609060467.329204082,-7.792082221,14.949480689,3.957053339,-7.776893914,14.987524078,3.953406659,0.041125204
1609060467.379631042,-7.807380457,15.023681399,3.955620374,-7.789316840,15.048604160,3.952736309,0.030915305
1609060467.427987099,-7.821285107,15.096943151,3.953352409,-7.804026454,15.109519347,3.950657393,0.021524055
1609060467.479583025,-7.839835561,15.171140280,3.950153553,-7.818285332,15.170692167,3.949341389,0.021570182
1609060467.528842211,-7.857019888,15.243827880,3.948289295,-7.833008849,15.233021650,3.948023730,0.026332017
1609060467.580595016,-7.879414082,15.317414641,3.946301899,-7.848872320,15.295756716,3.946809462,0.037444928
1609060467.627780199,-7.895806058,15.386507003,3.944678710,-7.883060313,15.415574873,3.944511322,0.031739929
1609060467.693520069,-7.923819914,15.477019563,3.940962218,-7.899339063,15.474197177,3.943121133,0.024737398
1609060467.770143986,-7.960145392,15.583348415,3.939980331,-7.942621700,15.607356407,3.939900943,0.029723219
1609060467.835719109,-7.988886005,15.675589634,3.937768939,-7.982528999,15.726526662,3.937452147,0.051333154
1609060467.886023998,-8.015546043,15.741543965,3.939327622,-8.003724186,15.782830398,3.936972877,0.043010123
1609060467.932846069,-8.037765011,15.806260601,3.940247122,-8.026640437,15.843592727,3.937923513,0.039023620
1609060467.978756189,-8.064143634,15.867403987,3.940136394,-8.049428659,15.900782745,3.938458968,0.036516924
1609060468.027256012,-8.088788430,15.933088815,3.941503140,-8.070637366,15.955357287,3.939989159,0.028768700
1609060468.081122160,-8.119993587,16.019334974,3.942375968,-8.095741676,16.013098510,3.940697170,0.025097151
1609060468.129112005,-8.146355794,16.086974053,3.944115301,-8.146207499,16.125404538,3.943836765,0.038431781
1609060468.179625988,-8.179588130,16.154804562,3.945123866,-8.173937808,16.182400761,3.945090583,0.028168732
1609060468.227814198,-8.208145675,16.222010391,3.946789210,-8.202065866,16.238326226,3.946439385,0.017415307
1609060468.278457165,-8.248453904,16.272370995,3.945669607,-8.229395024,16.292596072,3.948328750,0.027917122
1609060468.327484131,-8.281840534,16.335404160,3.948308708,-8.257771326,16.345503004,3.951072205,0.026247864
1609060468.380009174,-8.317402145,16.403892028,3.951220277,-8.287505127,16.398878153,3.952520259,0.030342390
1609060468.427757025,-8.351142923,16.463936480,3.953688007,-8.347240913,16.500980457,3.958715848,0.037586715
1609060468.477749109,-8.389388189,16.522453556,3.955432282,-8.375608447,16.547492171,3.961599176,0.029237718
1609060468.527155161,-8.425237981,16.582677751,3.958487354,-8.409618949,16.601981928,3.964719228,0.025601596
1609060468.571753025,-8.459678614,16.633249029,3.962485633,-8.444928862,16.655764230,3.967760782,0.027428392
1609060468.623512030,-8.497646413,16.693264466,3.965999897,-8.477257715,16.703512758,3.970018770,0.023170624
1609060468.674556017,-8.539054167,16.747571753,3.969879214,-8.510518950,16.749574402,3.973029294,0.028778329
1609060468.722122192,-8.576185445,16.800867389,3.972533186,-8.580714052,16.840959433,3.976876549,0.040580107
1609060468.779278040,-8.622858331,16.859051252,3.974493041,-8.614430740,16.882049396,3.979635063,0.025027572
1609060468.825678110,-8.660365155,16.907501371,3.976937996,-8.650507965,16.924926380,3.981492648,0.020531440
1609060468.881869078,-8.710202964,16.962200065,3.982477777,-8.689894954,16.967036524,3.984392925,0.020963645
1609060468.928879976,-8.750747076,17.009215886,3.985202612,-8.767666502,17.046089394,3.987895346,0.040659235
1609060468.978708029,-8.796942675,17.055071590,3.987471450,-8.807324779,17.086239770,3.990137175,0.032959818
1609060469.026169062,-8.840803308,17.100053521,3.989708274,-8.848862446,17.125311396,3.991852956,0.026599053
1609060469.079028130,-8.892926585,17.144822391,3.990894492,-8.891653811,17.162849390,3.993485508,0.018256670
1609060469.128238201,-8.940988895,17.188177420,3.992648801,-8.933983797,17.196315838,3.995579928,0.011130891
1609060469.179890156,-9.002237637,17.240340572,3.997480767,-9.025731756,17.269583474,3.998841166,0.037536271
1609060469.227359056,-9.053958585,17.282741055,3.999539951,-9.072683868,17.300127417,4.001264338,0.025610453
1609060469.277248144,-9.114997697,17.321992745,3.999953807,-9.123354334,17.332769529,4.002631380,0.013897548
1609060469.330085039,-9.178795310,17.367163389,4.001961285,-9.173423211,17.363379052,4.004962384,0.007224074
1609060469.379516125,-9.241921012,17.394683823,4.004509910,-9.222018333,17.394228995,4.007545634,0.020138002
1609060469.428099155,-9.307124568,17.428192506,4.007875026,-9.330857603,17.451431012,4.014023302,0.033779970
1609060469.478720188,-9.375236730,17.464691406,4.012564666,-9.385592341,17.478766272,4.017061037,0.018043222
1609060469.527437210,-9.442763506,17.497829168,4.016884515,-9.442576240,17.506771468,4.022325024,0.010468951
1609060469.582027197,-9.519157784,17.530440981,4.021702957,-9.498105375,17.533058604,4.025753148,0.021597683
1609060469.630171061,-9.588394157,17.558668725,4.025226004,-9.620467704,17.578344432,4.032214717,0.038271242
1609060469.679854155,-9.661115974,17.585144710,4.028756035,-9.681520272,17.602320852,4.036624922,0.027807815
1609060469.728006124,-9.733173037,17.611387822,4.032962230,-9.743326076,17.624550244,4.040974455,0.018453436
1609060469.779536009,-9.812096952,17.636783517,4.037556230,-9.807843472,17.646027804,4.043724167,0.011899260
1609060469.828714132,-9.887532163,17.660629224,4.041591658,-9.872459139,17.663303392,4.046628384,0.016115702
1609060469.880279064,-9.967456691,17.683239846,4.045253119,-10.002519870,17.702155725,4.054488997,0.040896680
1609060469.928411007,-10.042402819,17.704380018,4.049108286,-10.070469049,17.718933949,4.057182746,0.032630156
1609060469.979132175,-10.122707003,17.719774817,4.054098738,-10.136687754,17.733080092,4.059388374,0.020011796
1609060470.027426004,-10.199121908,17.737558492,4.058296147,-10.203654577,17.747458362,4.062130100,0.011543471
1609060470.081245184,-10.284199530,17.752324124,4.061160715,-10.272969228,17.762230163,4.066985671,0.016067961
1609060470.129621983,-10.360440062,17.767387449,4.064791985,-10.408504297,17.786891993,4.071722148,0.052331874
1609060470.178888083,-10.438341486,17.780191360,4.068378302,-10.479382317,17.798049073,4.073655571,0.045067697
1609060470.228217125,-10.516598707,17.793323559,4.071873499,-10.547146504,17.810588420,4.077489275,0.035535620
1609060470.278670073,-10.609430404,17.807834794,4.074382493,-10.615106743,17.819913283,4.080153564,0.014540151
1609060470.328602076,-10.691746084,17.819874484,4.077600367,-10.681661190,17.826144387,4.082318805,0.012778123
1609060470.379962206,-10.777840326,17.826912343,4.080978289,-10.815588995,17.842415057,4.084482464,0.040958215
1609060470.428395987,-10.857666105,17.836153051,4.083531070,-10.880400523,17.847006377,4.087472652,0.025498716
1609060470.478901148,-10.932292834,17.840323452,4.082723879,-10.948860664,17.852120538,4.087950110,0.020999469
1609060470.534272194,-11.022529302,17.844938873,4.082170319,-11.016807465,17.854097043,4.088975804,0.012764251
1609060470.579819202,-11.095267832,17.849874377,4.082741207,-11.075871464,17.859720220,4.088238406,0.022436107
1609060470.629103184,-11.173268405,17.853025426,4.082504171,-11.204413268,17.864848829,4.088532452,0.033854622
1609060470.679993153,-11.252840549,17.853474915,4.081298510,-11.266912865,17.864624762,4.087440618,0.018975633
1609060470.733728170,-11.335099752,17.852964382,4.080391107,-11.337105380,17.864640012,4.086209972,0.013198563
1609060470.778460979,-11.402222151,17.852106461,4.079508901,-11.405431186,17.865183825,4.085359581,0.014681478
1609060470.828742981,-11.477112681,17.850295706,4.077901202,-11.469384622,17.862278387,4.083692656,0.015389882
1609060470.881497145,-11.553762439,17.845788081,4.075682425,-11.588042915,17.854633814,4.080310450,0.035704575
1609060470.927678108,-11.618995614,17.841497626,4.073766798,-11.646757947,17.850746163,4.078345573,0.029618368
1609060471.020473003,-11.746022342,17.828738972,4.067877246,-11.763253446,17.837131612,4.074045685,0.020134472
1609060471.085931063,-11.833431753,17.816536687,4.066721113,-11.874762272,17.823032063,4.069285357,0.041916309
1609060471.133906126,-11.896424547,17.807611612,4.064539246,-11.932035811,17.813579609,4.067144687,0.036201760
1609060471.179148197,-11.953656362,17.796467142,4.063284039,-11.991399867,17.800347692,4.065184323,0.037990024
1609060471.228013039,-12.016053663,17.784279294,4.061340693,-12.045102960,17.788847231,4.063063685,0.029456687
1609060471.278729200,-12.079879905,17.769362370,4.057424838,-12.095900932,17.778153859,4.060980571,0.018617379
1609060471.328710079,-12.141310853,17.754155707,4.055894158,-12.150925121,17.763664088,4.059754289,0.014062151
1609060471.380196095,-12.218142285,17.735273809,4.060613585,-12.258816463,17.729000596,4.056445076,0.041365667
1609060471.428129196,-12.278712856,17.717451591,4.061183522,-12.305847346,17.712432268,4.055623410,0.028149405
1609060471.479714155,-12.344730047,17.690557255,4.057987287,-12.355290462,17.693469998,4.054570448,0.011475244
1609060471.529009104,-12.405446104,17.666963186,4.058753114,-12.407237475,17.669817704,4.053797808,0.005992690
1609060471.582780123,-12.462666816,17.631052654,4.051178394,-12.453881723,17.647530233,4.053129313,0.018774839
1609060471.629180193,-12.516832733,17.601405612,4.049111090,-12.546968084,17.597288060,4.051314386,0.030495051
1609060471.679857016,-12.576143140,17.568567381,4.047162327,-12.591980429,17.570100165,4.049418208,0.016070412
1609060471.727349043,-12.630249392,17.535228917,4.044338425,-12.643922713,17.536417986,4.047530657,0.014091272
1609060471.778539181,-12.685284645,17.495832020,4.039745302,-12.691808206,17.502626394,4.044888284,0.010731759
1609060471.828935146,-12.739577942,17.455255193,4.036478890,-12.735226475,17.468687474,4.042493025,0.015347027
1609060471.880558014,-12.794144397,17.410469148,4.033046006,-12.781383472,17.431120208,4.040470128,0.025385529
1609060471.928007126,-12.842681771,17.367689211,4.030798997,-12.865698634,17.355021569,4.035765813,0.026737884
1609060471.979415178,-12.892304000,17.318488845,4.029886151,-12.904153746,17.315089840,4.033690814,0.012901363
1609060472.028941154,-12.939276338,17.268333885,4.027881108,-12.943366789,17.272942420,4.030817875,0.006826051
1609060472.082103014,-12.986753962,17.211540753,4.025888840,-12.984040498,17.226792189,4.028791151,0.015760475
1609060472.129687071,-13.028899591,17.158584335,4.024470780,-13.058477580,17.132398251,4.024476668,0.039504031
1609060472.179258108,-13.071406836,17.102284527,4.021016924,-13.095002441,17.082018473,4.023289181,0.031186996
1609060472.227492094,-13.111303336,17.045527872,4.019155728,-13.129765215,17.031218419,4.020954650,0.023427282
1609060472.279079199,-13.153550696,16.982429412,4.016427833,-13.165804239,16.977267192,4.018565950,0.013467345
1609060472.329487085,-13.192075606,16.919090925,4.014914568,-13.198210148,16.923527987,4.016936766,0.007836416
1609060472.381889105,-13.230201986,16.852522481,4.011478762,-13.263027144,16.810728653,4.016176993,0.053350618
1609060472.429280996,-13.264177335,16.790685063,4.010961764,-13.295769871,16.752006054,4.014728638,0.050083364
1609060472.480375051,-13.310625631,16.713174738,4.006814967,-13.325890175,16.693925766,4.014050814,0.025610285
1609060472.526813030,-13.345220549,16.648110770,4.005286252,-13.357897318,16.628792163,4.013727130,0.024599949
1609060472.580457211,-13.382392265,16.568300734,4.006456591,-13.391863854,16.560793847,4.012284785,0.013417607
1609060472.628858089,-13.417001573,16.496467224,4.005374253,-13.419216977,16.503495159,4.010881634,0.009199519
1609060472.680225134,-13.445567561,16.420356460,4.007660638,-13.471836112,16.381297489,4.011099475,0.047196033
1609060472.726508141,-13.477151133,16.349880118,4.009262725,-13.500065536,16.316798384,4.010673743,0.040267381
1609060472.778885126,-13.511778715,16.269578554,4.009163266,-13.527138203,16.254659280,4.010037857,0.021430435
1609060472.828325987,-13.541651464,16.195886083,4.010499107,-13.550963834,16.194571055,4.009816986,0.009429465
1609060472.881620169,-13.574209605,16.116578501,4.011142032,-13.573186475,16.134299808,4.010820654,0.017753727
1609060472.928589106,-13.601854198,16.046095693,4.011677312,-13.622654266,16.010790353,4.013017523,0.040998854
1609060472.979053020,-13.629153961,15.972699900,4.012426214,-13.647296342,15.946717969,4.013580391,0.031710233
1609060473.028273106,-13.656706560,15.900698624,4.013814797,-13.669269812,15.885904316,4.016082454,0.019540960
1609060473.079199076,-13.684155042,15.827559925,4.014501073,-13.692742335,15.824451124,4.017837622,0.009723106
1609060473.127213001,-13.709569164,15.758207327,4.017151382,-13.716994343,15.763619272,4.020416241,0.009750986
1609060473.180847168,-13.736318188,15.682182121,4.022959975,-13.758835505,15.643297116,4.025682750,0.045016515
1609060473.228025198,-13.758883857,15.616482385,4.026454362,-13.778090577,15.588176855,4.028614797,0.034274897
1609060473.279670000,-13.783863010,15.545066550,4.028053264,-13.800297334,15.527322086,4.032037056,0.024511704
1609060473.329110146,-13.806387993,15.478676189,4.031569128,-13.820307195,15.469661751,4.034377734,0.016819410
1609060473.380846024,-13.829001248,15.410048444,4.036533484,-13.835462356,15.419139627,4.037724621,0.011216700
1609060473.428627014,-13.848226506,15.349454091,4.039800447,-13.870924459,15.309350387,4.043785290,0.046253465
1609060473.479654074,-13.867536008,15.285547055,4.044803144,-13.887641470,15.258384670,4.046199945,0.033822712
1609060473.528223991,-13.885216200,15.225965428,4.047656467,-13.903700121,15.201379134,4.049365516,0.030806850
1609060473.579666138,-13.905746739,15.155439693,4.051339953,-13.919691890,15.144488972,4.051641478,0.017733484
1609060473.629147053,-13.922393798,15.095683634,4.053842477,-13.935862675,15.092483908,4.053998730,0.013844613
1609060473.680805206,-13.937801596,15.032094034,4.056219226,-13.960110003,14.999357918,4.056254290,0.039614638
1609060473.728483200,-13.951225722,14.977609253,4.057314836,-13.971128108,14.953992888,4.057634593,0.030885918
1609060473.778892040,-13.960753269,14.926260965,4.058043648,-13.980155668,14.910468594,4.059712587,0.025072643
1609060473.832645178,-13.973910150,14.869916316,4.061154410,-13.991371917,14.869005473,4.061388272,0.017487071
1609060473.888217211,-13.984758772,14.814574442,4.063758278,-14.003847868,14.790641485,4.065875915,0.030686552
1609060473.933340073,-13.992298995,14.772492961,4.064861226,-14.010666967,14.753786209,4.067941392,0.026397203
1609060473.979749203,-13.999063809,14.730572518,4.066252790,-14.014951386,14.717729534,4.070527284,0.020871718
1609060474.028207064,-14.004640724,14.689166355,4.067917277,-14.019361168,14.682774786,4.072408931,0.016664892
1609060474.084556103,-14.009792194,14.642851003,4.069964701,-14.020854953,14.650138367,4.074540783,0.014015378
1609060474.137107134,-14.010686303,14.603366709,4.073792179,-14.025667367,14.586728158,4.077712373,0.022729751
1609060474.179860115,-14.011239682,14.573180225,4.076287789,-14.025748220,14.560825081,4.081759794,0.019826500
1609060474.228349209,-14.010913932,14.541166298,4.079941286,-14.023774947,14.533542733,4.084634951,0.015670192
1609060474.277875185,-14.009849645,14.510368316,4.084674828,-14.021794988,14.507206336,4.087198654,0.012611861
1609060474.327560186,-14.007256456,14.481059585,4.087909767,-14.021318301,14.482493515,4.089954925,0.014281957
1609060474.380293131,-14.004620974,14.451403341,4.090100832,-14.014118083,14.434949908,4.093484739,0.019296667
1609060474.427479029,-14.000635028,14.426868405,4.092874886,-14.011067223,14.414863738,4.098026221,0.016717624
1609060474.477905989,-13.994754332,14.402556377,4.093878639,-14.006580471,14.393281400,4.100027114,0.016238426
1609060474.528779030,-13.988747668,14.379414918,4.095970758,-14.001592375,14.373383812,4.102847727,0.015768748
1609060474.581426144,-13.983636290,14.357069856,4.108413415,-13.996619227,14.355016105,4.104752758,0.013644594
1609060474.629651070,-13.977332297,14.337809256,4.111276751,-13.985741648,14.319108007,4.107640755,0.020824851
1609060474.680217981,-13.972682606,14.312918526,4.115817517,-13.979259680,14.301975044,4.108063859,0.014937768
1609060474.727298021,-13.966476598,14.294858776,4.118564077,-13.973156151,14.286299390,4.109512838,0.014135220
1609060474.781194210,-13.958845527,14.274740922,4.116998674,-13.966073965,14.269666376,4.110045731,0.011240318
1609060474.828670979,-13.951601607,14.257082233,4.118579244,-13.959446714,14.254123271,4.110609511,0.011567965
1609060474.881358147,-13.942357778,14.236606988,4.112847815,-13.946497172,14.221354501,4.111294736,0.015880334
1609060474.929676056,-13.936167736,14.220622194,4.113367324,-13.940152222,14.209850945,4.111709085,0.011603693
1609060475.000697136,-13.925654244,14.198621502,4.113065840,-13.927692325,14.185228897,4.112121935,0.013579640
1609060475.084722042,-13.912229508,14.167619076,4.110520994,-13.913809988,14.157170993,4.111357928,0.010600039
1609060475.126618147,-13.905184315,14.153013202,4.108972751,-13.906987768,14.143604330,4.111925074,0.010024745
1609060475.178278208,-13.898002344,14.136530573,4.107651604,-13.899927570,14.130198845,4.106531561,0.006712062
1609060475.229041100,-13.889357480,14.119126204,4.104398522,-13.893415937,14.117573142,4.103348160,0.004470609
1609060475.281843185,-13.880648853,14.101719934,4.101948641,-13.886450919,14.104037815,4.100305618,0.006460346
1609060475.328446150,-13.872677736,14.087245742,4.098627298,-13.872566287,14.078903022,4.095108499,0.009055128
1609060475.379393101,-13.864302595,14.073328459,4.094523750,-13.864996003,14.065017876,4.091533965,0.008859200
1609060475.430552006,-13.854970597,14.055654483,4.090410522,-13.858167314,14.050639175,4.088238118,0.006331798
1609060475.480121136,-13.847386913,14.039809764,4.085514147,-13.851217722,14.037065779,4.084712554,0.004779865
1609060475.529694080,-13.838939835,14.023717980,4.081757728,-13.836492985,14.009301047,4.077397265,0.015259380
1609060475.580530167,-13.832330748,14.007395028,4.079788936,-13.829131243,13.995193174,4.074071857,0.013849443
1609060475.623762131,-13.824646847,13.991991770,4.076660182,-13.821099587,13.980387139,4.070606212,0.013561013
1609060475.681043148,-13.813560387,13.973756961,4.070432295,-13.812960156,13.965269965,4.067552596,0.008982319
1609060475.730020046,-13.803738639,13.955819253,4.066870260,-13.805288989,13.951080963,4.064461476,0.005536896
1609060475.781841040,-13.790998132,13.935690014,4.064940331,-13.786692525,13.918612815,4.059651236,0.018388678
1609060475.829219103,-13.779652668,13.916830311,4.062169935,-13.777532357,13.902365164,4.056302695,0.015753117
1609060475.878290176,-13.767013876,13.895870949,4.056362273,-13.766835206,13.884574033,4.053378562,0.011685665
1609060475.927850008,-13.753395043,13.873776650,4.052924875,-13.756450633,13.866844714,4.050601714,0.007923727
1609060475.980598211,-13.738058824,13.848899164,4.047456390,-13.745772104,13.849469621,4.049057521,0.007898337
1609060476.029070139,-13.724256828,13.826361179,4.046109967,-13.722482320,13.811143094,4.045190096,0.015348784
1609060476.079783201,-13.709076376,13.801937622,4.043565306,-13.711439925,13.792853923,4.043589279,0.009386187
1609060476.149460077,-13.688591077,13.767350372,4.041406492,-13.697187826,13.770470525,4.042618681,0.009225446
1609060476.228608131,-13.661568817,13.724234843,4.038338261,-13.667240857,13.724382841,4.040805668,0.006187248
1609060476.282281160,-13.643751531,13.695263328,4.036012129,-13.638727810,13.678953540,4.039677242,0.017455086
1609060476.327225208,-13.627444186,13.668906958,4.035674883,-13.623205095,13.654690131,4.039571715,0.015338624
1609060476.372508049,-13.611225168,13.642479995,4.036509662,-13.607269895,13.629670779,4.040197568,0.013903987
1609060476.429035187,-13.589276982,13.608441805,4.037350865,-13.591956210,13.606203374,4.040651530,0.004804500
1609060476.480401039,-13.568794019,13.577579725,4.038465876,-13.574212843,13.580121462,4.041312478,0.006627762
1609060476.533285141,-13.546734970,13.542916576,4.038995630,-13.540221131,13.524442421,4.043096911,0.020013621
1609060476.579155207,-13.528691027,13.513945549,4.039949683,-13.521607165,13.495613115,4.043690787,0.020006376
1609060476.628695011,-13.507827214,13.481006146,4.040884854,-13.502461155,13.466386335,4.044612284,0.016013344
1609060476.680046082,-13.486336060,13.447891274,4.043710648,-13.484326434,13.437246006,4.045007077,0.010910594
1609060476.728375196,-13.465311355,13.415201106,4.045446638,-13.465394304,13.408219112,4.046683240,0.007091142
1609060476.779676199,-13.443410159,13.379864182,4.047457247,-13.445834913,13.377282530,4.047813786,0.003559702
1609060476.828135014,-13.421842635,13.345879753,4.048718193,-13.408493156,13.317060955,4.049368529,0.031767196
1609060476.876777172,-13.397490510,13.309122470,4.048898084,-13.389349838,13.286905244,4.049056707,0.023662224
1609060476.927697182,-13.373522026,13.271402325,4.049714574,-13.367532244,13.253129591,4.049313102,0.019233604
1609060476.979966164,-13.348480276,13.228468333,4.046495204,-13.346476959,13.218031277,4.048948516,0.010907069
1609060477.029965162,-13.324580492,13.190056950,4.046576567,-13.326757907,13.186089671,4.049039504,0.005152329
1609060477.080779076,-13.299914293,13.150319024,4.047022110,-13.307588431,13.155507920,4.049000842,0.009472720
1609060477.126787186,-13.279392814,13.115836654,4.046180100,-13.269695624,13.095555300,4.049316368,0.022698127
1609060477.179460049,-13.254952887,13.076967864,4.045767920,-13.251035727,13.065034848,4.048691762,0.012895343
1609060477.227986097,-13.232304030,13.042106010,4.045966626,-13.232764614,13.035862598,4.048324713,0.006689761
1609060477.281500101,-13.207614592,13.002713266,4.045575754,-13.213933953,13.005124901,4.047846438,0.007134867
1609060477.332756996,-13.184675089,12.966875056,4.045783204,-13.178425963,12.948683142,4.048249867,0.019392827
1609060477.378741980,-13.164106623,12.934407831,4.045904508,-13.158464942,12.920159683,4.049062763,0.015646497
1609060477.428728104,-13.141528594,12.899272326,4.045811220,-13.142011634,12.889897579,4.048555569,0.009780116
1609060477.480911016,-13.118935505,12.863402181,4.046493469,-13.124095528,12.861472837,4.048564022,0.005885184
1609060477.529803991,-13.097098633,12.831073336,4.046182396,-13.086736172,12.807595241,4.048804166,0.025796806
1609060477.578423023,-13.076010590,12.799612248,4.045755192,-13.068913679,12.781215616,4.048482541,0.019905794
1609060477.627958059,-13.054148018,12.768002199,4.045907680,-13.051408999,12.754701386,4.049336104,0.014005997
1609060477.680728197,-13.032477944,12.737981054,4.046526993,-13.034108234,12.729321105,4.049325273,0.009245699
1609060477.723581076,-13.014322238,12.712755855,4.046983195,-13.016661228,12.704305508,4.049685741,0.009175129
1609060477.773975134,-12.993676649,12.682232813,4.048593356,-12.998556032,12.679148136,4.050447113,0.006063005
1609060477.828898191,-12.970080249,12.651431148,4.049363082,-12.962790049,12.633152081,4.050587946,0.019717292
1609060477.879162073,-12.949660939,12.625639764,4.048999279,-12.946304254,12.611192867,4.050575715,0.014915271
1609060477.927370071,-12.928750144,12.600200999,4.048629611,-12.926487979,12.587291644,4.050672430,0.013264311
1609060477.979067087,-12.904890722,12.571288379,4.051257836,-12.905966057,12.563435669,4.050821789,0.007937981
1609060478.028429985,-12.882503850,12.546506169,4.052088583,-12.887194338,12.542630954,4.050055023,0.006415086
1609060478.080372095,-12.857400399,12.520672264,4.049827020,-12.850452630,12.504634580,4.049879032,0.017478029
1609060478.126526117,-12.834876923,12.498732742,4.049976535,-12.830790247,12.485994047,4.049592386,0.013383678
1609060478.172044992,-12.812580776,12.478341172,4.048604270,-12.810763280,12.468266440,4.050430321,0.010398940
1609060478.225057125,-12.787033348,12.454948409,4.047733760,-12.792297177,12.452482472,4.050121739,0.006284202
1609060478.281713009,-12.758917146,12.431703082,4.046559664,-12.771696740,12.434932709,4.050130859,0.013656572
1609060478.329128027,-12.734881964,12.414418940,4.047607029,-12.729067523,12.404597432,4.048861101,0.011482266
1609060478.379383087,-12.708850266,12.395991371,4.046595399,-12.706260102,12.390376373,4.048958376,0.006619729
1609060478.427805185,-12.683200748,12.379448820,4.045126171,-12.683974610,12.375098946,4.047884458,0.005208495
1609060478.480800152,-12.655611690,12.364031563,4.043269877,-12.660937246,12.361446916,4.047180797,0.007094874
1609060478.528940201,-12.628611006,12.349467058,4.042190834,-12.636806545,12.349232098,4.046659183,0.009337462
1609060478.580368996,-12.600154110,12.336221833,4.040778799,-12.611739076,12.336910856,4.045987785,0.012720839
1609060478.629499197,-12.571845896,12.323433768,4.039869959,-12.565232527,12.313687250,4.044880984,0.012800064
1609060478.680297136,-12.542426153,12.311277210,4.038875932,-12.539439430,12.304697437,4.043483386,0.008569864
1609060478.728594065,-12.514082235,12.301004470,4.036811354,-12.512611304,12.293077109,4.041206115,0.009182626
1609060478.779266119,-12.484152848,12.288581845,4.034334657,-12.483619270,12.282879596,4.039334161,0.007602327
1609060478.829585075,-12.453168163,12.278411467,4.031873395,-12.456404595,12.274833860,4.037894997,0.007715792
1609060478.880124092,-12.422918200,12.268524702,4.029961558,-12.406298394,12.259198951,4.033978482,0.019476224
1609060478.926433086,-12.393975898,12.260482784,4.027819195,-12.380540210,12.251524632,4.032410905,0.016788389
1609060478.979730129,-12.361681411,12.251894541,4.026006150,-12.352502982,12.246555398,4.030510230,0.011534155
1609060479.029379129,-12.330961516,12.245040919,4.023579968,-12.325874502,12.240513587,4.028312538,0.008292868
1609060479.080957174,-12.296949692,12.233080617,4.024302920,-12.299375890,12.233971905,4.026122219,0.003160803
1609060479.130403042,-12.265145511,12.225326165,4.022602788,-12.244716054,12.225118620,4.022010482,0.020439095
1609060479.180795193,-12.233706263,12.220517496,4.017415689,-12.217955937,12.220069298,4.019848416,0.015943393
1609060479.228103161,-12.202881593,12.214052369,4.015384184,-12.192063963,12.214390387,4.018245618,0.011194784
1609060479.282148123,-12.165130229,12.214051936,4.012292297,-12.165310551,12.210257518,4.016957177,0.006015916
1609060479.328881025,-12.135446176,12.210393572,4.010657739,-12.137743665,12.207177523,4.015395613,0.006169998
1609060479.380424023,-12.101401062,12.205353715,4.008932016,-12.109821036,12.202916304,4.013807241,0.010030192
1609060479.428443193,-12.069703112,12.200620595,4.007007937,-12.056349523,12.193798852,4.010521044,0.015401183
1609060479.481338024,-12.035080820,12.194705873,4.004849626,-12.029657225,12.189946634,4.008790512,0.008221698
1609060479.528342009,-12.004464295,12.189542545,4.003527687,-11.999864816,12.184903280,4.006515303,0.007183581
1609060479.579895020,-11.971444157,12.183262250,4.003230850,-11.970346174,12.178705959,4.004582104,0.004877626
1609060479.629096031,-11.939092902,12.176980209,4.001339935,-11.942167231,12.173812753,4.003042781,0.004731169
1609060479.680663109,-11.906195945,12.170336082,3.998383838,-11.888098214,12.163276990,3.999959126,0.019489490
1609060479.729127169,-11.873455533,12.163390034,3.997211994,-11.860552175,12.156667313,3.998336642,0.014593028
1609060479.779810190,-11.839753920,12.156243751,3.996159058,-11.832197984,12.149453854,3.996981710,0.010191742
1609060479.828247070,-11.806494951,12.147601619,3.994661102,-11.803976178,12.143229362,3.995407244,0.005100743
1609060479.881755114,-11.771325574,12.135505439,3.992137643,-11.774767097,12.133774033,3.993221418,0.004002051
1609060479.928881168,-11.737047743,12.123895767,3.990267856,-11.713616673,12.114148324,3.988716143,0.025425096
1609060479.979612112,-11.702304247,12.114140754,3.987256011,-11.681226791,12.103789019,3.987157651,0.023482488
1609060480.028473139,-11.666555046,12.101297285,3.985508639,-11.650266735,12.091025486,3.985599621,0.019256875
1609060480.078821182,-11.630922409,12.086868995,3.984147703,-11.619391485,12.077898145,3.983951036,0.014610853
1609060480.128672123,-11.593310941,12.071792129,3.983317003,-11.586265950,12.065837707,3.982330912,0.009276822
1609060480.181447983,-11.550393316,12.050698516,3.980276217,-11.552848902,12.051269400,3.981925619,0.003012696
1609060480.227405071,-11.512486574,12.033008719,3.979502610,-11.485901127,12.019138439,3.979744655,0.029987152
1609060480.277834177,-11.469695122,12.012099805,3.978912740,-11.452397264,12.003614220,3.979871944,0.019290960
1609060480.328183174,-11.425851167,11.990021048,3.978511432,-11.413782370,11.984162039,3.979968862,0.013494738
1609060480.379876137,-11.381475919,11.969544929,3.977526805,-11.373318023,11.962508832,3.979407735,0.010935988
1609060480.429113150,-11.338722163,11.946688880,3.977429986,-11.336690707,11.941468307,3.979333334,0.005916412
1609060480.480789185,-11.291256231,11.920433934,3.977338046,-11.264264216,11.902556860,3.979370191,0.032438993
1609060480.532296181,-11.244957661,11.894386773,3.979429261,-11.226443903,11.880338978,3.978975391,0.023244478
1609060480.580609083,-11.200157019,11.868648316,3.979736705,-11.189014603,11.857173439,3.978992116,0.016011890
1609060480.629172087,-11.154778450,11.842062604,3.978750672,-11.149916284,11.834673324,3.979191980,0.008856459
1609060480.680544138,-11.108696914,11.814136262,3.976710059,-11.110430713,11.810585963,3.980010201,0.005147972
1609060480.729022980,-11.063946034,11.786888724,3.977419551,-11.033952981,11.762078436,3.980936791,0.039083303
1609060480.779507160,-11.018110318,11.758604389,3.978566662,-10.995165596,11.738581800,3.982083797,0.030655091
1609060480.830286980,-10.970028385,11.728996701,3.980745182,-10.954728211,11.713770087,3.983358097,0.021743331
1609060480.878767014,-10.924393225,11.701151935,3.982955730,-10.915174620,11.688267876,3.984199345,0.015891137
1609060480.928699017,-10.876572028,11.671374837,3.983771590,-10.875412905,11.662899551,3.984612285,0.008595394
1609060480.981075048,-10.829291477,11.641145092,3.981777472,-10.833068462,11.637851172,3.985626409,0.006319007
1609060481.028006077,-10.783943430,11.613190757,3.981507947,-10.754204915,11.586534758,3.985966879,0.040184619
1609060481.078581095,-10.737377311,11.584115052,3.981017212,-10.716089771,11.562247619,3.986463270,0.031000057
1609060481.128023148,-10.689705666,11.555169708,3.981036237,-10.671020045,11.534775818,3.987405565,0.028383650
1609060481.179006100,-10.643655715,11.527939197,3.985186782,-10.626166319,11.506887081,3.988011595,0.027514543
1609060481.229451180,-10.596021125,11.499732581,3.985954979,-10.586964763,11.480989307,3.988314277,0.020949804
1609060481.281218052,-10.542852797,11.465493869,3.986383990,-10.509069367,11.436273584,3.987731762,0.044687378
1609060481.326537132,-10.498348374,11.439689536,3.986061800,-10.470457059,11.411930148,3.987134415,0.039365716
1609060481.379728079,-10.446312619,11.407970266,3.985757818,-10.432287298,11.388210606,3.986330586,0.024238025
1609060481.444012165,-10.382797342,11.372017290,3.984408667,-10.354488964,11.345885585,3.983343141,0.038540440
1609060481.485725164,-10.347862592,11.353356625,3.980822896,-10.317274059,11.324303392,3.981890695,0.042200579
1609060481.527129173,-10.308860473,11.330816699,3.979911070,-10.280401860,11.303403995,3.980187773,0.039514877
1609060481.580744982,-10.256339915,11.302573267,3.977848517,-10.239581057,11.282504287,3.978230015,0.026148973
1609060481.628387213,-10.212530330,11.280002268,3.975951261,-10.201495082,11.262819917,3.977526421,0.020481480
1609060481.682008028,-10.161403486,11.254262651,3.974242644,-10.165845246,11.244474073,3.975859930,0.010870193
1609060481.727735043,-10.118713963,11.233219173,3.973099040,-10.089540556,11.207636776,3.973429811,0.038802785
1609060481.779087067,-10.074125836,11.210779763,3.971792402,-10.051577827,11.190682907,3.972825783,0.030221916
1609060481.828232050,-10.029577764,11.190116155,3.970880160,-10.015915614,11.172023363,3.972632710,0.022739281
1609060481.879717112,-9.985439723,11.170009242,3.969203729,-9.979683083,11.154517337,3.971584762,0.016697524
1609060481.933407068,-9.938945247,11.149368294,3.968621110,-9.944820724,11.139598803,3.970547652,0.011561823
1609060481.981904984,-9.897431121,11.131116536,3.967370132,-9.871339927,11.107118260,3.968944395,0.035484447
1609060482.028050184,-9.857323645,11.113955032,3.965863337,-9.837930347,11.092860865,3.967805235,0.028719938
1609060482.081947088,-9.815035964,11.096871822,3.965975005,-9.801905392,11.078169333,3.966951814,0.022872454
1609060482.128210068,-9.776185349,11.081613480,3.964393445,-9.764152717,11.065060708,3.965917835,0.020520777
1609060482.180625200,-9.736665735,11.066004423,3.964148108,-9.728698846,11.049866430,3.964520143,0.018001238
1609060482.228815079,-9.697544771,11.050547774,3.962043856,-9.662180914,11.024853684,3.961400033,0.043717310
1609060482.279059172,-9.660365953,11.034579389,3.960064371,-9.628162810,11.013073975,3.960015166,0.038723736
1609060482.327528000,-9.622398480,11.019963098,3.957975029,-9.597268154,10.999560327,3.958785578,0.032379983
1609060482.380026102,-9.577028107,11.001917650,3.954338102,-9.565082451,10.986979553,3.957169865,0.019335572
1609060482.429511070,-9.537530248,10.986980846,3.951781716,-9.533243198,10.976951878,3.955528093,0.011532317
1609060482.482517004,-9.497282492,10.971614069,3.949239034,-9.472221482,10.952889090,3.952312117,0.031434422
1609060482.527718067,-9.462100595,10.958515504,3.946814622,-9.442837814,10.941371723,3.950525407,0.026052521
1609060482.621788979,-9.401379421,10.935528873,3.943834810,-9.386381766,10.922005550,3.946547871,0.020375736
1609060482.734424114,-9.326751848,10.906291351,3.940577549,-9.304027480,10.890338275,3.940145934,0.027768397
1609060482.779277086,-9.297025547,10.894418416,3.938552975,-9.277087624,10.879728351,3.938491178,0.024765351
1609060482.828587055,-9.266018029,10.881842201,3.936676778,-9.251711446,10.868206859,3.937515106,0.019781397
1609060482.881298065,-9.235431571,10.869530343,3.934412903,-9.226499942,10.857520575,3.936725470,0.015144520
1609060482.930871010,-9.206936976,10.857055321,3.934612392,-9.201621414,10.846945156,3.936235651,0.011537140
1609060482.980209112,-9.180181596,10.844153307,3.935198278,-9.177094190,10.834469736,3.935823904,0.010183076
1609060483.028465986,-9.153162357,10.830291260,3.935486830,-9.131786665,10.810125296,3.936511697,0.029404705
1609060483.081049204,-9.126793447,10.815984171,3.936462207,-9.109259597,10.798393932,3.937307176,0.024850883
1609060483.128555059,-9.100710847,10.802420438,3.937315896,-9.087461944,10.785720743,3.938027021,0.021328829
1609060483.180977106,-9.076957465,10.786955082,3.937738900,-9.067135215,10.772056621,3.939717917,0.017954310
1609060483.230127096,-9.051767670,10.770892145,3.938792519,-9.025205234,10.745120661,3.941946260,0.037144023
1609060483.281493187,-9.027401487,10.754455168,3.939597363,-9.005315757,10.729472295,3.942899728,0.033508641
1609060483.328428030,-9.003753730,10.737534066,3.940532944,-8.985765768,10.713795537,3.943744573,0.029956620
1609060483.378969193,-8.983128038,10.718385310,3.945965891,-8.964424604,10.695402434,3.945595847,0.029633899
1609060483.430318117,-8.958532561,10.696485009,3.947544710,-8.944796429,10.676454110,3.946079115,0.024332411
1609060483.480869055,-8.935351721,10.669549433,3.949711020,-8.908422335,10.637174330,3.949090438,0.042115606
1609060483.528273106,-8.912078438,10.645336870,3.951616176,-8.889367281,10.615454339,3.950547590,0.037548691
1609060483.579897165,-8.888822806,10.616483717,3.951676218,-8.870676272,10.592916867,3.951510873,0.029744251
1609060483.628494024,-8.865207539,10.588203084,3.952608056,-8.853515021,10.570814673,3.952113491,0.020959876
1609060483.682538033,-8.843631522,10.552985212,3.952488471,-8.835253287,10.545678987,3.952385261,0.011116943
1609060483.730038166,-8.823585019,10.522402913,3.955309038,-8.799468317,10.492412999,3.952486464,0.038587266
1609060483.772054195,-8.804373439,10.493598960,3.955597374,-8.781147850,10.462740585,3.952861262,0.038718906
1609060483.822942019,-8.782518779,10.457444203,3.955052548,-8.763033657,10.432252508,3.952423104,0.031956305
1609060483.874164104,-8.760970752,10.418988381,3.954113553,-8.745532867,10.401142080,3.952214744,0.023673281
1609060483.923398018,-8.739117604,10.380442474,3.953305083,-8.728318705,10.368127975,3.951181701,0.016515806
1609060483.980666161,-8.717028313,10.336615687,3.950892636,-8.711051327,10.334463936,3.951132807,0.006357050
1609060484.028288126,-8.697182022,10.298593614,3.950373992,-8.677509631,10.267582986,3.948879237,0.036754541
1609060484.081130028,-8.676561631,10.255358075,3.950849418,-8.659976527,10.233109138,3.947452258,0.027957495
1609060484.131193161,-8.655018777,10.213624929,3.947807000,-8.641806082,10.197063361,3.946091134,0.021255706
1609060484.179687977,-8.634873041,10.172284159,3.944103818,-8.624951820,10.161546777,3.943471959,0.014632882
1609060484.229885101,-8.612411523,10.126921848,3.940654135,-8.591633182,10.085807498,3.937734296,0.046159016
1609060484.281463146,-8.593061338,10.082207987,3.938282830,-8.575615625,10.047517557,3.934838615,0.038982579
1609060484.329643011,-8.571054387,10.039362832,3.934408183,-8.557503770,10.010142557,3.931710434,0.032322153
1609060484.380283117,-8.551154763,9.993813978,3.928931310,-8.539726041,9.970428978,3.927744522,0.026055372
1609060484.429648161,-8.528395743,9.950108106,3.924155917,-8.520713214,9.932222818,3.923717974,0.019470402
1609060484.481362104,-8.506798657,9.905342620,3.917267217,-8.485348972,9.860284969,3.913487593,0.050045643
1609060484.534080029,-8.481529553,9.859360120,3.910345208,-8.465844048,9.823479896,3.909207882,0.039175491
1609060484.579492092,-8.457264138,9.816800383,3.908148295,-8.445874587,9.787289274,3.904641864,0.031826443
1609060484.629556179,-8.429548491,9.773623331,3.901612713,-8.426386134,9.752552591,3.899379014,0.021423491
1609060484.681941986,-8.401726175,9.726472650,3.893054131,-8.404538803,9.716727671,3.893120933,0.010142975
1609060484.730236053,-8.371771604,9.685619756,3.886865443,-8.358504373,9.648477993,3.882941262,0.039634950
1609060484.779811144,-8.346402544,9.644236121,3.877570814,-8.334155803,9.614862451,3.877498237,0.031824525
1609060484.828018188,-8.317661522,9.606056560,3.873641308,-8.310488819,9.583953244,3.872401643,0.023271034
1609060484.878533125,-8.285196416,9.566553929,3.867135684,-8.284659860,9.552438962,3.866270225,0.014151650
1609060484.930534124,-8.253226349,9.529547764,3.860865056,-8.258595598,9.522264639,3.860917812,0.009048509
1609060484.981159210,-8.218327954,9.493251266,3.853961340,-8.201685982,9.462780897,3.850185817,0.034923533
1609060485.028194189,-8.183884137,9.461221468,3.846822531,-8.173891837,9.437525537,3.844716398,0.025802694
1609060485.079768181,-8.147453383,9.428197990,3.838052892,-8.141601034,9.410360960,3.839558141,0.018832828
1609060485.129080057,-8.110175009,9.398067506,3.831297936,-8.111788502,9.384590871,3.834359764,0.013913944
1609060485.180635214,-8.072218746,9.369813673,3.824425727,-8.080096755,9.361291910,3.829773832,0.012778329
1609060485.228953123,-8.033749854,9.342784288,3.818717039,-8.012490530,9.315549947,3.820647946,0.034603419
1609060485.278696060,-7.994266005,9.315987682,3.812753883,-7.978540199,9.294278813,3.816176295,0.027023857
1609060485.329076052,-7.949830658,9.290777620,3.806590257,-7.939587888,9.270232055,3.811482029,0.023472622
1609060485.380200148,-7.907549160,9.264457366,3.800749250,-7.897551065,9.248075658,3.806257484,0.019966545
1609060485.430720091,-7.861220014,9.241088601,3.795252820,-7.858177151,9.229537444,3.801843100,0.013642582
1609060485.481105089,-7.819578110,9.220310251,3.792405727,-7.782924955,9.194484314,3.792221594,0.044838228
1609060485.527322054,-7.775429200,9.201170158,3.788042857,-7.742812601,9.177606777,3.788596222,0.040241542
1609060485.581003189,-7.726669402,9.182241244,3.783411725,-7.701232046,9.162221939,3.784463481,0.032387311
1609060485.629459143,-7.679609717,9.164574013,3.779178768,-7.662795330,9.148558324,3.779680847,0.023226665
1609060485.682391167,-7.624670049,9.145186541,3.769737021,-7.622143996,9.133002781,3.775263008,0.013614752
1609060485.728686094,-7.576907430,9.129894913,3.765228793,-7.538087038,9.107511194,3.768548534,0.044934111
1609060485.780714035,-7.524331889,9.112945436,3.759721918,-7.496793957,9.094202303,3.765007939,0.033728101
1609060485.828873158,-7.474124181,9.097759036,3.755157324,-7.459639856,9.080741964,3.762185005,0.023425727
1609060485.880715132,-7.425822502,9.079833684,3.754418027,-7.421341483,9.069009773,3.759105509,0.012617808
1609060485.935539007,-7.372663873,9.064177634,3.751409389,-7.337651989,9.045807272,3.752291114,0.039548447
1609060485.979164124,-7.327628487,9.050929710,3.747291553,-7.298118824,9.032985234,3.748203071,0.034549317
1609060486.027441025,-7.280756402,9.035976123,3.743273184,-7.256907813,9.020928261,3.744767139,0.028238719
1609060486.080199003,-7.228427460,9.019560429,3.737928271,-7.214522428,9.009527260,3.740916001,0.017405199
1609060486.128912210,-7.180989914,9.005129010,3.731720276,-7.173984392,8.997515567,3.735886716,0.011153523
1609060486.179495096,-7.134173019,8.991650779,3.723519695,-7.133882313,8.983960136,3.729284290,0.009615667
1609060486.228121042,-7.088123130,8.976602499,3.715004951,-7.054993860,8.959607415,3.715530383,0.037237850
1609060486.281726122,-7.040196732,8.958128404,3.705326927,-7.017325622,8.945290994,3.708584052,0.026429068
1609060486.327965021,-6.998698399,8.941474604,3.696984656,-6.979113830,8.929457382,3.699991166,0.023173434
1609060486.380213022,-6.954099400,8.921713191,3.688184322,-6.944426724,8.914316270,3.693488470,0.013281908
1609060486.428727150,-6.910766818,8.901830953,3.678653765,-6.868163707,8.880817030,3.677118050,0.047528607
1609060486.481432199,-6.868581904,8.881536699,3.670249982,-6.832778552,8.861580924,3.668698977,0.041018516
1609060486.527513027,-6.829812569,8.860610962,3.661751451,-6.799200688,8.842721579,3.661671039,0.035455941
1609060486.580152035,-6.789981185,8.837115202,3.654295180,-6.766059750,8.824531304,3.654215934,0.027029536
1609060486.629222155,-6.750379341,8.813761603,3.645460758,-6.732426155,8.803805581,3.646249966,0.020544150
1609060486.680812120,-6.713606224,8.788931211,3.638421884,-6.669589591,8.760030715,3.631139835,0.053157604
1609060486.728094101,-6.677260693,8.763235593,3.630453477,-6.636775732,8.735878215,3.623494883,0.049354638
1609060486.779956102,-6.635761977,8.729946007,3.621638107,-6.606423444,8.710487059,3.615797431,0.035686323
1609060486.829302073,-6.598124202,8.698873310,3.613757923,-6.577443845,8.684411453,3.608521320,0.025772941
1609060486.881893158,-6.559737685,8.663279086,3.602901985,-6.546452092,8.656970747,3.601030440,0.014825816
1609060486.933675051,-6.520724008,8.626740458,3.594501077,-6.491357201,8.601440790,3.588721826,0.039190335
1609060486.980293036,-6.490387417,8.590181201,3.586929000,-6.465132605,8.573442784,3.582909846,0.030563602
1609060487.030152082,-6.456170707,8.556493165,3.580348805,-6.438449333,8.545723325,3.575988339,0.021190805
1609060487.081585169,-6.420371784,8.517780305,3.573047093,-6.411760437,8.514482163,3.570225597,0.009643333
1609060487.134253025,-6.389567197,8.477513207,3.566004050,-6.358500440,8.450889116,3.558405280,0.041614023
1609060487.179390192,-6.360001345,8.441849962,3.559631663,-6.333220786,8.416318453,3.553241169,0.037548565
1609060487.229357004,-6.328958421,8.400943991,3.552778930,-6.307257259,8.380925521,3.548038221,0.029902405
1609060487.281926155,-6.298247001,8.357630117,3.546161308,-6.283241945,8.346868217,3.543570575,0.018646235
1609060487.332370996,-6.269462108,8.315576200,3.541017505,-6.260375088,8.313987289,3.539288777,0.009385472
1609060487.381510019,-6.242627125,8.273771272,3.536144267,-6.212722579,8.241729897,3.531655996,0.044057645
1609060487.429805994,-6.214847514,8.233084835,3.531119740,-6.191704918,8.208291041,3.527330246,0.034127294
1609060487.481407166,-6.186142920,8.189681998,3.525226611,-6.169244574,8.171961269,3.523854794,0.024524686
1609060487.531018019,-6.158134238,8.147101610,3.519642643,-6.147733047,8.136014923,3.519448095,0.015203198
1609060487.573276997,-6.138627696,8.112175435,3.516105591,-6.127121995,8.101388417,3.516156076,0.015771602
1609060487.623480082,-6.110821005,8.069316297,3.510341217,-6.085312408,8.029205903,3.506886530,0.047659911
1609060487.680495024,-6.084375323,8.021560492,3.503157468,-6.065334830,7.994335525,3.502491355,0.033229248
1609060487.728843212,-6.058467396,7.980993956,3.497064296,-6.043692740,7.954510652,3.497820199,0.030335247
1609060487.780599117,-6.037539537,7.937661179,3.491181941,-6.021345708,7.913220648,3.492399990,0.029343880
1609060487.831240177,-6.012715442,7.894819907,3.484563795,-6.001011372,7.876785315,3.488004589,0.021773168
1609060487.881911993,-5.983612655,7.846988127,3.479921700,-5.965532057,7.807299020,3.477871129,0.043661631
1609060487.928303003,-5.959843307,7.806971965,3.473797283,-5.946384743,7.771130320,3.472727495,0.038300142
1609060487.979984045,-5.939141889,7.760805151,3.465438901,-5.928009516,7.735311417,3.467588960,0.027901307
1609060488.029487133,-5.914303271,7.717637409,3.458508445,-5.911495457,7.701105023,3.462062055,0.017141522
1609060488.082446098,-5.897042118,7.668576786,3.450371374,-5.893041116,7.665715801,3.455951502,0.007438486
1609060488.130092144,-5.878291826,7.629154274,3.444097780,-5.859080849,7.597848177,3.443749693,0.036732200
1609060488.181658030,-5.855530463,7.584362714,3.435686803,-5.842178755,7.561548312,3.436836036,0.026459134
1609060488.228613138,-5.836151777,7.546131422,3.428122246,-5.825536470,7.527431117,3.430766567,0.021665146
1609060488.281764984,-5.813572979,7.501288714,3.419515819,-5.810332436,7.495488853,3.424337589,0.008209079
1609060488.328850031,-5.795283606,7.462237044,3.411703893,-5.778542129,7.427676684,3.410820844,0.038411917
1609060488.380331039,-5.777848339,7.420563918,3.402950173,-5.763198586,7.394705826,3.404531221,0.029761651
1609060488.429883003,-5.759120978,7.381546293,3.395981914,-5.747615781,7.360990016,3.398553666,0.023696919
1609060488.480764151,-5.740942151,7.342643525,3.389434329,-5.732062451,7.327814694,3.392068875,0.017483825
1609060488.535542011,-5.721588174,7.299298207,3.378572221,-5.716439310,7.294587994,3.385679762,0.009960625
1609060488.580343008,-5.705327034,7.264173002,3.371138193,-5.701216954,7.260835100,3.379015028,0.009490989
1609060488.629785061,-5.685436271,7.226798391,3.363933335,-5.669968747,7.196793478,3.367269662,0.033921531
1609060488.681182146,-5.667483163,7.189194812,3.360431082,-5.654970632,7.167440152,3.362475348,0.025179509
1609060488.733952999,-5.645967829,7.151338403,3.354348115,-5.638226826,7.136649964,3.357135765,0.016835805
1609060488.780320168,-5.628337387,7.118207502,3.348660587,-5.621209410,7.108034582,3.351963283,0.012853177
1609060488.830223083,-5.605903525,7.084186258,3.342658573,-5.588601716,7.051426909,3.341553805,0.037064107
1609060488.878646135,-5.589816479,7.053283452,3.335675792,-5.572802076,7.022984039,3.336429022,0.034757901
1609060488.926599026,-5.569970527,7.019745188,3.330240742,-5.556392503,6.993312027,3.331676372,0.029751231
1609060488.980388165,-5.546447459,6.980380876,3.320832567,-5.538552151,6.961617749,3.327407359,0.021392024
1609060489.026468992,-5.525522125,6.949014005,3.315865216,-5.521296244,6.932821950,3.323077537,0.018222467
1609060489.085741043,-5.501972656,6.905028062,3.310623616,-5.487245798,6.878157334,3.316173304,0.031140254
1609060489.127518177,-5.482320819,6.875942664,3.307891258,-5.471245054,6.848236076,3.314171235,0.030492059
1609060489.181252003,-5.461072159,6.838163837,3.308726767,-5.449637553,6.821695288,3.312409112,0.020384381
1609060489.229586124,-5.440731171,6.805069285,3.305790125,-5.431805035,6.795126939,3.309816691,0.013954905
1609060489.282239199,-5.414957784,6.768292488,3.302905638,-5.412671658,6.766252711,3.307865452,0.005829821
1609060489.327752113,-5.393954180,6.737135055,3.301927018,-5.374285211,6.712195045,3.304337097,0.031854056
1609060489.379934072,-5.367148901,6.701403751,3.299594862,-5.352958623,6.684064009,3.302681403,0.022617635
1609060489.424185991,-5.343221076,6.672114012,3.297598508,-5.331821177,6.657719900,3.301335282,0.018737973
1609060489.474608183,-5.317014379,6.641341185,3.295330665,-5.310724730,6.632402964,3.299747721,0.011788209
1609060489.524008036,-5.289852185,6.608565116,3.293233356,-5.288378829,6.605264092,3.298176471,0.006123881
1609060489.573360205,-5.264905995,6.576694492,3.289630830,-5.244007017,6.552198943,3.293848156,0.032474375
1609060489.623059988,-5.235740451,6.544505724,3.287123188,-5.220853251,6.525239291,3.292310368,0.024894396
1609060489.680881023,-5.206797002,6.508742468,3.284562699,-5.196836090,6.498616568,3.290439871,0.015371882
1609060489.728197098,-5.176843089,6.479315769,3.281873676,-5.171072675,6.472104797,3.288377159,0.011295622
1609060489.780966043,-5.147598478,6.447935956,3.279146583,-5.145556105,6.445607461,3.287110909,0.008545389
1609060489.828963041,-5.116860576,6.419098580,3.276741155,-5.094206085,6.394548398,3.283454418,0.034073527
1609060489.879400015,-5.088965930,6.390833238,3.274114829,-5.069356790,6.371914698,3.281176441,0.028147751
1609060489.928678036,-5.056584761,6.363163182,3.271279093,-5.039568910,6.345237581,3.278820593,0.025840677
1609060489.979420185,-5.023938558,6.337118981,3.272926380,-5.008979415,6.319112248,3.276149091,0.023630579
1609060490.031026125,-4.987410570,6.310422125,3.271179563,-4.979154948,6.296846912,3.274506050,0.016232905
1609060490.081745148,-4.948042910,6.281850697,3.268964691,-4.920770405,6.256461726,3.271319901,0.037335458
1609060490.129084110,-4.910665933,6.258761888,3.267331707,-4.890651640,6.235903862,3.269643582,0.030469756
1609060490.180391073,-4.872934737,6.232706733,3.263106410,-4.858946253,6.216551980,3.267923294,0.021905618
1609060490.229308128,-4.833512482,6.209248521,3.260930065,-4.829154879,6.198588310,3.265969124,0.012570637
1609060490.280956984,-4.796555524,6.184635326,3.260463700,-4.798127351,6.179117359,3.263906102,0.006690944
1609060490.329324007,-4.762359943,6.163387288,3.258359395,-4.737125996,6.144259623,3.260644500,0.031746517
1609060490.380764008,-4.720482180,6.140390347,3.256037303,-4.704578608,6.126366826,3.258999347,0.021409261
1609060490.429780006,-4.684403315,6.120351921,3.253352923,-4.673989428,6.108368636,3.256992770,0.016287930
1609060490.481692076,-4.642946633,6.098092501,3.250817677,-4.643974691,6.092063533,3.255103839,0.007468368
1609060490.529579163,-4.606854404,6.077314385,3.248783886,-4.580072168,6.057053776,3.250287925,0.033616106
1609060490.579999208,-4.569958563,6.055578149,3.246102598,-4.549908138,6.038775231,3.247173730,0.026182149
1609060490.629163027,-4.533167576,6.034344227,3.242712919,-4.518577763,6.019855401,3.244313015,0.020623990
1609060490.681888103,-4.497062480,6.011262802,3.239042017,-4.486513198,6.001656765,3.241067926,0.014410677
1609060490.728027105,-4.462593496,5.989745795,3.235232130,-4.455806323,5.981659797,3.237316481,0.010760743
1609060490.781954050,-4.424172751,5.962701485,3.230203715,-4.424475296,5.960417708,3.233262668,0.003829407
1609060490.830234051,-4.388550430,5.938126268,3.225520002,-4.364142444,5.918985058,3.225773398,0.031019348
1609060490.882236004,-4.356019047,5.912627286,3.220830410,-4.335407688,5.896364443,3.221238267,0.026257847
1609060490.927493095,-4.324196425,5.886100623,3.216301182,-4.306368236,5.871916528,3.217383432,0.022807984
1609060490.979726076,-4.291725714,5.855965765,3.211591357,-4.277817629,5.846718609,3.213480964,0.016808192
1609060491.030094147,-4.256855878,5.823796842,3.207672086,-4.222620811,5.793021374,3.206499970,0.046049355
1609060491.081507206,-4.226361143,5.789878053,3.204703341,-4.195774182,5.764389555,3.203693240,0.039827704
1609060491.128799200,-4.194433763,5.756775004,3.201986514,-4.169106391,5.734753238,3.201251134,0.033570445
1609060491.179252148,-4.160741362,5.714108614,3.202995842,-4.142169490,5.701667794,3.199336802,0.022651203
1609060491.237707138,-4.121969102,5.666382721,3.201509817,-4.090340021,5.634459026,3.195204551,0.045379262
1609060491.285046101,-4.093263385,5.624811942,3.197296015,-4.064113771,5.597913761,3.192980909,0.039897772
1609060491.327813148,-4.064448157,5.586779506,3.195685448,-4.038490509,5.560351065,3.192400220,0.037189443
1609060491.379707098,-4.033540827,5.538645692,3.192975944,-4.013500261,5.522034509,3.191378276,0.026078884
1609060491.431063175,-4.002088434,5.490771494,3.192624390,-3.990229863,5.485691272,3.190550282,0.013066609
1609060491.483215094,-3.968959180,5.439017062,3.192576386,-3.965973521,5.445483800,3.191148958,0.007264324
1609060491.534535170,-3.942313916,5.388952705,3.195572200,-3.919041186,5.361370827,3.191977099,0.036267129
1609060491.580775023,-3.914392627,5.341467116,3.196402760,-3.895304886,5.317450666,3.193192675,0.030845362
1609060491.630144119,-3.886464337,5.290219059,3.196721486,-3.871596516,5.273114523,3.194094456,0.022814876
1609060491.681989193,-3.859543475,5.235407725,3.196747031,-3.849766553,5.228901869,3.195929593,0.011772110
1609060491.729292154,-3.833967677,5.185894356,3.197667432,-3.829133901,5.187650558,3.196400448,0.005296686
1609060491.782570124,-3.806021913,5.131372159,3.198876746,-3.784858974,5.098009120,3.199630126,0.039516199
1609060491.829774141,-3.780240573,5.082420779,3.200408571,-3.763925618,5.056209410,3.201103976,0.030881989
1609060491.882502079,-3.753320384,5.028273379,3.202447228,-3.741759376,5.011577996,3.203013489,0.020315349
1609060491.929095984,-3.727504488,4.980256080,3.203221223,-3.720992311,4.969665736,3.203921009,0.012452050
1609060491.981079102,-3.703085274,4.929168509,3.203425702,-3.700487900,4.928558717,3.204745271,0.002976484
1609060492.029659986,-3.675042120,4.881129253,3.203543190,-3.655129652,4.843308350,3.207089595,0.042889440
1609060492.080188990,-3.649378016,4.832180498,3.204690056,-3.633943006,4.803434333,3.207944615,0.032789841
1609060492.128679991,-3.621681719,4.785830015,3.204729880,-3.611002685,4.761478332,3.208347344,0.026835280
1609060492.182240009,-3.596689917,4.737589031,3.204366513,-3.589180966,4.723560605,3.208270828,0.016383674
1609060492.230466127,-3.569335388,4.693951315,3.204084823,-3.542692384,4.647225290,3.207833778,0.053918696
1609060492.279041052,-3.538691976,4.646480802,3.204328886,-3.518365525,4.610372105,3.208062725,0.041604617
1609060492.328356028,-3.507184185,4.603686301,3.203903236,-3.493402829,4.574662235,3.207848599,0.032371099
1609060492.380124092,-3.473609614,4.560262065,3.203030583,-3.466819070,4.539121285,3.207841168,0.022719723
1609060492.428395033,-3.439543729,4.521394454,3.203013968,-3.439471868,4.504566067,3.208018658,0.017556957
1609060492.484305143,-3.404772631,4.476866425,3.205163084,-3.385992000,4.443769429,3.209911273,0.038349297
1609060492.534708023,-3.369407440,4.439071213,3.206737886,-3.356648628,4.414114568,3.211132559,0.028371369
1609060492.579715014,-3.335668346,4.406857874,3.208566969,-3.326930996,4.384746394,3.213330199,0.024247622
1609060492.630504131,-3.300790611,4.373347823,3.210253332,-3.298351328,4.360258222,3.214631762,0.014016362
1609060492.682944059,-3.260247504,4.338887219,3.212867765,-3.266403364,4.332971734,3.216635948,0.009332030
1609060492.730010033,-3.224130798,4.311044827,3.215099570,-3.201103353,4.284853059,3.220585444,0.035303919
1609060492.779417038,-3.187544332,4.283599216,3.217438462,-3.167986267,4.261301456,3.222875498,0.030154093
1609060492.828896046,-3.148081118,4.256263527,3.220740408,-3.134825952,4.238559232,3.225500692,0.022623037
1609060492.881380081,-3.107548813,4.228867740,3.224722950,-3.100137384,4.216246976,3.229099918,0.015276478
1609060492.929259062,-3.068275922,4.204046154,3.228786358,-3.064866152,4.195713653,3.232641618,0.009793883
1609060492.980987072,-3.026168032,4.178553916,3.233272636,-3.028526560,4.174427889,3.236056913,0.005508081
1609060493.029018164,-2.983653945,4.155917448,3.236886943,-2.958571463,4.135057385,3.242188162,0.033051113
1609060493.079579115,-2.943688590,4.133345821,3.243361738,-2.922918644,4.116735716,3.245304397,0.026665711
1609060493.128925085,-2.901047684,4.110395710,3.247135083,-2.886407097,4.097187428,3.248131554,0.019743314
1609060493.180499077,-2.860334454,4.086362203,3.248332835,-2.851639131,4.078082054,3.249714198,0.012086259
1609060493.228688002,-2.817752285,4.064082777,3.249632654,-2.781173357,4.041390048,3.252356812,0.043132342
1609060493.280271053,-2.777877112,4.041536216,3.250061627,-2.745748712,4.021707744,3.252869983,0.037858807
1609060493.328587055,-2.736428771,4.017424812,3.249871064,-2.710321055,3.999935933,3.252744508,0.031555196
1609060493.380046129,-2.689895848,3.988717298,3.247141741,-2.672423585,3.975660834,3.252795997,0.022532684
1609060493.428469181,-2.646975822,3.961755023,3.246145190,-2.635112776,3.952465592,3.253031316,0.016566355
1609060493.480937004,-2.604309754,3.927932419,3.249356413,-2.567651824,3.905626464,3.251602512,0.042969808
1609060493.529367208,-2.561290035,3.896987330,3.248557468,-2.532539672,3.878478870,3.251280253,0.034301020
1609060493.579791069,-2.518851454,3.862281511,3.252643630,-2.496910515,3.850924507,3.250728555,0.024780110
1609060493.628499031,-2.479185828,3.828801187,3.250766117,-2.463239674,3.824049623,3.249206015,0.016712004
1609060493.682790041,-2.432237241,3.787780586,3.248562548,-2.428404229,3.792664809,3.247636454,0.006277361
1609060493.728916168,-2.393708644,3.751730024,3.246318443,-2.361029762,3.729210011,3.244788498,0.039716509
1609060493.780441999,-2.348647263,3.708149522,3.243524466,-2.325410757,3.693198186,3.243257351,0.027632391
1609060493.829635143,-2.307605296,3.665365717,3.240967700,-2.292081848,3.657052042,3.241448752,0.017616074
1609060493.883442163,-2.264244267,3.617927360,3.238124965,-2.259343047,3.622228898,3.238913895,0.006568683
1609060493.929495096,-2.225975699,3.574513000,3.235851361,-2.191568300,3.542221051,3.235737674,0.047187414
1609060493.978958130,-2.187036280,3.525115808,3.233248154,-2.159084841,3.499883402,3.234381800,0.037672834
1609060494.028350115,-2.146041469,3.474572526,3.230783049,-2.125415477,3.454313186,3.234099123,0.029101009
1609060494.082203150,-2.103635845,3.419197600,3.228973277,-2.090688389,3.409114652,3.232799628,0.016850621
1609060494.129577160,-2.063723527,3.366186302,3.226829151,-2.058871205,3.364294182,3.230420373,0.006326296
1609060494.183086157,-2.024038381,3.305351486,3.226364403,-1.991515558,3.264740085,3.229604412,0.052129815
1609060494.228484154,-1.986474922,3.251569658,3.225155231,-1.960718796,3.217288761,3.228997738,0.043050236
1609060494.280737162,-1.948425954,3.189258571,3.226028994,-1.926748641,3.163868435,3.227845597,0.033434488
1609060494.329248190,-1.908412676,3.129251301,3.225400110,-1.893656536,3.111677271,3.226773194,0.022988596
1609060494.374109983,-1.876851955,3.075532201,3.222858622,-1.862042060,3.059907569,3.226303853,0.021802104
1609060494.429419041,-1.832367604,3.004913703,3.221420049,-1.796710871,2.950190359,3.224332308,0.065379876
1609060494.481046200,-1.784858690,2.930277280,3.224252966,-1.765327827,2.896246124,3.224341653,0.039237508
1609060494.533081055,-1.739818874,2.858797817,3.224164714,-1.730076865,2.837573805,3.223563262,0.023360803
1609060494.580868006,-1.702371040,2.788393089,3.222323904,-1.697214749,2.780494806,3.223064885,0.009461462
1609060494.630129099,-1.659734423,2.718580756,3.222280401,-1.633088229,2.667181617,3.221314744,0.057903572
1609060494.679522991,-1.624246589,2.647007752,3.217221113,-1.600595119,2.608029371,3.220332261,0.045698856
1609060494.730046988,-1.583995408,2.572718719,3.216889924,-1.567574717,2.549367349,3.220536377,0.028778850
1609060494.779560089,-1.542224050,2.500011686,3.216570665,-1.534147918,2.488909696,3.220489774,0.014277167
1609060494.830006123,-1.504020236,2.428838614,3.216625607,-1.503404247,2.431117246,3.220670708,0.004683423
1609060494.881098986,-1.460968241,2.353279482,3.216699063,-1.435695247,2.307606769,3.221762066,0.052443826
1609060494.928388119,-1.422793579,2.282876379,3.217593825,-1.402540359,2.244393296,3.221081630,0.043626888
1609060494.981044054,-1.382617104,2.204256475,3.219689848,-1.370315429,2.183008123,3.221011268,0.024588002
1609060495.029597044,-1.343080023,2.131960923,3.220032774,-1.338951074,2.124635702,3.220376968,0.008415791
1609060495.082610130,-1.301539566,2.052571474,3.219768419,-1.304259948,2.061595074,3.221049786,0.009511452
1609060495.129621983,-1.263271929,1.982651788,3.220189092,-1.237795808,1.936062033,3.221006990,0.053106563
1609060495.180171013,-1.224120428,1.907987736,3.221394583,-1.202918384,1.871570894,3.222882980,0.042165488
1609060495.229920149,-1.182090093,1.832574437,3.223071649,-1.167532852,1.805522412,3.223792771,0.030728576
1609060495.281436205,-1.144926769,1.758081861,3.224767822,-1.134313002,1.741766178,3.225028440,0.019465906
1609060495.335170031,-1.100973858,1.678708111,3.226879708,-1.101136290,1.679511269,3.226810097,0.000822370
1609060495.382240057,-1.066768715,1.610189648,3.228791750,-1.065809835,1.612928732,3.227376389,0.003228820
1609060495.429296017,-1.028024735,1.540453310,3.230846696,-1.000211104,1.486879204,3.231467122,0.060366943
1609060495.483244181,-0.989880709,1.461625660,3.233990362,-0.967205642,1.424889304,3.233416363,0.043174622
1609060495.528154135,-0.954478804,1.395816008,3.236656848,-0.933704499,1.361103850,3.235569885,0.040468347
1609060495.580590010,-0.908240806,1.309330994,3.238556193,-0.901207160,1.296931098,3.236480045,0.014406249
1609060495.628806114,-0.868066481,1.236011478,3.241524653,-0.837113574,1.172769303,3.241678384,0.070410786
1609060495.681596041,-0.826582926,1.151212657,3.243339586,-0.805307655,1.110413621,3.243975734,0.046017422
1609060495.728053093,-0.787663447,1.078985198,3.246345733,-0.775228782,1.050720609,3.246988666,0.030885615
1609060495.781130075,-0.748590852,0.994319048,3.249516545,-0.745857485,0.991173127,3.249720354,0.004172487
1609060495.830497026,-0.711114299,0.919173413,3.253272609,-0.683124295,0.868421135,3.254519745,0.057972315
1609060495.881890059,-0.670054037,0.839717823,3.256537357,-0.652257294,0.805430910,3.257045853,0.038633858
1609060495.929169178,-0.636124882,0.767709284,3.259108286,-0.623170721,0.745758375,3.260086996,0.025507069
1609060495.979615211,-0.597349706,0.690272516,3.262199790,-0.591049538,0.681773144,3.262922529,0.010604423
1609060496.030449152,-0.559970006,0.614803075,3.265615788,-0.560611592,0.620334410,3.265620562,0.005568421
1609060496.082633018,-0.523865367,0.539164136,3.269317128,-0.499661366,0.493562529,3.271095501,0.051657554
1609060496.130023003,-0.489840532,0.470764167,3.271878997,-0.469570200,0.433154098,3.274114971,0.042783212
1609060496.181450129,-0.455065464,0.397050896,3.274639284,-0.440845864,0.372602337,3.277456459,0.028422976
1609060496.229318142,-0.422905961,0.329270198,3.277760345,-0.414741500,0.316836397,3.280386927,0.015104859
1609060496.281906128,-0.389370698,0.256827327,3.281022354,-0.386991772,0.256650381,3.284046962,0.003852123
1609060496.329352140,-0.356795848,0.191800839,3.284631810,-0.334255418,0.148136035,3.292019429,0.049691680
1609060496.380367041,-0.324682762,0.124264826,3.292962681,-0.309930181,0.095996610,3.294562718,0.031926334
1609060496.429882050,-0.292857659,0.060930193,3.297188338,-0.284939612,0.041553059,3.297386038,0.020933415
1609060496.482614040,-0.264682860,-0.004370216,3.301870381,-0.258637283,-0.013177068,3.300757036,0.010740074
1609060496.530198097,-0.235305555,-0.061909139,3.304826551,-0.210631409,-0.116113964,3.306498570,0.059579965
1609060496.579577208,-0.210367429,-0.119947766,3.305259922,-0.187430686,-0.167036459,3.308461700,0.052475618
1609060496.629139185,-0.181087098,-0.178963083,3.308588957,-0.163613048,-0.217272934,3.311504005,0.042207637
1609060496.680529118,-0.150938135,-0.242292748,3.308681528,-0.141382721,-0.266433336,3.313924211,0.026486971
1609060496.729876995,-0.122866030,-0.297870180,3.310908603,-0.119887506,-0.314175011,3.316544079,0.017506504
1609060496.781874180,-0.098082434,-0.356846599,3.313969473,-0.098299298,-0.362419990,3.318586986,0.007240936
1609060496.830726147,-0.071455899,-0.409179421,3.315403660,-0.057081996,-0.451065930,3.321169145,0.044657917
1609060496.879760027,-0.049701966,-0.464477177,3.319474439,-0.038959558,-0.491149925,3.321262613,0.028810282
1609060496.931555986,-0.025406580,-0.517087455,3.320283302,-0.018386848,-0.536647688,3.321388132,0.020811055
1609060496.979130030,-0.001839412,-0.564606739,3.319825439,0.002798505,-0.581568063,3.320808969,0.017611476
1609060497.030738115,0.019577605,-0.614177398,3.319769786,0.021536078,-0.621414183,3.320352940,0.007519757
1609060497.082527161,0.043824414,-0.663840531,3.318173815,0.055830229,-0.695718915,3.317330175,0.034074663
1609060497.128504992,0.064369756,-0.704735092,3.316102619,0.073792077,-0.733090481,3.315870689,0.029880797
1609060497.180168152,0.084905558,-0.748449772,3.312560305,0.091132686,-0.769152604,3.313450407,0.021637390
1609060497.229369164,0.105983966,-0.791068820,3.310005192,0.106370274,-0.803048078,3.310915316,0.012019991
1609060497.282119989,0.126569371,-0.834793677,3.307131218,0.123442517,-0.839577249,3.307996109,0.005779949
1609060497.331099033,0.145738948,-0.874998861,3.304235877,0.155815628,-0.908944826,3.300499561,0.035606573
1609060497.379763126,0.163311480,-0.913463893,3.300828597,0.172546617,-0.943541423,3.296483047,0.031762075
1609060497.430797100,0.185233888,-0.953401303,3.295943867,0.188564341,-0.976454909,3.292615384,0.023529545
1609060497.479521990,0.200387721,-0.992832631,3.290071827,0.204139743,-1.010155358,3.287844360,0.017863822
1609060497.539794207,0.223529923,-1.039926869,3.282666021,0.235044667,-1.075728058,3.278412434,0.037847159
1609060497.585959196,0.239847560,-1.075876964,3.275342819,0.251135148,-1.107690187,3.273065840,0.033833052
1609060497.628929138,0.257225285,-1.109298452,3.269158206,0.266199512,-1.138513539,3.268508030,0.030569278
1609060497.679800987,0.275020773,-1.148760391,3.264113861,0.282451264,-1.172252752,3.262130762,0.024719141
1609060497.728677988,0.295649936,-1.187030172,3.257325108,0.298506463,-1.204324963,3.256194411,0.017565536
1609060497.782530069,0.320385408,-1.230190608,3.249193828,0.314620593,-1.235499023,3.250150742,0.007894811
1609060497.828576088,0.341638088,-1.265567943,3.243114404,0.348055942,-1.299843965,3.237289541,0.035354824
1609060497.881426096,0.359377122,-1.311073260,3.232528069,0.364203626,-1.330343563,3.232067036,0.019870890
1609060497.928340197,0.380794147,-1.348550666,3.226280205,0.382777432,-1.366105469,3.226017563,0.017668432
1609060497.980730057,0.400604890,-1.391462123,3.217971571,0.401406560,-1.402633319,3.219736480,0.011338130
1609060498.030624151,0.419291712,-1.432465144,3.211817897,0.418626662,-1.435508598,3.214974384,0.004434898
1609060498.081089020,0.442293767,-1.474238580,3.206185719,0.451847201,-1.500109200,3.207053620,0.027591853
1609060498.129364014,0.460786255,-1.511962651,3.202255941,0.469733985,-1.532517544,3.205384221,0.022635186
1609060498.179213047,0.483286290,-1.552883717,3.198416086,0.488028155,-1.566068542,3.202800150,0.014681448
1609060498.229629040,0.506175066,-1.593491779,3.195080027,0.504650558,-1.598114643,3.200512090,0.007293991
1609060498.282165051,0.528588125,-1.634609760,3.192526101,0.523496433,-1.631570006,3.197928202,0.008021728
1609060498.330411196,0.550993148,-1.671093183,3.191029823,0.560594924,-1.696362574,3.196577976,0.027595620
1609060498.380028009,0.573464011,-1.709494599,3.189895091,0.579103814,-1.730486854,3.195990700,0.022575177
1609060498.428318977,0.594938628,-1.749361710,3.189567199,0.598085001,-1.763263175,3.195829693,0.015568213
1609060498.482119083,0.617849267,-1.792780662,3.190344629,0.616225576,-1.795394515,3.195500316,0.006004141
1609060498.530372143,0.641595401,-1.831949699,3.189803670,0.636340672,-1.830204000,3.194826871,0.007476107
1609060498.580444098,0.661248562,-1.869709642,3.192996682,0.675411420,-1.899004356,3.193846242,0.032549786
1609060498.629819155,0.685401401,-1.909300365,3.192680259,0.695225138,-1.933949241,3.193127648,0.026538142
1609060498.681581020,0.704432178,-1.952981206,3.191561173,0.714873379,-1.970383204,3.192855119,0.020335253
1609060498.728110075,0.727148422,-1.991858213,3.191365403,0.735261492,-2.006046526,3.191339901,0.016344136
1609060498.786158085,0.750839002,-2.041851940,3.189225124,0.774662945,-2.078536311,3.188508770,0.043747417
1609060498.829328060,0.771409611,-2.080728933,3.187853186,0.793086814,-2.117108541,3.187203392,0.042353267
1609060498.881321192,0.798814931,-2.131580348,3.186217433,0.812392514,-2.154024829,3.185371746,0.026245393
1609060498.928911209,0.823804655,-2.176376975,3.184545559,0.833828395,-2.195656532,3.183215617,0.021770288
1609060498.980941057,0.848803729,-2.230179235,3.181400779,0.854665039,-2.235844598,3.180585920,0.008192393
1609060499.029283047,0.875683819,-2.276970138,3.179620759,0.875196330,-2.277531282,3.177600593,0.002152579
1609060499.083007097,0.899301468,-2.330977280,3.175227724,0.918051659,-2.362276772,3.173779257,0.036514735
1609060499.128166199,0.919350995,-2.376816192,3.173442405,0.938644391,-2.404922256,3.172494595,0.034104022
1609060499.180455208,0.947376526,-2.431444490,3.171358350,0.957290314,-2.446111225,3.170533068,0.017722229
1609060499.228965044,0.970625446,-2.480676686,3.170728636,0.978292701,-2.489510503,3.169128772,0.011806044
1609060499.279461145,0.997575391,-2.535353578,3.168949558,0.999394010,-2.532796268,3.168082031,0.003255735
1609060499.330644131,1.023564043,-2.590477115,3.166384232,1.042146209,-2.626644836,3.165356811,0.040675011
1609060499.381079197,1.048100462,-2.645087484,3.163374105,1.064241826,-2.673838470,3.164834574,0.033004481
1609060499.429335117,1.073713295,-2.698589054,3.162026607,1.084904091,-2.717344362,3.164096649,0.021938107
1609060499.481731176,1.099789274,-2.757396234,3.161588227,1.105016195,-2.763968826,3.163326733,0.008575668
1609060499.528813124,1.123158665,-2.808685173,3.160940020,1.124735219,-2.809377011,3.162861648,0.002580081
1609060499.632210016,1.172910059,-2.917263653,3.160773704,1.187770824,-2.950116038,3.161000473,0.036057911
1609060499.673256159,1.191027472,-2.960241608,3.161544658,1.206800512,-2.993947799,3.160523285,0.037228206
1609060499.721397161,1.216036773,-3.011446779,3.161479570,1.226380554,-3.040015523,3.159493533,0.030448502
1609060499.790719032,1.245560484,-3.083721758,3.158880834,1.265266504,-3.128293905,3.159222049,0.048735202
1609060499.834521055,1.267031556,-3.128483208,3.158380004,1.284326081,-3.174698080,3.158607495,0.049345382
1609060499.881643057,1.287058123,-3.174747532,3.157387794,1.302470931,-3.218113242,3.158249873,0.046031323
1609060499.929025173,1.308537559,-3.221993565,3.156332610,1.320014983,-3.257837555,3.158504897,0.037699360
1609060499.979601145,1.332977023,-3.277831484,3.157764839,1.338005211,-3.299189578,3.157511995,0.021943445
1609060500.030206203,1.358010325,-3.326762599,3.156466754,1.354948048,-3.339277395,3.155804845,0.012901000
1609060500.082598209,1.379481321,-3.378212157,3.153613779,1.372929120,-3.380834588,3.154294448,0.007090261
1609060500.131497145,1.402088795,-3.423006003,3.151597714,1.407341831,-3.458257745,3.149749377,0.035688878
1609060500.180402040,1.417388029,-3.466534322,3.146034751,1.421589136,-3.492261742,3.145584250,0.026072062
1609060500.229773998,1.435690494,-3.509361933,3.142772289,1.437404597,-3.527880031,3.140470138,0.018739210
1609060500.278079033,1.455207147,-3.549392654,3.136248902,1.452683628,-3.560550785,3.135748733,0.011450861
1609060500.330481052,1.471311337,-3.589471454,3.127705689,1.466991840,-3.593602264,3.128545511,0.006035474
1609060500.384297132,1.491347167,-3.629688612,3.118396725,1.495986430,-3.658248757,3.112539869,0.029521305
1609060500.430405140,1.506067884,-3.662307357,3.109489715,1.510504367,-3.687486119,3.104255764,0.026096872
1609060500.481509209,1.520559959,-3.697041820,3.097833569,1.523348550,-3.713684257,3.094869053,0.017132872
1609060500.528917074,1.536337218,-3.727061749,3.085384946,1.536279054,-3.740406006,3.082876498,0.013578103
1609060500.580059052,1.552097817,-3.757473440,3.070658350,1.548835110,-3.764451528,3.070365887,0.007708729
1609060500.630463123,1.566472461,-3.785050698,3.054080388,1.573627832,-3.811679199,3.041276756,0.030400812
1609060500.682104111,1.580133973,-3.811720329,3.036411372,1.585106289,-3.832768592,3.026873700,0.023637269
1609060500.730499029,1.594623073,-3.837018122,3.019749494,1.595903317,-3.854930496,3.011753347,0.019657836
1609060500.779981136,1.602878889,-3.862753855,3.004270491,1.605706461,-3.875862683,2.996498489,0.015499695
1609060500.830636978,1.616044121,-3.887170606,2.987271078,1.616179586,-3.896660228,2.981851546,0.010928980
1609060500.879229069,1.625035377,-3.910481426,2.964781246,1.634981431,-3.936735734,2.950692225,0.031411991
1609060500.929196119,1.637156414,-3.933915303,2.945142633,1.643560054,-3.955311500,2.935289826,0.024410687
1609060500.980226994,1.644629879,-3.958575989,2.923779690,1.651979785,-3.973264996,2.920011838,0.016851847
1609060501.030568123,1.655662142,-3.980502022,2.905818289,1.660450400,-3.990549418,2.905599035,0.011132190
1609060501.082099199,1.665893279,-4.003419702,2.892902526,1.669043758,-4.008770463,2.892024796,0.006271090
1609060501.130629063,1.677456822,-4.023985871,2.880498644,1.685280341,-4.044226078,2.868670499,0.024713932
1609060501.181288004,1.685382313,-4.047321858,2.865788081,1.692215348,-4.060390321,2.858543936,0.016430238
1609060501.229866028,1.695888051,-4.069074160,2.853383932,1.698273766,-4.078063103,2.848806990,0.010365381
1609060501.279139996,1.702134904,-4.091438102,2.838788746,1.704442747,-4.094989274,2.839058625,0.004243795
1609060501.331067085,1.708791188,-4.116748631,2.826866575,1.710206641,-4.113678458,2.828942473,0.003967219
1609060501.383850098,1.718469036,-4.142713136,2.811051661,1.723253554,-4.153280315,2.803293118,0.013955353
1609060501.428828001,1.723696033,-4.162489280,2.795947838,1.729516336,-4.173094190,2.788991298,0.013954694
1609060501.481386185,1.733471347,-4.189081019,2.776137919,1.735739741,-4.192130285,2.774240043,0.004248007
1609060501.528599024,1.741802424,-4.212225093,2.758375374,1.741968008,-4.212664702,2.758640250,0.000539289
1609060501.581145048,1.749288200,-4.237807443,2.740211805,1.748291162,-4.232697575,2.744467033,0.006723972
1609060501.629769087,1.758108160,-4.262547789,2.723976341,1.762380132,-4.274994108,2.716278272,0.015245355
1609060501.678136110,1.765310349,-4.286704855,2.708776010,1.768981116,-4.296033736,2.702940701,0.011599715
1609060501.729612112,1.774576417,-4.313119413,2.692553511,1.777551096,-4.316403409,2.689973841,0.005127187
1609060501.791958094,1.784389188,-4.344148988,2.674521524,1.790370331,-4.358932917,2.666102011,0.018034046
1609060501.833837032,1.793852191,-4.365219195,2.663145743,1.797908308,-4.381429826,2.653239880,0.019425828
1609060501.881379128,1.800271266,-4.387675446,2.647926630,1.805084512,-4.401128735,2.640890758,0.015926765
1609060501.927842140,1.810689791,-4.410333743,2.633366030,1.812226884,-4.422244135,2.627442357,0.013390668
1609060501.979767084,1.817767573,-4.433361939,2.616046666,1.825054556,-4.438562150,2.611524716,0.010029474
1609060502.030068159,1.829098598,-4.457445969,2.598621224,1.827800200,-4.463356763,2.598046002,0.006078997
1609060502.081687212,1.837624171,-4.482812867,2.583379569,1.843388201,-4.503028009,2.571089873,0.024349797
1609060502.129033089,1.848384941,-4.504457933,2.569234814,1.851217309,-4.522968999,2.557784611,0.021949694
1609060502.177217007,1.857260068,-4.526394987,2.553522032,1.858268396,-4.541673740,2.545176453,0.017438626
1609060502.228680134,1.869569343,-4.548926253,2.536279127,1.866207391,-4.561311068,2.530079985,0.014251868
1609060502.281580210,1.877634732,-4.572969751,2.514471672,1.874370041,-4.580009990,2.513603691,0.007808749
1609060502.331065178,1.889194865,-4.593098551,2.496985926,1.881955459,-4.598176492,2.497798745,0.008880043
1609060502.379868984,1.894955728,-4.614083511,2.479145324,1.896324288,-4.630264915,2.469318897,0.018980766
1609060502.429216146,1.900936976,-4.632187627,2.467189279,1.903005225,-4.645504936,2.456424674,0.017248337
1609060502.478612185,1.910084290,-4.649546878,2.452937857,1.909194679,-4.658640443,2.445465323,0.011803520
1609060502.529726028,1.917498386,-4.664999319,2.437828850,1.915735964,-4.672265867,2.432909506,0.008950352
1609060502.581580162,1.926064015,-4.680815321,2.422197387,1.922228836,-4.685122498,2.419888843,0.006212065
1609060502.628553152,1.933869705,-4.693312187,2.408658925,1.934614586,-4.705594494,2.397796479,0.016413489
1609060502.679982185,1.939694875,-4.707670193,2.394785241,1.940349513,-4.715312269,2.387783267,0.010385447
1609060502.729335070,1.946432921,-4.719363750,2.382837057,1.945905371,-4.724189657,2.378431082,0.006555936
1609060502.779874086,1.952632413,-4.728837719,2.370709566,1.951917065,-4.732926576,2.367916740,0.005003034
1609060502.831654072,1.958841484,-4.738589565,2.357596644,1.957777822,-4.741222748,2.356534268,0.003032106
1609060502.876046181,1.962917204,-4.746639951,2.346136998,1.967535255,-4.754052077,2.332783973,0.015955228
1609060502.925194979,1.970884577,-4.754505760,2.331540950,1.973602540,-4.761593341,2.319560346,0.014182948
1609060502.972741127,1.975516677,-4.763486648,2.313988346,1.978939358,-4.767139541,2.306380142,0.009107312
1609060503.024496078,1.984799342,-4.770839714,2.296178432,1.984531290,-4.772492103,2.291925556,0.004570470
1609060503.074285984,1.988983454,-4.774206753,2.281502830,1.989905706,-4.776998206,2.277965558,0.004599462
1609060503.123784065,1.997532615,-4.779689473,2.265033836,2.001895641,-4.786329638,2.249926267,0.017069459
1609060503.173135042,2.001095202,-4.786566569,2.245724364,2.008139990,-4.791332266,2.234913642,0.013755457
1609060503.222823143,2.010288064,-4.792879557,2.226761601,2.014414780,-4.796226762,2.218758307,0.009606576
1609060503.283221006,2.021086904,-4.800911119,2.200262469,2.020541485,-4.801181930,2.202482354,0.002301893
1609060503.329416037,2.030718636,-4.807726067,2.180974035,2.033505407,-4.812048320,2.168373006,0.013610066
1609060503.379991055,2.037183805,-4.816840431,2.158383242,2.033505367,-4.812047471,2.168374356,0.011675862
1609060503.429008007,2.048857744,-4.824676790,2.137362439,2.048794616,-4.823419146,2.132056423,0.005453390
1609060503.478389978,2.053722623,-4.832188995,2.116877968,2.055578919,-4.829078665,2.115369677,0.003923637
1609060503.532170057,2.063306749,-4.838571915,2.093416993,2.062853630,-4.834688989,2.098448637,0.006371803
1609060503.583558083,2.074417329,-4.847270643,2.071692950,2.078887706,-4.848114194,2.063939490,0.008989549
1609060503.628724098,2.081218099,-4.854738312,2.054777327,2.086496528,-4.855307463,2.047513469,0.008997187
1609060503.681049109,2.092145866,-4.864823112,2.033668728,2.093956935,-4.863170865,2.031962962,0.002986558
1609060503.730980158,2.100893098,-4.874420008,2.014270933,2.102212998,-4.871639815,2.016125590,0.003593238
1609060503.781499147,2.108929885,-4.884794406,1.996698306,2.109895162,-4.879423758,2.003262249,0.008535863
1609060503.830842018,2.118629570,-4.895170155,1.982372884,2.126867848,-4.899106965,1.978080339,0.010089284
1609060503.876079082,2.126565385,-4.905153735,1.969798379,2.134292528,-4.908698156,1.967278370,0.008866910
1609060503.923665047,2.136557394,-4.916566261,1.955707074,2.142161754,-4.919246032,1.955194536,0.006233195
1609060503.973829985,2.143306235,-4.929034701,1.943616235,2.149879764,-4.930112080,1.941969634,0.006861729
1609060504.025320053,2.154525636,-4.941451717,1.927836049,2.157417400,-4.940665039,1.929012164,0.003219380
1609060504.075659990,2.160226891,-4.951370938,1.911211131,2.165037356,-4.952413106,1.914822228,0.006104647
1609060504.124380112,2.169504039,-4.963640377,1.896799792,2.176832004,-4.974772111,1.890508764,0.014737423
1609060504.175167084,2.173343892,-4.977208093,1.879240661,2.181283235,-4.986006525,1.878297295,0.011888461
1609060504.224220037,2.180674549,-4.989211325,1.863899755,2.186339672,-4.996163101,1.866003159,0.009211141
1609060504.273495197,2.184274695,-5.001440768,1.850336665,2.191555814,-5.006360492,1.853701466,0.009409584
1609060504.325726032,2.192097494,-5.014010203,1.834455797,2.201105382,-5.028193526,1.829016547,0.017660525
1609060504.372953176,2.198504774,-5.025433414,1.823113138,2.205538876,-5.038947114,1.816161367,0.016745919
1609060504.428673029,2.207468788,-5.038260114,1.807426467,2.209739791,-5.048827840,1.804245642,0.011267295
1609060504.478152037,2.209957652,-5.050490352,1.790393432,2.213741732,-5.057878791,1.792746741,0.008628231
1609060504.529919147,2.218312816,-5.061066472,1.775516105,2.218180541,-5.066767637,1.780611415,0.007647416
1609060504.581017017,2.219036446,-5.072457927,1.763167266,2.224229530,-5.084263047,1.755061660,0.015232525
1609060504.631231070,2.220708602,-5.082859453,1.746845483,2.227282661,-5.092436384,1.742189888,0.012514409
1609060504.682337999,2.225852672,-5.092658159,1.730820297,2.229689811,-5.100100306,1.729740215,0.008442498
1609060504.729389191,2.226834177,-5.101902387,1.715740004,2.231868833,-5.107703037,1.716600027,0.007728838
1609060504.781613111,2.228085213,-5.111918478,1.700631282,2.232605624,-5.115397426,1.704476617,0.006879230
1609060504.830829144,2.228968629,-5.120309588,1.687090323,2.232912142,-5.129815051,1.680873793,0.012022910
1609060504.881592989,2.228147202,-5.128617304,1.673233813,2.232458809,-5.136552181,1.669604291,0.009732711
1609060504.929919004,2.227482411,-5.136210847,1.660591362,2.231508891,-5.143125380,1.658911742,0.008175844
1609060504.979718208,2.225029220,-5.143462870,1.647685207,2.230089493,-5.149392448,1.647730544,0.007795404
1609060505.031477213,2.222148452,-5.151167149,1.633585704,2.228025662,-5.155438672,1.637366654,0.008190427
1609060505.083100080,2.218192858,-5.158688866,1.619335473,2.222447071,-5.167626639,1.615805945,0.010509029
1609060505.129166126,2.215262289,-5.165077670,1.607824357,2.218833393,-5.173024941,1.606420973,0.008825043
1609060505.179536104,2.208423716,-5.172198131,1.595102215,2.214019420,-5.179113933,1.596495301,0.009004493
1609060505.229914188,2.203374112,-5.179350161,1.582254009,2.208788005,-5.185298527,1.587093144,0.009386720
1609060505.288335085,2.195602271,-5.186100220,1.569140311,2.196975499,-5.196991064,1.568267868,0.011011693
1609060505.329346180,2.190217819,-5.192068632,1.560443335,2.189959832,-5.203088405,1.559896877,0.011036330
1609060505.378872156,2.179262442,-5.202034650,1.552484511,2.182170065,-5.209262077,1.551427438,0.007861768
1609060505.430555105,2.172680150,-5.209603733,1.542481535,2.174908205,-5.214993430,1.543457146,0.005913111
1609060505.479947090,2.166586156,-5.216851615,1.532925635,2.167630549,-5.220849735,1.534713497,0.004502462
1609060505.532739162,2.160952741,-5.224807975,1.522762016,2.159774396,-5.227257937,1.525592767,0.003924788
1609060505.582180977,2.145650445,-5.233307145,1.510652572,2.142667173,-5.239890272,1.508934878,0.007428859
1609060505.672855139,2.129453015,-5.247162876,1.490972183,2.127134200,-5.251997530,1.490778222,0.005365483
1609060505.743427038,2.114460482,-5.259674481,1.474344331,2.111749490,-5.264329664,1.469306137,0.007375880
1609060505.785398006,2.108960677,-5.266242063,1.463079441,2.105622276,-5.269352277,1.458356963,0.006566593
1609060505.830541134,2.101221318,-5.271451254,1.452829323,2.099587683,-5.274465517,1.446778556,0.006954590
1609060505.880026102,2.096147127,-5.278279884,1.438923719,2.094147937,-5.279075014,1.435299732,0.004214531
1609060505.928045988,2.091686721,-5.284348001,1.424505054,2.089004406,-5.283706028,1.422459917,0.003433588
1609060505.980888128,2.083327821,-5.291381030,1.406459140,2.084048041,-5.287981753,1.408917819,0.004256630
1609060506.030166149,2.078333729,-5.296555592,1.389941270,2.079702151,-5.292415089,1.395330002,0.006932155
1609060506.082507133,2.072607990,-5.301297312,1.371252614,2.075404168,-5.296871806,1.380647769,0.010755122
1609060506.131301165,2.069648460,-5.306082289,1.353293897,2.070236269,-5.303733037,1.350404762,0.003769829
1609060506.181574106,2.067245265,-5.310601593,1.333886591,2.068540886,-5.307173654,1.334855021,0.003790416
1609060506.229834080,2.067962618,-5.314245762,1.314806538,2.067620044,-5.309989181,1.318572406,0.005693646
1609060506.283174038,2.064069249,-5.317363117,1.294610634,2.066595555,-5.312673865,1.303211049,0.010116246
1609060506.329013109,2.065381302,-5.320137318,1.277567733,2.065768412,-5.315564746,1.286953986,0.010447967
1609060506.381528139,2.061965306,-5.322904459,1.260631024,2.066810378,-5.321458667,1.256959631,0.006248533
1609060506.429151058,2.064405968,-5.326341429,1.245981147,2.067743253,-5.324013964,1.244029942,0.004512401
1609060506.479460001,2.062463623,-5.327905564,1.231747424,2.068418454,-5.326436365,1.231975622,0.006137641
1609060506.528196096,2.064940832,-5.330522982,1.218136242,2.069284775,-5.329207694,1.219640627,0.004781526
1609060506.575851202,2.065566416,-5.333620018,1.204655986,2.070615229,-5.331903075,1.208148772,0.006374791
1609060506.625441074,2.069758363,-5.336288759,1.191816929,2.073517564,-5.337746999,1.186320255,0.006816999
1609060506.676068068,2.071142901,-5.339776581,1.178525422,2.074891216,-5.340844543,1.176667130,0.004317830
1609060506.725394011,2.075443919,-5.343585150,1.167056347,2.076531009,-5.344410528,1.167091903,0.001365385
1609060506.773559093,2.073732251,-5.348018266,1.155857301,2.077910283,-5.347837600,1.157588037,0.004525929
1609060506.823841095,2.074888164,-5.353327956,1.144855289,2.079933314,-5.351790695,1.147887331,0.006083584
1609060506.874558210,2.078167420,-5.358372637,1.132604119,2.084317462,-5.360438414,1.127112343,0.008500003
1609060506.971599102,2.082460694,-5.369144917,1.107314751,2.088456419,-5.370377066,1.104817623,0.006610790
1609060507.042611122,2.083585640,-5.378739613,1.084352279,2.093177063,-5.380624646,1.078706807,0.011288051
1609060507.086133003,2.086660044,-5.384912753,1.069260694,2.094926008,-5.386581589,1.063938364,0.009971879
1609060507.130787134,2.088139288,-5.389990632,1.053539319,2.096764115,-5.392497455,1.049551430,0.009827261
1609060507.178247213,2.088684240,-5.395390767,1.035831716,2.098298228,-5.398486868,1.034590930,0.010176157
1609060507.229111195,2.091458966,-5.402493675,1.015986626,2.099973296,-5.405005621,1.017961896,0.009094250
1609060507.282870054,2.093158313,-5.409178135,0.994875793,2.101556902,-5.411370920,1.001660368,0.011017035
1609060507.330032110,2.096865972,-5.416004793,0.975441204,2.103538949,-5.418065166,0.984308004,0.011286891
1609060507.381578207,2.096092931,-5.426131270,0.952495641,2.106294911,-5.432747442,0.948925975,0.012672674
1609060507.430997133,2.099867379,-5.434494932,0.932219680,2.107967864,-5.439937345,0.931670940,0.009774397
1609060507.480647087,2.101525543,-5.446451618,0.912377720,2.108885628,-5.446370808,0.916857655,0.008616681
1609060507.532473087,2.104980159,-5.456833245,0.892581252,2.109153992,-5.454284482,0.900490467,0.009299073
1609060507.581765175,2.103978039,-5.464764307,0.876722185,2.110682339,-5.468657404,0.871576397,0.009304997
1609060507.629183054,2.107171995,-5.473877426,0.861843766,2.111255072,-5.475736420,0.858480166,0.005607244
1609060507.678351164,2.106347602,-5.483206858,0.844584534,2.111666371,-5.482600002,0.847247698,0.005979131
1609060507.730005980,2.109538988,-5.493290574,0.830565850,2.111370104,-5.490156770,0.835603933,0.006209347
1609060507.781391144,2.107265949,-5.505424220,0.816472742,2.111037180,-5.498230371,0.824689110,0.011553456
1609060507.829667091,2.110018741,-5.515100903,0.804512120,2.110277045,-5.505700814,0.815048489,0.014122445
1609060507.882309198,2.108620328,-5.525530514,0.792735320,2.109129957,-5.520064653,0.796793649,0.006826814
1609060507.930590153,2.105360666,-5.533407330,0.783562336,2.107549708,-5.526921568,0.788262900,0.008303753
1609060507.981079102,2.105381752,-5.543196567,0.773036257,2.105950804,-5.533665896,0.780505035,0.012121887
1609060508.029278040,2.099779385,-5.548858059,0.763387298,2.104100821,-5.540358613,0.772093272,0.012911599
1609060508.088443995,2.098588994,-5.558063230,0.751194394,2.099295121,-5.553662293,0.755348921,0.006093190
1609060508.131664038,2.096314420,-5.564503771,0.742360302,2.097304635,-5.559332980,0.747504908,0.007361018
1609060508.179089069,2.094462258,-5.570555797,0.732579432,2.095029141,-5.564894733,0.739120012,0.008668806
1609060508.230317116,2.092146947,-5.576077104,0.722408235,2.092889920,-5.570005486,0.731214191,0.010722006
1609060508.283871174,2.088178257,-5.580694822,0.712098726,2.090782768,-5.574866196,0.722832211,0.012488557
1609060508.331052065,2.087049536,-5.584752042,0.704143402,2.089028555,-5.579449623,0.714471511,0.011777182
1609060508.379541159,2.084394463,-5.589183353,0.696213896,2.084868127,-5.587774672,0.699176808,0.003314753
1609060508.430205107,2.084975016,-5.592864189,0.686768508,2.083191712,-5.591582701,0.691210792,0.004955429
1609060508.482200146,2.078150707,-5.595511727,0.675892272,2.081053181,-5.595160971,0.683637531,0.008278673
1609060508.530605078,2.077277616,-5.598642063,0.665615693,2.079040936,-5.598745720,0.674359027,0.008919974
1609060508.584336042,2.074343377,-5.602691483,0.651551649,2.076390585,-5.603722020,0.655022258,0.004159109
1609060508.630553007,2.075017401,-5.604855574,0.639620007,2.075414083,-5.605966545,0.644746777,0.005260740
1609060508.680194139,2.070591192,-5.607553824,0.627089736,2.074868178,-5.607285105,0.633325085,0.007566003
1609060508.729096174,2.072344363,-5.608762281,0.613618161,2.074331996,-5.608700132,0.621574093,0.008200695
1609060508.780822039,2.071575558,-5.609852450,0.599051438,2.074268861,-5.609514704,0.610940735,0.012195218
1609060508.873443127,2.073404901,-5.610518267,0.571938591,2.075651890,-5.610539071,0.587602717,0.015824482
1609060508.941129208,2.078413709,-5.611411929,0.551788358,2.077570081,-5.611849200,0.561998202,0.010253966
1609060508.986562014,2.075240827,-5.612136090,0.538171092,2.078481596,-5.612329133,0.549100015,0.011400929
1609060509.031994104,2.074394657,-5.612019259,0.524465151,2.078947145,-5.612611181,0.536534692,0.012913146
1609060509.076798201,2.076716074,-5.612406094,0.511895293,2.081054369,-5.612893020,0.513152367,0.004542922
1609060509.122907162,2.076676046,-5.611762467,0.499706687,2.082524033,-5.613001176,0.502947282,0.006799619
1609060509.176576138,2.078002717,-5.610925808,0.486024957,2.083671370,-5.612734658,0.492208300,0.008581334
1609060509.223483086,2.080390947,-5.610779254,0.474162670,2.084468902,-5.612635787,0.481213679,0.008354230
1609060509.276262999,2.077176476,-5.610444147,0.459932495,2.085186029,-5.612933584,0.470555306,0.013534930
1609060509.324488163,2.079432731,-5.610534670,0.446884592,2.086388171,-5.613250793,0.448497319,0.007639134
1609060509.372967005,2.079586161,-5.612908315,0.433782267,2.086746301,-5.613467937,0.435990786,0.007513877
1609060509.424610138,2.080923911,-5.613839008,0.419228948,2.086316458,-5.613762499,0.423790171,0.007063298
1609060509.473656178,2.079606133,-5.613537401,0.406141654,2.085822491,-5.614524517,0.411039444,0.007975328
1609060509.524735212,2.080275197,-5.615093697,0.391312440,2.084409384,-5.615120250,0.398467103,0.008263257
1609060509.575262070,2.074702130,-5.615830738,0.374148520,2.082717235,-5.616834432,0.384891555,0.013441061
1609060509.623697042,2.074349145,-5.617904678,0.359431059,2.078969137,-5.619701222,0.357711249,0.005246870
1609060509.675162077,2.070910407,-5.619563564,0.343164867,2.076782586,-5.620972570,0.344272964,0.006139679
1609060509.723975182,2.071208710,-5.621067320,0.328550398,2.074739287,-5.621943460,0.331290241,0.004554047
1609060509.774631023,2.068279000,-5.623269581,0.313937708,2.072798286,-5.622852202,0.318681572,0.006565242
1609060509.830249071,2.067801343,-5.625490258,0.297258252,2.067091159,-5.625466086,0.293287299,0.004034032
1609060509.879842043,2.063055410,-5.623592231,0.280359883,2.064497159,-5.627194447,0.280076865,0.003890334
1609060509.929027081,2.062554605,-5.624834695,0.265522729,2.062442927,-5.627450991,0.267502748,0.003282980
1609060509.978571177,2.056649878,-5.629815762,0.247015958,2.059435242,-5.628648853,0.255802110,0.009290662
1609060510.031541109,2.053639052,-5.632818404,0.230710143,2.054746786,-5.630608844,0.243812767,0.013333716
1609060510.084635019,2.042606337,-5.633490170,0.214440555,2.045230007,-5.634931152,0.220813650,0.007041052
1609060510.131839991,2.034913555,-5.633646529,0.200679061,2.040934944,-5.636895434,0.209410775,0.011093032
1609060510.181102991,2.031431708,-5.635628563,0.186062040,2.036871578,-5.639278951,0.197042624,0.012786350
1609060510.229454041,2.023139180,-5.637015612,0.170504904,2.032917117,-5.640920399,0.184968453,0.017889932
1609060510.282863140,2.018520229,-5.638123986,0.152604866,2.029363045,-5.642651566,0.172578806,0.023173777
1609060510.329972982,2.014110322,-5.639213680,0.138000616,2.021167897,-5.646106310,0.147754915,0.013873142
1609060510.380298138,2.008317942,-5.640943134,0.123383195,2.017516178,-5.647085295,0.135121015,0.016127930
1609060510.428771019,2.004904447,-5.641504591,0.108538851,2.014008994,-5.648325625,0.123160827,0.018526237
1609060510.478412151,1.998855382,-5.642831282,0.094012792,2.010195343,-5.650253201,0.111573074,0.022182044
1609060510.531696081,1.991837611,-5.646020900,0.076376440,2.005969609,-5.652004616,0.100053423,0.028215559
1609060510.584844112,1.984236870,-5.649409801,0.057478783,1.997106833,-5.656401343,0.076851155,0.024285929
1609060510.630853176,1.980755571,-5.652466111,0.042545167,1.992032837,-5.659060010,0.065392139,0.026318061
1609060510.681565046,1.975948231,-5.655691895,0.034863840,1.988080387,-5.661771706,0.053146892,0.022768911
1609060510.728801012,1.973380775,-5.658774305,0.021422744,1.984336306,-5.664557948,0.041945150,0.023971719
1609060510.782432079,1.969727938,-5.661561112,0.007062266,1.981874480,-5.667152143,0.032409660,0.028658132
1609060510.829675198,1.977802529,-5.655443982,0.010766429,1.988051513,-5.662985488,0.033439670,0.025999843
1609060510.881379128,1.975963498,-5.656326152,0.011175690,1.989558554,-5.662504261,0.028374574,0.022777098
1609060510.930631161,1.979955599,-5.655261679,0.006179505,1.992795235,-5.661190194,0.024978329,0.023524442
1609060510.983911991,1.984934304,-5.647897912,0.010097646,1.995167153,-5.656531266,0.026195738,0.020937874
1609060511.029888153,1.988453274,-5.645737844,0.009222578,1.996506724,-5.652999599,0.025823881,0.019829130
1609060511.082311153,1.983537926,-5.642041641,0.005539106,1.997334809,-5.645216069,0.024017111,0.023278050
1609060511.128465176,1.985953236,-5.639936781,0.005294993,1.994387077,-5.643668134,0.024149949,0.020989570
1609060511.178915977,1.983264636,-5.637055255,0.003237184,1.993796987,-5.642053609,0.024149340,0.023942269
1609060511.230607033,1.982170491,-5.635540959,0.003597533,1.994393331,-5.640481380,0.024072053,0.024351828
1609060511.283373117,1.983086797,-5.635703469,0.002963775,1.995036974,-5.640329502,0.024208418,0.024810113
1609060511.330246210,1.983668866,-5.634610196,0.002171775,1.994532430,-5.642142627,0.024073979,0.025582437
1609060511.382980108,1.985696673,-5.635991476,0.000695503,1.995380163,-5.643085298,0.024118753,0.026319972
1609060511.424667120,1.988075101,-5.636635786,-0.000374878,1.996135075,-5.644282700,0.024306823,0.027067044
1609060511.474285126,1.986097052,-5.637722309,-0.001848387,1.995889021,-5.645291175,0.024388039,0.029008972
1609060511.522655010,1.988448802,-5.638042820,-0.003009529,1.996064824,-5.646020363,0.024607022,0.029737499
1609060511.576474190,1.987468352,-5.636777442,-0.001752708,1.996853870,-5.646895609,0.024414930,0.029583957
1609060511.625574112,1.989215577,-5.636601679,-0.002127273,1.996648570,-5.647257669,0.024338779,0.029483069
1609060511.672990084,1.990033999,-5.635338732,-0.000828690,1.996332803,-5.646972234,0.024637620,0.028697495
1609060511.724516153,1.992551803,-5.634980265,-0.000973240,1.996448760,-5.646883178,0.024638888,0.028510467
1609060511.774074078,1.991116952,-5.635518426,-0.002908994,1.996756005,-5.646754286,0.024694503,0.030331444
1609060511.824729204,1.993756282,-5.635598807,-0.003061704,1.996695135,-5.647102481,0.024494105,0.030004899
1609060511.873460054,1.989590476,-5.635226894,-0.003045009,1.996638831,-5.647356409,0.024411421,0.030832774
1609060511.923904181,1.991966873,-5.635648372,-0.003132358,1.996852009,-5.647405194,0.024520381,0.030442756
1609060511.975442171,1.994028533,-5.634918378,-0.004176256,1.996976911,-5.647631830,0.024485706,0.031493379
1609060512.022669077,1.996433535,-5.635559532,-0.004089686,1.996893873,-5.647979673,0.024498660,0.031173151
1609060512.075103045,1.997065525,-5.635367347,-0.002596521,1.996965569,-5.648194747,0.024531368,0.030007908
1609060512.126736164,2.000128800,-5.635870703,-0.002275155,1.997159648,-5.648309710,0.024382292,0.029566269
1609060512.173801184,1.999211372,-5.638409310,-0.003101166,1.997159300,-5.648317929,0.024371981,0.029277389
1609060512.223273039,2.002359970,-5.639134392,-0.003214375,1.997090612,-5.648386167,0.024351159,0.029550299
1609060512.274697065,1.998919269,-5.640444366,-0.003752596,1.997140660,-5.648485465,0.024555260,0.029481477
1609060512.323801994,1.997437295,-5.639844308,-0.003264290,1.997202819,-5.648722068,0.024569451,0.029216207
1609060512.374632120,1.997365983,-5.639756506,-0.003077646,1.997118797,-5.648791186,0.024562588,0.029080390
1609060512.423748016,1.998071730,-5.640752371,-0.001961069,1.997266055,-5.648996546,0.024533488,0.027759270
1609060512.475403070,1.999321764,-5.642165340,-0.001116637,1.997362071,-5.649115691,0.024475553,0.026591501
1609060512.522479057,2.001731917,-5.642613092,-0.000622672,1.997313400,-5.649045040,0.024424010,0.026234130
1609060512.575136185,1.997547076,-5.644117433,-0.000893693,1.996859013,-5.647956271,0.024563323,0.025754024
1609060512.624689102,1.998684405,-5.643389544,-0.000144558,1.995671465,-5.644375918,0.024260348,0.024609961
1609060512.673336029,1.995164019,-5.640198136,0.000469994,1.994954831,-5.642458604,0.024012629,0.023651831
1609060512.723724127,1.996308997,-5.638769747,0.001033084,1.994292615,-5.640429225,0.023856694,0.022972524
1609060512.773655176,1.992622646,-5.637567797,0.001395496,1.993592640,-5.639008097,0.023713618,0.022385575
1609060512.826208115,1.993968363,-5.637114242,0.002109488,1.993180814,-5.637650445,0.023777772,0.021689221
1609060512.874486208,1.990245261,-5.633892812,0.002781510,1.992937112,-5.636928212,0.023807826,0.021414148
1609060512.923703194,1.992179916,-5.634419428,0.003440876,1.993122488,-5.637137427,0.023736133,0.020498132
1609060512.974423170,1.988530094,-5.632974336,0.003469138,1.993267576,-5.637788002,0.023896132,0.021514580
1609060513.023060083,1.990316125,-5.633544112,0.004233262,1.993707452,-5.638602929,0.023934877,0.020621503
1609060513.077083111,1.988494531,-5.633962015,0.005353187,1.994011881,-5.639532840,0.023766825,0.020013429
1609060513.125016212,1.990624595,-5.634655638,0.006012095,1.994523582,-5.640728043,0.023815022,0.019209904
1609060513.173258066,1.990455353,-5.637139897,0.006490865,1.994662410,-5.641182944,0.023852781,0.018316159
1609060513.225908041,1.993558853,-5.637834609,0.007024166,1.994850951,-5.641422861,0.023929267,0.017329960
1609060513.277425051,1.990533654,-5.638174049,0.005024508,1.994747128,-5.641276095,0.023839651,0.019529098
1609060513.376724005,1.990436977,-5.636665729,0.005174579,1.994324512,-5.640257712,0.023856600,0.019417342
1609060513.424143076,1.989898673,-5.636792471,0.005073108,1.994255890,-5.639853782,0.023874703,0.019541160
1609060513.474897146,1.990926322,-5.636844813,0.004590640,1.994074367,-5.639613213,0.023792155,0.019653814
1609060513.524019003,1.989785486,-5.636088655,0.005571974,1.993925727,-5.639370653,0.023679807,0.018862840
1609060513.574426174,1.989868945,-5.635470673,0.005507402,1.994041769,-5.639066676,0.023577537,0.018891095
1609060513.626206160,1.992230303,-5.635646354,0.005365617,1.993853444,-5.638898760,0.023789656,0.018779190
1609060513.674419165,1.993053048,-5.636201661,0.004686442,1.993749668,-5.638811920,0.023622284,0.019127593
1609060513.723834038,1.995948958,-5.636094059,0.004710825,1.993568985,-5.638445677,0.023701885,0.019283535
1609060513.774116993,1.992538604,-5.633975476,0.003480362,1.993357313,-5.637884475,0.023682645,0.020593271
1609060513.823392153,1.995244161,-5.633056749,0.003452490,1.993333066,-5.637091844,0.023778967,0.020811054
1609060513.879414082,1.992049448,-5.631478751,0.004464812,1.992379657,-5.635314080,0.023965912,0.019877416
1609060513.923260212,1.994479298,-5.630397337,0.004588842,1.992304750,-5.634453268,0.024009509,0.019958496
1609060513.974857092,1.992080549,-5.627786978,0.005428263,1.992098671,-5.633905100,0.024159026,0.019704651
1609060514.024241209,1.994656965,-5.626648045,0.005672054,1.991760906,-5.633522798,0.023840866,0.019640650
1609060514.073918104,1.992581153,-5.627523089,0.005381567,1.991636191,-5.633097941,0.023750306,0.019219326
1609060514.127549171,1.995362765,-5.627220238,0.005407943,1.991584269,-5.632920093,0.023841015,0.019660710
1609060514.172559023,1.993709866,-5.628443659,0.005638750,1.991679525,-5.633268241,0.023868968,0.018966806
1609060514.223515034,1.996345249,-5.629090197,0.005759825,1.991707083,-5.633700620,0.024045464,0.019419917
