timestamp,estimate_x,estimate_y,estimate_z,truth_x,truth_y,truth_z,error_m
1609060363.469352007,0.049835294,-0.020697468,-0.025754739,0.000352647,-0.000128288,-0.000155817,0.059387948
1609060363.517702103,0.049727691,-0.020305791,-0.025601674,0.000266305,0.000024604,-0.000032764,0.059274976
1609060363.568032980,0.049796286,-0.020787334,-0.024882765,0.000273958,0.000023288,-0.000043316,0.059182270
1609060363.616620064,0.049669699,-0.020340266,-0.024617382,0.000455122,0.000045726,-0.000206092,0.058596709
1609060363.669232130,0.049697094,-0.021039025,-0.025216976,0.000322824,-0.000048357,0.000006751,0.059284594
1609060363.717437983,0.049519025,-0.020584831,-0.025065455,0.000309158,-0.000056917,0.000007880,0.058920950
1609060363.769133091,0.049036995,-0.020318051,-0.025199970,0.000313077,-0.000056831,0.000003710,0.058478737
1609060363.816621065,0.048765201,-0.019887172,-0.025003751,0.000357567,-0.000119010,-0.000146163,0.057896277
1609060363.869219065,0.048917349,-0.020577482,-0.025263305,0.000265599,0.000019840,-0.000039722,0.058544612
1609060363.918718100,0.048730135,-0.020175819,-0.025126796,0.000450987,0.000034525,0.000000389,0.058057813
1609060363.968429089,0.048741068,-0.019321999,-0.024750858,0.000272345,0.000020770,-0.000045630,0.057738273
1609060364.018787146,0.048521392,-0.018592296,-0.024568583,0.000364012,-0.000124076,-0.000161475,0.057060628
1609060364.067788124,0.047942047,-0.018657170,-0.024131523,0.000268084,0.000022409,-0.000038284,0.056588140
1609060364.119420052,0.047631782,-0.017953315,-0.023823969,0.000327210,-0.000044406,0.000008343,0.055914495
1609060364.166568995,0.047426732,-0.018687697,-0.023427970,0.000259032,0.000018830,-0.000034140,0.055874836
1609060364.220535994,0.047117617,-0.018184309,-0.022981341,0.000351740,-0.000123126,-0.000146439,0.055087988
1609060364.269806147,0.047823006,-0.019037814,-0.022605454,0.000449516,0.000065556,-0.000167732,0.055791018
1609060364.317873001,0.047735187,-0.018776632,-0.022201761,0.000410911,0.000120631,-0.000035863,0.055569962
1609060364.369445086,0.048005575,-0.018928532,-0.022056613,0.000506974,-0.000022317,-0.000153461,0.055617534
1609060364.418934107,0.047974897,-0.018586212,-0.021549659,0.000302656,-0.000052806,-0.000198416,0.055425674
1609060364.470550060,0.048223209,-0.018646229,-0.021289649,0.000306290,-0.000059472,-0.000213235,0.055549203
1609060364.516581059,0.048397521,-0.018583560,-0.020890713,0.000320215,-0.000061600,-0.000232001,0.055509213
1609060364.568826199,0.048276209,-0.019563704,-0.021514664,0.000270386,0.000004300,-0.000070217,0.056101071
1609060364.618486166,0.048348231,-0.019361648,-0.021371208,0.000364372,-0.000146097,0.000022496,0.055940850
1609060364.666870117,0.049376548,-0.019498010,-0.020949990,0.000403415,0.000091364,-0.000075138,0.056726280
1609060364.718618155,0.049565837,-0.019004589,-0.020641071,0.000473405,0.000031166,-0.000029715,0.056544274
1609060364.766618013,0.049468800,-0.020418151,-0.022086769,0.000310503,-0.000046424,-0.000196683,0.057538868
1609060364.816910982,0.049566936,-0.019772827,-0.022088784,0.000388377,0.000111313,-0.000026214,0.057451429
1609060364.866990089,0.049189186,-0.020717039,-0.022188883,0.000290333,-0.000033732,-0.000153898,0.057484238
1609060364.917939186,0.049041476,-0.020721177,-0.022009680,0.000317779,-0.000033161,0.000036970,0.057341499
1609060364.968490124,0.048711874,-0.020320635,-0.022287487,0.000252330,0.000033302,-0.000003276,0.057089370
1609060365.018791199,0.048522860,-0.020066999,-0.022104821,0.000348575,-0.000112449,-0.000125624,0.056586490
1609060365.069586039,0.048125100,-0.019949086,-0.022189017,0.000349153,-0.000110341,-0.000122836,0.056240850
1609060365.116973162,0.047900335,-0.019726238,-0.021990982,0.000294942,-0.000041077,-0.000170892,0.055945468
1609060365.167543173,0.048233709,-0.020445360,-0.022740643,0.000457233,-0.000050459,-0.000144457,0.056649196
1609060365.216737032,0.048221946,-0.020346095,-0.022581994,0.000484481,-0.000056316,-0.000183928,0.056499682
1609060365.269127131,0.048822091,-0.020531664,-0.022868435,0.000390576,0.000110343,-0.000250328,0.057299938
1609060365.317117214,0.048907717,-0.020356080,-0.022693940,0.000114216,-0.000083058,-0.000040323,0.057489022
1609060365.368606091,0.049698210,-0.021585489,-0.022824010,0.000065035,-0.000000712,-0.000072669,0.058710972
1609060365.419071198,0.049875472,-0.021486184,-0.022643448,0.000064369,-0.000013130,-0.000092099,0.058743522
1609060365.467614174,0.049373756,-0.022042152,-0.023184431,0.000111060,-0.000089327,-0.000047031,0.058686276
1609060365.520151138,0.049609698,-0.021904724,-0.022937166,0.000099009,-0.000060148,0.000013594,0.058781215
1609060365.568042040,0.050473218,-0.021893283,-0.023545726,0.000672148,0.000008775,-0.000064483,0.059255510
1609060365.618832111,0.050924878,-0.021748301,-0.023308066,0.000682031,0.000012436,-0.000069406,0.059480322
1609060365.668703079,0.051173594,-0.021513717,-0.023997438,0.000390677,0.000124731,-0.000006958,0.060188623
1609060365.716791153,0.051123733,-0.020994573,-0.023949418,0.000166939,0.000084516,-0.000046349,0.060102243
1609060365.768277168,0.051655175,-0.020418178,-0.023305447,0.000053714,-0.000000496,-0.000059871,0.060166015
1609060365.817838192,0.051991762,-0.019747538,-0.022811015,0.000162657,-0.000157149,0.000006238,0.059922170
1609060365.869102001,0.050721597,-0.020972773,-0.024362468,-0.000130988,-0.000041771,-0.000143903,0.060088528
1609060365.915625095,0.050601035,-0.020093604,-0.024253573,0.000119453,-0.000087053,-0.000052568,0.059450322
1609060365.967102051,0.050112827,-0.019747711,-0.024437398,0.000205407,-0.000232716,-0.000163459,0.058828647
1609060366.017361164,0.049621163,-0.018396431,-0.024310409,0.000354080,-0.000118558,-0.000141596,0.057839930
1609060366.071130037,0.050015613,-0.019899825,-0.024363042,0.000544710,-0.000089497,-0.000083907,0.058560189
1609060366.166268110,0.050203643,-0.019681865,-0.024502353,0.000384117,-0.000176545,-0.000048651,0.058825388
1609060366.217751026,0.050020992,-0.020311754,-0.024188520,0.000087884,-0.000368910,-0.000035229,0.058944158
1609060366.266285181,0.048650477,-0.019849110,-0.024938126,0.000092678,-0.000059805,0.000021112,0.058072713
1609060366.319833040,0.048173459,-0.020912206,-0.024580402,-0.000047252,0.000040180,0.000117196,0.058087958
1609060366.368166208,0.048957729,-0.020676771,-0.024446549,-0.000108373,-0.000091024,-0.000028616,0.058544776
1609060366.417719126,0.048812924,-0.020803401,-0.023937189,0.000242615,-0.000287834,0.000146380,0.057965349
1609060366.467580080,0.048282878,-0.022481576,-0.023684412,-0.000034002,-0.000166907,-0.000013477,0.058247562
1609060366.517288208,0.048730860,-0.021854843,-0.022922009,0.000236429,-0.000296243,-0.000080591,0.057777275
1609060366.569877148,0.049284987,-0.021969390,-0.024021380,0.000393389,0.000124568,-0.000010204,0.058779826
1609060366.617144108,0.048421230,-0.021261028,-0.023476079,0.000385275,-0.000309961,0.000173706,0.057495326
1609060366.668351173,0.050982330,-0.021578752,-0.023366364,0.000403792,0.000110579,0.000175767,0.059856893
1609060366.715952158,0.052684055,-0.021039309,-0.022694771,-0.000613854,-0.000060705,0.000356339,0.061742390
1609060366.768293142,0.053350631,-0.020975058,-0.022989336,-0.000306125,-0.000446384,0.000052128,0.061898166
1609060366.818122149,0.052453152,-0.020706026,-0.023309097,0.001024256,0.000137844,-0.000021976,0.060180464
1609060366.867343187,0.053190581,-0.021715525,-0.022455037,0.000418142,0.000152065,0.000227344,0.061462282
1609060366.917598009,0.050695317,-0.020947258,-0.022704198,-0.000325635,-0.000062576,0.000476609,0.059805161
1609060366.967342138,0.049088767,-0.021175811,-0.022894499,0.001656293,-0.000071272,0.000044147,0.056757577
1609060367.018635988,0.047866663,-0.021013535,-0.023310058,0.000802165,0.000341478,0.000332733,0.056833838
1609060367.066863060,0.048353795,-0.020852000,-0.022958775,-0.000590914,0.000086231,0.001009948,0.058382306
1609060367.120592117,0.047816133,-0.020992358,-0.023313445,0.000176782,-0.000147327,0.000446900,0.057171471
1609060367.168382168,0.047827053,-0.020926868,-0.023379565,0.000698040,0.000075106,0.000454988,0.056835841
1609060367.220067024,0.047191738,-0.020226789,-0.023427811,-0.000617461,0.000036455,0.000738189,0.057274027
1609060367.268805027,0.047553742,-0.020168215,-0.023066795,-0.000389047,-0.000109275,0.000690649,0.057142701
1609060367.316627979,0.047092107,-0.019884960,-0.022523748,0.000459081,-0.000069937,0.000482253,0.055646656
1609060367.374567032,0.045466803,-0.020381468,-0.023040002,-0.000013172,-0.000190865,0.000585093,0.055083879
1609060367.419722080,0.045080656,-0.020087330,-0.022457305,0.000071738,-0.000023967,0.000762706,0.054474858
1609060367.468986034,0.045143666,-0.020336283,-0.022376784,0.000775383,0.000165729,0.000517080,0.053972271
1609060367.518623114,0.045184129,-0.019662836,-0.021388529,0.001005300,0.000191045,0.000525492,0.053161732
1609060367.566896200,0.046543708,-0.020663251,-0.021256717,0.000889959,-0.000018374,0.000532424,0.054637372
1609060367.616783142,0.046617368,-0.020469207,-0.020715950,0.001010969,0.000152422,0.000676674,0.054431971
1609060367.668950081,0.046449096,-0.019821169,-0.021695994,0.000730315,-0.000085094,0.000379515,0.054470613
1609060367.718545198,0.045800371,-0.019638534,-0.021390598,0.000397581,-0.000209806,0.000542911,0.054036724
1609060367.765889168,0.047649016,-0.020585640,-0.023103833,0.000105201,-0.000078862,0.000416649,0.056869635
1609060367.817234993,0.047937246,-0.020472688,-0.022781072,0.000242984,0.000010138,0.000409641,0.056851544
1609060367.868952990,0.046366004,-0.020231777,-0.023340857,0.000339713,-0.000142813,0.000495190,0.055589055
1609060367.922713995,0.046925871,-0.019693952,-0.023071106,-0.000142040,-0.000038417,0.000754198,0.056297188
1609060367.968739033,0.042074275,-0.018393424,-0.021547856,-0.001113061,-0.000305982,0.001167478,0.052041213
1609060368.018198013,0.039593650,-0.017734042,-0.020808979,-0.002591340,-0.000469840,0.001426557,0.050715334
1609060368.068567038,0.032393469,-0.017581187,-0.022183642,-0.004485227,-0.001351842,0.001637312,0.046806706
1609060368.117814064,0.028031195,-0.017070212,-0.021934761,-0.007008597,-0.002171046,0.001762192,0.044847717
1609060368.170260191,0.021544078,-0.018221793,-0.023016154,-0.008981754,-0.002686339,0.001555349,0.042153713
1609060368.217667103,0.017276521,-0.017780171,-0.022500120,-0.011817858,-0.003851114,0.001463996,0.040184330
1609060368.267811060,0.014317139,-0.017544749,-0.022806306,-0.012638625,-0.003852636,0.001484095,0.038782867
1609060368.318669081,0.010848759,-0.016384017,-0.022192971,-0.012800729,-0.003916812,0.001998616,0.036054991
1609060368.367310047,0.008364645,-0.016098520,-0.023890684,-0.012701319,-0.003757035,0.002368789,0.035855920
1609060368.424607038,0.006432119,-0.014582463,-0.023426657,-0.012259085,-0.003807545,0.002900941,0.034038249
1609060368.476238012,0.009729255,-0.011190318,-0.022940302,-0.010112976,-0.002952009,0.004130070,0.034559932
1609060368.523241997,0.009859210,-0.009227287,-0.021772926,-0.009622581,-0.003024745,0.005233767,0.033872898
1609060368.573940992,0.011057135,-0.008791751,-0.019586793,-0.008666150,-0.002535391,0.006737470,0.033483083
1609060368.625032187,0.011988159,-0.006702433,-0.016292015,-0.008485328,-0.001808579,0.009260493,0.033106558
1609060368.676413059,0.009126757,-0.006940707,-0.011389108,-0.008426871,-0.000540116,0.013900029,0.031442613
1609060368.725769997,0.010060902,-0.004712345,-0.001908198,-0.006980668,0.001387151,0.020947916,0.029155118
1609060368.777173996,0.012076608,-0.002839783,0.009111394,-0.003863052,0.003164326,0.043774036,0.038621507
1609060368.824648142,0.013475950,0.000049813,0.027329177,-0.003041256,0.004224189,0.062690524,0.039251348
1609060368.875344992,0.017148611,0.000350197,0.051513923,-0.001104869,0.005573438,0.083074624,0.036831368
1609060368.923364162,0.019200675,0.002551863,0.080063365,0.001111218,0.008267013,0.110012053,0.035451591
1609060368.974891186,0.018686287,0.007853246,0.112602564,0.001616823,0.009225935,0.139364636,0.031771991
1609060369.023996115,0.020443169,0.009932737,0.152527346,0.006026772,0.014035969,0.208056706,0.057516770
1609060369.076563120,0.021448756,0.012134722,0.206439933,0.005645943,0.016277352,0.250225514,0.046734008
1609060369.122320175,0.021664168,0.015462228,0.255152026,0.006525430,0.018601496,0.295004927,0.042746814
1609060369.175933123,0.019335140,0.019484488,0.323390956,0.005475035,0.021591195,0.345836221,0.026463762
1609060369.225181103,0.017351556,0.023285482,0.387295680,0.004460880,0.025012164,0.400167667,0.018298607
1609060369.277878046,0.014994915,0.027263670,0.457973479,0.003670517,0.031544681,0.514357305,0.057668924
1609060369.325048208,0.012867058,0.031402339,0.527084628,0.002224844,0.035987753,0.576799261,0.051047306
1609060369.375655174,0.015383146,0.034309339,0.602885229,0.000986345,0.039151329,0.639772380,0.039892037
1609060369.423925161,0.012969250,0.037855162,0.679274949,-0.001116003,0.042314623,0.705078997,0.029734324
1609060369.476325035,0.007955462,0.039808978,0.762995056,-0.004156337,0.045257470,0.774513121,0.017579749
1609060369.526211023,0.004325801,0.042210234,0.845790917,-0.010900538,0.050291649,0.909076917,0.065591680
1609060369.576457024,-0.001266331,0.046920885,0.931898961,-0.016939148,0.051896956,0.979990540,0.050825175
1609060369.624904156,-0.006235485,0.049498014,1.011431913,-0.022175154,0.051526789,1.047043231,0.039068593
1609060369.676457167,-0.009499729,0.047444675,1.093173869,-0.027673429,0.050771761,1.113042541,0.027131476
1609060369.724966049,-0.014359091,0.046281542,1.169024026,-0.032117921,0.050163012,1.177115361,0.019897527
1609060369.776529074,-0.020462862,0.042641672,1.249119812,-0.035790958,0.046619757,1.239326189,0.018619633
1609060369.824362040,-0.025804748,0.039453997,1.319288836,-0.048315656,0.041410133,1.362549445,0.048806227
1609060369.874984980,-0.034787285,0.035109205,1.386530543,-0.053330903,0.036474501,1.420254690,0.038510361
1609060369.922994137,-0.040673866,0.028541487,1.451448933,-0.058678361,0.032198394,1.477099828,0.031551596
1609060369.973376989,-0.047042062,0.020626014,1.523792701,-0.065083831,0.023966201,1.532618070,0.020360487
1609060370.024846077,-0.053961096,0.009921604,1.589873813,-0.072377628,0.016004412,1.588192475,0.019467822
1609060370.077591181,-0.061372638,-0.000959564,1.652611396,-0.083431370,-0.004630554,1.692531060,0.045756348
1609060370.131295204,-0.068976694,-0.014588428,1.719323420,-0.089787416,-0.014949260,1.745325643,0.033306635
1609060370.176069021,-0.075418774,-0.026419899,1.778300331,-0.096869567,-0.026482980,1.797683407,0.028910969
1609060370.225593090,-0.083118813,-0.041036789,1.839745799,-0.103631683,-0.038952007,1.850505250,0.023257040
1609060370.274984121,-0.087467519,-0.059174095,1.904317176,-0.110097413,-0.052760272,1.902116488,0.023623976
1609060370.332502127,-0.096168977,-0.077545265,1.976896817,-0.125957451,-0.082164741,2.012235544,0.046449095
1609060370.379465103,-0.105618875,-0.090591970,2.034841972,-0.132146366,-0.097639112,2.064290997,0.040256864
1609060370.424487114,-0.113285980,-0.106425337,2.091365173,-0.138970158,-0.113620467,2.114148903,0.035079128
1609060370.475898027,-0.127228187,-0.122023466,2.154258659,-0.146695647,-0.130204811,2.165147451,0.023758834
1609060370.524448156,-0.136637704,-0.139609891,2.215986250,-0.153378897,-0.146180621,2.218056271,0.018103233
1609060370.576019049,-0.145531038,-0.157877539,2.281938170,-0.160283271,-0.161757085,2.271150443,0.018682995
1609060370.625375986,-0.155198235,-0.174970815,2.345206060,-0.176451613,-0.193992806,2.375328685,0.041483909
1609060370.675712109,-0.165136463,-0.192162198,2.409815923,-0.184377598,-0.209235434,2.429577604,0.032438260
1609060370.723781109,-0.174499700,-0.207914839,2.470364713,-0.191083444,-0.223693645,2.478888960,0.024426503
1609060370.775207043,-0.185352311,-0.225801546,2.534112235,-0.200568808,-0.238917265,2.530510875,0.020409157
1609060370.824608088,-0.195428884,-0.240820880,2.591513973,-0.210445223,-0.252993012,2.579952839,0.022523566
1609060370.877348185,-0.208241648,-0.260851106,2.646626854,-0.223900228,-0.280567611,2.665764053,0.031625371
1609060370.923455000,-0.217966744,-0.275112925,2.692873416,-0.232597663,-0.294021379,2.705369191,0.026976616
1609060370.976181030,-0.225226208,-0.291958363,2.740673129,-0.240827341,-0.306444307,2.742874947,0.021402942
1609060371.024459124,-0.233640256,-0.306525044,2.783135095,-0.248395824,-0.318086171,2.778800117,0.019240022
1609060371.076410055,-0.240968282,-0.320376119,2.824336841,-0.255354368,-0.329789166,2.812602268,0.020815022
1609060371.125555992,-0.248004855,-0.333994959,2.862780275,-0.262940383,-0.341479720,2.843007667,0.025885279
1609060371.175806999,-0.253183481,-0.347808996,2.898300015,-0.276828065,-0.363164403,2.904519843,0.028871112
1609060371.226459980,-0.258717827,-0.360564159,2.933552587,-0.282855212,-0.373743247,2.931824766,0.027555164
1609060371.275564194,-0.265047173,-0.375609978,2.963710476,-0.290110462,-0.384411233,2.959635318,0.026874476
1609060371.322875023,-0.269671064,-0.387118426,2.994100993,-0.295871900,-0.394180165,2.985678750,0.028412782
1609060371.381882191,-0.275609456,-0.401156162,3.029565473,-0.306265603,-0.414011999,3.035787875,0.033819966
1609060371.425695181,-0.279139494,-0.412051023,3.055854249,-0.312094368,-0.424202563,3.060710134,0.035457909
1609060371.476238012,-0.286179720,-0.424355547,3.088435579,-0.316266270,-0.433729930,3.084963488,0.031703864
1609060371.523342133,-0.290338852,-0.435489716,3.116401197,-0.320262403,-0.442943325,3.108590964,0.031811553
1609060371.576235056,-0.296183855,-0.448914978,3.149799309,-0.324850774,-0.453096609,3.133294628,0.033341907
1609060371.625576019,-0.301340402,-0.460608159,3.179949041,-0.329130857,-0.462328652,3.157601878,0.035702453
1609060371.677156210,-0.311937446,-0.472485380,3.208860087,-0.336091099,-0.481092748,3.210284976,0.025681044
1609060371.723249197,-0.317535723,-0.483153526,3.237044564,-0.338919177,-0.490106751,3.231828442,0.023082620
1609060371.773763180,-0.325964774,-0.493950358,3.264547639,-0.341977641,-0.499358827,3.255331405,0.019251036
1609060371.824518204,-0.332247777,-0.505885270,3.292359477,-0.344228459,-0.507845517,3.276648967,0.019854456
1609060371.877555132,-0.336231225,-0.516590356,3.321043961,-0.346992589,-0.517474066,3.298539234,0.024960982
1609060371.924982071,-0.341539065,-0.527708945,3.347928550,-0.352742980,-0.534766093,3.344503812,0.013676983
1609060371.975533009,-0.344206104,-0.539809703,3.379576451,-0.355778269,-0.542945984,3.369988573,0.015351829
1609060372.022653103,-0.348002271,-0.549827502,3.412222567,-0.358431258,-0.550976755,3.397110261,0.018397455
1609060372.076374054,-0.353846138,-0.561728032,3.443387184,-0.360854492,-0.559106565,3.430592133,0.014822364
1609060372.125910997,-0.358424798,-0.571465528,3.483612470,-0.363383761,-0.566907763,3.463888234,0.020842505
1609060372.175580978,-0.359811231,-0.580759598,3.513492253,-0.369859639,-0.585870174,3.527273491,0.017804803
1609060372.223182201,-0.364127767,-0.591382674,3.545446503,-0.374836193,-0.595417886,3.557009098,0.016267972
1609060372.275930166,-0.368689031,-0.603214478,3.576774439,-0.380866921,-0.604897358,3.582063065,0.013382924
1609060372.325079203,-0.374406067,-0.614528801,3.603933384,-0.388001282,-0.615304958,3.606595967,0.013875216
1609060372.376758099,-0.383116361,-0.628412408,3.632631874,-0.394522127,-0.625191931,3.628419746,0.012577957
1609060372.429697990,-0.388613431,-0.640522779,3.651349322,-0.406105729,-0.643790196,3.659128772,0.019421028
1609060372.476099014,-0.398681333,-0.650607058,3.674443096,-0.413418562,-0.653739830,3.670040610,0.015696562
1609060372.524174213,-0.407453024,-0.662184775,3.685055334,-0.421934081,-0.663588713,3.679157219,0.015699039
1609060372.576766014,-0.420166549,-0.675349668,3.690037965,-0.432160168,-0.674308577,3.687114134,0.012388686
1609060372.625241041,-0.433852846,-0.688500114,3.694932137,-0.444138523,-0.685748881,3.692944703,0.010831173
1609060372.677778006,-0.453107257,-0.702154751,3.694473172,-0.472182362,-0.709984860,3.700863736,0.021587254
1609060372.722868204,-0.469049544,-0.715431690,3.694825784,-0.487270871,-0.721973900,3.702916409,0.020982743
1609060372.775847197,-0.490624964,-0.732819405,3.692885413,-0.505848083,-0.735761744,3.704256272,0.019227510
1609060372.825339079,-0.513768024,-0.748877018,3.690437249,-0.526069984,-0.750295347,3.704633878,0.018838635
1609060372.877873182,-0.540801993,-0.765825437,3.688682998,-0.547754742,-0.764950797,3.704518656,0.017316864
1609060372.926480055,-0.567277527,-0.783439700,3.686414600,-0.593420072,-0.795760926,3.703677042,0.033663588
1609060372.973802090,-0.592884616,-0.800691235,3.689590787,-0.620897279,-0.813488992,3.702993153,0.033587428
1609060373.024542093,-0.624063473,-0.820850108,3.687021760,-0.646525992,-0.828963408,3.701829861,0.028101073
1609060373.076001167,-0.659091780,-0.840217100,3.685935591,-0.675289520,-0.846026815,3.700759306,0.022712598
1609060373.124036074,-0.693262813,-0.860509075,3.683432695,-0.709971378,-0.867345766,3.699576746,0.024218730
1609060373.180086136,-0.736747357,-0.887727339,3.683994093,-0.776686276,-0.905831842,3.697216106,0.045800786
1609060373.223744154,-0.771438973,-0.908190636,3.682730314,-0.809920388,-0.924243835,3.696345570,0.043862281
1609060373.277434111,-0.814671609,-0.932354366,3.685703910,-0.848077978,-0.945595600,3.695309579,0.037196568
1609060373.323575020,-0.854864148,-0.954987582,3.684978606,-0.886660876,-0.966654444,3.694019147,0.035055370
1609060373.374325037,-0.898603232,-0.980470803,3.689644020,-0.927886646,-0.989412251,3.693097253,0.030812216
1609060373.424693108,-0.943960318,-1.006911060,3.689748498,-0.968898001,-1.011800549,3.691689048,0.025486484
1609060373.477025032,-1.000745862,-1.037118311,3.692831293,-1.051879550,-1.056883816,3.688286607,0.055008940
1609060373.523668051,-1.047764553,-1.062750374,3.693501485,-1.094512317,-1.079666570,3.687373345,0.050090570
1609060373.575177193,-1.102969926,-1.092253079,3.692322839,-1.137913341,-1.101731043,3.686523392,0.036667529
1609060373.624744177,-1.155852681,-1.121022939,3.693944107,-1.181115114,-1.125059384,3.685982054,0.026793239
1609060373.678225040,-1.215950324,-1.151926447,3.694236874,-1.226890779,-1.149619172,3.685943546,0.013921076
1609060373.725805044,-1.265877572,-1.179209906,3.694937722,-1.313001936,-1.195014514,3.686210798,0.050464349
1609060373.776236057,-1.316828024,-1.206263242,3.691837711,-1.355729032,-1.218154311,3.685770352,0.041127835
1609060373.823961020,-1.365792870,-1.233378263,3.692473539,-1.399104199,-1.240364988,3.687241233,0.034435969
1609060373.877856016,-1.421246960,-1.261135304,3.691756017,-1.442353008,-1.262900504,3.687784823,0.021548818
1609060373.925863981,-1.469682661,-1.287261999,3.691130951,-1.484444625,-1.285211253,3.687999352,0.015229185
1609060373.976363182,-1.519627010,-1.314747590,3.688997230,-1.567414308,-1.328708289,3.687688001,0.049802018
1609060374.024655104,-1.566505422,-1.339691018,3.688331029,-1.607214129,-1.348391728,3.687128827,0.041645486
1609060374.074808121,-1.613576744,-1.362920285,3.689031417,-1.649023558,-1.369894380,3.686998311,0.036183534
1609060374.125483036,-1.659296282,-1.387946753,3.688213407,-1.685574068,-1.388050797,3.686381721,0.026341753
1609060374.175988197,-1.704356967,-1.408402843,3.687456784,-1.723239004,-1.407546138,3.686835862,0.018911658
1609060374.224302053,-1.745357630,-1.429941605,3.687366319,-1.797917876,-1.444865798,3.687996877,0.054641637
1609060374.275952101,-1.789490257,-1.449903188,3.690509621,-1.835056586,-1.463849366,3.689566788,0.047662093
1609060374.324405193,-1.828442796,-1.469283424,3.691698093,-1.868965925,-1.481263362,3.690706180,0.042268508
1609060374.377850056,-1.870015439,-1.489301695,3.693980622,-1.903570178,-1.499197235,3.691736314,0.035055372
1609060374.432549000,-1.910747366,-1.509158531,3.695993356,-1.968480002,-1.532020744,3.694499846,0.062112548
1609060374.480001211,-1.949813508,-1.528117443,3.704160715,-1.997598120,-1.546545850,3.695615118,0.051923044
1609060374.523640156,-1.981352281,-1.543049307,3.707276079,-2.026025194,-1.561168729,3.696887070,0.049314441
1609060374.575245142,-2.020913746,-1.563969226,3.700560173,-2.057039284,-1.576932262,3.697876191,0.038474649
1609060374.626283169,-2.055703730,-1.582262492,3.702060383,-2.083748279,-1.590910205,3.698962254,0.029510643
1609060374.675654173,-2.092379299,-1.601823544,3.699202398,-2.110778832,-1.604898674,3.700056864,0.018674297
1609060374.723823071,-2.127648907,-1.620566692,3.700320043,-2.167963863,-1.634482676,3.703121748,0.042741079
1609060374.773189068,-2.163272561,-1.638249881,3.705614276,-2.196033545,-1.648792723,3.705156372,0.034418648
1609060374.824628115,-2.197376821,-1.657925919,3.708389118,-2.222148694,-1.662712311,3.706574629,0.025295209
1609060374.877428055,-2.231486287,-1.675500857,3.709270138,-2.248622865,-1.676677161,3.708262757,0.017206418
1609060374.925567150,-2.262708164,-1.692428580,3.710914390,-2.274520340,-1.689974631,3.709869223,0.012109572
1609060374.975277185,-2.298159020,-1.709448346,3.714118774,-2.328953165,-1.719049486,3.712064275,0.032321544
1609060375.024696112,-2.331505389,-1.727593331,3.714909464,-2.355256542,-1.733483718,3.712563843,0.024582836
1609060375.075798035,-2.362638839,-1.745519559,3.714090176,-2.380948414,-1.747895274,3.713015132,0.018494331
1609060375.126281977,-2.392745105,-1.763751173,3.713980823,-2.406225117,-1.761805666,3.712766709,0.013673689
1609060375.176793098,-2.422910344,-1.780064824,3.714238594,-2.430835217,-1.775682049,3.712397488,0.009241321
1609060375.225218058,-2.452161548,-1.796562121,3.714106263,-2.482020377,-1.803589936,3.712223930,0.030732442
1609060375.275624990,-2.485588080,-1.814191264,3.713590566,-2.508467546,-1.817974345,3.711809752,0.023258395
1609060375.323940992,-2.516721611,-1.830727833,3.713223000,-2.535161045,-1.832814682,3.711240269,0.018662768
1609060375.377138138,-2.552268341,-1.849408343,3.714127688,-2.562666614,-1.848045568,3.710737090,0.011021678
1609060375.425173998,-2.583176930,-1.866101886,3.713909380,-2.589021184,-1.862751002,3.710833725,0.007405631
1609060375.476772070,-2.617416432,-1.881638067,3.717147807,-2.644489253,-1.893887234,3.710146747,0.030528587
1609060375.524785042,-2.647945914,-1.898009054,3.717752109,-2.668875146,-1.907398328,3.710139740,0.024168975
1609060375.575093031,-2.679771534,-1.914911867,3.717514448,-2.695181908,-1.921734615,3.709786963,0.018540321
1609060375.626551151,-2.712167090,-1.932502428,3.717619035,-2.721371946,-1.936574402,3.709420999,0.012981454
1609060375.677131176,-2.746141642,-1.951912424,3.718740495,-2.748409146,-1.951941765,3.708925636,0.010073425
1609060375.728677988,-2.778946159,-1.969460661,3.718720724,-2.799819626,-1.979743185,3.707335200,0.025904866
1609060375.773073196,-2.805658861,-1.984713378,3.715950087,-2.826089864,-1.994085182,3.706154032,0.024519774
1609060375.823648214,-2.836379669,-2.001932093,3.714987981,-2.850103619,-2.006685726,3.705280717,0.017469253
1609060375.876316071,-2.867146742,-2.021033508,3.711211101,-2.877909843,-2.022328085,3.704206825,0.012906593
1609060375.925800085,-2.896239997,-2.038341897,3.709223693,-2.904726782,-2.037382587,3.702733379,0.010727067
1609060375.977324009,-2.926773145,-2.055583645,3.706744704,-2.955760727,-2.064794138,3.699322032,0.031308292
1609060376.024099112,-2.953851297,-2.071050296,3.704220984,-2.980660314,-2.077920130,3.697273739,0.028533878
1609060376.076449156,-2.983661379,-2.088591335,3.701068669,-3.006103080,-2.091799089,3.694722973,0.023541187
1609060376.129225016,-3.013149667,-2.105293310,3.698564046,-3.030186680,-2.105079179,3.691977757,0.018267043
1609060376.176424026,-3.040182368,-2.119444340,3.697255484,-3.054685928,-2.118329044,3.688399529,0.017030122
1609060376.224507093,-3.067322886,-2.134819658,3.692921780,-3.103212274,-2.145148339,3.680569513,0.039335840
1609060376.275020123,-3.098687267,-2.149672907,3.691644529,-3.127546632,-2.158452461,3.676513946,0.033747268
1609060376.324153185,-3.125361522,-2.164759244,3.686426493,-3.149416054,-2.170676780,3.671895928,0.028718897
1609060376.376890182,-3.155017390,-2.181270571,3.680111529,-3.172692456,-2.183860340,3.666715960,0.022328370
1609060376.425126076,-3.180929662,-2.195192043,3.674616237,-3.193773460,-2.195910726,3.662583117,0.017614643
1609060376.479104042,-3.209621730,-2.212014393,3.667736684,-3.216467049,-2.208941268,3.657648730,0.012572561
1609060376.524039984,-3.232696046,-2.224520684,3.662471689,-3.258545551,-2.232089381,3.648034271,0.030560124
1609060376.576709032,-3.259713104,-2.240078500,3.657505952,-3.278799675,-2.244184290,3.642903744,0.024379893
1609060376.624075174,-3.282379736,-2.253900532,3.652206557,-3.298004064,-2.255987085,3.638533976,0.020866547
1609060376.677000999,-3.306827913,-2.267839802,3.649247319,-3.316517064,-2.267522119,3.633843567,0.018200444
1609060376.726062059,-3.328136338,-2.281238118,3.644846178,-3.352388587,-2.288325418,3.626146245,0.031433881
1609060376.776576996,-3.351744120,-2.294623678,3.640763987,-3.370317540,-2.299898488,3.621333897,0.027392042
1609060376.825327158,-3.371739376,-2.307612461,3.636341335,-3.386066999,-2.310452681,3.617051302,0.024196136
1609060376.875717163,-3.392252319,-2.320728645,3.630124226,-3.401729827,-2.320645697,3.612256467,0.020225895
1609060376.923955202,-3.410434145,-2.332414857,3.624036155,-3.417441578,-2.330508790,3.606843174,0.018663756
1609060376.978782177,-3.431108755,-2.344564369,3.616230437,-3.432538953,-2.340990975,3.600895367,0.015810723
1609060377.024703026,-3.446633948,-2.355114948,3.609830264,-3.458459683,-2.358509477,3.589866174,0.023450708
1609060377.076284170,-3.462556594,-2.365205459,3.603949803,-3.472314873,-2.368717367,3.583267167,0.023137177
1609060377.125343084,-3.476849285,-2.375426778,3.597379967,-3.484576842,-2.378104360,3.576954321,0.022002081
1609060377.175764084,-3.490735272,-2.385622655,3.588775567,-3.495520744,-2.386644702,3.570616448,0.018806885
1609060377.224970102,-3.502718273,-2.395299592,3.581260297,-3.506474491,-2.395227126,3.564232376,0.017437446
1609060377.276504040,-3.513782659,-2.405126820,3.569877421,-3.526659296,-2.411309117,3.550972061,0.023694750
1609060377.323620081,-3.523697866,-2.413942939,3.562654373,-3.535962196,-2.419298588,3.543831965,0.023095017
1609060377.372981071,-3.533986060,-2.422969078,3.555664667,-3.544358330,-2.426236397,3.536641204,0.021912360
1609060377.424736977,-3.542592890,-2.431840041,3.546974709,-3.552618105,-2.433840036,3.529068177,0.020619136
1609060377.477060080,-3.553059420,-2.440794139,3.536696784,-3.561006192,-2.441770593,3.520841907,0.017761806
1609060377.525356054,-3.561255803,-2.449851690,3.526957196,-3.575741190,-2.456745999,3.503795010,0.028175252
1609060377.573468208,-3.568822330,-2.459714820,3.518285358,-3.583006782,-2.464307190,3.494719475,0.027886186
1609060377.624278069,-3.575841549,-2.469372815,3.507677038,-3.589691702,-2.472017367,3.485496389,0.026283104
1609060377.676570177,-3.582941264,-2.479077167,3.494875547,-3.595347052,-2.479632415,3.475841473,0.022726809
1609060377.724879026,-3.588377564,-2.488812974,3.484520724,-3.601147778,-2.487659132,3.466743263,0.021919121
1609060377.775535107,-3.594497989,-2.498560712,3.474859647,-3.612022971,-2.503880428,3.448951098,0.031728179
1609060377.825145006,-3.599481278,-2.508185815,3.464909738,-3.616436032,-2.511374594,3.440199978,0.030136427
1609060377.875771999,-3.607133189,-2.522492538,3.453785373,-3.621723694,-2.520843700,3.431377603,0.026790105
1609060377.924765110,-3.611614220,-2.534415528,3.443588538,-3.625965874,-2.529677064,3.423360289,0.025250843
1609060377.975740194,-3.617846214,-2.545720270,3.434087197,-3.629583207,-2.539261014,3.414810762,0.023474666
1609060378.024561167,-3.622097494,-2.558929931,3.423751782,-3.635860906,-2.560492228,3.399032013,0.028336183
1609060378.075357199,-3.626776670,-2.572966935,3.411229996,-3.638464313,-2.572334033,3.390821827,0.023526473
1609060378.124582052,-3.630039194,-2.588118519,3.399917934,-3.640176363,-2.583481522,3.382709075,0.020503872
1609060378.174213171,-3.632867580,-2.603383565,3.386582073,-3.642342880,-2.596753939,3.373047560,0.017802143
1609060378.226052046,-3.635351950,-2.620530396,3.373582529,-3.644498447,-2.609967504,3.363759306,0.017080071
1609060378.276415110,-3.637773724,-2.636988422,3.360829556,-3.645400001,-2.639069770,3.345635012,0.017127939
1609060378.324060202,-3.638146654,-2.655361940,3.349488290,-3.645720149,-2.654334232,3.336803951,0.014808999
1609060378.373277187,-3.638803938,-2.673369235,3.340225105,-3.645522240,-2.671898504,3.327975135,0.014048502
1609060378.423891068,-3.637848545,-2.693853839,3.329955270,-3.644404456,-2.687688442,3.320635545,0.012955669
1609060378.477568150,-3.636680755,-2.715908133,3.321443118,-3.642555575,-2.706188321,3.312997820,0.014153137
1609060378.526171207,-3.633909829,-2.738619370,3.313071250,-3.638592069,-2.746037331,3.298765928,0.016780696
1609060378.574408054,-3.630292995,-2.758616821,3.304516675,-3.635136457,-2.766203155,3.292665219,0.014881820
1609060378.623176098,-3.625974284,-2.782443886,3.297230943,-3.631790212,-2.787288031,3.286938559,0.012775911
1609060378.676959991,-3.621316393,-2.808125134,3.288911801,-3.628051809,-2.809903296,3.281245434,0.010358613
1609060378.726022005,-3.615534092,-2.832908739,3.283028726,-3.623568807,-2.832183282,3.276283789,0.010515565
1609060378.776993036,-3.609356285,-2.859938047,3.278748694,-3.612134117,-2.879055276,3.270310031,0.021080699
1609060378.824391127,-3.601736204,-2.886324187,3.277697573,-3.606332511,-2.903467852,3.270953813,0.018987090
1609060378.877188206,-3.593537294,-2.916768460,3.280808077,-3.599050066,-2.928265005,3.274280360,0.014323836
1609060378.925369024,-3.584980945,-2.944762049,3.286790636,-3.591554965,-2.953193378,3.279915293,0.012711231
1609060378.976911068,-3.574018999,-2.978520647,3.293536352,-3.584765791,-2.980489258,3.286378578,0.013061497
1609060379.027352095,-3.563624540,-3.010066191,3.303478807,-3.568360535,-3.033709838,3.303497641,0.024113317
1609060379.074259043,-3.554259253,-3.040274968,3.312855406,-3.559230228,-3.061752849,3.313754022,0.022063940
1609060379.123567104,-3.542950623,-3.072680689,3.324709828,-3.550707795,-3.087903100,3.323951413,0.017101775
1609060379.172895193,-3.531305657,-3.107697990,3.339309086,-3.541803219,-3.115573310,3.334738512,0.013896389
1609060379.223832130,-3.518944257,-3.142843953,3.353243642,-3.531975395,-3.142700997,3.345793660,0.015011104
1609060379.278740168,-3.504270881,-3.181363101,3.367500432,-3.512527135,-3.199744317,3.366417698,0.020179374
1609060379.324427128,-3.491480915,-3.213780161,3.378245547,-3.501339204,-3.228234457,3.375471175,0.017714674
1609060379.373706102,-3.479597857,-3.246121650,3.389943996,-3.490688696,-3.256363844,3.383699164,0.016337294
1609060379.424789190,-3.465082129,-3.281989974,3.400846953,-3.480199038,-3.283754894,3.391948661,0.017629959
1609060379.477308035,-3.450719765,-3.315799725,3.410145873,-3.469626181,-3.312719800,3.399875350,0.021735274
1609060379.527546167,-3.435754813,-3.350071998,3.419326454,-3.445473909,-3.368499892,3.414188324,0.021458063
1609060379.574175119,-3.423949654,-3.378458267,3.425901254,-3.433834449,-3.397773421,3.419863877,0.022521862
1609060379.624490023,-3.408635855,-3.411583110,3.433349740,-3.421996474,-3.424865858,3.425197845,0.020527808
1609060379.676283121,-3.394436013,-3.445003293,3.438377448,-3.409041724,-3.453201545,3.431210157,0.018218347
1609060379.725444078,-3.379243563,-3.476578266,3.444137905,-3.395672599,-3.481638167,3.436119408,0.018968715
1609060379.778115034,-3.364301217,-3.508563829,3.451139414,-3.382979504,-3.509900341,3.440361359,0.021606276
1609060379.825517178,-3.348885251,-3.538553226,3.455476738,-3.355377424,-3.564908042,3.447713046,0.028231180
1609060379.876507998,-3.334503834,-3.572190273,3.459456981,-3.340890308,-3.593946441,3.451345161,0.024081518
1609060379.924851179,-3.318369881,-3.603247375,3.462996465,-3.326349393,-3.622011318,3.454544537,0.022072454
1609060379.976315022,-3.302767844,-3.636132648,3.465593474,-3.311436577,-3.649173145,3.457969100,0.017416445
1609060380.025951147,-3.286003581,-3.667347903,3.469237845,-3.296229397,-3.677216660,3.461186584,0.016333477
1609060380.076279163,-3.268846800,-3.705438365,3.472683960,-3.263981169,-3.732791610,3.467145278,0.028329337
1609060380.126965046,-3.249795249,-3.739315109,3.476492350,-3.247626910,-3.759228811,3.469813466,0.021115509
1609060380.175324202,-3.231401286,-3.770705343,3.478822526,-3.230427052,-3.787593504,3.472912172,0.017919023
1609060380.224295139,-3.211673965,-3.803453242,3.481969748,-3.212793666,-3.813505725,3.475750415,0.011873763
1609060380.282178164,-3.190144032,-3.841335791,3.486036368,-3.177083283,-3.868931274,3.480877934,0.030962935
1609060380.327114105,-3.170616140,-3.871985630,3.488289689,-3.158766849,-3.893596025,3.483020459,0.025202771
1609060380.418756008,-3.130055711,-3.933932613,3.491599024,-3.118877583,-3.948070041,3.487788216,0.018421174
1609060380.497653008,-3.092884283,-3.984518417,3.494075399,-3.077827159,-4.001126249,3.492175005,0.022497746
1609060380.579474211,-3.051054099,-4.035248637,3.500380021,-3.033666037,-4.055302445,3.496600571,0.026810150
1609060380.613731146,-3.032976620,-4.056799858,3.502353088,-3.012459704,-4.080141876,3.497979175,0.031383511
1609060380.665153980,-3.005033736,-4.088835267,3.505748817,-2.989451526,-4.106792482,3.500006431,0.024458983
1609060380.732620001,-2.966480806,-4.130782996,3.510132050,-2.943221282,-4.158447404,3.504301888,0.036610323
1609060380.775574207,-2.943846169,-4.155551263,3.514023431,-2.918925174,-4.184842992,3.506794514,0.039132066
1609060380.818601131,-2.918615109,-4.181399853,3.517478822,-2.895610243,-4.209410306,3.509168692,0.037186927
1609060380.869970083,-2.888684388,-4.211090510,3.517863344,-2.869744284,-4.235720658,3.511628346,0.031689855
1609060380.919371128,-2.857923981,-4.240322136,3.521160455,-2.843757789,-4.261059535,3.514565625,0.025965603
1609060380.983446121,-2.819037111,-4.276574519,3.523934259,-2.792390890,-4.311074121,3.520282423,0.043744480
1609060381.026141167,-2.791715243,-4.300940990,3.526580444,-2.763708190,-4.338202091,3.524039633,0.046682334
1609060381.072177172,-2.762273285,-4.328795460,3.530032934,-2.739038107,-4.361036134,3.527310100,0.039834010
1609060381.118996143,-2.731308508,-4.355024744,3.533695633,-2.712726349,-4.385275458,3.530657534,0.035631902
1609060381.169764996,-2.695557348,-4.386839986,3.537508630,-2.684748270,-4.410169573,3.533811099,0.025976480
1609060381.224285126,-2.656599421,-4.418190144,3.541943824,-2.657599471,-4.433790021,3.537173777,0.016343489
1609060381.276952028,-2.620207009,-4.448263532,3.542133143,-2.629382162,-4.458193694,3.541575801,0.013531526
1609060381.325170040,-2.584567125,-4.475713636,3.544776063,-2.571749853,-4.505301022,3.549664122,0.032612712
1609060381.373531103,-2.552425517,-4.500533366,3.550054656,-2.542969473,-4.527967815,3.553401424,0.029210727
1609060381.423969030,-2.516328949,-4.527926519,3.554345896,-2.515737271,-4.550046094,3.557554501,0.022358910
1609060381.474560022,-2.482235247,-4.556957054,3.560533432,-2.485870048,-4.572658524,3.561217156,0.016131194
1609060381.525918007,-2.444778769,-4.584556888,3.565486022,-2.456656413,-4.594424898,3.565090522,0.015447085
1609060381.576167107,-2.410054916,-4.609384889,3.572346241,-2.397126210,-4.639917976,3.573348638,0.033172664
1609060381.623407125,-2.375635477,-4.634262287,3.576459921,-2.369739059,-4.659006717,3.576110427,0.025439668
1609060381.675836086,-2.341113980,-4.661779760,3.581702342,-2.338990918,-4.680719163,3.579742630,0.019158519
1609060381.724457979,-2.306717376,-4.686105581,3.585475918,-2.311621641,-4.699898773,3.582150207,0.015012139
1609060381.777621031,-2.271214503,-4.710383040,3.590254737,-2.281600236,-4.720668621,3.585277094,0.015441293
1609060381.825805187,-2.236981906,-4.733305228,3.594075861,-2.224228243,-4.758817721,3.590440605,0.028753405
1609060381.875913143,-2.205723600,-4.755166174,3.596793415,-2.194593620,-4.778610047,3.592860218,0.026248079
1609060381.926110029,-2.170379189,-4.777901987,3.599992584,-2.164925351,-4.796517304,3.595186120,0.019984406
1609060381.974575043,-2.137547380,-4.797985545,3.603766228,-2.135529153,-4.814622067,3.597363290,0.017940031
1609060382.023908138,-2.102933381,-4.818858259,3.606529910,-2.106703127,-4.832500303,3.598818839,0.016117599
1609060382.077841043,-2.066734051,-4.840394254,3.610324276,-2.076244035,-4.850059419,3.600061920,0.017005033
1609060382.126087189,-2.032314177,-4.859549165,3.611488426,-2.017364729,-4.883191294,3.601616482,0.029662966
1609060382.172864199,-2.001610162,-4.876705321,3.612293453,-1.987544429,-4.900079459,3.601291222,0.029415035
1609060382.224690199,-1.965256675,-4.896079130,3.612984217,-1.956068547,-4.915043538,3.601451123,0.024022546
1609060382.276548147,-1.924064134,-4.918134789,3.612952838,-1.926799166,-4.929882036,3.601992239,0.016297637
1609060382.326167107,-1.887772923,-4.936105648,3.613502178,-1.897272794,-4.944477442,3.601574727,0.017395361
1609060382.376545191,-1.851021397,-4.954412148,3.609773280,-1.866812881,-4.958932058,3.601731780,0.018288419
1609060382.423995018,-1.815410347,-4.970130113,3.609375273,-1.806799975,-4.983947707,3.601621597,0.018032856
1609060382.475164175,-1.782713472,-4.983366328,3.606318455,-1.777145457,-4.996343516,3.600342217,0.015333806
1609060382.524759054,-1.746328216,-4.997088958,3.604626190,-1.747638869,-5.007359531,3.599902901,0.011380331
1609060382.573063135,-1.711952079,-5.007856405,3.602876667,-1.717312518,-5.017600173,3.599550762,0.011607626
1609060382.623972178,-1.673213102,-5.020489906,3.601322114,-1.687691648,-5.027547018,3.598314213,0.016385316
1609060382.680236101,-1.633971358,-5.032270761,3.600620807,-1.626876389,-5.045476120,3.596852331,0.015457086
1609060382.726361990,-1.599431015,-5.041447721,3.600036431,-1.596278161,-5.053008703,3.596804589,0.012411349
1609060382.773458004,-1.566260608,-5.048323488,3.599917574,-1.566627308,-5.060709682,3.596698090,0.012803021
1609060382.823677063,-1.528871851,-5.056278924,3.600096813,-1.536866506,-5.067721532,3.596379724,0.014445224
1609060382.877391100,-1.492856150,-5.062945495,3.599174177,-1.506930902,-5.071915734,3.596124881,0.016966497
1609060382.927017212,-1.455239704,-5.068678393,3.600166261,-1.443683911,-5.081787712,3.597529722,0.017673198
1609060382.974920034,-1.422427739,-5.072315839,3.602066697,-1.443684163,-5.081784511,3.597535476,0.023707030
1609060383.024443150,-1.384755175,-5.076610079,3.603796321,-1.376126810,-5.087463838,3.598708603,0.014769483
1609060383.076413155,-1.347886013,-5.079447037,3.607784442,-1.344022801,-5.090456853,3.600129215,0.013955033
1609060383.125964165,-1.309636218,-5.081630090,3.609955892,-1.311826945,-5.093018510,3.600949906,0.014683432
1609060383.175229073,-1.274205972,-5.082974967,3.610113749,-1.249139142,-5.094437498,3.603369662,0.028376368
1609060383.222527981,-1.237040218,-5.083333123,3.611684992,-1.217402464,-5.092801689,3.604199361,0.023050592
1609060383.276117086,-1.196778265,-5.080529028,3.612684900,-1.183891841,-5.092141288,3.605719004,0.018693000
1609060383.323568106,-1.158749090,-5.078692113,3.615081154,-1.150619529,-5.090775835,3.607602327,0.016371896
1609060383.377740145,-1.111136012,-5.073501075,3.620319896,-1.115081411,-5.086617119,3.609911233,0.017202821
1609060383.424261093,-1.070898575,-5.069758895,3.623536668,-1.045434165,-5.079785467,3.614086761,0.028952876
1609060383.476530075,-1.026347767,-5.064100475,3.626362544,-1.010411449,-5.075321877,3.615904339,0.022119226
1609060383.524501085,-0.983425088,-5.058374039,3.629445888,-0.974428694,-5.068929856,3.618159820,0.017881155
1609060383.580219984,-0.935684551,-5.049531675,3.631428492,-0.936789178,-5.062412913,3.619499087,0.017591395
1609060383.625110149,-0.894370318,-5.042188657,3.632350844,-0.901807043,-5.056384201,3.621291112,0.019471415
1609060383.677712202,-0.849191407,-5.032148701,3.630449451,-0.825106100,-5.039962241,3.620932975,0.027050263
1609060383.726248026,-0.804161387,-5.022895634,3.630403600,-0.789548506,-5.032055384,3.621140575,0.019576540
1609060383.775644064,-0.760832093,-5.013363886,3.629951047,-0.752495275,-5.023039522,3.620643003,0.015803802
1609060383.826225996,-0.713164048,-5.002073559,3.630029632,-0.717050131,-5.014585277,3.621125962,0.015840458
1609060383.877563000,-0.667527162,-4.989424316,3.629706706,-0.642546503,-4.993610409,3.621801559,0.026533903
1609060383.925773144,-0.621911492,-4.977253053,3.629312532,-0.604845983,-4.982675121,3.621539949,0.019520334
1609060383.977313995,-0.576472699,-4.962949237,3.627555435,-0.565821007,-4.971280485,3.621468142,0.014829814
1609060384.025890112,-0.530334849,-4.949798605,3.628322227,-0.529310211,-4.960029918,3.622914636,0.011617732
1609060384.082066059,-0.480417471,-4.934348252,3.630076834,-0.487529747,-4.945878753,3.624015426,0.014841751
1609060384.127351046,-0.436698818,-4.921013843,3.631977165,-0.409261543,-4.920282804,3.627604520,0.027793137
1609060384.179015160,-0.391608735,-4.905246526,3.634999547,-0.368093867,-4.905713296,3.629676981,0.024114241
1609060384.225046158,-0.347661430,-4.890909054,3.637459249,-0.327854838,-4.891660730,3.632071767,0.020539987
1609060384.277572155,-0.300264574,-4.873666351,3.639980241,-0.288070222,-4.877472304,3.634003163,0.014103650
1609060384.326673985,-0.252728536,-4.857583926,3.642496801,-0.247175737,-4.862935998,3.635802841,0.010212118
1609060384.378116131,-0.208307479,-4.839364773,3.646558716,-0.206330605,-4.846690410,3.637551218,0.011777437
1609060384.426213980,-0.163359494,-4.822790312,3.649416446,-0.126514290,-4.814888516,3.641927355,0.038419967
1609060384.477639198,-0.109548620,-4.801585761,3.652296071,-0.086727994,-4.798607805,3.643666446,0.024578845
1609060384.526020050,-0.061467346,-4.783043149,3.654763329,-0.047144213,-4.782339957,3.645308009,0.017177011
1609060384.577697992,-0.012227064,-4.759995149,3.657177891,-0.006248386,-4.764230152,3.646935822,0.012592848
1609060384.627104044,0.036546987,-4.739764563,3.659099348,0.031113179,-4.747740738,3.648676720,0.014204816
1609060384.679548025,0.085087902,-4.716536653,3.658443373,0.111394155,-4.712075411,3.651084487,0.027678056
1609060384.725043058,0.129496264,-4.696819416,3.659658464,0.151738760,-4.693003602,3.652031775,0.023821324
1609060384.780750990,0.179251003,-4.670968133,3.660994516,0.190024738,-4.674755365,3.653583972,0.013613694
1609060384.825978994,0.223299444,-4.649652759,3.662149484,0.227295921,-4.656899314,3.654295460,0.011409211
1609060384.879726171,0.271630171,-4.625046308,3.663068849,0.264216777,-4.638107881,3.656008833,0.016595388
1609060384.927287102,0.315523612,-4.602571036,3.665144239,0.341314471,-4.598897150,3.661040918,0.026372393
1609060384.978001118,0.361019035,-4.577056465,3.667834397,0.379321240,-4.578131162,3.662872408,0.018993341
1609060385.025215149,0.403689026,-4.553765169,3.670204956,0.414480397,-4.559261101,3.664975289,0.013191224
1609060385.078049183,0.447971076,-4.528098528,3.674690449,0.452318446,-4.537450547,3.666925012,0.012909760
1609060385.128671169,0.492173378,-4.501904147,3.677307743,0.486790870,-4.517020633,3.668790854,0.018166368
1609060385.178465128,0.532185928,-4.476175141,3.678039106,0.560219358,-4.473693369,3.671306412,0.028937201
1609060385.225788116,0.573109272,-4.451892409,3.677813913,0.595879482,-4.452849431,3.670229429,0.024019216
1609060385.277276993,0.612079311,-4.426191636,3.678355129,0.632087112,-4.429403463,3.669671947,0.022045988
1609060385.324550152,0.651475263,-4.401449489,3.677375551,0.666601723,-4.407614877,3.668171096,0.018749501
1609060385.378527164,0.691460116,-4.371866715,3.676218568,0.701512871,-4.385117380,3.667009320,0.019011793
1609060385.428066015,0.731251986,-4.345715382,3.675387193,0.735816357,-4.362172577,3.665637371,0.019665497
1609060385.478852987,0.767726886,-4.320411942,3.673236776,0.806388871,-4.313926343,3.663785917,0.040325313
1609060385.527404070,0.805859099,-4.294762111,3.672222486,0.841749469,-4.289042630,3.662118136,0.037721731
1609060385.578270197,0.850467557,-4.264682184,3.670070878,0.873842456,-4.266309107,3.660703231,0.025234611
1609060385.624525070,0.887945130,-4.239498898,3.668254950,0.907968453,-4.241627806,3.659139687,0.022103251
1609060385.679279089,0.932318327,-4.206639739,3.664849491,0.938842373,-4.218929519,3.657346417,0.015808161
1609060385.728085995,0.972404045,-4.178600940,3.662719294,1.000423313,-4.172642346,3.653697080,0.030033057
1609060385.780771017,1.010056486,-4.148598353,3.659160528,1.033561134,-4.147848299,3.651231718,0.024817274
1609060385.825530052,1.046329690,-4.122233557,3.656728713,1.065329401,-4.123028548,3.649536773,0.020330888
1609060385.878072977,1.087302761,-4.091378616,3.653455093,1.096268176,-4.097349713,3.647909624,0.012115481
1609060385.927165031,1.126314294,-4.062101706,3.651310155,1.128496204,-4.072365182,3.645658743,0.011917975
1609060385.979855061,1.164405116,-4.030552084,3.649589693,1.159984493,-4.047253696,3.643758888,0.018234145
1609060386.026208162,1.201194182,-4.002187121,3.647850881,1.223580025,-3.995188369,3.640350835,0.024624361
1609060386.077979088,1.238079164,-3.971191830,3.646436743,1.255036599,-3.969007400,3.638575366,0.018818277
1609060386.127557993,1.275662226,-3.941083616,3.644920703,1.283067330,-3.945007179,3.636797599,0.011671107
1609060386.179339170,1.311458023,-3.909329431,3.642912378,1.314809186,-3.917867196,3.634654434,0.012341692
1609060386.225568056,1.347159985,-3.880466681,3.640638570,1.347109013,-3.890868784,3.632148324,0.013427234
1609060386.277292013,1.380362228,-3.848970010,3.637289513,1.378408843,-3.863102740,3.629773900,0.016125577
1609060386.327005148,1.417039794,-3.817352254,3.634623402,1.439526831,-3.806389863,3.625316033,0.026692095
1609060386.378152132,1.448537984,-3.785834318,3.630232477,1.469798219,-3.778320631,3.623015060,0.023675815
1609060386.426437140,1.482972832,-3.754882721,3.627897523,1.499270653,-3.750463033,3.620762662,0.018331908
1609060386.479035139,1.515407554,-3.722955943,3.625515336,1.528727945,-3.722053707,3.618667704,0.015004564
1609060386.526904106,1.548774694,-3.691591341,3.623458523,1.558837027,-3.693008254,3.616754708,0.012173715
1609060386.578626156,1.581987629,-3.657689461,3.621139971,1.587611721,-3.663722467,3.615411451,0.010042087
1609060386.626856089,1.615732255,-3.625187819,3.619796842,1.644431950,-3.605338944,3.611989082,0.035757677
1609060386.678795099,1.651800482,-3.585379624,3.617868326,1.674413833,-3.574101532,3.610076531,0.026443734
1609060386.726828098,1.686132135,-3.551204416,3.616703770,1.703207324,-3.543777721,3.609370291,0.020012441
1609060386.777306080,1.720827462,-3.512933189,3.616736871,1.733399784,-3.511794066,3.607829309,0.015450098
1609060386.826637030,1.756573862,-3.476519142,3.615498696,1.762411781,-3.480483801,3.607187248,0.010903210
1609060386.879197121,1.790071841,-3.436729204,3.613984707,1.818887119,-3.417871745,3.605083517,0.035569020
1609060386.927596092,1.824267176,-3.400193326,3.612310998,1.848399636,-3.383942546,3.603368485,0.030437345
1609060386.977253199,1.857258022,-3.362284204,3.609461744,1.876550421,-3.350258176,3.602333483,0.023825073
1609060387.024797201,1.891626415,-3.323635141,3.608086793,1.905357162,-3.315529513,3.601534615,0.017238494
1609060387.077081203,1.922994792,-3.282028912,3.607105078,1.932391820,-3.282234559,3.600974432,0.011221909
1609060387.128638983,1.958575985,-3.240233442,3.606292308,1.960289894,-3.248117435,3.600472542,0.009948091
1609060387.178961039,1.990847866,-3.200730455,3.605611768,1.987603849,-3.212588256,3.599285002,0.013826029
1609060387.228384018,2.023492088,-3.159462418,3.604205637,2.043142011,-3.139247342,3.596958027,0.029108360
1609060387.279007196,2.052887590,-3.117057495,3.602293255,2.069903856,-3.102405538,3.595630281,0.023422817
1609060387.325957060,2.083418215,-3.076995564,3.600545313,2.094675767,-3.066673452,3.593902940,0.016655317
1609060387.378004074,2.111200228,-3.031869017,3.597070783,2.121636529,-3.028572812,3.592234829,0.011965275
1609060387.428513050,2.143013645,-2.986347571,3.594800492,2.147050238,-2.990191831,3.590462647,0.007063237
1609060387.478980064,2.166100675,-2.941828787,3.595514767,2.172680022,-2.949591707,3.589237782,0.011956223
1609060387.526018143,2.191674719,-2.899702646,3.594576769,2.216627874,-2.871601663,3.587369339,0.038265810
1609060387.578428984,2.218092463,-2.854188197,3.592918107,2.239332053,-2.830664958,3.586630990,0.032310846
1609060387.626721144,2.243452519,-2.810111987,3.591258696,2.260217339,-2.790335411,3.585427508,0.026573952
1609060387.678171158,2.263251346,-2.764707333,3.587450256,2.279956365,-2.750059407,3.584187240,0.022455883
1609060387.728655100,2.286966070,-2.718153072,3.584556170,2.299523538,-2.708676191,3.582646263,0.015847683
1609060387.779019117,2.308425126,-2.664502383,3.581924654,2.335235326,-2.625858578,3.578332674,0.047170253
1609060387.827759981,2.329823264,-2.616420749,3.578379184,2.351355947,-2.584567028,3.575550585,0.038552781
1609060387.878028154,2.347154311,-2.562933591,3.574136234,2.366754904,-2.542755674,3.573250981,0.028144542
1609060387.927401066,2.366257273,-2.511325336,3.570175487,2.380939024,-2.499423057,3.570483497,0.018902723
1609060387.978938103,2.380058653,-2.458662006,3.566686317,2.395443900,-2.455051349,3.568147552,0.015870661
1609060388.028403044,2.394839508,-2.407438069,3.563919875,2.407520080,-2.412453426,3.565291712,0.013705205
1609060388.080017090,2.405677678,-2.356815019,3.561789196,2.418562520,-2.369014510,3.562172453,0.017748059
1609060388.127521992,2.417776548,-2.307724341,3.558634183,2.438249639,-2.283334705,3.556590870,0.031908884
1609060388.177268982,2.427012590,-2.258396631,3.556111508,2.447355418,-2.240133094,3.553654297,0.027448594
1609060388.226025105,2.438021980,-2.207882843,3.553330757,2.456339649,-2.196353044,3.551542979,0.021717951
1609060388.279821157,2.446298142,-2.154195380,3.551645352,2.461196393,-2.154512246,3.547389592,0.015497412
1609060388.327994108,2.454056320,-2.105856656,3.549093766,2.468012016,-2.114168388,3.544978544,0.016756533
1609060388.378304005,2.458256156,-2.056958791,3.545600945,2.480309923,-2.023117502,3.539722042,0.040818660
1609060388.427662134,2.465323278,-2.008101532,3.543307699,2.483405882,-1.980877640,3.536727495,0.033337965
1609060388.479194164,2.467794562,-1.957696713,3.542042058,2.487366183,-1.940957230,3.534986254,0.026702865
1609060388.525289059,2.472898215,-1.912229716,3.541464842,2.490149307,-1.898126140,3.533358223,0.023711354
1609060388.588790178,2.474069467,-1.852017638,3.542271705,2.493778899,-1.814857089,3.531487022,0.043424387
1609060388.632841110,2.476709949,-1.809167834,3.542680430,2.495372105,-1.771266485,3.531182640,0.043783416
1609060388.684895992,2.476669036,-1.759440992,3.539344585,2.496257615,-1.729742659,3.530546057,0.036648567
1609060388.727123022,2.478614716,-1.718122632,3.539357093,2.496067849,-1.689466572,3.529351928,0.035012639
1609060388.777594090,2.477850612,-1.671382272,3.540211649,2.496002220,-1.647843327,3.528909470,0.031800976
1609060388.826026201,2.479342513,-1.626046305,3.540634506,2.496319809,-1.608911984,3.529072806,0.026748578
1609060388.879713058,2.479223507,-1.568397032,3.540107698,2.494857608,-1.569134433,3.528334425,0.019585168
1609060388.928493023,2.480517836,-1.520797223,3.540612662,2.493272984,-1.529060946,3.528356355,0.019524343
1609060388.978852034,2.476249676,-1.472054281,3.538564460,2.490272685,-1.446778124,3.528980195,0.030453031
1609060389.026794195,2.476204875,-1.425585091,3.538834589,2.487127478,-1.407571053,3.529079949,0.023215552
1609060389.078282118,2.469214014,-1.379517349,3.538953525,2.483989415,-1.368908137,3.529898068,0.020319182
1609060389.127646208,2.466777767,-1.333363032,3.539509883,2.481967267,-1.332057144,3.530630301,0.017642937
1609060389.177092075,2.462858089,-1.288914777,3.540705132,2.477957750,-1.294272042,3.531111384,0.018674583
1609060389.227483988,2.459587815,-1.242534806,3.542606119,2.469142848,-1.219703367,3.535183685,0.025839229
1609060389.277998209,2.453356739,-1.198667762,3.544459743,2.465066735,-1.182515038,3.536686726,0.021411546
1609060389.327522993,2.449188215,-1.153870447,3.546005125,2.460405461,-1.144387017,3.537510293,0.016968330
1609060389.378243208,2.441548987,-1.110318061,3.547460054,2.453938759,-1.104479062,3.538011276,0.016639704
1609060389.425644159,2.437293034,-1.066894665,3.547077267,2.449458665,-1.068306160,3.538360121,0.015032749
1609060389.480804205,2.427936061,-1.018929310,3.543853008,2.443637368,-1.028556821,3.538592319,0.019154500
1609060389.530208111,2.422565936,-0.974242834,3.543484167,2.430054209,-0.951871000,3.537962868,0.024229278
1609060389.578667164,2.414162900,-0.933393591,3.546305495,2.422929383,-0.913661744,3.538587465,0.022929566
1609060389.625934124,2.408337556,-0.891718614,3.547221238,2.416796052,-0.879063620,3.538976324,0.017311085
1609060389.678423166,2.395416561,-0.847494416,3.548979384,2.408812961,-0.840848080,3.539444196,0.017735759
1609060389.727277040,2.388680290,-0.803513451,3.549831373,2.401143650,-0.806133503,3.539442063,0.016435869
1609060389.779801130,2.374480998,-0.761201289,3.550266399,2.382977274,-0.725363482,3.539394201,0.038402341
1609060389.824541092,2.366847273,-0.721253023,3.551024540,2.374341012,-0.689962896,3.539213918,0.034274174
1609060389.877240181,2.352096417,-0.677293820,3.548850317,2.364396683,-0.651866225,3.538910562,0.029944247
1609060389.926560163,2.342965388,-0.634377499,3.549292587,2.355362312,-0.614141598,3.539074170,0.025837792
1609060389.978195190,2.329793999,-0.581757448,3.546528787,2.345447542,-0.577189881,3.538529059,0.018162922
1609060390.027326107,2.320339142,-0.536107454,3.545729202,2.324646729,-0.503072840,3.538349925,0.034121764
1609060390.076764107,2.304167651,-0.488957879,3.542967581,2.315361014,-0.466552583,3.538028578,0.025528071
1609060390.127235174,2.293436754,-0.440683254,3.540267399,2.304416062,-0.428608568,3.536479968,0.016753743
1609060390.177085161,2.277915784,-0.396258561,3.538124142,2.292974930,-0.391536744,3.534565175,0.016178371
1609060390.226591110,2.266083734,-0.350705099,3.534937976,2.281588373,-0.353040110,3.532662123,0.015843789
1609060390.280389071,2.250456598,-0.303491468,3.530812811,2.270467026,-0.314987946,3.530071114,0.023089746
1609060390.326570988,2.238898061,-0.261021303,3.527496001,2.246741773,-0.242240677,3.524830851,0.020526538
1609060390.378979206,2.221730810,-0.215843810,3.524175752,2.235012807,-0.204070402,3.522247070,0.017853414
1609060390.426268101,2.209755873,-0.172628127,3.519521649,2.223562176,-0.167638001,3.518642353,0.014706750
1609060390.477884054,2.193400938,-0.129775622,3.513354468,2.210603587,-0.130276165,3.513636281,0.017212237
1609060390.528004169,2.179548483,-0.085619936,3.507898404,2.186221161,-0.058122523,3.504026700,0.028559104
1609060390.577238083,2.162230041,-0.045265583,3.504001753,2.174123030,-0.023592317,3.499455133,0.025136535
1609060390.625013113,2.150273591,-0.002863649,3.498530362,2.160438397,0.013042841,3.494420111,0.019319262
1609060390.676635027,2.131516144,0.039755725,3.491222140,2.147209595,0.049302019,3.488845793,0.018521965
1609060390.726636171,2.118483242,0.083835106,3.484976819,2.134311649,0.086783208,3.483565988,0.016162308
1609060390.780335188,2.096332791,0.125538244,3.475559564,2.105397098,0.162159933,3.472537678,0.037847609
1609060390.825442076,2.083855791,0.164381857,3.470035098,2.091274434,0.196874403,3.466490193,0.033516685
1609060390.878334045,2.062022620,0.205986863,3.465203518,2.077631015,0.230117694,3.462026279,0.028913903
1609060390.928623199,2.046527022,0.248410372,3.459520751,2.061179588,0.270057506,3.456876784,0.026273307
1609060390.978664160,2.023916146,0.287594682,3.454560357,2.043378352,0.311812398,3.451938707,0.031179293
1609060391.025667191,2.008323856,0.327165426,3.450066732,2.026826383,0.348986030,3.446960751,0.028777237
1609060391.085714102,1.981542849,0.382390609,3.444901170,1.993473650,0.420492549,3.438767687,0.040394572
1609060391.125485182,1.967182685,0.416919631,3.441574542,1.976906656,0.454493306,3.435100250,0.039347848
1609060391.175955057,1.941938394,0.459619539,3.438649520,1.960028664,0.489411793,3.432679114,0.035362154
1609060391.225903988,1.922227870,0.502859581,3.435567394,1.941535418,0.523617197,3.431048272,0.028706837
1609060391.278138161,1.896742146,0.544930614,3.431826919,1.923026939,0.558312484,3.428376198,0.029696334
1609060391.328149080,1.874687708,0.587209019,3.429392157,1.904285768,0.592502415,3.426784236,0.030180563
1609060391.378519058,1.850172070,0.627926738,3.427154421,1.864604681,0.661542419,3.424593501,0.036672505
1609060391.420211077,1.831694037,0.663647374,3.425770959,1.843532683,0.695955606,3.423253202,0.034500935
1609060391.470527172,1.804029895,0.702866287,3.423969745,1.820488341,0.731209049,3.422716098,0.032798845
1609060391.521433115,1.779015659,0.746350029,3.422442963,1.797678309,0.765705004,3.420852145,0.026933999
1609060391.570142031,1.751829478,0.781933746,3.421742927,1.774204487,0.800049851,3.420301417,0.028825549
1609060391.619429111,1.728192915,0.820642415,3.421062997,1.751948241,0.831761374,3.419588399,0.026270157
1609060391.671687126,1.697003886,0.857682965,3.420961334,1.728466143,0.864278681,3.419208956,0.032193911
1609060391.722023010,1.672053544,0.897384831,3.420225617,1.681110070,0.927864948,3.419648523,0.031802378
1609060391.775783062,1.642103158,0.934030583,3.421360441,1.658519970,0.957679157,3.420453305,0.028802598
1609060391.826857090,1.616278832,0.972886039,3.421346942,1.631132596,0.991103139,3.420339179,0.023526849
1609060391.878179073,1.585427083,1.008238669,3.423140064,1.603833520,1.026856337,3.420535213,0.026309689
1609060391.928951025,1.558483228,1.046397179,3.424041953,1.577221235,1.057574433,3.421210073,0.022001442
1609060391.978355169,1.525377361,1.079105885,3.426281710,1.526878547,1.116799840,3.422285031,0.037934961
1609060392.025657177,1.499258974,1.113529219,3.427603035,1.503857720,1.144788439,3.422282047,0.032040602
1609060392.078227043,1.464825553,1.146876759,3.426997786,1.477818973,1.171911895,3.423488769,0.028423586
1609060392.128297091,1.436502430,1.181847408,3.428049509,1.453289738,1.199303706,3.424701272,0.024448859
1609060392.181913137,1.401966870,1.226238312,3.431573271,1.399331982,1.257368000,3.425969096,0.031739675
1609060392.225656033,1.376640116,1.258666337,3.432764267,1.372859943,1.284113606,3.426476475,0.026483760
1609060392.277301073,1.339915998,1.294218669,3.432899408,1.345674747,1.313052909,3.427497017,0.020422478
1609060392.326452017,1.309553301,1.331266300,3.434866280,1.317443786,1.341979586,3.429047430,0.014522165
1609060392.380200148,1.271137683,1.366184923,3.434795913,1.289769211,1.369908479,3.430732372,0.019429644
1609060392.427337170,1.240285088,1.398828398,3.436500572,1.236294964,1.422877532,3.431777071,0.024831298
1609060392.477635145,1.202799785,1.430861033,3.438424515,1.210851041,1.447682768,3.433124580,0.019387697
1609060392.527090073,1.170033680,1.464069386,3.439467493,1.182831939,1.474831451,3.433677946,0.017695658
1609060392.578356028,1.133489294,1.493362921,3.439410305,1.154180347,1.500444567,3.433669253,0.022610376
1609060392.627631187,1.100058912,1.525054813,3.441013258,1.125893044,1.526895759,3.435276236,0.026527437
1609060392.678007126,1.063516120,1.553107382,3.444509541,1.066970470,1.580042886,3.440517657,0.027447933
1609060392.726713181,1.031394713,1.582380107,3.448890083,1.038070221,1.604938546,3.443984052,0.024031535
1609060392.778137207,0.994009102,1.607358739,3.454209636,1.010750078,1.628683335,3.448088964,0.027793188
1609060392.825527191,0.962781426,1.635267186,3.459324762,0.982409866,1.653651083,3.452123488,0.027840648
1609060392.879384995,0.924218647,1.663919829,3.462364819,0.952964794,1.677779411,3.456366077,0.032471740
1609060392.928017139,0.892601035,1.690896241,3.466944073,0.899804983,1.720468544,3.463616576,0.030618462
1609060392.978950024,0.855908231,1.715064383,3.470938748,0.872637225,1.742579308,3.467126421,0.032426288
1609060393.025929213,0.825371912,1.739959235,3.474750519,0.845759111,1.762417962,3.470267480,0.030661538
1609060393.078571081,0.790220443,1.765286264,3.479267593,0.817762558,1.782062581,3.474762651,0.032562362
1609060393.127781153,0.759280759,1.789799155,3.483188521,0.789539904,1.804096870,3.478492772,0.033794830
1609060393.179360151,0.725774265,1.812100146,3.485614415,0.729634396,1.846752353,3.484827323,0.034875430
1609060393.225460052,0.697563790,1.834205254,3.488979919,0.702777694,1.864311494,3.488327333,0.030561354
1609060393.278164148,0.661925374,1.861464132,3.492672400,0.675633345,1.884195868,3.491818130,0.026558804
1609060393.326492071,0.632979262,1.884428443,3.495824947,0.648428717,1.902407483,3.494790404,0.023727659
1609060393.378987074,0.596069287,1.907468482,3.498968800,0.619258318,1.919989385,3.497945025,0.026373325
1609060393.427626133,0.566586916,1.930254662,3.502109365,0.565936893,1.953996858,3.504173898,0.023840652
1609060393.477944136,0.532350661,1.946545353,3.506017661,0.565937008,1.953994725,3.504169086,0.034452185
1609060393.526420116,0.503329530,1.965702553,3.509955323,0.511919333,1.984538670,3.510480509,0.020708931
1609060393.577835083,0.469541416,1.982981695,3.515784766,0.484190165,1.999827060,3.514271811,0.022375013
1609060393.627587080,0.438648271,2.001869348,3.519694815,0.460133986,2.014345953,3.517524180,0.024940194
1609060393.681843996,0.404266815,2.019110383,3.523765578,0.405087363,2.043094685,3.523175687,0.024005583
1609060393.726659060,0.376759996,2.034987855,3.527289373,0.380006459,2.054977614,3.525981473,0.020293855
1609060393.777696133,0.344105991,2.049922713,3.530529325,0.354244793,2.068484083,3.529149126,0.021194921
1609060393.825637102,0.315219966,2.066503456,3.534140354,0.328303651,2.081269581,3.532666179,0.019783691
1609060393.880216122,0.283079520,2.080335214,3.539118589,0.301356322,2.093710393,3.534883380,0.023040701
1609060393.929346085,0.254016392,2.095171299,3.542541013,0.273918946,2.105199625,3.537647527,0.022817212
1609060393.978819132,0.221681885,2.105924216,3.545274253,0.220665065,2.129383795,3.542593270,0.023634158
1609060394.025839090,0.193739964,2.118957657,3.548292342,0.193215754,2.139655732,3.545007581,0.020963653
1609060394.078690052,0.160435036,2.130752658,3.549656983,0.166283736,2.150408342,3.546410822,0.020762726
1609060394.127166986,0.131368644,2.143767880,3.552093553,0.139656415,2.161683942,3.548576892,0.020050919
1609060394.178130150,0.100207425,2.152074250,3.553388018,0.113566380,2.171057518,3.550850880,0.023350872
1609060394.227622032,0.071281659,2.163766811,3.555812268,0.058388046,2.190898020,3.554230615,0.030080715
1609060394.277701139,0.038596011,2.173652459,3.559964389,0.033303878,2.200531756,3.556613655,0.027599469
1609060394.327140093,0.008957217,2.184978522,3.562947232,0.005952082,2.210326457,3.558890353,0.025845830
1609060394.378655195,-0.029083434,2.198217820,3.566120455,-0.020693242,2.218190860,3.560702251,0.022331023
1609060394.428137064,-0.061190698,2.210331727,3.568842330,-0.049448468,2.227326913,3.562137538,0.021717978
1609060394.480125189,-0.097912739,2.220977186,3.570078093,-0.106217160,2.246517919,3.564710579,0.027388002
1609060394.526715040,-0.129098454,2.232239157,3.571648718,-0.134552503,2.253490591,3.565915706,0.022676807
1609060394.578184128,-0.165848851,2.239546137,3.573214384,-0.164133577,2.261640493,3.567020493,0.023010150
1609060394.625958204,-0.197881306,2.249404940,3.573822310,-0.192773175,2.270488364,3.567828169,0.022506299
1609060394.678415060,-0.234249174,2.257972047,3.572679633,-0.219252106,2.278031382,3.568078363,0.025464891
1609060394.727630138,-0.269008825,2.267814083,3.572629614,-0.250295528,2.284804137,3.567729627,0.025746054
1609060394.778980017,-0.305730942,2.275877697,3.572123758,-0.310616741,2.299864523,3.567183387,0.024972908
1609060394.825003147,-0.338304659,2.284739117,3.571541809,-0.338424966,2.306638486,3.566327817,0.022511831
1609060394.878548145,-0.375536206,2.292725967,3.569061890,-0.370573248,2.312378021,3.564844627,0.020703127
1609060394.926192045,-0.409735340,2.301037160,3.567031402,-0.400573020,2.317893601,3.563245152,0.019555648
1609060394.979655027,-0.448793981,2.307054967,3.563655809,-0.429814236,2.324179840,3.560064512,0.025814520
1609060395.028001070,-0.483475436,2.315541866,3.560638464,-0.494363757,2.335963887,3.554205340,0.024020815
1609060395.079689980,-0.523067653,2.320018474,3.557812220,-0.524853895,2.340122007,3.551015410,0.021296463
1609060395.126984119,-0.557676547,2.327260741,3.555018055,-0.558063264,2.346320630,3.548093155,0.020282583
1609060395.178426981,-0.595633819,2.332787342,3.552363795,-0.593669141,2.351540003,3.545058781,0.020220916
1609060395.228995085,-0.633879930,2.340046027,3.549027998,-0.625903269,2.355068018,3.541689219,0.018524173
1609060395.278118134,-0.669891385,2.342430513,3.542954418,-0.659766009,2.359212682,3.537833668,0.020257998
1609060395.330049992,-0.709135777,2.349002445,3.539501078,-0.726717621,2.368362724,3.531638943,0.027308512
1609060395.379475117,-0.748496385,2.351784061,3.536868673,-0.762629242,2.370736465,3.528655776,0.025027643
1609060395.425306082,-0.783462968,2.357041453,3.534139202,-0.796234335,2.374409475,3.526137854,0.022995164
1609060395.477863073,-0.829055810,2.359829632,3.531955288,-0.830103857,2.378614508,3.522404734,0.021099362
1609060395.528144121,-0.869814871,2.365006651,3.529299063,-0.864174240,2.380104480,3.520917828,0.018166074
1609060395.580636978,-0.914704919,2.366656463,3.524390876,-0.938008368,2.383754128,3.515690498,0.030184060
1609060395.628876209,-0.954495802,2.370613222,3.521712686,-0.972413786,2.386399076,3.513468666,0.025262842
1609060395.679280996,-0.998000992,2.369101891,3.518949982,-1.009772907,2.387209943,3.511824033,0.022743321
1609060395.726664066,-1.037305137,2.370543882,3.516194542,-1.045713195,2.387367174,3.509001218,0.020136100
1609060395.777697086,-1.082489954,2.369490632,3.512861665,-1.083558727,2.387457281,3.506895595,0.018961454
1609060395.827297211,-1.125496264,2.370007996,3.510034423,-1.116987504,2.388005752,3.505089551,0.020512679
1609060395.878175020,-1.169628449,2.367948551,3.506433486,-1.194038769,2.385360893,3.500951638,0.030481208
1609060395.926741123,-1.212196794,2.367276112,3.503385351,-1.231421880,2.384089220,3.499423516,0.025845321
1609060395.978080988,-1.256951147,2.364067254,3.499048084,-1.267818379,2.383294837,3.497005905,0.022180333
1609060396.025374174,-1.298585314,2.362362237,3.496276795,-1.304132709,2.380573230,3.495388339,0.019057891
1609060396.079258204,-1.347270784,2.357223075,3.494237931,-1.343326503,2.377317293,3.494079240,0.020478284
1609060396.127947092,-1.390487182,2.354296218,3.491239412,-1.380025257,2.374061735,3.490300804,0.022383219
1609060396.179615021,-1.435939262,2.346578841,3.490307144,-1.457607850,2.364802360,3.486249674,0.028602227
1609060396.226527214,-1.477609342,2.342329358,3.488816491,-1.497373333,2.359701870,3.484627037,0.026645282
1609060396.277954102,-1.523790167,2.332357367,3.486422070,-1.535574593,2.354651339,3.483154359,0.025427776
1609060396.329421043,-1.569404333,2.325577018,3.484853393,-1.570666890,2.349163394,3.480999755,0.023932441
1609060396.378897190,-1.610458207,2.319705840,3.482131279,-1.609120025,2.341570899,3.479590449,0.022052831
1609060396.428141117,-1.653247427,2.312261815,3.481113717,-1.685299003,2.324661401,3.476439453,0.034682878
1609060396.478668213,-1.699542035,2.300941152,3.478718761,-1.720688178,2.316777396,3.474343017,0.026778594
1609060396.527477026,-1.742126687,2.291403319,3.477515147,-1.762324488,2.305591626,3.473042299,0.025085167
1609060396.578049183,-1.794101315,2.278166444,3.478789583,-1.804750223,2.293479309,3.472155565,0.019796294
1609060396.627701998,-1.839340050,2.266550733,3.478542242,-1.840825096,2.282445315,3.471294628,0.017532000
1609060396.680634022,-1.888641360,2.247826881,3.476692619,-1.878176100,2.270869871,3.470129905,0.026145177
1609060396.727077007,-1.930788654,2.234517781,3.476215212,-1.956144735,2.243156028,3.468466413,0.027885373
1609060396.779548168,-1.976448388,2.215161708,3.473843147,-1.992151123,2.229202380,3.466629350,0.022265561
1609060396.826028109,-2.017670962,2.199498664,3.472992280,-2.028181034,2.214719744,3.465482615,0.019963416
1609060396.878423214,-2.066769885,2.179341654,3.470424801,-2.067998980,2.197125892,3.464259418,0.018862708
1609060396.928431988,-2.111927494,2.159825311,3.469173205,-2.142044792,2.162665288,3.462657496,0.030944654
1609060396.978091002,-2.156907367,2.138192711,3.467266013,-2.176581843,2.145372981,3.461220805,0.021798757
1609060397.067896128,-2.237558407,2.097509101,3.464775153,-2.251937954,2.104837773,3.458476464,0.017324961
1609060397.143000126,-2.302823612,2.058502498,3.464013606,-2.322990791,2.063200891,3.454910853,0.022619685
1609060397.190607071,-2.343640683,2.034710461,3.462880569,-2.360913804,2.039803778,3.453683674,0.020220916
1609060397.238964081,-2.385192958,2.008379210,3.460970341,-2.398070800,2.015432943,3.452146197,0.017130659
1609060397.285953045,-2.425674149,1.980256777,3.457985696,-2.433479178,1.991935735,3.451080042,0.015652623
1609060397.333422184,-2.466166359,1.952994650,3.456467454,-2.469728796,1.967007900,3.450341386,0.015703211
1609060397.386152983,-2.509175662,1.918933006,3.455792659,-2.540664720,1.915514890,3.447574028,0.032722931
1609060397.430253983,-2.545753787,1.892137420,3.454622776,-2.575161775,1.889146332,3.445959789,0.030802982
1609060397.477351189,-2.587030535,1.863276579,3.453810080,-2.610193035,1.861850697,3.444452561,0.025021944
1609060397.527691126,-2.629539619,1.830788316,3.452088338,-2.648270411,1.831797725,3.442754605,0.020951851
1609060397.579995155,-2.672195864,1.793747777,3.449090420,-2.684021634,1.802342110,3.440577348,0.016916968
1609060397.697091103,-2.778593602,1.707596349,3.444978883,-2.786411689,1.715809810,3.437251733,0.013721963
1609060397.745933056,-2.821074657,1.671093759,3.442959187,-2.823099435,1.683672389,3.434811846,0.015122857
1609060397.824478149,-2.889716827,1.606708145,3.437346280,-2.897666722,1.615755322,3.432215943,0.013090936
1609060397.878262997,-2.933849919,1.563798486,3.434744140,-2.938329343,1.577786469,3.431238325,0.015100320
1609060397.926575184,-2.975173513,1.524816790,3.433320676,-2.975094090,1.542112671,3.430336159,0.017551670
1609060397.980239153,-3.021506580,1.479960913,3.431371778,-3.011246735,1.506189430,3.429537880,0.028223442
1609060398.027523994,-3.061523301,1.439654602,3.430722310,-3.082490467,1.435328532,3.430044339,0.021419537
1609060398.078239202,-3.102950029,1.393715318,3.430445307,-3.117509248,1.398973716,3.430479892,0.015479754
1609060398.126496077,-3.143187110,1.351876642,3.430800860,-3.152529242,1.361734850,3.430355646,0.013588889
1609060398.178829193,-3.185270947,1.306069900,3.432200822,-3.184481911,1.327116814,3.430776344,0.021109816
1609060398.226239204,-3.223721324,1.264306876,3.432793901,-3.250387608,1.255171239,3.432125558,0.028195695
1609060398.277672052,-3.265217423,1.217330576,3.433412378,-3.284379509,1.217589850,3.433170750,0.019165363
1609060398.326209068,-3.303938229,1.173854561,3.434678018,-3.317289229,1.180208802,3.433640504,0.014822349
1609060398.377545118,-3.346461663,1.127350604,3.436396282,-3.351859805,1.140228587,3.435178049,0.014016650
1609060398.433663130,-3.390555846,1.076229447,3.438956042,-3.421399412,1.058849202,3.438486412,0.035406482
1609060398.484022141,-3.429194424,1.028275845,3.440770015,-3.452739964,1.021219549,3.440592000,0.024580794
1609060398.527798176,-3.463154892,0.987317470,3.442599030,-3.486030177,0.979960817,3.441821502,0.024041704
1609060398.578746080,-3.500490369,0.938430840,3.445439667,-3.518669857,0.940086813,3.443954820,0.018315043
1609060398.628152132,-3.537759742,0.891792578,3.447355656,-3.551841540,0.898370941,3.445268280,0.015682125
1609060398.678184032,-3.575187165,0.842989286,3.449332317,-3.583204684,0.858222662,3.447383798,0.017324350
1609060398.726467133,-3.611295795,0.796720464,3.451334230,-3.648897426,0.773869633,3.449401363,0.044042923
1609060398.774976015,-3.652469850,0.744750891,3.453676215,-3.680871589,0.731153660,3.451126342,0.031591855
1609060398.825124025,-3.690572026,0.694954162,3.455872463,-3.710646508,0.690172307,3.452752111,0.020870734
1609060398.878898144,-3.733828177,0.636494762,3.458555180,-3.739277238,0.650560493,3.453244031,0.015992040
1609060398.929849148,-3.772792159,0.583567533,3.461019160,-3.801102044,0.563809196,3.455155015,0.035017562
1609060398.978372097,-3.806890893,0.530445475,3.458611537,-3.831316811,0.520888850,3.455336374,0.026432580
1609060399.025608063,-3.841511450,0.480384393,3.459026255,-3.860297576,0.477177876,3.455706452,0.019344803
1609060399.079013109,-3.880990837,0.421857499,3.458823324,-3.890493147,0.431176173,3.455814428,0.013644963
1609060399.128398180,-3.915148816,0.368736574,3.458725851,-3.917501121,0.388658527,3.454891783,0.020423457
1609060399.178855181,-3.948270533,0.314787009,3.459052297,-3.974076838,0.297755135,3.454248049,0.031291068
1609060399.226141214,-3.980187451,0.264218950,3.458453519,-3.999204819,0.256549412,3.453972696,0.020989519
1609060399.278860092,-4.016195643,0.208187263,3.455499082,-4.026326754,0.210945074,3.453258728,0.010736113
1609060399.326719999,-4.045406178,0.157529874,3.455411599,-4.051861689,0.165622164,3.453193101,0.010586809
1609060399.378432035,-4.074373958,0.102014132,3.456358494,-4.079156575,0.117997378,3.452678932,0.017084401
1609060399.471894026,-4.125444167,0.004574051,3.453759302,-4.126477002,0.027909356,3.451951968,0.023427968
1609060399.544891119,-4.162913317,-0.071789871,3.451716739,-4.169692295,-0.059772946,3.450424417,0.013857530
1609060399.593710184,-4.186378837,-0.122112984,3.450625653,-4.190379297,-0.102665531,3.449271291,0.019900790
1609060399.632601023,-4.204111013,-0.161547009,3.449877631,-4.211588543,-0.147740905,3.448103867,0.015800893
1609060399.681473017,-4.225959126,-0.210317189,3.447839856,-4.247713958,-0.232079711,3.446204676,0.030814832
1609060399.727986097,-4.244841017,-0.256878013,3.447162245,-4.265049713,-0.273438252,3.445007450,0.026215951
1609060399.779188156,-4.263859932,-0.309219611,3.442512844,-4.279902759,-0.313162531,3.444988294,0.016704693
1609060399.827403069,-4.280981277,-0.356219819,3.442328183,-4.296510665,-0.354417933,3.444685072,0.015810238
1609060399.879662991,-4.303633457,-0.413903008,3.441531767,-4.310386889,-0.396133813,3.445410569,0.019400986
1609060399.926999092,-4.318947382,-0.461231564,3.441739014,-4.338541748,-0.481734625,3.446053493,0.028686746
1609060399.977424145,-4.334860348,-0.514399229,3.443307306,-4.350508010,-0.521264273,3.446268467,0.017342049
1609060400.026029110,-4.348544626,-0.562982884,3.443280882,-4.363313211,-0.563567667,3.446673513,0.015164532
1609060400.078128099,-4.359626429,-0.610424720,3.442252119,-4.373012557,-0.603017734,3.447031515,0.016027928
1609060400.129971981,-4.370045679,-0.658137465,3.443034427,-4.382564616,-0.642795595,3.447132350,0.020221022
1609060400.179473162,-4.379249544,-0.705556485,3.444339507,-4.398903018,-0.725335649,3.446762840,0.027988335
1609060400.227545977,-4.387234771,-0.749640348,3.444623486,-4.405642600,-0.762548956,3.446576592,0.022567564
1609060400.278501987,-4.395687491,-0.794818409,3.445102609,-4.411701530,-0.798645351,3.446112898,0.016495927
1609060400.328487158,-4.402231310,-0.836747969,3.446125033,-4.416868957,-0.832872471,3.445653044,0.015149355
1609060400.381268978,-4.406959587,-0.877527584,3.448595320,-4.421442698,-0.865175081,3.444686003,0.019432643
1609060400.428768158,-4.410114113,-0.911124352,3.447895120,-4.425184629,-0.896628550,3.443468146,0.021373975
1609060400.479042053,-4.412563758,-0.944533357,3.445022623,-4.428901321,-0.955885511,3.439982319,0.020522963
1609060400.529211998,-4.413379957,-0.976201948,3.442589725,-4.429243757,-0.981446411,3.437437676,0.017484512
1609060400.578112125,-4.414215515,-1.005829575,3.439073501,-4.429364328,-1.005410825,3.434335307,0.015878046
1609060400.626744986,-4.413600818,-1.031210690,3.436445635,-4.428406001,-1.027307220,3.431803524,0.015999366
1609060400.680422068,-4.413347469,-1.055869643,3.433597430,-4.427251840,-1.048595934,3.429035551,0.016341637
1609060400.728835106,-4.411159913,-1.076283123,3.431168329,-4.425667140,-1.068161318,3.426422448,0.017290076
1609060400.779316187,-4.408772957,-1.095890749,3.430009833,-4.419836540,-1.100997335,3.421512010,0.014855742
1609060400.825790167,-4.405705204,-1.109890208,3.428205800,-4.416497297,-1.114051207,3.419226422,0.014642828
1609060400.879508018,-4.402454079,-1.125530360,3.421063739,-4.412829189,-1.125366209,3.417282057,0.011044047
1609060400.927040100,-4.397853305,-1.136070659,3.418528242,-4.407908758,-1.135572262,3.415653543,0.010470169
1609060400.978569984,-4.395924098,-1.154232578,3.420496637,-4.403031139,-1.144823330,3.414297512,0.013321904
1609060401.028685093,-4.390579739,-1.163858337,3.419151963,-4.391226775,-1.159905409,3.411451096,0.008680303
1609060401.079002142,-4.382746045,-1.173673801,3.418651012,-4.384845500,-1.166497762,3.410509488,0.011053853
1609060401.127573013,-4.375664101,-1.182643791,3.417198793,-4.377680883,-1.172660058,3.409631786,0.012688654
1609060401.169844151,-4.367794144,-1.188415544,3.413468770,-4.369988570,-1.177949011,3.408730089,0.011696961
1609060401.221971035,-4.359063251,-1.194440335,3.411931151,-4.362320545,-1.182239496,3.407876031,0.013263274
1609060401.271665096,-4.347742082,-1.198278582,3.411180868,-4.354010928,-1.186050023,3.406871143,0.014401729
1609060401.327571154,-4.335453127,-1.204085356,3.411201598,-4.336220826,-1.194462634,3.407149273,0.010469359
1609060401.378626108,-4.323822905,-1.208285452,3.413739677,-4.326900328,-1.197190224,3.407372220,0.013157475
1609060401.426519156,-4.312216637,-1.211147542,3.414499651,-4.316288638,-1.200436089,3.408551565,0.012911086
1609060401.480786085,-4.299339029,-1.211840736,3.413128094,-4.305714835,-1.203432848,3.408626620,0.011471999
1609060401.529177189,-4.285034026,-1.215655548,3.414899223,-4.283346545,-1.209700035,3.411160858,0.007231259
1609060401.579622984,-4.269494297,-1.219329177,3.418343456,-4.272202640,-1.212960794,3.411427739,0.009783586
1609060401.625693083,-4.255152365,-1.221752055,3.419882387,-4.259487862,-1.214645167,3.412661578,0.011020185
1609060401.678419113,-4.240612878,-1.222527521,3.421490523,-4.246847691,-1.215598083,3.413241026,0.012447659
1609060401.727393150,-4.226156631,-1.219850504,3.423533311,-4.235515013,-1.213628762,3.414529393,0.014399997
1609060401.778926134,-4.212661708,-1.214822243,3.421603982,-4.211614181,-1.206915593,3.416302952,0.009576709
1609060401.830302000,-4.196981975,-1.209982148,3.422575841,-4.199002694,-1.202679517,3.417662288,0.009030765
1609060401.879027128,-4.181591431,-1.205452427,3.424569381,-4.186739951,-1.197305086,3.419073376,0.011094706
1609060401.925945044,-4.167201396,-1.196915443,3.424870386,-4.174713184,-1.190468945,3.420150062,0.010966575
1609060401.979689121,-4.152009797,-1.185193704,3.429629001,-4.161591807,-1.180036250,3.420882330,0.013961322
1609060402.027944088,-4.138040544,-1.170129187,3.430969672,-4.139206953,-1.155086547,3.423039331,0.017044994
1609060402.077647209,-4.123309636,-1.150616465,3.434237959,-4.127443335,-1.138088929,3.424002002,0.016697348
1609060402.128281116,-4.109252784,-1.128266499,3.436241410,-4.115723031,-1.117369672,3.424873562,0.017024480
1609060402.178361177,-4.095584564,-1.100876228,3.437376682,-4.105341131,-1.095957156,3.425789565,0.015926367
1609060402.225638151,-4.082247053,-1.074474949,3.439287414,-4.095129930,-1.073835601,3.427307241,0.017604029
1609060402.278110027,-4.070445188,-1.047580586,3.438121041,-4.071441841,-1.024761700,3.430853175,0.023969079
1609060402.327462196,-4.057416578,-1.016368722,3.439383034,-4.062771173,-0.997223070,3.431036469,0.021561373
1609060402.377845049,-4.045436895,-0.982101725,3.440348106,-4.053918580,-0.970758060,3.433277316,0.015830786
1609060402.425198078,-4.034549087,-0.948496087,3.441428174,-4.043049378,-0.937153000,3.435701940,0.015287588
1609060402.478965998,-4.026855877,-0.907408820,3.441956889,-4.033820351,-0.903288907,3.437020663,0.009478603
1609060402.526862144,-4.019581509,-0.870011843,3.442008166,-4.027324431,-0.870478569,3.437573468,0.008935168
1609060402.579752207,-4.013227651,-0.829534480,3.441630907,-4.014702753,-0.799884992,3.438465725,0.029854421
1609060402.628553152,-4.006893632,-0.789812662,3.441779262,-4.009579352,-0.765100000,3.439002806,0.025012746
1609060402.678928137,-4.000082787,-0.749156349,3.442210893,-4.006589890,-0.732062113,3.438313018,0.018701571
1609060402.729631186,-3.995907110,-0.708580361,3.441439844,-4.003294751,-0.697160049,3.437519538,0.014155196
1609060402.777162075,-3.995221673,-0.671041265,3.442995797,-4.001564888,-0.664754812,3.436379796,0.011114285
1609060402.827563047,-3.993174639,-0.631630841,3.443155470,-3.998939247,-0.598003049,3.435853359,0.034890972
1609060402.879329205,-3.990919409,-0.590125409,3.443709244,-3.998386779,-0.566647337,3.434710110,0.026229104
1609060402.968847036,-3.994575319,-0.522725819,3.443366099,-3.999784486,-0.499536591,3.433774874,0.025629423
1609060403.036223173,-4.000569950,-0.473756583,3.442492760,-4.010445139,-0.437376235,3.431847548,0.039171031
1609060403.130094051,-4.016006845,-0.408948051,3.439539115,-4.027179808,-0.377050223,3.427821227,0.035771713
1609060403.172846079,-4.030112678,-0.378863067,3.437530022,-4.037755225,-0.350366110,3.425199927,0.031976809
1609060403.219709158,-4.042846286,-0.348470890,3.434926737,-4.049685318,-0.322317034,3.421998192,0.029965711
1609060403.290386200,-4.063490360,-0.301105849,3.427876260,-4.076260817,-0.270441399,3.415593948,0.035415368
1609060403.333377123,-4.078368020,-0.274147232,3.424815091,-4.090561741,-0.246691494,3.413335436,0.032160331
1609060403.376505136,-4.095966127,-0.248815824,3.419252421,-4.108065650,-0.221059114,3.410423018,0.031540320
1609060403.426532984,-4.117726976,-0.219276322,3.415001376,-4.127233511,-0.197225041,3.406961181,0.025323466
1609060403.479250193,-4.143492521,-0.190250613,3.410683745,-4.146854035,-0.174651989,3.404524892,0.017104044
1609060403.529406071,-4.167796940,-0.161765431,3.406829468,-4.169133129,-0.150258161,3.401801581,0.012628630
1609060403.586101055,-4.194938188,-0.129385585,3.403054915,-4.214534946,-0.103441026,3.396902748,0.033090818
1609060403.673426151,-4.242012468,-0.083635313,3.399945729,-4.260174799,-0.060839287,3.393474944,0.029856325
1609060403.719946146,-4.267895464,-0.059939605,3.397881194,-4.284325877,-0.039145661,3.391851186,0.027179175
1609060403.767722130,-4.295956472,-0.037871302,3.394730777,-4.309951331,-0.021936185,3.390406446,0.021644489
1609060403.816894054,-4.324371471,-0.014611258,3.392610928,-4.335405918,0.001222472,3.389173323,0.019603142
1609060403.884765148,-4.362766906,0.018120809,3.392212515,-4.389028272,0.041513919,3.387008767,0.035552439
1609060403.930885077,-4.389776916,0.039685371,3.391327235,-4.415808265,0.061528791,3.386473952,0.034326673
1609060403.979072094,-4.418872873,0.061171039,3.392459990,-4.441282033,0.080960008,3.386229950,0.030538290
1609060404.027512074,-4.447176245,0.084789836,3.393063826,-4.467578733,0.102445450,3.386474033,0.027774225
1609060404.078886032,-4.475934019,0.110181268,3.391737279,-4.493536644,0.123507789,3.385863205,0.022846298
1609060404.128934145,-4.503385703,0.133987530,3.391616097,-4.518539360,0.142746892,3.386447740,0.018250251
1609060404.179248095,-4.531640175,0.159156682,3.389029041,-4.564014117,0.183831750,3.386104422,0.040810347
1609060404.229568005,-4.558083189,0.184795753,3.388413389,-4.588078801,0.206272764,3.385407332,0.037013985
1609060404.280018091,-4.587670146,0.211912751,3.391972399,-4.610747053,0.228507973,3.384759726,0.029325205
1609060404.326958179,-4.611449807,0.236699678,3.391964556,-4.634033984,0.251218510,3.384157186,0.027960625
1609060404.377541065,-4.639196975,0.264301143,3.393186506,-4.655622398,0.274504731,3.384114160,0.021359195
1609060404.427803040,-4.662351624,0.291459525,3.392932069,-4.675741354,0.297316552,3.383445027,0.017423938
1609060404.481217146,-4.686392061,0.321291507,3.389075630,-4.713922327,0.345204064,3.381532527,0.037237405
1609060404.527707100,-4.706588074,0.347414463,3.388302196,-4.730028932,0.367221499,3.381224799,0.031494159
1609060404.571979046,-4.725955197,0.371866573,3.388116015,-4.746929920,0.391605784,3.380860447,0.029702167
1609060404.622480154,-4.745375733,0.401216662,3.387605582,-4.761497981,0.414466550,3.381085727,0.021863095
1609060404.672170162,-4.765348944,0.430067633,3.385968853,-4.776940342,0.439982977,3.381130321,0.016002686
1609060404.724748135,-4.784179914,0.461614071,3.385910934,-4.804756028,0.489999393,3.381321589,0.035357674
1609060404.777429104,-4.800985385,0.494545825,3.385522459,-4.817939917,0.517717139,3.381758443,0.028957448
1609060404.828528166,-4.815809347,0.526596158,3.385985273,-4.828646474,0.540685958,3.382768756,0.019330294
1609060404.878906012,-4.830156970,0.559179938,3.387303199,-4.840092325,0.567524408,3.383011082,0.013666153
1609060404.928469181,-4.842128046,0.590462169,3.387592445,-4.848750604,0.591703842,3.383876148,0.007694861
1609060404.978840113,-4.852077368,0.619670593,3.388209760,-4.866208488,0.644932813,3.384760026,0.029150798
1609060405.026875019,-4.861381853,0.651317637,3.388133041,-4.874323968,0.674298288,3.384546737,0.026617104
1609060405.079665184,-4.872398905,0.686004547,3.387601695,-4.882071775,0.702768820,3.384737974,0.019565433
1609060405.127121210,-4.879647362,0.717013679,3.387211197,-4.888130236,0.731767013,3.384567287,0.017222377
1609060405.180289030,-4.888449495,0.751013576,3.389307494,-4.894731192,0.760675200,3.384589266,0.012452645
1609060405.228845119,-4.894906958,0.783486839,3.389670803,-4.900996393,0.789972123,3.383995089,0.010552434
1609060405.281080008,-4.902057041,0.818508136,3.384462061,-4.910288928,0.851082551,3.383674409,0.033607691
1609060405.325997114,-4.906966464,0.849239051,3.382834576,-4.916017947,0.882210462,3.382284520,0.034195699
1609060405.378040075,-4.911847197,0.889872892,3.377326505,-4.920054141,0.913034701,3.380825906,0.024820740
1609060405.427482128,-4.916090134,0.926237508,3.372902618,-4.923778431,0.945421917,3.378941311,0.021531773
1609060405.480834007,-4.923959182,0.968904098,3.371394022,-4.928585614,0.976465610,3.375564401,0.009796550
1609060405.528052092,-4.927932294,1.004128675,3.366858857,-4.937346651,1.037431548,3.369970580,0.034747580
1609060405.577284098,-4.932668057,1.046486551,3.365536948,-4.941328983,1.070228773,3.367175309,0.025325658
1609060405.626881123,-4.938660544,1.087582271,3.362092228,-4.945905352,1.105248336,3.364305328,0.019221730
1609060405.678483009,-4.947126458,1.127584653,3.358688091,-4.951752903,1.138998125,3.361280519,0.012585389
1609060405.728350163,-4.954428268,1.168364714,3.354362163,-4.957110214,1.171267954,3.357800027,0.005238371
1609060405.780021191,-4.963662958,1.208997220,3.349665746,-4.968663755,1.238279619,3.350308871,0.029713305
1609060405.825129032,-4.971918809,1.245307470,3.345250930,-4.977456984,1.271137361,3.345358633,0.026417158
1609060405.879862070,-4.981814816,1.288212420,3.339207872,-4.985221059,1.303628664,3.340779490,0.015866098
1609060405.927932024,-4.990750495,1.326968097,3.335075925,-4.992859770,1.338746112,3.336900235,0.012103669
1609060405.978623152,-5.000812633,1.367149227,3.331204309,-5.000765494,1.372575224,3.332525446,0.005584717
1609060406.030205011,-5.013641701,1.408846944,3.325795611,-5.011129491,1.406599861,3.327593533,0.003820092
1609060406.079104185,-5.026447073,1.444962546,3.318481597,-5.035263960,1.470966464,3.316439318,0.027533836
1609060406.128489017,-5.041247811,1.482154122,3.311073833,-5.047961556,1.504027310,3.310043115,0.022903561
1609060406.177798986,-5.056273889,1.520044494,3.300341906,-5.062702906,1.536828260,3.303432197,0.018236693
1609060406.227044106,-5.073457956,1.556398657,3.292172838,-5.076851652,1.567351285,3.296798240,0.012364125
1609060406.280534029,-5.094813929,1.592898195,3.288998316,-5.093096241,1.600174926,3.290225278,0.007576721
1609060406.329967022,-5.114809004,1.626715195,3.282759179,-5.130363751,1.661111248,3.278551690,0.037983438
1609060406.378149986,-5.134502750,1.660955475,3.275898116,-5.149266502,1.688983738,3.273355724,0.031780743
1609060406.428543091,-5.158235639,1.694930694,3.270289591,-5.171520027,1.718707444,3.267974398,0.027334391
1609060406.480351210,-5.189192713,1.732817406,3.265920274,-5.193102693,1.745316012,3.263272531,0.013360899
1609060406.530244112,-5.216957989,1.764483739,3.262071509,-5.238683296,1.798298680,3.254349977,0.040927513
1609060406.578059196,-5.245103430,1.795416740,3.257505611,-5.260534521,1.822390728,3.251193659,0.031710492
1609060406.621797085,-5.270237797,1.822539799,3.254401652,-5.285687783,1.847737072,3.247376093,0.030380308
1609060406.670320034,-5.298457088,1.851474126,3.248572039,-5.312735616,1.871432221,3.243914818,0.024977822
1609060406.728110075,-5.335710764,1.883821917,3.243365228,-5.341216205,1.895887609,3.241060826,0.013461095
1609060406.779551983,-5.371466656,1.913355837,3.237666310,-5.368379952,1.919714113,3.238686529,0.007141167
1609060406.824823141,-5.401795169,1.938172663,3.235373368,-5.424739830,1.963734917,3.234139650,0.034371621
1609060406.878969193,-5.437530786,1.967940817,3.233843935,-5.451928441,1.984139435,3.233619171,0.021673445
1609060406.927206039,-5.469368570,1.993199443,3.232548803,-5.480224011,2.006372946,3.232202605,0.017073418
1609060406.980704069,-5.503087794,2.019986092,3.231800386,-5.507430190,2.027245513,3.231565480,0.008462315
1609060407.027716160,-5.533242465,2.043008215,3.230302876,-5.563415554,2.068366326,3.228798690,0.039442511
1609060407.079115152,-5.568660042,2.067312575,3.228881859,-5.592787187,2.088664260,3.227226119,0.032260735
1609060407.127367020,-5.600926327,2.091398798,3.227606284,-5.621257585,2.108585153,3.225930003,0.026674722
1609060407.177980185,-5.635774265,2.115488385,3.223842084,-5.651332130,2.129263871,3.224669684,0.020796541
1609060407.227697134,-5.668319369,2.139633704,3.221999235,-5.678667159,2.149298897,3.223125995,0.014204306
1609060407.280601978,-5.703146525,2.161832409,3.222500312,-5.733798819,2.189266897,3.219188798,0.041269606
1609060407.327654123,-5.733130004,2.183896353,3.220078173,-5.761771782,2.209109678,3.215727118,0.038405662
1609060407.378270149,-5.765221324,2.208888072,3.217276082,-5.787626004,2.227476236,3.212160492,0.029557719
1609060407.428651094,-5.795165817,2.231821702,3.212664768,-5.812437499,2.246020677,3.208030771,0.022834093
1609060407.481408119,-5.826648946,2.253401769,3.204471184,-5.837624346,2.266541310,3.202610716,0.017221158
1609060407.527852058,-5.853188365,2.275036589,3.199293539,-5.888118244,2.305519001,3.192290747,0.046886170
1609060407.578287125,-5.887693106,2.300095923,3.187966396,-5.913013302,2.325686420,3.187387745,0.036004454
1609060407.625300169,-5.915165599,2.321973433,3.181757218,-5.936303592,2.344866431,3.182854141,0.031178636
1609060407.681172132,-5.947495894,2.351798924,3.173148252,-5.962095751,2.365624670,3.177563950,0.020586536
1609060407.728523016,-5.975135719,2.376667326,3.167378713,-5.986885100,2.387628692,3.173488718,0.017191034
1609060407.779933214,-6.009985195,2.405366951,3.163894757,-6.038366670,2.430070916,3.164162334,0.037627990
1609060407.826332092,-6.039405548,2.430719866,3.159166075,-6.063224835,2.449893805,3.161159779,0.030642670
1609060407.879067183,-6.072196836,2.458320882,3.154207888,-6.089315578,2.473775290,3.156644736,0.023191125
1609060407.927498102,-6.102476032,2.486056194,3.149692498,-6.118331048,2.498319845,3.152829948,0.020288476
1609060407.977844000,-6.134825691,2.513018201,3.143626181,-6.146100066,2.523450317,3.149262014,0.016361637
1609060408.026247978,-6.164457144,2.538312745,3.139654407,-6.172948903,2.545311123,3.145317229,0.012375574
1609060408.080068111,-6.197880575,2.567779713,3.134185578,-6.226026967,2.588980424,3.139214202,0.035594615
1609060408.129019022,-6.229786064,2.593600504,3.130573748,-6.251462730,2.609626966,3.136697290,0.027644586
1609060408.178281069,-6.262418491,2.617753206,3.127566744,-6.277666828,2.630686350,3.134071326,0.021025879
1609060408.225942135,-6.293528017,2.642532940,3.124320842,-6.306603188,2.654550454,3.130489766,0.018799904
1609060408.279213190,-6.326912052,2.669012365,3.123823252,-6.337786167,2.678065475,3.128097626,0.014780915
1609060408.328937054,-6.359838616,2.694232375,3.121796557,-6.366294200,2.701039791,3.125723531,0.010170379
1609060408.380493164,-6.394275699,2.720629261,3.123040011,-6.423366729,2.744613754,3.121631531,0.037729666
1609060408.428739071,-6.425144564,2.744681901,3.121985068,-6.449945869,2.765452127,3.119557336,0.032440729
1609060408.479394197,-6.456572965,2.769012100,3.117293039,-6.476059599,2.785988954,3.116895597,0.025847639
1609060408.527713060,-6.485981148,2.791712888,3.114155650,-6.503378329,2.806696823,3.113186364,0.022980856
1609060408.579924107,-6.517798912,2.814334137,3.110329432,-6.531505124,2.827133102,3.110353296,0.018752981
1609060408.628437996,-6.546570460,2.835827815,3.109086059,-6.557415999,2.846757298,3.109568086,0.015404923
1609060408.681055069,-6.578218697,2.858672735,3.109869126,-6.582794858,2.865024819,3.109981177,0.007829609
1609060408.727375984,-6.605111313,2.877403790,3.114705580,-6.633230136,2.898883356,3.119173239,0.035665108
1609060408.778818130,-6.636190633,2.899569909,3.125857398,-6.656962401,2.915823432,3.126706219,0.026388707
1609060408.827222109,-6.662865447,2.917620428,3.135546703,-6.680223255,2.931474342,3.135410274,0.022209076
1609060408.878816128,-6.693204544,2.939394689,3.143844463,-6.702481243,2.947167003,3.143612393,0.012104539
1609060408.928865194,-6.720141381,2.959035476,3.154183287,-6.723903034,2.963157463,3.151873866,0.006039391
1609060408.979489088,-6.747551193,2.978887020,3.166450538,-6.769146314,2.992935079,3.169215655,0.025910289
1609060409.026559114,-6.773205654,2.995548738,3.176676325,-6.791638032,3.007752503,3.178743291,0.022202630
1609060409.079119205,-6.802494317,3.013458995,3.187412165,-6.813870670,3.022184125,3.188490096,0.014377455
1609060409.129620075,-6.827988733,3.031206887,3.198579006,-6.835948577,3.036958089,3.197517062,0.009877407
1609060409.179974079,-6.854464691,3.049063394,3.208920051,-6.858609976,3.052069021,3.206560369,0.005637844
1609060409.227297068,-6.881146057,3.067335426,3.218739387,-6.903846950,3.082189643,3.220670293,0.027197550
1609060409.280170202,-6.910362082,3.087255898,3.232026873,-6.927387957,3.096985893,3.227347720,0.020160548
1609060409.327556133,-6.936959467,3.104934542,3.240298039,-6.951736137,3.113318122,3.233138758,0.018436097
1609060409.378501177,-6.968169042,3.124190778,3.245068740,-6.978315963,3.131276224,3.240273470,0.013272459
1609060409.429986000,-7.000371683,3.144227736,3.252454356,-7.004722420,3.147678654,3.245486713,0.008909870
1609060409.481420994,-7.032073732,3.166116196,3.258828179,-7.033066783,3.165772052,3.250727319,0.008168752
1609060409.528619051,-7.062957073,3.186093005,3.264012594,-7.089180742,3.202535543,3.259033863,0.031350050
1609060409.578970194,-7.097263220,3.206728195,3.266496079,-7.121133372,3.221162893,3.261807630,0.028286502
1609060409.628424168,-7.133138651,3.228956290,3.268231006,-7.152734609,3.240158063,3.263846425,0.022993604
1609060409.680056095,-7.171837071,3.252988543,3.272488660,-7.185814859,3.261052586,3.265834367,0.017455285
1609060409.729544163,-7.209912307,3.276796724,3.274154785,-7.220417118,3.281777866,3.268471085,0.012940914
1609060409.781149149,-7.255944214,3.303939531,3.281177872,-7.289729631,3.323050794,3.270537568,0.040248116
1609060409.829326153,-7.296178237,3.328018739,3.284557027,-7.325848084,3.346346740,3.272284022,0.036970828
1609060409.878853083,-7.340677463,3.355004521,3.285148001,-7.360631888,3.368405922,3.274030012,0.026483699
1609060409.927361012,-7.384181795,3.382462849,3.288440433,-7.399310881,3.391227030,3.276189855,0.021348928
1609060409.980737209,-7.432380748,3.412876331,3.289486731,-7.436118839,3.414549071,3.278453783,0.011768489
1609060410.028295040,-7.475640473,3.439686325,3.291375314,-7.511405847,3.461954158,3.282356924,0.043085378
1609060410.078970194,-7.523505115,3.468579270,3.292695434,-7.551601892,3.485580779,3.283740177,0.034039343
1609060410.128543139,-7.570457821,3.497270021,3.293282776,-7.590299923,3.508848998,3.285549804,0.024240061
1609060410.179124117,-7.619624474,3.527387172,3.292109898,-7.631817139,3.534098334,3.287257931,0.014739143
1609060410.228488207,-7.668259830,3.555919513,3.293130951,-7.672476268,3.556881296,3.288971447,0.006000404
1609060410.279890060,-7.717448687,3.583884847,3.294326791,-7.715593526,3.582827181,3.289759814,0.005041583
1609060410.329349995,-7.764569857,3.614071430,3.296055073,-7.795583176,3.634384330,3.292179142,0.037275497
1609060410.377452135,-7.810904976,3.644242177,3.298232444,-7.833840081,3.657581047,3.293491204,0.026952252
1609060410.427040100,-7.857054939,3.673947922,3.299771033,-7.874911812,3.682738301,3.294341723,0.020630465
1609060410.481698990,-7.907465440,3.708451946,3.304006578,-7.913724946,3.709000319,3.295267355,0.010763650
1609060410.527576208,-7.948797388,3.737130636,3.305752127,-7.952092610,3.736517150,3.295382032,0.010898336
1609060410.578217983,-7.993877392,3.769654874,3.300838794,-7.993897067,3.765899529,3.295706903,0.006359191
1609060410.627376080,-8.038409938,3.802367026,3.301120542,-8.074512376,3.823435100,3.297940019,0.041920944
1609060410.679148197,-8.086989026,3.836550511,3.306028582,-8.113471599,3.853113912,3.298560368,0.032116150
1609060410.726834059,-8.129772113,3.869741781,3.307074134,-8.153757664,3.883262601,3.299065795,0.028674950
1609060410.779208183,-8.177601469,3.904421725,3.307639659,-8.192296729,3.913573640,3.299098139,0.019304554
1609060410.828528166,-8.220775377,3.938534061,3.309514459,-8.230586261,3.944176375,3.300923532,0.014208912
1609060410.879283190,-8.269906847,3.978691915,3.312498197,-8.307347926,4.008860388,3.302188325,0.049175854
1609060410.928606033,-8.314044019,4.016765371,3.314994401,-8.344833882,4.042261987,3.304494531,0.041332075
1609060410.978766203,-8.361290095,4.056193961,3.315350884,-8.381844754,4.074291528,3.306239896,0.028862191
1609060411.025828123,-8.403405242,4.093823857,3.316920686,-8.418739799,4.108837422,3.307518514,0.023429824
1609060411.080110073,-8.450721617,4.135194779,3.311504396,-8.457160598,4.143789499,3.308290638,0.011209725
1609060411.129387140,-8.493828666,4.176926768,3.311338568,-8.527240010,4.212174116,3.308076261,0.048675827
1609060411.176635981,-8.535073729,4.218863908,3.311033903,-8.560219373,4.246024466,3.307775636,0.037156636
1609060411.226155996,-8.576789131,4.260891586,3.310130962,-8.594956696,4.281689547,3.307478726,0.027742566
1609060411.277624130,-8.619987179,4.304184462,3.308088334,-8.629288075,4.317966895,3.307172625,0.016652347
1609060411.326937199,-8.660591686,4.346607427,3.307387605,-8.663829321,4.354356281,3.307561404,0.008399835
1609060411.379705191,-8.702568302,4.389870471,3.306801238,-8.695954199,4.388849587,3.306800911,0.006692426
1609060411.427775145,-8.740410225,4.430050075,3.306339294,-8.760647549,4.458088175,3.305826729,0.034582468
1609060411.470930099,-8.773624574,4.465978920,3.306985333,-8.791361406,4.492070276,3.306591489,0.031551691
1609060411.521054029,-8.811458581,4.507520976,3.308334323,-8.823911192,4.528168414,3.307903280,0.024115763
1609060411.580197096,-8.854423144,4.556658311,3.310079397,-8.854979278,4.562859237,3.310098431,0.006225845
1609060411.626838207,-8.887829967,4.594329416,3.311954752,-8.914551498,4.631110544,3.312916850,0.045473259
1609060411.679201126,-8.923843973,4.635901715,3.313460310,-8.942901831,4.662802358,3.315008690,0.033003697
1609060411.728243113,-8.957686224,4.675138552,3.315892498,-8.973812275,4.697414630,3.316451012,0.027506093
1609060411.778196096,-8.993167972,4.714776767,3.316289044,-9.002611575,4.731784318,3.318297857,0.019556936
1609060411.838414192,-9.033956620,4.764775043,3.320025317,-9.064189697,4.805679204,3.324626700,0.051072127
1609060411.878583193,-9.059637397,4.797864454,3.323486877,-9.092052647,4.839513333,3.327946300,0.052964743
1609060411.925848007,-9.090141534,4.835999534,3.326838353,-9.120851046,4.874568944,3.330182574,0.049415153
1609060411.970710993,-9.123798441,4.874818837,3.329777935,-9.148542273,4.908376065,3.333784305,0.041885508
1609060412.021212101,-9.156584545,4.916272523,3.333266285,-9.176797671,4.944046389,3.336087880,0.034466208
1609060412.070445061,-9.191307472,4.960326142,3.336930796,-9.203205317,4.977344834,3.338539435,0.020827441
1609060412.129059076,-9.229996629,5.011624565,3.341188154,-9.258096670,5.049297038,3.344359244,0.047105025
1609060412.171797991,-9.258404349,5.050259895,3.344210221,-9.283635795,5.082999536,3.347704886,0.041481593
1609060412.220314980,-9.290687792,5.092985956,3.348423748,-9.310968204,5.119076352,3.350838966,0.033133626
1609060412.280927181,-9.331310507,5.146132900,3.355728036,-9.337447829,5.154887614,3.354586863,0.010752395
1609060412.328114033,-9.361428744,5.186714825,3.360143138,-9.365246384,5.191334963,3.358942910,0.006112332
1609060412.381548166,-9.394629609,5.232785012,3.364364084,-9.415811768,5.264211902,3.367965506,0.038069719
1609060412.426798105,-9.421994749,5.271825215,3.368815656,-9.441502158,5.299788315,3.370944971,0.034161498
1609060412.481037140,-9.453632994,5.318116348,3.375040012,-9.464695819,5.334142852,3.374834381,0.019475041
1609060412.528138161,-9.481086711,5.359121334,3.379474084,-9.492153734,5.374312812,3.378606071,0.018815245
1609060412.578795195,-9.509774186,5.402146855,3.385036252,-9.518749157,5.413705582,3.381745149,0.014999521
1609060412.628405094,-9.536552357,5.444529919,3.389188771,-9.543198977,5.450949754,3.385282549,0.010032468
1609060412.680060148,-9.564911763,5.489016063,3.390491263,-9.590949967,5.523176545,3.389575903,0.042962362
1609060412.727285147,-9.589797717,5.529596414,3.393405108,-9.613563769,5.558644480,3.391082600,0.037603317
1609060412.778535128,-9.618207388,5.569480960,3.395469723,-9.635515287,5.592455047,3.393229012,0.028851219
1609060412.828056097,-9.643190081,5.609390618,3.398118654,-9.657599551,5.626674465,3.394317328,0.022821356
1609060412.880711079,-9.670490325,5.650326774,3.399593918,-9.679991496,5.658382286,3.395304440,0.013174337
1609060412.929073095,-9.693017855,5.686075115,3.401164286,-9.719199243,5.721520222,3.399489244,0.044097919
1609060412.978442192,-9.716230022,5.721950168,3.404171614,-9.736752146,5.751413558,3.401142069,0.036033693
1609060413.026663065,-9.737202623,5.755795889,3.406513552,-9.756335749,5.780950163,3.401452337,0.032006716
1609060413.079564095,-9.761600536,5.794952939,3.406371441,-9.774241999,5.810991576,3.403553904,0.020615116
1609060413.128509045,-9.782467628,5.828345355,3.408591564,-9.793521675,5.842402056,3.404811657,0.018277595
1609060413.179367065,-9.806849619,5.866300322,3.408776758,-9.829280507,5.897996061,3.408745226,0.038829957
1609060413.225435019,-9.825988868,5.896799998,3.410742881,-9.845538880,5.924289762,3.410064483,0.033739448
1609060413.280374050,-9.849714061,5.931268779,3.415795850,-9.861620072,5.949624334,3.411366988,0.022322507
1609060413.327057123,-9.868519431,5.959114817,3.415459082,-9.877444592,5.974007345,3.412166020,0.017671734
1609060413.379295111,-9.889131868,5.989306647,3.417707167,-9.893091007,5.999527880,3.414048336,0.011555754
1609060413.429748058,-9.908734696,6.018205187,3.420695937,-9.923353379,6.044215240,3.417961897,0.029961704
1609060413.477909088,-9.927593596,6.045679835,3.424136760,-9.937612143,6.066609172,3.419750626,0.023614542
1609060413.527525187,-9.945287125,6.071555440,3.426940696,-9.951776407,6.088334729,3.421732345,0.018729181
1609060413.577910185,-9.962680455,6.095397509,3.429132963,-9.965398880,6.109496445,3.423565846,0.015400085
1609060413.626291037,-9.978939542,6.118820063,3.431787955,-9.979675845,6.129876718,3.426205620,0.012407830
1609060413.681443214,-9.997613173,6.144958586,3.433574948,-9.994041701,6.150071149,3.427559657,0.008664724
1609060413.729362011,-10.013584596,6.166713392,3.435891958,-10.021546810,6.188077148,3.430981574,0.023322066
1609060413.778925180,-10.029841037,6.186403503,3.434528929,-10.034673459,6.205842104,3.432566473,0.020126170
1609060413.825621128,-10.044231997,6.206070263,3.436249578,-10.047386310,6.223604830,3.434300869,0.017922282
1609060413.870529175,-10.055953543,6.223924675,3.436718150,-10.060391991,6.241308128,3.435146419,0.018009847
1609060413.926827192,-10.071649013,6.245616078,3.438586679,-10.073031665,6.257961945,3.436366051,0.012619959
1609060413.980643988,-10.086978470,6.266822680,3.444959674,-10.086426228,6.274578129,3.438065361,0.010391512
1609060414.029057980,-10.099378884,6.283935201,3.447856853,-10.110456767,6.305484886,3.442153971,0.024892394
1609060414.078119040,-10.111956343,6.300665647,3.452004267,-10.122192590,6.320094663,3.445271001,0.022969639
1609060414.129755020,-10.124684335,6.317711605,3.457020973,-10.133808759,6.333925897,3.448592346,0.020425478
1609060414.178076982,-10.136235791,6.334026550,3.460690011,-10.145359824,6.347853656,3.452021990,0.018696829
1609060414.237054110,-10.149822803,6.352382792,3.466737181,-10.167206683,6.374418483,3.459520838,0.028980106
1609060414.278896093,-10.163073375,6.368429287,3.469765972,-10.177966839,6.386555360,3.464009824,0.024155808
1609060414.326367140,-10.173638645,6.382740566,3.474493037,-10.188234498,6.398240264,3.468043668,0.022245761
1609060414.372323990,-10.184457344,6.393820063,3.478956165,-10.197489494,6.408864935,3.472082471,0.021057844
1609060414.422741175,-10.195828270,6.407573135,3.483970876,-10.207347295,6.419573154,3.476242559,0.018341626
1609060414.469741106,-10.209036008,6.419556921,3.488527899,-10.216558605,6.428823310,3.480188256,0.014560394
1609060414.523486137,-10.221495298,6.431988493,3.493965258,-10.225726554,6.438636039,3.484769405,0.012110207
1609060414.571552992,-10.231704685,6.442693467,3.499249129,-10.243232714,6.457982797,3.493200236,0.020081040
1609060414.619873047,-10.242026655,6.452830302,3.503822346,-10.252068980,6.466961590,3.497059684,0.018608470
1609060414.671653986,-10.253698058,6.463774159,3.507288680,-10.260164261,6.475381868,3.500694866,0.014833376
1609060414.721688986,-10.263475821,6.472898409,3.511487865,-10.268517043,6.483702097,3.504631358,0.013753010
1609060414.773606062,-10.274153108,6.482689555,3.516664791,-10.276112772,6.490940425,3.508715708,0.011623470
1609060414.820553064,-10.283162028,6.490617175,3.521005677,-10.284151412,6.498414104,3.512617359,0.011494992
1609060414.871097088,-10.293003299,6.498063392,3.523069617,-10.299617509,6.513045558,3.520400265,0.016593328
1609060414.921655178,-10.302307710,6.506256674,3.527396437,-10.306968768,6.520358333,3.524163557,0.015199795
1609060414.970494986,-10.311565510,6.516731257,3.532421003,-10.314818272,6.527673072,3.528656075,0.012019919
1609060415.021867990,-10.320977032,6.525027397,3.537185065,-10.321796816,6.534432495,3.532651997,0.010472661
1609060415.071359158,-10.329324506,6.534005578,3.541751928,-10.329501543,6.541301761,3.536063077,0.009253576
1609060415.122093201,-10.336868895,6.540893537,3.546498338,-10.343528413,6.552949671,3.544686316,0.013891832
1609060415.169690132,-10.341827079,6.549458458,3.550230748,-10.349530082,6.558146521,3.548536783,0.011734061
1609060415.270138025,-10.354772653,6.563623515,3.563102665,-10.363206947,6.570112975,3.559661959,0.011184313
1609060415.335822105,-10.362217328,6.572092097,3.570706406,-10.374889660,6.580950293,3.569555413,0.015504207
1609060415.385161161,-10.368873713,6.577768760,3.576311675,-10.380185134,6.586508847,3.574555470,0.014402140
1609060415.426522017,-10.372729344,6.582273380,3.581383253,-10.385507975,6.590662524,3.579529241,0.015398328
1609060415.478945017,-10.380337508,6.590034556,3.587339741,-10.390721166,6.595229971,3.584624919,0.011924048
1609060415.527222157,-10.385552922,6.595347163,3.593379279,-10.395086073,6.599065501,3.589514604,0.010938131
1609060415.579497099,-10.391887520,6.598505599,3.598449634,-10.399315209,6.601633383,3.594373820,0.009031382
1609060415.625437021,-10.395655085,6.601189491,3.603849702,-10.407075346,6.605830931,3.604038523,0.012328868
1609060415.671557188,-10.399027293,6.603769239,3.608957293,-10.410777621,6.607541792,3.609420306,0.012349767
1609060415.721713066,-10.402422120,6.605569947,3.614911391,-10.414446842,6.609573560,3.614156059,0.012696195
1609060415.778937101,-10.409748182,6.608834395,3.619694227,-10.417673130,6.612020450,3.619341866,0.008548679
1609060415.826449156,-10.413845073,6.610293843,3.625416288,-10.421627457,6.613170870,3.625245902,0.008298904
1609060415.880214214,-10.419206980,6.610576882,3.633279005,-10.424834853,6.613691147,3.630722769,0.006921412
1609060415.929654121,-10.423129939,6.610535029,3.639204315,-10.430126654,6.613673511,3.640045956,0.007714431
1609060415.978931189,-10.428789329,6.610366125,3.646952828,-10.432765786,6.612973346,3.644330168,0.005430300
1609060416.026129007,-10.432028567,6.608534353,3.653136743,-10.435239915,6.611798425,3.650192584,0.005443803
1609060416.071283102,-10.436083337,6.608067084,3.657538457,-10.437689939,6.610717505,3.655546343,0.003684347
1609060416.132973194,-10.440980281,6.606270830,3.665469478,-10.440474579,6.609763044,3.661252584,0.005498499
1609060416.179527044,-10.444276639,6.605118827,3.669669357,-10.443613860,6.608260705,3.666682625,0.004385344
1609060416.224436998,-10.447640582,6.603956508,3.674331125,-10.449591663,6.605761003,3.676437735,0.003391271
1609060416.281552076,-10.450005494,6.601362691,3.682277492,-10.453500432,6.604559294,3.681166333,0.004864929
1609060416.327483177,-10.453757109,6.599501094,3.687491914,-10.457605830,6.603137691,3.686113786,0.005471446
1609060416.379132032,-10.460402855,6.596797835,3.692981123,-10.461793922,6.600858050,3.691152503,0.004665218
1609060416.428481102,-10.463944776,6.593600329,3.700074746,-10.464483500,6.599204189,3.696635623,0.006597047
1609060416.478361130,-10.468974774,6.589836147,3.707293144,-10.473109436,6.593190664,3.708463675,0.005451455
1609060416.527779102,-10.474112262,6.586974971,3.714905737,-10.478351268,6.590777317,3.714772194,0.005696037
1609060416.578441143,-10.481071587,6.583361454,3.721827395,-10.482976894,6.588346166,3.720397259,0.005524747
1609060416.625756025,-10.486671988,6.580009545,3.728227143,-10.487869569,6.585217097,3.725875031,0.005838256
1609060416.688992977,-10.493432274,6.574322371,3.734649775,-10.499874077,6.577980873,3.739542448,0.008878047
1609060416.735008001,-10.499534044,6.569901219,3.742581775,-10.504487177,6.574561229,3.746493768,0.007845566
1609060416.779157162,-10.505285878,6.565501400,3.750223201,-10.509224206,6.570949464,3.752877012,0.007227347
1609060416.830991983,-10.511689041,6.559097270,3.758390447,-10.515453130,6.565777730,3.759586200,0.007760589
1609060416.901623011,-10.520120224,6.548372642,3.769278811,-10.526250767,6.553616806,3.773877799,0.009286308
1609060416.940310001,-10.523660835,6.543081006,3.778709332,-10.531003380,6.546871059,3.779668487,0.008318500
1609060416.983126163,-10.528985545,6.536351054,3.786015925,-10.536795236,6.538796460,3.786449909,0.008195097
1609060417.031743050,-10.534301513,6.527204927,3.793772829,-10.542507823,6.531103878,3.794049345,0.009089654
1609060417.080188990,-10.543012156,6.519139134,3.802052118,-10.547069218,6.523016706,3.799520896,0.006156493
1609060417.128481150,-10.548235502,6.508375007,3.810081053,-10.552532174,6.512982331,3.806566145,0.007214111
1609060417.178506136,-10.552485819,6.498173063,3.816187629,-10.556291256,6.503639663,3.813060263,0.007358361
1609060417.229984999,-10.556586731,6.484978892,3.824112040,-10.560030568,6.493156084,3.819762286,0.009881642
1609060417.281683207,-10.561463598,6.471085044,3.829414694,-10.566672683,6.467821481,3.830707589,0.006281479
1609060417.327920198,-10.564051240,6.457343074,3.835736908,-10.568988304,6.454998208,3.838170370,0.005982870
1609060417.380889177,-10.566596715,6.441114919,3.841999406,-10.571036873,6.441146152,3.843463581,0.004675445
1609060417.427345037,-10.567832605,6.425808647,3.847974774,-10.573082598,6.426725769,3.846941619,0.005428716
1609060417.482033014,-10.572332983,6.401584495,3.853626308,-10.574211160,6.411461458,3.852597078,0.010106496
1609060417.528115988,-10.573268202,6.383680136,3.859007980,-10.574812618,6.381749326,3.864496236,0.006019486
1609060417.578565121,-10.573533423,6.362849547,3.867104060,-10.575385072,6.363429303,3.867805303,0.002063120
1609060417.628115177,-10.573396037,6.341933981,3.872831962,-10.574400493,6.347455226,3.871236271,0.005834322
1609060417.680741072,-10.574515666,6.322565064,3.879889248,-10.572791039,6.329853086,3.875472404,0.008694717
1609060417.728932142,-10.573716819,6.302526591,3.884348918,-10.571486899,6.311863240,3.879749737,0.010644154
1609060417.780569077,-10.571532336,6.280085244,3.888042664,-10.566963204,6.274797725,3.888370413,0.006995872
1609060417.827723026,-10.568259202,6.258893295,3.892933264,-10.563505754,6.256993976,3.892623286,0.005128232
1609060417.878182173,-10.563248397,6.237266784,3.898643755,-10.559479815,6.237101755,3.896270029,0.004456907
1609060417.928631067,-10.557063483,6.212963221,3.903430043,-10.555517511,6.217211965,3.898656047,0.006575172
1609060417.978594065,-10.550398083,6.188471358,3.907923093,-10.549839448,6.195870110,3.900944343,0.010186096
1609060418.027911186,-10.543115119,6.164386123,3.912192412,-10.538854060,6.154896101,3.908986879,0.010885430
1609060418.080447197,-10.535353420,6.139530332,3.916448046,-10.532453511,6.131367463,3.910449398,0.010536873
1609060418.127730131,-10.526505402,6.115549389,3.920221231,-10.524484270,6.111345071,3.914250539,0.007576966
1609060418.178858995,-10.517882648,6.090263582,3.922559926,-10.517049468,6.088855874,3.917159653,0.005642587
1609060418.229143143,-10.506865536,6.063486924,3.925845395,-10.509626562,6.067229424,3.917718774,0.009363308
1609060418.278476000,-10.496632640,6.038002897,3.927166809,-10.489664297,6.021884973,3.923700466,0.017898627
1609060418.327845097,-10.483604964,6.010847382,3.929557191,-10.478670679,5.998035522,3.924089730,0.014777823
1609060418.379217148,-10.471013979,5.982542613,3.932715488,-10.468606525,5.974056173,3.927273415,0.010364924
1609060418.427738190,-10.456785158,5.954752557,3.935073668,-10.456091056,5.950399441,3.926559964,0.009587208
1609060418.479364157,-10.444156352,5.925622462,3.938146053,-10.443737338,5.923597127,3.931224481,0.007223969
1609060418.530038118,-10.427647677,5.895722616,3.941088558,-10.430318986,5.898947648,3.934096923,0.008149827
1609060418.580530167,-10.411199298,5.864279312,3.944362291,-10.400687955,5.845932592,3.936520902,0.022551671
1609060418.627577066,-10.393436680,5.834716995,3.947304693,-10.385785101,5.818245606,3.937185044,0.020790879
1609060418.679231167,-10.374661688,5.798456467,3.946762247,-10.370237672,5.792265310,3.939369378,0.010609282
1609060418.727707148,-10.355263538,5.766528716,3.950072529,-10.353086870,5.765920286,3.942008232,0.008375020
1609060418.779791117,-10.335247279,5.733959321,3.952030708,-10.336896116,5.739734153,3.944717338,0.009463230
1609060418.826940060,-10.315479789,5.703115453,3.954812320,-10.319781490,5.711526541,3.948332253,0.011456103
1609060418.877894163,-10.294310647,5.670657662,3.956454606,-10.282068726,5.657161959,3.954143942,0.018366758
1609060418.928442001,-10.270658668,5.636995643,3.959464761,-10.265350019,5.631354853,3.958421583,0.007815912
1609060418.980247021,-10.245673578,5.603982567,3.962875308,-10.245467733,5.602675752,3.958610580,0.004465204
1609060419.028758049,-10.222284138,5.572537117,3.965521850,-10.227476738,5.577855323,3.962240211,0.008124996
1609060419.080204010,-10.197410736,5.540341796,3.967858505,-10.187113455,5.521172028,3.967241198,0.021769130
1609060419.127290010,-10.173318523,5.509272542,3.971135028,-10.166400840,5.491617617,3.969712230,0.019015127
1609060419.179020166,-10.147039090,5.475665003,3.976445698,-10.146453425,5.464052880,3.972256729,0.012358473
1609060419.227241039,-10.122331095,5.444062921,3.980014741,-10.125975991,5.435881822,3.976303047,0.009694964
1609060419.280115128,-10.097025402,5.409704106,3.986580618,-10.106768837,5.408621772,3.979505953,0.012089535
1609060419.327326059,-10.072237042,5.378453465,3.992438452,-10.064809287,5.353212512,3.989507129,0.026473947
1609060419.378854990,-10.048007747,5.347345494,3.999745015,-10.043651240,5.325573684,3.997252146,0.022342902
1609060419.471464157,-10.002242103,5.287213561,4.012652002,-10.000273734,5.268369608,4.009397821,0.019223911
1609060419.537253141,-9.969193555,5.244791026,4.023009428,-9.958603231,5.212972437,4.020084791,0.033662012
1609060419.585476160,-9.945878846,5.212299176,4.030041608,-9.937848766,5.185379365,4.027093882,0.028246194
1609060419.629018068,-9.924374340,5.184413994,4.036425249,-9.917568584,5.157872476,4.030832359,0.027965174
1609060419.673011065,-9.902288929,5.154428569,4.041610297,-9.895726963,5.130354288,4.038435684,0.025153699
1609060419.726917028,-9.875024600,5.118940944,4.048760549,-9.875406267,5.102208725,4.041181885,0.018372506
1609060419.777944088,-9.847981140,5.083270730,4.054167339,-9.855991803,5.075945628,4.047514232,0.012731523
1609060419.829607010,-9.821645645,5.048392728,4.060313008,-9.814036285,5.022868433,4.057518647,0.026780598
1609060419.879155159,-9.798519484,5.017645641,4.064895994,-9.794930926,4.996020529,4.064803051,0.021921037
1609060419.928565025,-9.774670618,4.985269049,4.072483268,-9.774287993,4.967847767,4.066096926,0.018558902
1609060419.977845192,-9.749578292,4.952514457,4.077525757,-9.752928294,4.939808002,4.072067045,0.014229338
1609060420.026153088,-9.724577324,4.919993835,4.081741560,-9.731066488,4.910087413,4.074814391,0.013719772
1609060420.080102205,-9.698953731,4.883652280,4.085051813,-9.709219014,4.880888626,4.078904588,0.012280155
1609060420.127996206,-9.675212694,4.852026480,4.089070486,-9.668802405,4.826559536,4.085359276,0.026522258
1609060420.178651094,-9.651054712,4.819652124,4.093830314,-9.649618262,4.801585930,4.087813000,0.019096042
1609060420.225896120,-9.627759907,4.788849837,4.096652238,-9.628757826,4.773464033,4.091219596,0.016347245
1609060420.278553009,-9.603410155,4.756302350,4.096864750,-9.609113624,4.746672054,4.092985843,0.011845593
1609060420.329905987,-9.577845810,4.722677123,4.098746116,-9.588210415,4.719030231,4.096467656,0.011221241
1609060420.379353046,-9.555237942,4.689190684,4.101233100,-9.547532729,4.665121219,4.101721019,0.025277411
1609060420.425460100,-9.532743743,4.659386350,4.102685147,-9.525507892,4.637493367,4.102810315,0.023058098
1609060420.478222132,-9.510564939,4.625838869,4.107043053,-9.507143247,4.610391307,4.104886396,0.015968290
1609060420.527751207,-9.486747554,4.592917813,4.109152142,-9.485237705,4.583495396,4.107031649,0.009775381
1609060420.579862118,-9.464426856,4.560249801,4.112833454,-9.464758035,4.555146001,4.109011933,0.006384550
1609060420.629007101,-9.440631631,4.528224091,4.115158872,-9.423079666,4.501279520,4.112258604,0.032287659
1609060420.681604147,-9.414053949,4.495630286,4.117881189,-9.400918253,4.472320381,4.114261891,0.026999954
1609060420.727938175,-9.391472643,4.466217783,4.120130625,-9.379640627,4.445614952,4.115858110,0.024139752
1609060420.778449059,-9.365464356,4.432020660,4.125237666,-9.357730255,4.418451481,4.116675155,0.017811668
1609060420.827750206,-9.339521402,4.400097785,4.127789341,-9.335015807,4.392347147,4.117349168,0.013761176
1609060420.880737066,-9.309607978,4.367761995,4.127164422,-9.312129174,4.364373845,4.119559721,0.008698705
1609060420.928517103,-9.281715200,4.337589814,4.128676336,-9.265412670,4.313055849,4.120017024,0.030702958
1609060420.978013039,-9.255083744,4.308066422,4.127346894,-9.242721869,4.288846785,4.120990191,0.023719572
1609060421.026174068,-9.226559110,4.277865708,4.128564434,-9.218267301,4.262972315,4.121253125,0.018547844
1609060421.073661089,-9.199124649,4.248975354,4.128004218,-9.193227389,4.238037255,4.121892996,0.013847986
1609060421.120455027,-9.169732835,4.220288424,4.129700145,-9.167288102,4.212744130,4.122801020,0.010511470
1609060421.172883987,-9.140212859,4.190126892,4.131153254,-9.140743431,4.187798402,4.124294625,0.007262518
1609060421.224383116,-9.106537983,4.159346868,4.132635777,-9.087015702,4.138527723,4.125412878,0.029440220
1609060421.280524015,-9.071283006,4.129796306,4.132844780,-9.061320783,4.115286671,4.125777573,0.018966308
1609060421.327854156,-9.040163538,4.103187621,4.133897135,-9.032942533,4.092857448,4.125801413,0.014979857
1609060421.378944159,-9.007589579,4.075225803,4.135428941,-9.004425280,4.071725980,4.124296107,0.012091383
1609060421.427192211,-8.973865687,4.049146505,4.135521997,-8.976530148,4.048318947,4.125702742,0.010207936
1609060421.479579210,-8.938339215,4.024309653,4.134900262,-8.917454569,4.005062024,4.123785249,0.030498905
1609060421.527832985,-8.903198945,3.998903242,4.134188389,-8.886544409,3.983085869,4.122638506,0.025709194
1609060421.580437183,-8.866335956,3.972866800,4.129768696,-8.855689370,3.960513859,4.121865730,0.018121860
1609060421.629995108,-8.828678216,3.948302238,4.128383724,-8.825868652,3.941445887,4.120003438,0.011186259
1609060421.681367159,-8.791704772,3.923481341,4.126274862,-8.759613775,3.899746610,4.116961787,0.040986618
1609060421.727432013,-8.755897093,3.901319154,4.124662090,-8.727202214,3.878345417,4.116152544,0.037730638
1609060421.778424025,-8.716798351,3.877127774,4.120752552,-8.692666247,3.858761638,4.114618082,0.030940348
1609060421.825348139,-8.679235231,3.855124878,4.119046114,-8.658243301,3.839099475,4.113831091,0.026919717
1609060421.880194187,-8.632468194,3.827039358,4.116084916,-8.624228369,3.819559408,4.111530706,0.012024359
1609060421.928580046,-8.591068897,3.804650615,4.112250504,-8.557401909,3.783331071,4.106032833,0.040331731
1609060421.978991032,-8.548109123,3.781390973,4.107057524,-8.521135168,3.764705440,4.102645123,0.032022969
1609060422.027255058,-8.505026665,3.758737751,4.101742265,-8.485499352,3.745497056,4.098196512,0.023858004
1609060422.079162121,-8.462089847,3.737037488,4.096622985,-8.450816201,3.726996795,4.094471779,0.015249206
1609060422.129970074,-8.419672075,3.714797493,4.093410729,-8.417383473,3.710514157,4.090902034,0.005466097
1609060422.180117130,-8.374058023,3.692176401,4.088970615,-8.343606561,3.674727975,4.083033190,0.035594833
1609060422.228345156,-8.331502900,3.671627225,4.084619029,-8.307847104,3.656838406,4.079007655,0.028456869
1609060422.279767036,-8.286911627,3.651026568,4.078643608,-8.269565161,3.639376220,4.073146119,0.021606778
1609060422.327003002,-8.243435623,3.631661137,4.070807155,-8.234578524,3.624697766,4.065875016,0.012298891
1609060422.379480124,-8.198029293,3.612473852,4.060662143,-8.199635565,3.607825904,4.058121351,0.005535265
1609060422.427206993,-8.155345085,3.593892286,4.050745006,-8.131446278,3.578643697,4.040930843,0.029999837
1609060422.478839159,-8.112196731,3.574438939,4.040205903,-8.095982555,3.564976690,4.032300295,0.020369887
1609060422.528550148,-8.067195615,3.555546893,4.029941644,-8.061412881,3.549794767,4.023913252,0.010142410
1609060422.580224037,-8.024432333,3.539407073,4.018248234,-7.992959187,3.521264445,4.007448084,0.037899303
1609060422.627099037,-7.981835203,3.522847714,4.009246787,-7.956900989,3.508230042,4.000294740,0.030257735
1609060422.677823067,-7.939957076,3.507366223,3.998899115,-7.919649740,3.494399264,3.991825797,0.025110989
1609060422.727541208,-7.894744803,3.491349711,3.988942584,-7.884344331,3.480621711,3.984533883,0.015578718
1609060422.783367157,-7.843419584,3.474535407,3.976683971,-7.811333006,3.457155656,3.968063269,0.037495609
1609060422.828356028,-7.802559869,3.461220190,3.967578705,-7.774814967,3.445246672,3.960939810,0.032695684
1609060422.880164146,-7.759902399,3.446004817,3.959978952,-7.737536877,3.432778691,3.953626081,0.026748942
1609060422.928488016,-7.715515286,3.432663131,3.951637296,-7.700714304,3.420937914,3.946482693,0.019573444
1609060422.979838133,-7.663977882,3.418176249,3.943316330,-7.662134075,3.411000073,3.940039966,0.008101338
1609060423.029355049,-7.616170607,3.405431908,3.936767910,-7.586169188,3.390101598,3.928933801,0.034590126
1609060423.080885172,-7.567734758,3.392437715,3.931838033,-7.547053297,3.379339178,3.924847595,0.025459001
1609060423.127178192,-7.523106376,3.381463345,3.928030493,-7.508207367,3.372020205,3.921038263,0.018974843
1609060423.179766178,-7.476739412,3.373781132,3.925804762,-7.468275476,3.363357301,3.918121428,0.015470232
1609060423.227312088,-7.432723645,3.364713588,3.922628849,-7.430754990,3.354830131,3.914863793,0.012722201
1609060423.280233145,-7.381089148,3.354951224,3.919189997,-7.352145789,3.340155191,3.910928203,0.033539497
1609060423.327131987,-7.336049555,3.347344910,3.916423136,-7.311944176,3.334699814,3.909120614,0.028183232
1609060423.378704071,-7.288716199,3.339947184,3.914040813,-7.272887339,3.327656649,3.907837432,0.020978370
1609060423.425829172,-7.244074820,3.333133953,3.913432512,-7.234739484,3.321842399,3.907743244,0.015716725
1609060423.477626085,-7.198157643,3.324984953,3.914336958,-7.193839861,3.317278206,3.908781073,0.010435758
1609060423.526779175,-7.151689221,3.319103684,3.915485315,-7.152968436,3.313586449,3.910058785,0.007843692
1609060423.580407143,-7.103559374,3.314984632,3.917903974,-7.075091256,3.304044035,3.912411320,0.030988702
1609060423.627583027,-7.059333285,3.310270861,3.919768315,-7.034768832,3.301712073,3.914294129,0.026582549
1609060423.678277016,-7.015046871,3.306793730,3.921672817,-6.994710498,3.298920469,3.916002158,0.022532481
1609060423.726454020,-6.969504349,3.302964488,3.923461988,-6.956289160,3.294833814,3.917279907,0.016702311
1609060423.779623032,-6.923999945,3.300617742,3.925206149,-6.917716423,3.291627380,3.919107196,0.012550159
1609060423.827763081,-6.879486700,3.297782410,3.927648021,-6.877441849,3.290786896,3.921004134,0.009862041
1609060423.881376028,-6.832681840,3.294755662,3.929603105,-6.801873571,3.288109442,3.924951074,0.031858485
1609060423.927520037,-6.790509453,3.293050174,3.931960401,-6.763580798,3.287310221,3.926501822,0.028069478
1609060423.978104115,-6.746433417,3.293254062,3.934984852,-6.723181360,3.288271633,3.928830491,0.024563366
1609060424.026549101,-6.701540900,3.293084916,3.937321120,-6.683980374,3.288756854,3.931149410,0.019110055
1609060424.079257011,-6.647919395,3.292969430,3.939052409,-6.646065927,3.288744786,3.933249837,0.007413016
1609060424.131283998,-6.597505242,3.293049833,3.941495642,-6.568201628,3.290737008,3.936886019,0.029753984
1609060424.180812120,-6.551329230,3.295931337,3.943689040,-6.528906670,3.292815045,3.937947227,0.023354890
1609060424.269929171,-6.469438110,3.301454080,3.945145722,-6.452838688,3.295056224,3.939345850,0.018711277
1609060424.338038206,-6.407216572,3.306847479,3.946033106,-6.374934007,3.302718582,3.940721846,0.032976071
1609060424.385066986,-6.361464187,3.310546386,3.946625201,-6.338024407,3.305232587,3.941047544,0.024673264
1609060424.427415133,-6.320710032,3.314266104,3.946889646,-6.300469129,3.308389510,3.940455516,0.022036937
1609060424.479503155,-6.273178245,3.319332633,3.945797209,-6.261744527,3.313099493,3.940104323,0.014212350
1609060424.528802156,-6.226562105,3.324072961,3.944168867,-6.223631666,3.317596021,3.938903085,0.008846846
1609060424.580688000,-6.179653788,3.329882022,3.941376614,-6.150094424,3.325881142,3.933482468,0.030855803
1609060424.627767086,-6.134766822,3.335461911,3.938069495,-6.114649061,3.329911072,3.931374987,0.021916947
1609060424.678000212,-6.089066924,3.341487157,3.933835526,-6.076110108,3.335551060,3.929212500,0.014982947
1609060424.727902174,-6.041583557,3.348245966,3.930134666,-6.037450033,3.342189484,3.926088324,0.008374956
1609060424.779567003,-5.995522055,3.357191946,3.924643677,-6.001319758,3.347073787,3.922723676,0.011818499
1609060424.828402996,-5.949110069,3.364547406,3.920478985,-5.918938725,3.361877297,3.916453305,0.030555615
1609060424.880347013,-5.904519372,3.373042686,3.917236134,-5.878278648,3.369604700,3.913179703,0.026774054
1609060424.927685022,-5.859704084,3.381213483,3.913345018,-5.837248711,3.377071593,3.908710082,0.023299821
1609060424.979326010,-5.814814949,3.391354254,3.908709083,-5.796749949,3.385488276,3.905045856,0.019343556
1609060425.028661013,-5.767892942,3.401018143,3.904275230,-5.757514604,3.395080401,3.901863839,0.012197601
1609060425.080376148,-5.723157421,3.411330197,3.898631454,-5.681571742,3.411533733,3.893744774,0.041872303
1609060425.127739191,-5.678448274,3.421204498,3.894273311,-5.645526857,3.419956479,3.890854404,0.033121989
1609060425.178142071,-5.625751946,3.434427393,3.890101001,-5.604057965,3.431313078,3.888123306,0.022005433
1609060425.225172997,-5.579250300,3.445918006,3.886192009,-5.563514774,3.441958247,3.884910642,0.016276620
1609060425.281213045,-5.525033716,3.460347861,3.880777540,-5.525452698,3.451467871,3.880858070,0.008890233
1609060425.331796169,-5.473338574,3.474087068,3.876537699,-5.446649786,3.474383647,3.874199217,0.026792684
1609060425.382135153,-5.431701140,3.488742470,3.872417319,-5.408059635,3.485921764,3.871139149,0.023843465
1609060425.428689003,-5.388021725,3.501741555,3.870224949,-5.371907901,3.495785948,3.867429328,0.017405175
1609060425.480192184,-5.336940435,3.517179308,3.866018279,-5.335149302,3.507052513,3.863817953,0.010516728
1609060425.529694080,-5.288808597,3.531621173,3.861670354,-5.296028308,3.520393101,3.860909329,0.013370602
1609060425.580114126,-5.240969191,3.546167152,3.856801834,-5.215648729,3.546728791,3.853901608,0.025492206
1609060425.627465010,-5.195487737,3.560615952,3.852531337,-5.178144529,3.558478583,3.850206466,0.017628392
1609060425.680615187,-5.149785439,3.576940455,3.847319065,-5.137163873,3.573099052,3.847126669,0.013194594
1609060425.728845119,-5.104372273,3.592183453,3.843444580,-5.097259633,3.587459927,3.843937276,0.008552432
1609060425.781431198,-5.056691554,3.609558186,3.839697308,-5.057439027,3.601431424,3.840731224,0.008226297
1609060425.828500986,-5.011578297,3.624983847,3.836124138,-4.981933044,3.629006498,3.834029473,0.029990171
1609060425.879981995,-4.967711099,3.644433203,3.832474867,-4.940998023,3.645894755,3.831087239,0.026788992
1609060425.928338051,-4.922683395,3.661086799,3.829620471,-4.906540890,3.658018723,3.829510072,0.016431851
1609060425.981427193,-4.877699694,3.680793912,3.827503349,-4.870151350,3.672332211,3.826638238,0.011372172
1609060426.028719187,-4.833970460,3.697789683,3.825444797,-4.793779362,3.703827746,3.823196675,0.040704258
1609060426.080445051,-4.789798620,3.717161887,3.825164797,-4.755610989,3.719496177,3.821345775,0.034479384
1609060426.133275986,-4.741820787,3.737036729,3.822744156,-4.719273033,3.734408951,3.818878959,0.023027075
1609060426.178623199,-4.703376358,3.755182191,3.821636869,-4.679700566,3.751846491,3.816171522,0.024526313
1609060426.229953051,-4.656998969,3.775002517,3.818527740,-4.641700174,3.769083637,3.813399810,0.017186679
1609060426.279983997,-4.608503933,3.795501169,3.814075959,-4.605991107,3.784397866,3.810225605,0.012017606
1609060426.327455997,-4.564124446,3.814943996,3.809851691,-4.533414375,3.818262215,3.802065962,0.031854931
1609060426.379871130,-4.517239443,3.836851216,3.800855224,-4.496356728,3.836164342,3.797096391,0.021229423
1609060426.428410053,-4.471717929,3.857353754,3.794893913,-4.459240602,3.854360332,3.791915040,0.013172621
1609060426.480945110,-4.431958060,3.880476656,3.787088374,-4.423615569,3.871800737,3.786732880,0.012041392
1609060426.528591156,-4.390208168,3.901605417,3.781303402,-4.351461768,3.909172614,3.775787012,0.039861969
1609060426.580346107,-4.343653026,3.925114045,3.773811620,-4.318555476,3.926886567,3.771044846,0.025311734
1609060426.628355980,-4.301570642,3.948088867,3.766811179,-4.282507140,3.946799360,3.764956765,0.019196842
1609060426.678764105,-4.259859588,3.972660977,3.759324301,-4.248636470,3.966137874,3.759529364,0.012982730
1609060426.727844000,-4.218049956,3.996316287,3.751646000,-4.213373906,3.986466279,3.752932244,0.010979186
1609060426.780528069,-4.175944026,4.021542107,3.743571649,-4.142777762,4.028156581,3.740283852,0.033978846
1609060426.828762054,-4.135546408,4.045227884,3.735809832,-4.109181208,4.048587933,3.734068524,0.026635425
1609060426.880460024,-4.094651318,4.070189469,3.727633285,-4.076039639,4.069436616,3.727884345,0.018628591
1609060426.927973032,-4.054351879,4.094384683,3.719491945,-4.042596823,4.090325004,3.721088679,0.012538417
1609060426.980300188,-4.014502181,4.120715626,3.710438119,-4.007285347,4.113385290,3.713306941,0.010679264
1609060427.028684139,-3.974468635,4.145822908,3.700792487,-3.973768442,4.135595565,3.704834095,0.011019229
1609060427.080138206,-3.936930473,4.172402675,3.691485859,-3.939050190,4.159461051,3.696535845,0.014052799
1609060427.128703117,-3.897533352,4.198185511,3.681755450,-3.874178975,4.204919914,3.679562558,0.024404669
1609060427.179259062,-3.861374695,4.225977046,3.670729679,-3.841412849,4.228310978,3.670734501,0.020097825
1609060427.228806019,-3.822264435,4.253121643,3.660651509,-3.806681713,4.253674399,3.661267214,0.015604674
1609060427.281520128,-3.785338812,4.282215557,3.650176023,-3.773228565,4.278787364,3.651642210,0.012671238
1609060427.329280138,-3.749111480,4.308708681,3.639389326,-3.741387820,4.303064130,3.642244275,0.009983317
1609060427.381112099,-3.707700424,4.341260174,3.625934470,-3.676372987,4.353420920,3.621281260,0.033925571
1609060427.429231167,-3.670188547,4.369175553,3.613829743,-3.645435949,4.378519544,3.610806402,0.026629717
1609060427.478861094,-3.634118929,4.400027272,3.601174824,-3.613568829,4.403924871,3.599641549,0.020972574
1609060427.529126167,-3.594064052,4.431130023,3.587721810,-3.583666536,4.429017969,3.588660684,0.010651319
1609060427.579799175,-3.560612483,4.463544108,3.575550710,-3.554393800,4.453456267,3.577891610,0.012079585
1609060427.630326033,-3.524317268,4.496186979,3.562858971,-3.522219408,4.480798751,3.565996134,0.015844254
1609060427.681500196,-3.485553113,4.529374059,3.549459562,-3.461573323,4.535210669,3.543451275,0.025400706
1609060427.727840185,-3.451228703,4.559372219,3.537104931,-3.432981055,4.562179184,3.532648542,0.018992502
1609060427.779484987,-3.416801404,4.590319905,3.523148659,-3.402758875,4.590949639,3.521143640,0.014198919
1609060427.829073191,-3.381856821,4.623231354,3.510421911,-3.372430666,4.620009807,3.509674776,0.009989443
1609060427.880336046,-3.347855562,4.658152655,3.497949568,-3.340812170,4.651095143,3.497702933,0.009973900
1609060427.928755045,-3.314982255,4.690481645,3.486665378,-3.311325873,4.680163125,3.487277463,0.010964288
1609060427.980607986,-3.282697551,4.725045018,3.475353632,-3.283162307,4.708133743,3.477420948,0.017043503
1609060428.028478146,-3.249976532,4.757901282,3.464569925,-3.229518517,4.765156736,3.458256532,0.022605993
1609060428.077799082,-3.222145730,4.790894672,3.454494775,-3.201209659,4.795862870,3.449541011,0.022080349
1609060428.129625082,-3.187601712,4.827002316,3.444083909,-3.173519890,4.826224371,3.440817140,0.014476694
1609060428.179145098,-3.159056367,4.860179390,3.432965415,-3.146604421,4.856255412,3.432057156,0.013087151
1609060428.230478048,-3.126343781,4.896173911,3.423562998,-3.121116760,4.884801853,3.424589479,0.012557831
1609060428.281023979,-3.098114589,4.929697058,3.412822201,-3.067059799,4.949180115,3.410569000,0.036729639
1609060428.327894211,-3.068950038,4.963079619,3.404951618,-3.043926117,4.977571585,3.404066100,0.028930916
1609060428.378302097,-3.041277621,4.999099585,3.400877332,-3.017423229,5.009192804,3.396968959,0.026195046
1609060428.427620173,-3.012045049,5.034669236,3.394801827,-2.991314957,5.041487576,3.391310745,0.022100093
1609060428.481490135,-2.978423436,5.077043116,3.385053258,-2.966775931,5.072721694,3.386325884,0.012488340
1609060428.530129194,-2.947944628,5.114467467,3.379333521,-2.941731102,5.103867079,3.381646561,0.012503051
1609060428.580730200,-2.919957996,5.154321411,3.373739111,-2.893059914,5.167615041,3.372256844,0.030040382
1609060428.626178026,-2.891752737,5.189233683,3.369415942,-2.867779381,5.200651635,3.368711728,0.026562895
1609060428.678228140,-2.867814224,5.229660354,3.368502504,-2.845787019,5.229926656,3.365380687,0.022248920
1609060428.727977991,-2.841292800,5.265237352,3.365157460,-2.822460518,5.260860023,3.361587977,0.019661055
1609060428.780537128,-2.810023854,5.306211501,3.361503748,-2.797032651,5.293871569,3.358065269,0.018244681
1609060428.829004049,-2.782073265,5.344269807,3.358049285,-2.752509523,5.357217213,3.353310171,0.032620689
1609060428.879436016,-2.755428788,5.382542713,3.354118766,-2.727894389,5.390278780,3.350280337,0.028856947
1609060428.929301977,-2.727254063,5.420405445,3.350340219,-2.701880397,5.423839131,3.346072164,0.025958224
1609060428.979768991,-2.700437796,5.458384728,3.345791693,-2.680052827,5.454984482,3.342989753,0.020855683
1609060429.027988195,-2.673138224,5.494686287,3.341922961,-2.655287632,5.488336280,3.340137753,0.019030323
1609060429.080878019,-2.645603307,5.533655219,3.338159214,-2.631125889,5.522000768,3.336655957,0.018646223
1609060429.129002094,-2.617406519,5.571477022,3.334591586,-2.583075754,5.589422649,3.330968327,0.038907261
1609060429.179460049,-2.592561538,5.608870690,3.331914080,-2.561337643,5.621674452,3.329665811,0.033821925
1609060429.226698160,-2.564623134,5.646099593,3.329112290,-2.538303730,5.654773062,3.327589525,0.027753539
1609060429.280256987,-2.536901867,5.685365085,3.324572071,-2.512295158,5.690082923,3.324247582,0.025057004
1609060429.328555107,-2.507475640,5.724411246,3.320614075,-2.490069218,5.724044208,3.321155849,0.017418719
1609060429.381138086,-2.480776134,5.765430916,3.316776627,-2.467142657,5.759518298,3.318321293,0.014940440
1609060429.428529024,-2.452669772,5.804220185,3.313319309,-2.416260387,5.833174006,3.311524891,0.046553056
1609060429.478585005,-2.428038313,5.844859203,3.311563650,-2.396442381,5.867180755,3.308092741,0.038840724
1609060429.529040098,-2.398072427,5.888888190,3.308194769,-2.373248251,5.904935118,3.305047472,0.029726236
1609060429.579662085,-2.367712322,5.938398248,3.302379809,-2.348503968,5.944342058,3.302860154,0.020112694
1609060429.628737211,-2.336680173,5.985104834,3.299170233,-2.323349485,5.981553820,3.300913113,0.013905199
1609060429.681184053,-2.306851285,6.036460090,3.296100860,-2.276360810,6.062257195,3.296454994,0.039941020
1609060429.727297068,-2.276881314,6.084055973,3.294094537,-2.250980680,6.106360834,3.293098734,0.034195633
1609060429.779306173,-2.249395115,6.137046835,3.293438859,-2.225417381,6.151680558,3.293203755,0.028091508
1609060429.828670979,-2.221770526,6.189456370,3.292588897,-2.203120043,6.193798077,3.292701538,0.019149507
1609060429.881679058,-2.188308024,6.248820454,3.291796011,-2.177408609,6.240380764,3.292006984,0.013786592
1609060429.928592205,-2.159633917,6.303010425,3.291478656,-2.127325537,6.336236161,3.292410125,0.046353517
1609060429.979950190,-2.130685319,6.363427476,3.291823505,-2.105030509,6.385439538,3.292499236,0.033810601
1609060430.029108047,-2.101959716,6.423981499,3.292656224,-2.083062064,6.435731741,3.291940402,0.022264363
1609060430.079665184,-2.075345912,6.485174636,3.294204328,-2.057805377,6.487848938,3.293239494,0.017769445
1609060430.139734030,-2.045822383,6.559932589,3.296395314,-2.034164141,6.542315821,3.294693549,0.021193422
1609060430.179250002,-2.024426041,6.610505645,3.298877726,-2.012914254,6.594250093,3.296709422,0.020036611
1609060430.227625132,-1.997670194,6.674150808,3.302557410,-1.972701050,6.702002483,3.301408848,0.037423163
1609060430.279911041,-1.974021416,6.739252114,3.308342566,-1.950135427,6.758600664,3.306488586,0.030795195
1609060430.329241037,-1.948279669,6.803887779,3.314806486,-1.930486887,6.812199111,3.310789293,0.020044929
1609060430.379837036,-1.928132583,6.868013844,3.321345379,-1.909611605,6.869654075,3.318140047,0.018867727
1609060430.429674149,-1.903966528,6.934673611,3.330597064,-1.889075998,6.927422111,3.326049396,0.017175373
1609060430.481505156,-1.886216188,7.000700641,3.340142806,-1.853295841,7.042119358,3.342670439,0.052968371
1609060430.528452158,-1.867300759,7.063580275,3.350098871,-1.839912186,7.098584825,3.351415952,0.044465573
1609060430.580064058,-1.852767427,7.130456390,3.361911137,-1.825742607,7.152640579,3.360490465,0.034992820
1609060430.628176212,-1.835001981,7.194167968,3.371444462,-1.808340557,7.212218535,3.370803887,0.032203491
1609060430.679733992,-1.819792404,7.267636175,3.386421890,-1.793912366,7.269122180,3.380507900,0.026588717
1609060430.730561018,-1.802698568,7.335515669,3.398237617,-1.771377784,7.379790624,3.397456739,0.054239036
1609060430.780865192,-1.792550618,7.401135559,3.408648122,-1.762837840,7.433901057,3.405519113,0.044342053
1609060430.828189135,-1.781286392,7.463533381,3.418231989,-1.754156940,7.486656400,3.413774409,0.035924242
1609060430.877870083,-1.775470868,7.526524114,3.424050292,-1.748722329,7.536023201,3.420488476,0.028607753
1609060430.929910183,-1.768369380,7.589800346,3.432842237,-1.741104849,7.588775249,3.429290840,0.027513958
1609060430.981590033,-1.759707579,7.653593323,3.440892063,-1.734926171,7.640820008,3.436329834,0.028250481
1609060431.028035164,-1.754368759,7.710842806,3.447795101,-1.727508837,7.737673055,3.449460428,0.038001198
1609060431.080696106,-1.752421742,7.772955099,3.455545850,-1.726140905,7.782302422,3.455171048,0.027896153
1609060431.127861023,-1.750507170,7.827403399,3.463073299,-1.725465701,7.830697782,3.461653582,0.025297109
1609060431.179397106,-1.755859239,7.883801181,3.472573989,-1.727140523,7.878096574,3.468189447,0.029606273
1609060431.228162050,-1.759755675,7.938691107,3.480145742,-1.738289323,7.969021094,3.480507929,0.037159704
1609060431.281984091,-1.768926305,7.995596771,3.487348666,-1.746383231,8.015592433,3.487395292,0.030133351
1609060431.327632189,-1.777508678,8.045707333,3.493748219,-1.755829417,8.061872011,3.494010559,0.027043595
1609060431.380648136,-1.794373031,8.100833453,3.503345736,-1.770009619,8.106516361,3.499683090,0.025284111
1609060431.441133022,-1.815893049,8.163515473,3.512178777,-1.804857646,8.197958517,3.509662295,0.036255152
1609060431.487370014,-1.836186170,8.211112647,3.518551318,-1.823377365,8.241791763,3.514417202,0.033501711
1609060431.531643152,-1.853120391,8.257362396,3.522707336,-1.839726685,8.283065340,3.518764515,0.029250273
1609060431.578772068,-1.872716567,8.300315651,3.525837633,-1.857584986,8.324147769,3.524280884,0.028272920
1609060431.629288197,-1.892030575,8.349409455,3.531211470,-1.876095593,8.363631582,3.527536680,0.021672486
1609060431.681290150,-1.919132582,8.395272033,3.532570957,-1.896385915,8.403949947,3.530908015,0.024402508
1609060431.728561163,-1.938534302,8.439058701,3.537095455,-1.916080117,8.442082087,3.534670945,0.022786170
1609060431.780210018,-1.965145801,8.491823733,3.541556770,-1.960025753,8.517901978,3.541893317,0.026578243
1609060431.826713085,-1.987510011,8.534724562,3.546228807,-1.983650453,8.555176186,3.543935595,0.020938574
1609060431.878309011,-2.019936707,8.579951840,3.549252638,-2.006900748,8.591179528,3.546560082,0.017413990
1609060431.923537016,-2.042672012,8.623124611,3.553528728,-2.031945013,8.630382748,3.548196269,0.014006576
1609060431.972276211,-2.073041875,8.669188833,3.555433312,-2.056258949,8.667563159,3.550776258,0.017492786
1609060432.020538092,-2.097868963,8.713838342,3.559037660,-2.104189298,8.742733687,3.556772318,0.029665121
1609060432.079569101,-2.131105211,8.765771318,3.563373252,-2.125121253,8.776491860,3.560303098,0.012655577
1609060432.129607201,-2.155734691,8.810454613,3.566694962,-2.145570419,8.810323107,3.562323027,0.011065420
1609060432.185536146,-2.182018281,8.858001091,3.570191783,-2.182364945,8.878514047,3.567694859,0.020667274
1609060432.231467009,-2.203368568,8.895454843,3.572132247,-2.200919052,8.914056295,3.570795531,0.018809597
1609060432.277867079,-2.223593439,8.931700745,3.573824609,-2.217940760,8.948309326,3.573943624,0.017544569
1609060432.328068018,-2.241295958,8.972583682,3.576224277,-2.232758472,8.981059191,3.576498609,0.012033212
1609060432.376345158,-2.260625660,9.009872750,3.578479907,-2.247424503,9.015709771,3.579065247,0.014445899
1609060432.422329187,-2.273194457,9.048113632,3.580814324,-2.260140659,9.048605003,3.581732818,0.013095293
1609060432.479573011,-2.292242521,9.090562938,3.584141668,-2.284338977,9.117396105,3.585128501,0.027990333
1609060432.527909040,-2.302637861,9.130729205,3.585930387,-2.296349556,9.152608269,3.586794295,0.022781189
1609060432.578797102,-2.319390182,9.169817939,3.586199267,-2.305300063,9.186390821,3.587717179,0.021805869
1609060432.628079176,-2.328039350,9.211908038,3.587236959,-2.316126348,9.222034610,3.589404521,0.015784974
1609060432.681718111,-2.340337952,9.255656617,3.589623158,-2.322997783,9.258927202,3.590991511,0.017698886
1609060432.729138136,-2.346598519,9.297334704,3.590480981,-2.338843948,9.331186350,3.592674393,0.034797678
1609060432.780515194,-2.357955840,9.338913366,3.594829115,-2.346722152,9.368149993,3.592780707,0.031387451
1609060432.828166008,-2.363124435,9.380905861,3.595668133,-2.352884701,9.406997070,3.593405964,0.028119757
1609060432.878829002,-2.369270050,9.433600544,3.594398388,-2.358877969,9.447848921,3.593662551,0.017650865
1609060432.928115129,-2.372415139,9.481388613,3.593545418,-2.365756914,9.486116839,3.592868326,0.008194299
1609060432.980693102,-2.384001681,9.529393918,3.589931811,-2.369966569,9.525622940,3.591659502,0.014635217
1609060433.027698994,-2.386546637,9.575367324,3.587664507,-2.379583482,9.602326587,3.588813964,0.027867698
1609060433.081295013,-2.398542387,9.621079565,3.584971445,-2.386156891,9.640816891,3.586242923,0.023336220
1609060433.129487038,-2.403924991,9.668199559,3.582915642,-2.387085785,9.681502322,3.585585539,0.021625233
1609060433.178853035,-2.411112166,9.716146241,3.581984985,-2.392462032,9.721955622,3.584283224,0.019668714
1609060433.229087114,-2.415929567,9.765697756,3.581822125,-2.395106194,9.760305935,3.584576632,0.021685754
1609060433.281847000,-2.421920652,9.815967267,3.582864794,-2.402104084,9.845412035,3.585539284,0.035592746
1609060433.328270197,-2.425758312,9.862517206,3.584150054,-2.407319697,9.886656894,3.585961090,0.030430033
1609060433.378964186,-2.432055200,9.911123669,3.586048705,-2.408960127,9.926220773,3.587844480,0.027650131
1609060433.429242134,-2.436599456,9.963537269,3.588602430,-2.414582023,9.973421194,3.589814803,0.024164627
1609060433.479380131,-2.443926744,10.014702362,3.591458438,-2.419090767,10.021055688,3.592298097,0.025649474
1609060433.528609991,-2.447599999,10.065846161,3.594062034,-2.424545378,10.065100623,3.595008175,0.023086068
1609060433.579957008,-2.457786981,10.114360231,3.597298540,-2.430389834,10.108406995,3.597980980,0.028044793
1609060433.628313065,-2.461594871,10.164564409,3.599558533,-2.441206891,10.194968843,3.601509160,0.036659300
1609060433.678635120,-2.471175847,10.212933928,3.603607184,-2.446419459,10.235574745,3.603085257,0.033552314
1609060433.728372097,-2.477291472,10.265043217,3.605623760,-2.455473338,10.278976555,3.604086903,0.025933199
1609060433.782214165,-2.491982690,10.315907874,3.610741866,-2.464091984,10.321197834,3.605496263,0.028868522
1609060433.829161167,-2.500717486,10.363520148,3.613252347,-2.483929056,10.405934056,3.609257036,0.045790321
1609060433.880794048,-2.518201841,10.412471526,3.614803363,-2.495364391,10.445397601,3.609759941,0.040387023
1609060433.926801205,-2.529022332,10.459328843,3.617074448,-2.508385615,10.488781138,3.611329682,0.036418596
1609060433.981521130,-2.552266036,10.519126032,3.619685467,-2.521115839,10.531269012,3.613658652,0.033972183
1609060434.028669119,-2.566998460,10.567935511,3.622847259,-2.537095821,10.573911379,3.616147443,0.031221249
1609060434.082746029,-2.593648512,10.621551276,3.625189767,-2.571780904,10.657746143,3.622401515,0.042379654
1609060434.128036022,-2.612095660,10.668426775,3.629310100,-2.590254046,10.696102450,3.625222559,0.035492353
1609060434.179499149,-2.639639068,10.712408193,3.631888495,-2.610009531,10.733339947,3.628271066,0.036457284
1609060434.227372169,-2.664401767,10.760126712,3.636490718,-2.635943838,10.777353640,3.632823940,0.033467387
1609060434.278692007,-2.694770366,10.808109419,3.641628703,-2.665111405,10.823013024,3.636648408,0.033564486
1609060434.329144001,-2.726168542,10.855518614,3.647926614,-2.691334448,10.859961229,3.641359405,0.035725050
1609060434.378516197,-2.760966129,10.899112097,3.655003306,-2.721814850,10.900113319,3.646984978,0.039976477
1609060434.427966118,-2.794563681,10.943274214,3.661067325,-2.751235824,10.936183979,3.652285167,0.044773886
1609060434.478496075,-2.831972180,10.984935567,3.666317969,-2.814675341,11.005591281,3.661798959,0.027317771
1609060434.527953148,-2.869351677,11.025505705,3.673798012,-2.849699724,11.040642045,3.669474075,0.025179445
1609060434.579734087,-2.913525686,11.062430983,3.682804520,-2.883244760,11.072718011,3.675549531,0.032793175
1609060434.638806105,-2.962440243,11.107770220,3.691264791,-2.963387915,11.140408160,3.689065416,0.032725685
1609060434.685126066,-3.004308244,11.141321001,3.696800241,-3.003520023,11.171163785,3.696247387,0.029858311
1609060434.728393078,-3.042424348,11.173200499,3.703294236,-3.044664126,11.201326067,3.702720120,0.028220450
1609060434.779199123,-3.092171176,11.206072408,3.709874636,-3.087575642,11.229441302,3.709322441,0.023822868
1609060434.828484058,-3.138530383,11.239359959,3.717119727,-3.131126275,11.257756336,3.715530693,0.019894032
1609060434.881369114,-3.195591725,11.273628263,3.720948474,-3.175240035,11.284785069,3.722126813,0.023239064
1609060434.930052042,-3.243605305,11.303462312,3.727547389,-3.265545043,11.333078172,3.734385605,0.037486163
1609060434.979966164,-3.298154887,11.328080208,3.737617074,-3.310831016,11.355477566,3.740830939,0.030358333
1609060435.028119087,-3.347617538,11.354723038,3.743698819,-3.357219046,11.379357142,3.747554046,0.026718735
1609060435.079649210,-3.412306612,11.384602155,3.752120652,-3.402711440,11.401639223,3.753115789,0.019578542
1609060435.130227089,-3.467530852,11.411739305,3.759637213,-3.448592062,11.420081151,3.759052058,0.020702815
1609060435.181203127,-3.530477230,11.434578015,3.767121267,-3.545259162,11.461106055,3.772889576,0.030911418
1609060435.226970196,-3.580995846,11.457854968,3.774631036,-3.587111533,11.480048367,3.777703617,0.023224758
1609060435.280694008,-3.644244435,11.477468084,3.784696099,-3.636081210,11.496766042,3.784482464,0.020954595
1609060435.329034090,-3.701251492,11.498737455,3.791361046,-3.691595496,11.516593588,3.791403727,0.020299792
1609060435.379420996,-3.758799911,11.520925638,3.798480782,-3.742570738,11.536627396,3.798476415,0.022581658
1609060435.429876089,-3.814569373,11.541430164,3.805594922,-3.785710480,11.552834329,3.804138087,0.031064659
1609060435.481629133,-3.870530276,11.561191443,3.811553795,-3.878652602,11.585219522,3.813468131,0.025435909
1609060435.527260065,-3.919007884,11.579788753,3.814927742,-3.922608107,11.603000292,3.817607019,0.023641398
1609060435.578764200,-3.975064875,11.599234045,3.816760419,-3.964550346,11.620025071,3.821485113,0.023772775
1609060435.627921104,-4.024625867,11.619025048,3.820448286,-4.013370000,11.637706694,3.824559463,0.022194598
1609060435.678073168,-4.075248007,11.637710883,3.825960816,-4.061516154,11.655398190,3.828031163,0.022487573
1609060435.729574203,-4.126727545,11.659011765,3.829987600,-4.104392789,11.673149857,3.831984671,0.026508777
1609060435.779999018,-4.180417257,11.677528631,3.835054564,-4.147466098,11.690273943,3.834847264,0.035330791
1609060435.828428030,-4.227293890,11.697913097,3.838890853,-4.231249939,11.722987572,3.838944787,0.025384691
1609060435.881323099,-4.277406482,11.716705516,3.836011093,-4.268742816,11.739908951,3.842125584,0.025511674
1609060435.928601027,-4.319962040,11.736759280,3.838610883,-4.307876342,11.757853706,3.845518447,0.025273570
1609060435.979134083,-4.368480542,11.754815542,3.844989024,-4.348500304,11.775384390,3.848180983,0.028852660
1609060436.028963089,-4.412744524,11.777404475,3.848174825,-4.427813509,11.810442321,3.854617357,0.036879260
1609060436.079155207,-4.459521920,11.798228018,3.850203902,-4.467105504,11.830335803,3.857856829,0.033867210
1609060436.128490210,-4.504127952,11.821587556,3.853372540,-4.507230569,11.849616526,3.860426402,0.029068993
1609060436.178976059,-4.556291822,11.849280828,3.860367089,-4.548870258,11.868069521,3.862165901,0.020281280
1609060436.229210138,-4.603473635,11.875193574,3.864728259,-4.585625893,11.886268815,3.865792409,0.021031768
1609060436.281616211,-4.657144364,11.899457323,3.872638167,-4.670620887,11.925907002,3.875002960,0.029779093
1609060436.328548193,-4.703020492,11.924475836,3.879146712,-4.709804617,11.942609044,3.879347190,0.019361761
1609060436.378961086,-4.753479382,11.941060613,3.885779514,-4.749395044,11.960102096,3.884672679,0.019506024
1609060436.429300070,-4.805153879,11.963165497,3.892626004,-4.788878938,11.978312866,3.890937556,0.022297250
1609060436.481732130,-4.858551786,11.989448951,3.900270453,-4.871818607,12.015349567,3.899154751,0.029122074
1609060436.530310154,-4.909785615,12.011968956,3.905415383,-4.914952342,12.031625530,3.904155118,0.020363306
1609060436.580796003,-4.964181640,12.033908266,3.909430100,-4.957226884,12.049930327,3.909422534,0.017466400
1609060436.628488064,-5.015469285,12.055820646,3.914348205,-5.001849622,12.068743122,3.913587143,0.018790019
1609060436.680999994,-5.072840511,12.077501222,3.917912759,-5.049633572,12.086142415,3.917813433,0.024763725
1609060436.731419086,-5.128667164,12.098424352,3.922853760,-5.140343577,12.120907630,3.926426069,0.025585109
1609060436.778729200,-5.181755045,12.117357992,3.927363316,-5.186170236,12.138951295,3.930414137,0.022250218
1609060436.828267097,-5.236060514,12.138421600,3.931952295,-5.235708529,12.154813281,3.934649348,0.016615811
1609060436.880110025,-5.294586331,12.155443546,3.937988046,-5.285745630,12.171349307,3.937899435,0.018197778
1609060436.929759979,-5.350090005,12.174859886,3.942416431,-5.333234951,12.186954024,3.941491847,0.020765738
1609060436.981503010,-5.408039947,12.190748188,3.948075058,-5.428496048,12.218924999,3.947736060,0.034820965
1609060437.028449059,-5.460096615,12.207757223,3.952224402,-5.475191943,12.231561635,3.951100900,0.028209594
1609060437.082385063,-5.520194603,12.224208601,3.956888540,-5.523356526,12.245740112,3.953833898,0.021975772
1609060437.128386021,-5.571011497,12.239840497,3.960912021,-5.570492162,12.260004033,3.957238194,0.020502070
1609060437.181104183,-5.630340335,12.254414162,3.962435310,-5.619813046,12.273187325,3.960395929,0.021619772
1609060437.229670048,-5.683679449,12.269372679,3.965883211,-5.716446949,12.296011042,3.965109117,0.042236367
1609060437.279520988,-5.747569609,12.284737508,3.968015565,-5.760260989,12.308128894,3.967670351,0.026614794
1609060437.328559160,-5.803194271,12.299498619,3.970735353,-5.809289441,12.319254673,3.968880810,0.020757940
1609060437.379776001,-5.864518514,12.312512157,3.972436726,-5.858147002,12.328179575,3.970229480,0.017056849
1609060437.437894106,-5.932018797,12.329161720,3.973848146,-5.953724271,12.348903358,3.973163267,0.029348406
1609060437.484019995,-5.981908925,12.336813902,3.976155596,-6.002846764,12.357961887,3.973883037,0.029846187
1609060437.532320023,-6.038415109,12.346437947,3.976850778,-6.051729922,12.365802248,3.973525681,0.023734293
1609060437.579575062,-6.093504612,12.357421612,3.977785392,-6.100843897,12.373422206,3.974162831,0.017972397
1609060437.628848076,-6.150578543,12.367293168,3.978829934,-6.149261124,12.382359361,3.975374327,0.015513446
1609060437.681441069,-6.210720965,12.375574971,3.979861052,-6.197300445,12.389491899,3.976439024,0.019634193
1609060437.729734182,-6.265447062,12.383182068,3.980987665,-6.245033827,12.394081253,3.976363253,0.023598254
1609060437.780804157,-6.322212123,12.389098882,3.982226304,-6.338829442,12.405688985,3.978534885,0.023769590
1609060437.827929020,-6.375907714,12.395451180,3.983680038,-6.387489804,12.410882135,3.979048926,0.019842036
1609060437.880667210,-6.435252306,12.399549256,3.985190336,-6.433938820,12.413628975,3.980318106,0.014956683
1609060437.929320097,-6.489096856,12.405812722,3.986719197,-6.480615700,12.418327874,3.980236853,0.016449311
1609060437.980836153,-6.546691168,12.407488679,3.988253128,-6.571256249,12.427007231,3.982718795,0.031859785
1609060438.029119015,-6.600320090,12.411892266,3.989528359,-6.617515351,12.428296124,3.982984920,0.024649141
1609060438.079920053,-6.654389888,12.414691870,3.991456897,-6.664364715,12.430640562,3.983231439,0.020530858
1609060438.129821062,-6.708674029,12.418411824,3.992079152,-6.709647075,12.432922960,3.982992289,0.017149081
1609060438.180252075,-6.763959921,12.418156425,3.990171345,-6.757967465,12.435035331,3.982985449,0.019298811
1609060438.228499174,-6.815498337,12.420539267,3.989646481,-6.853154772,12.434965034,3.982423613,0.040966811
1609060438.280722141,-6.870449511,12.419675915,3.988290400,-6.898395451,12.436802841,3.981574724,0.033457547
1609060438.328006983,-6.920161575,12.421040834,3.987059068,-6.942258535,12.437451731,3.980902735,0.028204496
1609060438.379569054,-6.984670427,12.423352928,3.986906899,-6.991522316,12.436298372,3.979768272,0.016293953
1609060438.429699183,-7.039655351,12.424532348,3.986386857,-7.037603020,12.434505609,3.979229405,0.012446169
1609060438.481365204,-7.098665139,12.420224579,3.982802808,-7.083557280,12.434812533,3.977817164,0.021585006
1609060438.528198004,-7.150272960,12.420047658,3.981747024,-7.172689865,12.433250204,3.976410649,0.026557518
1609060438.580866098,-7.202628844,12.416839237,3.981538212,-7.216762421,12.430710938,3.975753974,0.020631032
1609060438.628835201,-7.255889060,12.413511099,3.979392058,-7.263250399,12.428829294,3.974831397,0.017596478
1609060438.681217194,-7.313900569,12.411438041,3.977472565,-7.305885055,12.427593837,3.973647050,0.018436182
1609060438.729390144,-7.366889744,12.408360090,3.976124455,-7.399709107,12.419950223,3.972444449,0.034999774
1609060438.779657125,-7.421193727,12.403537595,3.974709692,-7.441733736,12.417645736,3.971652180,0.025105378
1609060438.827876091,-7.474333284,12.399729394,3.972847570,-7.485562855,12.415052914,3.970282020,0.019170174
1609060438.878496170,-7.529164096,12.393804620,3.970677392,-7.531473234,12.411586558,3.969007779,0.018008804
1609060438.928888083,-7.583007776,12.389440712,3.968321469,-7.576632246,12.406833874,3.966969318,0.018574116
1609060438.980331182,-7.636901878,12.383715701,3.966408697,-7.665601839,12.398764276,3.964176639,0.032482756
1609060439.027786016,-7.687043320,12.379434185,3.964386292,-7.707291075,12.394991591,3.961538754,0.025692663
1609060439.079364061,-7.741420083,12.372782086,3.963417698,-7.751289662,12.388380796,3.959934558,0.018784585
1609060439.130916119,-7.795297638,12.367344619,3.961226084,-7.794065845,12.382791249,3.958340504,0.015762051
1609060439.180733204,-7.844554053,12.359349386,3.959570976,-7.875076673,12.373313919,3.953378944,0.034131800
1609060439.228211164,-7.893161582,12.353528601,3.957799613,-7.917569324,12.366472171,3.953036174,0.028035054
1609060439.281038046,-7.947936176,12.344632311,3.956081981,-7.961580111,12.360627355,3.953238681,0.021215154
1609060439.327913046,-7.995005667,12.338643903,3.954401356,-8.000543595,12.354232283,3.949211696,0.017337785
1609060439.379565001,-8.046100731,12.328951965,3.950921650,-8.045294231,12.347035470,3.948176705,0.018308422
1609060439.429732084,-8.095598654,12.321813512,3.948881220,-8.131283413,12.331487948,3.943026439,0.037433610
1609060439.481400013,-8.155729639,12.312691536,3.944778132,-8.171640797,12.324674808,3.941007632,0.020272652
1609060439.539367199,-8.215521501,12.303518970,3.942217951,-8.210948653,12.317295637,3.939783229,0.014718538
1609060439.587499142,-8.268434558,12.289889348,3.939451501,-8.295865819,12.298561476,3.935850767,0.028993881
1609060439.636876106,-8.320029713,12.280496599,3.937314713,-8.336077537,12.291228436,3.935433471,0.019397012
1609060439.681042194,-8.361108733,12.269272376,3.938081313,-8.375908248,12.282761801,3.932798673,0.020709817
1609060439.728736162,-8.412011533,12.256759140,3.936823772,-8.419225850,12.273483739,3.931960094,0.018852425
1609060439.779679060,-8.464097588,12.245672462,3.934376231,-8.462383077,12.262436265,3.928975334,0.017695602
1609060439.829038143,-8.513860707,12.234448973,3.930985474,-8.500990989,12.254341121,3.926803516,0.024058594
1609060439.881503105,-8.565847261,12.221482943,3.926449992,-8.582608321,12.235360108,3.921152984,0.022395694
1609060439.928616047,-8.611338642,12.211085665,3.923013605,-8.622909806,12.225190384,3.918054688,0.018905708
1609060439.981040001,-8.660883546,12.199316543,3.920017388,-8.660759815,12.215863294,3.915188485,0.017237418
1609060440.027599096,-8.704408922,12.189216768,3.916529433,-8.696939363,12.207971560,3.912146497,0.020657847
1609060440.081411123,-8.753587652,12.175935521,3.912862411,-8.738863665,12.196639608,3.908858414,0.025719390
1609060440.128535032,-8.796671752,12.166128837,3.909562778,-8.813828547,12.177357898,3.902314139,0.021748338
1609060440.180097103,-8.840662135,12.154279153,3.905314944,-8.850008172,12.168000287,3.899035348,0.017749683
1609060440.225985050,-8.880377840,12.144719132,3.901521829,-8.886977064,12.158726090,3.896991513,0.016132836
1609060440.279961109,-8.926371722,12.130675970,3.894025721,-8.925069388,12.147628443,3.891517700,0.017186407
1609060440.329184055,-8.967045736,12.120782095,3.889046735,-8.996413908,12.127530086,3.883895431,0.030570588
1609060440.378593206,-9.007673852,12.108972417,3.887487994,-9.032391001,12.116843850,3.880848000,0.026776602
1609060440.426942110,-9.046210170,12.099037144,3.883404474,-9.066610822,12.107626023,3.877096535,0.023016202
1609060440.478640079,-9.086894635,12.085757400,3.876457861,-9.103255596,12.096308598,3.873741432,0.019656750
1609060440.528146982,-9.125412907,12.074910943,3.872711207,-9.133601345,12.088091923,3.870718158,0.015644839
1609060440.580146074,-9.172952149,12.063222819,3.867564448,-9.203542026,12.067012972,3.864735669,0.030953317
1609060440.629389048,-9.211522746,12.053216270,3.864587601,-9.234939533,12.057256873,3.862197479,0.023882735
1609060440.676387072,-9.248089694,12.040430687,3.861142340,-9.265478887,12.047573466,3.860038250,0.018831419
1609060440.727923155,-9.287851922,12.028788789,3.858040256,-9.294957424,12.038777329,3.857603340,0.012265806
1609060440.786754131,-9.329132013,12.015495995,3.855109292,-9.357044099,12.019582368,3.853618383,0.028248996
1609060440.827316999,-9.358458813,12.005787325,3.853529454,-9.383720641,12.012456027,3.851959003,0.026174373
1609060440.875877142,-9.393427585,11.995328313,3.851887801,-9.412767253,12.003011544,3.851107126,0.020824606
1609060440.931124210,-9.432532327,11.982513281,3.850370621,-9.441970379,11.993686888,3.849869016,0.014634820
1609060440.979609013,-9.466092500,11.971238695,3.849719984,-9.471253918,11.984465138,3.849935816,0.014199493
1609060441.028758049,-9.499096647,11.960433548,3.850161831,-9.525211032,11.967515170,3.850990856,0.027070238
1609060441.129243135,-9.564560731,11.937627490,3.851300640,-9.554205702,11.957531856,3.851012649,0.022438657
1609060441.182025194,-9.597867605,11.924699126,3.851321952,-9.605034982,11.941310439,3.854372272,0.018346974
1609060441.228152037,-9.625984499,11.914818786,3.851824785,-9.631794921,11.931376420,3.854889203,0.017813111
1609060441.280858994,-9.658050468,11.903660205,3.853879382,-9.681577607,11.912874056,3.856352544,0.025387750
1609060441.329025030,-9.686375981,11.893707782,3.855234692,-9.705555112,11.904379323,3.859555278,0.022369361
1609060441.378175020,-9.713429648,11.881670514,3.858021784,-9.730187151,11.894131874,3.860117461,0.020987883
1609060441.428585052,-9.741955167,11.870140964,3.860108792,-9.757245286,11.882557490,3.862368963,0.019825897
1609060441.478903055,-9.770947768,11.857021549,3.861724308,-9.781497512,11.871561057,3.863799913,0.018083211
1609060441.537096977,-9.803685873,11.843623491,3.864712523,-9.831071776,11.849777423,3.867460617,0.028203024
1609060441.583423138,-9.830888449,11.832082422,3.866950704,-9.855486184,11.836962246,3.869696983,0.025227035
1609060441.627671003,-9.855422449,11.820448110,3.870017466,-9.876818269,11.824717799,3.871993626,0.021906997
1609060441.680040121,-9.888208714,11.799539604,3.877125772,-9.900562211,11.809902413,3.873792472,0.016465345
1609060441.728864193,-9.917035053,11.781790633,3.880658091,-9.924873037,11.793486411,3.875541122,0.014980274
1609060441.781987190,-9.948487939,11.758832661,3.882607941,-9.951138609,11.774670770,3.878257984,0.016637123
1609060441.830039978,-9.977218065,11.737659895,3.885876028,-9.998583556,11.736797988,3.882856553,0.021595007
1609060441.894683123,-10.011479825,11.705671587,3.885639706,-10.024627760,11.713203178,3.883309320,0.015330484
1609060441.930989981,-10.033800196,11.684732385,3.887028219,-10.049610093,11.689545831,3.885560810,0.016591425
1609060441.978468180,-10.062437785,11.657910746,3.889459260,-10.073495403,11.665859356,3.887333235,0.013783008
1609060442.026913166,-10.091779234,11.627029388,3.891949502,-10.098497308,11.638895118,3.889518407,0.013850570
1609060442.082087994,-10.124032032,11.590392785,3.895423304,-10.125765232,11.608507917,3.891542420,0.018607076
1609060442.129801989,-10.153219095,11.554593964,3.897486941,-10.174657646,11.547086709,3.895820386,0.022776035
1609060442.180477142,-10.183871357,11.514279963,3.899542377,-10.198155769,11.514079188,3.898209529,0.014347864
1609060442.228999138,-10.213670239,11.472639902,3.903585485,-10.225802445,11.476279163,3.901329104,0.012865687
1609060442.280194044,-10.244519935,11.426823008,3.909137473,-10.252962325,11.436877277,3.904898019,0.013796204
1609060442.330140114,-10.275271524,11.378886513,3.912953371,-10.276869282,11.396752684,3.908882968,0.018393507
1609060442.380113125,-10.304804567,11.327196316,3.916840055,-10.328019975,11.309389666,3.915054584,0.029312453
1609060442.429234982,-10.334519511,11.274330549,3.921285020,-10.355793422,11.261056678,3.918665363,0.025211852
1609060442.480772018,-10.363775881,11.219637156,3.928581753,-10.378909022,11.215222607,3.922996779,0.016723998
1609060442.528684139,-10.391635957,11.164717553,3.934197568,-10.403611974,11.165830751,3.927382289,0.013824335
1609060442.580502987,-10.420196213,11.102513835,3.937454092,-10.426366943,11.117451548,3.931767976,0.017133159
1609060442.628773212,-10.446966407,11.043833481,3.942973827,-10.475658597,11.010039092,3.941398524,0.044359713
1609060442.681797981,-10.475502905,10.979360976,3.947656733,-10.499406344,10.957387914,3.946288858,0.032497091
1609060442.728772163,-10.499878146,10.921058368,3.953256833,-10.522223912,10.903445191,3.951238587,0.028524210
1609060442.780261040,-10.532077957,10.844842879,3.959402099,-10.545953130,10.846012357,3.957340473,0.014076165
1609060442.829646111,-10.557664369,10.777855493,3.965705702,-10.567463445,10.790472819,3.963111508,0.016184828
1609060442.881582022,-10.586666591,10.702191634,3.975056304,-10.610120844,10.674202404,3.974890712,0.036517481
1609060442.927739143,-10.610006051,10.636818255,3.981758466,-10.630486107,10.615388554,3.982863305,0.029662862
1609060442.978944063,-10.633569381,10.567717182,3.991166628,-10.650354777,10.557483356,3.988765973,0.019805147
1609060443.029739141,-10.657342277,10.495728298,3.999275493,-10.667640179,10.501225844,3.996540108,0.011989668
1609060443.082411051,-10.680714505,10.421108412,4.009171344,-10.703222800,10.388260227,4.012055141,0.039924214
1609060443.127682209,-10.699409372,10.357633692,4.018293505,-10.719061465,10.333461905,4.020962599,0.031266661
1609060443.179086208,-10.718640669,10.287068862,4.028388401,-10.734504564,10.276022144,4.030612916,0.019458715
1609060443.228727102,-10.736402485,10.220063670,4.039326688,-10.747671477,10.223435635,4.039856132,0.011774575
1609060443.281817198,-10.754191336,10.151645294,4.050912647,-10.761300619,10.169887328,4.049017210,0.019669936
1609060443.328857183,-10.768582694,10.090947741,4.060255700,-10.787473434,10.060306800,4.067649139,0.036747657
1609060443.380503178,-10.782970811,10.026236641,4.069518003,-10.799230244,10.005679393,4.077120370,0.027290394
1609060443.427570105,-10.794871152,9.967477807,4.079173302,-10.809462319,9.951704572,4.086682739,0.022761563
1609060443.482220173,-10.807309474,9.900302350,4.090729138,-10.819844471,9.897426469,4.095459523,0.013703043
1609060443.528699160,-10.816406110,9.844655995,4.100083618,-10.828028378,9.845254000,4.103926195,0.012255615
1609060443.588477135,-10.827209006,9.775490152,4.114229073,-10.843211467,9.745925654,4.120020807,0.034112791
1609060443.632436991,-10.833379471,9.725056848,4.123421591,-10.850036836,9.697952827,4.128303564,0.032185858
1609060443.679489136,-10.839689235,9.672749577,4.131241950,-10.854300629,9.651834597,4.135414555,0.025852270
1609060443.728943110,-10.844853787,9.617495389,4.140675097,-10.858134278,9.604181995,4.144060026,0.019106953
1609060443.781625986,-10.851470885,9.558851526,4.152510351,-10.862472214,9.556853065,4.151824761,0.011202371
1609060443.830082178,-10.854966331,9.507611183,4.161600976,-10.867187144,9.463810251,4.166983835,0.045791321
1609060443.879235983,-10.858523638,9.449169544,4.169617607,-10.869194680,9.421396587,4.174246267,0.030110343
1609060443.928887129,-10.860305096,9.396231338,4.179298742,-10.870814716,9.377569491,4.183476393,0.021821306
1609060443.980231047,-10.860303671,9.342575505,4.187558556,-10.872353538,9.334617832,4.190146337,0.014670395
1609060444.029864073,-10.859803445,9.291983535,4.196368586,-10.871406638,9.291868606,4.197081334,0.011625631
1609060444.080605030,-10.859417598,9.244312703,4.205551364,-10.869179195,9.251399366,4.203475239,0.012240093
1609060444.129366159,-10.857540232,9.197355066,4.213937528,-10.866086532,9.171810422,4.216538048,0.027061611
1609060444.179435015,-10.854770195,9.150074034,4.221625869,-10.863028584,9.136099469,4.222592110,0.016261091
1609060444.228093147,-10.851108871,9.103699768,4.229237461,-10.859069624,9.101361487,4.229006775,0.008300263
1609060444.281483173,-10.847011065,9.055348325,4.237792308,-10.856393835,9.065777780,4.235223115,0.014262211
1609060444.331593037,-10.842129845,9.010572685,4.245877205,-10.846400506,8.990729536,4.248414762,0.020455520
1609060444.387536049,-10.835951681,8.961554753,4.254025719,-10.841249659,8.957035231,4.255177032,0.007058340
1609060444.432651043,-10.831069085,8.926228102,4.260067282,-10.837198822,8.921121633,4.260066668,0.007978076
1609060444.485102177,-10.824834471,8.886241431,4.266929436,-10.831979040,8.887524035,4.265475358,0.007402992
1609060444.534483194,-10.817928174,8.849196787,4.273308037,-10.825267407,8.856433118,4.271192556,0.010521601
1609060444.581612110,-10.811889072,8.815052087,4.279331588,-10.818583687,8.825321304,4.276551078,0.012570040
1609060444.630171061,-10.803633227,8.781352587,4.284923734,-10.805344289,8.766356835,4.285877199,0.015123142
1609060444.679744005,-10.794366719,8.748782203,4.285942171,-10.796832994,8.738668140,4.289594244,0.011032426
1609060444.729159117,-10.785126057,8.717529866,4.290158462,-10.788703236,8.710844542,4.293437971,0.008261050
1609060444.780722141,-10.776671158,8.687074922,4.299320033,-10.780894572,8.683689217,4.298414013,0.005488269
1609060444.830566168,-10.767456636,8.658906406,4.304075214,-10.772921298,8.658979272,4.301243259,0.006155307
1609060444.881223202,-10.757657031,8.632661291,4.308733915,-10.764651357,8.634372535,4.303689530,0.008791745
1609060444.930093050,-10.747658090,8.606034580,4.312315674,-10.748383022,8.588583374,4.309470633,0.017696451
1609060444.979432106,-10.737870252,8.578853420,4.311329923,-10.740321411,8.568639370,4.311621949,0.010508106
1609060445.028347015,-10.728361215,8.556270333,4.312989973,-10.731888316,8.547615868,4.314027655,0.009403031
1609060445.081011057,-10.717557406,8.531857082,4.313114992,-10.723676192,8.528563541,4.315716224,0.007419795
1609060445.129235029,-10.708384951,8.513527427,4.313925338,-10.716229643,8.513025182,4.315118523,0.007950794
1609060445.181812048,-10.700720741,8.497376038,4.321816237,-10.709005259,8.498945440,4.318408096,0.009094596
1609060445.228995085,-10.692308602,8.483415246,4.323809379,-10.695886965,8.475247390,4.317602439,0.010864836
1609060445.280653000,-10.684400517,8.471623040,4.324463164,-10.690046770,8.466669802,4.319224186,0.009157600
1609060445.329303980,-10.678375048,8.464350411,4.325001876,-10.684549583,8.460829567,4.318412402,0.009692388
1609060445.380624056,-10.674157019,8.461597182,4.325614552,-10.681217311,8.456423056,4.317563977,0.011892479
1609060445.430977106,-10.670384471,8.459988552,4.324765300,-10.678549465,8.454829020,4.315612931,0.013306155
1609060445.480096102,-10.668650511,8.462315505,4.323471559,-10.673994686,8.461780235,4.314207553,0.010708339
1609060445.528472185,-10.668177743,8.468872947,4.323144286,-10.674643132,8.468412485,4.312531232,0.012435843
1609060445.578977108,-10.670558338,8.477888730,4.323770049,-10.677512965,8.477178500,4.311037311,0.014525628
1609060445.621975183,-10.675281590,8.489080163,4.322568439,-10.684246471,8.487676918,4.308965039,0.016352085
1609060445.681045055,-10.691389081,8.505112202,4.318331685,-10.695299766,8.500391912,4.306086232,0.013694003
1609060445.731163979,-10.709301092,8.523258002,4.315730379,-10.708852575,8.515727215,4.305406082,0.012786909
1609060445.780709028,-10.729882669,8.542221383,4.312226237,-10.746134887,8.551189793,4.298670423,0.022985366
1609060445.828881025,-10.753401504,8.564283162,4.309701388,-10.768350377,8.572258392,4.297093013,0.021119758
1609060445.880499125,-10.778857117,8.591169177,4.306421582,-10.792578377,8.594063050,4.295049427,0.018054734
1609060445.927330017,-10.807686469,8.617399037,4.304147785,-10.820810407,8.619531360,4.293308938,0.017154158
1609060445.979900122,-10.841308464,8.646183472,4.304436068,-10.851604961,8.647640999,4.292093570,0.016139377
1609060446.029411077,-10.877398481,8.676516228,4.303776943,-10.881415610,8.672701561,4.291343696,0.013611562
1609060446.081185102,-10.926075931,8.711066878,4.315401692,-10.953772397,8.730169906,4.289711959,0.042331811
1609060446.131128073,-10.972097281,8.743954678,4.317374024,-10.993791774,8.759870618,4.288977784,0.039119237
1609060446.178665161,-11.020636687,8.777391133,4.308836510,-11.034327798,8.788470947,4.287095344,0.027980119
1609060446.228984118,-11.073389932,8.812239374,4.307597897,-11.079141575,8.819246099,4.287660674,0.021901334
1609060446.281457186,-11.128648135,8.848827787,4.289710908,-11.124886805,8.846997117,4.286385387,0.005343973
1609060446.328745127,-11.183509642,8.880346885,4.287599368,-11.219196782,8.902671747,4.281085219,0.042595840
1609060446.380972147,-11.245821692,8.914248684,4.283627319,-11.264809517,8.929133632,4.278986669,0.024568981
1609060446.428580046,-11.302459843,8.944836953,4.279001968,-11.316683974,8.957496139,4.275969685,0.019281485
1609060446.480714083,-11.364442972,8.978875825,4.272924899,-11.368412785,8.985004158,4.272898092,0.007301821
1609060446.528998137,-11.421919398,9.009353160,4.268821854,-11.419630348,9.013818649,4.270494245,0.005289352
1609060446.580425978,-11.480653765,9.041574559,4.264779221,-11.516659526,9.068718983,4.262173499,0.045166629
1609060446.628514051,-11.532837110,9.071460165,4.259172389,-11.563119600,9.095208820,4.257390994,0.038525332
1609060446.680069208,-11.587989907,9.103484940,4.252625319,-11.606448684,9.121007864,4.252498149,0.025451826
1609060446.731581211,-11.640925245,9.134641434,4.246434377,-11.649330588,9.148314080,4.248202018,0.016146690
1609060446.780048132,-11.688890859,9.164610563,4.246935939,-11.692640834,9.174227111,4.243259145,0.010957149
1609060446.829411983,-11.735348671,9.192803680,4.242347406,-11.735750319,9.199356664,4.239086918,0.007330327
1609060446.880906105,-11.783546709,9.223615375,4.233774416,-11.817039114,9.251696887,4.229726058,0.043894210
1609060446.930359125,-11.825275358,9.252083416,4.228947521,-11.854441348,9.276882011,4.224579134,0.038531910
1609060446.979737997,-11.866505924,9.280779385,4.218984653,-11.890800431,9.302618882,4.220096648,0.032686745
1609060447.028401136,-11.905601749,9.311159047,4.213994231,-11.925569533,9.330045440,4.215541429,0.027528205
1609060447.082936049,-11.946337847,9.343368768,4.214615571,-11.955594171,9.355604054,4.210560634,0.015868973
1609060447.130169153,-11.975506583,9.370901866,4.210253264,-12.007855030,9.405438105,4.201178190,0.048182267
1609060447.180736065,-12.005952698,9.403040889,4.201062068,-12.030735744,9.430845558,4.196537362,0.037520287
1609060447.229449034,-12.030014848,9.431906610,4.195458038,-12.051658063,9.455754064,4.192369416,0.032352271
1609060447.281094074,-12.056293069,9.466473927,4.189431813,-12.071835642,9.481591532,4.188326726,0.021710246
1609060447.330182076,-12.077826373,9.496178357,4.184328944,-12.091152186,9.506412782,4.185498864,0.016843083
1609060447.375482082,-12.098554708,9.523822223,4.182241473,-12.123978913,9.556675436,4.177846500,0.041773671
1609060447.423263073,-12.116316285,9.554337905,4.180001260,-12.137752105,9.582668600,4.176404410,0.035707982
1609060447.477159977,-12.133403012,9.589467244,4.176948535,-12.148720240,9.606702616,4.172307402,0.023520537
1609060447.528703213,-12.147328830,9.622084721,4.172694512,-12.159652369,9.633535533,4.167288206,0.017669715
1609060447.581300020,-12.160243961,9.654259971,4.167433954,-12.168241861,9.657991014,4.164941006,0.009170708
1609060447.628663063,-12.170869890,9.684393140,4.163380288,-12.184239516,9.708765045,4.159338568,0.028090428
1609060447.681246996,-12.181525405,9.718449461,4.159383957,-12.190399582,9.733236365,4.155138946,0.017760171
1609060447.728794098,-12.188661966,9.748552697,4.155321035,-12.197005013,9.759302400,4.151966027,0.014014943
1609060447.778280020,-12.194458119,9.779513051,4.150778828,-12.201710420,9.787162588,4.149457900,0.010623376
1609060447.830143213,-12.200384326,9.813039348,4.146750908,-12.205603751,9.813767714,4.144889103,0.005589207
1609060447.882296085,-12.207541856,9.846799120,4.145163364,-12.215940604,9.871106439,4.139471222,0.026339803
1609060447.928719997,-12.213035439,9.878494995,4.141982885,-12.219605768,9.898439333,4.134570997,0.022268407
1609060447.979175091,-12.218877048,9.914254643,4.133036550,-12.225640223,9.926629612,4.131997840,0.014140697
1609060448.028673172,-12.225268085,9.946310022,4.128440203,-12.231086071,9.951969307,4.130260604,0.008318072
1609060448.081704140,-12.234616935,9.979998350,4.122148987,-12.239608534,9.980692273,4.125477221,0.006039431
1609060448.130548000,-12.244052334,10.013994081,4.117839777,-12.254955532,10.037082020,4.121273354,0.025762804
1609060448.182169199,-12.255742205,10.047587811,4.121420281,-12.264050884,10.064378203,4.119192763,0.018865664
1609060448.228177071,-12.265186914,10.076727160,4.119228902,-12.272376535,10.093256339,4.116382381,0.018248482
1609060448.279637098,-12.278063102,10.112736792,4.115618182,-12.283666020,10.121992820,4.114404987,0.010887542
1609060448.330150127,-12.291562482,10.144807013,4.113457311,-12.295017452,10.148043479,4.113725377,0.004741666
1609060448.380889177,-12.308958884,10.179957821,4.112366524,-12.322679614,10.203464141,4.112076686,0.027219285
1609060448.430328131,-12.327500583,10.214066701,4.111826923,-12.339148587,10.232592940,4.111562189,0.021885328
1609060448.481029034,-12.347701030,10.251270221,4.112130926,-12.355979273,10.260904486,4.111095664,0.012744416
1609060448.528560162,-12.367760308,10.283415767,4.114063700,-12.373568396,10.290064334,4.112586442,0.008950957
1609060448.582046986,-12.392164068,10.319440873,4.115241709,-12.392242588,10.315744240,4.112371686,0.004680629
1609060448.629378080,-12.414133963,10.350396508,4.114966122,-12.432918091,10.369737257,4.114337638,0.026968556
1609060448.682945013,-12.440257845,10.385802893,4.113962694,-12.454346120,10.396261479,4.115780236,0.017639869
1609060448.728159189,-12.463713113,10.414581023,4.115642209,-12.475441418,10.421038557,4.116403035,0.013410136
1609060448.781961203,-12.493961517,10.446877044,4.118995616,-12.500005318,10.446947196,4.118883325,0.006045252
1609060448.830974102,-12.522617763,10.475232960,4.120941429,-12.523574585,10.470061022,4.120193754,0.005312577
1609060448.882435083,-12.552991458,10.503298576,4.123166145,-12.572886452,10.515109288,4.121854327,0.023173791
1609060448.929800034,-12.580880939,10.529194023,4.125236084,-12.599425823,10.538243207,4.123723934,0.020690265
1609060448.980499029,-12.611877564,10.554974324,4.126254194,-12.624608681,10.559193484,4.124953707,0.013474937
1609060449.029496193,-12.642266880,10.579152045,4.128386470,-12.652554709,10.583523525,4.126282791,0.011374302
1609060449.081385136,-12.675872018,10.604603365,4.133869646,-12.682939484,10.604695444,4.128546873,0.008848133
1609060449.129601002,-12.705720945,10.626886917,4.136758668,-12.710736261,10.624208179,4.130713865,0.008298715
1609060449.182257175,-12.739098315,10.650079325,4.141513652,-12.767039277,10.663093965,4.135610724,0.031383480
1609060449.229597092,-12.769783162,10.669226122,4.144763133,-12.792593344,10.680557555,4.136993587,0.026628399
1609060449.281344175,-12.803788130,10.689791788,4.144366027,-12.821144240,10.697588871,4.138063289,0.020043791
1609060449.328800201,-12.834617948,10.707842620,4.147312578,-12.850144373,10.716092455,4.141037690,0.018668258
1609060449.380174160,-12.874376727,10.727669980,4.150204214,-12.881815983,10.733346003,4.142872568,0.011887506
1609060449.429436207,-12.909626602,10.744946222,4.152821634,-12.912384404,10.748204934,4.144857782,0.009035907
1609060449.481356144,-12.948109906,10.765061503,4.154063108,-12.971840194,10.776922984,4.147379562,0.027358566
1609060449.530636072,-12.982411867,10.779797865,4.155835378,-13.001146482,10.790040247,4.148723499,0.022504911
1609060449.580252171,-13.017136196,10.794884009,4.154834730,-13.029499540,10.801588080,4.149456160,0.015057419
1609060449.629147053,-13.050503713,10.808583552,4.156599675,-13.057782111,10.814609535,4.150434557,0.011282563
1609060449.680668116,-13.086947320,10.823048933,4.156895841,-13.088774447,10.824323268,4.151041214,0.006264102
1609060449.730679035,-13.122386136,10.835103763,4.156244546,-13.115796077,10.835964348,4.151233898,0.008323225
1609060449.780331135,-13.158507730,10.845665468,4.155331265,-13.177453511,10.853978993,4.151955481,0.020963140
1609060449.829497099,-13.193167484,10.856259973,4.155107362,-13.207514554,10.862970596,4.152216333,0.016100588
1609060449.881090164,-13.228947443,10.867583149,4.155536678,-13.237319647,10.870305895,4.152932812,0.009180809
1609060449.932608128,-13.264300456,10.876806042,4.154093036,-13.269759377,10.877400723,4.152277593,0.005783537
1609060449.981177092,-13.297323815,10.884413039,4.152891187,-13.302207454,10.884130604,4.152990028,0.004892797
1609060450.029534101,-13.331774952,10.889832219,4.154779147,-13.331559016,10.889898523,4.153208877,0.001586433
1609060450.083388090,-13.371211767,10.894446789,4.159264267,-13.394222629,10.896181438,4.154714288,0.023520439
1609060450.135148048,-13.407999380,10.898182596,4.160136983,-13.424725471,10.898459132,4.153499124,0.017997216
1609060450.181058168,-13.439790941,10.901170550,4.155852878,-13.453131565,10.901180662,4.155647510,0.013342209
1609060450.228619099,-13.473619875,10.902708036,4.156624062,-13.485855793,10.901615493,4.156144239,0.012293965
1609060450.282606125,-13.514595240,10.906538677,4.162605687,-13.518695374,10.903315601,4.156738835,0.007849794
1609060450.330546141,-13.551117137,10.908824475,4.165154626,-13.581498267,10.907478475,4.156779562,0.031543089
1609060450.379955053,-13.586925110,10.910393356,4.164029150,-13.611913175,10.907490066,4.160075553,0.025464946
1609060450.428682089,-13.621091987,10.910284264,4.165702527,-13.644110414,10.907383925,4.160692907,0.023735127
1609060450.482573032,-13.666333460,10.913311596,4.164179308,-13.676141387,10.908629688,4.160553072,0.011457106
1609060450.531778097,-13.705153946,10.914597559,4.164195190,-13.710102204,10.909696283,4.161543229,0.007452561
1609060450.581305027,-13.748513250,10.915810319,4.164019119,-13.782273074,10.909636588,4.162177724,0.034369048
1609060450.629453182,-13.788360233,10.916248669,4.164534140,-13.817640933,10.911812412,4.164140068,0.029617480
1609060450.681060076,-13.835222375,10.921333544,4.167782044,-13.855848101,10.915112950,4.165378286,0.021677048
1609060450.728013039,-13.877038075,10.925498922,4.169092463,-13.894317255,10.917821763,4.165572428,0.019232771
1609060450.781613111,-13.926673091,10.933573188,4.171061604,-13.933096969,10.924568179,4.168173111,0.011432401
1609060450.828855038,-13.970369265,10.941271611,4.172214306,-13.970779122,10.930731312,4.166718219,0.011894237
1609060450.881541014,-14.020244355,10.952221245,4.172404232,-14.053824496,10.949161480,4.169715153,0.033826309
1609060450.930435181,-14.067247871,10.965014995,4.175588859,-14.093313337,10.960139577,4.170801788,0.026946136
1609060450.980435133,-14.115737898,10.980686252,4.179937345,-14.133494858,10.973869229,4.168965540,0.021958186
1609060451.032390118,-14.168323251,10.999835973,4.179040776,-14.177736031,10.990678875,4.170095946,0.015889079
1609060451.090063095,-14.226475131,11.021992398,4.178560413,-14.269042677,11.026748210,4.173653960,0.043112492
1609060451.134982109,-14.272540119,11.042141702,4.178911475,-14.312831816,11.046805931,4.173356386,0.040939405
1609060451.179135084,-14.319490449,11.062069049,4.172484069,-14.354738938,11.068656401,4.175284457,0.035967921
1609060451.228018999,-14.370901799,11.088359771,4.172684866,-14.400201626,11.091950462,4.176851653,0.029811660
1609060451.280712128,-14.427092349,11.115882800,4.176844336,-14.446085861,11.114829169,4.178296050,0.019078027
1609060451.330120087,-14.479504714,11.144345633,4.177232829,-14.490253687,11.139446243,4.179780274,0.012084450
1609060451.380979061,-14.533010892,11.172319699,4.182801867,-14.534993030,11.165670777,4.180257504,0.007389913
1609060451.428116083,-14.579581153,11.196846618,4.183777234,-14.621078292,11.215528269,4.183157972,0.045512637
1609060451.479802132,-14.633006236,11.227949184,4.183992676,-14.660264882,11.239860405,4.182926150,0.029766566
1609060451.530027151,-14.683670374,11.257226520,4.183832812,-14.707257889,11.269393241,4.183770822,0.026540607
1609060451.579686165,-14.736649611,11.287079264,4.185765020,-14.755177788,11.298785816,4.183758358,0.022008258
1609060451.630514145,-14.787273772,11.315972725,4.185432726,-14.795506789,11.323102111,4.182418996,0.011300144
1609060451.684009075,-14.841970090,11.350369712,4.184371156,-14.876474146,11.375267089,4.181839396,0.042624161
1609060451.728813171,-14.883902336,11.374866936,4.184025074,-14.913363349,11.397416207,4.181518496,0.037184726
1609060451.780947208,-14.931285802,11.405023624,4.182254329,-14.950218181,11.419476056,4.181270781,0.023838522
1609060451.828563213,-14.971918173,11.428947505,4.180460759,-14.983707903,11.439773782,4.180938636,0.016013568
1609060451.881102085,-15.014337056,11.453602674,4.179804116,-15.017127016,11.459528257,4.180442560,0.006580579
1609060451.930507183,-15.051333097,11.474594710,4.180027956,-15.077968808,11.492242523,4.179537506,0.031955390
1609060451.979911089,-15.086543884,11.494778347,4.180917439,-15.104692095,11.506758629,4.179124941,0.021819665
1609060452.030478001,-15.118617288,11.511546924,4.179640021,-15.132041879,11.520645398,4.178869324,0.016235636
1609060452.079850197,-15.147814640,11.526795881,4.178183049,-15.157452685,11.532543745,4.178256272,0.011222086
1609060452.141802073,-15.185936572,11.545022365,4.178959092,-15.182997355,11.544575081,4.177997091,0.003124821
1609060452.179795027,-15.207381292,11.555422727,4.179521378,-15.228089147,11.565679584,4.178021932,0.023157433
1609060452.229011059,-15.233059908,11.567094606,4.180568141,-15.249951686,11.573836163,4.178290366,0.018329458
1609060452.279659033,-15.256197109,11.579238029,4.178138466,-15.269802345,11.581464387,4.178299905,0.013787138
1609060452.328589201,-15.277287309,11.587277114,4.178734574,-15.289020485,11.588111444,4.179472105,0.011785902
1609060452.381144047,-15.300831350,11.596027037,4.179082483,-15.307897717,11.594071406,4.180569180,0.007481196
1609060452.430617094,-15.321302057,11.603497162,4.180282384,-15.343051780,11.604933488,4.181016165,0.021809446
1609060452.479754210,-15.342619645,11.609119941,4.182032386,-15.361310564,11.610027707,4.183685538,0.018785830
1609060452.529028177,-15.362093548,11.615526737,4.184269812,-15.378972753,11.614796867,4.186707954,0.017069997
1609060452.579004049,-15.381361979,11.619883568,4.189355409,-15.395855737,11.619722366,4.188574433,0.014515679
1609060452.630564213,-15.402328171,11.625327237,4.192800338,-15.414360477,11.624633989,4.191786932,0.012094792
1609060452.681979179,-15.427342849,11.634063470,4.193718033,-15.432051889,11.628544138,4.193135324,0.007278574
1609060452.729056120,-15.447670988,11.639310124,4.197309608,-15.469769155,11.639381424,4.201674956,0.022525327
1609060452.779504061,-15.472986391,11.644144850,4.201667200,-15.488116577,11.643879426,4.205757500,0.015675571
1609060452.830963135,-15.497572627,11.650990869,4.207408286,-15.509062661,11.649362499,4.209759100,0.011840558
1609060452.880644083,-15.522513043,11.659281032,4.215148712,-15.528778960,11.654603117,4.213521439,0.007987028
1609060452.931265116,-15.549241770,11.667143593,4.220340795,-15.571133702,11.666036633,4.224265380,0.022268462
1609060452.979619980,-15.574019215,11.673795341,4.226096106,-15.592154262,11.671047268,4.228759555,0.018534449
1609060453.028874159,-15.600234496,11.681082745,4.232221270,-15.614782549,11.678399776,4.234691544,0.014998214
1609060453.081588984,-15.629866928,11.689402283,4.238819484,-15.637368339,11.685097509,4.238526268,0.008653798
1609060453.129861116,-15.658389172,11.698933142,4.244565736,-15.662925472,11.692032076,4.244768319,0.008260979
1609060453.181578159,-15.690207576,11.708984425,4.250696873,-15.714336895,11.711202479,4.255513575,0.024705149
1609060453.228747129,-15.719659340,11.718950775,4.255856103,-15.740681646,11.720629227,4.261099146,0.021731178
1609060453.280352116,-15.753459453,11.731150307,4.260302989,-15.768381796,11.729234108,4.266986352,0.016462548
1609060453.330042124,-15.785671971,11.742751040,4.266862448,-15.796162682,11.738440477,4.272444573,0.012641048
1609060453.383922100,-15.818000220,11.754370501,4.277210882,-15.821796327,11.748079227,4.279367836,0.007657873
1609060453.429046154,-15.846562315,11.764719374,4.283864419,-15.876571447,11.766226052,4.287474839,0.030263067
1609060453.481620073,-15.880881554,11.775889377,4.290571755,-15.904351310,11.775736265,4.298611467,0.024809068
1609060453.530162096,-15.910686336,11.786088672,4.297169866,-15.930894707,11.787284551,4.303854233,0.021318752
1609060453.580815077,-15.943357557,11.797084247,4.300867763,-15.958363550,11.796486472,4.308190326,0.016707995
1609060453.629384041,-15.973447240,11.807476406,4.306911314,-15.986488409,11.806501419,4.315149195,0.015455917
1609060453.682363987,-16.006041854,11.819313664,4.317908883,-16.013924670,11.816059434,4.322242293,0.009565941
1609060453.732746124,-16.036293206,11.829418137,4.324994099,-16.040033231,11.824962814,4.327118496,0.006192799
1609060453.780745029,-16.067855334,11.838589810,4.331338144,-16.090585540,11.841230891,4.339523508,0.024303040
1609060453.828164101,-16.095029430,11.846765789,4.338518605,-16.113119661,11.848882228,4.346129680,0.019739915
1609060453.880906105,-16.128107110,11.856305367,4.346655296,-16.136748990,11.856985522,4.352048164,0.010209198
1609060453.931298018,-16.156778442,11.862579016,4.355195375,-16.162288919,11.862648268,4.359047990,0.006724047
1609060453.980770111,-16.183485501,11.867808261,4.362427984,-16.205893276,11.872385300,4.372850172,0.025133238
1609060454.029380083,-16.208176974,11.872401987,4.370030951,-16.226330925,11.875060733,4.378820884,0.020344478
1609060454.081245184,-16.233370444,11.875399543,4.378344568,-16.244493816,11.876505886,4.384554122,0.012787180
1609060454.129816055,-16.255066013,11.876673961,4.386478264,-16.262505686,11.877192280,4.390092535,0.008287361
1609060454.181892157,-16.277393378,11.876638456,4.395873103,-16.279026159,11.876745015,4.396135982,0.001657237
1609060454.230159998,-16.295955985,11.874252299,4.402441484,-16.311902462,11.871299927,4.407340676,0.016941332
1609060454.280667067,-16.314520604,11.871312703,4.408997656,-16.325084084,11.869477109,4.412352823,0.011234485
1609060454.327840090,-16.329900491,11.868675011,4.416118549,-16.338319818,11.867320173,4.417771121,0.008686291
1609060454.380474091,-16.345967450,11.867375587,4.424145221,-16.352058222,11.863918699,4.423283675,0.007056192
1609060454.430658102,-16.360336784,11.862063300,4.431502740,-16.364199007,11.859026064,4.428745014,0.005634414
1609060454.483566999,-16.375358385,11.854269782,4.436741320,-16.387558412,11.846547505,4.439052163,0.014622387
1609060454.531413078,-16.387651622,11.846513838,4.443380498,-16.398453520,11.838850004,4.443082946,0.013247788
1609060454.578727007,-16.397635714,11.839521134,4.446064786,-16.407805552,11.830139144,4.447844058,0.013950382
1609060454.627688169,-16.405671723,11.828646120,4.452046798,-16.415417812,11.821380331,4.454084266,0.012325958
1609060454.680584192,-16.416824625,11.816622752,4.455184695,-16.423564531,11.810056218,4.458538233,0.009989590
1609060454.731364012,-16.424604938,11.803377885,4.461205143,-16.430576477,11.797607045,4.462358244,0.008384003
1609060454.781885147,-16.431994825,11.787457060,4.468441623,-16.441101018,11.772282692,4.473168483,0.018317407
1609060454.831376076,-16.436753121,11.771405594,4.474099395,-16.445576225,11.758235358,4.480034833,0.016927247
1609060454.881854057,-16.441198198,11.752555828,4.480369913,-16.447891870,11.743078402,4.484318096,0.012256223
1609060454.934195042,-16.443601150,11.732328251,4.486249046,-16.449339954,11.728654893,4.488485993,0.007171566
1609060454.985146046,-16.445982420,11.710772013,4.494073974,-16.452291104,11.711356378,4.495191672,0.006433523
1609060455.032769203,-16.446107073,11.689026583,4.499816949,-16.451885256,11.677209674,4.503218143,0.013586569
1609060455.088777065,-16.446064904,11.662031204,4.506627625,-16.450795112,11.658726875,4.507904414,0.005909623
1609060455.134570122,-16.443745138,11.640827590,4.512818322,-16.448764892,11.638146958,4.512902542,0.005691292
1609060455.183914185,-16.440803319,11.615592681,4.517988691,-16.445223275,11.617394316,4.517028021,0.004868756
1609060455.233921051,-16.436834878,11.589565289,4.522155472,-16.441573479,11.597021454,4.521185369,0.008887623
1609060455.281438112,-16.431742010,11.564085199,4.526807196,-16.431255860,11.549690102,4.529829753,0.014717031
1609060455.329286098,-16.424357013,11.536697218,4.532062097,-16.431255808,11.549689206,4.529826815,0.014878899
1609060455.380719185,-16.415228899,11.507535723,4.537747564,-16.415795333,11.500663656,4.540816087,0.007547317
1609060455.428884983,-16.405543266,11.477792005,4.544304949,-16.407432843,11.472806416,4.546400200,0.005728584
1609060455.480583191,-16.394316084,11.444875157,4.551895782,-16.397893514,11.445595310,4.552441449,0.003689767
1609060455.532083988,-16.382228164,11.411406288,4.558497113,-16.388513102,11.417471797,4.558676906,0.008736314
1609060455.580499172,-16.370582061,11.379908851,4.562577835,-16.365968706,11.357033524,4.572077005,0.025195195
1609060455.628786087,-16.357201945,11.346250963,4.569054777,-16.353860533,11.326786666,4.578735111,0.021993926
1609060455.680741072,-16.342787632,11.311500949,4.580738874,-16.340782622,11.296881673,4.586335830,0.015781927
1609060455.731168985,-16.327426333,11.275820094,4.590433232,-16.327714231,11.266051679,4.594105581,0.010439873
1609060455.779289007,-16.313800679,11.242704956,4.599955650,-16.314509837,11.234181419,4.602571278,0.008943998
1609060455.829546213,-16.296375627,11.205734455,4.609896077,-16.299793202,11.202781824,4.610427676,0.004547576
1609060455.880892038,-16.279302503,11.169753731,4.619653231,-16.269110843,11.136057388,4.627673649,0.036105963
1609060455.928446054,-16.262388243,11.135007469,4.629063730,-16.253209242,11.103537868,4.636069117,0.033521117
1609060455.979711056,-16.244590303,11.089150182,4.639505407,-16.238871051,11.071772141,4.644312498,0.018915980
1609060456.029316187,-16.226403431,11.050490130,4.649236504,-16.223415436,11.039899689,4.652542963,0.011489919
1609060456.081103086,-16.206383421,11.009876469,4.659251143,-16.208156652,11.007679533,4.660683008,0.003165614
1609060456.132400036,-16.185767315,10.969082694,4.668593489,-16.191639183,10.975816571,4.668562270,0.008934478
1609060456.179992199,-16.167399949,10.938247101,4.677020538,-16.157796425,10.907496719,4.685450575,0.033299838
1609060456.229928017,-16.147301761,10.898005913,4.683349183,-16.140728603,10.875105786,4.693610322,0.025940570
1609060456.280745983,-16.125832387,10.857391507,4.691576917,-16.123735753,10.841431982,4.701016051,0.018660106
1609060456.328821182,-16.105771807,10.818787481,4.699359118,-16.104808157,10.804810708,4.706757848,0.015843611
1609060456.375164032,-16.087170882,10.781587822,4.706540877,-16.084498735,10.768000893,4.712347292,0.015015307
1609060456.426805019,-16.064741345,10.740472679,4.712698486,-16.066081783,10.734851889,4.717837341,0.007732909
1609060456.485151052,-16.039362913,10.694279249,4.719461793,-16.028463984,10.667867936,4.724941724,0.029092504
1609060456.528421164,-16.019578880,10.659804681,4.724493800,-16.008864522,10.634156633,4.728401650,0.028069398
1609060456.579080105,-15.997476371,10.619892510,4.730624617,-15.990670922,10.602741379,4.732610770,0.018558562
1609060456.627412081,-15.974451574,10.581060262,4.735025206,-15.972014553,10.570677111,4.735667267,0.010684622
1609060456.680670023,-15.950160445,10.539415752,4.738499228,-15.951357619,10.537472364,4.739038063,0.002345278
1609060456.726881981,-15.926570391,10.501990022,4.742277090,-15.911276502,10.472812250,4.743935631,0.032984787
1609060456.779075146,-15.898884224,10.462852552,4.745146280,-15.888008207,10.438981291,4.746652244,0.026275326
1609060456.827740192,-15.871933107,10.424371693,4.747987632,-15.864701641,10.407843630,4.748150770,0.018041552
1609060456.878676176,-15.845502207,10.386819707,4.746179044,-15.844909246,10.374689299,4.749419130,0.012569668
1609060456.929023027,-15.815816202,10.347756089,4.747012973,-15.794618072,10.309735200,4.751027926,0.043715769
1609060456.978980064,-15.787968303,10.310134481,4.751229411,-15.769524894,10.277798990,4.751943189,0.037232417
1609060457.027249098,-15.758032374,10.273035619,4.751758165,-15.742994135,10.244474693,4.751847094,0.032278213
1609060457.078922987,-15.724007290,10.228850970,4.751536947,-15.715706132,10.211430291,4.751787177,0.019299012
1609060457.129274130,-15.689241296,10.189083022,4.751207119,-15.687956111,10.179245100,4.751378746,0.009922997
1609060457.172206163,-15.658199025,10.154786874,4.748191620,-15.658115731,10.146042593,4.750561221,0.009060044
1609060457.221413136,-15.622488698,10.116913263,4.746626892,-15.599416833,10.084237104,4.748321554,0.040036411
1609060457.273039103,-15.584367719,10.079815546,4.742849310,-15.569527710,10.054360553,4.746943220,0.029747985
1609060457.322131157,-15.547095459,10.043758604,4.740849922,-15.534038794,10.020919174,4.745053148,0.026641756
1609060457.371599197,-15.508109238,10.007088773,4.738656336,-15.498056509,9.988150154,4.742591255,0.021799363
1609060457.428241014,-15.461350903,9.966035359,4.735812090,-15.463250915,9.958568815,4.740408152,0.008971239
1609060457.479582071,-15.418931419,9.929962759,4.734320241,-15.396926107,9.904329613,4.735617078,0.033807895
1609060457.528037071,-15.377672642,9.897121625,4.730565061,-15.361904715,9.873572028,4.733535370,0.028496206
1609060457.578487158,-15.335643873,9.865475482,4.725576709,-15.323927748,9.850318176,4.730504218,0.019781098
1609060457.627092123,-15.291858763,9.834900705,4.722159341,-15.288387265,9.824531773,4.728201030,0.012492720
1609060457.679813147,-15.244587397,9.803932190,4.718777057,-15.249872115,9.800057096,4.724672320,0.008814689
1609060457.727046013,-15.199856015,9.775700829,4.715503013,-15.175087915,9.752918041,4.718819197,0.033815843
1609060457.778679132,-15.153952384,9.748515910,4.711989146,-15.134251350,9.728387234,4.716406481,0.028509774
1609060457.827083111,-15.107500500,9.722108355,4.708889503,-15.095036583,9.707495415,4.713090766,0.019660566
1609060457.879731178,-15.059317088,9.695505319,4.708967280,-15.056877904,9.685121436,4.710308076,0.010750459
1609060457.929150105,-15.010906178,9.670429777,4.707020417,-14.973025071,9.643731436,4.704484350,0.046413482
1609060457.979729176,-14.964367686,9.646662946,4.704106224,-14.933762500,9.624220366,4.702403646,0.037990072
1609060458.026831150,-14.917610621,9.624555722,4.702124972,-14.892711920,9.603785413,4.699819938,0.032506372
1609060458.078697205,-14.868442638,9.601704658,4.698070664,-14.850685751,9.584674961,4.697362222,0.024613401
1609060458.137619019,-14.809854201,9.576041145,4.695263709,-14.806188932,9.568063047,4.694107117,0.008855617
1609060458.180298090,-14.762921720,9.555428962,4.693510208,-14.763728855,9.548085407,4.692951004,0.007408912
1609060458.226857185,-14.714650780,9.536077456,4.691845779,-14.679593987,9.513467176,4.688524362,0.041847763
1609060458.276430130,-14.661823417,9.514104413,4.687490176,-14.637982999,9.499937012,4.686689639,0.027743859
1609060458.327916145,-14.606492194,9.493788606,4.684718535,-14.591029902,9.482827091,4.683881660,0.018972022
1609060458.378300190,-14.556715615,9.478986214,4.678595471,-14.544414528,9.465144476,4.681151132,0.018693364
1609060458.428943157,-14.504992883,9.461256340,4.676592356,-14.500511561,9.451156009,4.677758356,0.011111187
1609060458.480785131,-14.450245337,9.443106258,4.672030875,-14.417867952,9.425696358,4.671379646,0.036767156
1609060458.527002096,-14.401779469,9.428111675,4.667356334,-14.374465707,9.412427499,4.667098710,0.031497640
1609060458.579663992,-14.348497726,9.413314341,4.660959819,-14.332550712,9.400114999,4.663915977,0.020910972
1609060458.628001213,-14.299377972,9.399674310,4.657166472,-14.290927671,9.390786726,4.660172111,0.012626584
1609060458.680536985,-14.248064019,9.386979184,4.655254396,-14.248446230,9.378475039,4.656425264,0.008592874
1609060458.733805180,-14.194578822,9.372777827,4.651244015,-14.165542234,9.355061536,4.649115840,0.034081072
1609060458.778982162,-14.149509261,9.360532838,4.647772172,-14.121778656,9.344435045,4.645939506,0.032116726
1609060458.827742100,-14.099623620,9.347633922,4.643990764,-14.081514865,9.334229124,4.641827115,0.022633979
1609060458.879104137,-14.048838937,9.335342150,4.640006624,-14.040624282,9.322846915,4.638355848,0.015044485
1609060458.930878162,-13.996447333,9.321944664,4.636189655,-13.997629350,9.312952424,4.634649096,0.009199504
1609060458.980327129,-13.950008007,9.310311439,4.634976237,-13.912954275,9.292428719,4.628690753,0.041620644
1609060459.026729107,-13.903969377,9.298572912,4.632177669,-13.874373684,9.282950993,4.624899749,0.034247884
1609060459.080546141,-13.852873988,9.285967089,4.629632485,-13.832300750,9.272429398,4.621580870,0.025910532
1609060459.127784014,-13.805869427,9.274024148,4.626168933,-13.787354526,9.264045380,4.617573826,0.022721207
1609060459.181243181,-13.754890507,9.263467497,4.620815500,-13.744319587,9.253481224,4.613787054,0.016151441
1609060459.227688074,-13.708774497,9.252486619,4.617059583,-13.664241669,9.233885836,4.605778938,0.049562232
1609060459.279424191,-13.652742350,9.238675052,4.612261879,-13.622607463,9.225626790,4.602073035,0.034382860
1609060459.328384161,-13.602262061,9.226928619,4.608031360,-13.580473672,9.216612176,4.598149290,0.026054140
1609060459.388609171,-13.540086668,9.211434091,4.600283850,-13.536532121,9.205174913,4.593804835,0.009684511
1609060459.433518171,-13.491866919,9.200691401,4.596382276,-13.493376982,9.196349766,4.589960429,0.007897482
1609060459.486275196,-13.441217145,9.193295954,4.590730399,-13.409527913,9.180518904,4.582862162,0.035062368
1609060459.533322096,-13.392386324,9.184504289,4.584710200,-13.367717740,9.170520362,4.579214058,0.028884196
1609060459.579319000,-13.343315595,9.174715681,4.580392377,-13.325809469,9.161142178,4.576396402,0.022509380
1609060459.627422094,-13.292124518,9.164640868,4.576801436,-13.283693429,9.154927585,4.573967391,0.013170533
1609060459.680034161,-13.239293399,9.153631143,4.574542967,-13.239950782,9.146375315,4.571436840,0.007920052
1609060459.728425026,-13.188080104,9.144470314,4.570923071,-13.153327753,9.129485623,4.566198986,0.038139007
1609060459.779250145,-13.136935086,9.136650231,4.566836144,-13.107856376,9.122257533,4.564577931,0.032524155
1609060459.827799082,-13.085772735,9.127872839,4.563767576,-13.062401589,9.114716482,4.562959683,0.026831938
1609060459.879274130,-13.032817245,9.118188659,4.560917426,-13.018979636,9.106370167,4.560599393,0.018200476
1609060459.927618980,-12.980804786,9.110173502,4.557979837,-12.972395304,9.099800095,4.557925888,0.013354021
1609060459.983558178,-12.922008409,9.101973702,4.555858192,-12.877701363,9.087123260,4.554346828,0.046753975
1609060460.025993109,-12.875924942,9.095190457,4.553351935,-12.835885915,9.078790160,4.552778567,0.043271494
1609060460.077687025,-12.821608362,9.087666501,4.549520309,-12.792757934,9.072175797,4.550619857,0.032764586
1609060460.131011009,-12.762656219,9.079899864,4.546446904,-12.743829666,9.067022551,4.549023320,0.022954350
1609060460.180317163,-12.711538292,9.073375232,4.543702191,-12.697677069,9.062403164,4.548077305,0.018211573
1609060460.228507996,-12.657804815,9.066951144,4.542054618,-12.608208510,9.049923071,4.546428084,0.052620109
1609060460.278956175,-12.604234250,9.059921169,4.543752991,-12.560107199,9.045792253,4.546281530,0.046402763
1609060460.329240084,-12.547988250,9.053671416,4.543174685,-12.512095174,9.041133180,4.546099615,0.038132341
1609060460.378509045,-12.485449135,9.044638681,4.542445435,-12.464203452,9.036152406,4.545371042,0.023064152
1609060460.428874016,-12.425276992,9.038310155,4.541920386,-12.418819552,9.031225254,4.544377065,0.009895940
1609060460.480195045,-12.364188251,9.033139546,4.542514169,-12.320331795,9.023729339,4.545093707,0.044928775
1609060460.526538134,-12.307356548,9.028066178,4.542539458,-12.272813456,9.018982064,4.544770325,0.035787191
1609060460.578445196,-12.250325299,9.025193948,4.540968969,-12.225891787,9.013911162,4.544275166,0.027115101
1609060460.625929117,-12.194441207,9.021302873,4.541722807,-12.179492860,9.011670397,4.543949672,0.017921958
1609060460.680358171,-12.128064635,9.016839239,4.541727774,-12.128949837,9.009682358,4.544934256,0.007892151
1609060460.727480173,-12.070325377,9.013748784,4.541293448,-12.035764900,9.003080532,4.545133176,0.036372815
1609060460.778958082,-12.010276389,9.011675386,4.540111314,-11.984997027,9.000636505,4.545347657,0.028077079
1609060460.828413010,-11.950239291,9.009354116,4.539903821,-11.935488093,8.999456692,4.546147266,0.018829165
1609060460.880685091,-11.889423506,9.008227228,4.539967065,-11.888334369,8.998749550,4.545921481,0.011245785
1609060460.929251194,-11.832074418,9.006927989,4.541999315,-11.792142997,8.995483228,4.547982001,0.041967767
1609060460.978983164,-11.774644704,9.006388111,4.545542183,-11.742670188,8.995525958,4.550137293,0.034080362
1609060461.027152061,-11.716134337,9.005831752,4.547919416,-11.693399797,8.994243896,4.553348213,0.026088494
1609060461.079848051,-11.658312562,9.005155457,4.551176449,-11.645428207,8.992801260,4.555419568,0.018347666
1609060461.127817154,-11.600645522,9.005231543,4.554149957,-11.599227557,8.992951808,4.557512231,0.012810442
1609060461.179355145,-11.544187708,9.006046229,4.557981098,-11.497081332,8.995387205,4.563185410,0.048576849
1609060461.226543188,-11.487842880,9.007080008,4.561025830,-11.450138308,8.995223896,4.566043509,0.039841929
1609060461.278989077,-11.428969911,9.009017246,4.564550887,-11.401073723,8.995902185,4.567937211,0.031010794
1609060461.327422142,-11.371497630,9.011210317,4.567378106,-11.342489845,9.001448335,4.569969760,0.030715867
1609060461.380146027,-11.312274386,9.014546250,4.569387602,-11.287440709,9.005351737,4.572328995,0.026643994
1609060461.428488016,-11.255495643,9.018244265,4.571847723,-11.238776944,9.007515813,4.574077218,0.019989629
1609060461.480466127,-11.188694446,9.021796855,4.575046977,-11.143168379,9.015799045,4.576046734,0.045930338
1609060461.526633978,-11.131738809,9.026345458,4.577063649,-11.091407636,9.022628286,4.577437840,0.040503838
1609060461.578130007,-11.066989215,9.034113036,4.579161045,-11.043087481,9.026911605,4.578532034,0.024970966
1609060461.628714085,-11.002862785,9.041363141,4.581150919,-10.997226174,9.031879182,4.579794723,0.011115581
1609060461.680414200,-10.947247193,9.051056087,4.581923998,-10.945904437,9.039598765,4.580599963,0.011611472
1609060461.726855993,-10.892052167,9.060939479,4.583865221,-10.849735766,9.055903674,4.582602763,0.042633683
1609060461.778423071,-10.828310611,9.072000787,4.584204854,-10.806187283,9.062003082,4.583041718,0.024305321
1609060461.826656103,-10.768012707,9.083389172,4.583724039,-10.758500796,9.072117279,4.582520387,0.014798000
1609060461.881693125,-10.702482699,9.097854036,4.581656438,-10.705757137,9.084210008,4.582690307,0.014069482
1609060461.929234982,-10.643820782,9.110987636,4.580681452,-10.605241593,9.107498079,4.581725524,0.038750754
1609060461.978337049,-10.585924808,9.125152616,4.579725654,-10.605241841,9.107502212,4.581738249,0.026243762
1609060462.026682138,-10.526264102,9.140865596,4.577829164,-10.499543131,9.136359237,4.579143498,0.027130149
1609060462.079570055,-10.463139874,9.158985369,4.575812744,-10.449736490,9.150396813,4.577297229,0.015988048
1609060462.129022121,-10.402827588,9.177345718,4.573049560,-10.403140093,9.164074111,4.574279709,0.013332159
1609060462.180023193,-10.343033402,9.197604094,4.570159607,-10.299234847,9.197678663,4.567741555,0.043865317
1609060462.227467060,-10.283946737,9.217474965,4.566522040,-10.249497302,9.215760842,4.563995056,0.034584497
1609060462.279769182,-10.223561193,9.238916939,4.559500382,-10.199299784,9.232864779,4.559997512,0.025009833
1609060462.330918074,-10.160279614,9.262540551,4.554563114,-10.147979367,9.252787359,4.555340813,0.015717050
1609060462.380113125,-10.104445879,9.285717221,4.550014999,-10.098462022,9.272314671,4.551181709,0.014723997
1609060462.427350998,-10.046595439,9.308979228,4.544745309,-9.997105912,9.314159380,4.541772460,0.049848622
1609060462.479017019,-9.988160824,9.334305913,4.541110533,-9.950902185,9.333420650,4.536553096,0.037546772
1609060462.527957201,-9.927957901,9.360904419,4.535755357,-9.896134576,9.358922602,4.531562784,0.032159435
1609060462.580631018,-9.854604751,9.391269678,4.526807220,-9.844711558,9.383487908,4.526681880,0.012587570
1609060462.628690004,-9.792964665,9.419576124,4.521115744,-9.749109204,9.429521348,4.516845201,0.045171302
1609060462.679250002,-9.732553459,9.452360905,4.515183283,-9.697789029,9.455791429,4.511401900,0.035137344
1609060462.727450132,-9.670518333,9.482991603,4.509304038,-9.645403320,9.484255630,4.506446312,0.025308660
1609060462.779249191,-9.614015642,9.517728751,4.502577407,-9.593004785,9.512704701,4.500926681,0.021666151
1609060462.828996181,-9.556018236,9.553070633,4.497540701,-9.544214309,9.539908826,4.495110005,0.017845844
1609060462.879943132,-9.494290209,9.589694976,4.491242177,-9.448470072,9.597545388,4.485194898,0.046879457
1609060462.929316998,-9.436214106,9.625324001,4.485055615,-9.401056274,9.626347987,4.480240280,0.035500833
1609060462.979207039,-9.379752759,9.661098401,4.478489205,-9.356378727,9.654168459,4.474878735,0.024645587
1609060463.027507067,-9.324155939,9.696667484,4.471452535,-9.311184796,9.682910415,4.469017219,0.019064057
1609060463.080178022,-9.268283286,9.734223655,4.460852982,-9.262582473,9.715455261,4.462872705,0.019718802
1609060463.129511118,-9.214387032,9.771088306,4.451661818,-9.215640307,9.747584797,4.455995941,0.023932618
1609060463.178997993,-9.163331864,9.808694222,4.442458799,-9.128551936,9.809874106,4.438759234,0.034996033
1609060463.226540089,-9.112072597,9.845817861,4.432565339,-9.081891484,9.845481418,4.430558539,0.030249628
1609060463.279219151,-9.061406951,9.886756495,4.422258943,-9.037535387,9.880672873,4.422249008,0.024634571
1609060463.330190182,-9.009175555,9.927978963,4.411488472,-8.995340987,9.914901300,4.413395270,0.019132601
1609060463.379824162,-8.963655813,9.966769387,4.401474162,-8.956491067,9.947599737,4.404486723,0.020685372
1609060463.427031994,-8.917981244,10.005464049,4.391702941,-8.872894099,10.021215480,4.387802177,0.047918411
1609060463.479870081,-8.872297428,10.050197873,4.382390943,-8.837047667,10.054831934,4.380023254,0.035631813
1609060463.529342175,-8.827492358,10.091616621,4.373164740,-8.799957494,10.090711609,4.371890689,0.027579177
1609060463.580952168,-8.785001419,10.132799516,4.368198582,-8.766469078,10.124438614,4.364592000,0.020648481
1609060463.628221035,-8.744101558,10.173243212,4.360815953,-8.693337220,10.199029115,4.350487878,0.057867088
1609060463.677978992,-8.698108460,10.219950042,4.350671688,-8.661278561,10.234466391,4.342395305,0.040443348
1609060463.732715130,-8.651091388,10.269213213,4.341271272,-8.629383090,10.271479908,4.334571952,0.022831316
1609060463.778750181,-8.614852246,10.313710125,4.330855942,-8.592216185,10.314234212,4.325883559,0.023181685
1609060463.828248024,-8.573537566,10.360690897,4.320591777,-8.559984482,10.353648576,4.316895800,0.015714344
1609060463.879996061,-8.540629680,10.410875848,4.307697195,-8.503135004,10.428398039,4.299374919,0.042215378
1609060463.933847189,-8.501664089,10.462721849,4.296585960,-8.471007226,10.471064804,4.290970667,0.032264216
1609060463.980240107,-8.466931166,10.508812349,4.286023535,-8.442146024,10.511778372,4.282359652,0.025229439
1609060464.028326035,-8.432179123,10.557434468,4.274775648,-8.415414465,10.550161621,4.274138378,0.018285353
1609060464.080262184,-8.398138672,10.609042327,4.262662457,-8.388438538,10.591867220,4.264469188,0.019807604
1609060464.130795002,-8.365105708,10.660383177,4.251359020,-8.331818360,10.676691667,4.246498772,0.037384976
1609060464.178006172,-8.336280450,10.707983692,4.240958253,-8.307782356,10.719516865,4.237019114,0.030994714
1609060464.226155043,-8.305189491,10.758465954,4.230441992,-8.281794575,10.763204698,4.226549380,0.024185330
1609060464.277084112,-8.276718677,10.812996972,4.221384582,-8.256148313,10.808389696,4.218787563,0.021239383
1609060464.328767061,-8.244462062,10.869035806,4.210344642,-8.230500970,10.853211247,4.210107369,0.021104148
1609060464.378328085,-8.220218278,10.919252248,4.199953291,-8.209204122,10.897970010,4.200284059,0.023965699
1609060464.427219152,-8.191760835,10.973201458,4.190237329,-8.166935052,10.983832849,4.183284881,0.027886959
1609060464.476723194,-8.168124903,11.026024683,4.179528227,-8.142596493,11.033523714,4.174765858,0.027029897
1609060464.528161049,-8.140062104,11.083644296,4.169239444,-8.122804849,11.079752996,4.165875224,0.018007583
1609060464.584477186,-8.114115051,11.146798057,4.157510063,-8.083694855,11.174034116,4.149290642,0.041650331
1609060464.627368212,-8.091882731,11.196443140,4.149438418,-8.061045879,11.224529869,4.141669070,0.042428040
1609060464.677657127,-8.071633888,11.252280408,4.143078684,-8.042875031,11.272085304,4.134258877,0.036015202
1609060464.725933075,-8.048347179,11.308943996,4.135385891,-8.024958124,11.325401178,4.125920108,0.030124539
1609060464.778755188,-8.021548921,11.378437320,4.123913161,-8.003377908,11.383061784,4.117966236,0.019670721
1609060464.829033136,-7.996770260,11.441340830,4.115639293,-7.984146109,11.436252210,4.110654516,0.014495215
1609060464.881244183,-7.978080516,11.508884481,4.104324892,-7.952501229,11.535664357,4.097062320,0.037738662
1609060464.926936150,-7.956860182,11.568158541,4.096118948,-7.936854613,11.589809618,4.089462846,0.030220781
1609060464.979433060,-7.943112427,11.633095786,4.086926056,-7.919013457,11.643376862,4.082956519,0.026499398
1609060465.026580095,-7.925887327,11.694998155,4.078001411,-7.903584049,11.695281048,4.075754333,0.022417975
1609060465.080960035,-7.904514713,11.767122599,4.067125605,-7.890021346,11.748477992,4.068841718,0.023677502
1609060465.131188154,-7.887131682,11.833259282,4.057196236,-7.861302520,11.858571288,4.053517633,0.036350727
1609060465.178850174,-7.871750702,11.895547499,4.048074876,-7.846624869,11.914823235,4.046420362,0.031711180
1609060465.228109121,-7.855325778,11.961542162,4.038746951,-7.836206744,11.966575783,4.039783978,0.019797733
1609060465.278582096,-7.841776463,12.028757249,4.030114529,-7.821003613,12.023263482,4.032075881,0.021576368
1609060465.329045057,-7.825769226,12.096350335,4.021641187,-7.805467119,12.081033542,4.025235728,0.025684634
1609060465.380448103,-7.811045849,12.164253076,4.015277391,-7.783841204,12.193283229,4.012419532,0.039887465
1609060465.427752018,-7.795629560,12.228958561,4.008442105,-7.773761400,12.249418469,4.005247448,0.030116941
1609060465.479211092,-7.784598845,12.296143953,4.001715039,-7.761162803,12.306129062,4.000168379,0.025521415
1609060465.529885054,-7.769691214,12.364768003,3.994864279,-7.749571712,12.362593189,3.995749367,0.020256050
1609060465.579433203,-7.760874748,12.429185661,3.986591669,-7.741682534,12.414029367,3.990021874,0.024694546
1609060465.628167152,-7.747609215,12.494701522,3.980216797,-7.721984373,12.527850298,3.979389696,0.041906539
1609060465.678918123,-7.739413112,12.561336705,3.973671942,-7.712487221,12.581983015,3.975575349,0.033983771
1609060465.726876020,-7.727733282,12.626586125,3.968391105,-7.702909491,12.646751639,3.970873762,0.032078530
1609060465.780047178,-7.719516200,12.695862155,3.964935866,-7.696461117,12.709271298,3.966087151,0.026695832
1609060465.828760147,-7.708704514,12.762859590,3.960568772,-7.687496435,12.768804120,3.962030878,0.022073917
1609060465.880266190,-7.700250836,12.840385797,3.954765790,-7.674787331,12.881585400,3.955320544,0.048436609
1609060465.932221174,-7.689712118,12.914467991,3.949843292,-7.670386890,12.939271095,3.950884241,0.031460165
1609060465.979675055,-7.684693898,12.983052130,3.944353811,-7.664354875,12.998160751,3.947374503,0.025516090
1609060466.027986050,-7.675770169,13.053375921,3.940228211,-7.658058977,13.055317076,3.945342414,0.018536706
1609060466.079845190,-7.675277037,13.126241852,3.939092423,-7.655478246,13.113152937,3.942266948,0.023945551
1609060466.161890984,-7.669163329,13.244820760,3.939226763,-7.649647715,13.225076472,3.938728446,0.027765886
1609060466.229519129,-7.663491432,13.342885802,3.940975284,-7.644238094,13.340409802,3.940491218,0.019417927
1609060466.280148983,-7.662128441,13.414367447,3.943092135,-7.642065603,13.402334862,3.941853645,0.023427215
1609060466.328636169,-7.659853343,13.485420474,3.944658067,-7.637892520,13.523221598,3.944831944,0.043717650
1609060466.378987074,-7.660626048,13.557434750,3.946238278,-7.638837449,13.581336996,3.945451341,0.032352429
1609060466.429597139,-7.660529928,13.630844238,3.947869334,-7.640327205,13.641644456,3.946415281,0.022954498
1609060466.479005098,-7.662909377,13.700515144,3.949268308,-7.640287330,13.702653982,3.947766746,0.022772490
1609060466.527721167,-7.662348392,13.771421628,3.950723677,-7.640276970,13.763592017,3.949050095,0.023478742
1609060466.581521034,-7.667094708,13.847251397,3.951445610,-7.643348383,13.825623907,3.950002201,0.032151512
1609060466.628607988,-7.667985681,13.915743204,3.952644865,-7.648655742,13.946375672,3.952036450,0.036226576
1609060466.679336071,-7.672926092,13.987091935,3.955137291,-7.651214824,14.005348979,3.953010481,0.028446830
1609060466.727976084,-7.674937175,14.057508171,3.956324968,-7.655654503,14.072314747,3.953670839,0.024456094
1609060466.779019117,-7.681965185,14.128566720,3.957864983,-7.661941593,14.139831346,3.954052529,0.023288856
1609060466.829914093,-7.685074481,14.202615780,3.958673970,-7.666365117,14.202213109,3.954297572,0.019218619
1609060466.880611181,-7.694636269,14.273893338,3.958905421,-7.675600331,14.323181295,3.956183963,0.052906294
1609060466.928917170,-7.699578234,14.344092934,3.959224340,-7.682904483,14.384827132,3.956589413,0.044093443
1609060466.979152203,-7.709083169,14.425106125,3.957834262,-7.690395085,14.445699268,3.956917654,0.027823770
1609060467.028021097,-7.715408468,14.498691144,3.957760587,-7.695723169,14.504413534,3.957789793,0.020500185
1609060467.080524206,-7.727895758,14.579236907,3.958248829,-7.704941107,14.566309023,3.957960188,0.026346337
1609060467.126882076,-7.735212896,14.650804824,3.957970155,-7.723285108,14.683202142,3.957692557,0.034524417
1609060467.180591106,-7.751569603,14.727769365,3.958750566,-7.732559487,14.744790989,3.957563571,0.025544651
1609060467.226670980,-7.764872179,14.795416867,3.960082409,-7.742253432,14.806747022,3.957166336,0.025465341
1609060467.279661179,-7.777438445,14.876425495,3.959057019,-7.754039387,14.864952461,3.955612438,0.026287099
1609060467.329204082,-7.790319602,14.951335542,3.957313954,-7.776893914,14.987524078,3.953406659,0.038795956
1609060467.379631042,-7.805612229,15.024536123,3.955355429,-7.789316840,15.048604160,3.952736309,0.029183384
1609060467.427987099,-7.819736109,15.097195563,3.953551785,-7.804026454,15.109519347,3.950657393,0.020175392
1609060467.479583025,-7.839497252,15.170243192,3.951597120,-7.818285332,15.170692167,3.949341389,0.021336248
1609060467.528842211,-7.856252581,15.242904981,3.949574517,-7.833008849,15.233021650,3.948023730,0.025305261
1609060467.580595016,-7.877510124,15.316952649,3.946815615,-7.848872320,15.295756716,3.946809462,0.035628519
1609060467.627780199,-7.893943106,15.385942079,3.945264399,-7.883060313,15.415574873,3.944511322,0.031576966
1609060467.693520069,-7.921765208,15.476035331,3.941576454,-7.899339063,15.474197177,3.943121133,0.022554308
1609060467.770143986,-7.959101932,15.582962757,3.938836206,-7.942621700,15.607356407,3.939900943,0.029458138
1609060467.835719109,-7.988089755,15.675290945,3.936528463,-7.982528999,15.726526662,3.937452147,0.051544873
1609060467.886023998,-8.015474636,15.741570919,3.938783387,-8.003724186,15.782830398,3.936972877,0.042938277
1609060467.932846069,-8.037936223,15.806244297,3.939690358,-8.026640437,15.843592727,3.937923513,0.039059208
1609060467.978756189,-8.063078145,15.868467211,3.939395549,-8.049428659,15.900782745,3.938458968,0.035092441
1609060468.027256012,-8.087915942,15.934405490,3.940680719,-8.070637366,15.955357287,3.939989159,0.027166252
1609060468.081122160,-8.118751576,16.020011355,3.943522607,-8.095741676,16.013098510,3.940697170,0.024191445
1609060468.129112005,-8.145058370,16.087601710,3.945528687,-8.146207499,16.125404538,3.943836765,0.037858116
1609060468.179625988,-8.179955534,16.155032426,3.947040673,-8.173937808,16.182400761,3.945090583,0.028089885
1609060468.227814198,-8.208759674,16.222157484,3.949003101,-8.202065866,16.238326226,3.946439385,0.017686377
1609060468.278457165,-8.248246464,16.272647433,3.948718842,-8.229395024,16.292596072,3.948328750,0.027449539
1609060468.327484131,-8.281535278,16.335836553,3.949915778,-8.257771326,16.345503004,3.951072205,0.025680791
1609060468.380009174,-8.317136746,16.404375265,3.952722952,-8.287505127,16.398878153,3.952520259,0.030137887
1609060468.427757025,-8.351275379,16.464514440,3.955127850,-8.347240913,16.500980457,3.958715848,0.036863547
1609060468.477749109,-8.390384979,16.522851420,3.956554684,-8.375608447,16.547492171,3.961599176,0.029171209
1609060468.527155161,-8.426257053,16.582782487,3.959387174,-8.409618949,16.601981928,3.964719228,0.025959119
1609060468.571753025,-8.460089638,16.632005963,3.962696790,-8.444928862,16.655764230,3.967760782,0.028634741
1609060468.623512030,-8.497982789,16.691812982,3.966045994,-8.477257715,16.703512758,3.970018770,0.024128746
1609060468.674556017,-8.539211847,16.747092949,3.969557424,-8.510518950,16.749574402,3.973029294,0.029008513
1609060468.722122192,-8.576288136,16.800429088,3.972143513,-8.580714052,16.840959433,3.976876549,0.041045088
1609060468.779278040,-8.623257253,16.859271085,3.974575531,-8.614430740,16.882049396,3.979635063,0.024947098
1609060468.825678110,-8.660848372,16.907941089,3.977336064,-8.650507965,16.924926380,3.981492648,0.020315052
1609060468.881869078,-8.710981907,16.962467603,3.980022077,-8.689894954,16.967036524,3.984392925,0.022014517
1609060468.928879976,-8.751544243,17.009607706,3.982666209,-8.767666502,17.046089394,3.987895346,0.040226666
1609060468.978708029,-8.797449177,17.054057736,3.985375572,-8.807324779,17.086239770,3.990137175,0.033998289
1609060469.026169062,-8.841250006,17.098955372,3.987668713,-8.848862446,17.125311396,3.991852956,0.027750624
1609060469.079028130,-8.892559397,17.144322209,3.990067420,-8.891653811,17.162849390,3.993485508,0.018861597
1609060469.128238201,-8.940336038,17.187820948,3.991995228,-8.933983797,17.196315838,3.995579928,0.011196614
1609060469.179890156,-9.000885307,17.239468653,3.994095508,-9.025731756,17.269583474,3.998841166,0.039328993
1609060469.227359056,-9.052084500,17.281905795,3.995933611,-9.072683868,17.300127417,4.001264338,0.028013892
1609060469.277248144,-9.114902615,17.322094249,4.000233221,-9.123354334,17.332769529,4.002631380,0.013825495
1609060469.330085039,-9.178527166,17.367502085,4.002694273,-9.173423211,17.363379052,4.004962384,0.006942196
1609060469.379516125,-9.242053008,17.394162722,4.005125255,-9.222018333,17.394228995,4.007545634,0.020180457
1609060469.428099155,-9.307072756,17.428369599,4.006863126,-9.330857603,17.451431012,4.014023302,0.033894185
1609060469.478720188,-9.375179955,17.465115187,4.011486721,-9.385592341,17.478766272,4.017061037,0.018051119
1609060469.527437210,-9.442685788,17.498509854,4.015862376,-9.442576240,17.506771468,4.022325024,0.010489617
1609060469.582027197,-9.518949378,17.531365615,4.020525032,-9.498105375,17.533058604,4.025753148,0.021556248
1609060469.630171061,-9.587734151,17.559891993,4.024609002,-9.620467704,17.578344432,4.032214717,0.038338296
1609060469.679854155,-9.659712198,17.586683273,4.028802897,-9.681520272,17.602320852,4.036624922,0.027951923
1609060469.728006124,-9.731589030,17.612617944,4.033234107,-9.743326076,17.624550244,4.040974455,0.018440472
1609060469.779536009,-9.810183367,17.636988379,4.038292266,-9.807843472,17.646027804,4.043724167,0.010802401
1609060469.828714132,-9.885198197,17.660591237,4.042459394,-9.872459139,17.663303392,4.046628384,0.013675521
1609060469.880279064,-9.964223562,17.682523666,4.046133867,-10.002519870,17.702155725,4.054488997,0.043838717
1609060469.928411007,-10.038834521,17.703455263,4.049998132,-10.070469049,17.718933949,4.057182746,0.035943731
1609060469.979132175,-10.120138545,17.720155372,4.056467947,-10.136687754,17.733080092,4.059388374,0.021200321
1609060470.027426004,-10.196556176,17.738084207,4.060667323,-10.203654577,17.747458362,4.062130100,0.011849127
1609060470.081245184,-10.280896239,17.753022794,4.062739696,-10.272969228,17.762230163,4.066985671,0.012870176
1609060470.129621983,-10.357454057,17.768148980,4.066387012,-10.408504297,17.786891993,4.071722148,0.054643309
1609060470.178888083,-10.434363220,17.781065617,4.069330226,-10.479382317,17.798049073,4.073655571,0.048310097
1609060470.228217125,-10.512475846,17.793980542,4.072544753,-10.547146504,17.810588420,4.077489275,0.038759831
1609060470.278670073,-10.607062092,17.807733410,4.076491326,-10.615106743,17.819913283,4.080153564,0.015049176
1609060470.328602076,-10.689510796,17.819259228,4.079608006,-10.681661190,17.826144387,4.082318805,0.010787500
1609060470.379962206,-10.775607325,17.828668734,4.080978442,-10.815588995,17.842415057,4.084482464,0.042423738
1609060470.428395987,-10.855509214,17.837816778,4.083101229,-10.880400523,17.847006377,4.087472652,0.026891176
1609060470.478901148,-10.932194185,17.840316584,4.082959390,-10.948860664,17.852120538,4.087950110,0.021024085
1609060470.534272194,-11.021657127,17.845422920,4.083838803,-11.016807465,17.854097043,4.088975804,0.011186975
1609060470.579819202,-11.094303372,17.850045601,4.084309658,-11.075871464,17.859720220,4.088238406,0.021184158
1609060470.629103184,-11.171940620,17.853280126,4.083715591,-11.204413268,17.864848829,4.088532452,0.034806751
1609060470.679993153,-11.250713837,17.854295106,4.081761598,-11.266912865,17.864624762,4.087440618,0.020034010
1609060470.733728170,-11.333540190,17.853650169,4.081480833,-11.337105380,17.864640012,4.086209972,0.012484069
1609060470.778460979,-11.401142920,17.852627951,4.080859328,-11.405431186,17.865183825,4.085359581,0.014010405
1609060470.828742981,-11.475865203,17.850994388,4.079039854,-11.469384622,17.862278387,4.083692656,0.013819375
1609060470.881497145,-11.552113859,17.847042738,4.076365431,-11.588042915,17.854633814,4.080310450,0.036933517
1609060470.927678108,-11.617196891,17.842877867,4.074423086,-11.646757947,17.850746163,4.078345573,0.030840753
1609060471.020473003,-11.743480168,17.830610571,4.068821175,-11.763253446,17.837131612,4.074045685,0.021466299
1609060471.085931063,-11.832431344,17.818407619,4.065941715,-11.874762272,17.823032063,4.069285357,0.042713848
1609060471.133906126,-11.895936998,17.809389178,4.063327537,-11.932035811,17.813579609,4.067144687,0.036541137
1609060471.179148197,-11.952941094,17.798728491,4.061863233,-11.991399867,17.800347692,4.065184323,0.038635847
1609060471.228013039,-12.015635137,17.786611690,4.059575406,-12.045102960,17.788847231,4.063063685,0.029757660
1609060471.278729200,-12.080241271,17.770728819,4.056782640,-12.095900932,17.778153859,4.060980571,0.017831960
1609060471.328710079,-12.141975292,17.755415026,4.055059418,-12.150925121,17.763664088,4.059754289,0.013045624
1609060471.380196095,-12.217236032,17.736409804,4.060950005,-12.258816463,17.729000596,4.056445076,0.042474969
1609060471.428129196,-12.277775013,17.718397830,4.061442993,-12.305847346,17.712432268,4.055623410,0.029283295
1609060471.479714155,-12.344176236,17.691513307,4.056534758,-12.355290462,17.693469998,4.054570448,0.011454832
1609060471.529009104,-12.404816002,17.667837253,4.057023145,-12.407237475,17.669817704,4.053797808,0.004493163
1609060471.582780123,-12.463014162,17.631608414,4.049452989,-12.453881723,17.647530233,4.053129313,0.018719538
1609060471.629180193,-12.517355813,17.602288185,4.047046391,-12.546968084,17.597288060,4.051314386,0.030333209
1609060471.679857016,-12.576782956,17.569315436,4.044826192,-12.591980429,17.570100165,4.049418208,0.015895458
1609060471.727349043,-12.630799406,17.535842962,4.042129429,-12.643922713,17.536417986,4.047530657,0.014202996
1609060471.778539181,-12.685452190,17.496344572,4.038841623,-12.691808206,17.502626394,4.044888284,0.010789919
1609060471.828935146,-12.739572343,17.455973004,4.035718908,-12.735226475,17.468687474,4.042493025,0.015047690
1609060471.880558014,-12.793663926,17.412026216,4.032526297,-12.781383472,17.431120208,4.040470128,0.024051913
1609060471.928007126,-12.842441675,17.369032950,4.030976891,-12.865698634,17.355021569,4.035765813,0.027570614
1609060471.979415178,-12.892989766,17.318638094,4.031799793,-12.904153746,17.315089840,4.033690814,0.011865939
1609060472.028941154,-12.939802556,17.268712794,4.029768556,-12.943366789,17.272942420,4.030817875,0.005629792
1609060472.082103014,-12.986956968,17.212612546,4.027124931,-12.984040498,17.226792189,4.028791151,0.014572040
1609060472.129687071,-13.029043712,17.159677434,4.025720952,-13.058477580,17.132398251,4.024476668,0.040150401
1609060472.179258108,-13.070910785,17.103180338,4.022300340,-13.095002441,17.082018473,4.023289181,0.032081307
1609060472.227492094,-13.110612909,17.046532127,4.020585327,-13.129765215,17.031218419,4.020954650,0.024524618
1609060472.279079199,-13.152497410,16.982995183,4.015880864,-13.165804239,16.977267192,4.018565950,0.014734017
1609060472.329487085,-13.190819696,16.919695128,4.014085738,-13.198210148,16.923527987,4.016936766,0.008799884
1609060472.381889105,-13.230299917,16.852139197,4.012136893,-13.263027144,16.810728653,4.016176993,0.052936064
1609060472.429280996,-13.264436222,16.789968291,4.011689181,-13.295769871,16.752006054,4.014728638,0.049317008
1609060472.480375051,-13.310507147,16.712942086,4.006886250,-13.325890175,16.693925766,4.014050814,0.025487035
1609060472.526813030,-13.345164935,16.647815796,4.005289506,-13.357897318,16.628792163,4.013727130,0.024396837
1609060472.580457211,-13.381339916,16.567843124,4.006921773,-13.391863854,16.560793847,4.012284785,0.013755270
1609060472.628858089,-13.415984388,16.496018360,4.005916258,-13.419216977,16.503495159,4.010881634,0.009539765
1609060472.680225134,-13.444122080,16.421675951,4.008035170,-13.471836112,16.381297489,4.011099475,0.049070130
1609060472.726508141,-13.474992541,16.349385572,4.009435115,-13.500065536,16.316798384,4.010673743,0.041135315
1609060472.778885126,-13.509357784,16.268793778,4.009357177,-13.527138203,16.254659280,4.010037857,0.022724231
1609060472.828325987,-13.539687648,16.195724144,4.010905388,-13.550963834,16.194571055,4.009816986,0.011387124
1609060472.881620169,-13.572247341,16.116703381,4.011685925,-13.573186475,16.134299808,4.010820654,0.017642701
1609060472.928589106,-13.600086968,16.046643676,4.012013266,-13.622654266,16.010790353,4.013017523,0.042376317
1609060472.979053020,-13.627882610,15.974278655,4.012111007,-13.647296342,15.946717969,4.013580391,0.033743792
1609060473.028273106,-13.655356029,15.902192296,4.013355566,-13.669269812,15.885904316,4.016082454,0.021594619
1609060473.079199076,-13.682385104,15.828161986,4.013688155,-13.692742335,15.824451124,4.017837622,0.011758435
1609060473.127213001,-13.708189361,15.758810147,4.016577223,-13.716994343,15.763619272,4.020416241,0.010742135
1609060473.180847168,-13.736347004,15.682245271,4.023414571,-13.758835505,15.643297116,4.025682750,0.045031501
1609060473.228025198,-13.759336198,15.616461903,4.027041793,-13.778090577,15.588176855,4.028614797,0.033974182
1609060473.279670000,-13.783337377,15.544588348,4.028494073,-13.800297334,15.527322086,4.032037056,0.024460513
1609060473.329110146,-13.806148870,15.478045662,4.032087901,-13.820307195,15.469661751,4.034377734,0.016612991
1609060473.380846024,-13.828313706,15.410258091,4.035910043,-13.835462356,15.419139627,4.037724621,0.011544591
1609060473.428627014,-13.847646502,15.349681726,4.038906224,-13.870924459,15.309350387,4.043785290,0.046821848
1609060473.479654074,-13.867839578,15.284859980,4.045512618,-13.887641470,15.258384670,4.046199945,0.033068556
1609060473.528223991,-13.885741354,15.225044673,4.048384398,-13.903700121,15.201379134,4.049365516,0.029724361
1609060473.579666138,-13.906530390,15.155187314,4.052968117,-13.919691890,15.144488972,4.051641478,0.017012924
1609060473.629147053,-13.923330658,15.095427698,4.055625363,-13.935862675,15.092483908,4.053998730,0.012975488
1609060473.680805206,-13.938412959,15.033264460,4.056551955,-13.960110003,14.999357918,4.056254290,0.040255484
1609060473.728483200,-13.951933841,14.978968899,4.057625758,-13.971128108,14.953992888,4.057634593,0.031499541
1609060473.778892040,-13.961884185,14.927245299,4.057398820,-13.980155668,14.910468594,4.059712587,0.024913017
1609060473.832645178,-13.974242633,14.869899183,4.059866800,-13.991371917,14.869005473,4.061388272,0.017219929
1609060473.888217211,-13.985073891,14.814395926,4.062621626,-14.003847868,14.790641485,4.065875915,0.030452029
1609060473.933340073,-13.992550858,14.772403201,4.063427232,-14.010666967,14.753786209,4.067941392,0.026365951
1609060473.979749203,-13.999165979,14.730510708,4.064636204,-14.014951386,14.717729534,4.070527284,0.021148104
1609060474.028207064,-14.004325412,14.688970319,4.066510545,-14.019361168,14.682774786,4.072408931,0.017298831
1609060474.084556103,-14.008700055,14.642417223,4.069234748,-14.020854953,14.650138367,4.074540783,0.015346388
1609060474.137107134,-14.009654504,14.604338573,4.072772025,-14.025667367,14.586728158,4.077712373,0.024309371
1609060474.179860115,-14.010035688,14.574633522,4.075297830,-14.025748220,14.560825081,4.081759794,0.021893234
1609060474.228349209,-14.009674151,14.542352827,4.078809258,-14.023774947,14.533542733,4.084634951,0.017617857
1609060474.277875185,-14.009143658,14.510349923,4.083223517,-14.021794988,14.507206336,4.087198654,0.013628646
1609060474.327560186,-14.006496658,14.480753965,4.086529137,-14.021318301,14.482493515,4.089954925,0.015311536
1609060474.380293131,-14.004402061,14.451864590,4.087878838,-14.014118083,14.434949908,4.093484739,0.020296149
1609060474.427479029,-14.000547356,14.427328652,4.090670537,-14.011067223,14.414863738,4.098026221,0.017892674
1609060474.477905989,-13.995050415,14.403084822,4.093657959,-14.006580471,14.393281400,4.100027114,0.016419969
1609060474.528779030,-13.989110548,14.379851460,4.096011963,-14.001592375,14.373383812,4.102847727,0.015631831
1609060474.581426144,-13.983364575,14.356872274,4.107396823,-13.996619227,14.355016105,4.104752758,0.013642662
1609060474.629651070,-13.977039069,14.337450799,4.110272182,-13.985741648,14.319108007,4.107640755,0.020472355
1609060474.680217981,-13.971741372,14.313212038,4.114821429,-13.979259680,14.301975044,4.108063859,0.015114885
1609060474.727298021,-13.965446621,14.295243400,4.117421740,-13.973156151,14.286299390,4.109512838,0.014212069
1609060474.781194210,-13.957886902,14.275307259,4.115073286,-13.966073965,14.269666376,4.110045731,0.011141089
1609060474.828670979,-13.950669398,14.257786069,4.116414401,-13.959446714,14.254123271,4.110609511,0.011142447
1609060474.881358147,-13.942126938,14.236605210,4.111255954,-13.946497172,14.221354501,4.111294736,0.015864570
1609060474.929676056,-13.935270387,14.219538015,4.112242834,-13.940152222,14.209850945,4.111709085,0.010860780
1609060475.000697136,-13.925142344,14.197468258,4.111763743,-13.927692325,14.185228897,4.112121935,0.012507304
1609060475.084722042,-13.911593931,14.166533353,4.111303444,-13.913809988,14.157170993,4.111357928,0.009621209
1609060475.126618147,-13.904510319,14.151909237,4.109651746,-13.906987768,14.143604330,4.111925074,0.008959758
1609060475.178278208,-13.896420284,14.135610360,4.107539813,-13.899927570,14.130198845,4.106531561,0.006527031
1609060475.229041100,-13.887946923,14.118524894,4.104261642,-13.893415937,14.117573142,4.103348160,0.005625869
1609060475.281843185,-13.879670583,14.102150781,4.101824074,-13.886450919,14.104037815,4.100305618,0.007199969
1609060475.328446150,-13.872161018,14.087102904,4.098326235,-13.872566287,14.078903022,4.095108499,0.008817944
1609060475.379393101,-13.865057398,14.071419541,4.093946180,-13.864996003,14.065017876,4.091533965,0.006841335
1609060475.430552006,-13.856249551,14.053584620,4.089576033,-13.858167314,14.050639175,4.088238118,0.003760782
1609060475.480121136,-13.847753894,14.037287756,4.084469430,-13.851217722,14.037065779,4.084712554,0.003479438
1609060475.529694080,-13.839446325,14.021019694,4.080311519,-13.836492985,14.009301047,4.077397265,0.012431483
1609060475.580530167,-13.830274457,14.005258186,4.078290909,-13.829131243,13.995193174,4.074071857,0.010973232
1609060475.623762131,-13.822244484,13.989931075,4.074853385,-13.821099587,13.980387139,4.070606212,0.010508853
1609060475.681043148,-13.812386016,13.971798704,4.069613095,-13.812960156,13.965269965,4.067552596,0.006870206
1609060475.730020046,-13.802426347,13.953919726,4.065956615,-13.805288989,13.951080963,4.064461476,0.004299852
1609060475.781841040,-13.790670229,13.933903314,4.065716838,-13.786692525,13.918612815,4.059651236,0.016923741
1609060475.829219103,-13.779353962,13.914977395,4.063211745,-13.777532357,13.902365164,4.056302695,0.014495571
1609060475.878290176,-13.766969662,13.893625181,4.057594145,-13.766835206,13.884574033,4.053378562,0.009985614
1609060475.927850008,-13.753393148,13.871655724,4.054411904,-13.756450633,13.866844714,4.050601714,0.006856499
1609060475.980598211,-13.738864447,13.848011992,4.047453254,-13.745772104,13.849469621,4.049057521,0.007239756
1609060476.029070139,-13.724885598,13.824540763,4.046622430,-13.722482320,13.811143094,4.045190096,0.013686668
1609060476.079783201,-13.709776596,13.800157414,4.044226269,-13.711439925,13.792853923,4.043589279,0.007517539
1609060476.149460077,-13.689366239,13.766997255,4.041831287,-13.697187826,13.770470525,4.042618681,0.008594232
1609060476.228608131,-13.662473966,13.724131570,4.039151412,-13.667240857,13.724382841,4.040805668,0.005052024
1609060476.282281160,-13.644390461,13.694362563,4.038212872,-13.638727810,13.678953540,4.039677242,0.016481747
1609060476.327225208,-13.627928801,13.668229397,4.037495002,-13.623205095,13.654690131,4.039571715,0.014489233
1609060476.372508049,-13.611079485,13.642873457,4.036454299,-13.607269895,13.629670779,4.040197568,0.014242041
1609060476.429035187,-13.589291904,13.608888585,4.037210505,-13.591956210,13.606203374,4.040651530,0.005113661
1609060476.480401039,-13.569335421,13.577937678,4.038756356,-13.574212843,13.580121462,4.041312478,0.005923843
1609060476.533285141,-13.547273433,13.543261653,4.039293054,-13.540221131,13.524442421,4.043096911,0.020454041
1609060476.579155207,-13.527410130,13.513572068,4.039713988,-13.521607165,13.495613115,4.043690787,0.019287647
1609060476.628695011,-13.506224600,13.480497397,4.040589184,-13.502461155,13.466386335,4.044612284,0.015148297
1609060476.680046082,-13.486604225,13.446621386,4.042541262,-13.484326434,13.437246006,4.045007077,0.009958230
1609060476.728375196,-13.465633026,13.413793057,4.044149441,-13.465394304,13.408219112,4.046683240,0.006127478
1609060476.779676199,-13.442604491,13.380026940,4.047028819,-13.445834913,13.377282530,4.047813786,0.004310869
1609060476.828135014,-13.420684242,13.346274885,4.048204359,-13.408493156,13.317060955,4.049368529,0.031676988
1609060476.876777172,-13.397580261,13.308363326,4.048414967,-13.389349838,13.286905244,4.049056707,0.022991324
1609060476.927697182,-13.373635827,13.270760606,4.049299729,-13.367532244,13.253129591,4.049313102,0.018657616
1609060476.979966164,-13.347482800,13.228639142,4.046273804,-13.346476959,13.218031277,4.048948516,0.010986019
1609060477.029965162,-13.323306870,13.190298683,4.046307223,-13.326757907,13.186089671,4.049039504,0.006090221
1609060477.080779076,-13.300119850,13.152391577,4.047200428,-13.307588431,13.155507920,4.049000842,0.008290524
1609060477.126787186,-13.278666053,13.117633934,4.046522888,-13.269695624,13.095555300,4.049316368,0.023994545
1609060477.179460049,-13.253963383,13.078900058,4.046121252,-13.251035727,13.065034848,4.048691762,0.014402178
1609060477.227986097,-13.231615358,13.042877652,4.047824343,-13.232764614,13.035862598,4.048324713,0.007126159
1609060477.281500101,-13.206922340,13.003257735,4.047834669,-13.213933953,13.005124901,4.047846438,0.007255975
1609060477.332756996,-13.183260936,12.967162511,4.045899068,-13.178425963,12.948683142,4.048249867,0.019245527
1609060477.378741980,-13.162160646,12.934652801,4.044240162,-13.158464942,12.920159683,4.049062763,0.015715158
1609060477.428728104,-13.139639405,12.899383117,4.044099688,-13.142011634,12.889897579,4.048555569,0.010745128
1609060477.480911016,-13.117549882,12.863561259,4.045192620,-13.124095528,12.861472837,4.048564022,0.007653323
1609060477.529803991,-13.095775435,12.831198637,4.045169866,-13.086736172,12.807595241,4.048804166,0.025535010
1609060477.578423023,-13.074883011,12.799962160,4.045573352,-13.068913679,12.781215616,4.048482541,0.019887916
1609060477.627958059,-13.052988778,12.768371883,4.045570974,-13.051408999,12.754701386,4.049336104,0.014267249
1609060477.680728197,-13.031191717,12.735648674,4.045998440,-13.034108234,12.729321105,4.049325273,0.007720883
1609060477.723581076,-13.013078072,12.710095979,4.046335285,-13.016661228,12.704305508,4.049685741,0.007589079
1609060477.773975134,-12.991043059,12.683013289,4.048559102,-12.998556032,12.679148136,4.050447113,0.008657295
1609060477.828898191,-12.967185702,12.652658091,4.049148711,-12.962790049,12.633152081,4.050587946,0.020046885
1609060477.879162073,-12.948464087,12.624553432,4.047646513,-12.946304254,12.611192867,4.050575715,0.013847376
1609060477.927370071,-12.927736277,12.599038693,4.046993356,-12.926487979,12.587291644,4.050672430,0.012372833
1609060477.979067087,-12.903433954,12.571948741,4.051042927,-12.905966057,12.563435669,4.050821789,0.008884415
1609060478.028429985,-12.881106251,12.547432939,4.051811319,-12.887194338,12.542630954,4.050055023,0.007950374
1609060478.080372095,-12.856783011,12.520212328,4.049175266,-12.850452630,12.504634580,4.049879032,0.016829595
1609060478.126526117,-12.834505978,12.498088173,4.049346886,-12.830790247,12.485994047,4.049592386,0.012654438
1609060478.172044992,-12.811494736,12.477597240,4.046792970,-12.810763280,12.468266440,4.050430321,0.010041373
1609060478.225057125,-12.785561233,12.455135453,4.047690777,-12.792297177,12.452482472,4.050121739,0.007636808
1609060478.281713009,-12.757178718,12.432410054,4.047204054,-12.771696740,12.434932709,4.050130859,0.015023412
1609060478.329128027,-12.734344255,12.414176090,4.046763875,-12.729067523,12.404597432,4.048861101,0.011135212
1609060478.379383087,-12.708583781,12.395613613,4.045610794,-12.706260102,12.390376373,4.048958376,0.006635847
1609060478.427805185,-12.683191891,12.379018200,4.044336612,-12.683974610,12.375098946,4.047884458,0.005344194
1609060478.480800152,-12.656026339,12.363701921,4.043281525,-12.660937246,12.361446916,4.047180797,0.006663810
1609060478.528940201,-12.629287835,12.349298666,4.042387751,-12.636806545,12.349232098,4.046659183,0.008647575
1609060478.580368996,-12.601448907,12.336351264,4.041611301,-12.611739076,12.336910856,4.045987785,0.011196175
1609060478.629499197,-12.573298405,12.323039015,4.040416073,-12.565232527,12.313687250,4.044880984,0.013131997
1609060478.680297136,-12.543956722,12.309631425,4.038699694,-12.539439430,12.304697437,4.043483386,0.008223982
1609060478.728594065,-12.515592170,12.299365732,4.036605814,-12.512611304,12.293077109,4.041206115,0.008342368
1609060478.779266119,-12.485694785,12.287313568,4.034740157,-12.483619270,12.282879596,4.039334161,0.006713624
1609060478.829585075,-12.454678197,12.277048606,4.032318503,-12.456404595,12.274833860,4.037894997,0.006243623
1609060478.880124092,-12.423836710,12.267821609,4.028456255,-12.406298394,12.259198951,4.033978482,0.020308564
1609060478.926433086,-12.394669599,12.259755691,4.026050323,-12.380540210,12.251524632,4.032410905,0.017545569
1609060478.979730129,-12.364060821,12.252961277,4.026355690,-12.352502982,12.246555398,4.030510230,0.013852045
1609060479.029379129,-12.333388739,12.246277884,4.024127582,-12.325874502,12.240513587,4.028312538,0.010353972
1609060479.080957174,-12.300039178,12.234425582,4.022519011,-12.299375890,12.233971905,4.026122219,0.003691731
1609060479.130403042,-12.268568431,12.226979778,4.020557198,-12.244716054,12.225118620,4.022010482,0.023968976
1609060479.180795193,-12.232958663,12.221123195,4.018471311,-12.217955937,12.220069298,4.019848416,0.015102612
1609060479.228103161,-12.201577849,12.214635747,4.016824889,-12.192063963,12.214390387,4.018245618,0.009622511
1609060479.282148123,-12.165868166,12.213692899,4.011770721,-12.165310551,12.210257518,4.016957177,0.006245968
1609060479.328881025,-12.136209593,12.210636715,4.010536394,-12.137743665,12.207177523,4.015395613,0.006158847
1609060479.380424023,-12.102061015,12.205596052,4.008820264,-12.109821036,12.202916304,4.013807241,0.009605671
1609060479.428443193,-12.070001241,12.200452533,4.007018764,-12.056349523,12.193798852,4.010521044,0.015585469
1609060479.481338024,-12.035068535,12.194203850,4.005392653,-12.029657225,12.189946634,4.008790512,0.007677995
1609060479.528342009,-12.004587367,12.189367652,4.003762235,-11.999864816,12.184903280,4.006515303,0.007057796
1609060479.579895020,-11.972214290,12.184270611,4.002220928,-11.970346174,12.178705959,4.004582104,0.006326955
1609060479.629096031,-11.939679115,12.177984026,4.000293841,-11.942167231,12.173812753,4.003042781,0.005580941
1609060479.680663109,-11.906076982,12.170909703,3.997375596,-11.888098214,12.163276990,3.999959126,0.019702006
1609060479.729127169,-11.873771349,12.163961380,3.996083548,-11.860552175,12.156667313,3.998336642,0.015265202
1609060479.779810190,-11.840737712,12.156656905,3.994951525,-11.832197984,12.149453854,3.996981710,0.011354847
1609060479.828247070,-11.807381438,12.148032803,3.993446252,-11.803976178,12.143229362,3.995407244,0.006205991
1609060479.881755114,-11.772771545,12.136914248,3.991226168,-11.774767097,12.133774033,3.993221418,0.004221871
1609060479.928881168,-11.738712045,12.125519411,3.989476170,-11.713616673,12.114148324,3.988716143,0.027561875
1609060479.979612112,-11.703383807,12.114640292,3.985864258,-11.681226791,12.103789019,3.987157651,0.024705392
1609060480.028473139,-11.667684854,12.101791906,3.984070200,-11.650266735,12.091025486,3.985599621,0.020534016
1609060480.078821182,-11.632817464,12.087617674,3.983114754,-11.619391485,12.077898145,3.983951036,0.016595949
1609060480.128672123,-11.595562258,12.072689508,3.982287478,-11.586265950,12.065837707,3.982330912,0.011548610
1609060480.181447983,-11.551475764,12.050598010,3.981346949,-11.552848902,12.051269400,3.981925619,0.001634360
1609060480.227405071,-11.513626829,12.032841256,3.980987948,-11.485901127,12.019138439,3.979744655,0.030952021
1609060480.277834177,-11.469952538,12.012988596,3.977664684,-11.452397264,12.003614220,3.979871944,0.020023450
1609060480.328183174,-11.425853256,11.991007109,3.977229154,-11.413782370,11.984162039,3.979968862,0.014144514
1609060480.379876137,-11.382811833,11.969759989,3.976754814,-11.373318023,11.962508832,3.979407735,0.012237226
1609060480.429113150,-11.339806866,11.947439697,3.976968731,-11.336690707,11.941468307,3.979333334,0.007138578
1609060480.480789185,-11.292080186,11.921190507,3.976992957,-11.264264216,11.902556860,3.979370191,0.033564746
1609060480.532296181,-11.246620125,11.894774513,3.977976202,-11.226443903,11.880338978,3.978975391,0.024828672
1609060480.580609083,-11.201668636,11.868980723,3.978103937,-11.189014603,11.857173439,3.978992116,0.017329898
1609060480.629172087,-11.155948960,11.842264532,3.977847789,-11.149916284,11.834673324,3.979191980,0.009789100
1609060480.680544138,-11.109135479,11.814062494,3.977554382,-11.110430713,11.810585963,3.980010201,0.004449151
1609060480.729022980,-11.064200652,11.786862039,3.977889342,-11.033952981,11.762078436,3.980936791,0.039222896
1609060480.779507160,-11.018267299,11.758656375,3.977879822,-10.995165596,11.738581800,3.982083797,0.030892566
1609060480.830286980,-10.970533087,11.729367018,3.980391505,-10.954728211,11.713770087,3.983358097,0.022402210
1609060480.878767014,-10.925555792,11.702022165,3.983092491,-10.915174620,11.688267876,3.984199345,0.017267725
1609060480.928699017,-10.877998009,11.672412895,3.983921706,-10.875412905,11.662899551,3.984612285,0.009882478
1609060480.981075048,-10.830200354,11.641340878,3.982930080,-10.833068462,11.637851172,3.985626409,0.005260635
1609060481.028006077,-10.784818003,11.613262248,3.982915696,-10.754204915,11.586534758,3.985966879,0.040753277
1609060481.078581095,-10.739227883,11.586180643,3.981618245,-10.716089771,11.562247619,3.986463270,0.033639800
1609060481.128023148,-10.691741437,11.557428424,3.981768609,-10.671020045,11.534775818,3.987405565,0.031213650
1609060481.179006100,-10.644921184,11.529071546,3.984236082,-10.626166319,11.506887081,3.988011595,0.029294196
1609060481.229451180,-10.597310302,11.500573215,3.984977740,-10.586964763,11.480989307,3.988314277,0.022398484
1609060481.281218052,-10.544017295,11.466253707,3.988260682,-10.509069367,11.436273584,3.987731762,0.046048292
1609060481.326537132,-10.499495293,11.440263921,3.988206128,-10.470457059,11.411930148,3.987134415,0.040585346
1609060481.379728079,-10.447358739,11.408314201,3.985882619,-10.432287298,11.388210606,3.986330586,0.025129735
1609060481.444012165,-10.383748563,11.372057045,3.984385845,-10.354488964,11.345885585,3.983343141,0.039270303
1609060481.485725164,-10.348081230,11.354213435,3.981133195,-10.317274059,11.324303392,3.981890695,0.042944921
1609060481.527129173,-10.309772217,11.331947207,3.981481640,-10.280401860,11.303403995,3.980187773,0.040975686
1609060481.580744982,-10.257555891,11.303925293,3.979734521,-10.239581057,11.282504287,3.978230015,0.028003887
1609060481.628387213,-10.212985609,11.280340631,3.977269466,-10.201495082,11.262819917,3.977526421,0.020954085
1609060481.682008028,-10.161821855,11.254423551,3.975589949,-10.165845246,11.244474073,3.975859930,0.010735580
1609060481.727735043,-10.118998575,11.233478118,3.974233418,-10.089540556,11.207636776,3.973429811,0.039194332
1609060481.779087067,-10.073796319,11.211577861,3.971881728,-10.051577827,11.190682907,3.972825783,0.030514779
1609060481.828232050,-10.029252048,11.190833314,3.970900007,-10.015915614,11.172023363,3.972632710,0.023123084
1609060481.879717112,-9.985507228,11.170420811,3.969584052,-9.979683083,11.154517337,3.971584762,0.017054149
1609060481.933407068,-9.939735707,11.149313682,3.969521994,-9.944820724,11.139598803,3.970547652,0.011013094
1609060481.981904984,-9.898713234,11.130773439,3.968524860,-9.871339927,11.107118260,3.968944395,0.036180678
1609060482.028050184,-9.858712996,11.113418677,3.967101327,-9.837930347,11.092860865,3.967805235,0.029241026
1609060482.081947088,-9.816940296,11.096938108,3.964736249,-9.801905392,11.078169333,3.966951814,0.024150031
1609060482.128210068,-9.778509621,11.081744356,3.963033355,-9.764152717,11.065060708,3.965917835,0.022198762
1609060482.180625200,-9.737250704,11.065252606,3.963601812,-9.728698846,11.049866430,3.964520143,0.017627026
1609060482.228815079,-9.698224220,11.049640278,3.961621004,-9.662180914,11.024853684,3.961400033,0.043744074
1609060482.279059172,-9.661199553,11.034807624,3.959364388,-9.628162810,11.013073975,3.960015166,0.039549986
1609060482.327528000,-9.623165102,11.020309812,3.957208907,-9.597268154,10.999560327,3.958785578,0.033221664
1609060482.380026102,-9.577626351,11.001474490,3.954281214,-9.565082451,10.986979553,3.957169865,0.019385483
1609060482.429511070,-9.538034884,10.986429257,3.951817381,-9.533243198,10.976951878,3.955528093,0.011249460
1609060482.482517004,-9.497546074,10.972415718,3.948345057,-9.472221482,10.952889090,3.952312117,0.032223621
1609060482.527718067,-9.462317685,10.959558275,3.945759393,-9.442837814,10.941371723,3.950525407,0.027072697
1609060482.621788979,-9.402603594,10.935963393,3.943901235,-9.386381766,10.922005550,3.946547871,0.021563250
1609060482.734424114,-9.328655148,10.906915200,3.939090546,-9.304027480,10.890338275,3.940145934,0.029705729
1609060482.779277086,-9.298789752,10.895138488,3.936950427,-9.277087624,10.879728351,3.938491178,0.026661369
1609060482.828587055,-9.267796024,10.882614819,3.934984257,-9.251711446,10.868206859,3.937515106,0.021741853
1609060482.881298065,-9.237453915,10.870132068,3.932775984,-9.226499942,10.857520575,3.936725470,0.017165014
1609060482.930871010,-9.208171978,10.857498587,3.933007055,-9.201621414,10.846945156,3.936235651,0.012833885
1609060482.980209112,-9.180315355,10.844256672,3.933808451,-9.177094190,10.834469736,3.935823904,0.010498671
1609060483.028465986,-9.153332172,10.830165567,3.934277434,-9.131786665,10.810125296,3.936511697,0.029509546
1609060483.081049204,-9.127668217,10.815484526,3.935899274,-9.109259597,10.798393932,3.937307176,0.025158456
1609060483.128555059,-9.101654098,10.801927235,3.936886786,-9.087461944,10.785720743,3.938027021,0.021572385
1609060483.180977106,-9.076688251,10.787381196,3.937659405,-9.067135215,10.772056621,3.939717917,0.018175273
1609060483.230127096,-9.051329203,10.771462557,3.938951397,-9.025205234,10.745120661,3.941946260,0.037219974
1609060483.281493187,-9.028535186,10.752708691,3.938932954,-9.005315757,10.729472295,3.942899728,0.033087872
1609060483.328428030,-9.004936653,10.735549354,3.939989263,-8.985765768,10.713795537,3.943744573,0.029237881
1609060483.378969193,-8.984182966,10.716014399,3.943939913,-8.964424604,10.695402434,3.945595847,0.028600491
1609060483.430318117,-8.959699431,10.693980608,3.945399650,-8.944796429,10.676454110,3.946079115,0.023016066
1609060483.480869055,-8.936176242,10.667893397,3.948411609,-8.908422335,10.637174330,3.949090438,0.041405328
1609060483.528273106,-8.912933239,10.643767982,3.950320874,-8.889367281,10.615454339,3.950547590,0.036838405
1609060483.579897165,-8.891071385,10.614165472,3.951985127,-8.870676272,10.592916867,3.951510873,0.029456557
1609060483.628494024,-8.867535111,10.585730732,3.953219236,-8.853515021,10.570814673,3.952113491,0.020500595
1609060483.682538033,-8.845831609,10.552778077,3.953633925,-8.835253287,10.545678987,3.952385261,0.012800669
1609060483.730038166,-8.824588902,10.521355880,3.954920240,-8.799468317,10.492412999,3.952486464,0.038401268
1609060483.772054195,-8.805099257,10.492660974,3.955123263,-8.781147850,10.462740585,3.952861262,0.038392919
1609060483.822942019,-8.783100192,10.456920576,3.955648932,-8.763033657,10.432252508,3.952423104,0.031962249
1609060483.874164104,-8.761240310,10.418845176,3.955398845,-8.745532867,10.401142080,3.952214744,0.023880156
1609060483.923398018,-8.739145872,10.380578151,3.954696574,-8.728318705,10.368127975,3.951181701,0.016869759
1609060483.980666161,-8.717767902,10.337526194,3.953389477,-8.711051327,10.334463936,3.951132807,0.007718962
1609060484.028288126,-8.697621519,10.299556774,3.952751207,-8.677509631,10.267582986,3.948879237,0.037971085
1609060484.081130028,-8.675983794,10.255844836,3.952545501,-8.659976527,10.233109138,3.947452258,0.028268104
1609060484.131193161,-8.654729160,10.214590338,3.949687392,-8.641806082,10.197063361,3.946091134,0.022071111
1609060484.179687977,-8.635241374,10.173836647,3.946162470,-8.624951820,10.161546777,3.943471959,0.016252836
1609060484.229885101,-8.612558122,10.128681426,3.942723921,-8.591633182,10.085807498,3.937734296,0.047967939
1609060484.281463146,-8.593448135,10.082922929,3.939120628,-8.575615625,10.047517557,3.934838615,0.039873229
1609060484.329643011,-8.571414131,10.040032138,3.935008288,-8.557503770,10.010142557,3.931710434,0.033132478
1609060484.380283117,-8.552382569,9.994276171,3.930578782,-8.539726041,9.970428978,3.927744522,0.027146074
1609060484.429648161,-8.529766929,9.950429102,3.925750267,-8.520713214,9.932222818,3.923717974,0.020434498
1609060484.481362104,-8.508596499,9.905899577,3.918980809,-8.485348972,9.860284969,3.913487593,0.051490925
1609060484.534080029,-8.483353295,9.859827195,3.912097559,-8.465844048,9.823479896,3.909207882,0.040448116
1609060484.579492092,-8.458412572,9.816954760,3.909225307,-8.445874587,9.787289274,3.904641864,0.032530756
1609060484.629556179,-8.430772232,9.773562815,3.902644997,-8.426386134,9.752552591,3.899379014,0.021710228
1609060484.681941986,-8.402064046,9.726836949,3.893948618,-8.404538803,9.716727671,3.893120933,0.010440641
1609060484.730236053,-8.371923136,9.685811218,3.887717532,-8.358504373,9.648477993,3.882941262,0.039958049
1609060484.779811144,-8.346451922,9.644438365,3.880200786,-8.334155803,9.614862451,3.877498237,0.032143942
1609060484.828018188,-8.317882910,9.606972070,3.874455397,-8.310488819,9.583953244,3.872401643,0.024264312
1609060484.878533125,-8.285362968,9.567544957,3.867681753,-8.284659860,9.552438962,3.866270225,0.015188083
1609060484.930534124,-8.254069958,9.529961777,3.861563123,-8.258595598,9.522264639,3.860917812,0.008952305
1609060484.981159210,-8.219208779,9.493591777,3.854560058,-8.201685982,9.462780897,3.850185817,0.035714041
1609060485.028194189,-8.184825988,9.461505358,3.847843222,-8.173891837,9.437525537,3.844716398,0.026539866
1609060485.079768181,-8.148299585,9.428704767,3.840097298,-8.141601034,9.410360960,3.839558141,0.019536032
1609060485.129080057,-8.110849468,9.398094208,3.833014600,-8.111788502,9.384590871,3.834359764,0.013602624
1609060485.180635214,-8.072793108,9.368841984,3.825219570,-8.080096755,9.361291910,3.829773832,0.011449375
1609060485.228953123,-8.034404449,9.341712329,3.819524138,-8.012490530,9.315549947,3.820647946,0.034146055
1609060485.278696060,-7.995251969,9.315078261,3.813478291,-7.978540199,9.294278813,3.816176295,0.026817522
1609060485.329076052,-7.950676020,9.289713161,3.807218468,-7.939587888,9.270232055,3.811482029,0.022817496
1609060485.380200148,-7.909040036,9.264992764,3.802249559,-7.897551065,9.248075658,3.806257484,0.020838628
1609060485.430720091,-7.862856535,9.241745678,3.796780114,-7.858177151,9.229537444,3.801843100,0.014020394
1609060485.481105089,-7.820061541,9.219964274,3.794180626,-7.782924955,9.194484314,3.792221594,0.045079842
1609060485.527322054,-7.775699306,9.200951925,3.789713799,-7.742812601,9.177606777,3.788596222,0.040345760
1609060485.581003189,-7.727542305,9.181891618,3.783533310,-7.701232046,9.162221939,3.784463481,0.032863220
1609060485.629459143,-7.680334733,9.164398991,3.779022964,-7.662795330,9.148558324,3.779680847,0.023642974
1609060485.682391167,-7.625273713,9.145192001,3.769034137,-7.622143996,9.133002781,3.775263008,0.014041760
1609060485.728686094,-7.577351579,9.130138735,3.764162059,-7.538087038,9.107511194,3.768548534,0.045529671
1609060485.780714035,-7.524113294,9.111758078,3.759111476,-7.496793957,9.094202303,3.765007939,0.033004844
1609060485.828873158,-7.473747647,9.096477950,3.754295152,-7.459639856,9.080741964,3.762185005,0.022558829
1609060485.880715132,-7.424662248,9.079650467,3.752717627,-7.421341483,9.069009773,3.759105509,0.012847447
1609060485.935539007,-7.371314944,9.064258060,3.750838766,-7.337651989,9.045807272,3.752291114,0.038415302
1609060485.979164124,-7.326351488,9.050973782,3.746828865,-7.298118824,9.032985234,3.748203071,0.033504621
1609060486.027441025,-7.279940281,9.036313265,3.742969796,-7.256907813,9.020928261,3.744767139,0.027756501
1609060486.080199003,-7.227861214,9.020163374,3.737671135,-7.214522428,9.009527260,3.740916001,0.017366038
1609060486.128912210,-7.180387291,9.005601829,3.731390580,-7.173984392,8.997515567,3.735886716,0.011251667
1609060486.179495096,-7.133207480,8.991545691,3.722894832,-7.133882313,8.983960136,3.729284290,0.009940886
1609060486.228121042,-7.087250494,8.976764478,3.714434141,-7.054993860,8.959607415,3.715530383,0.036552113
1609060486.281726122,-7.039551992,8.958671828,3.705197033,-7.017325622,8.945290994,3.708584052,0.026163527
1609060486.327965021,-6.998525729,8.942224086,3.696968393,-6.979113830,8.929457382,3.699991166,0.023429633
1609060486.380213022,-6.955372862,8.922985137,3.688295396,-6.944426724,8.914316270,3.693488470,0.014897490
1609060486.428727150,-6.912386457,8.903207421,3.678820873,-6.868163707,8.880817030,3.677118050,0.049597186
1609060486.481432199,-6.869882495,8.882256906,3.668537214,-6.832778552,8.861580924,3.668698977,0.042476170
1609060486.527513027,-6.831321586,8.861455860,3.659799877,-6.799200688,8.842721579,3.661671039,0.037232064
1609060486.580152035,-6.790844093,8.838362114,3.654114786,-6.766059750,8.824531304,3.654215934,0.028382480
1609060486.629222155,-6.751313411,8.815133756,3.645346272,-6.732426155,8.803805581,3.646249966,0.022042519
1609060486.680812120,-6.713350853,8.789830603,3.638233380,-6.669589591,8.760030715,3.631139835,0.053417223
1609060486.728094101,-6.676849557,8.764118603,3.630382771,-6.636775732,8.735878215,3.623494883,0.049506302
1609060486.779956102,-6.636421797,8.729741168,3.621346923,-6.606423444,8.710487059,3.615797431,0.036075182
1609060486.829302073,-6.598967032,8.698424491,3.613587250,-6.577443845,8.684411453,3.608521320,0.026177786
1609060486.881893158,-6.560407229,8.662031132,3.603103421,-6.546452092,8.656970747,3.601030440,0.014988348
1609060486.933675051,-6.521502762,8.625169062,3.594896924,-6.491357201,8.601440790,3.588721826,0.038857659
1609060486.980293036,-6.489613948,8.589808534,3.586469801,-6.465132605,8.573442784,3.582909846,0.029662219
1609060487.030152082,-6.457072585,8.555176285,3.579981052,-6.438449333,8.545723325,3.575988339,0.021263248
1609060487.081585169,-6.421542338,8.516282276,3.572683247,-6.411760437,8.514482163,3.570225597,0.010245294
1609060487.134253025,-6.389760328,8.476142828,3.566264968,-6.358500440,8.450889116,3.558405280,0.040947592
1609060487.179390192,-6.359994173,8.440375986,3.560057084,-6.333220786,8.416318453,3.553241169,0.036633808
1609060487.229357004,-6.328672858,8.399359761,3.553165865,-6.307257259,8.380925521,3.548038221,0.028718318
1609060487.281926155,-6.297777317,8.356128572,3.546141658,-6.283241945,8.346868217,3.543570575,0.017425317
1609060487.332370996,-6.269072166,8.314305586,3.540298159,-6.260375088,8.313987289,3.539288777,0.008761241
1609060487.381510019,-6.242330409,8.272530605,3.534781095,-6.212722579,8.241729897,3.531655996,0.042837756
1609060487.429805994,-6.215063542,8.231678129,3.530164617,-6.191704918,8.208291041,3.527330246,0.033175516
1609060487.481407166,-6.187327686,8.187929747,3.525152018,-6.169244574,8.171961269,3.523854794,0.024159346
1609060487.531018019,-6.159438031,8.145234023,3.519452170,-6.147733047,8.136014923,3.519448095,0.014899613
1609060487.573276997,-6.140669354,8.112316935,3.516844516,-6.127121995,8.101388417,3.516156076,0.017419453
1609060487.623480082,-6.113146933,8.069609526,3.511229252,-6.085312408,8.029205903,3.506886530,0.049255181
1609060487.680495024,-6.086343649,8.020877300,3.504179861,-6.065334830,7.994335525,3.502491355,0.033892290
1609060487.728843212,-6.060501272,7.980212549,3.498191236,-6.043692740,7.954510652,3.497820199,0.030712407
1609060487.780599117,-6.037709527,7.936645237,3.493461651,-6.021345708,7.913220648,3.492399990,0.028593934
1609060487.831240177,-6.012669637,7.893618473,3.487100921,-6.001011372,7.876785315,3.488004589,0.020496023
1609060487.881911993,-5.985847456,7.847264282,3.480573769,-5.965532057,7.807299020,3.477871129,0.044913715
1609060487.928303003,-5.962302529,7.807170795,3.474463351,-5.946384743,7.771130320,3.472727495,0.039437355
1609060487.979984045,-5.940403577,7.759803651,3.466209827,-5.928009516,7.735311417,3.467588960,0.027484255
1609060488.029487133,-5.915755682,7.716296344,3.459372443,-5.911495457,7.701105023,3.462062055,0.016004993
1609060488.082446098,-5.897992286,7.671347890,3.450915919,-5.893041116,7.665715801,3.455951502,0.009032808
1609060488.130092144,-5.879312732,7.630604076,3.445063812,-5.859080849,7.597848177,3.443749693,0.038522784
1609060488.181658030,-5.856489860,7.585859511,3.436772045,-5.842178755,7.561548312,3.436836036,0.028210746
1609060488.228613138,-5.837955545,7.547061494,3.428315376,-5.825536470,7.527431117,3.430766567,0.023357942
1609060488.281764984,-5.815329628,7.502318965,3.419559454,-5.810332436,7.495488853,3.424337589,0.009718690
1609060488.328850031,-5.796716573,7.463470802,3.412721450,-5.778542129,7.427676684,3.410820844,0.040188825
1609060488.380331039,-5.778839834,7.422101741,3.406398829,-5.763198586,7.394705826,3.404531221,0.031601784
1609060488.429883003,-5.759814629,7.382325384,3.398735911,-5.747615781,7.360990016,3.398553666,0.024577286
1609060488.480764151,-5.741179810,7.342016615,3.390396696,-5.732062451,7.327814694,3.392068875,0.016959274
1609060488.535542011,-5.722083723,7.300067412,3.379863333,-5.716439310,7.294587994,3.385679762,0.009783367
1609060488.580343008,-5.705760191,7.265303935,3.372396560,-5.701216954,7.260835100,3.379015028,0.009187797
1609060488.629785061,-5.685792297,7.227908403,3.364990132,-5.669968747,7.196793478,3.367269662,0.034981703
1609060488.681182146,-5.667930034,7.191615774,3.363835962,-5.654970632,7.167440152,3.362475348,0.027463759
1609060488.733952999,-5.646238644,7.153829537,3.357933982,-5.638226826,7.136649964,3.357135765,0.018972720
1609060488.780320168,-5.629182279,7.120272475,3.351007026,-5.621209410,7.108034582,3.351963283,0.014637182
1609060488.830223083,-5.606623743,7.086252660,3.344845835,-5.588601716,7.051426909,3.341553805,0.039350525
1609060488.878646135,-5.590496089,7.054715378,3.337849547,-5.572802076,7.022984039,3.336429022,0.036358959
1609060488.926599026,-5.570572560,7.021102196,3.332231541,-5.556392503,6.993312027,3.331676372,0.031203777
1609060488.980388165,-5.547094016,6.979714385,3.323465705,-5.538552151,6.961617749,3.327407359,0.020395792
1609060489.026468992,-5.526104869,6.948117100,3.318217983,-5.521296244,6.932821950,3.323077537,0.016753500
1609060489.085741043,-5.502555247,6.905692405,3.313880032,-5.487245798,6.878157334,3.316173304,0.031588265
1609060489.127518177,-5.482757803,6.876564208,3.311009992,-5.471245054,6.848236076,3.314171235,0.030741176
1609060489.181252003,-5.461832824,6.837518105,3.311183349,-5.449637553,6.821695288,3.312409112,0.020014712
1609060489.229586124,-5.441873685,6.804830691,3.308507257,-5.431805035,6.795126939,3.309816691,0.014044755
1609060489.282239199,-5.416078438,6.767923724,3.305376787,-5.412671658,6.766252711,3.307865452,0.004537828
1609060489.327752113,-5.394501083,6.737589232,3.303486326,-5.374285211,6.712195045,3.304337097,0.032469524
1609060489.379934072,-5.367440000,6.701988740,3.300700110,-5.352958623,6.684064009,3.302681403,0.023128593
1609060489.424185991,-5.343355736,6.672685803,3.298544613,-5.331821177,6.657719900,3.301335282,0.019100056
1609060489.474608183,-5.317656535,6.641431192,3.297669843,-5.310724730,6.632402964,3.299747721,0.011570497
1609060489.524008036,-5.290257730,6.608633936,3.295484592,-5.288378829,6.605264092,3.298176471,0.004704501
1609060489.573360205,-5.265564879,6.576089465,3.292608838,-5.244007017,6.552198943,3.293848156,0.032203017
1609060489.623059988,-5.236273151,6.543963442,3.290110474,-5.220853251,6.525239291,3.292310368,0.024355834
1609060489.680881023,-5.207947713,6.509183064,3.288242258,-5.196836090,6.498616568,3.290439871,0.015490271
1609060489.728197098,-5.177990257,6.479893150,3.285651922,-5.171072675,6.472104797,3.288377159,0.010767465
1609060489.780966043,-5.147936156,6.448708256,3.282730920,-5.145556105,6.445607461,3.287110909,0.005870595
1609060489.828963041,-5.116892797,6.419990827,3.280381501,-5.094206085,6.394548398,3.283454418,0.034226407
1609060489.879400015,-5.088617623,6.393401631,3.276696048,-5.069356790,6.371914698,3.281176441,0.029201744
1609060489.928678036,-5.055887271,6.366083592,3.273752240,-5.039568910,6.345237581,3.278820593,0.026954281
1609060489.979420185,-5.024133077,6.336758479,3.274354923,-5.008979415,6.319112248,3.276149091,0.023328994
1609060490.031026125,-4.987388042,6.309810864,3.272529652,-4.979154948,6.296846912,3.274506050,0.015483992
1609060490.081745148,-4.947969191,6.282246887,3.268250161,-4.920770405,6.256461726,3.271319901,0.037604146
1609060490.129084110,-4.910570881,6.259060324,3.266179614,-4.890651640,6.235903862,3.269643582,0.030740803
1609060490.180391073,-4.873831402,6.232665834,3.264130072,-4.858946253,6.216551980,3.267923294,0.022262355
1609060490.229308128,-4.834683804,6.209221657,3.261817233,-4.829154879,6.198588310,3.265969124,0.012683662
1609060490.280956984,-4.799466227,6.186765097,3.261334453,-4.798127351,6.179117359,3.263906102,0.008178866
1609060490.329324007,-4.763031317,6.164911103,3.259227663,-4.737125996,6.144259623,3.260644500,0.033159865
1609060490.380764008,-4.721107097,6.142143026,3.256814538,-4.704578608,6.126366826,3.258999347,0.022953275
1609060490.429780006,-4.685892402,6.121859381,3.254767188,-4.673989428,6.108368636,3.256992770,0.018128271
1609060490.481692076,-4.644728470,6.099694497,3.252312924,-4.643974691,6.092063533,3.255103839,0.008160208
1609060490.529579163,-4.608515353,6.078395853,3.249285211,-4.580072168,6.057053776,3.250287925,0.035573929
1609060490.579999208,-4.571043110,6.055668887,3.244548689,-4.549908138,6.038775231,3.247173730,0.027184067
1609060490.629163027,-4.534143598,6.034548995,3.241146758,-4.518577763,6.019855401,3.244313015,0.021638440
1609060490.681888103,-4.497874543,6.011923335,3.237981154,-4.486513198,6.001656765,3.241067926,0.015620844
1609060490.728027105,-4.463351865,5.990467701,3.234177499,-4.455806323,5.981659797,3.237316481,0.012015306
1609060490.781954050,-4.425123030,5.963600728,3.229465503,-4.424475296,5.960417708,3.233262668,0.004996962
1609060490.830234051,-4.389419047,5.939078063,3.224836544,-4.364142444,5.918985058,3.225773398,0.032303455
1609060490.882236004,-4.354439027,5.911077835,3.220539113,-4.335407688,5.896364443,3.221238267,0.024065839
1609060490.927493095,-4.322221381,5.884125108,3.216248907,-4.306368236,5.871916528,3.217383432,0.020041427
1609060490.979726076,-4.290796594,5.855013993,3.211361260,-4.277817629,5.846718609,3.213480964,0.015548637
1609060491.030094147,-4.255797553,5.822495696,3.207622544,-4.222620811,5.793021374,3.206499970,0.044392477
1609060491.081507206,-4.224769790,5.788922671,3.204597361,-4.195774182,5.764389555,3.203693240,0.037992585
1609060491.128799200,-4.192840737,5.755620284,3.202003729,-4.169106391,5.734753238,3.201251134,0.031612011
1609060491.179252148,-4.159751473,5.714554342,3.203127087,-4.142169490,5.701667794,3.199336802,0.022125901
1609060491.237707138,-4.121122019,5.666954349,3.201778556,-4.090340021,5.634459026,3.195204551,0.045240412
1609060491.285046101,-4.091949503,5.625882024,3.197207297,-4.064113771,5.597913761,3.192980909,0.039685187
1609060491.327813148,-4.063038248,5.588042825,3.195646431,-4.038490509,5.560351065,3.192400220,0.037147852
1609060491.379707098,-4.033365825,5.539227315,3.192488800,-4.013500261,5.522034509,3.191378276,0.026295750
1609060491.431063175,-4.003614772,5.491117248,3.192841648,-3.990229863,5.485691272,3.190550282,0.014623521
1609060491.483215094,-3.970816387,5.439372081,3.193012973,-3.965973521,5.445483800,3.191148958,0.008017544
1609060491.534535170,-3.943059353,5.388406695,3.193977521,-3.919041186,5.361370827,3.191977099,0.036218947
1609060491.580775023,-3.915308761,5.340828612,3.194699839,-3.895304886,5.317450666,3.193192675,0.030805112
1609060491.630144119,-3.887310382,5.289992343,3.195132036,-3.871596516,5.273114523,3.194094456,0.023083824
1609060491.681989193,-3.860445248,5.235739796,3.195373420,-3.849766553,5.228901869,3.195929593,0.012692562
1609060491.729292154,-3.834850303,5.185889286,3.196070072,-3.829133901,5.187650558,3.196400448,0.005990699
1609060491.782570124,-3.806738194,5.130779996,3.196847436,-3.784858974,5.098009120,3.199630126,0.039501569
1609060491.829774141,-3.780581178,5.081918661,3.198594179,-3.763925618,5.056209410,3.201103976,0.030735523
1609060491.882502079,-3.753210414,5.028011544,3.201064506,-3.741759376,5.011577996,3.203013489,0.020124272
1609060491.929095984,-3.727173533,4.979959842,3.201997029,-3.720992311,4.969665736,3.203921009,0.012160503
1609060491.981079102,-3.702778288,4.927480557,3.202459217,-3.700487900,4.928558717,3.204745271,0.003410916
1609060492.029659986,-3.674611593,4.879093215,3.202931108,-3.655129652,4.843308350,3.207089595,0.040956021
1609060492.080188990,-3.649440871,4.831179719,3.203423878,-3.633943006,4.803434333,3.207944615,0.032100270
1609060492.128679991,-3.621881224,4.784767015,3.203650137,-3.611002685,4.761478332,3.208347344,0.026129851
1609060492.182240009,-3.595417261,4.734863353,3.203854525,-3.589180966,4.723560605,3.208270828,0.013643578
1609060492.230466127,-3.567801860,4.690794220,3.203985978,-3.542692384,4.647225290,3.207833778,0.050433551
1609060492.279041052,-3.537521837,4.645530149,3.204257633,-3.518365525,4.610372105,3.208062725,0.040218541
1609060492.328356028,-3.505803302,4.603065047,3.204069566,-3.493402829,4.574662235,3.207848599,0.031221348
1609060492.380124092,-3.472078321,4.556504019,3.204153106,-3.466819070,4.539121285,3.207841168,0.018531621
1609060492.428395033,-3.437857463,4.517419403,3.204618396,-3.439471868,4.504566067,3.208018658,0.013393145
1609060492.484305143,-3.403776797,4.473939706,3.205728115,-3.385992000,4.443769429,3.209911273,0.035271000
1609060492.534708023,-3.367941915,4.437389961,3.207571728,-3.356648628,4.414114568,3.211132559,0.026114397
1609060492.579715014,-3.334303791,4.405476239,3.209644414,-3.326930996,4.384746394,3.213330199,0.022308509
1609060492.630504131,-3.298966195,4.373137294,3.211100722,-3.298351328,4.360258222,3.214631762,0.013368500
1609060492.682944059,-3.258395660,4.339387633,3.213791255,-3.266403364,4.332971734,3.216635948,0.010647974
1609060492.730010033,-3.222144340,4.311896199,3.216049821,-3.201103353,4.284853059,3.220585444,0.034563368
1609060492.779417038,-3.185398990,4.284854511,3.218228793,-3.167986267,4.261301456,3.222875498,0.029657059
1609060492.828896046,-3.145948037,4.257770269,3.221877518,-3.134825952,4.238559232,3.225500692,0.022492045
1609060492.881380081,-3.105475502,4.229780712,3.226836261,-3.100137384,4.216246976,3.229099918,0.014723507
1609060492.929259062,-3.066500557,4.205201577,3.230431234,-3.064866152,4.195713653,3.232641618,0.009878147
1609060492.980987072,-3.025033077,4.179722365,3.233803607,-3.028526560,4.174427889,3.236056913,0.006731515
1609060493.029018164,-2.982522990,4.157197899,3.237424189,-2.958571463,4.135057385,3.242188162,0.032963214
1609060493.079579115,-2.943053712,4.135730451,3.243984614,-2.922918644,4.116735716,3.245304397,0.027712140
1609060493.128925085,-2.900479879,4.113278524,3.247807369,-2.886407097,4.097187428,3.248131554,0.021379235
1609060493.180499077,-2.858049542,4.088811474,3.248939786,-2.851639131,4.078082054,3.249714198,0.012522521
1609060493.228688002,-2.815165498,4.066945264,3.250346007,-2.781173357,4.041390048,3.252356812,0.042574382
1609060493.280271053,-2.777924834,4.044206623,3.250534706,-2.745748712,4.021707744,3.252869983,0.039331360
1609060493.328587055,-2.736670326,4.020189140,3.250590359,-2.710321055,3.999935933,3.252744508,0.033303406
1609060493.380046129,-2.691865933,3.989025050,3.247008269,-2.672423585,3.975660834,3.252795997,0.024292076
1609060493.428469181,-2.649407070,3.961758694,3.246096472,-2.635112776,3.952465592,3.253031316,0.018405994
1609060493.480937004,-2.604553097,3.928836313,3.247939528,-2.567651824,3.905626464,3.251602512,0.043747211
1609060493.529367208,-2.561554930,3.897645390,3.246912401,-2.532539672,3.878478870,3.251280253,0.035047379
1609060493.579791069,-2.517925543,3.861034716,3.251076500,-2.496910515,3.850924507,3.250728555,0.023323139
1609060493.628499031,-2.478802478,3.828699305,3.251424180,-2.463239674,3.824049623,3.249206015,0.016393312
1609060493.682790041,-2.431961665,3.787651834,3.249794213,-2.428404229,3.792664809,3.247636454,0.006514691
1609060493.728916168,-2.394944046,3.751691161,3.245859205,-2.361029762,3.729210011,3.244788498,0.040702914
1609060493.780441999,-2.350003253,3.708194192,3.242910921,-2.325410757,3.693198186,3.243257351,0.028806095
1609060493.829635143,-2.308983099,3.665120633,3.240443552,-2.292081848,3.657052042,3.241448752,0.018755396
1609060493.883442163,-2.265477779,3.616783876,3.237969541,-2.259343047,3.622228898,3.238913895,0.008256816
1609060493.929495096,-2.227311027,3.573830940,3.235901905,-2.191568300,3.542221051,3.235737674,0.047715349
1609060493.978958130,-2.188863922,3.525568899,3.233783855,-2.159084841,3.499883402,3.234381800,0.039330598
1609060494.028350115,-2.147818045,3.474253574,3.231313148,-2.125415477,3.454313186,3.234099123,0.030120687
1609060494.082203150,-2.105529419,3.416454111,3.228744450,-2.090688389,3.409114652,3.232799628,0.017046064
1609060494.129577160,-2.065482089,3.363050089,3.226797463,-2.058871205,3.364294182,3.230420373,0.007640486
1609060494.183086157,-2.025716946,3.304702940,3.226383001,-1.991515558,3.264740085,3.229604412,0.052698598
1609060494.228484154,-1.988093419,3.251142840,3.225400515,-1.960718796,3.217288761,3.228997738,0.043685337
1609060494.280737162,-1.948786026,3.189112342,3.227048251,-1.926748641,3.163868435,3.227845597,0.033519202
1609060494.329248190,-1.908866536,3.129578861,3.226789117,-1.893656536,3.111677271,3.226773194,0.023490663
1609060494.374109983,-1.876103757,3.073141782,3.222155370,-1.862042060,3.059907569,3.226303853,0.019750586
1609060494.429419041,-1.831326499,3.002611842,3.220742876,-1.796710871,2.950190359,3.224332308,0.062921678
1609060494.481046200,-1.785648432,2.928885107,3.224790608,-1.765327827,2.896246124,3.224341653,0.038450380
1609060494.533081055,-1.740842728,2.857666487,3.224897708,-1.730076865,2.837573805,3.223563262,0.022834193
1609060494.580868006,-1.701380277,2.787241042,3.223133510,-1.697214749,2.780494806,3.223064885,0.007928937
1609060494.630129099,-1.658607020,2.717626430,3.223446164,-1.633088229,2.667181617,3.221314744,0.056572350
1609060494.679522991,-1.624580279,2.646296036,3.218061525,-1.600595119,2.608029371,3.220332261,0.045219264
1609060494.730046988,-1.585107472,2.573956238,3.217696023,-1.567574717,2.549367349,3.220536377,0.030332797
1609060494.779560089,-1.543745042,2.501648373,3.217515947,-1.534147918,2.488909696,3.220489774,0.016224128
1609060494.830006123,-1.504044165,2.426992328,3.217459584,-1.503404247,2.431117246,3.220670708,0.005266475
1609060494.881098986,-1.460688623,2.350812973,3.217675626,-1.435695247,2.307606769,3.221762066,0.050081373
1609060494.928388119,-1.422864721,2.280998188,3.218436264,-1.402540359,2.244393296,3.221081630,0.041952303
1609060494.981044054,-1.383861514,2.204651765,3.220100638,-1.370315429,2.183008123,3.221011268,0.025549422
1609060495.029597044,-1.344521085,2.132406437,3.220169341,-1.338951074,2.124635702,3.220376968,0.009563077
1609060495.082610130,-1.302996245,2.053159633,3.219405740,-1.304259948,2.061595074,3.221049786,0.008686570
1609060495.129621983,-1.264514772,1.982756477,3.219832570,-1.237795808,1.936062033,3.221006990,0.053811276
1609060495.180171013,-1.224799774,1.907340505,3.220984664,-1.202918384,1.871570894,3.222882980,0.041974563
1609060495.229920149,-1.182373268,1.831847907,3.222645005,-1.167532852,1.805522412,3.223792771,0.030242140
1609060495.281436205,-1.145053614,1.757509178,3.223981372,-1.134313002,1.741766178,3.225028440,0.019086622
1609060495.335170031,-1.100849405,1.677700734,3.225961632,-1.101136290,1.679511269,3.226810097,0.002019959
1609060495.382240057,-1.066601364,1.608330117,3.226830898,-1.065809835,1.612928732,3.227376389,0.004698014
1609060495.429296017,-1.027510342,1.538372959,3.228682376,-1.000211104,1.486879204,3.231467122,0.058349036
1609060495.483244181,-0.989155657,1.459734845,3.232735015,-0.967205642,1.424889304,3.233416363,0.041188337
1609060495.528154135,-0.953511712,1.393959062,3.235378233,-0.933704499,1.361103850,3.235569885,0.038364402
1609060495.580590010,-0.907850071,1.308511357,3.238612766,-0.901207160,1.296931098,3.236480045,0.013519585
1609060495.628806114,-0.867462301,1.235399084,3.241706508,-0.837113574,1.172769303,3.241678384,0.069595514
1609060495.681596041,-0.826105829,1.150798814,3.242905631,-0.805307655,1.110413621,3.243975734,0.045438672
1609060495.728053093,-0.787228755,1.078773551,3.246004334,-0.775228782,1.050720609,3.246988666,0.030527623
1609060495.781130075,-0.746921161,0.991313369,3.248218295,-0.745857485,0.991173127,3.249720354,0.001845875
1609060495.830497026,-0.709920599,0.917244537,3.254466350,-0.683124295,0.868421135,3.254519745,0.055693530
1609060495.881890059,-0.668705310,0.837651628,3.258019017,-0.652257294,0.805430910,3.257045853,0.036189209
1609060495.929169178,-0.635280073,0.765848290,3.259081834,-0.623170721,0.745758375,3.260086996,0.023478745
1609060495.979615211,-0.596383376,0.688479451,3.261820793,-0.591049538,0.681773144,3.262922529,0.008639341
1609060496.030449152,-0.558978154,0.612811455,3.265224376,-0.560611592,0.620334410,3.265620562,0.007708432
1609060496.082633018,-0.523010815,0.536941183,3.269038847,-0.499661366,0.493562529,3.271095501,0.049306532
1609060496.130023003,-0.488483446,0.468704972,3.271205058,-0.469570200,0.433154098,3.274114971,0.040373793
1609060496.181450129,-0.453068767,0.395156992,3.273353531,-0.440845864,0.372602337,3.277456459,0.025979721
1609060496.229318142,-0.420922353,0.327016478,3.277156660,-0.414741500,0.316836397,3.280386927,0.012339839
1609060496.281906128,-0.387637365,0.253782426,3.282135490,-0.386991772,0.256650381,3.284046962,0.003506519
1609060496.329352140,-0.354908710,0.188625069,3.286015056,-0.334255418,0.148136035,3.292019429,0.045847277
1609060496.380367041,-0.325107184,0.123229533,3.293450481,-0.309930181,0.095996610,3.294562718,0.031196324
1609060496.429882050,-0.293555640,0.060290519,3.297613642,-0.284939612,0.041553059,3.297386038,0.020624746
1609060496.482614040,-0.265056204,-0.004879260,3.301709710,-0.258637283,-0.013177068,3.300757036,0.010533933
1609060496.530198097,-0.235759357,-0.062067326,3.304644057,-0.210631409,-0.116113964,3.306498570,0.059631302
1609060496.579577208,-0.211108247,-0.121156248,3.305477121,-0.187430686,-0.167036459,3.308461700,0.051715842
1609060496.629139185,-0.182060297,-0.180065131,3.308765763,-0.163613048,-0.217272934,3.311504005,0.041619943
1609060496.680529118,-0.152653289,-0.244058098,3.309020811,-0.141382721,-0.266433336,3.313924211,0.025528813
1609060496.729876995,-0.124693467,-0.299554844,3.311260795,-0.119887506,-0.314175011,3.316544079,0.016271436
1609060496.781874180,-0.099616172,-0.359946727,3.312052599,-0.098299298,-0.362419990,3.318586986,0.007109811
1609060496.830726147,-0.072847625,-0.412640286,3.313199248,-0.057081996,-0.451065930,3.321169145,0.042291895
1609060496.879760027,-0.051268527,-0.466242934,3.317494186,-0.038959558,-0.491149925,3.321262613,0.028036939
1609060496.931555986,-0.028286070,-0.517995505,3.319683909,-0.018386848,-0.536647688,3.321388132,0.021184969
1609060496.979130030,-0.004649422,-0.565311489,3.319266341,0.002798505,-0.581568063,3.320808969,0.017947911
1609060497.030738115,0.019544718,-0.615780255,3.318314892,0.021536078,-0.621414183,3.320352940,0.006313502
1609060497.082527161,0.044614336,-0.665661035,3.316724815,0.055830229,-0.695718915,3.317330175,0.032087986
1609060497.128504992,0.065178363,-0.706917275,3.314515885,0.073792077,-0.733090481,3.315870689,0.027587466
1609060497.180168152,0.084789445,-0.751329550,3.310631610,0.091132686,-0.769152604,3.313450407,0.019127037
1609060497.229369164,0.105763538,-0.793970095,3.308318598,0.106370274,-0.803048078,3.310915316,0.009461546
1609060497.282119989,0.125592801,-0.837367417,3.305973022,0.123442517,-0.839577249,3.307996109,0.003687812
1609060497.331099033,0.145385574,-0.878183257,3.302726607,0.155815628,-0.908944826,3.300499561,0.032557946
1609060497.379763126,0.163560502,-0.917423989,3.298779362,0.172546617,-0.943541423,3.296483047,0.027715405
1609060497.430797100,0.185821704,-0.957523122,3.293746991,0.188564341,-0.976454909,3.292615384,0.019162859
1609060497.479521990,0.200799738,-0.995058110,3.289120739,0.204139743,-1.010155358,3.287844360,0.015514885
1609060497.539794207,0.224205002,-1.042209809,3.281666978,0.235044667,-1.075728058,3.278412434,0.035377442
1609060497.585959196,0.241000262,-1.078669726,3.274389140,0.251135148,-1.107690187,3.273065840,0.030767746
1609060497.628929138,0.258727601,-1.111974449,3.268160052,0.266199512,-1.138513539,3.268508030,0.027573064
1609060497.679800987,0.275718013,-1.150072897,3.263063136,0.282451264,-1.172252752,3.262130762,0.023198103
1609060497.728677988,0.296521757,-1.188119510,3.256196168,0.298506463,-1.204324963,3.256194411,0.016326536
1609060497.782530069,0.318861761,-1.232545576,3.247476219,0.314620593,-1.235499023,3.250150742,0.005819229
1609060497.828576088,0.339953224,-1.267970158,3.241136829,0.348055942,-1.299843965,3.237289541,0.033111859
1609060497.881426096,0.360342764,-1.311321676,3.232953143,0.364203626,-1.330343563,3.232067036,0.019429966
1609060497.928340197,0.382102276,-1.348488810,3.226960906,0.382777432,-1.366105469,3.226017563,0.017654812
1609060497.980730057,0.399389361,-1.391085328,3.219982888,0.401406560,-1.402633319,3.219736480,0.011725439
1609060498.030624151,0.418261758,-1.433057840,3.212232629,0.418626662,-1.435508598,3.214974384,0.003695483
1609060498.081089020,0.441237084,-1.474731958,3.206573288,0.451847201,-1.500109200,3.207053620,0.027510174
1609060498.129364014,0.460890290,-1.511754128,3.202430382,0.469733985,-1.532517544,3.205384221,0.022760834
1609060498.179213047,0.483520984,-1.552325222,3.198416475,0.488028155,-1.566068542,3.202800150,0.015113241
1609060498.229629040,0.506415931,-1.592843362,3.195246877,0.504650558,-1.598114643,3.200512090,0.007656724
1609060498.282165051,0.528918517,-1.634210338,3.193160678,0.523496433,-1.631570006,3.197928202,0.007687628
1609060498.330411196,0.550540186,-1.670129547,3.191657565,0.560594924,-1.696362574,3.196577976,0.028521569
1609060498.380028009,0.571621750,-1.707883580,3.190628963,0.579103814,-1.730486854,3.195990700,0.024405685
1609060498.428318977,0.593334735,-1.748067623,3.190298353,0.598085001,-1.763263175,3.195829693,0.016854244
1609060498.482119083,0.616595224,-1.792557796,3.190910665,0.616225576,-1.795394515,3.195500316,0.005408189
1609060498.530372143,0.640220029,-1.831690266,3.190336400,0.636340672,-1.830204000,3.194826871,0.006117412
1609060498.580444098,0.659210434,-1.869189891,3.193731250,0.675411420,-1.899004356,3.193846242,0.033932101
1609060498.629819155,0.683119804,-1.908515098,3.193363391,0.695225138,-1.933949241,3.193127648,0.028168960
1609060498.681581020,0.704261350,-1.951613236,3.191695060,0.714873379,-1.970383204,3.192855119,0.021593346
1609060498.728110075,0.727234520,-1.990155505,3.191295015,0.735261492,-2.006046526,3.191339901,0.017803337
1609060498.786158085,0.750179217,-2.041197824,3.189383863,0.774662945,-2.078536311,3.188508770,0.044658496
1609060498.829328060,0.770967694,-2.079846891,3.187963057,0.793086814,-2.117108541,3.187203392,0.043338933
1609060498.881321192,0.797473550,-2.130994876,3.187188703,0.812392514,-2.154024829,3.185371746,0.027500100
1609060498.928911209,0.822467383,-2.175488630,3.185482138,0.833828395,-2.195656532,3.183215617,0.023258417
1609060498.980941057,0.847190436,-2.228273707,3.183378168,0.854665039,-2.235844598,3.180585920,0.010999306
1609060499.029283047,0.873961517,-2.274611554,3.181855847,0.875196330,-2.277531282,3.177600593,0.005306294
1609060499.083007097,0.898698845,-2.331602038,3.176478770,0.918051659,-2.362276772,3.173779257,0.036369741
1609060499.128166199,0.918890258,-2.377404306,3.174882191,0.938644391,-2.404922256,3.172494595,0.033958268
1609060499.180455208,0.946935413,-2.431939057,3.172671520,0.957290314,-2.446111225,3.170533068,0.017681835
1609060499.228965044,0.970369664,-2.481458345,3.173686068,0.978292701,-2.489510503,3.169128772,0.012181162
1609060499.279461145,0.997421140,-2.536036592,3.171857361,0.999394010,-2.532796268,3.168082031,0.005352106
1609060499.330644131,1.023360673,-2.590105729,3.169585928,1.042146209,-2.626644836,3.165356811,0.041302398
1609060499.381079197,1.048020160,-2.643113901,3.166963752,1.064241826,-2.673838470,3.164834574,0.034809122
1609060499.429335117,1.073119140,-2.696084590,3.165335277,1.084904091,-2.717344362,3.164096649,0.024339210
1609060499.481731176,1.097851608,-2.754233651,3.164366019,1.105016195,-2.763968826,3.163326733,0.012131986
1609060499.528813124,1.121977650,-2.806143095,3.163902408,1.124735219,-2.809377011,3.162861648,0.004375567
1609060499.632210016,1.174179999,-2.917126606,3.164263040,1.187770824,-2.950116038,3.161000473,0.035828166
1609060499.673256159,1.190624976,-2.958664995,3.164332424,1.206800512,-2.993947799,3.160523285,0.039000433
1609060499.721397161,1.215508573,-3.009727594,3.164000698,1.226380554,-3.040015523,3.159493533,0.032494201
1609060499.790719032,1.244616830,-3.082122936,3.162129941,1.265266504,-3.128293905,3.159222049,0.050661852
1609060499.834521055,1.265793411,-3.126874316,3.161445037,1.284326081,-3.174698080,3.158607495,0.051367537
1609060499.881643057,1.284883481,-3.174339360,3.160001869,1.302470931,-3.218113242,3.158249873,0.047207421
1609060499.929025173,1.305918107,-3.221760287,3.158679835,1.320014983,-3.257837555,3.158504897,0.038733987
1609060499.979601145,1.332220075,-3.275580279,3.158287297,1.338005211,-3.299189578,3.157511995,0.024320113
1609060500.030206203,1.357281047,-3.324283893,3.156459673,1.354948048,-3.339277395,3.155804845,0.015188047
1609060500.082598209,1.379091699,-3.378340466,3.155660643,1.372929120,-3.380834588,3.154294448,0.006787084
1609060500.131497145,1.401692949,-3.423410877,3.153700145,1.407341831,-3.458257745,3.149749377,0.035522143
1609060500.180402040,1.418314480,-3.466780204,3.145738700,1.421589136,-3.492261742,3.145584250,0.025691555
1609060500.229773998,1.435052288,-3.508405783,3.142496368,1.437404597,-3.527880031,3.140470138,0.019720175
1609060500.278079033,1.454473601,-3.548473477,3.135795045,1.452683628,-3.560550785,3.135748733,0.012209321
1609060500.330481052,1.471112196,-3.589078205,3.126895918,1.466991840,-3.593602264,3.128545511,0.006337634
1609060500.384297132,1.491155918,-3.629656908,3.117466781,1.495986430,-3.658248757,3.112539869,0.029412619
1609060500.430405140,1.506139738,-3.662367719,3.108718644,1.510504367,-3.687486119,3.104255764,0.025882452
1609060500.481509209,1.521106508,-3.697008299,3.097375468,1.523348550,-3.713684257,3.094869053,0.017011656
1609060500.528917074,1.536533465,-3.727067428,3.084813778,1.536279054,-3.740406006,3.082876498,0.013480929
1609060500.580059052,1.551041041,-3.757556884,3.070012365,1.548835110,-3.764451528,3.070365887,0.007247567
1609060500.630463123,1.565469994,-3.785702502,3.053281730,1.573627832,-3.811679199,3.041276756,0.029756655
1609060500.682104111,1.579245972,-3.813140659,3.035462595,1.585106289,-3.832768592,3.026873700,0.022211893
1609060500.730499029,1.593658967,-3.838440009,3.018910297,1.595903317,-3.854930496,3.011753347,0.018116158
1609060500.779981136,1.601935118,-3.864224780,3.003653637,1.605706461,-3.875862683,2.996498489,0.014172507
1609060500.830636978,1.615181914,-3.888464833,2.986922551,1.616179586,-3.896660228,2.981851546,0.009688909
1609060500.879229069,1.623146396,-3.912526835,2.963969672,1.634981431,-3.936735734,2.950692225,0.030040463
1609060500.929196119,1.635011563,-3.935805907,2.944460731,1.643560054,-3.955311500,2.935289826,0.023187289
1609060500.980226994,1.643837975,-3.958827133,2.924190510,1.651979785,-3.973264996,2.920011838,0.017093925
1609060501.030568123,1.654696846,-3.980403591,2.906664721,1.660450400,-3.990549418,2.905599035,0.011712253
1609060501.082099199,1.666705273,-4.003956551,2.892179666,1.669043758,-4.008770463,2.892024796,0.005354087
1609060501.130629063,1.678479897,-4.024256727,2.879789956,1.685280341,-4.044226078,2.868670499,0.023846663
1609060501.181288004,1.684528453,-4.047147101,2.865268035,1.692215348,-4.060390321,2.858543936,0.016723777
1609060501.229866028,1.695011766,-4.068510493,2.852988811,1.698273766,-4.078063103,2.848806990,0.010926144
1609060501.279139996,1.701459453,-4.092634890,2.838546410,1.704442747,-4.094989274,2.839058625,0.003834779
1609060501.331067085,1.708187538,-4.116371125,2.826872841,1.710206641,-4.113678458,2.828942473,0.003951026
1609060501.383850098,1.718175009,-4.142123565,2.811229168,1.723253554,-4.153280315,2.803293118,0.014602930
1609060501.428828001,1.724401966,-4.162360506,2.796470474,1.729516336,-4.173094190,2.788991298,0.014046594
1609060501.481386185,1.734542324,-4.188777707,2.776725685,1.735739741,-4.192130285,2.774240043,0.004341889
1609060501.528599024,1.743105569,-4.211939387,2.758639837,1.741968008,-4.212664702,2.758640250,0.001349121
1609060501.581145048,1.750419492,-4.237666225,2.739424744,1.748291162,-4.232697575,2.744467033,0.007392019
1609060501.629769087,1.758765225,-4.262502256,2.722796117,1.762380132,-4.274994108,2.716278272,0.014546347
1609060501.678136110,1.765191318,-4.287015120,2.707138695,1.768981116,-4.296033736,2.702940701,0.010645241
1609060501.729612112,1.774864856,-4.313565774,2.691373513,1.777551096,-4.316403409,2.689973841,0.004150559
1609060501.791958094,1.785209108,-4.345063589,2.674282149,1.790370331,-4.358932917,2.666102011,0.016908907
1609060501.833837032,1.794591555,-4.366052590,2.662955283,1.797908308,-4.381429826,2.653239880,0.018489168
1609060501.881379128,1.799557409,-4.388065332,2.648838285,1.805084512,-4.401128735,2.640890758,0.016259292
1609060501.927842140,1.809558044,-4.410614146,2.634363764,1.812226884,-4.422244135,2.627442357,0.013794391
1609060501.979767084,1.818809657,-4.433079451,2.616689306,1.825054556,-4.438562150,2.611524716,0.009784260
1609060502.030068159,1.830147209,-4.456837822,2.599190999,1.827800200,-4.463356763,2.598046002,0.007022540
1609060502.081687212,1.836183617,-4.482479206,2.583818028,1.843388201,-4.503028009,2.571089873,0.025222317
1609060502.129033089,1.846533102,-4.504014246,2.569628818,1.851217309,-4.522968999,2.557784611,0.022836587
1609060502.177217007,1.857135576,-4.526500381,2.553197452,1.858268396,-4.541673740,2.545176453,0.017200306
1609060502.228680134,1.869382921,-4.548962011,2.535717767,1.866207391,-4.561311068,2.530079985,0.013941585
1609060502.281580210,1.876195156,-4.573784123,2.513307347,1.874370041,-4.580009990,2.513603691,0.006494636
1609060502.331065178,1.887492025,-4.594059838,2.495550538,1.881955459,-4.598176492,2.497798745,0.007256365
1609060502.379868984,1.892986478,-4.613454244,2.478804179,1.896324288,-4.630264915,2.469318897,0.019588522
1609060502.429216146,1.899708864,-4.630401335,2.465251640,1.903005225,-4.645504936,2.456424674,0.017801688
1609060502.478612185,1.908826849,-4.647361441,2.450808666,1.909194679,-4.658640443,2.445465323,0.012486092
1609060502.529726028,1.917348241,-4.664627318,2.435666430,1.915735964,-4.672265867,2.432909506,0.008279342
1609060502.581580162,1.925989891,-4.680725482,2.419927626,1.922228836,-4.685122498,2.419888843,0.005786259
1609060502.628553152,1.933704110,-4.693095904,2.406135677,1.934614586,-4.705594494,2.397796479,0.015052772
1609060502.679982185,1.939271878,-4.706734599,2.391840871,1.940349513,-4.715312269,2.387783267,0.009549967
1609060502.729335070,1.946143332,-4.718765304,2.380020047,1.945905371,-4.724189657,2.378431082,0.005657300
1609060502.779874086,1.952636134,-4.728999796,2.368433123,1.951917065,-4.732926576,2.367916740,0.004025334
1609060502.831654072,1.959487477,-4.738422833,2.355687431,1.957777822,-4.741222748,2.356534268,0.003388152
1609060502.876046181,1.964247807,-4.746113989,2.344602346,1.967535255,-4.754052077,2.332783973,0.014611452
1609060502.925194979,1.972330268,-4.753957067,2.330269650,1.973602540,-4.761593341,2.319560346,0.013214407
1609060502.972741127,1.976276689,-4.763609260,2.313222645,1.978939358,-4.767139541,2.306380142,0.008146934
1609060503.024496078,1.985534073,-4.770950484,2.295758286,1.984531290,-4.772492103,2.291925556,0.004251115
1609060503.074285984,1.988053897,-4.775822339,2.278833167,1.989905706,-4.776998206,2.277965558,0.002358941
1609060503.123784065,1.996427892,-4.781457815,2.262211012,2.001895641,-4.786329638,2.249926267,0.014301955
1609060503.173135042,2.002045656,-4.788622010,2.245484926,2.008139990,-4.791332266,2.234913642,0.012499537
1609060503.222823143,2.011607165,-4.795182355,2.226598066,2.014414780,-4.796226762,2.218758307,0.008392575
1609060503.283221006,2.020813421,-4.801812357,2.200491266,2.020541485,-4.801181930,2.202482354,0.002106139
1609060503.329416037,2.030528699,-4.808611374,2.181277574,2.033505407,-4.812048320,2.168373006,0.013682151
1609060503.379991055,2.035473606,-4.817890437,2.158331811,2.033505367,-4.812047471,2.168374356,0.011784182
1609060503.429008007,2.046883780,-4.825737132,2.137198857,2.048794616,-4.823419146,2.132056423,0.005955584
1609060503.478389978,2.053841863,-4.834854995,2.117403506,2.055578919,-4.829078665,2.115369677,0.006365518
1609060503.532170057,2.062131553,-4.839575452,2.095832245,2.062853630,-4.834688989,2.098448637,0.005589670
1609060503.583558083,2.073117086,-4.848048124,2.074412528,2.078887706,-4.848114194,2.063939490,0.011957799
1609060503.628724098,2.080120026,-4.855286863,2.056292668,2.086496528,-4.855307463,2.047513469,0.010850555
1609060503.681049109,2.090782980,-4.865271476,2.035301283,2.093956935,-4.863170865,2.031962962,0.005062702
1609060503.730980158,2.100096556,-4.874419560,2.016442510,2.102212998,-4.871639815,2.016125590,0.003508097
1609060503.781499147,2.109024106,-4.884225814,1.999561803,2.109895162,-4.879423758,2.003262249,0.006124686
1609060503.830842018,2.118550759,-4.895097953,1.984972789,2.126867848,-4.899106965,1.978080339,0.011521807
1609060503.876079082,2.126116492,-4.905757025,1.971537997,2.134292528,-4.908698156,1.967278370,0.009676891
1609060503.923665047,2.136109922,-4.917211306,1.957426854,2.142161754,-4.919246032,1.955194536,0.006763728
1609060503.973829985,2.143959956,-4.928997330,1.946130255,2.149879764,-4.930112080,1.941969634,0.007321036
1609060504.025320053,2.155147091,-4.941351416,1.930215293,2.157417400,-4.940665039,1.929012164,0.002659500
1609060504.075659990,2.160308190,-4.952758974,1.912421890,2.165037356,-4.952413106,1.914822228,0.005314721
1609060504.124380112,2.169501872,-4.965079205,1.897530560,2.176832004,-4.974772111,1.890508764,0.014035274
1609060504.175167084,2.172784200,-4.977113488,1.883199285,2.181283235,-4.986006525,1.878297295,0.013241949
1609060504.224220037,2.179849431,-4.988939021,1.868033015,2.186339672,-4.996163101,1.866003159,0.009921234
1609060504.273495197,2.185104703,-5.001538161,1.852455152,2.191555814,-5.006360492,1.853701466,0.008150154
1609060504.325726032,2.193273995,-5.013955531,1.836256809,2.201105382,-5.028193526,1.829016547,0.017789674
1609060504.372953176,2.199549352,-5.026524325,1.822144312,2.205538876,-5.038947114,1.816161367,0.015033153
1609060504.428673029,2.208824981,-5.039362193,1.805499404,2.209739791,-5.048827840,1.804245642,0.009592042
1609060504.478152037,2.210713163,-5.052712053,1.790928462,2.213741732,-5.057878791,1.792746741,0.006258878
1609060504.529919147,2.219066776,-5.063490376,1.775690795,2.218180541,-5.066767637,1.780611415,0.005978156
1609060504.581017017,2.218827058,-5.074355769,1.759494536,2.224229530,-5.084263047,1.755061660,0.012123994
1609060504.631231070,2.220317061,-5.085190641,1.743986739,2.227282661,-5.092436384,1.742189888,0.010210242
1609060504.682337999,2.225295768,-5.095025133,1.727443117,2.229689811,-5.100100306,1.729740215,0.007095185
1609060504.729389191,2.227260247,-5.104283031,1.713641603,2.231868833,-5.107703037,1.716600027,0.006456608
1609060504.781613111,2.228557699,-5.114469193,1.698816674,2.232605624,-5.115397426,1.704476617,0.007020133
1609060504.830829144,2.229205369,-5.122863354,1.684413605,2.232912142,-5.129815051,1.680873793,0.008636928
1609060504.881592989,2.228254167,-5.131118398,1.669558370,2.232458809,-5.136552181,1.669604291,0.006870744
1609060504.929919004,2.227464374,-5.138628901,1.657407025,2.231508891,-5.143125380,1.658911742,0.006232224
1609060504.979718208,2.224575823,-5.145744747,1.645360276,2.230089493,-5.149392448,1.647730544,0.007023137
1609060505.031477213,2.221821948,-5.153112543,1.631903813,2.228025662,-5.155438672,1.637366654,0.008587175
1609060505.083100080,2.217943767,-5.160154597,1.618272293,2.222447071,-5.167626639,1.615805945,0.009066092
1609060505.129166126,2.214842157,-5.166316730,1.607137961,2.218833393,-5.173024941,1.606420973,0.007838630
1609060505.179536104,2.208122258,-5.173279957,1.593288686,2.214019420,-5.179113933,1.596495301,0.008893491
1609060505.229914188,2.202936086,-5.180340367,1.580438181,2.208788005,-5.185298527,1.587093144,0.010154646
1609060505.288335085,2.196449477,-5.189060872,1.568412787,2.196975499,-5.196991064,1.568267868,0.007948940
1609060505.329346180,2.191305794,-5.195205892,1.559857929,2.189959832,-5.203088405,1.559896877,0.007996695
1609060505.378872156,2.179346511,-5.201160799,1.552912410,2.182170065,-5.209262077,1.551427438,0.008706797
1609060505.430555105,2.172960037,-5.208144485,1.543323263,2.174908205,-5.214993430,1.543457146,0.007121891
1609060505.479947090,2.165590272,-5.216736502,1.532287608,2.167630549,-5.220849735,1.534713497,0.005192913
1609060505.532739162,2.159721293,-5.224431738,1.522112055,2.159774396,-5.227257937,1.525592767,0.004483924
1609060505.582180977,2.147009912,-5.231680821,1.512903640,2.142667173,-5.239890272,1.508934878,0.010099779
1609060505.672855139,2.128683769,-5.246632896,1.492942054,2.127134200,-5.251997530,1.490778222,0.005988542
1609060505.743427038,2.116140137,-5.258704617,1.475171285,2.111749490,-5.264329664,1.469306137,0.009236822
1609060505.785398006,2.111005193,-5.265139730,1.463854770,2.105622276,-5.269352277,1.458356963,0.008771956
1609060505.830541134,2.101529668,-5.270301632,1.451501043,2.099587683,-5.274465517,1.446778556,0.006588712
1609060505.880026102,2.096641357,-5.276810291,1.437039861,2.094147937,-5.279075014,1.435299732,0.003791327
1609060505.928045988,2.092075614,-5.283002689,1.422863151,2.089004406,-5.283706028,1.422459917,0.003176413
1609060505.980888128,2.083111977,-5.291197207,1.406856582,2.084048041,-5.287981753,1.408917819,0.003932436
1609060506.030166149,2.078198789,-5.296419448,1.390326845,2.079702151,-5.292415089,1.395330002,0.006582293
1609060506.082507133,2.072879571,-5.301156347,1.371579011,2.075404168,-5.296871806,1.380647769,0.010342787
1609060506.131301165,2.070061242,-5.305657663,1.353847360,2.070236269,-5.303733037,1.350404762,0.003947949
1609060506.181574106,2.067649172,-5.309870970,1.334672141,2.068540886,-5.307173654,1.334855021,0.002846772
1609060506.229834080,2.068334445,-5.313368689,1.315654182,2.067620044,-5.309989181,1.318572406,0.004521888
1609060506.283174038,2.064830684,-5.315677230,1.295056558,2.066595555,-5.312673865,1.303211049,0.008867395
1609060506.329013109,2.066238849,-5.318413300,1.278087462,2.065768412,-5.315564746,1.286953986,0.009324742
1609060506.381528139,2.062996208,-5.321861243,1.260929644,2.066810378,-5.321458667,1.256959631,0.005520051
1609060506.429151058,2.065540974,-5.325233574,1.246383057,2.067743253,-5.324013964,1.244029942,0.003445959
1609060506.479460001,2.063688456,-5.328566890,1.231740704,2.068418454,-5.326436365,1.231975622,0.005192995
1609060506.528196096,2.066181297,-5.331432285,1.218098633,2.069284775,-5.329207694,1.219640627,0.004118025
1609060506.575851202,2.066702358,-5.332506120,1.204775339,2.070615229,-5.331903075,1.208148772,0.005201373
1609060506.625441074,2.070933602,-5.334996037,1.192062840,2.073517564,-5.337746999,1.186320255,0.006871822
1609060506.676068068,2.069544461,-5.340005168,1.177861841,2.074891216,-5.340844543,1.176667130,0.005542533
1609060506.725394011,2.073325173,-5.343890996,1.166367002,2.076531009,-5.344410528,1.167091903,0.003327579
1609060506.773559093,2.073236320,-5.348365219,1.155241295,2.077910283,-5.347837600,1.157588037,0.005256568
1609060506.823841095,2.075468588,-5.353428614,1.143261838,2.079933314,-5.351790695,1.147887331,0.006634135
1609060506.874558210,2.079215459,-5.358491942,1.130442976,2.084317462,-5.360438414,1.127112343,0.006396273
1609060506.971599102,2.083195613,-5.369930195,1.103902088,2.088456419,-5.370377066,1.104817623,0.005358543
1609060507.042611122,2.086067381,-5.378264478,1.081287069,2.093177063,-5.380624646,1.078706807,0.007923113
1609060507.086133003,2.089322993,-5.384378388,1.066129269,2.094926008,-5.386581589,1.063938364,0.006406866
1609060507.130787134,2.090671137,-5.389451665,1.050987348,2.096764115,-5.392497455,1.049551430,0.006961544
1609060507.178247213,2.090938203,-5.394883333,1.034067760,2.098298228,-5.398486868,1.034590930,0.008211525
1609060507.229111195,2.093411024,-5.401663353,1.014315242,2.099973296,-5.405005621,1.017961896,0.008217801
1609060507.282870054,2.094036123,-5.407853393,0.993093253,2.101556902,-5.411370920,1.001660368,0.011930238
1609060507.330032110,2.097586724,-5.414586535,0.973616201,2.103538949,-5.418065166,0.984308004,0.012721811
1609060507.381578207,2.098331583,-5.424490356,0.951278219,2.106294911,-5.432747442,0.948925975,0.011710129
1609060507.430997133,2.102000642,-5.432781701,0.930981946,2.107967864,-5.439937345,0.931670940,0.009342681
1609060507.480647087,2.103267032,-5.446010322,0.911232608,2.108885628,-5.446370808,0.916857655,0.007958626
1609060507.532473087,2.106717643,-5.456553438,0.891272935,2.109153992,-5.454284482,0.900490467,0.009800350
1609060507.581765175,2.105937616,-5.465206626,0.874124583,2.110682339,-5.468657404,0.871576397,0.006396367
1609060507.629183054,2.109068721,-5.474579995,0.858681324,2.111255072,-5.475736420,0.858480166,0.002481515
1609060507.678351164,2.107177378,-5.484339357,0.843296709,2.111666371,-5.482600002,0.847247698,0.006227898
1609060507.730005980,2.110122281,-5.494839719,0.829247669,2.111370104,-5.490156770,0.835603933,0.007993070
1609060507.781391144,2.108696218,-5.504327868,0.815695348,2.111037180,-5.498230371,0.824689110,0.011115184
1609060507.829667091,2.111343750,-5.514035510,0.803942198,2.110277045,-5.505700814,0.815048489,0.013926763
1609060507.882309198,2.107376333,-5.523319118,0.791363342,2.109129957,-5.520064653,0.796793649,0.006569244
1609060507.930590153,2.103986372,-5.533280494,0.780858898,2.107549708,-5.526921568,0.788262900,0.010390021
1609060507.981079102,2.103398538,-5.543253409,0.770051975,2.105950804,-5.533665896,0.780505035,0.014411833
1609060508.029278040,2.099841735,-5.550436759,0.761895758,2.104100821,-5.540358613,0.772093272,0.014956541
1609060508.088443995,2.098705126,-5.560605170,0.750218223,2.099295121,-5.553662293,0.755348921,0.008653075
1609060508.131664038,2.096018752,-5.565116612,0.741767985,2.097304635,-5.559332980,0.747504908,0.008247193
1609060508.179089069,2.093766835,-5.569124920,0.732515293,2.095029141,-5.564894733,0.739120012,0.007944194
1609060508.230317116,2.092133998,-5.575413603,0.723063264,2.092889920,-5.570005486,0.731214191,0.009811053
1609060508.283871174,2.089188681,-5.581224641,0.713494443,2.090782768,-5.574866196,0.722832211,0.011408981
1609060508.331052065,2.087843166,-5.585527946,0.705254420,2.089028555,-5.579449623,0.714471511,0.011104320
1609060508.379541159,2.085248350,-5.589877670,0.696676842,2.084868127,-5.587774672,0.699176808,0.003288921
1609060508.430205107,2.085835062,-5.593412996,0.687107348,2.083191712,-5.591582701,0.691210792,0.005213016
1609060508.482200146,2.080092142,-5.597881639,0.676915587,2.081053181,-5.595160971,0.683637531,0.007315064
1609060508.530605078,2.079582124,-5.601103733,0.666780443,2.079040936,-5.598745720,0.674359027,0.007955379
1609060508.584336042,2.075208188,-5.601832395,0.653713846,2.076390585,-5.603722020,0.655022258,0.002584703
1609060508.630553007,2.075931061,-5.603655582,0.641990902,2.075414083,-5.605966545,0.644746777,0.003633547
1609060508.680194139,2.071839310,-5.606146187,0.627918084,2.074868178,-5.607285105,0.633325085,0.006301336
1609060508.729096174,2.073513124,-5.607098354,0.614290405,2.074331996,-5.608700132,0.621574093,0.007502556
1609060508.780822039,2.073654361,-5.607730897,0.600788280,2.074268861,-5.609514704,0.610940735,0.010326273
1609060508.873443127,2.074527731,-5.608630057,0.573358856,2.075651890,-5.610539071,0.587602717,0.014415119
1609060508.941129208,2.079566410,-5.609432838,0.553247107,2.077570081,-5.611849200,0.561998202,0.009295472
1609060508.986562014,2.076456660,-5.611106032,0.538797862,2.078481596,-5.612329133,0.549100015,0.010570274
1609060509.031994104,2.075094053,-5.611019722,0.525324441,2.078947145,-5.612611181,0.536534692,0.011960300
1609060509.076798201,2.077318194,-5.611410260,0.512608812,2.081054369,-5.612893020,0.513152367,0.004056233
1609060509.122907162,2.077743533,-5.610497432,0.500543759,2.082524033,-5.613001176,0.502947282,0.005907525
1609060509.176576138,2.079139038,-5.609555878,0.487022550,2.083671370,-5.612734658,0.492208300,0.007585426
1609060509.223483086,2.081483799,-5.609557547,0.475254365,2.084468902,-5.612635787,0.481213679,0.007341650
1609060509.276262999,2.079741327,-5.610578542,0.461159531,2.085186029,-5.612933584,0.470555306,0.011111777
1609060509.324488163,2.081751552,-5.610678546,0.448318881,2.086388171,-5.613250793,0.448497319,0.005305330
1609060509.372967005,2.079101887,-5.610423501,0.434874977,2.086746301,-5.613467937,0.435990786,0.008303655
1609060509.424610138,2.080152409,-5.611503312,0.420425811,2.086316458,-5.613762499,0.423790171,0.007376879
1609060509.473656178,2.080135375,-5.613877526,0.406470588,2.085822491,-5.614524517,0.411039444,0.007323683
1609060509.524735212,2.080690172,-5.615848645,0.391472462,2.084409384,-5.615120250,0.398467103,0.007955382
1609060509.575262070,2.075211950,-5.615274146,0.374626153,2.082717235,-5.616834432,0.384891555,0.012811803
1609060509.623697042,2.075021710,-5.617497602,0.359829290,2.078969137,-5.619701222,0.357711249,0.004992416
1609060509.675162077,2.070217507,-5.618896969,0.343913566,2.076782586,-5.620972570,0.344272964,0.006894748
1609060509.723975182,2.070412998,-5.620385589,0.329074261,2.074739287,-5.621943460,0.331290241,0.005104343
1609060509.774631023,2.066727545,-5.622778813,0.313389243,2.072798286,-5.622852202,0.318681572,0.008054069
1609060509.830249071,2.066444277,-5.624916427,0.296234818,2.067091159,-5.625466086,0.293287299,0.003067320
1609060509.879842043,2.062991442,-5.624584099,0.280345876,2.064497159,-5.627194447,0.280076865,0.003025470
1609060509.929027081,2.062883403,-5.626209856,0.265388979,2.062442927,-5.627450991,0.267502748,0.002490474
1609060509.978571177,2.057937989,-5.630270672,0.246514352,2.059435242,-5.628648853,0.255802110,0.009546440
1609060510.031541109,2.055666457,-5.633449555,0.230038879,2.054746786,-5.630608844,0.243812767,0.014093807
1609060510.084635019,2.043990752,-5.633768380,0.215155383,2.045230007,-5.634931152,0.220813650,0.005907942
1609060510.131839991,2.037079525,-5.634122107,0.201847965,2.040934944,-5.636895434,0.209410775,0.008930381
1609060510.181102991,2.034269717,-5.636270990,0.187190312,2.036871578,-5.639278951,0.197042624,0.010624762
1609060510.229454041,2.027780573,-5.638176863,0.172928439,2.032917117,-5.640920399,0.184968453,0.013374342
1609060510.282863140,2.023954975,-5.639781567,0.155583204,2.029363045,-5.642651566,0.172578806,0.018064734
1609060510.329972982,2.019765599,-5.641345271,0.140470094,2.021167897,-5.646106310,0.147754915,0.008814905
1609060510.380298138,2.013623271,-5.643711394,0.124565240,2.017516178,-5.647085295,0.135121015,0.011745736
1609060510.428771019,2.010097199,-5.644788635,0.109562915,2.014008994,-5.648325625,0.123160827,0.014584774
1609060510.478412151,2.002834429,-5.646510962,0.094470967,2.010195343,-5.650253201,0.111573074,0.018991299
1609060510.531696081,1.997495419,-5.650699803,0.076421749,2.005969609,-5.652004616,0.100053423,0.025139023
1609060510.584844112,1.991991445,-5.655205014,0.056979491,1.997106833,-5.656401343,0.076851155,0.020554353
1609060510.630853176,1.989143308,-5.658852336,0.041748159,1.992032837,-5.659060010,0.065392139,0.023820796
1609060510.681565046,1.982566795,-5.658551337,0.034160773,1.988080387,-5.661771706,0.053146892,0.020031055
1609060510.728801012,1.980349731,-5.661621635,0.020650445,1.984336306,-5.664557948,0.041945150,0.021862734
1609060510.782432079,1.976552970,-5.666076735,0.006415112,1.981874480,-5.667152143,0.032409660,0.026555442
1609060510.829675198,1.984898638,-5.660109760,0.010145683,1.988051513,-5.662985488,0.033439670,0.023681645
1609060510.881379128,1.983828054,-5.659815885,0.010428338,1.989558554,-5.662504261,0.028374574,0.019029803
1609060510.930631161,1.988048349,-5.658444461,0.005203468,1.992795235,-5.661190194,0.024978329,0.020521139
1609060510.983911991,1.995884844,-5.652071204,0.010184379,1.995167153,-5.656531266,0.026195738,0.016636431
1609060511.029888153,2.000103878,-5.650058573,0.009361211,1.996506724,-5.652999599,0.025823881,0.017105808
1609060511.082311153,1.994414877,-5.645112545,0.006817790,1.997334809,-5.645216069,0.024017111,0.017445726
1609060511.128465176,1.997634336,-5.642960256,0.006849826,1.994387077,-5.643668134,0.024149949,0.017616471
1609060511.178915977,1.994423315,-5.641348794,0.004004703,1.993796987,-5.642053609,0.024149340,0.020166692
1609060511.230607033,1.993171694,-5.642215438,0.005105285,1.994393331,-5.640481380,0.024072053,0.019085011
1609060511.283373117,1.994558401,-5.642971421,0.004769459,1.995036974,-5.640329502,0.024208418,0.019623503
1609060511.330246210,1.993581563,-5.642005846,0.003507057,1.994532430,-5.642142627,0.024073979,0.020589346
1609060511.382980108,1.995469608,-5.643755516,0.002108034,1.995380163,-5.643085298,0.024118753,0.022021102
1609060511.424667120,1.998115179,-5.644580420,0.001307520,1.996135075,-5.644282700,0.024306823,0.023086303
1609060511.474285126,1.997510432,-5.646279775,0.002328532,1.995889021,-5.645291175,0.024388039,0.022141097
1609060511.522655010,2.000238688,-5.646650667,0.001496829,1.996064824,-5.646020363,0.024607022,0.023492540
1609060511.576474190,1.998143954,-5.642187194,0.001169140,1.996853870,-5.646895609,0.024414930,0.023752900
1609060511.625574112,1.999603937,-5.641609831,0.000833617,1.996648570,-5.647257669,0.024338779,0.024354156
1609060511.672990084,1.997891199,-5.641084701,0.002864789,1.996332803,-5.646972234,0.024637620,0.022608578
1609060511.724516153,2.000103279,-5.640290104,0.002705667,1.996448760,-5.646883178,0.024638888,0.023192463
1609060511.774074078,1.999593115,-5.641263265,0.001202745,1.996756005,-5.646754286,0.024694503,0.024291217
1609060511.824729204,2.002043531,-5.640937070,0.000836923,1.996695135,-5.647102481,0.024494105,0.025025584
1609060511.873460054,1.999873593,-5.638849988,0.001327655,1.996638831,-5.647356409,0.024411421,0.024812963
1609060511.923904181,2.002643893,-5.638523441,0.001079198,1.996852009,-5.647405194,0.024520381,0.025727816
1609060511.975442171,1.997980216,-5.640599825,0.000330524,1.996976911,-5.647631830,0.024485706,0.025177937
1609060512.022669077,1.999529070,-5.641040218,0.000280675,1.996893873,-5.647979673,0.024498660,0.025330044
1609060512.075103045,2.000893458,-5.638361910,-0.000415817,1.996965569,-5.648194747,0.024531368,0.027101199
1609060512.126736164,2.003522287,-5.638338927,-0.000414796,1.997159648,-5.648309710,0.024382292,0.027473537
1609060512.173801184,2.000130561,-5.638632643,-0.001853527,1.997159300,-5.648317929,0.024371981,0.028114239
1609060512.223273039,2.002590365,-5.638568513,-0.002354645,1.997090612,-5.648386167,0.024351159,0.028979882
1609060512.274697065,1.997844472,-5.638907370,-0.002017367,1.997140660,-5.648485465,0.024555260,0.028254907
1609060512.323801994,1.998745835,-5.639426348,-0.001455612,1.997202819,-5.648722068,0.024569451,0.027678426
1609060512.374632120,2.000123120,-5.640019641,-0.001293477,1.997118797,-5.648791186,0.024562588,0.027468201
1609060512.423748016,1.998327269,-5.641502479,-0.000659267,1.997266055,-5.648996546,0.024533488,0.026305173
1609060512.475403070,1.997919295,-5.643456209,-0.000168124,1.997362071,-5.649115691,0.024475553,0.025291324
1609060512.522479057,1.999932293,-5.644079926,0.000119274,1.997313400,-5.649045040,0.024424010,0.024944562
1609060512.575136185,1.998672659,-5.642342400,0.000564670,1.996859013,-5.647956271,0.024563323,0.024713158
1609060512.624689102,1.999785432,-5.641642008,0.000949879,1.995671465,-5.644375918,0.024260348,0.023828071
1609060512.673336029,1.995472862,-5.640189390,0.000084555,1.994954831,-5.642458604,0.024012629,0.024041015
1609060512.723724127,1.996450567,-5.638944754,0.000091996,1.994292615,-5.640429225,0.023856694,0.023908603
1609060512.773655176,1.992096071,-5.637990175,0.001114003,1.993592640,-5.639008097,0.023713618,0.022671976
1609060512.826208115,1.993220486,-5.637632391,0.001295172,1.993180814,-5.637650445,0.023777772,0.022482643
1609060512.874486208,1.989161617,-5.635330100,0.000886147,1.992937112,-5.636928212,0.023807826,0.023285440
1609060512.923703194,1.990863701,-5.636057161,0.000961950,1.993122488,-5.637137427,0.023736133,0.022911405
1609060512.974423170,1.988972844,-5.637878354,0.001874916,1.993267576,-5.637788002,0.023896132,0.022436284
1609060513.023060083,1.990821604,-5.639169916,0.002303317,1.993707452,-5.638602929,0.023934877,0.021830575
1609060513.077083111,1.987591302,-5.638830011,0.003114824,1.994011881,-5.639532840,0.023766825,0.021638461
1609060513.125016212,1.989568299,-5.640188995,0.003301837,1.994523582,-5.640728043,0.023815022,0.021110096
1609060513.173258066,1.990155752,-5.639043925,0.004488576,1.994662410,-5.641182944,0.023852781,0.019996445
1609060513.225908041,1.993284319,-5.639938541,0.004787207,1.994850951,-5.641422861,0.023929267,0.019263334
1609060513.277425051,1.990402605,-5.640453292,0.004075396,1.994747128,-5.641276095,0.023839651,0.020252843
1609060513.376724005,1.989502311,-5.641125301,0.002739334,1.994324512,-5.640257712,0.023856600,0.021678221
1609060513.424143076,1.989288043,-5.641698606,0.002382824,1.994255890,-5.639853782,0.023874703,0.022135576
1609060513.474897146,1.990486751,-5.642331618,0.001503120,1.994074367,-5.639613213,0.023792155,0.022738993
1609060513.524019003,1.990062827,-5.641136682,0.002415315,1.993925727,-5.639370653,0.023679807,0.021684545
1609060513.574426174,1.990659362,-5.640544069,0.002468060,1.994041769,-5.639066676,0.023577537,0.021429732
1609060513.626206160,1.993139409,-5.640526443,0.002095793,1.993853444,-5.638898760,0.023789656,0.021766555
1609060513.674419165,1.992796366,-5.638920251,0.000472908,1.993749668,-5.638811920,0.023622284,0.023169249
1609060513.723834038,1.995672033,-5.638480339,0.000139448,1.993568985,-5.638445677,0.023701885,0.023656129
1609060513.774116993,1.993833411,-5.636535465,0.000441211,1.993357313,-5.637884475,0.023682645,0.023285419
1609060513.823392153,1.996403234,-5.635249779,0.000305592,1.993333066,-5.637091844,0.023778967,0.023744862
1609060513.879414082,1.993480315,-5.633597041,0.000514275,1.992379657,-5.635314080,0.023965912,0.023540156
1609060513.923260212,1.995952281,-5.632140940,0.000372535,1.992304750,-5.634453268,0.024009509,0.024028272
1609060513.974857092,1.991385803,-5.629417542,0.000029147,1.992098671,-5.633905100,0.024159026,0.024553971
1609060514.024241209,1.993689334,-5.627996574,0.000024499,1.991760906,-5.633522798,0.023840866,0.024525034
1609060514.073918104,1.991904059,-5.627561734,-0.000998875,1.991636191,-5.633097941,0.023750306,0.025362242
1609060514.127549171,1.994454600,-5.626746122,-0.001239652,1.991584269,-5.632920093,0.023841015,0.025988393
1609060514.172559023,1.992617226,-5.628866839,0.000246309,1.991679525,-5.633268241,0.023868968,0.024047487
1609060514.223515034,1.995284737,-5.629157738,0.000354208,1.991707083,-5.633700620,0.024045464,0.024386739
