timestamp,estimate_x,estimate_y,estimate_z,truth_x,truth_y,truth_z,error_m
1609060363.469352007,0.047459872,-0.022220656,-0.031768827,0.000352647,-0.000128288,-0.000155817,0.060881408
1609060363.517702103,0.047291158,-0.021703183,-0.031598912,0.000266305,0.000024604,-0.000032764,0.060661810
1609060363.568032980,0.047447214,-0.022499879,-0.030782251,0.000273958,0.000023288,-0.000043316,0.060642322
1609060363.616620064,0.047259388,-0.021927077,-0.030449581,0.000455122,0.000045726,-0.000206092,0.059900852
1609060363.669232130,0.047538706,-0.022586934,-0.030990507,0.000322824,-0.000048357,0.000006751,0.060812474
1609060363.717437983,0.047317257,-0.021944451,-0.030752170,0.000309158,-0.000056917,0.000007880,0.060291012
1609060363.769133091,0.046747380,-0.022183860,-0.031119180,0.000313077,-0.000056831,0.000003710,0.060119749
1609060363.816621065,0.046433012,-0.021719799,-0.030898918,0.000357567,-0.000119010,-0.000146163,0.059458158
1609060363.869219065,0.046643317,-0.022318127,-0.031210534,0.000265599,0.000019840,-0.000039722,0.060178875
1609060363.918718100,0.046414653,-0.021828523,-0.031018979,0.000450987,0.000034525,0.000000389,0.059605811
1609060363.968429089,0.046454190,-0.021175680,-0.030991443,0.000272345,0.000020770,-0.000045630,0.059495341
1609060364.018787146,0.046196379,-0.020353275,-0.030813956,0.000364012,-0.000124076,-0.000161475,0.058731601
1609060364.067788124,0.045615592,-0.020444317,-0.030312178,0.000268084,0.000022409,-0.000038284,0.058239094
1609060364.119420052,0.045254207,-0.019644437,-0.029978666,0.000327210,-0.000044406,0.000008343,0.057461439
1609060364.166568995,0.045000705,-0.020236101,-0.029452924,0.000259032,0.000018830,-0.000034140,0.057249842
1609060364.220535994,0.044617101,-0.019578255,-0.028945053,0.000351740,-0.000123126,-0.000146439,0.056278632
1609060364.269806147,0.045580630,-0.020686319,-0.028649446,0.000449516,0.000065556,-0.000167732,0.057259635
1609060364.317873001,0.045487520,-0.020336548,-0.028221288,0.000410911,0.000120631,-0.000035863,0.056963278
1609060364.369445086,0.045636617,-0.020498089,-0.028041633,0.000506974,-0.000022317,-0.000153461,0.056865561
1609060364.418934107,0.045568226,-0.020075775,-0.027504229,0.000302656,-0.000052806,-0.000198416,0.056528740
1609060364.470550060,0.045723673,-0.020287113,-0.026888943,0.000306290,-0.000059472,-0.000213235,0.056422421
1609060364.516581059,0.045882573,-0.020270241,-0.026462256,0.000320215,-0.000061600,-0.000232001,0.056323565
1609060364.568826199,0.046030495,-0.021421658,-0.027072559,0.000270386,0.000004300,-0.000070217,0.057290363
1609060364.618486166,0.046075667,-0.021141500,-0.026886051,0.000364372,-0.000146097,0.000022496,0.057047343
1609060364.666870117,0.047096967,-0.021187170,-0.026164012,0.000403415,0.000091364,-0.000075138,0.057564687
1609060364.718618155,0.047240578,-0.020509223,-0.025735758,0.000473405,0.000031166,-0.000029715,0.057182836
1609060364.766618013,0.047294411,-0.022042131,-0.027474399,0.000310503,-0.000046424,-0.000196683,0.058612051
1609060364.816910982,0.047301499,-0.021092022,-0.027410512,0.000388377,0.000111313,-0.000026214,0.058312282
1609060364.866990089,0.046976236,-0.022226083,-0.027698132,0.000290333,-0.000033732,-0.000153898,0.058572680
1609060364.917939186,0.046815780,-0.022152157,-0.027537205,0.000317779,-0.000033161,0.000036970,0.058409324
1609060364.968490124,0.046391512,-0.021923422,-0.027944214,0.000252330,0.000033302,-0.000003276,0.058237598
1609060365.018791199,0.046148730,-0.021563191,-0.027756222,0.000348575,-0.000112449,-0.000125624,0.057630186
1609060365.069586039,0.045943676,-0.021560078,-0.027964618,0.000349153,-0.000110341,-0.000122836,0.057568364
1609060365.116973162,0.045700822,-0.021253556,-0.027766635,0.000294942,-0.000041077,-0.000170892,0.057211784
1609060365.167543173,0.046011123,-0.022009281,-0.028376328,0.000457233,-0.000050459,-0.000144457,0.057917055
1609060365.216737032,0.045984827,-0.021849643,-0.028207858,0.000484481,-0.000056316,-0.000183928,0.057711102
1609060365.269127131,0.046735563,-0.022340778,-0.028763659,0.000390576,0.000110343,-0.000250328,0.058863578
1609060365.317117214,0.046790373,-0.022082443,-0.028623048,0.000114216,-0.000083058,-0.000040323,0.058988209
1609060365.368606091,0.047482020,-0.023295499,-0.028617799,0.000065035,-0.000000712,-0.000072669,0.060048664
1609060365.419071198,0.047596554,-0.023106743,-0.028404345,0.000064369,-0.000013130,-0.000092099,0.059951705
1609060365.467614174,0.047184248,-0.023807069,-0.029019585,0.000111060,-0.000089327,-0.000047031,0.060148360
1609060365.520151138,0.047374334,-0.023590776,-0.028730679,0.000099009,-0.000060148,0.000013594,0.060123872
1609060365.568042040,0.048028930,-0.023263488,-0.029388360,0.000672148,0.000008775,-0.000064483,0.060366818
1609060365.618832111,0.048392535,-0.022998768,-0.029123775,0.000682031,0.000012436,-0.000069406,0.060414933
1609060365.668703079,0.048980344,-0.023324952,-0.029882380,0.000390677,0.000124731,-0.000006958,0.061671584
1609060365.716791153,0.048882840,-0.022694943,-0.029806690,0.000166939,0.000084516,-0.000046349,0.061463979
1609060365.768277168,0.049386895,-0.021981334,-0.028967967,0.000053714,-0.000000496,-0.000059871,0.061258452
1609060365.817838192,0.049676715,-0.021173346,-0.028382545,0.000162657,-0.000157149,0.000006238,0.060821423
1609060365.869102001,0.048501035,-0.022618772,-0.029968953,-0.000130988,-0.000041771,-0.000143903,0.061354122
1609060365.915625095,0.048304483,-0.021502732,-0.029779988,0.000119453,-0.000087053,-0.000052568,0.060532206
1609060365.967102051,0.047762451,-0.021191619,-0.030250047,0.000205407,-0.000232716,-0.000163459,0.060051235
1609060366.017361164,0.047227197,-0.019733170,-0.030165041,0.000354080,-0.000118558,-0.000141596,0.059018889
1609060366.071130037,0.047704664,-0.021236428,-0.030240438,0.000544710,-0.000089497,-0.000083907,0.059838703
1609060366.166268110,0.047489869,-0.021141457,-0.030464558,0.000384117,-0.000176545,-0.000048651,0.059863234
1609060366.217751026,0.047199630,-0.021688468,-0.030121081,0.000087884,-0.000368910,-0.000035229,0.059826404
1609060366.266285181,0.046081739,-0.021470291,-0.030882502,0.000092678,-0.000059805,0.000021112,0.059400639
1609060366.319833040,0.045546841,-0.022474298,-0.030486509,-0.000047252,0.000040180,0.000117196,0.059349050
1609060366.368166208,0.046688392,-0.022184328,-0.030576090,-0.000108373,-0.000091024,-0.000028616,0.060093256
1609060366.417719126,0.046545185,-0.022219229,-0.030063739,0.000242615,-0.000287834,0.000146380,0.059477435
1609060366.467580080,0.045889098,-0.023909352,-0.029739379,-0.000034002,-0.000166907,-0.000013477,0.059634420
1609060366.517288208,0.046320001,-0.023220764,-0.028942340,0.000236429,-0.000296243,-0.000080591,0.059010421
1609060366.569877148,0.046859064,-0.023479925,-0.030030925,0.000393389,0.000124568,-0.000010204,0.060145447
1609060366.617144108,0.045967601,-0.022694684,-0.029430592,0.000385275,-0.000309961,0.000173706,0.058781278
1609060366.668351173,0.048708938,-0.023022588,-0.029418940,0.000403792,0.000110579,0.000175767,0.061191317
1609060366.715952158,0.050442364,-0.022445942,-0.028723552,-0.000613854,-0.000060705,0.000356339,0.062876675
1609060366.768293142,0.051103344,-0.022714670,-0.029009689,-0.000306125,-0.000446384,0.000052128,0.063114176
1609060366.818122149,0.050179517,-0.022328849,-0.029284865,0.001024256,0.000137844,-0.000021976,0.061459814
1609060366.867343187,0.050982848,-0.023305221,-0.028157034,0.000418142,0.000152065,0.000227344,0.062551632
1609060366.917598009,0.048440582,-0.022317842,-0.028290205,-0.000325635,-0.000062576,0.000476609,0.060835601
1609060366.967342138,0.046844898,-0.022802453,-0.028572758,0.001656293,-0.000071272,0.000044147,0.058117500
1609060367.018635988,0.045529069,-0.022373144,-0.028882251,0.000802165,0.000341478,0.000332733,0.058051403
1609060367.066863060,0.046122344,-0.022439442,-0.028858606,-0.000590914,0.000086231,0.001009948,0.059847013
1609060367.120592117,0.045581459,-0.022481689,-0.029264398,0.000176782,-0.000147327,0.000446900,0.058678528
1609060367.168382168,0.045547766,-0.022328591,-0.029283739,0.000698040,0.000075106,0.000454988,0.058290784
1609060367.220067024,0.044904135,-0.021504766,-0.029305508,-0.000617461,0.000036455,0.000738189,0.058641825
1609060367.268805027,0.045254668,-0.021807935,-0.029179717,-0.000389047,-0.000109275,0.000690649,0.058706212
1609060367.316627979,0.044769458,-0.021433288,-0.028635247,0.000459081,-0.000069937,0.000482253,0.057163197
1609060367.374567032,0.043261231,-0.021678115,-0.029007496,-0.000013172,-0.000190865,0.000585093,0.056657720
1609060367.419722080,0.042880115,-0.021276216,-0.028389158,0.000071738,-0.000023967,0.000762706,0.055982555
1609060367.468986034,0.042751931,-0.021883024,-0.028406975,0.000775383,0.000165729,0.000517080,0.055540788
1609060367.518623114,0.042750945,-0.021127951,-0.027391762,0.001005300,0.000191045,0.000525492,0.054557965
1609060367.566896200,0.044046068,-0.022067406,-0.027202263,0.000889959,-0.000018374,0.000532424,0.055837465
1609060367.616783142,0.044060318,-0.021797012,-0.026605097,0.001010969,0.000152422,0.000676674,0.055491613
1609060367.668950081,0.044127766,-0.021088679,-0.027528054,0.000730315,-0.000085094,0.000379515,0.055707466
1609060367.718545198,0.043479121,-0.020826140,-0.027168204,0.000397581,-0.000209806,0.000542911,0.055217372
1609060367.765889168,0.045354389,-0.022239207,-0.028998283,0.000105201,-0.000078862,0.000416649,0.058342164
1609060367.817234993,0.045622796,-0.022096003,-0.028666151,0.000242984,0.000010138,0.000409641,0.058252987
1609060367.868952990,0.044029198,-0.021988195,-0.029131422,0.000339713,-0.000142813,0.000495190,0.057129046
1609060367.922713995,0.044526196,-0.021369167,-0.028817683,-0.000142040,-0.000038417,0.000754198,0.057660631
1609060367.968739033,0.040026802,-0.020043127,-0.027130647,-0.001113061,-0.000305982,0.001167478,0.053691965
1609060368.018198013,0.037529956,-0.019250013,-0.026295975,-0.002591340,-0.000469840,0.001426557,0.052258512
1609060368.068567038,0.030257036,-0.019443344,-0.027877766,-0.004485227,-0.001351842,0.001637312,0.049045562
1609060368.117814064,0.025820144,-0.018747787,-0.027577359,-0.007008597,-0.002171046,0.001762192,0.047045976
1609060368.170260191,0.019342782,-0.019889986,-0.028735113,-0.008981754,-0.002686339,0.001555349,0.044897182
1609060368.217667103,0.015040779,-0.019371970,-0.028192455,-0.011817858,-0.003851114,0.001463996,0.042916063
1609060368.267811060,0.011768077,-0.018897434,-0.028625332,-0.012638625,-0.003852636,0.001484095,0.041576564
1609060368.318669081,0.008192955,-0.017577948,-0.027991287,-0.012800729,-0.003916812,0.001998616,0.039073721
1609060368.367310047,0.006188564,-0.017635070,-0.029838755,-0.012701319,-0.003757035,0.002368789,0.039834073
1609060368.424607038,0.004183295,-0.015969640,-0.029372790,-0.012259085,-0.003807545,0.002900941,0.038208142
1609060368.476238012,0.006711060,-0.012085141,-0.029036448,-0.010112976,-0.002952009,0.004130070,0.038294650
1609060368.523241997,0.006680075,-0.009904790,-0.027911966,-0.009622581,-0.003024745,0.005233767,0.037573278
1609060368.573940992,0.007920346,-0.008550302,-0.026159378,-0.008666150,-0.002535391,0.006737470,0.037329527
1609060368.625032187,0.008686412,-0.006014612,-0.022985435,-0.008485328,-0.001808579,0.009260493,0.036774438
1609060368.676413059,0.006292768,-0.007841950,-0.017845542,-0.008426871,-0.000540116,0.013900029,0.035745851
1609060368.725769997,0.007163603,-0.005475990,-0.008394935,-0.006980668,0.001387151,0.020947916,0.033289128
1609060368.777173996,0.009465390,-0.003114259,0.002672456,-0.003863052,0.003164326,0.043774036,0.043662431
1609060368.824648142,0.010838445,0.000011027,0.020943708,-0.003041256,0.004224189,0.062690524,0.044194948
1609060368.875344992,0.014500062,-0.000580475,0.045305308,-0.001104869,0.005573438,0.083074624,0.041326817
1609060368.923364162,0.016568999,0.001658118,0.073920140,0.001111218,0.008267013,0.110012053,0.039815156
1609060368.974891186,0.015746504,0.007787139,0.106527238,0.001616823,0.009225935,0.139364636,0.035777265
1609060369.023996115,0.017494333,0.010079866,0.146537625,0.006026772,0.014035969,0.208056706,0.062703693
1609060369.076563120,0.018075353,0.014098966,0.200869390,0.005645943,0.016277352,0.250225514,0.050943721
1609060369.122320175,0.018263079,0.017869835,0.249736526,0.006525430,0.018601496,0.295004927,0.046771101
1609060369.175933123,0.016599673,0.021390861,0.316369860,0.005475035,0.021591195,0.345836221,0.031497050
1609060369.225181103,0.014789674,0.025569517,0.379973322,0.004460880,0.025012164,0.400167667,0.022689341
1609060369.277878046,0.012918910,0.028440022,0.451965168,0.003670517,0.031544681,0.514357305,0.063150221
1609060369.325048208,0.010929979,0.032747913,0.521020139,0.002224844,0.035987753,0.576799261,0.056547205
1609060369.375655174,0.013368133,0.035245859,0.596058342,0.000986345,0.039151329,0.639772380,0.045601299
1609060369.423925161,0.011013064,0.038930980,0.672319258,-0.001116003,0.042314623,0.705078997,0.035096492
1609060369.476325035,0.005775952,0.041520178,0.755868355,-0.004156337,0.045257470,0.774513121,0.021453322
1609060369.526211023,0.002192967,0.044059078,0.838642293,-0.010900538,0.050291649,0.909076917,0.071911898
1609060369.576457024,-0.002931713,0.048693244,0.925240625,-0.016939148,0.051896956,0.979990540,0.056604109
1609060369.624904156,-0.007861029,0.051375921,1.004754204,-0.022175154,0.051526789,1.047043231,0.044646150
1609060369.676457167,-0.011220222,0.049242319,1.086488391,-0.027673429,0.050771761,1.113042541,0.031275711
1609060369.724966049,-0.016077542,0.048221568,1.162339182,-0.032117921,0.050163012,1.177115361,0.021895169
1609060369.776529074,-0.022182733,0.043973562,1.243585219,-0.035790958,0.046619757,1.239326189,0.014502602
1609060369.824362040,-0.027523080,0.040761274,1.314015583,-0.048315656,0.041410133,1.362549445,0.052804243
1609060369.874984980,-0.036583054,0.036656022,1.380865293,-0.053330903,0.036474501,1.420254690,0.042802430
1609060369.922994137,-0.042452701,0.030095412,1.446017509,-0.058678361,0.032198394,1.477099828,0.035125562
1609060369.973376989,-0.048658193,0.022471065,1.518863184,-0.065083831,0.023966201,1.532618070,0.021476357
1609060370.024846077,-0.055524291,0.011791996,1.585253225,-0.072377628,0.016004412,1.588192475,0.017618701
1609060370.077591181,-0.062835268,0.000904221,1.647348851,-0.083431370,-0.004630554,1.692531060,0.049962638
1609060370.131295204,-0.070386259,-0.012661400,1.714271479,-0.089787416,-0.014949260,1.745325643,0.036687876
1609060370.176069021,-0.076539803,-0.025287328,1.772890074,-0.096869567,-0.026482980,1.797683407,0.032084860
1609060370.225593090,-0.084078757,-0.040143118,1.834371877,-0.103631683,-0.038952007,1.850505250,0.025377576
1609060370.274984121,-0.088162195,-0.058470586,1.899485949,-0.110097413,-0.052760272,1.902116488,0.022818440
1609060370.332502127,-0.096683196,-0.077140547,1.972202571,-0.125957451,-0.082164741,2.012235544,0.049848405
1609060370.379465103,-0.106269589,-0.090325439,2.029178505,-0.132146366,-0.097639112,2.064290997,0.044226514
1609060370.424487114,-0.113803363,-0.106210441,2.085583567,-0.138970158,-0.113620467,2.114148903,0.038784720
1609060370.475898027,-0.126584968,-0.121279872,2.147334847,-0.146695647,-0.130204811,2.165147451,0.028308706
1609060370.524448156,-0.135726882,-0.138842743,2.208818001,-0.153378897,-0.146180621,2.218056271,0.021231668
1609060370.576019049,-0.144608205,-0.156953961,2.274503011,-0.160283271,-0.161757085,2.271150443,0.016733721
1609060370.625375986,-0.154048430,-0.174004461,2.337730054,-0.176451613,-0.193992806,2.375328685,0.048115420
1609060370.675712109,-0.163352021,-0.191679555,2.403331350,-0.184377598,-0.209235434,2.429577604,0.037936126
1609060370.723781109,-0.172439609,-0.207446084,2.463832786,-0.191083444,-0.223693645,2.478888960,0.028952793
1609060370.775207043,-0.182833872,-0.225902777,2.527382766,-0.200568808,-0.238917265,2.530510875,0.022219135
1609060370.824608088,-0.192587357,-0.241097530,2.584791172,-0.210445223,-0.252993012,2.579952839,0.021995802
1609060370.877348185,-0.204937296,-0.261547488,2.640537129,-0.223900228,-0.280567611,2.665764053,0.036847734
1609060370.923455000,-0.214297088,-0.276063406,2.686942892,-0.232597663,-0.294021379,2.705369191,0.031574172
1609060370.976181030,-0.222046615,-0.292081036,2.735561159,-0.240827341,-0.306444307,2.742874947,0.024748954
1609060371.024459124,-0.230212100,-0.306792584,2.778248944,-0.248395824,-0.318086171,2.778800117,0.021412536
1609060371.076410055,-0.237328630,-0.321043229,2.819459752,-0.255354368,-0.329789166,2.812602268,0.021176491
1609060371.125555992,-0.244161506,-0.334861998,2.858174035,-0.262940383,-0.341479720,2.843007667,0.025029166
1609060371.175806999,-0.249206880,-0.349148175,2.894319849,-0.276828065,-0.363164403,2.904519843,0.032610188
1609060371.226459980,-0.254538299,-0.362160862,2.929967602,-0.282855212,-0.373743247,2.931824766,0.030650420
1609060371.275564194,-0.260781921,-0.377342039,2.960990997,-0.290110462,-0.384411233,2.959635318,0.030198919
1609060371.322875023,-0.265234413,-0.389119952,2.991856817,-0.295871900,-0.394180165,2.985678750,0.031661174
1609060371.381882191,-0.271004786,-0.403653716,3.024300448,-0.306265603,-0.414011999,3.035787875,0.038504288
1609060371.425695181,-0.274355162,-0.414867021,3.050579458,-0.312094368,-0.424202563,3.060710134,0.040175000
1609060371.476238012,-0.282706046,-0.425750203,3.081165081,-0.316266270,-0.433729930,3.084963488,0.034704360
1609060371.523342133,-0.287043478,-0.436727887,3.108957317,-0.320262403,-0.442943325,3.108590964,0.033797379
1609060371.576235056,-0.293157043,-0.449905840,3.144090301,-0.324850774,-0.453096609,3.133294628,0.033633617
1609060371.625576019,-0.298426482,-0.461376686,3.174152632,-0.329130857,-0.462328652,3.157601878,0.034894016
1609060371.677156210,-0.308729804,-0.473193617,3.202865000,-0.336091099,-0.481092748,3.210284976,0.029429454
1609060371.723249197,-0.314407010,-0.483641337,3.231051911,-0.338919177,-0.490106751,3.231828442,0.025362392
1609060371.773763180,-0.323120797,-0.494142042,3.258146952,-0.341977641,-0.499358827,3.255331405,0.019766707
1609060371.824518204,-0.329530537,-0.505936551,3.285930343,-0.344228459,-0.507845517,3.276648967,0.017487624
1609060371.877555132,-0.333978863,-0.517126732,3.314798389,-0.346992589,-0.517474066,3.298539234,0.020828774
1609060371.924982071,-0.339546183,-0.528290400,3.341615917,-0.352742980,-0.534766093,3.344503812,0.014980987
1609060371.975533009,-0.340421487,-0.540284108,3.368792040,-0.355778269,-0.542945984,3.369988573,0.015631636
1609060372.022653103,-0.344052636,-0.550311945,3.400834147,-0.358431258,-0.550976755,3.397110261,0.014867887
1609060372.076374054,-0.349374181,-0.561985926,3.438871929,-0.360854492,-0.559106565,3.430592133,0.014444490
1609060372.125910997,-0.353704790,-0.571724285,3.479582879,-0.363383761,-0.566907763,3.463888234,0.019057892
1609060372.175580978,-0.354907802,-0.581377895,3.510308720,-0.369859639,-0.585870174,3.527273491,0.023055182
1609060372.223182201,-0.358972784,-0.592178006,3.542900765,-0.374836193,-0.595417886,3.557009098,0.021475326
1609060372.275930166,-0.363572731,-0.603591485,3.574286363,-0.380866921,-0.604897358,3.582063065,0.019007141
1609060372.325079203,-0.369136707,-0.614804612,3.602078062,-0.388001282,-0.615304958,3.606595967,0.019404484
1609060372.376758099,-0.378003170,-0.628488624,3.631340766,-0.394522127,-0.625191931,3.628419746,0.017096096
1609060372.429697990,-0.383436753,-0.640556525,3.650822407,-0.406105729,-0.643790196,3.659128772,0.024358464
1609060372.476099014,-0.394556801,-0.650993637,3.671902824,-0.413418562,-0.653739830,3.670040610,0.019151382
1609060372.524174213,-0.403574924,-0.662603368,3.682938582,-0.421934081,-0.663588713,3.679157219,0.018770409
1609060372.576766014,-0.417720053,-0.675696133,3.687627101,-0.432160168,-0.674308577,3.687114134,0.014515694
1609060372.625241041,-0.431875510,-0.688797412,3.692993252,-0.444138523,-0.685748881,3.692944703,0.012636351
1609060372.677778006,-0.450640787,-0.702049648,3.692937740,-0.472182362,-0.709984860,3.700863736,0.024286384
1609060372.722868204,-0.467001628,-0.715135360,3.693691906,-0.487270871,-0.721973900,3.702916409,0.023295907
1609060372.775847197,-0.488058828,-0.731864458,3.692390568,-0.505848083,-0.735761744,3.704256272,0.021735715
1609060372.825339079,-0.511441142,-0.747810491,3.690610894,-0.526069984,-0.750295347,3.704633878,0.020416209
1609060372.877873182,-0.539054797,-0.765814496,3.690302996,-0.547754742,-0.764950797,3.704518656,0.016688919
1609060372.926480055,-0.565726259,-0.783462101,3.688247160,-0.593420072,-0.795760926,3.703677042,0.034004259
1609060372.973802090,-0.591568203,-0.800435141,3.689807825,-0.620897279,-0.813488992,3.702993153,0.034705196
1609060373.024542093,-0.623141481,-0.820447957,3.687519224,-0.646525992,-0.828963408,3.701829861,0.028707884
1609060373.076001167,-0.657874369,-0.840059998,3.688116956,-0.675289520,-0.846026815,3.700759306,0.022332026
1609060373.124036074,-0.692258259,-0.860323407,3.686155152,-0.709971378,-0.867345766,3.699576746,0.023306808
1609060373.180086136,-0.736828961,-0.887204294,3.682443052,-0.776686276,-0.905831842,3.697216106,0.046409420
1609060373.223744154,-0.771833340,-0.907587584,3.681115787,-0.809920388,-0.924243835,3.696345570,0.044271889
1609060373.277434111,-0.814788850,-0.932380553,3.686853518,-0.848077978,-0.945595600,3.695309579,0.036800931
1609060373.323575020,-0.855212293,-0.955084820,3.686441995,-0.886660876,-0.966654444,3.694019147,0.034355244
1609060373.374325037,-0.899127359,-0.980198113,3.690846567,-0.927886646,-0.989412251,3.693097253,0.030283040
1609060373.424693108,-0.944698401,-1.006522815,3.691313064,-0.968898001,-1.011800549,3.691689048,0.024771283
1609060373.477025032,-1.001547967,-1.036923193,3.695355107,-1.051879550,-1.056883816,3.688286607,0.054604564
1609060373.523668051,-1.048714326,-1.062559797,3.696397878,-1.094512317,-1.079666570,3.687373345,0.049714584
1609060373.575177193,-1.103493207,-1.091558522,3.694482938,-1.137913341,-1.101731043,3.686523392,0.036763843
1609060373.624744177,-1.156404593,-1.120262078,3.696230792,-1.181115114,-1.125059384,3.685982054,0.027178311
1609060373.678225040,-1.216268628,-1.151385601,3.696429434,-1.226890779,-1.149619172,3.685943546,0.015030111
1609060373.725805044,-1.266094439,-1.178670183,3.697069357,-1.313001936,-1.195014514,3.686210798,0.050846423
1609060373.776236057,-1.317162683,-1.205649971,3.693709966,-1.355729032,-1.218154311,3.685770352,0.041312943
1609060373.823961020,-1.366033268,-1.232899231,3.694395576,-1.399104199,-1.240364988,3.687241233,0.034649800
1609060373.877856016,-1.420973245,-1.261626748,3.692892661,-1.442353008,-1.262900504,3.687784823,0.022018327
1609060373.925863981,-1.469259575,-1.287964436,3.692281121,-1.484444625,-1.285211253,3.687999352,0.016015595
1609060373.976363182,-1.519342634,-1.315086317,3.690396995,-1.567414308,-1.328708289,3.687688001,0.050037812
1609060374.024655104,-1.566028616,-1.340248654,3.689500485,-1.607214129,-1.348391728,3.687128827,0.042049743
1609060374.074808121,-1.613244909,-1.363109993,3.688318284,-1.649023558,-1.369894380,3.686998311,0.036440114
1609060374.125483036,-1.658804625,-1.388237154,3.687117649,-1.685574068,-1.388050797,3.686381721,0.026780206
1609060374.175988197,-1.703897365,-1.408117876,3.686837487,-1.723239004,-1.407546138,3.686835862,0.019350087
1609060374.224302053,-1.744864496,-1.429520794,3.686580556,-1.797917876,-1.444865798,3.687996877,0.055246143
1609060374.275952101,-1.788759900,-1.449823738,3.689731154,-1.835056586,-1.463849366,3.689566788,0.048374874
1609060374.324405193,-1.827707270,-1.469134852,3.690771340,-1.868965925,-1.481263362,3.690706180,0.043004437
1609060374.377850056,-1.869922378,-1.489090562,3.694084104,-1.903570178,-1.499197235,3.691736314,0.035211240
1609060374.432549000,-1.910810013,-1.508947553,3.696105694,-1.968480002,-1.532020744,3.694499846,0.062135164
1609060374.480001211,-1.950135888,-1.527846880,3.703532223,-1.997598120,-1.546545850,3.695615118,0.051623595
1609060374.523640156,-1.981876056,-1.542820890,3.706587560,-2.026025194,-1.561168729,3.696887070,0.048784107
1609060374.575245142,-2.020861703,-1.563391370,3.701405107,-2.057039284,-1.576932262,3.697876191,0.038789514
1609060374.626283169,-2.055721782,-1.581719948,3.703200258,-2.083748279,-1.590910205,3.698962254,0.029797752
1609060374.675654173,-2.092599082,-1.601087459,3.699933889,-2.110778832,-1.604898674,3.700056864,0.018575355
1609060374.723823071,-2.127937334,-1.619884386,3.701258784,-2.167963863,-1.634482676,3.703121748,0.042646263
1609060374.773189068,-2.163369025,-1.637574375,3.706014332,-2.196033545,-1.648792723,3.705156372,0.034547913
1609060374.824628115,-2.197464044,-1.657288813,3.708825909,-2.222148694,-1.662712311,3.706574629,0.025373501
1609060374.877428055,-2.231266949,-1.675154381,3.708926219,-2.248622865,-1.676677161,3.708262757,0.017435219
1609060374.925567150,-2.262491744,-1.692130134,3.710632415,-2.274520340,-1.689974631,3.709869223,0.012244010
1609060374.975277185,-2.298246020,-1.709245206,3.714073796,-2.328953165,-1.719049486,3.712064275,0.032296916
1609060375.024696112,-2.331647562,-1.727426550,3.715172351,-2.355256542,-1.733483718,3.712563843,0.024512803
1609060375.075798035,-2.363088688,-1.744885302,3.715976156,-2.380948414,-1.747895274,3.713015132,0.018352041
1609060375.126281977,-2.393204190,-1.763115639,3.716242991,-2.406225117,-1.761805666,3.712766709,0.013540499
1609060375.176793098,-2.423039363,-1.779457433,3.716562765,-2.430835217,-1.775682049,3.712397488,0.009611369
1609060375.225218058,-2.452254840,-1.795896394,3.716786282,-2.482020377,-1.803589936,3.712223930,0.031080425
1609060375.275624990,-2.485206460,-1.813562249,3.716339750,-2.508467546,-1.817974345,3.711809752,0.024105302
1609060375.323940992,-2.516178835,-1.829975417,3.716274709,-2.535161045,-1.832814682,3.711240269,0.019842664
1609060375.377138138,-2.552262105,-1.848398017,3.716627782,-2.562666614,-1.848045568,3.710737090,0.011961533
1609060375.425173998,-2.583139989,-1.864920736,3.716594239,-2.589021184,-1.862751002,3.710833725,0.008513502
1609060375.476772070,-2.617844527,-1.880368550,3.719429688,-2.644489253,-1.893887234,3.710146747,0.031286886
1609060375.524785042,-2.648453758,-1.896524437,3.720065228,-2.668875146,-1.907398328,3.710139740,0.025175184
1609060375.575093031,-2.680602841,-1.913351025,3.720036013,-2.695181908,-1.921734615,3.709786963,0.019694588
1609060375.626551151,-2.713184469,-1.930633936,3.720243305,-2.721371946,-1.936574402,3.709420999,0.014813717
1609060375.677131176,-2.746922663,-1.949951579,3.721809028,-2.748409146,-1.951941765,3.708925636,0.013120681
1609060375.728677988,-2.779784860,-1.967277928,3.721946813,-2.799819626,-1.979743185,3.707335200,0.027753806
1609060375.773073196,-2.806599176,-1.982230648,3.718953304,-2.826089864,-1.994085182,3.706154032,0.026157948
1609060375.823648214,-2.837401798,-1.999136572,3.718074184,-2.850103619,-2.006685726,3.705280717,0.019544789
1609060375.876316071,-2.867905800,-2.018792847,3.714517778,-2.877909843,-2.022328085,3.704206825,0.014795085
1609060375.925800085,-2.896962180,-2.036021659,3.712317170,-2.904726782,-2.037382587,3.702733379,0.012409279
1609060375.977324009,-2.927300822,-2.053271451,3.707924002,-2.955760727,-2.064794138,3.699322032,0.031886241
1609060376.024099112,-2.954341254,-2.068675223,3.705267469,-2.980660314,-2.077920130,3.697273739,0.029018286
1609060376.076449156,-2.983812388,-2.086553671,3.702279713,-3.006103080,-2.091799089,3.694722973,0.024114180
1609060376.129225016,-3.013056778,-2.103266954,3.699562503,-3.030186680,-2.105079179,3.691977757,0.018821426
1609060376.176424026,-3.039961628,-2.117408469,3.698222156,-3.054685928,-2.118329044,3.688399529,0.017723896
1609060376.224507093,-3.066911192,-2.132829619,3.693740970,-3.103212274,-2.145148339,3.680569513,0.040534019
1609060376.275020123,-3.098396602,-2.148026772,3.693080282,-3.127546632,-2.158452461,3.676513946,0.035112145
1609060376.324153185,-3.124933810,-2.163297258,3.687754478,-3.149416054,-2.170676780,3.671895928,0.030088723
1609060376.376890182,-3.155003823,-2.180463832,3.681753101,-3.172692456,-2.183860340,3.666715960,0.023463581
1609060376.425126076,-3.180963819,-2.194626046,3.676372608,-3.193773460,-2.195910726,3.662583117,0.018864977
1609060376.479104042,-3.209816273,-2.211822038,3.669218600,-3.216467049,-2.208941268,3.657648730,0.013652602
1609060376.524039984,-3.232962792,-2.224548177,3.663998820,-3.258545551,-2.232089381,3.648034271,0.031083985
1609060376.576709032,-3.260157239,-2.240024000,3.658799021,-3.278799675,-2.244184290,3.642903744,0.024849713
1609060376.624075174,-3.282872376,-2.254045499,3.653486479,-3.298004064,-2.255987085,3.638533976,0.021361532
1609060376.677000999,-3.307183308,-2.267678022,3.650511637,-3.316517064,-2.267522119,3.633843567,0.019104132
1609060376.726062059,-3.328448505,-2.281062029,3.646120882,-3.352388587,-2.288325418,3.626146245,0.032013598
1609060376.776576996,-3.352125610,-2.293844081,3.641716708,-3.370317540,-2.299898488,3.621333897,0.027983229
1609060376.825327158,-3.372036726,-2.306645597,3.637266950,-3.386066999,-2.310452681,3.617051302,0.024900098
1609060376.875717163,-3.392358546,-2.319940594,3.631042948,-3.401729827,-2.320645697,3.612256467,0.021005950
1609060376.923955202,-3.410411006,-2.331507224,3.624872258,-3.417441578,-2.330508790,3.606843174,0.019377143
1609060376.978782177,-3.430724237,-2.343769199,3.615846689,-3.432538953,-2.340990975,3.600895367,0.015315148
1609060377.024703026,-3.446153831,-2.354219394,3.609290874,-3.458459683,-2.358509477,3.589866174,0.023391403
1609060377.076284170,-3.462537341,-2.364534486,3.603799095,-3.472314873,-2.368717367,3.583267167,0.023122645
1609060377.125343084,-3.476655243,-2.374824100,3.597241400,-3.484576842,-2.378104360,3.576954321,0.022024473
1609060377.175764084,-3.490114113,-2.385441071,3.589200056,-3.495520744,-2.386644702,3.570616448,0.019391515
1609060377.224970102,-3.501928733,-2.395246114,3.581774449,-3.506474491,-2.395227126,3.564232376,0.018121495
1609060377.276504040,-3.513112878,-2.404885093,3.570008094,-3.526659296,-2.411309117,3.550972061,0.024231055
1609060377.323620081,-3.522931921,-2.413813016,3.562925813,-3.535962196,-2.419298588,3.543831965,0.023758253
1609060377.372981071,-3.533497279,-2.423133052,3.556066591,-3.544358330,-2.426236397,3.536641204,0.022470845
1609060377.424736977,-3.542029630,-2.432154141,3.547501780,-3.552618105,-2.433840036,3.529068177,0.021325003
1609060377.477060080,-3.552335231,-2.440753949,3.536588070,-3.561006192,-2.441770593,3.520841907,0.018004465
1609060377.525356054,-3.560455209,-2.449750970,3.526863438,-3.575741190,-2.456745999,3.503795010,0.028543721
1609060377.573468208,-3.568234153,-2.459434679,3.518911009,-3.583006782,-2.464307190,3.494719475,0.028761124
1609060377.624278069,-3.575240042,-2.469059929,3.508511582,-3.589691702,-2.472017367,3.485496389,0.027336715
1609060377.676570177,-3.582679492,-2.478489140,3.495394254,-3.595347052,-2.479632415,3.475841473,0.023325638
1609060377.724879026,-3.588212098,-2.488110499,3.485128215,-3.601147778,-2.487659132,3.466743263,0.022484261
1609060377.775535107,-3.594235680,-2.498270220,3.475335224,-3.612022971,-2.503880428,3.448951098,0.032310745
1609060377.825145006,-3.599215929,-2.507890126,3.465429598,-3.616436032,-2.511374594,3.440199978,0.030744222
1609060377.875771999,-3.606627982,-2.521911173,3.454696433,-3.621723694,-2.520843700,3.431377603,0.027799063
1609060377.924765110,-3.611019220,-2.533828742,3.444628530,-3.625965874,-2.529677064,3.423360289,0.026324456
1609060377.975740194,-3.618549827,-2.545592950,3.436026292,-3.629583207,-2.539261014,3.414810762,0.024737170
1609060378.024561167,-3.623144053,-2.558779821,3.425810783,-3.635860906,-2.560492228,3.399032013,0.029694330
1609060378.075357199,-3.626810880,-2.573036808,3.410569487,-3.638464313,-2.572334033,3.390821827,0.022940499
1609060378.124582052,-3.630113237,-2.587937524,3.398951931,-3.640176363,-2.583481522,3.382709075,0.019620214
1609060378.174213171,-3.632679170,-2.602020368,3.386509890,-3.642342880,-2.596753939,3.373047560,0.017388412
1609060378.226052046,-3.635076149,-2.618957984,3.373235697,-3.644498447,-2.609967504,3.363759306,0.016106223
1609060378.276415110,-3.637295309,-2.636369100,3.359575267,-3.645400001,-2.639069770,3.345635012,0.016349628
1609060378.324060202,-3.637495648,-2.654652075,3.348037088,-3.645720149,-2.654334232,3.336803951,0.013925760
1609060378.373277187,-3.638834093,-2.673494424,3.341095273,-3.645522240,-2.671898504,3.327975135,0.014812707
1609060378.423891068,-3.638015560,-2.694013842,3.331041059,-3.644404456,-2.687688442,3.320635545,0.013751486
1609060378.477568150,-3.638333266,-2.716425738,3.323223062,-3.642555575,-2.706188321,3.312997820,0.015072762
1609060378.526171207,-3.635563112,-2.739177002,3.315079765,-3.638592069,-2.746037331,3.298765928,0.017954944
1609060378.574408054,-3.631485746,-2.759549253,3.304155588,-3.635136457,-2.766203155,3.292665219,0.013770645
1609060378.623176098,-3.627132297,-2.783282602,3.296771582,-3.631790212,-2.787288031,3.286938559,0.011594307
1609060378.676959991,-3.621634424,-2.809467787,3.288703956,-3.628051809,-2.809903296,3.281245434,0.009848962
1609060378.726022005,-3.615530814,-2.834138756,3.282804681,-3.623568807,-2.832183282,3.276283789,0.010533530
1609060378.776993036,-3.610229975,-2.860981056,3.278358869,-3.612134117,-2.879055276,3.270310031,0.019876796
1609060378.824391127,-3.602361802,-2.887329115,3.277182046,-3.606332511,-2.903467852,3.270953813,0.017748697
1609060378.877188206,-3.593516390,-2.916651797,3.276761061,-3.599050066,-2.928265005,3.274280360,0.013101223
1609060378.925369024,-3.584717719,-2.944180073,3.281975860,-3.591554965,-2.953193378,3.279915293,0.011499284
1609060378.976911068,-3.573691783,-2.977861989,3.290702141,-3.584765791,-2.980489258,3.286378578,0.012174950
1609060379.027352095,-3.563168521,-3.008963340,3.300439141,-3.568360535,-3.033709838,3.303497641,0.025469601
1609060379.074259043,-3.552684204,-3.041007496,3.311731629,-3.559230228,-3.061752849,3.313754022,0.021847429
1609060379.123567104,-3.541059257,-3.073389808,3.323634454,-3.550707795,-3.087903100,3.323951413,0.017430731
1609060379.172895193,-3.528897101,-3.108386402,3.337765106,-3.541803219,-3.115573310,3.334738512,0.015079118
1609060379.223832130,-3.516304658,-3.143580111,3.351807667,-3.531975395,-3.142700997,3.345793660,0.016808127
1609060379.278740168,-3.503058450,-3.182511909,3.367719525,-3.512527135,-3.199744317,3.366417698,0.019705498
1609060379.324427128,-3.490305826,-3.215070522,3.378601531,-3.501339204,-3.228234457,3.375471175,0.017459202
1609060379.373706102,-3.478819650,-3.247283957,3.389862408,-3.490688696,-3.256363844,3.383699164,0.016164906
1609060379.424789190,-3.464356554,-3.283176211,3.400788387,-3.480199038,-3.283754894,3.391948661,0.018151031
1609060379.477308035,-3.450363666,-3.316372471,3.409844896,-3.469626181,-3.312719800,3.399875350,0.021994962
1609060379.527546167,-3.435288715,-3.350499078,3.418879042,-3.445473909,-3.368499892,3.414188324,0.021207789
1609060379.574175119,-3.423923300,-3.378913285,3.424948406,-3.433834449,-3.397773421,3.419863877,0.021904065
1609060379.624490023,-3.408803376,-3.411714358,3.432243037,-3.421996474,-3.424865858,3.425197845,0.019916187
1609060379.676283121,-3.394176948,-3.445580854,3.436510187,-3.409041724,-3.453201545,3.431210157,0.017525033
1609060379.725444078,-3.378976356,-3.477033623,3.441999439,-3.395672599,-3.481638167,3.436119408,0.018290465
1609060379.778115034,-3.364147355,-3.509100588,3.449366382,-3.382979504,-3.509900341,3.440361359,0.020889707
1609060379.825517178,-3.348806790,-3.539110324,3.453670678,-3.355377424,-3.564908042,3.447713046,0.027279825
1609060379.876507998,-3.334085087,-3.571047991,3.456732648,-3.340890308,-3.593946441,3.451345161,0.024488264
1609060379.924851179,-3.317811929,-3.601932928,3.460125675,-3.326349393,-3.622011318,3.454544537,0.022520638
1609060379.976315022,-3.302460036,-3.634479737,3.462895871,-3.311436577,-3.649173145,3.457969100,0.017909427
1609060380.025951147,-3.285687631,-3.665567042,3.466419866,-3.296229397,-3.677216660,3.461186584,0.016559881
1609060380.076279163,-3.269730824,-3.701897802,3.472107307,-3.263981169,-3.732791610,3.467145278,0.031813639
1609060380.126965046,-3.250784398,-3.735503358,3.476437474,-3.247626910,-3.759228811,3.469813466,0.024834338
1609060380.175324202,-3.232689612,-3.768859329,3.480249559,-3.230427052,-3.787593504,3.472912172,0.020246622
1609060380.224295139,-3.213137921,-3.801607729,3.484249129,-3.212793666,-3.813505725,3.475750415,0.014625627
1609060380.282178164,-3.190296210,-3.841476474,3.485368140,-3.177083283,-3.868931274,3.480877934,0.030797881
1609060380.327114105,-3.170512626,-3.872298479,3.487995017,-3.158766849,-3.893596025,3.483020459,0.024825289
1609060380.418756008,-3.128833577,-3.934720962,3.492444254,-3.118877583,-3.948070041,3.487788216,0.017291570
1609060380.497653008,-3.092289774,-3.983784530,3.495192628,-3.077827159,-4.001126249,3.492175005,0.022781759
1609060380.579474211,-3.051605743,-4.033990414,3.500005846,-3.033666037,-4.055302445,3.496600571,0.028064775
1609060380.613731146,-3.033689668,-4.055579151,3.502023699,-3.012459704,-4.080141876,3.497979175,0.032716923
1609060380.665153980,-3.005428366,-4.086917033,3.505079829,-2.989451526,-4.106792482,3.500006431,0.026000620
1609060380.732620001,-2.966940412,-4.128879096,3.509048212,-2.943221282,-4.158447404,3.504301888,0.038202219
1609060380.775574207,-2.942882019,-4.154102449,3.512811174,-2.918925174,-4.184842992,3.506794514,0.039434904
1609060380.818601131,-2.917557697,-4.180008553,3.516064961,-2.895610243,-4.209410306,3.509168692,0.037332457
1609060380.869970083,-2.887724776,-4.209713862,3.516440905,-2.869744284,-4.235720658,3.511628346,0.031981436
1609060380.919371128,-2.857149528,-4.238883079,3.519636953,-2.843757789,-4.261059535,3.514565625,0.026397959
1609060380.983446121,-2.817428076,-4.276036123,3.521532164,-2.792390890,-4.311074121,3.520282423,0.043082292
1609060381.026141167,-2.790152142,-4.300577195,3.524011774,-2.763708190,-4.338202091,3.524039633,0.045988218
1609060381.072177172,-2.760633989,-4.326836668,3.526120940,-2.739038107,-4.361036134,3.527310100,0.040464796
1609060381.118996143,-2.729844752,-4.352956966,3.529341140,-2.712726349,-4.385275458,3.530657534,0.036595868
1609060381.169764996,-2.693582659,-4.386302239,3.532556148,-2.684748270,-4.410169573,3.533811099,0.025480795
1609060381.224285126,-2.654696826,-4.417900561,3.536530943,-2.657599471,-4.433790021,3.537173777,0.016165195
1609060381.276952028,-2.619338007,-4.445944660,3.540843307,-2.629382162,-4.458193694,3.541575801,0.015857504
1609060381.325170040,-2.583790139,-4.473160500,3.543920373,-2.571749853,-4.505301022,3.549664122,0.034799027
1609060381.373531103,-2.551578645,-4.499598799,3.550074927,-2.542969473,-4.527967815,3.553401424,0.029832608
1609060381.423969030,-2.515677871,-4.526980765,3.554926789,-2.515737271,-4.550046094,3.557554501,0.023214603
1609060381.474560022,-2.481875055,-4.555258970,3.560096747,-2.485870048,-4.572658524,3.561217156,0.017887419
1609060381.525918007,-2.444256575,-4.583081841,3.565009624,-2.456656413,-4.594424898,3.565090522,0.016805578
1609060381.576167107,-2.409188235,-4.609555428,3.570412164,-2.397126210,-4.639917976,3.573348638,0.032802433
1609060381.623407125,-2.374613312,-4.634632834,3.574432121,-2.369739059,-4.659006717,3.576110427,0.024913074
1609060381.675836086,-2.340078396,-4.660893092,3.577697521,-2.338990918,-4.680719163,3.579742630,0.019960916
1609060381.724457979,-2.305460763,-4.685343739,3.581238978,-2.311621641,-4.699898773,3.582150207,0.015831481
1609060381.777621031,-2.270543668,-4.711077284,3.587168563,-2.281600236,-4.720668621,3.585277094,0.014758696
1609060381.825805187,-2.236292753,-4.734150564,3.591013576,-2.224228243,-4.758817721,3.590440605,0.027465421
1609060381.875913143,-2.205226257,-4.755659715,3.592185422,-2.194593620,-4.778610047,3.592860218,0.025302689
1609060381.926110029,-2.169821961,-4.778422058,3.595113218,-2.164925351,-4.796517304,3.595186120,0.018746201
1609060381.974575043,-2.137245424,-4.798211621,3.598884716,-2.135529153,-4.814622067,3.597363290,0.016569944
1609060382.023908138,-2.102451741,-4.819031962,3.601363925,-2.106703127,-4.832500303,3.598818839,0.014350887
1609060382.077841043,-2.065980504,-4.840363067,3.606651799,-2.076244035,-4.850059419,3.600061920,0.015581585
1609060382.126087189,-2.031268617,-4.859323347,3.607883451,-2.017364729,-4.883191294,3.601616482,0.028324404
1609060382.172864199,-2.001841160,-4.877462157,3.609539394,-1.987544429,-4.900079459,3.601291222,0.027999486
1609060382.224690199,-1.965568763,-4.896790765,3.610307024,-1.956068547,-4.915043538,3.601451123,0.022401893
1609060382.276548147,-1.925078480,-4.917523915,3.610623450,-1.926799166,-4.929882036,3.601992239,0.015171741
1609060382.326167107,-1.888862257,-4.935410393,3.611195113,-1.897272794,-4.944477442,3.601574727,0.015668451
1609060382.376545191,-1.852117976,-4.951908541,3.607682836,-1.866812881,-4.958932058,3.601731780,0.017340274
1609060382.423995018,-1.816733888,-4.967393274,3.607402351,-1.806799975,-4.983947707,3.601621597,0.020153138
1609060382.475164175,-1.781786688,-4.981507261,3.602792554,-1.777145457,-4.996343516,3.600342217,0.015737205
1609060382.524759054,-1.745334968,-4.995222786,3.600982603,-1.747638869,-5.007359531,3.599902901,0.012400576
1609060382.573063135,-1.712291094,-5.006499169,3.599756537,-1.717312518,-5.017600173,3.599550762,0.012185620
1609060382.623972178,-1.673545394,-5.018905912,3.597936285,-1.687691648,-5.027547018,3.598314213,0.016580954
1609060382.680236101,-1.634205646,-5.028969866,3.594435031,-1.626876389,-5.045476120,3.596852331,0.018221355
1609060382.726361990,-1.599702071,-5.038400827,3.593764109,-1.596278161,-5.053008703,3.596804589,0.015308746
1609060382.773458004,-1.566697982,-5.047939701,3.594956914,-1.566627308,-5.060709682,3.596698090,0.012888331
1609060382.823677063,-1.529214702,-5.056042960,3.595182325,-1.536866506,-5.067721532,3.596379724,0.014013312
1609060382.877391100,-1.492813085,-5.061665921,3.595817816,-1.506930902,-5.071915734,3.596124881,0.017448946
1609060382.927017212,-1.455004745,-5.067368822,3.597133543,-1.443683911,-5.081787712,3.597529722,0.018336375
1609060382.974920034,-1.422118204,-5.071674828,3.598775932,-1.443684163,-5.081784511,3.597535476,0.023850263
1609060383.024443150,-1.384248434,-5.076069501,3.600701279,-1.376126810,-5.087463838,3.598708603,0.014133735
1609060383.076413155,-1.346850713,-5.078573448,3.603016417,-1.344022801,-5.090456853,3.600129215,0.012551826
1609060383.125964165,-1.308394595,-5.080882908,3.605223567,-1.311826945,-5.093018510,3.600949906,0.013316082
1609060383.175229073,-1.271539228,-5.081059459,3.608448899,-1.249139142,-5.094437498,3.603369662,0.026580716
1609060383.222527981,-1.233977028,-5.081250431,3.610375409,-1.217402464,-5.092801689,3.604199361,0.021125608
1609060383.276117086,-1.194547256,-5.080151247,3.612135601,-1.183891841,-5.092141288,3.605719004,0.017276333
1609060383.323568106,-1.156562037,-5.078504580,3.615001490,-1.150619529,-5.090775835,3.607602327,0.015512728
1609060383.377740145,-1.108968355,-5.072836253,3.617295748,-1.115081411,-5.086617119,3.609911233,0.016787280
1609060383.424261093,-1.068760417,-5.069199107,3.620500335,-1.045434165,-5.079785467,3.614086761,0.026406797
1609060383.476530075,-1.023499172,-5.062934685,3.622378554,-1.010411449,-5.075321877,3.615904339,0.019148015
1609060383.524501085,-0.980455269,-5.057079739,3.625249061,-0.974428694,-5.068929856,3.618159820,0.015066593
1609060383.580219984,-0.933175356,-5.049063899,3.626523459,-0.936789178,-5.062412913,3.619499087,0.015511211
1609060383.625110149,-0.892113696,-5.041799171,3.627442790,-0.901807043,-5.056384201,3.621291112,0.018561444
1609060383.677712202,-0.847157469,-5.031842013,3.626773273,-0.825106100,-5.039962241,3.620932975,0.024213840
1609060383.726248026,-0.802452383,-5.022588376,3.626744423,-0.789548506,-5.032055384,3.621140575,0.016956928
1609060383.775644064,-0.760010905,-5.012090620,3.625542005,-0.752495275,-5.023039522,3.620643003,0.014154977
1609060383.826225996,-0.712594085,-5.000700661,3.625790333,-0.717050131,-5.014585277,3.621125962,0.015309974
1609060383.877563000,-0.666331415,-4.987732468,3.626471946,-0.642546503,-4.993610409,3.621801559,0.024941626
1609060383.925773144,-0.620836137,-4.975456265,3.626090128,-0.604845983,-4.982675121,3.621539949,0.018124597
1609060383.977313995,-0.575495355,-4.961283899,3.624202794,-0.565821007,-4.971280485,3.621468142,0.014177554
1609060384.025890112,-0.529436297,-4.947941048,3.624902112,-0.529310211,-4.960029918,3.622914636,0.012251805
1609060384.082066059,-0.479373715,-4.933221283,3.626659656,-0.487529747,-4.945878753,3.624015426,0.015288045
1609060384.127351046,-0.435830955,-4.919725330,3.628413867,-0.409261543,-4.920282804,3.627604520,0.026587581
1609060384.179015160,-0.390511897,-4.905138741,3.632321814,-0.368093867,-4.905713296,3.629676981,0.022580817
1609060384.225046158,-0.346622551,-4.890875329,3.634739256,-0.327854838,-4.891660730,3.632071767,0.018972596
1609060384.277572155,-0.301151094,-4.874249801,3.638085512,-0.288070222,-4.877472304,3.634003163,0.014076906
1609060384.326673985,-0.253891685,-4.858308392,3.640686790,-0.247175737,-4.862935998,3.635802841,0.009506401
1609060384.378116131,-0.207528229,-4.840131056,3.643929318,-0.206330605,-4.846690410,3.637551218,0.009227112
1609060384.426213980,-0.162435616,-4.823620272,3.646690918,-0.126514290,-4.814888516,3.641927355,0.037273003
1609060384.477639198,-0.108660953,-4.802173614,3.649799492,-0.086727994,-4.798607805,3.643666446,0.023051766
1609060384.526020050,-0.060298627,-4.783658987,3.652297637,-0.047144213,-4.782339957,3.645308009,0.014954376
1609060384.577697992,-0.011051006,-4.760204510,3.655437316,-0.006248386,-4.764230152,3.646935822,0.010561551
1609060384.627104044,0.037882746,-4.739834516,3.657398299,0.031113179,-4.747740738,3.648676720,0.013579445
1609060384.679548025,0.085207539,-4.716661428,3.659391880,0.111394155,-4.712075411,3.651084487,0.027852884
1609060384.725043058,0.129467574,-4.696870042,3.660817672,0.151738760,-4.693003602,3.652031775,0.024251744
1609060384.780750990,0.179298453,-4.671282332,3.660402824,0.190024738,-4.674755365,3.653583972,0.013176187
1609060384.825978994,0.223449107,-4.649838979,3.661573499,0.227295921,-4.656899314,3.654295460,0.010845098
1609060384.879726171,0.272863136,-4.624806058,3.662152623,0.264216777,-4.638107881,3.656008833,0.017013059
1609060384.927287102,0.316526685,-4.602594585,3.664012923,0.341314471,-4.598897150,3.661040918,0.025237634
1609060384.978001118,0.361122690,-4.577988963,3.665558236,0.379321240,-4.578131162,3.662872408,0.018396226
1609060385.025215149,0.403644414,-4.554724793,3.667694178,0.414480397,-4.559261101,3.664975289,0.012057736
1609060385.078049183,0.447179042,-4.528433697,3.672199398,0.452318446,-4.537450547,3.666925012,0.011642002
1609060385.128671169,0.491277639,-4.502326092,3.674654017,0.486790870,-4.517020633,3.668790854,0.016444978
1609060385.178465128,0.532925106,-4.476238042,3.677109090,0.560219358,-4.473693369,3.671306412,0.028020040
1609060385.225788116,0.573946308,-4.452082294,3.677124383,0.595879482,-4.452849431,3.670229429,0.023004196
1609060385.277276993,0.612596526,-4.426662754,3.676342000,0.632087112,-4.429403463,3.669671947,0.020781820
1609060385.324550152,0.651887501,-4.401977829,3.675433697,0.666601723,-4.407614877,3.668171096,0.017350216
1609060385.378527164,0.693169185,-4.373210664,3.675126463,0.701512871,-4.385117380,3.667009320,0.016651576
1609060385.428066015,0.733041067,-4.347225012,3.674223782,0.735816357,-4.362172577,3.665637371,0.017460195
1609060385.478852987,0.769473557,-4.321019439,3.674269201,0.806388871,-4.313926343,3.663785917,0.039025014
1609060385.527404070,0.807675296,-4.295168792,3.673512406,0.841749469,-4.289042630,3.662118136,0.036447339
1609060385.578270197,0.851602360,-4.265115710,3.670147940,0.873842456,-4.266309107,3.660703231,0.024191912
1609060385.624525070,0.888933395,-4.239707802,3.668331215,0.907968453,-4.241627806,3.659139687,0.021225080
1609060385.679279089,0.933937100,-4.207336558,3.664383213,0.938842373,-4.218929519,3.657346417,0.014421336
1609060385.728085995,0.974327688,-4.178936886,3.662144790,1.000423313,-4.172642346,3.653697080,0.028141902
1609060385.780771017,1.012800634,-4.148473956,3.658367120,1.033561134,-4.147848299,3.651231718,0.021961417
1609060385.825530052,1.049102754,-4.121896776,3.655888831,1.065329401,-4.123028548,3.649536773,0.017462348
1609060385.878072977,1.088564691,-4.090205623,3.652187588,1.096268176,-4.097349713,3.647909624,0.011343839
1609060385.927165031,1.127337163,-4.060892418,3.649734590,1.128496204,-4.072365182,3.645658743,0.012230298
1609060385.979855061,1.164229146,-4.030662236,3.646935540,1.159984493,-4.047253696,3.643758888,0.017417943
1609060386.026208162,1.200748732,-4.002186828,3.645102362,1.223580025,-3.995188369,3.640350835,0.024347964
1609060386.077979088,1.237555920,-3.970454052,3.644542282,1.255036599,-3.969007400,3.638575366,0.018527575
1609060386.127557993,1.275056725,-3.940093403,3.643253122,1.283067330,-3.945007179,3.636797599,0.011401262
1609060386.179339170,1.310936455,-3.908073116,3.642316321,1.314809186,-3.917867196,3.634654434,0.013024077
1609060386.225568056,1.346547136,-3.879041157,3.640067310,1.347109013,-3.890868784,3.632148324,0.014244957
1609060386.277292013,1.378650626,-3.848305172,3.635289783,1.378408843,-3.863102740,3.629773900,0.015794032
1609060386.327005148,1.415042976,-3.816939508,3.632486840,1.439526831,-3.806389863,3.625316033,0.027607511
1609060386.378152132,1.448387424,-3.786732734,3.628879227,1.469798219,-3.778320631,3.623015060,0.023739715
1609060386.426437140,1.482889414,-3.756337349,3.626509065,1.499270653,-3.750463033,3.620762662,0.018326858
1609060386.479035139,1.515190521,-3.723504846,3.625635529,1.528727945,-3.722053707,3.618667704,0.015294387
1609060386.526904106,1.548736969,-3.692331633,3.623941339,1.558837027,-3.693008254,3.616754708,0.012414373
1609060386.578626156,1.582297925,-3.659217015,3.620860299,1.587611721,-3.663722467,3.615411451,0.008844517
1609060386.626856089,1.616150292,-3.626935218,3.619747597,1.644431950,-3.605338944,3.611989082,0.036420403
1609060386.678795099,1.653537078,-3.587404146,3.618495939,1.674413833,-3.574101532,3.610076531,0.026147368
1609060386.726828098,1.688150868,-3.553340977,3.617609724,1.703207324,-3.543777721,3.609370291,0.019647925
1609060386.777306080,1.722435611,-3.514439343,3.617786209,1.733399784,-3.511794066,3.607829309,0.015044947
1609060386.826637030,1.758441088,-3.477986950,3.616898169,1.762411781,-3.480483801,3.607187248,0.010784371
1609060386.879197121,1.793442838,-3.438718623,3.614528219,1.818887119,-3.417871745,3.605083517,0.034222889
1609060386.927596092,1.827591042,-3.402128775,3.613066411,1.848399636,-3.383942546,3.603368485,0.029287988
1609060386.977253199,1.859330853,-3.364261419,3.610660248,1.876550421,-3.350258176,3.602333483,0.023705260
1609060387.024797201,1.893539952,-3.325697920,3.609320331,1.905357162,-3.315529513,3.601534615,0.017425852
1609060387.077081203,1.924687129,-3.285169270,3.607519834,1.932391820,-3.282234559,3.600974432,0.010526969
1609060387.128638983,1.959805362,-3.242632445,3.606482017,1.960289894,-3.248117435,3.600472542,0.008150686
1609060387.178961039,1.991221875,-3.201003206,3.605234899,1.987603849,-3.212588256,3.599285002,0.013516832
1609060387.228384018,2.023792653,-3.159682235,3.603325885,2.043142011,-3.139247342,3.596958027,0.028853633
1609060387.279007196,2.053739834,-3.117955473,3.600537386,2.069903856,-3.102405538,3.595630281,0.022959873
1609060387.325957060,2.083688429,-3.077739432,3.598405894,2.094675767,-3.066673452,3.593902940,0.016231270
1609060387.378004074,2.112322431,-3.032657055,3.595836709,2.121636529,-3.028572812,3.592234829,0.010789208
1609060387.428513050,2.143862127,-2.987105079,3.593463772,2.147050238,-2.990191831,3.590462647,0.005357130
1609060387.478980064,2.168872715,-2.946301369,3.595042469,2.172680022,-2.949591707,3.589237782,0.007682207
1609060387.526018143,2.194661327,-2.904745406,3.594140425,2.216627874,-2.871601663,3.587369339,0.040334656
1609060387.578428984,2.218386896,-2.857094714,3.593446293,2.239332053,-2.830664958,3.586630990,0.034404650
1609060387.626721144,2.243270944,-2.813289803,3.591835477,2.260217339,-2.790335411,3.585427508,0.029242888
1609060387.678171158,2.264976926,-2.767677681,3.587347365,2.279956365,-2.750059407,3.584187240,0.023340386
1609060387.728655100,2.288537480,-2.721168778,3.584489827,2.299523538,-2.708676191,3.582646263,0.016737889
1609060387.779019117,2.309545179,-2.665722892,3.581244822,2.335235326,-2.625858578,3.578332674,0.047514501
1609060387.827759981,2.330561415,-2.617315383,3.577457856,2.351355947,-2.584567028,3.575550585,0.038839477
1609060387.878028154,2.347675484,-2.566314604,3.573589499,2.366754904,-2.542755674,3.573250981,0.030317685
1609060387.927401066,2.366511691,-2.514926754,3.569352992,2.380939024,-2.499423057,3.570483497,0.021208267
1609060387.978938103,2.379019403,-2.460592671,3.566273749,2.395443900,-2.455051349,3.568147552,0.017435065
1609060388.028403044,2.394328112,-2.408922991,3.563227296,2.407520080,-2.412453426,3.565291712,0.013811365
1609060388.080017090,2.407497166,-2.357178960,3.560693009,2.418562520,-2.369014510,3.562172453,0.016269943
1609060388.127521992,2.419692118,-2.307699984,3.558000808,2.438249639,-2.283334705,3.556590870,0.030660012
1609060388.177268982,2.428313927,-2.258063713,3.557282853,2.447355418,-2.240133094,3.553654297,0.026405528
1609060388.226025105,2.439435453,-2.207238815,3.554401657,2.456339649,-2.196353044,3.551542979,0.020308222
1609060388.279821157,2.447793795,-2.153333525,3.551250880,2.461196393,-2.154512246,3.547389592,0.013997449
1609060388.327994108,2.455595664,-2.104710909,3.549148880,2.468012016,-2.114168388,3.544978544,0.016155538
1609060388.378304005,2.459089607,-2.056036328,3.547184098,2.480309923,-2.023117502,3.539722042,0.039870205
1609060388.427662134,2.466250383,-2.006926816,3.545073741,2.483405882,-1.980877640,3.536727495,0.032288241
1609060388.479194164,2.468111497,-1.958040083,3.543331480,2.487366183,-1.940957230,3.534986254,0.027059372
1609060388.525289059,2.473124084,-1.912812876,3.542818949,2.490149307,-1.898126140,3.533358223,0.024393929
1609060388.588790178,2.473312517,-1.852042045,3.542713882,2.493778899,-1.814857089,3.531487022,0.043904852
1609060388.632841110,2.475895395,-1.809314411,3.543028106,2.495372105,-1.771266485,3.531182640,0.044354278
1609060388.684895992,2.476551170,-1.758851920,3.540362248,2.496257615,-1.729742659,3.530546057,0.036497269
1609060388.727123022,2.478594596,-1.717543975,3.540437659,2.496067849,-1.689466572,3.529351928,0.034879056
1609060388.777594090,2.477969353,-1.670255337,3.539784938,2.496002220,-1.647843327,3.528909470,0.030753183
1609060388.826026201,2.479647554,-1.624971709,3.540035181,2.496319809,-1.608911984,3.529072806,0.025613522
1609060388.879713058,2.477362379,-1.568758372,3.539334312,2.494857608,-1.569134433,3.528334425,0.020669349
1609060388.928493023,2.478450557,-1.521492726,3.539744554,2.493272984,-1.529060946,3.528356355,0.020166143
1609060388.978852034,2.476230357,-1.473074499,3.538656881,2.490272685,-1.446778124,3.528980195,0.031342058
1609060389.026794195,2.476473434,-1.426912754,3.539025721,2.487127478,-1.407571053,3.529079949,0.024218349
1609060389.078282118,2.468955434,-1.379194161,3.537396891,2.483989415,-1.368908137,3.529898068,0.019699117
1609060389.127646208,2.466559892,-1.333110287,3.538175862,2.481967267,-1.332057144,3.530630301,0.017188130
1609060389.177092075,2.462562647,-1.288740154,3.540685225,2.477957750,-1.294272042,3.531111384,0.018954403
1609060389.227483988,2.459442535,-1.242789305,3.542747311,2.469142848,-1.219703367,3.535183685,0.026158460
1609060389.277998209,2.453500646,-1.200753072,3.544841428,2.465066735,-1.182515038,3.536686726,0.023084615
1609060389.327522993,2.449285519,-1.155306433,3.546165228,2.460405461,-1.144387017,3.537510293,0.017826796
1609060389.378243208,2.441358092,-1.108854631,3.546173687,2.453938759,-1.104479062,3.538011276,0.015621900
1609060389.425644159,2.436906498,-1.065471948,3.545905297,2.449458665,-1.068306160,3.538360121,0.014917083
1609060389.480804205,2.425550920,-1.018823198,3.543711894,2.443637368,-1.028556821,3.538592319,0.021167737
1609060389.530208111,2.419882796,-0.974491562,3.543490074,2.430054209,-0.951871000,3.537962868,0.025410578
1609060389.578667164,2.411683402,-0.932339026,3.546853991,2.422929383,-0.913661744,3.538587465,0.023316269
1609060389.625934124,2.405643201,-0.890704076,3.547935656,2.416796052,-0.879063620,3.538976324,0.018443317
1609060389.678423166,2.393450753,-0.847476583,3.548646973,2.408812961,-0.840848080,3.539444196,0.019095173
1609060389.727277040,2.386684435,-0.803928555,3.549405510,2.401143650,-0.806133503,3.539442063,0.017697484
1609060389.779801130,2.373058332,-0.760770723,3.550776153,2.382977274,-0.725363482,3.539394201,0.038491648
1609060389.824541092,2.365587148,-0.720874906,3.551646168,2.374341012,-0.689962896,3.539213918,0.034449141
1609060389.877240181,2.351180082,-0.675844645,3.549276011,2.364396683,-0.651866225,3.538910562,0.029276026
1609060389.926560163,2.342134283,-0.632632718,3.549721105,2.355362312,-0.614141598,3.539074170,0.025104970
1609060389.978195190,2.327703787,-0.582313900,3.546809921,2.345447542,-0.577189881,3.538529059,0.020240284
1609060390.027326107,2.318154714,-0.536855320,3.545961660,2.324646729,-0.503072840,3.538349925,0.035232666
1609060390.076764107,2.304385711,-0.490806359,3.544199034,2.315361014,-0.466552583,3.538028578,0.027327229
1609060390.127235174,2.293911389,-0.442960051,3.541519232,2.304416062,-0.428608568,3.536479968,0.018485330
1609060390.177085161,2.279711967,-0.399655630,3.538176004,2.292974930,-0.391536744,3.534565175,0.015964354
1609060390.226591110,2.268088070,-0.354352288,3.535160784,2.281588373,-0.353040110,3.532662123,0.013792147
1609060390.280389071,2.251097471,-0.305792269,3.532520231,2.270467026,-0.314987946,3.530071114,0.021580971
1609060390.326570988,2.239969510,-0.263280113,3.528945949,2.246741773,-0.242240677,3.524830851,0.022482337
1609060390.378979206,2.224195782,-0.217289448,3.523848706,2.235012807,-0.204070402,3.522247070,0.017155654
1609060390.426268101,2.212562562,-0.174234151,3.519335773,2.223562176,-0.167638001,3.518642353,0.012844514
1609060390.477884054,2.196732770,-0.132407230,3.514745832,2.210603587,-0.130276165,3.513636281,0.014077361
1609060390.528004169,2.183005963,-0.088433695,3.509115335,2.186221161,-0.058122523,3.504026700,0.030903056
1609060390.577238083,2.165568389,-0.047835609,3.504079011,2.174123030,-0.023592317,3.499455133,0.026120860
1609060390.625013113,2.153596819,-0.005552752,3.498280820,2.160438397,0.013042841,3.494420111,0.020186836
1609060390.676635027,2.133774657,0.035756014,3.491349357,2.147209595,0.049302019,3.488845793,0.019242131
1609060390.726636171,2.120504781,0.079391566,3.484737925,2.134311649,0.086783208,3.483565988,0.015704757
1609060390.780335188,2.100122130,0.122761408,3.477608884,2.105397098,0.162159933,3.472537678,0.040072262
1609060390.825442076,2.087540476,0.161786177,3.472098722,2.091274434,0.196874403,3.466490193,0.035729283
1609060390.878334045,2.066848032,0.203728495,3.467936908,2.077631015,0.230117694,3.462026279,0.029113538
1609060390.928623199,2.051425742,0.246038253,3.462364475,2.061179588,0.270057506,3.456876784,0.026498618
1609060390.978664160,2.027609382,0.285828548,3.456729471,2.043378352,0.311812398,3.451938707,0.030769666
1609060391.025667191,2.011866568,0.325379525,3.452105415,2.026826383,0.348986030,3.446960751,0.028417085
1609060391.085714102,1.983277560,0.380563538,3.447964780,1.993473650,0.420492549,3.438767687,0.042224077
1609060391.125485182,1.968463204,0.414906147,3.444550347,1.976906656,0.454493306,3.435100250,0.041566084
1609060391.175955057,1.942235305,0.458730894,3.441252155,1.960028664,0.489411793,3.432679114,0.036488604
1609060391.225903988,1.921706647,0.502110495,3.437819792,1.941535418,0.523617197,3.431048272,0.030026186
1609060391.278138161,1.896225380,0.544239650,3.433794694,1.923026939,0.558312484,3.428376198,0.030752696
1609060391.328149080,1.874333155,0.586738248,3.431488494,1.904285768,0.592502415,3.426784236,0.030862836
1609060391.378519058,1.851575551,0.628250826,3.429877497,1.864604681,0.661542419,3.424593501,0.036138747
1609060391.420211077,1.832947134,0.664220210,3.428360612,1.843532683,0.695955606,3.423253202,0.033841909
1609060391.470527172,1.805103989,0.702155270,3.426517459,1.820488341,0.731209049,3.422716098,0.033094573
1609060391.521433115,1.779960896,0.745653509,3.425109497,1.797678309,0.765705004,3.420852145,0.027094174
1609060391.570142031,1.752068972,0.781102776,3.421921563,1.774204487,0.800049851,3.420301417,0.029182145
1609060391.619429111,1.728023264,0.819688277,3.420832384,1.751948241,0.831761374,3.419588399,0.026827443
1609060391.671687126,1.700265392,0.856820903,3.421325504,1.728466143,0.864278681,3.419208956,0.029246890
1609060391.722023010,1.675364359,0.896153583,3.420378958,1.681110070,0.927864948,3.419648523,0.032235965
1609060391.775783062,1.643927944,0.934671217,3.421444533,1.658519970,0.957679157,3.420453305,0.027263072
1609060391.826857090,1.617663191,0.973574764,3.421341288,1.631132596,0.991103139,3.420339179,0.022128557
1609060391.878179073,1.586885305,1.008667304,3.423960116,1.603833520,1.026856337,3.420535213,0.025096073
1609060391.928951025,1.559625777,1.046836805,3.424821674,1.577221235,1.057574433,3.421210073,0.020927026
1609060391.978355169,1.530386400,1.079489291,3.429037070,1.526878547,1.116799840,3.422285031,0.038078500
1609060392.025657177,1.504439570,1.113954845,3.430654699,1.503857720,1.144788439,3.422282047,0.031955443
1609060392.078227043,1.470423349,1.149739065,3.430280194,1.477818973,1.171911895,3.423488769,0.024340359
1609060392.128297091,1.442341182,1.185113074,3.431671611,1.453289738,1.199303706,3.424701272,0.019230978
1609060392.181913137,1.405116636,1.228283521,3.434465472,1.399331982,1.257368000,3.425969096,0.030847327
1609060392.225656033,1.379461952,1.260632856,3.435744094,1.372859943,1.284113606,3.426476475,0.026092545
1609060392.277301073,1.343529389,1.295673289,3.437432383,1.345674747,1.313052909,3.427497017,0.020133684
1609060392.326452017,1.312775761,1.332646082,3.439627350,1.317443786,1.341979586,3.429047430,0.014860668
1609060392.380200148,1.274087608,1.367049092,3.438833510,1.289769211,1.369908479,3.430732372,0.017880638
1609060392.427337170,1.243130872,1.399512953,3.440190094,1.236294964,1.422877532,3.431777071,0.025756788
1609060392.477635145,1.206169878,1.431189581,3.440832296,1.210851041,1.447682768,3.433124580,0.018797536
1609060392.527090073,1.173278123,1.463970325,3.441893885,1.182831939,1.474831451,3.433677946,0.016635538
1609060392.578356028,1.136753673,1.492725567,3.443017631,1.154180347,1.500444567,3.433669253,0.021228851
1609060392.627631187,1.103621452,1.524169911,3.444461125,1.125893044,1.526895759,3.435276236,0.024244922
1609060392.678007126,1.068515098,1.552716010,3.447469862,1.066970470,1.580042886,3.440517657,0.028239639
1609060392.726713181,1.036471151,1.582023845,3.451575724,1.038070221,1.604938546,3.443984052,0.024192437
1609060392.778137207,0.999434446,1.608658693,3.456520240,1.010750078,1.628683335,3.448088964,0.024497270
1609060392.825527191,0.968196681,1.636371549,3.461383190,0.982409866,1.653651083,3.452123488,0.024214437
1609060392.879384995,0.928528045,1.664067605,3.465454538,0.952964794,1.677779411,3.456366077,0.029457910
1609060392.928017139,0.896884757,1.690837077,3.470066091,0.899804983,1.720468544,3.463616576,0.030465518
1609060392.978950024,0.859679573,1.715497530,3.473952615,0.872637225,1.742579308,3.467126421,0.030788315
1609060393.025929213,0.828890781,1.740548432,3.477839888,0.845759111,1.762417962,3.470267480,0.028638406
1609060393.078571081,0.794481805,1.763980280,3.481122701,0.817762558,1.782062581,3.474762651,0.030156480
1609060393.127781153,0.763548090,1.788269627,3.484782728,0.789539904,1.804096870,3.478492772,0.031074741
1609060393.179360151,0.729203791,1.811471624,3.485937399,0.729634396,1.846752353,3.484827323,0.035300815
1609060393.225460052,0.700969361,1.833721189,3.489001987,0.702777694,1.864311494,3.488327333,0.030651133
1609060393.278164148,0.664238386,1.859965209,3.492059390,0.675633345,1.884195868,3.491818130,0.026777381
1609060393.326492071,0.635068229,1.882962327,3.494925185,0.648428717,1.902407483,3.494790404,0.023593111
1609060393.378987074,0.599202645,1.905790890,3.498959930,0.619258318,1.919989385,3.497945025,0.024593847
1609060393.427626133,0.569594608,1.928426721,3.502009034,0.565936893,1.953996858,3.504173898,0.025920985
1609060393.477944136,0.536746547,1.945119924,3.505169819,0.565937008,1.953994725,3.504169086,0.030526162
1609060393.526420116,0.507313864,1.964425675,3.508794533,0.511919333,1.984538670,3.510480509,0.020702305
1609060393.577835083,0.470944876,1.982455411,3.513752586,0.484190165,1.999827060,3.514271811,0.021851349
1609060393.627587080,0.440106642,2.001760611,3.517778056,0.460133986,2.014345953,3.517524180,0.023654806
1609060393.681843996,0.406781970,2.020498437,3.522850084,0.405087363,2.043094685,3.523175687,0.022662042
1609060393.726659060,0.379489852,2.036360299,3.526800648,0.380006459,2.054977614,3.525981473,0.018642487
1609060393.777696133,0.347937241,2.050149842,3.531760073,0.354244793,2.068484083,3.529149126,0.019563912
1609060393.825637102,0.318831614,2.066805612,3.535828577,0.328303651,2.081269581,3.532666179,0.017576309
1609060393.880216122,0.286330399,2.080768438,3.540147690,0.301356322,2.093710393,3.534883380,0.020517932
1609060393.929346085,0.257017164,2.095649733,3.544108876,0.273918946,2.105199625,3.537647527,0.020460198
1609060393.978819132,0.224599203,2.106689406,3.545504296,0.220665065,2.129383795,3.542593270,0.023216089
1609060394.025839090,0.196615093,2.119696986,3.548703660,0.193215754,2.139655732,3.545007581,0.020580768
1609060394.078690052,0.163420926,2.130420731,3.550406101,0.166283736,2.150408342,3.546410822,0.020583064
1609060394.127166986,0.134492745,2.143229061,3.553072438,0.139656415,2.161683942,3.548576892,0.019683904
1609060394.178130150,0.103335631,2.153352532,3.554289356,0.113566380,2.171057518,3.550850880,0.020735426
1609060394.227622032,0.074248240,2.165388958,3.556965855,0.058388046,2.190898020,3.554230615,0.030161889
1609060394.277701139,0.042417484,2.173291225,3.560617945,0.033303878,2.200531756,3.556613655,0.029002391
1609060394.327140093,0.012982731,2.184412829,3.563883706,0.005952082,2.210326457,3.558890353,0.027310799
1609060394.378655195,-0.025906720,2.198262587,3.568208308,-0.020693242,2.218190860,3.560702251,0.021923899
1609060394.428137064,-0.058249302,2.210355053,3.571383225,-0.049448468,2.227326913,3.562137538,0.021236324
1609060394.480125189,-0.095199484,2.221053182,3.570998099,-0.106217160,2.246517919,3.564710579,0.028449515
1609060394.526715040,-0.126634352,2.232401504,3.572908897,-0.134552503,2.253490591,3.565915706,0.023587103
1609060394.578184128,-0.163377089,2.239626466,3.572726275,-0.164133577,2.261640493,3.567020493,0.022754024
1609060394.625958204,-0.195630957,2.249421812,3.573523665,-0.192773175,2.270488364,3.567828169,0.022009208
1609060394.678415060,-0.232786048,2.257609979,3.573296873,-0.219252106,2.278031382,3.568078363,0.025048636
1609060394.727630138,-0.267193752,2.267266116,3.572989215,-0.250295528,2.284804137,3.567729627,0.024915766
1609060394.778980017,-0.301886339,2.275277978,3.571261274,-0.310616741,2.299864523,3.567183387,0.026407334
1609060394.825003147,-0.334520490,2.283912170,3.570598306,-0.338424966,2.306638486,3.566327817,0.023451385
1609060394.878548145,-0.373957281,2.291787422,3.568486477,-0.370573248,2.312378021,3.564844627,0.021182245
1609060394.926192045,-0.407879406,2.299792899,3.566803893,-0.400573020,2.317893601,3.563245152,0.019841455
1609060394.979655027,-0.444965529,2.304990993,3.565266515,-0.429814236,2.324179840,3.560064512,0.024996688
1609060395.028001070,-0.479622411,2.313280292,3.562596480,-0.494363757,2.335963887,3.554205340,0.028324265
1609060395.079689980,-0.518635444,2.319872429,3.559099535,-0.524853895,2.340122007,3.551015410,0.022673059
1609060395.126984119,-0.553243501,2.327411691,3.556522594,-0.558063264,2.346320630,3.548093155,0.021256376
1609060395.178426981,-0.593258577,2.330570943,3.553589445,-0.593669141,2.351540003,3.545058781,0.022641605
1609060395.228995085,-0.631507477,2.337619023,3.550553543,-0.625903269,2.355068018,3.541689219,0.020358066
1609060395.278118134,-0.668487883,2.341509104,3.545624963,-0.659766009,2.359212682,3.537833668,0.021217730
1609060395.330049992,-0.707787210,2.348213654,3.542646383,-0.726717621,2.368362724,3.531638943,0.029757507
1609060395.379475117,-0.747278637,2.350870858,3.539862409,-0.762629242,2.370736465,3.528655776,0.027493127
1609060395.425306082,-0.782398331,2.356134132,3.537747824,-0.796234335,2.374409475,3.526137854,0.025694641
1609060395.477863073,-0.829152051,2.359562896,3.534158267,-0.830103857,2.378614508,3.522404734,0.022405700
1609060395.528144121,-0.870148770,2.364746781,3.531829128,-0.864174240,2.380104480,3.520917828,0.019763865
1609060395.580636978,-0.915821832,2.366473785,3.524770933,-0.938008368,2.383754128,3.515690498,0.029551767
1609060395.628876209,-0.955965455,2.370509872,3.522049461,-0.972413786,2.386399076,3.513468666,0.024426306
1609060395.679280996,-0.999076404,2.368911331,3.518190665,-1.009772907,2.387209943,3.511824033,0.022131163
1609060395.726664066,-1.038329749,2.370608454,3.515051850,-1.045713195,2.387367174,3.509001218,0.019286787
1609060395.777697086,-1.082529999,2.370581172,3.511059690,-1.083558727,2.387457281,3.506895595,0.017412669
1609060395.827297211,-1.125750773,2.371379174,3.508713618,-1.116987504,2.388005752,3.505089551,0.019140843
1609060395.878175020,-1.170626460,2.369273195,3.508137829,-1.194038769,2.385360893,3.500951638,0.029301733
1609060395.926741123,-1.213339686,2.368763773,3.505198264,-1.231421880,2.384089220,3.499423516,0.024396368
1609060395.978080988,-1.257874523,2.365400970,3.500600805,-1.267818379,2.383294837,3.497005905,0.020784466
1609060396.025374174,-1.299655113,2.363843887,3.497586611,-1.304132709,2.380573230,3.495388339,0.017457152
1609060396.079258204,-1.347814534,2.359507275,3.492358540,-1.343326503,2.377317293,3.494079240,0.018447221
1609060396.127947092,-1.391179098,2.356668544,3.489177370,-1.380025257,2.374061735,3.490300804,0.020692834
1609060396.179615021,-1.438677724,2.349997610,3.489146837,-1.457607850,2.364802360,3.486249674,0.024205863
1609060396.226527214,-1.480602481,2.345967939,3.487508992,-1.497373333,2.359701870,3.484627037,0.021867510
1609060396.277954102,-1.525677998,2.336817427,3.485405063,-1.535574593,2.354651339,3.483154359,0.020519665
1609060396.329421043,-1.571362044,2.330417531,3.483816795,-1.570666890,2.349163394,3.480999755,0.018969089
1609060396.378897190,-1.613107599,2.321377799,3.481905783,-1.609120025,2.341570899,3.479590449,0.020712865
1609060396.428141117,-1.656202546,2.313825880,3.480986878,-1.685299003,2.324661401,3.476439453,0.031379793
1609060396.478668213,-1.699977933,2.302224604,3.479845309,-1.720688178,2.316777396,3.474343017,0.025903150
1609060396.527477026,-1.742332400,2.292615692,3.478988545,-1.762324488,2.305591626,3.473042299,0.024564533
1609060396.578049183,-1.794663993,2.278177021,3.479714721,-1.804750223,2.293479309,3.472155565,0.019825057
1609060396.627701998,-1.839881472,2.266136902,3.479514880,-1.840825096,2.282445315,3.471294628,0.018287354
1609060396.680634022,-1.888207460,2.248950024,3.478587812,-1.878176100,2.270869871,3.470129905,0.025546900
1609060396.727077007,-1.930237316,2.235535661,3.478332878,-1.956144735,2.243156028,3.468466413,0.028750852
1609060396.779548168,-1.977568691,2.217238721,3.475315708,-1.992151123,2.229202380,3.466629350,0.020766061
1609060396.826028109,-2.019008888,2.201587294,3.474894363,-2.028181034,2.214719744,3.465482615,0.018578765
1609060396.878423214,-2.067964712,2.180240131,3.474415159,-2.067998980,2.197125892,3.464259418,0.019704547
1609060396.928431988,-2.113239310,2.160598698,3.473501497,-2.142044792,2.162665288,3.462657496,0.030848322
1609060396.978091002,-2.158073631,2.138334487,3.471628277,-2.176581843,2.145372981,3.461220805,0.022369841
1609060397.067896128,-2.236777575,2.095435517,3.467721083,-2.251937954,2.104837773,3.458476464,0.020092349
1609060397.143000126,-2.302973173,2.056353535,3.465359696,-2.322990791,2.063200891,3.454910853,0.023595967
1609060397.190607071,-2.343894683,2.032286859,3.463937489,-2.360913804,2.039803778,3.453683674,0.021243711
1609060397.238964081,-2.385371758,2.005517704,3.462229968,-2.398070800,2.015432943,3.452146197,0.019006843
1609060397.285953045,-2.425389147,1.976947567,3.460225320,-2.433479178,1.991935735,3.451080042,0.019332095
1609060397.333422184,-2.466043064,1.949478602,3.458681901,-2.469728796,1.967007900,3.450341386,0.019759177
1609060397.386152983,-2.510304592,1.916280276,3.457407681,-2.540664720,1.915514890,3.447574028,0.031922154
1609060397.430253983,-2.547146848,1.889383558,3.456183175,-2.575161775,1.889146332,3.445959789,0.029822978
1609060397.477351189,-2.588285403,1.859515577,3.456634044,-2.610193035,1.861850697,3.444452561,0.025175099
1609060397.527691126,-2.631099750,1.826720467,3.454870014,-2.648270411,1.831797725,3.442754605,0.021619280
1609060397.579995155,-2.673634400,1.790733446,3.451969107,-2.684021634,1.802342110,3.440577348,0.019298391
1609060397.697091103,-2.779005327,1.706301800,3.445168911,-2.786411689,1.715809810,3.437251733,0.014420060
1609060397.745933056,-2.821401434,1.670229842,3.442910783,-2.823099435,1.683672389,3.434811846,0.015785374
1609060397.824478149,-2.889873830,1.606959048,3.437426977,-2.897666722,1.615755322,3.432215943,0.012855290
1609060397.878262997,-2.933319625,1.564331071,3.436478109,-2.938329343,1.577786469,3.431238325,0.015283990
1609060397.926575184,-2.974467526,1.525644028,3.435152135,-2.975094090,1.542112671,3.430336159,0.017169811
1609060397.980239153,-3.020940132,1.480464561,3.433286162,-3.011246735,1.506189430,3.429537880,0.027744918
1609060398.027523994,-3.060670854,1.440620992,3.432394272,-3.082490467,1.435328532,3.430044339,0.022574938
1609060398.078239202,-3.101763129,1.395729979,3.431078810,-3.117509248,1.398973716,3.430479892,0.016087908
1609060398.126496077,-3.142016041,1.353820900,3.431370260,-3.152529242,1.361734850,3.430355646,0.013198009
1609060398.178829193,-3.184544247,1.307095132,3.432837010,-3.184481911,1.327116814,3.430776344,0.020127543
1609060398.226239204,-3.223237325,1.265415581,3.433600132,-3.250387608,1.255171239,3.432125558,0.029056132
1609060398.277672052,-3.265422973,1.219795040,3.434702341,-3.284379509,1.217589850,3.433170750,0.019145728
1609060398.326209068,-3.304535116,1.176179910,3.436167826,-3.317289229,1.180208802,3.433640504,0.013612006
1609060398.377545118,-3.345049230,1.127019858,3.436835463,-3.351859805,1.140228587,3.435178049,0.014953310
1609060398.433663130,-3.389003776,1.075424349,3.439568797,-3.421399412,1.058849202,3.438486412,0.036405827
1609060398.484022141,-3.427580235,1.027953829,3.441817579,-3.452739964,1.021219549,3.440592000,0.026074213
1609060398.527798176,-3.461531595,0.986847632,3.443871050,-3.486030177,0.979960817,3.441821502,0.025530558
1609060398.578746080,-3.499652751,0.938120361,3.446215725,-3.518669857,0.940086813,3.443954820,0.019251726
1609060398.628152132,-3.537229274,0.891430017,3.448425092,-3.551841540,0.898370941,3.445268280,0.016482118
1609060398.678184032,-3.574803962,0.842810166,3.450456458,-3.583204684,0.858222662,3.447383798,0.017820169
1609060398.726467133,-3.611028405,0.796443375,3.452618219,-3.648897426,0.773869633,3.449401363,0.044203900
1609060398.774976015,-3.654084209,0.745675241,3.454538362,-3.680871589,0.731153660,3.451126342,0.030660755
1609060398.825124025,-3.692698482,0.695952384,3.456890501,-3.710646508,0.690172307,3.452752111,0.019304590
1609060398.878898144,-3.733967521,0.637920762,3.458303730,-3.739277238,0.650560493,3.453244031,0.014613571
1609060398.929849148,-3.772801333,0.585168877,3.460404042,-3.801102044,0.563809196,3.455155015,0.035842970
1609060398.978372097,-3.808443669,0.531673139,3.460544656,-3.831316811,0.520888850,3.455336374,0.025818747
1609060399.025608063,-3.842911147,0.481741994,3.461029907,-3.860297576,0.477177876,3.455706452,0.018747220
1609060399.079013109,-3.880381763,0.423087261,3.459681465,-3.890493147,0.431176173,3.455814428,0.013513865
1609060399.128398180,-3.914536827,0.369831696,3.459559036,-3.917501121,0.388658527,3.454891783,0.019621922
1609060399.178855181,-3.948236282,0.315413233,3.459648404,-3.974076838,0.297755135,3.454248049,0.031760142
1609060399.226141214,-3.979917725,0.264802143,3.459220908,-3.999204819,0.256549412,3.453972696,0.021625062
1609060399.278860092,-4.014387438,0.208781227,3.456438414,-4.026326754,0.210945074,3.453258728,0.012543520
1609060399.326719999,-4.043544731,0.158114829,3.456648964,-4.051861689,0.165622164,3.453193101,0.011724968
1609060399.378432035,-4.072583620,0.102315068,3.458370918,-4.079156575,0.117997378,3.452678932,0.017931461
1609060399.471894026,-4.124304585,0.005550884,3.456262502,-4.126477002,0.027909356,3.451951968,0.022873595
1609060399.544891119,-4.161184722,-0.071960812,3.453560682,-4.169692295,-0.059772946,3.450424417,0.015190755
1609060399.593710184,-4.184329513,-0.122815088,3.452139868,-4.190379297,-0.102665531,3.449271291,0.021232835
1609060399.632601023,-4.202053338,-0.162478709,3.451335719,-4.211588543,-0.147740905,3.448103867,0.017848471
1609060399.681473017,-4.224230440,-0.212170146,3.449860440,-4.247713958,-0.232079711,3.446204676,0.031003725
1609060399.727986097,-4.243440666,-0.259169548,3.449083507,-4.265049713,-0.273438252,3.445007450,0.026213758
1609060399.779188156,-4.262264475,-0.311400487,3.444533228,-4.279902759,-0.313162531,3.444988294,0.017731919
1609060399.827403069,-4.279546559,-0.358601336,3.444184226,-4.296510665,-0.354417933,3.444685072,0.017479492
1609060399.879662991,-4.301528540,-0.415932415,3.443880108,-4.310386889,-0.396133813,3.445410569,0.021743902
1609060399.926999092,-4.316850398,-0.463432563,3.443840218,-4.338541748,-0.481734625,3.446053493,0.028467152
1609060399.977424145,-4.333010613,-0.515714370,3.444885586,-4.350508010,-0.521264273,3.446268467,0.018408496
1609060400.026029110,-4.346619891,-0.564379098,3.444541316,-4.363313211,-0.563567667,3.446673513,0.016848491
1609060400.078128099,-4.359731508,-0.612395596,3.444010438,-4.373012557,-0.603017734,3.447031515,0.016536549
1609060400.129971981,-4.370270443,-0.659725583,3.444556002,-4.382564616,-0.642795595,3.447132350,0.021081004
1609060400.179473162,-4.379456462,-0.706306363,3.445561734,-4.398903018,-0.725335649,3.446762840,0.027234628
1609060400.227545977,-4.387550388,-0.749922479,3.445804012,-4.405642600,-0.762548956,3.446576592,0.022076072
1609060400.278501987,-4.395637924,-0.793630376,3.446598808,-4.411701530,-0.798645351,3.446112898,0.016835246
1609060400.328487158,-4.402084515,-0.835542899,3.447277675,-4.416868957,-0.832872471,3.445653044,0.015111264
1609060400.381268978,-4.406702372,-0.876628144,3.448886263,-4.421442698,-0.865175081,3.444686003,0.019133532
1609060400.428768158,-4.409980633,-0.910165884,3.448258002,-4.425184629,-0.896628550,3.443468146,0.020913240
1609060400.479042053,-4.412838568,-0.943644796,3.445785175,-4.428901321,-0.955885511,3.439982319,0.021012384
1609060400.529211998,-4.413586065,-0.975175570,3.443394284,-4.429243757,-0.981446411,3.437437676,0.017887648
1609060400.578112125,-4.413801844,-1.003837581,3.438946787,-4.429364328,-1.005410825,3.434335307,0.016307414
1609060400.626744986,-4.412956279,-1.029052782,3.436092686,-4.428406001,-1.027307220,3.431803524,0.016128788
1609060400.680422068,-4.412516154,-1.054913018,3.433125651,-4.427251840,-1.048595934,3.429035551,0.016546145
1609060400.728835106,-4.410377707,-1.075452929,3.430719570,-4.425667140,-1.068161318,3.426422448,0.017475687
1609060400.779316187,-4.409189209,-1.095564249,3.428697653,-4.419836540,-1.100997335,3.421512010,0.013946955
1609060400.825790167,-4.406490409,-1.109861405,3.426829968,-4.416497297,-1.114051207,3.419226422,0.013247873
1609060400.879508018,-4.402485277,-1.125095510,3.419736292,-4.412829189,-1.125366209,3.417282057,0.010634522
1609060400.927040100,-4.397890219,-1.135898050,3.417352160,-4.407908758,-1.135572262,3.415653543,0.010166739
1609060400.978569984,-4.395371984,-1.153217432,3.419172796,-4.403031139,-1.144823330,3.414297512,0.012364951
1609060401.028685093,-4.389880170,-1.162938323,3.418034406,-4.391226775,-1.159905409,3.411451096,0.007372373
1609060401.079002142,-4.382090890,-1.171924302,3.417205769,-4.384845500,-1.166497762,3.410509488,0.009048502
1609060401.127573013,-4.374790502,-1.181231830,3.415889102,-4.377680883,-1.172660058,3.409631786,0.010999255
1609060401.169844151,-4.368111122,-1.186619465,3.413966220,-4.369988570,-1.177949011,3.408730089,0.010301391
1609060401.221971035,-4.359388272,-1.192653283,3.412927327,-4.362320545,-1.182239496,3.407876031,0.011939882
1609060401.271665096,-4.347142485,-1.194927804,3.412085836,-4.354010928,-1.186050023,3.406871143,0.012376733
1609060401.327571154,-4.335139486,-1.200561629,3.412096199,-4.336220826,-1.194462634,3.407149273,0.007927112
1609060401.378626108,-4.324582894,-1.204221861,3.413043089,-4.326900328,-1.197190224,3.407372220,0.009325941
1609060401.426519156,-4.313194983,-1.207427653,3.413956044,-4.316288638,-1.200436089,3.408551565,0.009362748
1609060401.480786085,-4.300871417,-1.211334814,3.413247721,-4.305714835,-1.203432848,3.408626620,0.010356367
1609060401.529177189,-4.286786502,-1.214760846,3.414961423,-4.283346545,-1.209700035,3.411160858,0.007203430
1609060401.579622984,-4.271501661,-1.216857113,3.418220164,-4.272202640,-1.212960794,3.411427739,0.007861915
1609060401.625693083,-4.257421609,-1.219490189,3.419696447,-4.259487862,-1.214645167,3.412661578,0.008788232
1609060401.678419113,-4.241243310,-1.220085617,3.420186589,-4.246847691,-1.215598083,3.413241026,0.009989389
1609060401.727393150,-4.226892324,-1.217331894,3.421821809,-4.235515013,-1.213628762,3.414529393,0.011884581
1609060401.778926134,-4.211971181,-1.212330727,3.421671092,-4.211614181,-1.206915593,3.416302952,0.007633352
1609060401.830302000,-4.196125913,-1.207758806,3.422598602,-4.199002694,-1.202679517,3.417662288,0.007644752
1609060401.879027128,-4.181573302,-1.202837919,3.425547724,-4.186739951,-1.197305086,3.419073376,0.009961108
1609060401.925945044,-4.167255410,-1.194381675,3.425898300,-4.174713184,-1.190468945,3.420150062,0.010196572
1609060401.979689121,-4.150973698,-1.183464402,3.431998625,-4.161591807,-1.180036250,3.420882330,0.015750190
1609060402.027944088,-4.136708413,-1.168584190,3.433455828,-4.139206953,-1.155086547,3.423039331,0.017231729
1609060402.077647209,-4.124193222,-1.148527220,3.438345890,-4.127443335,-1.138088929,3.424002002,0.018035196
1609060402.128281116,-4.110499855,-1.126289314,3.440969212,-4.115723031,-1.117369672,3.424873562,0.019128814
1609060402.178361177,-4.096638127,-1.099755326,3.439642178,-4.105341131,-1.095957156,3.425789565,0.016794739
1609060402.225638151,-4.083576180,-1.073825608,3.441691607,-4.095129930,-1.073835601,3.427307241,0.018449911
1609060402.278110027,-4.070157346,-1.045982449,3.440051255,-4.071441841,-1.024761700,3.430853175,0.023164084
1609060402.327462196,-4.057212053,-1.014977193,3.441348739,-4.062771173,-0.997223070,3.431036469,0.021271004
1609060402.377845049,-4.046138432,-0.980975821,3.442773058,-4.053918580,-0.970758060,3.433277316,0.015971926
1609060402.425198078,-4.035148320,-0.947657218,3.443837179,-4.043049378,-0.937153000,3.435701940,0.015457924
1609060402.478965998,-4.026023724,-0.907678191,3.443373661,-4.033820351,-0.903288907,3.437020663,0.010973321
1609060402.526862144,-4.018565336,-0.870325132,3.443353673,-4.027324431,-0.870478569,3.437573468,0.010495526
1609060402.579752207,-4.011685419,-0.829144651,3.442467782,-4.014702753,-0.799884992,3.438465725,0.029685828
1609060402.628553152,-4.005733202,-0.789903465,3.442685298,-4.009579352,-0.765100000,3.439002806,0.025368592
1609060402.678928137,-3.999806708,-0.750138596,3.443078056,-4.006589890,-0.732062113,3.438313018,0.019886588
1609060402.729631186,-3.995946012,-0.709813160,3.442244275,-4.003294751,-0.697160049,3.437519538,0.015376226
1609060402.777162075,-3.994821778,-0.672409286,3.443340918,-4.001564888,-0.664754812,3.436379796,0.012349806
1609060402.827563047,-3.993006960,-0.632957529,3.443292505,-3.998939247,-0.598003049,3.435853359,0.036226352
1609060402.879329205,-3.990760191,-0.591195325,3.444447171,-3.998386779,-0.566647337,3.434710110,0.027487796
1609060402.968847036,-3.992724057,-0.524693808,3.442350092,-3.999784486,-0.499536591,3.433774874,0.027500356
1609060403.036223173,-3.998676030,-0.475934943,3.441476683,-4.010445139,-0.437376235,3.431847548,0.041448838
1609060403.130094051,-4.015413763,-0.411341475,3.437636533,-4.027179808,-0.377050223,3.427821227,0.037558888
1609060403.172846079,-4.027604692,-0.379694677,3.436028538,-4.037755225,-0.350366110,3.425199927,0.032870306
1609060403.219709158,-4.039990867,-0.349299710,3.433366357,-4.049685318,-0.322317034,3.421998192,0.030842865
1609060403.290386200,-4.063104439,-0.301382371,3.428387962,-4.076260817,-0.270441399,3.415593948,0.035973891
1609060403.333377123,-4.078098857,-0.274326470,3.425668543,-4.090561741,-0.246691494,3.413335436,0.032727983
1609060403.376505136,-4.095438175,-0.248914656,3.421228329,-4.108065650,-0.221059114,3.410423018,0.032436693
1609060403.426532984,-4.117488456,-0.219021194,3.417319708,-4.127233511,-0.197225041,3.406961181,0.026025708
1609060403.479250193,-4.144138620,-0.189394472,3.412317220,-4.146854035,-0.174651989,3.404524892,0.016894812
1609060403.529406071,-4.168223090,-0.160847102,3.408749628,-4.169133129,-0.150258161,3.401801581,0.012697606
1609060403.586101055,-4.194691448,-0.128850245,3.405266512,-4.214534946,-0.103441026,3.396902748,0.033306837
1609060403.673426151,-4.240012991,-0.083041385,3.401958454,-4.260174799,-0.060839287,3.393474944,0.031167316
1609060403.719946146,-4.265674713,-0.059551549,3.399845579,-4.284325877,-0.039145661,3.391851186,0.028778056
1609060403.767722130,-4.294922418,-0.039074371,3.397907303,-4.309951331,-0.021936185,3.390406446,0.023996844
1609060403.816894054,-4.323288357,-0.016490286,3.395699991,-4.335405918,0.001222472,3.389173323,0.022431552
1609060403.884765148,-4.363475050,0.017532669,3.395504180,-4.389028272,0.041513919,3.387008767,0.036058834
1609060403.930885077,-4.390545598,0.038766825,3.394418605,-4.415808265,0.061528791,3.386473952,0.034920294
1609060403.979072094,-4.419945613,0.060838902,3.393511509,-4.441282033,0.080960008,3.386229950,0.030217922
1609060404.027512074,-4.448319124,0.084597451,3.393399316,-4.467578733,0.102445450,3.386474033,0.027155904
1609060404.078886032,-4.475412624,0.110241968,3.394375263,-4.493536644,0.123507789,3.385863205,0.024019102
1609060404.128934145,-4.502699484,0.134197558,3.394245423,-4.518539360,0.142746892,3.386447740,0.019616235
1609060404.179248095,-4.531845822,0.158773934,3.389636879,-4.564014117,0.183831750,3.386104422,0.040928860
1609060404.229568005,-4.558272743,0.184565421,3.388741237,-4.588078801,0.206272764,3.385407332,0.037023300
1609060404.280018091,-4.587903048,0.211493203,3.393045969,-4.610747053,0.228507973,3.384759726,0.029665009
1609060404.326958179,-4.611590065,0.236156233,3.393110998,-4.634033984,0.251218510,3.384157186,0.028474066
1609060404.377541065,-4.638178007,0.265073020,3.395108603,-4.655622398,0.274504731,3.384114160,0.022674694
1609060404.427803040,-4.661058659,0.292281907,3.395102951,-4.675741354,0.297316552,3.383445027,0.019412274
1609060404.481217146,-4.686945577,0.321241745,3.390951971,-4.713922327,0.345204064,3.381532527,0.037291603
1609060404.527707100,-4.707113905,0.347324455,3.390112609,-4.730028932,0.367221499,3.381224799,0.031622524
1609060404.571979046,-4.725708301,0.371194779,3.389445962,-4.746929920,0.391605784,3.380860447,0.030670462
1609060404.622480154,-4.745159805,0.400432087,3.389114513,-4.761497981,0.414466550,3.381085727,0.022986160
1609060404.672170162,-4.764525310,0.429935199,3.387586667,-4.776940342,0.439982977,3.381130321,0.017227167
1609060404.724748135,-4.783251032,0.461224182,3.387398263,-4.804756028,0.489999393,3.381321589,0.036433550
1609060404.777429104,-4.800072883,0.493381569,3.385883869,-4.817939917,0.517717139,3.381758443,0.030470806
1609060404.828528166,-4.814816425,0.525080122,3.386310485,-4.828646474,0.540685958,3.382768756,0.021150797
1609060404.878906012,-4.828909041,0.557076236,3.388180763,-4.840092325,0.567524408,3.383011082,0.016154125
1609060404.928469181,-4.841013367,0.588216063,3.388450526,-4.848750604,0.591703842,3.383876148,0.009641285
1609060404.978840113,-4.851151348,0.618889147,3.388522006,-4.866208488,0.644932813,3.384760026,0.030317363
1609060405.026875019,-4.860422037,0.650422426,3.388552177,-4.874323968,0.674298288,3.384546737,0.027917092
1609060405.079665184,-4.870450724,0.686252648,3.387376043,-4.882071775,0.702768820,3.384737974,0.020366447
1609060405.127121210,-4.877598177,0.717741630,3.387147673,-4.888130236,0.731767013,3.384567287,0.017728339
1609060405.180289030,-4.886826585,0.750254153,3.388426845,-4.894731192,0.760675200,3.384589266,0.013631142
1609060405.228845119,-4.893191462,0.782948190,3.388835345,-4.900996393,0.789972123,3.383995089,0.011562035
1609060405.281080008,-4.900504559,0.817615198,3.385428707,-4.910288928,0.851082551,3.383674409,0.034912392
1609060405.325997114,-4.905441429,0.848215271,3.384482916,-4.916017947,0.882210462,3.382284520,0.035670277
1609060405.378040075,-4.911873842,0.890188210,3.379980393,-4.920054141,0.913034701,3.380825906,0.024281563
1609060405.427482128,-4.916454043,0.926816100,3.376310646,-4.923778431,0.945421917,3.378941311,0.020167883
1609060405.480834007,-4.922293159,0.970561076,3.374479459,-4.928585614,0.976465610,3.375564401,0.008696873
1609060405.528052092,-4.926261654,1.006100758,3.370446966,-4.937346651,1.037431548,3.369970580,0.033237366
1609060405.577284098,-4.932548218,1.046159354,3.367782874,-4.941328983,1.070228773,3.367175309,0.025628264
1609060405.626881123,-4.938713065,1.087593019,3.364270332,-4.945905352,1.105248336,3.364305328,0.019064113
1609060405.678483009,-4.946210798,1.129249089,3.359818593,-4.951752903,1.138998125,3.361280519,0.011309105
1609060405.728350163,-4.953147896,1.170350542,3.355743805,-4.957110214,1.171267954,3.357800027,0.004557374
1609060405.780021191,-4.960963302,1.211585233,3.351891166,-4.968663755,1.238279619,3.350308871,0.027827880
1609060405.825129032,-4.969139373,1.247895360,3.347697293,-4.977456984,1.271137361,3.345358633,0.024796020
1609060405.879862070,-4.979632713,1.289824137,3.342237487,-4.985221059,1.303628664,3.340779490,0.014963968
1609060405.927932024,-4.988652855,1.328643574,3.337747701,-4.992859770,1.338746112,3.336900235,0.010976229
1609060405.978623152,-4.998461542,1.369412570,3.332158995,-5.000765494,1.372575224,3.332525446,0.003929996
1609060406.030205011,-5.011408829,1.411081215,3.326525555,-5.011129491,1.406599861,3.327593533,0.004615316
1609060406.079104185,-5.026846940,1.447731461,3.318841704,-5.035263960,1.470966464,3.316439318,0.024829076
1609060406.128489017,-5.042279535,1.484885643,3.311332674,-5.047961556,1.504027310,3.310043115,0.020008792
1609060406.177798986,-5.057621665,1.522123036,3.301647454,-5.062702906,1.536828260,3.303432197,0.015660394
1609060406.227044106,-5.075438807,1.558326265,3.293572422,-5.076851652,1.567351285,3.296798240,0.009687777
1609060406.280534029,-5.094633460,1.595512329,3.290722814,-5.093096241,1.600174926,3.290225278,0.004934612
1609060406.329967022,-5.114749416,1.629532101,3.284426794,-5.130363751,1.661111248,3.278551690,0.035715079
1609060406.378149986,-5.135788101,1.662222230,3.277867565,-5.149266502,1.688983738,3.273355724,0.030301854
1609060406.428543091,-5.159915768,1.696135517,3.272225848,-5.171520027,1.718707444,3.267974398,0.025733743
1609060406.480351210,-5.189318290,1.734282229,3.269088931,-5.193102693,1.745316012,3.263272531,0.013034438
1609060406.530244112,-5.217092103,1.765915898,3.265261843,-5.238683296,1.798298680,3.254349977,0.040421443
1609060406.578059196,-5.244536911,1.796458935,3.259203242,-5.260534521,1.822390728,3.251193659,0.031504521
1609060406.621797085,-5.269587272,1.823389067,3.255972108,-5.285687783,1.847737072,3.247376093,0.030429316
1609060406.670320034,-5.299117484,1.852213035,3.249636307,-5.312735616,1.871432221,3.243914818,0.024239762
1609060406.728110075,-5.336656985,1.884628428,3.244338011,-5.341216205,1.895887609,3.241060826,0.012581558
1609060406.779551983,-5.373004403,1.914899318,3.239093181,-5.368379952,1.919714113,3.238686529,0.006688285
1609060406.824823141,-5.403345546,1.939602002,3.236893757,-5.424739830,1.963734917,3.234139650,0.032368165
1609060406.878969193,-5.439294940,1.968399473,3.236241605,-5.451928441,1.984139435,3.233619171,0.020352614
1609060406.927206039,-5.471247937,1.993786148,3.234962774,-5.480224011,2.006372946,3.232202605,0.015704009
1609060406.980704069,-5.505288677,2.021590352,3.233778093,-5.507430190,2.027245513,3.231565480,0.006439145
1609060407.027716160,-5.535212841,2.044639472,3.232061166,-5.563415554,2.068366326,3.228798690,0.037000006
1609060407.079115152,-5.569752711,2.068544434,3.229656620,-5.592787187,2.088664260,3.227226119,0.030680642
1609060407.127367020,-5.601764813,2.092520736,3.228217847,-5.621257585,2.108585153,3.225930003,0.025362726
1609060407.177980185,-5.636241397,2.117936769,3.226289772,-5.651332130,2.129263871,3.224669684,0.018938272
1609060407.227697134,-5.668488007,2.142205105,3.224475954,-5.678667159,2.149298897,3.223125995,0.012480360
1609060407.280601978,-5.703992895,2.162882808,3.222430646,-5.733798819,2.189266897,3.219188798,0.039937737
1609060407.327654123,-5.733953951,2.184758104,3.219515207,-5.761771782,2.209109678,3.215727118,0.037164236
1609060407.378270149,-5.764198447,2.210027881,3.214447339,-5.787626004,2.227476236,3.212160492,0.029300601
1609060407.428651094,-5.793836460,2.232848745,3.208973260,-5.812437499,2.246020677,3.208030771,0.022811987
1609060407.481408119,-5.826489133,2.255539921,3.202491676,-5.837624346,2.266541310,3.202610716,0.015653680
1609060407.527852058,-5.853282686,2.276986327,3.197013480,-5.888118244,2.305519001,3.192290747,0.045276194
1609060407.578287125,-5.886766502,2.302752577,3.185835314,-5.913013302,2.325686420,3.187387745,0.034889335
1609060407.625300169,-5.914524474,2.324548457,3.179544092,-5.936303592,2.344866431,3.182854141,0.029968425
1609060407.681172132,-5.948090563,2.354407382,3.173600212,-5.962095751,2.365624670,3.177563950,0.018376182
1609060407.728523016,-5.976416349,2.379245046,3.168230616,-5.986885100,2.387628692,3.173488718,0.014405828
1609060407.779933214,-6.009180906,2.407377809,3.163137103,-6.038366670,2.430070916,3.164162334,0.036984281
1609060407.826332092,-6.038939271,2.432522867,3.158504135,-6.063224835,2.449893805,3.161159779,0.029976501
1609060407.879067183,-6.072015675,2.459396783,3.153144410,-6.089315578,2.473775290,3.156644736,0.022765772
1609060407.927498102,-6.102485774,2.486882818,3.149328632,-6.118331048,2.498319845,3.152829948,0.019852896
1609060407.977844000,-6.134742735,2.513741012,3.145292745,-6.146100066,2.523450317,3.149262014,0.015460099
1609060408.026247978,-6.164771865,2.538530148,3.141614132,-6.172948903,2.545311123,3.145317229,0.011249823
1609060408.080068111,-6.199540502,2.565213041,3.137115187,-6.226026967,2.588980424,3.139214202,0.035648663
1609060408.129019022,-6.231213505,2.591007320,3.134166070,-6.251462730,2.609626966,3.136697290,0.027624798
1609060408.178281069,-6.262831810,2.616176532,3.132123609,-6.277666828,2.630686350,3.134071326,0.020842412
1609060408.225942135,-6.294057520,2.640737585,3.129239736,-6.306603188,2.654550454,3.130489766,0.018701651
1609060408.279213190,-6.328003747,2.667284816,3.126632220,-6.337786167,2.678065475,3.128097626,0.014630986
1609060408.328937054,-6.361196843,2.692527007,3.124526491,-6.366294200,2.701039791,3.125723531,0.009994170
1609060408.380493164,-6.394318601,2.719301796,3.125349986,-6.423366729,2.744613754,3.121631531,0.038708085
1609060408.428739071,-6.425269412,2.743413052,3.124418279,-6.449945869,2.765452127,3.119557336,0.033440651
1609060408.479394197,-6.457099485,2.766974954,3.119568195,-6.476059599,2.785988954,3.116895597,0.026984458
1609060408.527713060,-6.486417933,2.789675712,3.116407842,-6.503378329,2.806696823,3.113186364,0.024243580
1609060408.579924107,-6.517550596,2.811757424,3.109596139,-6.531505124,2.827133102,3.110353296,0.020777719
1609060408.628437996,-6.546098014,2.833139362,3.107993525,-6.557415999,2.846757298,3.109568086,0.017777069
1609060408.681055069,-6.579315872,2.858436564,3.109291728,-6.582794858,2.865024819,3.109981177,0.007482232
1609060408.727375984,-6.606392100,2.877599791,3.113914048,-6.633230136,2.898883356,3.119173239,0.034654428
1609060408.778818130,-6.637350314,2.897476517,3.124728855,-6.656962401,2.915823432,3.126706219,0.026928669
1609060408.827222109,-6.664125865,2.915613223,3.134272507,-6.680223255,2.931474342,3.135410274,0.022627319
1609060408.878816128,-6.694405213,2.938453051,3.143678568,-6.702481243,2.947167003,3.143612393,0.011881061
1609060408.928865194,-6.721140863,2.957847471,3.153667040,-6.723903034,2.963157463,3.151873866,0.006248287
1609060408.979489088,-6.748220139,2.976804933,3.165077340,-6.769146314,2.992935079,3.169215655,0.026743449
1609060409.026559114,-6.773954358,2.993609778,3.175579438,-6.791638032,3.007752503,3.178743291,0.022863485
1609060409.079119205,-6.803234842,3.012155475,3.186763490,-6.813870670,3.022184125,3.188490096,0.014719912
1609060409.129620075,-6.828577811,3.030341477,3.198428361,-6.835948577,3.036958089,3.197517062,0.009946769
1609060409.179974079,-6.854534327,3.049076073,3.209294062,-6.858609976,3.052069021,3.206560369,0.005748194
1609060409.227297068,-6.881367079,3.067380043,3.219061522,-6.903846950,3.082189643,3.220670293,0.026967703
1609060409.280170202,-6.911998477,3.086449580,3.231103415,-6.927387957,3.096985893,3.227347720,0.019025121
1609060409.327556133,-6.938741443,3.104224617,3.239517394,-6.951736137,3.113318122,3.233138758,0.017095054
1609060409.378501177,-6.968042435,3.123593101,3.245682101,-6.978315963,3.131276224,3.240273470,0.013922251
1609060409.429986000,-7.000065643,3.143798876,3.253481733,-7.004722420,3.147678654,3.245486713,0.010032875
1609060409.481420994,-7.031533645,3.166068155,3.259011504,-7.033066783,3.165772052,3.250727319,0.008430059
1609060409.528619051,-7.062177516,3.186037238,3.264463934,-7.089180742,3.202535543,3.259033863,0.032106914
1609060409.578970194,-7.096736004,3.208453874,3.268361879,-7.121133372,3.221162893,3.261807630,0.028279125
1609060409.628424168,-7.132482363,3.230989984,3.270516758,-7.152734609,3.240158063,3.263846425,0.023209922
1609060409.680056095,-7.171502701,3.254461745,3.273986972,-7.185814859,3.261052586,3.265834367,0.017740970
1609060409.729544163,-7.209566498,3.278543212,3.275804500,-7.220417118,3.281777866,3.268471085,0.013489918
1609060409.781149149,-7.255207220,3.305718654,3.283080834,-7.289729631,3.323050794,3.270537568,0.040614448
1609060409.829326153,-7.295401460,3.329879378,3.286549813,-7.325848084,3.346346740,3.272284022,0.037439067
1609060409.878853083,-7.339865278,3.356418762,3.287221632,-7.360631888,3.368405922,3.274030012,0.027367187
1609060409.927361012,-7.383416815,3.383840613,3.290399565,-7.399310881,3.391227030,3.276189855,0.022563163
1609060409.980737209,-7.431336678,3.414745501,3.290094348,-7.436118839,3.414549071,3.278453783,0.012586119
1609060410.028295040,-7.474644843,3.441726917,3.291604165,-7.511405847,3.461954158,3.282356924,0.042965384
1609060410.078970194,-7.522784473,3.471173857,3.292524731,-7.551601892,3.485580779,3.283740177,0.033394183
1609060410.128543139,-7.569934307,3.499565305,3.293512190,-7.590299923,3.508848998,3.285549804,0.023755943
1609060410.179124117,-7.619581673,3.528574286,3.294285075,-7.631817139,3.534098334,3.287257931,0.015152639
1609060410.228488207,-7.668489441,3.557828403,3.294973611,-7.672476268,3.556881296,3.288971447,0.007267583
1609060410.279890060,-7.718074344,3.588146332,3.295433500,-7.715593526,3.582827181,3.289759814,0.008163243
1609060410.329349995,-7.765213724,3.617452130,3.297063248,-7.795583176,3.634384330,3.292179142,0.035112070
1609060410.377452135,-7.811128392,3.645406110,3.299340976,-7.833840081,3.657581047,3.293491204,0.026424795
1609060410.427040100,-7.857447743,3.674878989,3.300648009,-7.874911812,3.682738301,3.294341723,0.020162632
1609060410.481698990,-7.908194096,3.708312449,3.302242056,-7.913724946,3.709000319,3.295267355,0.008928041
1609060410.527576208,-7.949611675,3.736860533,3.303522635,-7.952092610,3.736517150,3.295382032,0.008517181
1609060410.578217983,-7.995825027,3.769565161,3.301157074,-7.993897067,3.765899529,3.295706903,0.006845310
1609060410.627376080,-8.040633795,3.802459359,3.301500460,-8.074512376,3.823435100,3.297940019,0.040005209
1609060410.679148197,-8.087131208,3.838333575,3.305617973,-8.113471599,3.853113912,3.298560368,0.031017484
1609060410.726834059,-8.129652746,3.871920469,3.306504737,-8.153757664,3.883262601,3.299065795,0.027659156
1609060410.779208183,-8.177474828,3.905897831,3.309495344,-8.192296729,3.913573640,3.299098139,0.019664909
1609060410.828528166,-8.220322714,3.940149641,3.311488831,-8.230586261,3.944176375,3.300923532,0.015270250
1609060410.879283190,-8.270333212,3.982335443,3.314707670,-8.307347926,4.008860388,3.302188325,0.047227067
1609060410.928606033,-8.314282932,4.020803777,3.317411235,-8.344833882,4.042261987,3.304494531,0.039505146
1609060410.978766203,-8.361422296,4.060567316,3.316902636,-8.381844754,4.074291528,3.306239896,0.026816503
1609060411.025828123,-8.403315648,4.098536333,3.318531047,-8.418739799,4.108837422,3.307518514,0.021570646
1609060411.080110073,-8.451606900,4.139622965,3.315456884,-8.457160598,4.143789499,3.308290638,0.009977907
1609060411.129387140,-8.494821609,4.180562133,3.315136397,-8.527240010,4.212174116,3.308076261,0.045827020
1609060411.176635981,-8.536271854,4.220810280,3.313854588,-8.560219373,4.246024466,3.307775636,0.035301452
1609060411.226155996,-8.577834841,4.262504130,3.312991452,-8.594956696,4.281689547,3.307478726,0.026298827
1609060411.277624130,-8.619918323,4.305214835,3.310602623,-8.629288075,4.317966895,3.307172625,0.016191732
1609060411.326937199,-8.660520611,4.347528887,3.309780084,-8.663829321,4.354356281,3.307561404,0.007904646
1609060411.379705191,-8.702628842,4.391439519,3.308649327,-8.695954199,4.388849587,3.306800911,0.007394271
1609060411.427775145,-8.740358325,4.431290070,3.308256883,-8.760647549,4.458088175,3.305826729,0.033700099
1609060411.470930099,-8.773759193,4.466873554,3.309306267,-8.791361406,4.492070276,3.306591489,0.030855838
1609060411.521054029,-8.811309368,4.508152974,3.310413586,-8.823911192,4.528168414,3.307903280,0.023784984
1609060411.580197096,-8.855039441,4.555612904,3.312405373,-8.854979278,4.562859237,3.310098431,0.007604929
1609060411.626838207,-8.888498403,4.592814808,3.314225827,-8.914551498,4.631110544,3.312916850,0.046336169
1609060411.679201126,-8.925324845,4.635232341,3.315788254,-8.942901831,4.662802358,3.315008690,0.032705718
1609060411.728243113,-8.959358043,4.674448127,3.318023886,-8.973812275,4.697414630,3.316451012,0.027181962
1609060411.778196096,-8.991987676,4.715618272,3.319868090,-9.002611575,4.731784318,3.318297857,0.019408089
1609060411.838414192,-9.032308308,4.765629645,3.323475505,-9.064189697,4.805679204,3.324626700,0.051202689
1609060411.878583193,-9.059047894,4.799378907,3.326109462,-9.092052647,4.839513333,3.327946300,0.051994806
1609060411.925848007,-9.089500582,4.837856645,3.329250573,-9.120851046,4.874568944,3.330182574,0.048285744
1609060411.970710993,-9.123298615,4.876453581,3.329620539,-9.148542273,4.908376065,3.333784305,0.040909952
1609060412.021212101,-9.156180086,4.918090564,3.332342527,-9.176797671,4.944046389,3.336087880,0.033358918
1609060412.070445061,-9.188599633,4.963621298,3.336949896,-9.203205317,4.977344834,3.338539435,0.020104430
1609060412.129059076,-9.227022660,5.015412536,3.340605936,-9.258096670,5.049297038,3.344359244,0.046128526
1609060412.171797991,-9.256799840,5.051561313,3.345583171,-9.283635795,5.082999536,3.347704886,0.041388791
1609060412.220314980,-9.289232892,5.094362411,3.349624122,-9.310968204,5.119076352,3.350838966,0.032934457
1609060412.280927181,-9.329970178,5.146797520,3.355738920,-9.337447829,5.154887614,3.354586863,0.011076647
1609060412.328114033,-9.360097780,5.187399013,3.360455655,-9.365246384,5.191334963,3.358942910,0.006654940
1609060412.381548166,-9.392933130,5.233845121,3.365872346,-9.415811768,5.264211902,3.367965506,0.038078272
1609060412.426798105,-9.420479040,5.273225563,3.370243495,-9.441502158,5.299788315,3.370944971,0.033882788
1609060412.481037140,-9.452403202,5.321451951,3.375863276,-9.464695819,5.334142852,3.374834381,0.017698193
1609060412.528138161,-9.479927602,5.362621617,3.380667545,-9.492153734,5.374312812,3.378606071,0.017041480
1609060412.578795195,-9.508497566,5.406055362,3.387121484,-9.518749157,5.413705582,3.381745149,0.013875373
1609060412.628405094,-9.535656797,5.448538094,3.391517605,-9.543198977,5.450949754,3.385282549,0.010078518
1609060412.680060148,-9.561298105,5.492813358,3.393196115,-9.590949967,5.523176545,3.389575903,0.042594155
1609060412.727285147,-9.586058179,5.533337612,3.396369415,-9.613563769,5.558644480,3.391082600,0.037748450
1609060412.778535128,-9.615227960,5.571443929,3.396949876,-9.635515287,5.592455047,3.393229012,0.029442953
1609060412.828056097,-9.640263232,5.610845375,3.399486707,-9.657599551,5.626674465,3.394317328,0.024038106
1609060412.880711079,-9.667694846,5.653126252,3.401926357,-9.679991496,5.658382286,3.395304440,0.014922577
1609060412.929073095,-9.690367284,5.688643190,3.403614018,-9.719199243,5.721520222,3.399489244,0.043922601
1609060412.978442192,-9.713876776,5.723360373,3.405018933,-9.736752146,5.751413558,3.401142069,0.036404584
1609060413.026663065,-9.734983425,5.756907059,3.407091607,-9.756335749,5.780950163,3.401452337,0.032646500
1609060413.079564095,-9.760420583,5.796086041,3.406439740,-9.774241999,5.810991576,3.403553904,0.020531306
1609060413.128509045,-9.781469956,5.829518761,3.408271675,-9.793521675,5.842402056,3.404811657,0.017977624
1609060413.179367065,-9.804922881,5.865221814,3.408118540,-9.829280507,5.897996061,3.408745226,0.040839171
1609060413.225435019,-9.824031941,5.895407785,3.409881523,-9.845538880,5.924289762,3.410064483,0.036010422
1609060413.280374050,-9.850869959,5.931011894,3.414741890,-9.861620072,5.949624334,3.411366988,0.021757247
1609060413.327057123,-9.868909136,5.959272711,3.417191520,-9.877444592,5.974007345,3.412166020,0.017754410
1609060413.379295111,-9.889862623,5.989836201,3.420225431,-9.893091007,5.999527880,3.414048336,0.011937656
1609060413.429748058,-9.909594632,6.018933195,3.422988312,-9.923353379,6.044215240,3.417961897,0.029218997
1609060413.477909088,-9.928171699,6.046277933,3.425624558,-9.937612143,6.066609172,3.419750626,0.023172923
1609060413.527525187,-9.946089079,6.072664914,3.428567545,-9.951776407,6.088334729,3.421732345,0.018016902
1609060413.577910185,-9.963463104,6.097539215,3.431256893,-9.965398880,6.109496445,3.423565846,0.014348338
1609060413.626291037,-9.979789718,6.120812291,3.434042949,-9.979675845,6.129876718,3.426205620,0.011983344
1609060413.681443214,-9.997936746,6.145096436,3.436250388,-9.994041701,6.150071149,3.427559657,0.010744670
1609060413.729362011,-10.013884195,6.166896388,3.438431952,-10.021546810,6.188077148,3.430981574,0.023724426
1609060413.778925180,-10.029459827,6.187958935,3.437219219,-10.034673459,6.205842104,3.432566473,0.019199941
1609060413.825621128,-10.043624455,6.207791570,3.438678403,-10.047386310,6.223604830,3.434300869,0.016833703
1609060413.870529175,-10.056556317,6.226480416,3.439102147,-10.060391991,6.241308128,3.435146419,0.015818382
1609060413.926827192,-10.072494778,6.248578028,3.440694532,-10.073031665,6.257961945,3.436366051,0.010348038
1609060413.980643988,-10.086873733,6.266737806,3.446418520,-10.086426228,6.274578129,3.438065361,0.011464999
1609060414.029057980,-10.099179348,6.283373183,3.449096517,-10.110456767,6.305484886,3.442153971,0.025774145
1609060414.078119040,-10.111291539,6.300845794,3.450536198,-10.122192590,6.320094663,3.445271001,0.022739265
1609060414.129755020,-10.123922608,6.317733369,3.454962868,-10.133808759,6.333925897,3.448592346,0.020012933
1609060414.178076982,-10.136189940,6.334530964,3.458249651,-10.145359824,6.347853656,3.452021990,0.017331031
1609060414.237054110,-10.149800722,6.352850927,3.463861723,-10.167206683,6.374418483,3.459520838,0.028052989
1609060414.278896093,-10.162470937,6.366923557,3.467178692,-10.177966839,6.386555360,3.464009824,0.025210561
1609060414.326367140,-10.173024448,6.380821571,3.471915327,-10.188234498,6.398240264,3.468043668,0.023446668
1609060414.372323990,-10.185580320,6.394484294,3.476838080,-10.197489494,6.408864935,3.472082471,0.019267773
1609060414.422741175,-10.197085729,6.408501556,3.481924062,-10.207347295,6.419573154,3.476242559,0.016129460
1609060414.469741106,-10.209326446,6.420590957,3.485759294,-10.216558605,6.428823310,3.480188256,0.012292772
1609060414.523486137,-10.221605631,6.433332599,3.491337079,-10.225726554,6.438636039,3.484769405,0.009393765
1609060414.571552992,-10.231539888,6.443803236,3.494711724,-10.243232714,6.457982797,3.493200236,0.018440898
1609060414.619873047,-10.241576002,6.454193241,3.499247214,-10.252068980,6.466961590,3.497059684,0.016670890
1609060414.671653986,-10.254544532,6.464969371,3.504736994,-10.260164261,6.475381868,3.500694866,0.012503608
1609060414.721688986,-10.264430106,6.474204062,3.509262971,-10.268517043,6.483702097,3.504631358,0.011329940
1609060414.773606062,-10.273629418,6.484700151,3.513331346,-10.276112772,6.490940425,3.508715708,0.008149367
1609060414.820553064,-10.282545000,6.492668890,3.517923033,-10.284151412,6.498414104,3.512617359,0.007983622
1609060414.871097088,-10.293534441,6.499219096,3.520408180,-10.299617509,6.513045558,3.520400265,0.015105457
1609060414.921655178,-10.302818995,6.507271093,3.525005823,-10.306968768,6.520358333,3.524163557,0.013755213
1609060414.970494986,-10.312230599,6.517863717,3.530171022,-10.314818272,6.527673072,3.528656075,0.010257415
1609060415.021867990,-10.321712313,6.525994605,3.535161056,-10.321796816,6.534432495,3.532651997,0.008803438
1609060415.071359158,-10.328652170,6.535832309,3.541078451,-10.329501543,6.541301761,3.536063077,0.007469292
1609060415.122093201,-10.336087754,6.542642912,3.546275660,-10.343528413,6.552949671,3.544686316,0.012810882
1609060415.169690132,-10.340136762,6.550847525,3.549295571,-10.349530082,6.558146521,3.548536783,0.011919965
1609060415.270138025,-10.354369112,6.564653586,3.562376717,-10.363206947,6.570112975,3.559661959,0.010736953
1609060415.335822105,-10.362143982,6.573077772,3.570388950,-10.374889660,6.580950293,3.569555413,0.015004122
1609060415.385161161,-10.369425167,6.579691535,3.575989024,-10.380185134,6.586508847,3.574555470,0.012818257
1609060415.426522017,-10.373624498,6.584327089,3.581274861,-10.385507975,6.590662524,3.579529241,0.013579468
1609060415.478945017,-10.381076874,6.590294009,3.587255268,-10.390721166,6.595229971,3.584624919,0.011148759
1609060415.527222157,-10.386113412,6.595430635,3.593715343,-10.395086073,6.599065501,3.589514604,0.010553061
1609060415.579497099,-10.390810814,6.598252731,3.600121167,-10.399315209,6.601633383,3.594373820,0.010806736
1609060415.625437021,-10.394618928,6.600942944,3.605477319,-10.407075346,6.605830931,3.604038523,0.013458265
1609060415.671557188,-10.398486507,6.604378992,3.607806974,-10.410777621,6.607541792,3.609420306,0.012793656
1609060415.721713066,-10.402110028,6.606314310,3.613752476,-10.414446842,6.609573560,3.614156059,0.012766462
1609060415.778937101,-10.408962627,6.608327832,3.621289322,-10.417673130,6.612020450,3.619341866,0.009659237
1609060415.826449156,-10.413139840,6.609902616,3.627430705,-10.421627457,6.613170870,3.625245902,0.009353850
1609060415.880214214,-10.418800559,6.611121872,3.635102909,-10.424834853,6.613691147,3.630722769,0.007886667
1609060415.929654121,-10.422690419,6.611336644,3.641394457,-10.430126654,6.613673511,3.640045956,0.007910563
1609060415.978931189,-10.428000137,6.610712718,3.649379795,-10.432765786,6.612973346,3.644330168,0.007302094
1609060416.026129007,-10.431119552,6.609019104,3.655996161,-10.435239915,6.611798425,3.650192584,0.007640911
1609060416.071283102,-10.434634327,6.608541297,3.660173154,-10.437689939,6.610717505,3.655546343,0.005956511
1609060416.132973194,-10.439219471,6.606940343,3.668178135,-10.440474579,6.609763044,3.661252584,0.007583284
1609060416.179527044,-10.442640464,6.606242825,3.670569512,-10.443613860,6.608260705,3.666682625,0.004486338
1609060416.224436998,-10.445875669,6.605083030,3.675190781,-10.449591663,6.605761003,3.676437735,0.003977832
1609060416.281552076,-10.450478873,6.603854673,3.683426397,-10.453500432,6.604559294,3.681166333,0.003838515
1609060416.327483177,-10.454434357,6.602259158,3.688621785,-10.457605830,6.603137691,3.686113786,0.004137646
1609060416.379132032,-10.459363445,6.596858236,3.694943785,-10.461793922,6.600858050,3.691152503,0.006023250
1609060416.428481102,-10.462875174,6.593396151,3.702013405,-10.464483500,6.599204189,3.696635623,0.008077163
1609060416.478361130,-10.469395014,6.590314901,3.711044098,-10.473109436,6.593190664,3.708463675,0.005359620
1609060416.527779102,-10.474880233,6.587187974,3.718905374,-10.478351268,6.590777317,3.714772194,0.006481870
1609060416.578441143,-10.480709588,6.584214533,3.723116247,-10.482976894,6.588346166,3.720397259,0.005440952
1609060416.625756025,-10.486239294,6.580851945,3.729599739,-10.487869569,6.585217097,3.725875031,0.005965383
1609060416.688992977,-10.492236814,6.574872153,3.738390659,-10.499874077,6.577980873,3.739542448,0.008325776
1609060416.735008001,-10.497017816,6.570818705,3.743291247,-10.504487177,6.574561229,3.746493768,0.008947289
1609060416.779157162,-10.502153084,6.566510107,3.749628563,-10.509224206,6.570949464,3.752877012,0.008958855
1609060416.830991983,-10.508671476,6.560092465,3.758504801,-10.515453130,6.565777730,3.759586200,0.008915296
1609060416.901623011,-10.517557376,6.549444715,3.770726201,-10.526250767,6.553616806,3.773877799,0.010144652
1609060416.940310001,-10.521878440,6.543288533,3.778997541,-10.531003380,6.546871059,3.779668487,0.009825945
1609060416.983126163,-10.527349462,6.536689197,3.785821546,-10.536795236,6.538796460,3.786449909,0.009698352
1609060417.031743050,-10.532989599,6.527462578,3.793334399,-10.542507823,6.531103878,3.794049345,0.010216007
1609060417.080188990,-10.541925647,6.519444715,3.801793003,-10.547069218,6.523016706,3.799520896,0.006661675
1609060417.128481150,-10.547519066,6.508849220,3.809728239,-10.552532174,6.512982331,3.806566145,0.007225835
1609060417.178506136,-10.552212905,6.497590861,3.817122452,-10.556291256,6.503639663,3.813060263,0.008349989
1609060417.229984999,-10.556756189,6.484497214,3.825307017,-10.560030568,6.493156084,3.819762286,0.010790812
1609060417.281683207,-10.561017237,6.471521502,3.829812169,-10.566672683,6.467821481,3.830707589,0.006817331
1609060417.327920198,-10.563625387,6.457991821,3.836391166,-10.568988304,6.454998208,3.838170370,0.006394385
1609060417.380889177,-10.566991260,6.442372475,3.841939960,-10.571036873,6.441146152,3.843463581,0.004493581
1609060417.427345037,-10.568271360,6.427557156,3.848055072,-10.573082598,6.426725769,3.846941619,0.005007894
1609060417.482033014,-10.573019427,6.402935770,3.857291513,-10.574211160,6.411461458,3.852597078,0.009805372
1609060417.528115988,-10.573947197,6.385138370,3.863431003,-10.574812618,6.381749326,3.864496236,0.003656404
1609060417.578565121,-10.573775263,6.365293760,3.868560962,-10.575385072,6.363429303,3.867805303,0.002576568
1609060417.628115177,-10.573410193,6.344694690,3.874542484,-10.574400493,6.347455226,3.871236271,0.004419536
1609060417.680741072,-10.576547612,6.324058482,3.881003310,-10.572791039,6.329853086,3.875472404,0.008847609
1609060417.728932142,-10.575079453,6.304036584,3.885966149,-10.571486899,6.311863240,3.879749737,0.010621053
1609060417.780569077,-10.571038168,6.281629685,3.890742802,-10.566963204,6.274797725,3.888370413,0.008301159
1609060417.827723026,-10.567587937,6.259922505,3.895199257,-10.563505754,6.256993976,3.892623286,0.005645894
1609060417.878182173,-10.562957941,6.236441960,3.899020783,-10.559479815,6.237101755,3.896270029,0.004483229
1609060417.928631067,-10.556742561,6.212953403,3.903576951,-10.555517511,6.217211965,3.898656047,0.006622038
1609060417.978594065,-10.550412590,6.190864758,3.907935422,-10.549839448,6.195870110,3.900944343,0.008617263
1609060418.027911186,-10.542830642,6.166569710,3.912032661,-10.538854060,6.154896101,3.908986879,0.012702879
1609060418.080447197,-10.534183856,6.139739449,3.916018895,-10.532453511,6.131367463,3.910449398,0.010203115
1609060418.127730131,-10.525047055,6.115780512,3.919676339,-10.524484270,6.111345071,3.914250539,0.007030588
1609060418.178858995,-10.517326266,6.090446256,3.922943946,-10.517049468,6.088855874,3.917159653,0.006005329
1609060418.229143143,-10.506244298,6.063556771,3.926437155,-10.509626562,6.067229424,3.917718774,0.010046803
1609060418.278476000,-10.496516934,6.039299986,3.927600942,-10.489664297,6.021884973,3.923700466,0.019116878
1609060418.327845097,-10.483661273,6.012408634,3.930117529,-10.478670679,5.998035522,3.924089730,0.016365413
1609060418.379217148,-10.470853095,5.982673807,3.932957614,-10.468606525,5.974056173,3.927273415,0.010565075
1609060418.427738190,-10.456751548,5.954944536,3.935404091,-10.456091056,5.950399441,3.926559964,0.009965577
1609060418.479364157,-10.441677073,5.926684919,3.939526960,-10.443737338,5.923597127,3.931224481,0.009094521
1609060418.530038118,-10.424834235,5.897034033,3.942818952,-10.430318986,5.898947648,3.934096923,0.010479418
1609060418.580530167,-10.410022613,5.865466352,3.944401794,-10.400687955,5.845932592,3.936520902,0.023039360
1609060418.627577066,-10.392372861,5.836019144,3.947355985,-10.385785101,5.818245606,3.937185044,0.021511515
1609060418.679231167,-10.375543150,5.801622338,3.948290411,-10.370237672,5.792265310,3.939369378,0.013974509
1609060418.727707148,-10.356559249,5.770052225,3.951762276,-10.353086870,5.765920286,3.942008232,0.011147722
1609060418.779791117,-10.335771476,5.735603998,3.951738113,-10.336896116,5.739734153,3.944717338,0.008222790
1609060418.826940060,-10.316035295,5.704515193,3.954495049,-10.319781490,5.711526541,3.948332253,0.010058480
1609060418.877894163,-10.293666712,5.671994657,3.956161139,-10.282068726,5.657161959,3.954143942,0.018936507
1609060418.928442001,-10.270224943,5.637898355,3.958904607,-10.265350019,5.631354853,3.958421583,0.008174081
1609060418.980247021,-10.245723205,5.603752438,3.961902929,-10.245467733,5.602675752,3.958610580,0.003473339
1609060419.028758049,-10.222009322,5.572309009,3.965370472,-10.227476738,5.577855323,3.962240211,0.008393615
1609060419.080204010,-10.196392890,5.540821836,3.969853427,-10.187113455,5.521172028,3.967241198,0.021887133
1609060419.127290010,-10.172023860,5.509485994,3.973242813,-10.166400840,5.491617617,3.969712230,0.019062063
1609060419.179020166,-10.145100159,5.475009970,3.977189688,-10.146453425,5.464052880,3.972256729,0.012092280
1609060419.227241039,-10.120016914,5.443440650,3.980961021,-10.125975991,5.435881822,3.976303047,0.010693138
1609060419.280115128,-10.095803026,5.409598165,3.984826737,-10.106768837,5.408621772,3.979505953,0.012227555
1609060419.327326059,-10.070841234,5.378348381,3.990430637,-10.064809287,5.353212512,3.989507129,0.025865984
1609060419.378854990,-10.047586111,5.346174071,4.000183232,-10.043651240,5.325573684,3.997252146,0.021176648
1609060419.471464157,-10.001552087,5.286038439,4.013903522,-10.000273734,5.268369608,4.009397821,0.018279036
1609060419.537253141,-9.968441376,5.243696256,4.024383672,-9.958603231,5.212972437,4.020084791,0.032545699
1609060419.585476160,-9.944058409,5.212157414,4.030288193,-9.937848766,5.185379365,4.027093882,0.027673583
1609060419.629018068,-9.922329455,5.184572154,4.036623193,-9.917568584,5.157872476,4.030832359,0.027732155
1609060419.673011065,-9.901587811,5.154520742,4.042457122,-9.895726963,5.130354288,4.038435684,0.025190058
1609060419.726917028,-9.874445469,5.119160663,4.049873775,-9.875406267,5.102208725,4.041181885,0.019074597
1609060419.777944088,-9.847263098,5.085401163,4.054171188,-9.855991803,5.075945628,4.047514232,0.014488357
1609060419.829607010,-9.820816191,5.050799238,4.060341069,-9.814036285,5.022868433,4.057518647,0.028880150
1609060419.879155159,-9.797400349,5.017969634,4.067140728,-9.794930926,4.996020529,4.064803051,0.022210943
1609060419.928565025,-9.773421260,4.986847090,4.072639925,-9.774287993,4.967847767,4.066096926,0.020113089
1609060419.977845192,-9.748515991,4.954216510,4.077268227,-9.752928294,4.939808002,4.072067045,0.015941324
1609060420.026153088,-9.723436535,4.921658990,4.081182539,-9.731066488,4.910087413,4.074814391,0.015253554
1609060420.080102205,-9.696819200,4.885376244,4.084493329,-9.709219014,4.880888626,4.078904588,0.014322295
1609060420.127996206,-9.672920318,4.853750091,4.087824462,-9.668802405,4.826559536,4.085359276,0.027610879
1609060420.178651094,-9.648455132,4.821566445,4.091157798,-9.649618262,4.801585930,4.087813000,0.020291908
1609060420.225896120,-9.625222140,4.790535610,4.094259169,-9.628757826,4.773464033,4.091219596,0.017696859
1609060420.278553009,-9.602424867,4.756728541,4.098262305,-9.609113624,4.746672054,4.092985843,0.013180040
1609060420.329905987,-9.576897419,4.722566458,4.100401104,-9.588210415,4.719030231,4.096467656,0.012488427
1609060420.379353046,-9.555064500,4.690689290,4.101568050,-9.547532729,4.665121219,4.101721019,0.026654779
1609060420.425460100,-9.532877848,4.660556485,4.103186630,-9.525507892,4.637493367,4.102810315,0.024214980
1609060420.478222132,-9.510635498,4.627677928,4.108166473,-9.507143247,4.610391307,4.104886396,0.017938282
1609060420.527751207,-9.487043368,4.594793941,4.110384514,-9.485237705,4.583495396,4.107031649,0.011923055
1609060420.579862118,-9.464224461,4.560781761,4.114661734,-9.464758035,4.555146001,4.109011933,0.007997921
1609060420.629007101,-9.440495472,4.528388213,4.117170838,-9.423079666,4.501279520,4.112258604,0.032593275
1609060420.681604147,-9.415780399,4.496106778,4.119031007,-9.400918253,4.472320381,4.114261891,0.028450317
1609060420.727938175,-9.393722608,4.466547341,4.121204158,-9.379640627,4.445614952,4.115858110,0.025788511
1609060420.778449059,-9.367195660,4.435162701,4.127901388,-9.357730255,4.418451481,4.116675155,0.022246057
1609060420.827750206,-9.341355195,4.403534156,4.130833407,-9.335015807,4.392347147,4.117349168,0.018632276
1609060420.880737066,-9.311266229,4.369420374,4.129886777,-9.312129174,4.364373845,4.119559721,0.011526501
1609060420.928517103,-9.283583810,4.339274367,4.131724918,-9.265412670,4.313055849,4.120017024,0.033980521
1609060420.978013039,-9.257297451,4.310487533,4.128881141,-9.242721869,4.288846785,4.120990191,0.027258699
1609060421.026174068,-9.228901446,4.280346912,4.130112718,-9.218267301,4.262972315,4.121253125,0.022213826
1609060421.073661089,-9.201328378,4.250915682,4.130105517,-9.193227389,4.238037255,4.121892996,0.017289459
1609060421.120455027,-9.171878629,4.222252306,4.131901879,-9.167288102,4.212744130,4.122801020,0.013939296
1609060421.172883987,-9.141482130,4.191335361,4.133473869,-9.140743431,4.187798402,4.124294625,0.009864800
1609060421.224383116,-9.107634150,4.160602166,4.134906141,-9.087015702,4.138527723,4.125412878,0.031662651
1609060421.280524015,-9.071650757,4.131711031,4.133479931,-9.061320783,4.115286671,4.125777573,0.020875687
1609060421.327854156,-9.040192261,4.105148789,4.134711113,-9.032942533,4.092857448,4.125801413,0.016823151
1609060421.378944159,-9.007056574,4.077423208,4.136960506,-9.004425280,4.071725980,4.124296107,0.014133970
1609060421.427192211,-8.972777405,4.051355848,4.137024525,-8.976530148,4.048318947,4.125702742,0.012308071
1609060421.479579210,-8.938700366,4.025369071,4.134563042,-8.917454569,4.005062024,4.123785249,0.031303687
1609060421.527832985,-8.903511776,3.999781896,4.133417076,-8.886544409,3.983085869,4.122638506,0.026130947
1609060421.580437183,-8.866610782,3.974556315,4.131346602,-8.855689370,3.960513859,4.121865730,0.020158243
1609060421.629995108,-8.829010653,3.949914491,4.129973800,-8.825868652,3.941445887,4.120003438,0.013453533
1609060421.681367159,-8.790222352,3.925312625,4.128441348,-8.759613775,3.899746610,4.116961787,0.041500438
1609060421.727432013,-8.754280323,3.902987316,4.127003366,-8.727202214,3.878345417,4.116152544,0.038186221
1609060421.778424025,-8.715357689,3.879796155,4.121375164,-8.692666247,3.858761638,4.114618082,0.031670343
1609060421.825348139,-8.677868086,3.857859402,4.119526606,-8.658243301,3.839099475,4.113831091,0.027739969
1609060421.880194187,-8.631913613,3.830066182,4.114607212,-8.624228369,3.819559408,4.111530706,0.013376104
1609060421.928580046,-8.590681022,3.807836547,4.110482928,-8.557401909,3.783331071,4.106032833,0.041567067
1609060421.978991032,-8.548427488,3.783725733,4.106806197,-8.521135168,3.764705440,4.102645123,0.033525465
1609060422.027255058,-8.505725017,3.761151736,4.101456377,-8.485499352,3.745497056,4.098196512,0.025783198
1609060422.079162121,-8.462622324,3.738968709,4.097687561,-8.450816201,3.726996795,4.094471779,0.017118777
1609060422.129970074,-8.419669553,3.715903045,4.094249626,-8.417383473,3.710514157,4.090902034,0.006743342
1609060422.180117130,-8.374187649,3.693381007,4.089780523,-8.343606561,3.674727975,4.083033190,0.036450858
1609060422.228345156,-8.331787860,3.672767408,4.085889895,-8.307847104,3.656838406,4.079007655,0.029567856
1609060422.279767036,-8.287542156,3.651894579,4.081095925,-8.269565161,3.639376220,4.073146119,0.023304100
1609060422.327003002,-8.244135381,3.632498741,4.073319266,-8.234578524,3.624697766,4.065875016,0.014408525
1609060422.379480124,-8.198298259,3.613257021,4.062556572,-8.199635565,3.607825904,4.058121351,0.007138390
1609060422.427206993,-8.155774323,3.594870555,4.052851964,-8.131446278,3.578643697,4.040930843,0.031579705
1609060422.478839159,-8.112860388,3.575992873,4.043215172,-8.095982555,3.564976690,4.032300295,0.022920560
1609060422.528550148,-8.068175814,3.557475025,4.033103726,-8.061412881,3.549794767,4.023913252,0.013754579
1609060422.580224037,-8.026369365,3.538754136,4.020853541,-7.992959187,3.521264445,4.007448084,0.040022938
1609060422.627099037,-7.984326393,3.522145009,4.011922742,-7.956900989,3.508230042,4.000294740,0.032878405
1609060422.677823067,-7.941668117,3.508774424,4.000739371,-7.919649740,3.494399264,3.991825797,0.027765193
1609060422.727541208,-7.896762304,3.493079458,3.990738033,-7.884344331,3.480621711,3.984533883,0.018651889
1609060422.783367157,-7.846379815,3.474815507,3.976779871,-7.811333006,3.457155656,3.968063269,0.040201098
1609060422.828356028,-7.805850365,3.461465685,3.967277955,-7.774814967,3.445246672,3.960939810,0.035586857
1609060422.880164146,-7.761720563,3.449067238,3.960624293,-7.737536877,3.432778691,3.953626081,0.029985703
1609060422.928488016,-7.717225626,3.436026907,3.952148994,-7.700714304,3.420937914,3.946482693,0.023073977
1609060422.979838133,-7.666126437,3.420533097,3.943296107,-7.662134075,3.411000073,3.940039966,0.010836049
1609060423.029355049,-7.618214848,3.407694066,3.936747174,-7.586169188,3.390101598,3.928933801,0.037382724
1609060423.080885172,-7.568813685,3.395138870,3.931269342,-7.547053297,3.379339178,3.924847595,0.027647488
1609060423.127178192,-7.523906787,3.384199322,3.927334331,-7.508207367,3.372020205,3.921038263,0.020843300
1609060423.179766178,-7.478506440,3.375205384,3.925313929,-7.468275476,3.363357301,3.918121428,0.017227355
1609060423.227312088,-7.434157592,3.365633170,3.922123603,-7.430754990,3.354830131,3.914863793,0.013453185
1609060423.280233145,-7.382458125,3.355571794,3.918668836,-7.352145789,3.340155191,3.910928203,0.034877310
1609060423.327131987,-7.337515126,3.347580551,3.916243553,-7.311944176,3.334699814,3.909120614,0.029504629
1609060423.378704071,-7.291630062,3.339543650,3.915138378,-7.272887339,3.327656649,3.907837432,0.023364380
1609060423.425829172,-7.247081498,3.332580226,3.914430939,-7.234739484,3.321842399,3.907743244,0.017673469
1609060423.477626085,-7.199687891,3.324940434,3.913785661,-7.193839861,3.317278206,3.908781073,0.010860713
1609060423.526779175,-7.153047914,3.318964089,3.914759126,-7.152968436,3.313586449,3.910058785,0.007142726
1609060423.580407143,-7.104219702,3.314358948,3.917155499,-7.075091256,3.304044035,3.912411320,0.031262934
1609060423.627583027,-7.059845028,3.309538210,3.918837952,-7.034768832,3.301712073,3.914294129,0.026659151
1609060423.678277016,-7.016352639,3.307566940,3.921103737,-6.994710498,3.298920469,3.916002158,0.023857281
1609060423.726454020,-6.971042695,3.303951668,3.922762504,-6.956289160,3.294833814,3.917279907,0.018189583
1609060423.779623032,-6.923366000,3.299723867,3.925338860,-6.917716423,3.291627380,3.919107196,0.011674951
1609060423.827763081,-6.878487618,3.296635337,3.927821512,-6.877441849,3.290786896,3.921004134,0.009042928
1609060423.881376028,-6.832431746,3.295713754,3.928696874,-6.801873571,3.288109442,3.924951074,0.031712121
1609060423.927520037,-6.790067472,3.294110371,3.930977646,-6.763580798,3.287310221,3.926501822,0.027709545
1609060423.978104115,-6.746856145,3.293095468,3.934210232,-6.723181360,3.288271633,3.928830491,0.024752908
1609060424.026549101,-6.702054810,3.292826038,3.936608272,-6.683980374,3.288756854,3.931149410,0.019314312
1609060424.079257011,-6.648643682,3.292694768,3.939003078,-6.646065927,3.288744786,3.933249837,0.007439554
1609060424.131283998,-6.598451496,3.292751510,3.941607670,-6.568201628,3.290737008,3.936886019,0.030682352
1609060424.180812120,-6.552638758,3.295673067,3.942650455,-6.528906670,3.292815045,3.937947227,0.024361869
1609060424.269929171,-6.470356093,3.301441963,3.943590866,-6.452838688,3.295056224,3.939345850,0.019122167
1609060424.338038206,-6.407306097,3.307430961,3.945306645,-6.374934007,3.302718582,3.940721846,0.033033000
1609060424.385066986,-6.361554224,3.311260902,3.945844072,-6.338024407,3.305232587,3.941047544,0.024758828
1609060424.427415133,-6.320887056,3.315166785,3.946199923,-6.300469129,3.308389510,3.940455516,0.022267048
1609060424.479503155,-6.274002751,3.320578199,3.945627941,-6.261744527,3.313099493,3.940104323,0.015385235
1609060424.528802156,-6.227211549,3.325320512,3.944056066,-6.223631666,3.317596021,3.938903085,0.009951710
1609060424.580688000,-6.179631036,3.330841917,3.941279491,-6.150094424,3.325881142,3.933482468,0.030948575
1609060424.627767086,-6.134548915,3.336716952,3.938091974,-6.114649061,3.329911072,3.931374987,0.022078091
1609060424.678000212,-6.088422746,3.343544819,3.934243354,-6.076110108,3.335551060,3.929212500,0.015518078
1609060424.727902174,-6.040645125,3.350547873,3.930681159,-6.037450033,3.342189484,3.926088324,0.010058103
1609060424.779567003,-5.996764742,3.358255952,3.925707695,-6.001319758,3.347073787,3.922723676,0.012437579
1609060424.828402996,-5.950555081,3.365605788,3.921763173,-5.918938725,3.361877297,3.916453305,0.032275228
1609060424.880347013,-5.904765452,3.373824408,3.917858079,-5.878278648,3.369604700,3.913179703,0.027225796
1609060424.927685022,-5.860187570,3.381869827,3.914179828,-5.837248711,3.377071593,3.908710082,0.024065171
1609060424.979326010,-5.815285223,3.390757278,3.910067437,-5.796749949,3.385488276,3.905045856,0.019913187
1609060425.028661013,-5.768737402,3.400143367,3.905890709,-5.757514604,3.395080401,3.901863839,0.012953783
1609060425.080376148,-5.722989691,3.412067250,3.899328056,-5.681571742,3.411533733,3.893744774,0.041795983
1609060425.127739191,-5.678480543,3.421999164,3.895052900,-5.645526857,3.419956479,3.890854404,0.033282809
1609060425.178142071,-5.625431384,3.434187729,3.892231323,-5.604057965,3.431313078,3.888123306,0.021953644
1609060425.225172997,-5.579038793,3.445629829,3.888587990,-5.563514774,3.441958247,3.884910642,0.016370661
1609060425.281213045,-5.524434335,3.461225100,3.883959126,-5.525452698,3.451467871,3.880858070,0.010288689
1609060425.331796169,-5.472751383,3.475036855,3.880029848,-5.446649786,3.474383647,3.874199217,0.026752875
1609060425.382135153,-5.430475917,3.489941426,3.875272128,-5.408059635,3.485921764,3.871139149,0.023145818
1609060425.428689003,-5.386961910,3.502587393,3.872315266,-5.371907901,3.495785948,3.867429328,0.017226585
1609060425.480192184,-5.335854103,3.517936904,3.867855686,-5.335149302,3.507052513,3.863817953,0.011630563
1609060425.529694080,-5.288180767,3.533086371,3.863774490,-5.296028308,3.520393101,3.860909329,0.015195794
1609060425.580114126,-5.241545689,3.548892845,3.859743449,-5.215648729,3.546728791,3.853901608,0.026635742
1609060425.627465010,-5.195953456,3.563323555,3.855599197,-5.178144529,3.558478583,3.850206466,0.019227927
1609060425.680615187,-5.148921408,3.578755502,3.850800764,-5.137163873,3.573099052,3.847126669,0.013554853
1609060425.728845119,-5.104145120,3.594365364,3.846521029,-5.097259633,3.587459927,3.843937276,0.010088150
1609060425.781431198,-5.057719618,3.612579617,3.841759080,-5.057439027,3.601431424,3.840731224,0.011198992
1609060425.828500986,-5.013069379,3.628190416,3.838055182,-4.981933044,3.629006498,3.834029473,0.031406109
1609060425.879981995,-4.968426265,3.645436011,3.834444725,-4.940998023,3.645894755,3.831087239,0.027636781
1609060425.928338051,-4.923768481,3.661964327,3.831514958,-4.906540890,3.658018723,3.829510072,0.017786997
1609060425.981427193,-4.878062396,3.681419869,3.829794683,-4.870151350,3.672332211,3.826638238,0.012455253
1609060426.028719187,-4.834456864,3.698201970,3.827737464,-4.793779362,3.703827746,3.823196675,0.041314976
1609060426.080445051,-4.790322144,3.717507038,3.826739140,-4.755610989,3.719496177,3.821345775,0.035183935
1609060426.133275986,-4.742408345,3.737160651,3.824344622,-4.719273033,3.734408951,3.818878959,0.023930900
1609060426.178623199,-4.704788889,3.754489112,3.822299164,-4.679700566,3.751846491,3.816171522,0.025960651
1609060426.229953051,-4.658650252,3.774118486,3.819105803,-4.641700174,3.769083637,3.813399810,0.018579914
1609060426.279983997,-4.609283668,3.795175530,3.813911640,-4.605991107,3.784397866,3.810225605,0.011856890
1609060426.327455997,-4.564969661,3.814637477,3.809475098,-4.533414375,3.818262215,3.802065962,0.032615489
1609060426.379871130,-4.518773157,3.837642498,3.801246717,-4.496356728,3.836164342,3.797096391,0.022845272
1609060426.428410053,-4.473400099,3.858374901,3.795392049,-4.459240602,3.854360332,3.791915040,0.015122755
1609060426.480945110,-4.433287630,3.880892020,3.787701689,-4.423615569,3.871800737,3.786732880,0.013309350
1609060426.528591156,-4.391165330,3.903528780,3.782888422,-4.351461768,3.909172614,3.775787012,0.040726597
1609060426.580346107,-4.344693345,3.927268138,3.775920052,-4.318555476,3.926886567,3.771044846,0.026591379
1609060426.628355980,-4.302707312,3.950229912,3.769205533,-4.282507140,3.946799360,3.764956765,0.020925288
1609060426.678764105,-4.261252346,3.974316658,3.761965054,-4.248636470,3.966137874,3.759529364,0.015231067
1609060426.727844000,-4.219193189,3.998117607,3.754613802,-4.213373906,3.986466279,3.752932244,0.013131837
1609060426.780528069,-4.175539455,4.023731938,3.746778663,-4.142777762,4.028156581,3.740283852,0.033691075
1609060426.828762054,-4.135292186,4.047620915,3.739594266,-4.109181208,4.048587933,3.734068524,0.026706781
1609060426.880460024,-4.094995179,4.072930922,3.732310910,-4.076039639,4.069436616,3.727884345,0.019776682
1609060426.927973032,-4.054724662,4.097169851,3.724542343,-4.042596823,4.090325004,3.721088679,0.014347969
1609060426.980300188,-4.016037882,4.124494648,3.714460404,-4.007285347,4.113385290,3.713306941,0.014189968
1609060427.028684139,-3.976281006,4.149782533,3.704920759,-3.973768442,4.135595565,3.704834095,0.014408004
1609060427.080138206,-3.938761049,4.174512136,3.695198807,-3.939050190,4.159461051,3.696535845,0.015113121
1609060427.128703117,-3.899801296,4.200043482,3.685502795,-3.874178975,4.204919914,3.679562558,0.026750127
1609060427.179259062,-3.863271967,4.226652241,3.675687124,-3.841412849,4.228310978,3.670734501,0.022474450
1609060427.228806019,-3.824520914,4.253458918,3.665736780,-3.806681713,4.253674399,3.661267214,0.018391861
1609060427.281520128,-3.787708127,4.282755889,3.654472916,-3.773228565,4.278787364,3.651642210,0.015278082
1609060427.329280138,-3.751707644,4.309176873,3.643599564,-3.741387820,4.303064130,3.642244275,0.012070675
1609060427.381112099,-3.709212141,4.341338203,3.629565405,-3.676372987,4.353420920,3.621281260,0.035958714
1609060427.429231167,-3.671884104,4.369308116,3.617195901,-3.645435949,4.378519544,3.610806402,0.028725964
1609060427.478861094,-3.634119442,4.401272447,3.604126416,-3.613568829,4.403924871,3.599641549,0.021200874
1609060427.529126167,-3.594118488,4.432649891,3.590347605,-3.583666536,4.429017969,3.588660684,0.011192849
1609060427.579799175,-3.561258125,4.462504837,3.576578600,-3.554393800,4.453456267,3.577891610,0.011433266
1609060427.630326033,-3.525089840,4.495507428,3.564768969,-3.522219408,4.480798751,3.565996134,0.015036306
1609060427.681500196,-3.486703453,4.528561946,3.551008800,-3.461573323,4.535210669,3.543451275,0.027071112
1609060427.727840185,-3.452510846,4.558906994,3.538556324,-3.432981055,4.562179184,3.532648542,0.020664507
1609060427.779484987,-3.417846295,4.591368946,3.524928376,-3.402758875,4.590949639,3.521143640,0.015560536
1609060427.829073191,-3.383227179,4.623973152,3.512531200,-3.372430666,4.620009807,3.509674776,0.011850398
1609060427.880336046,-3.349906923,4.657754346,3.501012866,-3.340812170,4.651095143,3.497702933,0.011747986
1609060427.928755045,-3.317340579,4.690252820,3.489575074,-3.311325873,4.680163125,3.487277463,0.011969028
1609060427.980607986,-3.285588599,4.725271438,3.477570668,-3.283162307,4.708133743,3.477420948,0.017309243
1609060428.028478146,-3.252779063,4.758365525,3.466640965,-3.229518517,4.765156736,3.458256532,0.025641223
1609060428.077799082,-3.224221374,4.790830050,3.456206977,-3.201209659,4.795862870,3.449541011,0.024480673
1609060428.129625082,-3.189596175,4.826753967,3.445672291,-3.173519890,4.826224371,3.440817140,0.016801782
1609060428.179145098,-3.159681411,4.860878836,3.436571549,-3.146604421,4.856255412,3.432057156,0.014586414
1609060428.230478048,-3.126547144,4.896845789,3.427390637,-3.121116760,4.884801853,3.424589479,0.013505256
1609060428.281023979,-3.098668720,4.931875459,3.415503444,-3.067059799,4.949180115,3.410569000,0.036372018
1609060428.327894211,-3.069143108,4.965364382,3.407519318,-3.043926117,4.977571585,3.404066100,0.028228304
1609060428.378302097,-3.041950995,5.001942432,3.405558241,-3.017423229,5.009192804,3.396968959,0.026980641
1609060428.427620173,-3.012506545,5.037699187,3.399433217,-2.991314957,5.041487576,3.391310745,0.023008908
1609060428.481490135,-2.978362762,5.078707906,3.387678980,-2.966775931,5.072721694,3.386325884,0.013111837
1609060428.530129194,-2.947638320,5.115928185,3.381580760,-2.941731102,5.103867079,3.381646561,0.013430184
1609060428.580730200,-2.920307412,5.154791540,3.375048739,-2.893059914,5.167615041,3.372256844,0.030243396
1609060428.626178026,-2.892076688,5.189289811,3.370174699,-2.867779381,5.200651635,3.368711728,0.026862436
1609060428.678228140,-2.866767377,5.229030663,3.370559798,-2.845787019,5.229926656,3.365380687,0.021628717
1609060428.727977991,-2.839775556,5.266595438,3.366820876,-2.822460518,5.260860023,3.361587977,0.018976005
1609060428.780537128,-2.808353276,5.307877656,3.362789821,-2.797032651,5.293871569,3.358065269,0.018618496
1609060428.829004049,-2.779961966,5.346005482,3.359307603,-2.752509523,5.357217213,3.353310171,0.030254069
1609060428.879436016,-2.752573132,5.383795250,3.355885469,-2.727894389,5.390278780,3.350280337,0.026124586
1609060428.929301977,-2.724548271,5.421665292,3.351933844,-2.701880397,5.423839131,3.346072164,0.023514195
1609060428.979768991,-2.698401709,5.459778131,3.347214863,-2.680052827,5.454984482,3.342989753,0.019429671
1609060429.027988195,-2.670843911,5.496215765,3.343310200,-2.655287632,5.488336280,3.340137753,0.017724236
1609060429.080878019,-2.642873164,5.535117232,3.339603518,-2.631125889,5.522000768,3.336655957,0.017852961
1609060429.129002094,-2.614723515,5.572901481,3.336037529,-2.583075754,5.589422649,3.330968327,0.036058654
1609060429.179460049,-2.589999042,5.610355460,3.333488348,-2.561337643,5.621674452,3.329665811,0.031051685
1609060429.226698160,-2.562186583,5.647539471,3.330800239,-2.538303730,5.654773062,3.327589525,0.025159973
1609060429.280256987,-2.534699089,5.686828811,3.326286995,-2.512295158,5.690082923,3.324247582,0.022730697
1609060429.328555107,-2.505692149,5.725783756,3.322394014,-2.490069218,5.724044208,3.321155849,0.015768166
1609060429.381138086,-2.478894267,5.768393674,3.319180018,-2.467142657,5.759518298,3.318321293,0.014751612
1609060429.428529024,-2.451015897,5.807193052,3.315779890,-2.416260387,5.833174006,3.311524891,0.043601152
1609060429.478585005,-2.426451178,5.845802568,3.312948058,-2.396442381,5.867180755,3.308092741,0.037163542
1609060429.529040098,-2.396658275,5.889572958,3.309368403,-2.373248251,5.904935118,3.305047472,0.028331884
1609060429.579662085,-2.367670094,5.939897083,3.305849854,-2.348503968,5.944342058,3.302860154,0.019900665
1609060429.628737211,-2.336801427,5.986422784,3.302719813,-2.323349485,5.981553820,3.300913113,0.014419630
1609060429.681184053,-2.307059903,6.038012814,3.299547549,-2.276360810,6.062257195,3.296454994,0.039240135
1609060429.727297068,-2.276973174,6.085720131,3.297586645,-2.250980680,6.106360834,3.293098734,0.033493129
1609060429.779306173,-2.250509382,6.137923905,3.298291382,-2.225417381,6.151680558,3.293203755,0.029064376
1609060429.828670979,-2.222808748,6.189887356,3.298087609,-2.203120043,6.193798077,3.292701538,0.020783373
1609060429.881679058,-2.189330884,6.248944663,3.297587041,-2.177408609,6.240380764,3.292006984,0.015704077
1609060429.928592205,-2.160713375,6.303185304,3.297430849,-2.127325537,6.336236161,3.292410125,0.047247376
1609060429.979950190,-2.132172043,6.363740192,3.297865670,-2.105030509,6.385439538,3.292499236,0.035161387
1609060430.029108047,-2.103505065,6.424577157,3.298328169,-2.083062064,6.435731741,3.291940402,0.024148387
1609060430.079665184,-2.076655456,6.486547517,3.299026766,-2.057805377,6.487848938,3.293239494,0.019761368
1609060430.139734030,-2.047142138,6.560687839,3.301889111,-2.034164141,6.542315821,3.294693549,0.023616425
1609060430.179250002,-2.025813302,6.610959380,3.304458965,-2.012914254,6.594250093,3.296709422,0.022486465
1609060430.227625132,-1.999038397,6.674611376,3.308114715,-1.972701050,6.702002483,3.301408848,0.038586231
1609060430.279911041,-1.976304585,6.740218854,3.311088805,-1.950135427,6.758600664,3.306488586,0.032309098
1609060430.329241037,-1.950690643,6.804792133,3.316957677,-1.930486887,6.812199111,3.310789293,0.022385354
1609060430.379837036,-1.930277955,6.868121095,3.323352052,-1.909611605,6.869654075,3.318140047,0.021368506
1609060430.429674149,-1.906028630,6.934306152,3.331977503,-1.889075998,6.927422111,3.326049396,0.019233413
1609060430.481505156,-1.888113631,7.002555184,3.343021428,-1.853295841,7.042119358,3.342670439,0.052704132
1609060430.528452158,-1.869051140,7.065505145,3.352766062,-1.839912186,7.098584825,3.351415952,0.044104044
1609060430.580064058,-1.853807593,7.132571960,3.364341220,-1.825742607,7.152640579,3.360490465,0.034716296
1609060430.628176212,-1.835873094,7.196247338,3.373575911,-1.808340557,7.212218535,3.370803887,0.031950021
1609060430.679733992,-1.821589402,7.267939072,3.388395183,-1.793912366,7.269122180,3.380507900,0.028803252
1609060430.730561018,-1.804631624,7.335396535,3.399958765,-1.771377784,7.379790624,3.397456739,0.055523988
1609060430.780865192,-1.793637996,7.401883724,3.410124527,-1.762837840,7.433901057,3.405519113,0.044665077
1609060430.828189135,-1.782413302,7.464108598,3.419427202,-1.754156940,7.486656400,3.413774409,0.036589334
1609060430.877870083,-1.776693051,7.527795332,3.425437210,-1.748722329,7.536023201,3.420488476,0.029572776
1609060430.929910183,-1.768610675,7.591310944,3.435736700,-1.741104849,7.588775249,3.429290840,0.028364579
1609060430.981590033,-1.759754605,7.655209514,3.444021328,-1.734926171,7.640820008,3.436329834,0.029709730
1609060431.028035164,-1.754525438,7.712364260,3.450775474,-1.727508837,7.737673055,3.449460428,0.037042694
1609060431.080696106,-1.753370459,7.773574548,3.457732369,-1.726140905,7.782302422,3.455171048,0.028708618
1609060431.127861023,-1.751103360,7.828411668,3.464892742,-1.725465701,7.830697782,3.461653582,0.025942399
1609060431.179397106,-1.755150211,7.885555578,3.473468300,-1.727140523,7.878096574,3.468189447,0.029462614
1609060431.228162050,-1.759107830,7.940988314,3.481111563,-1.738289323,7.969021094,3.480507929,0.034922935
1609060431.281984091,-1.768704882,7.999112618,3.488827245,-1.746383231,8.015592433,3.487395292,0.027782925
1609060431.327632189,-1.777285763,8.049884621,3.495008347,-1.755829417,8.061872011,3.494010559,0.024598128
1609060431.380648136,-1.794905407,8.101680035,3.503509391,-1.770009619,8.106516361,3.499683090,0.025648214
1609060431.441133022,-1.816203369,8.164487677,3.512935670,-1.804857646,8.197958517,3.509662295,0.035492781
1609060431.487370014,-1.836225060,8.212009869,3.520136182,-1.823377365,8.241791763,3.514417202,0.032935259
1609060431.531643152,-1.853230452,8.258126138,3.524260837,-1.839726685,8.283065340,3.518764515,0.028888147
1609060431.578772068,-1.872705151,8.302016231,3.528165409,-1.857584986,8.324147769,3.524280884,0.027083462
1609060431.629288197,-1.892098453,8.351205990,3.533492397,-1.876095593,8.363631582,3.527536680,0.021117704
1609060431.681290150,-1.919216904,8.398008680,3.534866042,-1.896385915,8.403949947,3.530908015,0.023921093
1609060431.728561163,-1.938709004,8.441801493,3.539317028,-1.916080117,8.442082087,3.534670945,0.023102627
1609060431.780210018,-1.966447410,8.491250304,3.542875172,-1.960025753,8.517901978,3.541893317,0.027431978
1609060431.826713085,-1.988868884,8.533808808,3.547532620,-1.983650453,8.555176186,3.543935595,0.022287562
1609060431.878309011,-2.020132938,8.580232378,3.551936930,-2.006900748,8.591179528,3.546560082,0.017995595
1609060431.923537016,-2.042975493,8.623175790,3.556208494,-2.031945013,8.630382748,3.548196269,0.015421008
1609060431.972276211,-2.073464687,8.668820390,3.558036297,-2.056258949,8.667563159,3.550776258,0.018717004
1609060432.020538092,-2.098196997,8.713053157,3.561788001,-2.104189298,8.742733687,3.556772318,0.030691997
1609060432.079569101,-2.131313591,8.765016835,3.566538606,-2.125121253,8.776491860,3.560303098,0.014453470
1609060432.129607201,-2.156296570,8.809428643,3.570493174,-2.145570419,8.810323107,3.562323027,0.013513019
1609060432.185536146,-2.183381806,8.856705906,3.575081078,-2.182364945,8.878514047,3.567694859,0.023047456
1609060432.231467009,-2.203804879,8.895312019,3.577050563,-2.200919052,8.914056295,3.570795531,0.019970011
1609060432.277867079,-2.222977695,8.932951617,3.578747726,-2.217940760,8.948309326,3.573943624,0.016861475
1609060432.328068018,-2.240764504,8.973611668,3.581217073,-2.232758472,8.981059191,3.576498609,0.011909075
1609060432.376345158,-2.260531560,9.009835368,3.583283610,-2.247424503,9.015709771,3.579065247,0.014969908
1609060432.422329187,-2.272970193,9.047977781,3.585745862,-2.260140659,9.048605003,3.581732818,0.013457149
1609060432.479573011,-2.292834514,9.092648058,3.589827942,-2.284338977,9.117396105,3.585128501,0.026584295
1609060432.527909040,-2.303258251,9.133113965,3.591712464,-2.296349556,9.152608269,3.586794295,0.021259029
1609060432.578797102,-2.318328412,9.170896040,3.591774846,-2.305300063,9.186390821,3.587717179,0.020646810
1609060432.628079176,-2.326846755,9.212880772,3.592772861,-2.316126348,9.222034610,3.589404521,0.014493640
1609060432.681718111,-2.340461978,9.257041692,3.593132251,-2.322997783,9.258927202,3.590991511,0.017695649
1609060432.729138136,-2.346804428,9.298934677,3.593674017,-2.338843948,9.331186350,3.592674393,0.033234604
1609060432.780515194,-2.357883700,9.339897063,3.597171739,-2.346722152,9.368149993,3.592780707,0.030693475
1609060432.828166008,-2.363219565,9.381985594,3.597347078,-2.352884701,9.406997070,3.593405964,0.027348047
1609060432.878829002,-2.371173187,9.432652052,3.599036661,-2.358877969,9.447848921,3.593662551,0.020273092
1609060432.928115129,-2.374865839,9.480219205,3.597993310,-2.365756914,9.486116839,3.592868326,0.012000836
1609060432.980693102,-2.384489643,9.529162989,3.594552837,-2.369966569,9.525622940,3.591659502,0.015225735
1609060433.027698994,-2.387359312,9.575371386,3.592124668,-2.379583482,9.602326587,3.588813964,0.028249020
1609060433.081295013,-2.400315837,9.620472956,3.589343474,-2.386156891,9.640816891,3.586242923,0.024979288
1609060433.129487038,-2.405254667,9.667847869,3.587245333,-2.387085785,9.681502322,3.585585539,0.022788315
1609060433.178853035,-2.411054093,9.715849917,3.586231851,-2.392462032,9.721955622,3.584283224,0.019665745
1609060433.229087114,-2.415912966,9.765736425,3.585308548,-2.395106194,9.760305935,3.584576632,0.021516219
1609060433.281847000,-2.422063237,9.817158661,3.585062630,-2.402104084,9.845412035,3.585539284,0.034595493
1609060433.328270197,-2.426152864,9.863803219,3.585706383,-2.407319697,9.886656894,3.585961090,0.029614920
1609060433.378964186,-2.433072443,9.912174202,3.586309525,-2.408960127,9.926220773,3.587844480,0.027947558
1609060433.429242134,-2.437501620,9.964765556,3.588801607,-2.414582023,9.973421194,3.589814803,0.024520492
1609060433.479380131,-2.444567848,10.015881636,3.592318537,-2.419090767,10.021055688,3.592298097,0.025997171
1609060433.528609991,-2.448264663,10.066826700,3.594610930,-2.424545378,10.065100623,3.595008175,0.023785324
1609060433.579957008,-2.457024870,10.115522594,3.599244239,-2.430389834,10.108406995,3.597980980,0.027598056
1609060433.628313065,-2.460689560,10.165612551,3.601566756,-2.441206891,10.194968843,3.601509160,0.035233075
1609060433.678635120,-2.469918302,10.214030281,3.601887176,-2.446419459,10.235574745,3.603085257,0.031902899
1609060433.728372097,-2.475802194,10.266101768,3.603392411,-2.455473338,10.278976555,3.604086903,0.024072908
1609060433.782214165,-2.489579061,10.316759285,3.607654546,-2.464091984,10.321197834,3.605496263,0.025960547
1609060433.829161167,-2.498074929,10.364571875,3.609557262,-2.483929056,10.405934056,3.609257036,0.043715282
1609060433.880794048,-2.515297620,10.411074091,3.610034977,-2.495364391,10.445397601,3.609759941,0.039692727
1609060433.926801205,-2.525878260,10.457602467,3.611681950,-2.508385615,10.488781138,3.611329682,0.035752290
1609060433.981521130,-2.547634284,10.519630820,3.616940828,-2.521115839,10.531269012,3.613658652,0.029145293
1609060434.028669119,-2.562032695,10.568628996,3.620090840,-2.537095821,10.573911379,3.616147443,0.025793442
1609060434.082746029,-2.588001119,10.622406754,3.621780167,-2.571780904,10.657746143,3.622401515,0.038888994
1609060434.128036022,-2.606184899,10.669245265,3.625715107,-2.590254046,10.696102450,3.625222559,0.031230483
1609060434.179499149,-2.635048463,10.713483290,3.630130210,-2.610009531,10.733339947,3.628271066,0.032010800
1609060434.227372169,-2.660428962,10.761229916,3.635465192,-2.635943838,10.777353640,3.632823940,0.029435896
1609060434.278692007,-2.692810794,10.808352950,3.642863056,-2.665111405,10.823013024,3.636648408,0.031949895
1609060434.329144001,-2.723569043,10.856248982,3.648141366,-2.691334448,10.859961229,3.641359405,0.033148829
1609060434.378516197,-2.756478161,10.900725027,3.652353305,-2.721814850,10.900113319,3.646984978,0.035081879
1609060434.427966118,-2.790217802,10.944573702,3.658756334,-2.751235824,10.936183979,3.652285167,0.040396262
1609060434.478496075,-2.827907903,10.985386172,3.665108865,-2.814675341,11.005591281,3.661798959,0.024378322
1609060434.527953148,-2.865361873,11.026432852,3.672545687,-2.849699724,11.040642045,3.669474075,0.021369110
1609060434.579734087,-2.909267788,11.065406580,3.681167197,-2.883244760,11.072718011,3.675549531,0.027608208
1609060434.638806105,-2.958841185,11.110560330,3.689498315,-2.963387915,11.140408160,3.689065416,0.030195250
1609060434.685126066,-3.002274245,11.143242513,3.694882782,-3.003520023,11.171163785,3.696247387,0.027982343
1609060434.728393078,-3.040555709,11.175030804,3.701286912,-3.044664126,11.201326067,3.702720120,0.026652843
1609060434.779199123,-3.090079859,11.207838511,3.710456637,-3.087575642,11.229441302,3.709322441,0.021777008
1609060434.828484058,-3.136619241,11.241048786,3.717885945,-3.131126275,11.257756336,3.715530693,0.017744354
1609060434.881369114,-3.192934994,11.273197236,3.724619841,-3.175240035,11.284785069,3.722126813,0.021297996
1609060434.930052042,-3.241265573,11.302668604,3.731820547,-3.265545043,11.333078172,3.734385605,0.038997616
1609060434.979966164,-3.297953116,11.327744777,3.744123807,-3.310831016,11.355477566,3.740830939,0.030753713
1609060435.028119087,-3.348049664,11.354053949,3.751057499,-3.357219046,11.379357142,3.747554046,0.027140437
1609060435.079649210,-3.411771048,11.384448216,3.754410949,-3.402711440,11.401639223,3.753115789,0.019475232
1609060435.130227089,-3.467574657,11.411392726,3.761926359,-3.448592062,11.420081151,3.759052058,0.021073425
1609060435.181203127,-3.529420548,11.434641860,3.774253652,-3.545259162,11.461106055,3.772889576,0.030871929
1609060435.226970196,-3.580289928,11.457790631,3.782535991,-3.587111533,11.480048367,3.777703617,0.023775891
1609060435.280694008,-3.646055168,11.477520973,3.788107833,-3.636081210,11.496766042,3.784482464,0.021977166
1609060435.329034090,-3.701035012,11.499119603,3.795455391,-3.691595496,11.516593588,3.791403727,0.020269696
1609060435.379420996,-3.758486331,11.521131386,3.802611829,-3.742570738,11.536627396,3.798476415,0.022595002
1609060435.429876089,-3.814691845,11.541318748,3.809325423,-3.785710480,11.552834329,3.804138087,0.031613867
1609060435.481629133,-3.871183721,11.560473392,3.814659020,-3.878652602,11.585219522,3.813468131,0.025876116
1609060435.527260065,-3.919576101,11.579181576,3.818228490,-3.922608107,11.603000292,3.817607019,0.024018962
1609060435.578764200,-3.974541358,11.599604473,3.820972074,-3.964550346,11.620025071,3.821485113,0.022739489
1609060435.627921104,-4.024504180,11.619478311,3.824747413,-4.013370000,11.637706694,3.824559463,0.021360694
1609060435.678073168,-4.076808226,11.637948444,3.829964890,-4.061516154,11.655398190,3.828031163,0.023282620
1609060435.729574203,-4.128527356,11.659245686,3.833886690,-4.104392789,11.673149857,3.831984671,0.027918111
1609060435.779999018,-4.178524649,11.678121190,3.837556147,-4.147466098,11.690273943,3.834847264,0.033461336
1609060435.828428030,-4.225025662,11.698632551,3.841098590,-4.231249939,11.722987572,3.838944787,0.025229893
1609060435.881323099,-4.277078660,11.716930552,3.842021106,-4.268742816,11.739908951,3.842125584,0.024443895
1609060435.928601027,-4.319731690,11.736878466,3.844837539,-4.307876342,11.757853706,3.845518447,0.024103394
1609060435.979134083,-4.367687696,11.755338000,3.847457897,-4.348500304,11.775384390,3.848180983,0.027758541
1609060436.028963089,-4.411997358,11.777967318,3.850462977,-4.427813509,11.810442321,3.854617357,0.036359804
1609060436.079155207,-4.459030975,11.797782032,3.852306251,-4.467105504,11.830335803,3.857856829,0.033996397
1609060436.128490210,-4.503615179,11.820863082,3.855307841,-4.507230569,11.849616526,3.860426402,0.029428409
1609060436.178976059,-4.556552447,11.849139961,3.862937366,-4.548870258,11.868069521,3.862165901,0.020443567
1609060436.229210138,-4.603824076,11.874950295,3.867420384,-4.585625893,11.886268815,3.865792409,0.021492628
1609060436.281616211,-4.657518551,11.898856024,3.873501697,-4.670620887,11.925907002,3.875002960,0.030094524
1609060436.328548193,-4.703763599,11.923764959,3.879877118,-4.709804617,11.942609044,3.879347190,0.019795814
1609060436.378961086,-4.752223378,11.940853890,3.885563956,-4.749395044,11.960102096,3.884672679,0.019475299
1609060436.429300070,-4.805593755,11.962713430,3.892679740,-4.788878938,11.978312866,3.890937556,0.022929516
1609060436.481732130,-4.859245877,11.988874815,3.900191179,-4.871818607,12.015349567,3.899154751,0.029326783
1609060436.530310154,-4.910594907,12.011690585,3.905942688,-4.914952342,12.031625530,3.904155118,0.020483766
1609060436.580796003,-4.964871073,12.034123363,3.911002811,-4.957226884,12.049930327,3.909422534,0.017629266
1609060436.628488064,-5.016188585,12.055800760,3.915915821,-5.001849622,12.068743122,3.913587143,0.019455933
1609060436.680999994,-5.073390534,12.076757690,3.919396934,-5.049633572,12.086142415,3.917813433,0.025592455
1609060436.731419086,-5.129031903,12.097670163,3.924718495,-5.140343577,12.120907630,3.926426069,0.025900766
1609060436.778729200,-5.181963175,12.116613280,3.929636257,-5.186170236,12.138951295,3.930414137,0.022744040
1609060436.828267097,-5.236469250,12.137681038,3.934354942,-5.235708529,12.154813281,3.934649348,0.017151650
1609060436.880110025,-5.295250843,12.153851329,3.939639398,-5.285745630,12.171349307,3.937899435,0.019988892
1609060436.929759979,-5.350766958,12.173086505,3.944138340,-5.333234951,12.186954024,3.941491847,0.022509626
1609060436.981503010,-5.408723863,12.188712995,3.948811035,-5.428496048,12.218924999,3.947736060,0.036122847
1609060437.028449059,-5.460993237,12.205658055,3.953009850,-5.475191943,12.231561635,3.951100900,0.029601398
1609060437.082385063,-5.521311103,12.223416151,3.957984066,-5.523356526,12.245740112,3.953833898,0.022798396
1609060437.128386021,-5.572360922,12.239168369,3.962114042,-5.570492162,12.260004033,3.957238194,0.021480015
1609060437.181104183,-5.630686880,12.253630798,3.962729714,-5.619813046,12.273187325,3.960395929,0.022497657
1609060437.229670048,-5.684360762,12.268661392,3.966270689,-5.716446949,12.296011042,3.965109117,0.042176724
1609060437.279520988,-5.746581113,12.284951705,3.967959711,-5.760260989,12.308128894,3.967670351,0.026914770
1609060437.328559160,-5.802103020,12.299930047,3.970675888,-5.809289441,12.319254673,3.968880810,0.020695606
1609060437.379776001,-5.864119590,12.311612351,3.973355569,-5.858147002,12.328179575,3.970229480,0.017886228
1609060437.437894106,-5.931595127,12.328166740,3.974914631,-5.953724271,12.348903358,3.973163267,0.030377189
1609060437.484019995,-5.982771361,12.336064977,3.977764401,-6.002846764,12.357961887,3.973883037,0.029959330
1609060437.532320023,-6.038679719,12.345500460,3.980047046,-6.051729922,12.365802248,3.973525681,0.024999972
1609060437.579575062,-6.093540320,12.356313154,3.981426581,-6.100843897,12.373422206,3.974162831,0.019970578
1609060437.628848076,-6.150154068,12.365950118,3.982307831,-6.149261124,12.382359361,3.975374327,0.017836314
1609060437.681441069,-6.208871666,12.373991585,3.982370397,-6.197300445,12.389491899,3.976439024,0.020232007
1609060437.729734182,-6.264049292,12.381789866,3.983679012,-6.245033827,12.394081253,3.976363253,0.023794672
1609060437.780804157,-6.322032880,12.388223813,3.985205043,-6.338829442,12.405688985,3.978534885,0.025132603
1609060437.827929020,-6.375531042,12.394438820,3.986765828,-6.387489804,12.410882135,3.979048926,0.021747303
1609060437.880667210,-6.434262638,12.397873672,3.988372540,-6.433938820,12.413628975,3.980318106,0.017697694
1609060437.929320097,-6.488082869,12.404107959,3.989996665,-6.480615700,12.418327874,3.980236853,0.018794109
1609060437.980836153,-6.544177588,12.406149933,3.990495681,-6.571256249,12.427007231,3.982718795,0.035053684
1609060438.029119015,-6.597617769,12.410699764,3.991761968,-6.617515351,12.428296124,3.982984920,0.027974671
1609060438.079920053,-6.652444342,12.412721722,3.992380208,-6.664364715,12.430640562,3.983231439,0.023385468
1609060438.129821062,-6.706840882,12.416499435,3.992812309,-6.709647075,12.432922960,3.982992289,0.019340106
1609060438.180252075,-6.761804864,12.416688702,3.991333843,-6.757967465,12.435035331,3.982985449,0.020518774
1609060438.228499174,-6.813325769,12.419239076,3.990740655,-6.853154772,12.434965034,3.982423613,0.043621421
1609060438.280722141,-6.870134387,12.418428478,3.987531564,-6.898395451,12.436802841,3.981574724,0.034231402
1609060438.328006983,-6.920272975,12.420114552,3.986234021,-6.942258535,12.437451731,3.980902735,0.028502021
1609060438.379569054,-6.984165872,12.421830293,3.986348063,-6.991522316,12.436298372,3.979768272,0.017513887
1609060438.429699183,-7.039362380,12.423218815,3.985840057,-7.037603020,12.434505609,3.979229405,0.013198023
1609060438.481365204,-7.098476746,12.420079806,3.981185394,-7.083557280,12.434812533,3.977817164,0.021236495
1609060438.528198004,-7.150356583,12.420281278,3.980158129,-7.172689865,12.433250204,3.976410649,0.026096209
1609060438.580866098,-7.201896377,12.415623803,3.978831854,-7.216762421,12.430710938,3.975753974,0.021403137
1609060438.628835201,-7.256487564,12.412451412,3.978484612,-7.263250399,12.428829294,3.974831397,0.018091903
1609060438.681217194,-7.314549891,12.410536860,3.977150688,-7.305885055,12.427593837,3.973647050,0.019449816
1609060438.729390144,-7.367463735,12.407532003,3.975349333,-7.399709107,12.419950223,3.972444449,0.034675849
1609060438.779657125,-7.421510623,12.402886859,3.972766252,-7.441733736,12.417645736,3.971652180,0.025060724
1609060438.827876091,-7.474614469,12.399216388,3.970771837,-7.485562855,12.415052914,3.970282020,0.019258832
1609060438.878496170,-7.529284778,12.393695799,3.968192200,-7.531473234,12.411586558,3.969007779,0.018042554
1609060438.928888083,-7.583064910,12.389510624,3.965993687,-7.576632246,12.406833874,3.966969318,0.018504756
1609060438.980331182,-7.637126883,12.384077044,3.964505248,-7.665601839,12.398764276,3.964176639,0.032041315
1609060439.027786016,-7.687271863,12.380058070,3.962636636,-7.707291075,12.394991591,3.961538754,0.024999685
1609060439.079364061,-7.740608742,12.372944507,3.959518345,-7.751289662,12.388380796,3.959934558,0.018775897
1609060439.130916119,-7.794317327,12.367664219,3.957268041,-7.794065845,12.382791249,3.958340504,0.015167085
1609060439.180733204,-7.844679887,12.360129088,3.956471985,-7.875076673,12.373313919,3.953378944,0.033277188
1609060439.228211164,-7.893402473,12.354448313,3.954864370,-7.917569324,12.366472171,3.953036174,0.027054614
1609060439.281038046,-7.947221857,12.344224323,3.954197901,-7.961580111,12.360627355,3.953238681,0.021820610
1609060439.327913046,-7.994097529,12.338102218,3.952792361,-8.000543595,12.354232283,3.949211696,0.017735612
1609060439.379565001,-8.046722374,12.327848923,3.949327044,-8.045294231,12.347035470,3.948176705,0.019273984
1609060439.429732084,-8.096377894,12.320535011,3.947799897,-8.131283413,12.331487948,3.943026439,0.036893739
1609060439.481400013,-8.155404890,12.312015522,3.942516332,-8.171640797,12.324674808,3.941007632,0.020643119
1609060439.539367199,-8.215108200,12.302655747,3.940255569,-8.210948653,12.317295637,3.939783229,0.015226664
1609060439.587499142,-8.267936656,12.291083751,3.937501087,-8.295865819,12.298561476,3.935850767,0.028959939
1609060439.636876106,-8.319498530,12.282054878,3.935746719,-8.336077537,12.291228436,3.935433471,0.018950350
1609060439.681042194,-8.360238506,12.269805534,3.935201400,-8.375908248,12.282761801,3.932798673,0.020473856
1609060439.728736162,-8.407904296,12.258007485,3.934250387,-8.419225850,12.273483739,3.931960094,0.019311588
1609060439.779679060,-8.459146429,12.247103520,3.932110060,-8.462383077,12.262436265,3.928975334,0.015981098
1609060439.829038143,-8.509199602,12.235757833,3.928684349,-8.500990989,12.254341121,3.926803516,0.020402388
1609060439.881503105,-8.562275670,12.222622012,3.923848939,-8.582608321,12.235360108,3.921152984,0.024144233
1609060439.928616047,-8.607956745,12.212147078,3.920023031,-8.622909806,12.225190384,3.918054688,0.019939815
1609060439.981040001,-8.657904493,12.200328848,3.915904329,-8.660759815,12.215863294,3.915188485,0.015810891
1609060440.027599096,-8.701281286,12.190395513,3.912646684,-8.696939363,12.207971560,3.912146497,0.018111319
1609060440.081411123,-8.749376226,12.178157107,3.909416273,-8.738863665,12.196639608,3.908858414,0.021270355
1609060440.128535032,-8.792416111,12.168348463,3.906096829,-8.813828547,12.177357898,3.902314139,0.023536590
1609060440.180097103,-8.838719687,12.156102223,3.903206141,-8.850008172,12.168000287,3.899035348,0.016923041
1609060440.225985050,-8.878938715,12.146430661,3.899752884,-8.886977064,12.158726090,3.896991513,0.014947167
1609060440.279961109,-8.923386754,12.132064875,3.892877460,-8.925069388,12.147628443,3.891517700,0.015713207
1609060440.329184055,-8.964137164,12.122166809,3.888230925,-8.996413908,12.127530086,3.883895431,0.033005295
1609060440.378593206,-9.006354639,12.109742971,3.884455707,-9.032391001,12.116843850,3.880848000,0.027227379
1609060440.426942110,-9.045372407,12.099775930,3.880419104,-9.066610822,12.107626023,3.877096535,0.022885230
1609060440.478640079,-9.086336018,12.086296470,3.875516436,-9.103255596,12.096308598,3.873741432,0.019739946
1609060440.528146982,-9.125213649,12.075514054,3.871925998,-9.133601345,12.088091923,3.870718158,0.015166250
1609060440.580146074,-9.172118222,12.062329148,3.867005938,-9.203542026,12.067012972,3.864735669,0.031851966
1609060440.629389048,-9.211007211,12.052036982,3.864204794,-9.234939533,12.057256873,3.862197479,0.024577075
1609060440.676387072,-9.248175347,12.040461069,3.861102457,-9.265478887,12.047573466,3.860038250,0.018738495
1609060440.727923155,-9.288250419,12.028689689,3.858109769,-9.294957424,12.038777329,3.857603340,0.012124392
1609060440.786754131,-9.330091555,12.015513010,3.854316103,-9.357044099,12.019582368,3.853618383,0.027266942
1609060440.827316999,-9.358744268,12.005304386,3.852970056,-9.383720641,12.012456027,3.851959003,0.025999757
1609060440.875877142,-9.393536321,11.994567313,3.851259423,-9.412767253,12.003011544,3.851107126,0.021003737
1609060440.931124210,-9.432813866,11.981627622,3.849555514,-9.441970379,11.993686888,3.849869016,0.015144831
1609060440.979609013,-9.466707426,11.970251736,3.848777232,-9.471253918,11.984465138,3.849935816,0.014967755
1609060441.028758049,-9.499630986,11.959483353,3.849388500,-9.525211032,11.967515170,3.850990856,0.026859196
1609060441.129243135,-9.564213207,11.937630597,3.850453208,-9.554205702,11.957531856,3.851012649,0.022282802
1609060441.182025194,-9.596679129,11.926281959,3.849504416,-9.605034982,11.941310439,3.854372272,0.017870968
1609060441.228152037,-9.624570333,11.916866608,3.850053474,-9.631794921,11.931376420,3.854889203,0.016914893
1609060441.280858994,-9.656042148,11.903211331,3.851992987,-9.681577607,11.912874056,3.856352544,0.027648393
1609060441.329025030,-9.684238271,11.893080713,3.853287358,-9.705555112,11.904379323,3.859555278,0.024926955
1609060441.378175020,-9.710705931,11.882464933,3.857366146,-9.730187151,11.894131874,3.860117461,0.022873678
1609060441.428585052,-9.738937054,11.871041044,3.859555452,-9.757245286,11.882557490,3.862368963,0.021811367
1609060441.478903055,-9.768540990,11.857344460,3.862624793,-9.781497512,11.871561057,3.863799913,0.019270807
1609060441.537096977,-9.801115647,11.843904623,3.865821120,-9.831071776,11.849777423,3.867460617,0.030570367
1609060441.583423138,-9.827616520,11.832389268,3.867937195,-9.855486184,11.836962246,3.869696983,0.028297122
1609060441.627671003,-9.852155809,11.820595963,3.871194569,-9.876818269,11.824717799,3.871993626,0.025017293
1609060441.680040121,-9.886685568,11.799235416,3.876342138,-9.900562211,11.809902413,3.873792472,0.017687477
1609060441.728864193,-9.915798028,11.781463105,3.879655772,-9.924873037,11.793486411,3.875541122,0.015615570
1609060441.781987190,-9.945095601,11.758857153,3.883131799,-9.951138609,11.774670770,3.878257984,0.017616540
1609060441.830039978,-9.973809125,11.737588040,3.886492107,-9.998583556,11.736797988,3.882856553,0.025052222
1609060441.894683123,-10.009281532,11.705907798,3.884554862,-10.024627760,11.713203178,3.883309320,0.017037625
1609060441.930989981,-10.031607240,11.684386398,3.888876406,-10.049610093,11.689545831,3.885560810,0.019018823
1609060441.978468180,-10.060339933,11.657669638,3.891655264,-10.073495403,11.665859356,3.887333235,0.016087816
1609060442.026913166,-10.090098726,11.626887712,3.893894114,-10.098497308,11.638895118,3.889518407,0.015292508
1609060442.082087994,-10.123105188,11.591247563,3.895132656,-10.125765232,11.608507917,3.891542420,0.017829343
1609060442.129801989,-10.151390908,11.555906353,3.897131544,-10.174657646,11.547086709,3.895820386,0.024916788
1609060442.180477142,-10.180147149,11.516400137,3.899200998,-10.198155769,11.514079188,3.898209529,0.018184615
1609060442.228999138,-10.210277548,11.474807427,3.903043528,-10.225802445,11.476279163,3.901329104,0.015688457
1609060442.280194044,-10.242049569,11.428811248,3.908113017,-10.252962325,11.436877277,3.904898019,0.013945798
1609060442.330140114,-10.273133308,11.380719339,3.911838669,-10.276869282,11.396752684,3.908882968,0.016726082
1609060442.380113125,-10.300663160,11.330066740,3.916315320,-10.328019975,11.309389666,3.915054584,0.034315101
1609060442.429234982,-10.330410068,11.277208978,3.920863256,-10.355793422,11.261056678,3.918665363,0.030166905
1609060442.480772018,-10.361759611,11.221330119,3.927254228,-10.378909022,11.215222607,3.922996779,0.018695718
1609060442.528684139,-10.389921841,11.166420737,3.932921956,-10.403611974,11.165830751,3.927382289,0.014780249
1609060442.580502987,-10.420060655,11.103931857,3.937402312,-10.426366943,11.117451548,3.931767976,0.015946695
1609060442.628773212,-10.447413997,11.045266183,3.943192762,-10.475658597,11.010039092,3.941398524,0.045187660
1609060442.681797981,-10.475536565,10.979830049,3.949547826,-10.499406344,10.957387914,3.946288858,0.032924712
1609060442.728772163,-10.500404637,10.921312144,3.955505643,-10.522223912,10.903445191,3.951238587,0.028522211
1609060442.780261040,-10.531111649,10.843962893,3.961492038,-10.545953130,10.846012357,3.957340473,0.015546876
1609060442.829646111,-10.556852915,10.776634982,3.968104650,-10.567463445,10.790472819,3.963111508,0.018138372
1609060442.881582022,-10.585871851,10.702394077,3.975059503,-10.610120844,10.674202404,3.974890712,0.037186188
1609060442.927739143,-10.609219836,10.636769335,3.981350522,-10.630486107,10.615388554,3.982863305,0.030194049
1609060442.978944063,-10.633468334,10.567452104,3.992015663,-10.650354777,10.557483356,3.988765973,0.019876830
1609060443.029739141,-10.657158137,10.496627767,4.002034715,-10.667640179,10.501225844,3.996540108,0.012696701
1609060443.082411051,-10.680609834,10.422328535,4.011923289,-10.703222800,10.388260227,4.012055141,0.040890258
1609060443.127682209,-10.699184031,10.359013411,4.020583793,-10.719061465,10.333461905,4.020962599,0.032374918
1609060443.179086208,-10.717907638,10.289100358,4.029502363,-10.734504564,10.276022144,4.030612916,0.021159654
1609060443.228727102,-10.736511797,10.221933521,4.039747176,-10.747671477,10.223435635,4.039856132,0.011260847
1609060443.281817198,-10.756794264,10.152405526,4.050168064,-10.761300619,10.169887328,4.049017210,0.018089917
1609060443.328857183,-10.771008270,10.091569613,4.059285650,-10.787473434,10.060306800,4.067649139,0.036309958
1609060443.380503178,-10.784138832,10.026571692,4.068937298,-10.799230244,10.005679393,4.077120370,0.027040738
1609060443.427570105,-10.796155757,9.967568038,4.078217985,-10.809462319,9.951704572,4.086682739,0.022368867
1609060443.482220173,-10.807461393,9.901149600,4.088812576,-10.819844471,9.897426469,4.095459523,0.014539058
1609060443.528699160,-10.816473487,9.845582993,4.097723519,-10.828028378,9.845254000,4.103926195,0.013118571
1609060443.588477135,-10.827675306,9.775715425,4.112648784,-10.843211467,9.745925654,4.120020807,0.034396940
1609060443.632436991,-10.833929581,9.725013308,4.121803485,-10.850036836,9.697952827,4.128303564,0.032155316
1609060443.679489136,-10.841468712,9.671769887,4.130129791,-10.854300629,9.651834597,4.135414555,0.024289969
1609060443.728943110,-10.846911329,9.615938380,4.139621902,-10.858134278,9.604181995,4.144060026,0.016848268
1609060443.781625986,-10.851715184,9.559124219,4.150779919,-10.862472214,9.556853065,4.151824761,0.011043710
1609060443.830082178,-10.855102971,9.507795002,4.159863212,-10.867187144,9.463810251,4.166983835,0.046166966
1609060443.879235983,-10.859299847,9.449194962,4.168712269,-10.869194680,9.421396587,4.174246267,0.030021367
1609060443.928887129,-10.861063895,9.396162997,4.178620837,-10.870814716,9.377569491,4.183476393,0.021549324
1609060443.980231047,-10.860557477,9.341817754,4.186817446,-10.872353538,9.334617832,4.190146337,0.014215043
1609060444.029864073,-10.859903216,9.290935948,4.195739269,-10.871406638,9.291868606,4.197081334,0.011618938
1609060444.080605030,-10.859855429,9.244988356,4.206541541,-10.869179195,9.251399366,4.203475239,0.011723305
1609060444.129366159,-10.857132097,9.197686563,4.214902808,-10.866086532,9.171810422,4.216538048,0.027430468
1609060444.179435015,-10.854113806,9.150282730,4.222877128,-10.863028584,9.136099469,4.222592110,0.016754683
1609060444.228093147,-10.850874826,9.104061941,4.230525782,-10.859069624,9.101361487,4.229006775,0.008760967
1609060444.281483173,-10.848630569,9.056832539,4.238683833,-10.856393835,9.065777780,4.235223115,0.012339457
1609060444.331593037,-10.843562894,9.011564502,4.246263898,-10.846400506,8.990729536,4.248414762,0.021137031
1609060444.387536049,-10.837264538,8.962329757,4.253856178,-10.841249659,8.957035231,4.255177032,0.006757059
1609060444.432651043,-10.831955784,8.925961535,4.261199165,-10.837198822,8.921121633,4.260066668,0.007224725
1609060444.485102177,-10.825475925,8.885007679,4.269202442,-10.831979040,8.887524035,4.265475358,0.007906561
1609060444.534483194,-10.818505417,8.847743203,4.275842098,-10.825267407,8.856433118,4.271192556,0.011952295
1609060444.581612110,-10.811486546,8.815169949,4.281520310,-10.818583687,8.825321304,4.276551078,0.013345886
1609060444.630171061,-10.803075089,8.781386713,4.287193835,-10.805344289,8.766356835,4.285877199,0.015257130
1609060444.679744005,-10.794501152,8.749557191,4.289911125,-10.796832994,8.738668140,4.289594244,0.011140437
1609060444.729159117,-10.785117679,8.718362791,4.294546454,-10.788703236,8.710844542,4.293437971,0.008402917
1609060444.780722141,-10.777350656,8.686664021,4.301375362,-10.780894572,8.683689217,4.298414013,0.005493486
1609060444.830566168,-10.768003706,8.658499896,4.306031948,-10.772921298,8.658979272,4.301243259,0.006880701
1609060444.881223202,-10.758678136,8.631448898,4.310740255,-10.764651357,8.634372535,4.303689530,0.009692252
1609060444.930093050,-10.748611985,8.604831747,4.314233775,-10.748383022,8.588583374,4.309470633,0.016933682
1609060444.979432106,-10.737932402,8.577125605,4.312648746,-10.740321411,8.568639370,4.311621949,0.008875689
1609060445.028347015,-10.728015829,8.554482786,4.314075436,-10.731888316,8.547615868,4.314027655,0.007883717
1609060445.081011057,-10.718078548,8.531424588,4.315802362,-10.723676192,8.528563541,4.315716224,0.006287020
1609060445.129235029,-10.708819605,8.513221291,4.316690473,-10.716229643,8.513025182,4.315118523,0.007577476
1609060445.181812048,-10.700671891,8.497422037,4.322715968,-10.709005259,8.498945440,4.318408096,0.009503870
1609060445.228995085,-10.692891827,8.483966238,4.325379331,-10.695886965,8.475247390,4.317602439,0.012061062
1609060445.280653000,-10.685080976,8.472306754,4.326078548,-10.690046770,8.466669802,4.319224186,0.010169396
1609060445.329303980,-10.678666757,8.464901028,4.326274682,-10.684549583,8.460829567,4.318412402,0.010630140
1609060445.380624056,-10.673780638,8.461899167,4.326193622,-10.681217311,8.456423056,4.317563977,0.012639726
1609060445.430977106,-10.669964685,8.460364585,4.326036425,-10.678549465,8.454829020,4.315612931,0.014594182
1609060445.480096102,-10.668092020,8.462786552,4.325696251,-10.673994686,8.461780235,4.314207553,0.012955475
1609060445.528472185,-10.668075969,8.469607991,4.324118319,-10.674643132,8.468412485,4.312531232,0.013372264
1609060445.578977108,-10.671860064,8.479302673,4.321036627,-10.677512965,8.477178500,4.311037311,0.011681340
1609060445.621975183,-10.676928264,8.490558829,4.319125101,-10.684246471,8.487676918,4.308965039,0.012848674
1609060445.681045055,-10.691115267,8.506359768,4.318713162,-10.695299766,8.500391912,4.306086232,0.014579598
1609060445.731163979,-10.708936602,8.524638881,4.315852199,-10.708852575,8.515727215,4.305406082,0.013731213
1609060445.780709028,-10.727008080,8.543593985,4.309292925,-10.746134887,8.551189793,4.298670423,0.023159632
1609060445.828881025,-10.750084511,8.565803330,4.306169932,-10.768350377,8.572258392,4.297093013,0.021393927
1609060445.880499125,-10.777451236,8.590793008,4.305523385,-10.792578377,8.594063050,4.295049427,0.018687626
1609060445.927330017,-10.806291302,8.616573298,4.303347629,-10.820810407,8.619531360,4.293308938,0.017897761
1609060445.979900122,-10.840378979,8.645071204,4.304563862,-10.851604961,8.647640999,4.292093570,0.016974532
1609060446.029411077,-10.876278144,8.674901547,4.304129887,-10.881415610,8.672701561,4.291343696,0.013954217
1609060446.081185102,-10.924643063,8.711780241,4.315512272,-10.953772397,8.730169906,4.289711959,0.043038983
1609060446.131128073,-10.970589506,8.744552239,4.317640521,-10.993791774,8.759870618,4.288977784,0.039931823
1609060446.178665161,-11.020174229,8.778409899,4.310772872,-11.034327798,8.788470947,4.287095344,0.029362791
1609060446.228984118,-11.073072009,8.813217377,4.309758457,-11.079141575,8.819246099,4.287660674,0.023695931
1609060446.281457186,-11.126978066,8.850168296,4.291944034,-11.124886805,8.846997117,4.286385387,0.006732630
1609060446.328745127,-11.182231445,8.881642888,4.290614663,-11.219196782,8.902671747,4.281085219,0.043582787
1609060446.380972147,-11.244647280,8.915469754,4.286773937,-11.264809517,8.929133632,4.278986669,0.025570666
1609060446.428580046,-11.301733944,8.946025352,4.281791560,-11.316683974,8.957496139,4.275969685,0.019722489
1609060446.480714083,-11.364861556,8.980484913,4.274453511,-11.368412785,8.985004158,4.272898092,0.005954337
1609060446.528998137,-11.422308017,9.010764767,4.269718648,-11.419630348,9.013818649,4.270494245,0.004134931
1609060446.580425978,-11.480323431,9.042351475,4.264537782,-11.516659526,9.068718983,4.262173499,0.044957170
1609060446.628514051,-11.532333284,9.072174211,4.258585714,-11.563119600,9.095208820,4.257390994,0.038468400
1609060446.680069208,-11.586695924,9.104106753,4.252100539,-11.606448684,9.121007864,4.252498149,0.025999560
1609060446.731581211,-11.639505197,9.135039727,4.245489919,-11.649330588,9.148314080,4.248202018,0.016736255
1609060446.780048132,-11.688155829,9.164665639,4.246668329,-11.692640834,9.174227111,4.243259145,0.011097727
1609060446.829411983,-11.734671008,9.192668097,4.241810304,-11.735750319,9.199356664,4.239086918,0.007301963
1609060446.880906105,-11.783377390,9.225716904,4.233887906,-11.817039114,9.251696887,4.229726058,0.042724608
1609060446.930359125,-11.825220195,9.254378426,4.228784249,-11.854441348,9.276882011,4.224579134,0.037121020
1609060446.979737997,-11.866016999,9.281747213,4.217208406,-11.890800431,9.302618882,4.220096648,0.032529786
1609060447.028401136,-11.904892835,9.312018509,4.211923083,-11.925569533,9.330045440,4.215541429,0.027669270
1609060447.082936049,-11.946924260,9.344879216,4.214121380,-11.955594171,9.355604054,4.210560634,0.014243189
1609060447.130169153,-11.976183089,9.372389899,4.209779486,-12.007855030,9.405438105,4.201178190,0.046575509
1609060447.180736065,-12.006721438,9.403212133,4.201138356,-12.030735744,9.430845558,4.196537362,0.036897997
1609060447.229449034,-12.031021717,9.431783479,4.195703712,-12.051658063,9.455754064,4.192369416,0.031805114
1609060447.281094074,-12.057568888,9.467268047,4.189281491,-12.071835642,9.481591532,4.188326726,0.020238926
1609060447.330182076,-12.079491093,9.496870602,4.184478470,-12.091152186,9.506412782,4.185498864,0.015102169
1609060447.375482082,-12.098893224,9.525119388,4.182272675,-12.123978913,9.556675436,4.177846500,0.040554494
1609060447.423263073,-12.116037017,9.555648395,4.179650343,-12.137752105,9.582668600,4.176404410,0.034816269
1609060447.477159977,-12.132702374,9.590904449,4.176404310,-12.148720240,9.606702616,4.172307402,0.022867854
1609060447.528703213,-12.146665440,9.623130228,4.171930847,-12.159652369,9.633535533,4.167288206,0.017276713
1609060447.581300020,-12.159834407,9.653968511,4.166250085,-12.168241861,9.657991014,4.164941006,0.009411668
1609060447.628663063,-12.170283878,9.684192565,4.161980910,-12.184239516,9.708765045,4.159338568,0.028382187
1609060447.681246996,-12.181154364,9.719220174,4.157579458,-12.190399582,9.733236365,4.155138946,0.016967138
1609060447.728794098,-12.188321622,9.749172047,4.153517513,-12.197005013,9.759302400,4.151966027,0.013432514
1609060447.778280020,-12.194531318,9.780051626,4.148954453,-12.201710420,9.787162588,4.149457900,0.010117250
1609060447.830143213,-12.200369822,9.813555074,4.144950281,-12.205603751,9.813767714,4.144889103,0.005238604
1609060447.882296085,-12.205622114,9.847005627,4.144418343,-12.215940604,9.871106439,4.139471222,0.026679475
1609060447.928719997,-12.210794781,9.878773137,4.141350434,-12.219605768,9.898439333,4.134570997,0.022591006
1609060447.979175091,-12.218212515,9.912301774,4.131321855,-12.225640223,9.926629612,4.131997840,0.016152855
1609060448.028673172,-12.224765078,9.943993484,4.126728575,-12.231086071,9.951969307,4.130260604,0.010772369
1609060448.081704140,-12.232575137,9.979866631,4.121510951,-12.239608534,9.980692273,4.125477221,0.008116751
1609060448.130548000,-12.241796737,10.013979370,4.117226867,-12.254955532,10.037082020,4.121273354,0.026893499
1609060448.182169199,-12.254139859,10.047644926,4.121742396,-12.264050884,10.064378203,4.119192763,0.019614577
1609060448.228177071,-12.263607572,10.076927890,4.119564224,-12.272376535,10.093256339,4.116382381,0.018805241
1609060448.279637098,-12.275863753,10.113081921,4.116385147,-12.283666020,10.121992820,4.114404987,0.012008352
1609060448.330150127,-12.289282234,10.145071243,4.114450256,-12.295017452,10.148043479,4.113725377,0.006500183
1609060448.380889177,-12.308292775,10.179620998,4.111231368,-12.322679614,10.203464141,4.112076686,0.027860207
1609060448.430328131,-12.327048750,10.213552562,4.110604368,-12.339148587,10.232592940,4.111562189,0.022580068
1609060448.481029034,-12.347095255,10.252252519,4.111407676,-12.355979273,10.260904486,4.111095664,0.012404824
1609060448.528560162,-12.366617811,10.283784305,4.114570204,-12.373568396,10.290064334,4.112586442,0.009575213
1609060448.582046986,-12.390903624,10.319680682,4.115945982,-12.392242588,10.315744240,4.112371686,0.005483065
1609060448.629378080,-12.412914439,10.350086455,4.115370754,-12.432918091,10.369737257,4.114337638,0.028060068
1609060448.682945013,-12.439320697,10.384511330,4.113744206,-12.454346120,10.396261479,4.115780236,0.019182668
1609060448.728159189,-12.462650977,10.413148004,4.114923124,-12.475441418,10.421038557,4.116403035,0.015101203
1609060448.781961203,-12.492323090,10.445510282,4.116703143,-12.500005318,10.446947196,4.118883325,0.008113849
1609060448.830974102,-12.521381459,10.473764468,4.118822895,-12.523574585,10.470061022,4.120193754,0.004517142
1609060448.882435083,-12.552277444,10.501799401,4.121226449,-12.572886452,10.515109288,4.121854327,0.024541364
1609060448.929800034,-12.580253236,10.527557044,4.122920995,-12.599425823,10.538243207,4.123723934,0.021964219
1609060448.980499029,-12.610889998,10.553476237,4.125390043,-12.624608681,10.559193484,4.124953707,0.014868745
1609060449.029496193,-12.641205263,10.577553347,4.127549289,-12.652554709,10.583523525,4.126282791,0.012886310
1609060449.081385136,-12.675268405,10.603527160,4.130360337,-12.682939484,10.604695444,4.128546873,0.007968626
1609060449.129601002,-12.704936714,10.625840045,4.132850285,-12.710736261,10.624208179,4.130713865,0.006392341
1609060449.182257175,-12.739387198,10.648642001,4.138382548,-12.767039277,10.663093965,4.135610724,0.031323789
1609060449.229597092,-12.769818439,10.667792858,4.141392369,-12.792593344,10.680557555,4.136993587,0.026476085
1609060449.281344175,-12.803854301,10.689626486,4.142515339,-12.821144240,10.697588871,4.138063289,0.019548972
1609060449.328800201,-12.834526947,10.707955231,4.145643179,-12.850144373,10.716092455,4.141037690,0.018202443
1609060449.380174160,-12.873337347,10.727071576,4.147843468,-12.881815983,10.733346003,4.142872568,0.011660426
1609060449.429436207,-12.908257650,10.744378268,4.150553142,-12.912384404,10.748204934,4.144857782,0.008006910
1609060449.481356144,-12.946960614,10.765093351,4.151200384,-12.971840194,10.776922984,4.147379562,0.027812451
1609060449.530636072,-12.980951277,10.779969653,4.153028521,-13.001146482,10.790040247,4.148723499,0.022973820
1609060449.580252171,-13.015793707,10.794903417,4.153129171,-13.029499540,10.801588080,4.149456160,0.015685203
1609060449.629147053,-13.050478358,10.809373208,4.154176298,-13.057782111,10.814609535,4.150434557,0.009734708
1609060449.680668116,-13.087211771,10.823863021,4.154308887,-13.088774447,10.824323268,4.151041214,0.003651228
1609060449.730679035,-13.122122618,10.836025765,4.153764646,-13.115796077,10.835964348,4.151233898,0.006814219
1609060449.780331135,-13.157586688,10.847065839,4.153260524,-13.177453511,10.853978993,4.151955481,0.021075709
1609060449.829497099,-13.192219671,10.856858307,4.152968749,-13.207514554,10.862970596,4.152216333,0.016488167
1609060449.881090164,-13.227875149,10.866327547,4.153197383,-13.237319647,10.870305895,4.152932812,0.010251623
1609060449.932608128,-13.263264372,10.876059112,4.151390688,-13.269759377,10.877400723,4.152277593,0.006691159
1609060449.981177092,-13.296195728,10.884047532,4.149770960,-13.302207454,10.884130604,4.152990028,0.006819835
1609060450.029534101,-13.330353935,10.890089914,4.151828999,-13.331559016,10.889898523,4.153208877,0.001841986
1609060450.083388090,-13.369520827,10.895933461,4.156945614,-13.394222629,10.896181438,4.154714288,0.024803615
1609060450.135148048,-13.406267274,10.899725891,4.157751217,-13.424725471,10.898459132,4.153499124,0.018983941
1609060450.181058168,-13.439490995,10.901969785,4.153823935,-13.453131565,10.901180662,4.155647510,0.013784531
1609060450.228619099,-13.473523403,10.903637275,4.154611937,-13.485855793,10.901615493,4.156144239,0.012590608
1609060450.282606125,-13.513226165,10.906479891,4.159848819,-13.518695374,10.903315601,4.156738835,0.007042512
1609060450.330546141,-13.549738170,10.908822846,4.162370737,-13.581498267,10.907478475,4.156779562,0.032276498
1609060450.379955053,-13.586242575,10.909205472,4.163156194,-13.611913175,10.907490066,4.160075553,0.025911632
1609060450.428682089,-13.620590461,10.909063271,4.165090423,-13.644110414,10.907383925,4.160692907,0.023986383
1609060450.482573032,-13.664295236,10.912472218,4.164389283,-13.676141387,10.908629688,4.160553072,0.013031226
1609060450.531778097,-13.703049503,10.913715008,4.164743740,-13.710102204,10.909696283,4.161543229,0.008725481
1609060450.581305027,-13.747514731,10.915420841,4.164627816,-13.782273074,10.909636588,4.162177724,0.035321424
1609060450.629453182,-13.787483150,10.915812737,4.165360905,-13.817640933,10.911812412,4.164140068,0.030446427
1609060450.681060076,-13.833763982,10.921590741,4.168732250,-13.855848101,10.915112950,4.165378286,0.023257669
1609060450.728013039,-13.875883466,10.926013669,4.170647786,-13.894317255,10.917821763,4.165572428,0.020800749
1609060450.781613111,-13.925684635,10.934192641,4.172648290,-13.933096969,10.924568179,4.168173111,0.012946049
1609060450.828855038,-13.969283627,10.942050219,4.173372044,-13.970779122,10.930731312,4.166718219,0.013214672
1609060450.881541014,-14.018865267,10.953465847,4.172514551,-14.053824496,10.949161480,4.169715153,0.035334288
1609060450.930435181,-14.066488740,10.965964483,4.175585913,-14.093313337,10.960139577,4.170801788,0.027863532
1609060450.980435133,-14.115727833,10.981090450,4.179786204,-14.133494858,10.973869229,4.168965540,0.022020445
1609060451.032390118,-14.168328866,10.999922923,4.178734481,-14.177736031,10.990678875,4.170095946,0.015766148
1609060451.090063095,-14.226453842,11.021538247,4.178076159,-14.269042677,11.026748210,4.173653960,0.043133611
1609060451.134982109,-14.272602618,11.041751597,4.178070861,-14.312831816,11.046805931,4.173356386,0.040818635
1609060451.179135084,-14.320225361,11.064198808,4.171761484,-14.354738938,11.068656401,4.175284457,0.034978114
1609060451.228018999,-14.371771870,11.090834450,4.171663604,-14.400201626,11.091950462,4.176851653,0.028920794
1609060451.280712128,-14.427153364,11.115401737,4.177963200,-14.446085861,11.114829169,4.178296050,0.018944077
1609060451.330120087,-14.479620386,11.143720425,4.178400821,-14.490253687,11.139446243,4.179780274,0.011542903
1609060451.380979061,-14.533037122,11.172243870,4.181854282,-14.534993030,11.165670777,4.180257504,0.007041365
1609060451.428116083,-14.579479423,11.196879076,4.182558356,-14.621078292,11.215528269,4.183157972,0.045591862
1609060451.479802132,-14.631313355,11.227292310,4.183766468,-14.660264882,11.239860405,4.182926150,0.031572996
1609060451.530027151,-14.681518269,11.256641219,4.183464959,-14.707257889,11.269393241,4.183770822,0.028726916
1609060451.579686165,-14.734839962,11.287404916,4.186432900,-14.755177788,11.298785816,4.183758358,0.023458585
1609060451.630514145,-14.785135483,11.316553476,4.186227361,-14.795506789,11.323102111,4.182418996,0.012843373
1609060451.684009075,-14.839975245,11.351019272,4.183990489,-14.876474146,11.375267089,4.181839396,0.043872015
1609060451.728813171,-14.881607071,11.375654511,4.183501148,-14.913363349,11.397416207,4.181518496,0.038548198
1609060451.780947208,-14.928094084,11.406131090,4.180838191,-14.950218181,11.419476056,4.181270781,0.025840877
1609060451.828563213,-14.969438906,11.429615256,4.180956684,-14.983707903,11.439773782,4.180938636,0.017515715
1609060451.881102085,-15.012058666,11.454515738,4.180649478,-15.017127016,11.459528257,4.180442560,0.007131362
1609060451.930507183,-15.049160451,11.475386523,4.180361673,-15.077968808,11.492242523,4.179537506,0.033387504
1609060451.979911089,-15.084584689,11.495390762,4.180402610,-15.104692095,11.506758629,4.179124941,0.023133712
1609060452.030478001,-15.117180402,11.512546242,4.179308701,-15.132041879,11.520645398,4.178869324,0.016930827
1609060452.079850197,-15.147092398,11.528164519,4.178180986,-15.157452685,11.532543745,4.178256272,0.011248059
1609060452.141802073,-15.185655935,11.546930143,4.179167989,-15.182997355,11.544575081,4.177997091,0.003739702
1609060452.179795027,-15.207400437,11.557405655,4.179820823,-15.228089147,11.565679584,4.178021932,0.022354342
1609060452.229011059,-15.233438190,11.569024211,4.181017451,-15.249951686,11.573836163,4.178290366,0.017415150
1609060452.279659033,-15.257149045,11.580164728,4.179309803,-15.269802345,11.581464387,4.178299905,0.012759898
1609060452.328589201,-15.278654467,11.588040051,4.180162495,-15.289020485,11.588111444,4.179472105,0.010389228
1609060452.381144047,-15.301975327,11.595761396,4.178779040,-15.307897717,11.594071406,4.180569180,0.006413685
1609060452.430617094,-15.322714716,11.602889734,4.179848098,-15.343051780,11.604933488,4.181016165,0.020472848
1609060452.479754210,-15.342844389,11.608369907,4.181758878,-15.361310564,11.610027707,4.183685538,0.018640277
1609060452.529028177,-15.362245226,11.614492633,4.183684333,-15.378972753,11.614796867,4.186707954,0.017001324
1609060452.579004049,-15.381770760,11.620656612,4.189096882,-15.395855737,11.619722366,4.188574433,0.014125591
1609060452.630564213,-15.402876245,11.626202029,4.192333788,-15.414360477,11.624633989,4.191786932,0.011603680
1609060452.681979179,-15.427630798,11.634377337,4.192653942,-15.432051889,11.628544138,4.193135324,0.007335120
1609060452.729056120,-15.447964784,11.639551984,4.195776374,-15.469769155,11.639381424,4.201674956,0.022588779
1609060452.779504061,-15.472517121,11.644049550,4.201859565,-15.488116577,11.643879426,4.205757500,0.016079983
1609060452.830963135,-15.496988037,11.650756466,4.207432635,-15.509062661,11.649362499,4.209759100,0.012375465
1609060452.880644083,-15.521887929,11.660622961,4.214398086,-15.528778960,11.654603117,4.213521439,0.009192026
1609060452.931265116,-15.548348148,11.667364664,4.220989288,-15.571133702,11.666036633,4.224265380,0.023058142
1609060452.979619980,-15.573333818,11.674031699,4.226666363,-15.592154262,11.671047268,4.228759555,0.019170222
1609060453.028874159,-15.599525085,11.681366158,4.232696854,-15.614782549,11.678399776,4.234691544,0.015670623
1609060453.081588984,-15.628799232,11.689716458,4.239256540,-15.637368339,11.685097509,4.238526268,0.009762048
1609060453.129861116,-15.657316262,11.700453886,4.244379048,-15.662925472,11.692032076,4.244768319,0.010126285
1609060453.181578159,-15.689103992,11.712556571,4.249485595,-15.714336895,11.711202479,4.255513575,0.025978251
1609060453.228747129,-15.718795778,11.722173342,4.254614316,-15.740681646,11.720629227,4.261099146,0.022878561
1609060453.280352116,-15.753353629,11.733425709,4.259508873,-15.768381796,11.729234108,4.266986352,0.017301098
1609060453.330042124,-15.785973986,11.745115200,4.265834927,-15.796162682,11.738440477,4.272444573,0.013858170
1609060453.383922100,-15.819742616,11.755995095,4.275126656,-15.821796327,11.748079227,4.279367836,0.009212291
1609060453.429046154,-15.848547695,11.766154385,4.281440056,-15.876571447,11.766226052,4.287474839,0.028666260
1609060453.481620073,-15.882087519,11.776625714,4.291175725,-15.904351310,11.775736265,4.298611467,0.023489525
1609060453.530162096,-15.912046207,11.786654131,4.298046023,-15.930894707,11.787284551,4.303854233,0.019733188
1609060453.580815077,-15.943755202,11.797503799,4.300572556,-15.958363550,11.796486472,4.308190326,0.016506641
1609060453.629384041,-15.973575646,11.807738649,4.306698989,-15.986488409,11.806501419,4.315149195,0.015481478
1609060453.682363987,-16.005899452,11.819606187,4.317957067,-16.013924670,11.816059434,4.322242293,0.009764565
1609060453.732746124,-16.035814958,11.829735101,4.325170798,-16.040033231,11.824962814,4.327118496,0.006660487
1609060453.780745029,-16.067658932,11.837756132,4.331419036,-16.090585540,11.841230891,4.339523508,0.024563913
1609060453.828164101,-16.094681891,11.845883149,4.338830818,-16.113119661,11.848882228,4.346129680,0.020055404
1609060453.880906105,-16.126703996,11.856041765,4.346319638,-16.136748990,11.856985522,4.352048164,0.011602094
1609060453.931298018,-16.154875847,11.862259780,4.355041098,-16.162288919,11.862648268,4.359047990,0.008435624
1609060453.980770111,-16.182640530,11.867749466,4.362954831,-16.205893276,11.872385300,4.372850172,0.025692390
1609060454.029380083,-16.206269703,11.871687783,4.370053713,-16.226330925,11.875060733,4.378820884,0.022151585
1609060454.081245184,-16.231191954,11.874810076,4.378541892,-16.244493816,11.876505886,4.384554122,0.014695654
1609060454.129816055,-16.253310001,11.876017465,4.386318758,-16.262505686,11.877192280,4.390092535,0.010009106
1609060454.181892157,-16.276768632,11.875749351,4.394881260,-16.279026159,11.876745015,4.396135982,0.002768051
1609060454.230159998,-16.294694017,11.873455368,4.401285547,-16.311902462,11.871299927,4.407340676,0.018369570
1609060454.280667067,-16.312190978,11.870765186,4.407853958,-16.325084084,11.869477109,4.412352823,0.013716090
1609060454.327840090,-16.328089242,11.868055084,4.414612551,-16.338319818,11.867320173,4.417771121,0.010732258
1609060454.380474091,-16.346076487,11.866616699,4.421471351,-16.352058222,11.863918699,4.423283675,0.006807707
1609060454.430658102,-16.360735027,11.861396821,4.428598767,-16.364199007,11.859026064,4.428745014,0.004200123
1609060454.483566999,-16.374105456,11.854895869,4.436059968,-16.387558412,11.846547505,4.439052163,0.016113052
1609060454.531413078,-16.386457938,11.847411788,4.442859841,-16.398453520,11.838850004,4.443082946,0.014739332
1609060454.578727007,-16.398636924,11.840680430,4.443769478,-16.407805552,11.830139144,4.447844058,0.014552823
1609060454.627688169,-16.406937490,11.830096408,4.449672187,-16.415417812,11.821380331,4.454084266,0.012936472
1609060454.680584192,-16.417301015,11.816475648,4.453798301,-16.423564531,11.810056218,4.458538233,0.010144342
1609060454.731364012,-16.424976091,11.803230699,4.459872894,-16.430576477,11.797607045,4.462358244,0.008316656
1609060454.781885147,-16.432700201,11.789305275,4.466647627,-16.441101018,11.772282692,4.473168483,0.020071463
1609060454.831376076,-16.437515251,11.773556344,4.472243054,-16.445576225,11.758235358,4.480034833,0.018984829
1609060454.881854057,-16.442009378,11.754355111,4.480155164,-16.447891870,11.743078402,4.484318096,0.013382746
1609060454.934195042,-16.444429899,11.734279930,4.486093111,-16.449339954,11.728654893,4.488485993,0.007840636
1609060454.985146046,-16.446220693,11.711775149,4.495226701,-16.452291104,11.711356378,4.495191672,0.006084939
1609060455.032769203,-16.446263109,11.690048918,4.501138569,-16.451885256,11.677209674,4.503218143,0.014169662
1609060455.088777065,-16.446092591,11.663946005,4.506654635,-16.450795112,11.658726875,4.507904414,0.007135473
1609060455.134570122,-16.444814007,11.642362344,4.512063348,-16.448764892,11.638146958,4.512902542,0.005838083
1609060455.183914185,-16.442192833,11.617360691,4.517000482,-16.445223275,11.617394316,4.517028021,0.003030754
1609060455.233921051,-16.437530429,11.590106242,4.520957025,-16.441573479,11.597021454,4.521185369,0.008013648
1609060455.281438112,-16.432104108,11.563812113,4.525454227,-16.431255860,11.549690102,4.529829753,0.014808645
1609060455.329286098,-16.424694063,11.535870374,4.530217191,-16.431255808,11.549689206,4.529826815,0.015302582
1609060455.380719185,-16.415426098,11.505698761,4.535304132,-16.415795333,11.500663656,4.540816087,0.007474642
1609060455.428884983,-16.406236121,11.476143320,4.541766403,-16.407432843,11.472806416,4.546400200,0.005834307
1609060455.480583191,-16.396176669,11.444511193,4.549182250,-16.397893514,11.445595310,4.552441449,0.003839954
1609060455.532083988,-16.384259691,11.410988804,4.555725841,-16.388513102,11.417471797,4.558676906,0.008296354
1609060455.580499172,-16.372032108,11.378793468,4.561711991,-16.365968706,11.357033524,4.572077005,0.024853440
1609060455.628786087,-16.358587116,11.345068848,4.568454282,-16.353860533,11.326786666,4.578735111,0.021500564
1609060455.680741072,-16.344014329,11.310291641,4.579691388,-16.340782622,11.296881673,4.586335830,0.015310773
1609060455.731168985,-16.328498173,11.274600437,4.589653131,-16.327714231,11.266051679,4.594105581,0.009670581
1609060455.779289007,-16.313915138,11.243363987,4.598754560,-16.314509837,11.234181419,4.602571278,0.009961956
1609060455.829546213,-16.296252580,11.206789445,4.609022937,-16.299793202,11.202781824,4.610427676,0.005529043
1609060455.880892038,-16.278835316,11.169613499,4.617820532,-16.269110843,11.136057388,4.627673649,0.036299613
1609060455.928446054,-16.261810724,11.134978748,4.627287218,-16.253209242,11.103537868,4.636069117,0.033758498
1609060455.979711056,-16.244113883,11.090317799,4.638141507,-16.238871051,11.071772141,4.644312498,0.020236350
1609060456.029316187,-16.225858866,11.051906721,4.648089156,-16.223415436,11.039899689,4.652542963,0.013037467
1609060456.081103086,-16.206429905,11.011061041,4.659344235,-16.208156652,11.007679533,4.660683008,0.004025986
1609060456.132400036,-16.186083160,10.970504481,4.669006626,-16.191639183,10.975816571,4.668562270,0.007699685
1609060456.179992199,-16.168233285,10.938122245,4.677198204,-16.157796425,10.907496719,4.685450575,0.033390905
1609060456.229928017,-16.146252431,10.898663070,4.685054303,-16.140728603,10.875105786,4.693610322,0.025664445
1609060456.280745983,-16.124580445,10.858150556,4.693633720,-16.123735753,10.841431982,4.701016051,0.018295438
1609060456.328821182,-16.104343750,10.819803270,4.701458111,-16.104808157,10.804810708,4.706757848,0.015908482
1609060456.375164032,-16.085781982,10.783107260,4.708538704,-16.084498735,10.768000893,4.712347292,0.015631839
1609060456.426805019,-16.063200118,10.741834950,4.714632377,-16.066081783,10.734851889,4.717837341,0.008206030
1609060456.485151052,-16.037814815,10.694658024,4.720610278,-16.028463984,10.667867936,4.724941724,0.028703803
1609060456.528421164,-16.017624463,10.660666895,4.725068050,-16.008864522,10.634156633,4.728401650,0.028118383
1609060456.579080105,-15.994631080,10.622272679,4.729795898,-15.990670922,10.602741379,4.732610770,0.020126550
1609060456.627412081,-15.971419500,10.583289123,4.734353704,-15.972014553,10.570677111,4.735667267,0.012694187
1609060456.680670023,-15.947977094,10.541099016,4.739466246,-15.951357619,10.537472364,4.739038063,0.004976334
1609060456.726881981,-15.924397812,10.503605942,4.743340618,-15.911276502,10.472812250,4.743935631,0.033477967
1609060456.779075146,-15.897708713,10.463259328,4.745509607,-15.888008207,10.438981291,4.746652244,0.026169229
1609060456.827740192,-15.870949196,10.424423283,4.748348615,-15.864701641,10.407843630,4.748150770,0.017718803
1609060456.878676176,-15.844495537,10.385814367,4.746768601,-15.844909246,10.374689299,4.749419130,0.011443933
1609060456.929023027,-15.815236763,10.346146139,4.747805267,-15.794618072,10.309735200,4.751027926,0.041967515
1609060456.978980064,-15.786895846,10.309719895,4.750619499,-15.769524894,10.277798990,4.751943189,0.036365455
1609060457.027249098,-15.757163106,10.272277569,4.751190866,-15.742994135,10.244474693,4.751847094,0.031212021
1609060457.078922987,-15.723099951,10.229049112,4.750730281,-15.715706132,10.211430291,4.751787177,0.019136573
1609060457.129274130,-15.688509792,10.189299328,4.750345204,-15.687956111,10.179245100,4.751378746,0.010122365
1609060457.172206163,-15.659692589,10.154390012,4.746309888,-15.658115731,10.146042593,4.750561221,0.009499459
1609060457.221413136,-15.624568582,10.116391366,4.744713083,-15.599416833,10.084237104,4.748321554,0.040982047
1609060457.273039103,-15.585628835,10.079023312,4.742319461,-15.569527710,10.054360553,4.746943220,0.029814041
1609060457.322131157,-15.547930286,10.043791362,4.740794722,-15.534038794,10.020919174,4.745053148,0.027096950
1609060457.371599197,-15.508463656,10.008071803,4.739089751,-15.498056509,9.988150154,4.742591255,0.022747338
1609060457.428241014,-15.461783255,9.967327140,4.735611893,-15.463250915,9.958568815,4.740408152,0.010092889
1609060457.479582071,-15.419886034,9.931572154,4.731928909,-15.396926107,9.904329613,4.735617078,0.035817829
1609060457.528037071,-15.378601984,9.898591837,4.728896283,-15.361904715,9.873572028,4.733535370,0.030435354
1609060457.578487158,-15.336275340,9.865983143,4.726010906,-15.323927748,9.850318176,4.730504218,0.020446126
1609060457.627092123,-15.292517384,9.835254425,4.722679245,-15.288387265,9.824531773,4.728201030,0.012748461
1609060457.679813147,-15.245153086,9.803950064,4.718660650,-15.249872115,9.800057096,4.724672320,0.008576982
1609060457.727046013,-15.200343852,9.775690442,4.715388417,-15.175087915,9.752918041,4.718819197,0.034179158
1609060457.778679132,-15.152890468,9.748418066,4.713541581,-15.134251350,9.728387234,4.716406481,0.027511064
1609060457.827083111,-15.106068332,9.721835108,4.710875957,-15.095036583,9.707495415,4.713090766,0.018227223
1609060457.879731178,-15.058997348,9.695139109,4.709218219,-15.056877904,9.685121436,4.710308076,0.010297262
1609060457.929150105,-15.010493998,9.669964042,4.707282146,-14.973025071,9.643731436,4.704484350,0.045824642
1609060457.979729176,-14.963375941,9.646361715,4.704529181,-14.933762500,9.624220366,4.702403646,0.037036645
1609060458.026831150,-14.916573895,9.624200148,4.702526459,-14.892711920,9.603785413,4.699819938,0.031519526
1609060458.078697205,-14.868669433,9.603520957,4.699483953,-14.850685751,9.584674961,4.697362222,0.026135916
1609060458.137619019,-14.810337662,9.578254140,4.696894099,-14.806188932,9.568063047,4.694107117,0.011350666
1609060458.180298090,-14.762345136,9.555476805,4.693950043,-14.763728855,9.548085407,4.692951004,0.007585876
1609060458.226857185,-14.714010987,9.535996590,4.692214776,-14.679593987,9.513467176,4.688524362,0.041300406
1609060458.276430130,-14.660369951,9.516789309,4.686358411,-14.637982999,9.499937012,4.686689639,0.028022942
1609060458.327916145,-14.604866519,9.496958287,4.683344007,-14.591029902,9.482827091,4.683881660,0.019784634
1609060458.378300190,-14.555203181,9.481623925,4.680097129,-14.544414528,9.465144476,4.681151132,0.019725065
1609060458.428943157,-14.502815320,9.463199062,4.675937458,-14.500511561,9.451156009,4.677758356,0.012395890
1609060458.480785131,-14.448193192,9.445233570,4.671101613,-14.417867952,9.425696358,4.671379646,0.036074924
1609060458.527002096,-14.399638712,9.430140653,4.666747250,-14.374465707,9.412427499,4.667098710,0.030782455
1609060458.579663992,-14.346093503,9.414166089,4.662461313,-14.332550712,9.400114999,4.663915977,0.019569271
1609060458.628001213,-14.296893754,9.399954149,4.658531611,-14.290927671,9.390786726,4.660172111,0.011060156
1609060458.680536985,-14.245477454,9.385711684,4.655690711,-14.248446230,9.378475039,4.656425264,0.007856350
1609060458.733805180,-14.191924834,9.371956764,4.651587795,-14.165542234,9.355061536,4.649115840,0.031426118
1609060458.778982162,-14.146892171,9.359966804,4.648008804,-14.121778656,9.344435045,4.645939506,0.029600780
1609060458.827742100,-14.096970468,9.346917435,4.644272043,-14.081514865,9.334229124,4.641827115,0.020145635
1609060458.879104137,-14.047997777,9.334934097,4.638904338,-14.040624282,9.322846915,4.638355848,0.014169306
1609060458.930878162,-13.995958646,9.321643327,4.634809011,-13.997629350,9.312952424,4.634649096,0.008851475
1609060458.980327129,-13.948405695,9.310256553,4.633254325,-13.912954275,9.292428719,4.628690753,0.039943222
1609060459.026729107,-13.902501896,9.298639565,4.630295167,-13.874373684,9.282950993,4.624899749,0.032656365
1609060459.080546141,-13.851674462,9.285529357,4.628595157,-13.832300750,9.272429398,4.621580870,0.024416181
1609060459.127784014,-13.804736856,9.273684019,4.625048247,-13.787354526,9.264045380,4.617573826,0.021234777
1609060459.181243181,-13.754740266,9.264194941,4.620327558,-13.744319587,9.253481224,4.613787054,0.016314181
1609060459.227688074,-13.709001123,9.253477165,4.616455234,-13.664241669,9.233885836,4.605778938,0.050012121
1609060459.279424191,-13.651903795,9.238793867,4.610762566,-13.622607463,9.225626790,4.602073035,0.033273938
1609060459.328384161,-13.601504574,9.226990971,4.606538341,-13.580473672,9.216612176,4.598149290,0.024907718
1609060459.388609171,-13.539726572,9.213266236,4.598903839,-13.536532121,9.205174913,4.593804835,0.010083346
1609060459.433518171,-13.491625004,9.202806478,4.594831906,-13.493376982,9.196349766,4.589960429,0.008275860
1609060459.486275196,-13.440764549,9.194815027,4.589229785,-13.409527913,9.180518904,4.582862162,0.034937847
1609060459.533322096,-13.393422469,9.184854429,4.584790231,-13.367717740,9.170520362,4.579214058,0.029954837
1609060459.579319000,-13.344667464,9.174834768,4.580640661,-13.325809469,9.161142178,4.576396402,0.023688071
1609060459.627422094,-13.293488808,9.164966075,4.576532747,-13.283693429,9.154927585,4.573967391,0.014258394
1609060459.680034161,-13.240185656,9.155455068,4.571965690,-13.239950782,9.146375315,4.571436840,0.009098174
1609060459.728425026,-13.188737449,9.145478127,4.568361846,-13.153327753,9.129485623,4.566198986,0.038913812
1609060459.779250145,-13.136438389,9.135071878,4.564852812,-13.107856376,9.122257533,4.564577931,0.031324343
1609060459.827799082,-13.085257479,9.126110171,4.561034603,-13.062401589,9.114716482,4.562959683,0.025610814
1609060459.879274130,-13.032743034,9.116891807,4.556143020,-13.018979636,9.106370167,4.560599393,0.017888412
1609060459.927618980,-12.980622400,9.108398639,4.553213370,-12.972395304,9.099800095,4.557925888,0.012799527
1609060459.983558178,-12.921658800,9.098982594,4.552081287,-12.877701363,9.087123260,4.554346828,0.045585445
1609060460.025993109,-12.875374187,9.091916534,4.549338936,-12.835885915,9.078790160,4.552778567,0.041754717
1609060460.077687025,-12.822720435,9.084336708,4.546945145,-12.792757934,9.072175797,4.550619857,0.032544473
1609060460.131011009,-12.763837599,9.076270946,4.543992917,-12.743829666,9.067022551,4.549023320,0.022608740
1609060460.180317163,-12.711357908,9.071222406,4.540851859,-12.697677069,9.062403164,4.548077305,0.017808747
1609060460.228507996,-12.657390577,9.064913005,4.539361637,-12.608208510,9.049923071,4.546428084,0.051899022
1609060460.278956175,-12.604053853,9.058565341,4.540872017,-12.560107199,9.045792253,4.546281530,0.046083869
1609060460.329240084,-12.547635840,9.052613039,4.540318352,-12.512095174,9.041133180,4.546099615,0.037793506
1609060460.378509045,-12.485106321,9.043943145,4.540244071,-12.464203452,9.036152406,4.545371042,0.022889111
1609060460.428874016,-12.424619856,9.037950797,4.540007533,-12.418819552,9.031225254,4.544377065,0.009897943
1609060460.480195045,-12.364091197,9.031682591,4.540118393,-12.320331795,9.023729339,4.545093707,0.044753695
1609060460.526538134,-12.307159987,9.026652640,4.540363767,-12.272813456,9.018982064,4.544770325,0.035467446
1609060460.578445196,-12.250394974,9.023694220,4.539954375,-12.225891787,9.013911162,4.544275166,0.026735438
1609060460.625929117,-12.193885061,9.019952307,4.540507616,-12.179492860,9.011670397,4.543949672,0.016957984
1609060460.680358171,-12.127486438,9.015526910,4.540806703,-12.128949837,9.009682358,4.544934256,0.007303220
1609060460.727480173,-12.069837247,9.012413873,4.540997980,-12.035764900,9.003080532,4.545133176,0.035568749
1609060460.778958082,-12.010253376,9.010449674,4.540771195,-11.984997027,9.000636505,4.545347657,0.027479546
1609060460.828413010,-11.950484245,9.007732651,4.540512323,-11.935488093,8.999456692,4.546147266,0.018031324
1609060460.880685091,-11.889981450,9.005195465,4.539960729,-11.888334369,8.998749550,4.545921481,0.008932708
1609060460.929251194,-11.833084134,9.004233001,4.541752477,-11.792142997,8.995483228,4.547982001,0.042326613
1609060460.978983164,-11.776123544,9.004580067,4.544637582,-11.742670188,8.995525958,4.550137293,0.035090607
1609060461.027152061,-11.717878948,9.004080531,4.546925929,-11.693399797,8.994243896,4.553348213,0.027152052
1609060461.079848051,-11.658253127,9.003969407,4.550271709,-11.645428207,8.992801260,4.555419568,0.017768132
1609060461.127817154,-11.600644628,9.004324347,4.553179203,-11.599227557,8.992951808,4.557512231,0.012252260
1609060461.179355145,-11.544033489,9.004282032,4.556695551,-11.497081332,8.995387205,4.563185410,0.048225940
1609060461.226543188,-11.487653575,9.005356410,4.559694955,-11.450138308,8.995223896,4.566043509,0.039374703
1609060461.278989077,-11.429718557,9.007934487,4.564157967,-11.401073723,8.995902185,4.567937211,0.031298332
1609060461.327422142,-11.372312482,9.010248304,4.566969453,-11.342489845,9.001448335,4.569969760,0.031238293
1609060461.380146027,-11.312992916,9.014338582,4.569663734,-11.287440709,9.005351737,4.572328995,0.027217316
1609060461.428488016,-11.256216119,9.018267214,4.572371371,-11.238776944,9.007515813,4.574077218,0.020557903
1609060461.480466127,-11.186938446,9.021259005,4.574608041,-11.143168379,9.015799045,4.576046734,0.044132751
1609060461.526633978,-11.129509779,9.025858145,4.576803525,-11.091407636,9.022628286,4.577437840,0.038244053
1609060461.578130007,-11.066372206,9.034466633,4.579061844,-11.043087481,9.026911605,4.578532034,0.024485456
1609060461.628714085,-11.002205695,9.041860916,4.581297487,-10.997226174,9.031879182,4.579794723,0.011255619
1609060461.680414200,-10.945084831,9.051211245,4.581490873,-10.945904437,9.039598765,4.580599963,0.011675408
1609060461.726855993,-10.890725051,9.060412472,4.583579463,-10.849735766,9.055903674,4.582602763,0.041248087
1609060461.778423071,-10.827128063,9.071475662,4.584036064,-10.806187283,9.062003082,4.583041718,0.023005103
1609060461.826656103,-10.766774850,9.082757998,4.583510714,-10.758500796,9.072117279,4.582520387,0.013515384
1609060461.881693125,-10.700569638,9.096510217,4.580758717,-10.705757137,9.084210008,4.582690307,0.013488377
1609060461.929234982,-10.642238878,9.109938886,4.579461554,-10.605241593,9.107498079,4.581725524,0.037146766
1609060461.978337049,-10.584869941,9.124773608,4.577606358,-10.605241841,9.107502212,4.581738249,0.027025691
1609060462.026682138,-10.525540206,9.140484728,4.575664476,-10.499543131,9.136359237,4.579143498,0.026551293
1609060462.079570055,-10.464495760,9.158543412,4.573818175,-10.449736490,9.150396813,4.577297229,0.017213569
1609060462.129022121,-10.404382742,9.176793541,4.570856562,-10.403140093,9.164074111,4.574279709,0.013230495
1609060462.180023193,-10.344628521,9.196720321,4.567886743,-10.299234847,9.197678663,4.567741555,0.045404021
1609060462.227467060,-10.285802912,9.216351491,4.564081081,-10.249497302,9.215760842,4.563995056,0.036310516
1609060462.279769182,-10.225636826,9.239054004,4.558796428,-10.199299784,9.232864779,4.559997512,0.027081153
1609060462.330918074,-10.162704020,9.262640395,4.554002758,-10.147979367,9.252787359,4.555340813,0.017767614
1609060462.380113125,-10.105462136,9.285475965,4.550095013,-10.098462022,9.272314671,4.551181709,0.014946644
1609060462.427350998,-10.047625824,9.308728347,4.545180136,-9.997105912,9.314159380,4.541772460,0.050925140
1609060462.479017019,-9.988335359,9.334457568,4.541038436,-9.950902185,9.333420650,4.536553096,0.037715195
1609060462.527957201,-9.928007498,9.361016598,4.535925193,-9.896134576,9.358922602,4.531562784,0.032238154
1609060462.580631018,-9.856567618,9.390926893,4.527897611,-9.844711558,9.383487908,4.526681880,0.014049294
1609060462.628690004,-9.795127056,9.419088795,4.522601278,-9.749109204,9.429521348,4.516845201,0.047535391
1609060462.679250002,-9.732768417,9.452990069,4.516022004,-9.697789029,9.455791429,4.511401900,0.035394216
1609060462.727450132,-9.670451164,9.483761587,4.510293741,-9.645403320,9.484255630,4.506446312,0.025346425
1609060462.779249191,-9.616538935,9.518148516,4.504354698,-9.593004785,9.512704701,4.500926681,0.024397595
1609060462.828996181,-9.557952620,9.551863935,4.498962463,-9.544214309,9.539908826,4.495110005,0.018614705
1609060462.879943132,-9.496199287,9.588091390,4.492644930,-9.448470072,9.597545388,4.485194898,0.049223561
1609060462.929316998,-9.438333326,9.623625689,4.486455030,-9.401056274,9.626347987,4.480240280,0.037889479
1609060462.979207039,-9.382346353,9.659569340,4.479936720,-9.356378727,9.654168459,4.474878735,0.027001302
1609060463.027507067,-9.326326841,9.694762848,4.473053239,-9.311184796,9.682910415,4.469017219,0.019648185
1609060463.080178022,-9.268404891,9.731029338,4.463357383,-9.262582473,9.715455261,4.462872705,0.016633921
1609060463.129511118,-9.214526706,9.767825416,4.454200018,-9.215640307,9.747584797,4.455995941,0.020350628
1609060463.178997993,-9.163967605,9.805288409,4.444853082,-9.128551936,9.809874106,4.438759234,0.036227520
1609060463.226540089,-9.112598875,9.842301201,4.434978736,-9.081891484,9.845481418,4.430558539,0.031186468
1609060463.279219151,-9.062817167,9.882899866,4.422875893,-9.037535387,9.880672873,4.422249008,0.025387416
1609060463.330190182,-9.010581585,9.924078145,4.411902988,-8.995340987,9.914901300,4.413395270,0.017852652
1609060463.379824162,-8.965625811,9.963753304,4.401951100,-8.956491067,9.947599737,4.404486723,0.018729940
1609060463.427031994,-8.920074190,10.002553322,4.391860698,-8.872894099,10.021215480,4.387802177,0.050899004
1609060463.479870081,-8.873357156,10.046286837,4.380939590,-8.837047667,10.054831934,4.380023254,0.037312696
1609060463.529342175,-8.828428560,10.087637306,4.371159942,-8.799957494,10.090711609,4.371890689,0.028645889
1609060463.580952168,-8.784795856,10.130466146,4.368737376,-8.766469078,10.124438614,4.364592000,0.019732868
1609060463.628221035,-8.743443971,10.171086201,4.361203201,-8.693337220,10.199029115,4.350487878,0.058363611
1609060463.677978992,-8.698437524,10.218104845,4.352305848,-8.661278561,10.234466391,4.342395305,0.041793631
1609060463.732715130,-8.651175977,10.267753304,4.343102617,-8.629383090,10.271479908,4.334571952,0.023697884
1609060463.778750181,-8.613770493,10.312718663,4.330859268,-8.592216185,10.314234212,4.325883559,0.022173018
1609060463.828248024,-8.572122522,10.360251768,4.320549405,-8.559984482,10.353648576,4.316895800,0.014292760
1609060463.879996061,-8.539699886,10.408919902,4.307487389,-8.503135004,10.428398039,4.299374919,0.042216118
1609060463.933847189,-8.499991532,10.461751330,4.298352684,-8.471007226,10.471064804,4.290970667,0.031326106
1609060463.980240107,-8.465221163,10.507935541,4.287930385,-8.442146024,10.511778372,4.282359652,0.024047088
1609060464.028326035,-8.430727711,10.556669547,4.276692624,-8.415414465,10.550161621,4.274138378,0.016833680
1609060464.080262184,-8.397695884,10.608181143,4.264397441,-8.388438538,10.591867220,4.264469188,0.018757603
1609060464.130795002,-8.364707099,10.659635074,4.253707467,-8.331818360,10.676691667,4.246498772,0.037743368
1609060464.178006172,-8.335699912,10.707287289,4.244360504,-8.307782356,10.719516865,4.237019114,0.031350414
1609060464.226155043,-8.304825837,10.757496440,4.234296553,-8.281794575,10.763204698,4.226549380,0.024960808
1609060464.277084112,-8.277075576,10.809894527,4.225914779,-8.256148313,10.808389696,4.218787563,0.022158792
1609060464.328767061,-8.245175310,10.865798121,4.215150861,-8.230500970,10.853211247,4.210107369,0.019980052
1609060464.378328085,-8.220494651,10.917605195,4.203767094,-8.209204122,10.897970010,4.200284059,0.022916110
1609060464.427219152,-8.192236429,10.971755145,4.194118489,-8.166935052,10.983832849,4.183284881,0.030056574
1609060464.476723194,-8.169046241,11.025145735,4.183587384,-8.142596493,11.033523714,4.174765858,0.029113554
1609060464.528161049,-8.141251816,11.082907924,4.173439253,-8.122804849,11.079752996,4.165875224,0.020185607
1609060464.584477186,-8.116260801,11.144708159,4.159558617,-8.083694855,11.174034116,4.149290642,0.045010930
1609060464.627368212,-8.094159777,11.194295603,4.151269566,-8.061045879,11.224529869,4.141669070,0.045856413
1609060464.677657127,-8.072452273,11.250697074,4.144899112,-8.042875031,11.272085304,4.134258877,0.038019525
1609060464.725933075,-8.048882414,11.307479310,4.136837071,-8.024958124,11.325401178,4.125920108,0.031823657
1609060464.778755188,-8.023263875,11.376518610,4.124682367,-8.003377908,11.383061784,4.117966236,0.021985704
1609060464.829033136,-7.998375772,11.439340622,4.116052661,-7.984146109,11.436252210,4.110654516,0.015529378
1609060464.881244183,-7.978035637,11.507486317,4.107291660,-7.952501229,11.535664357,4.097062320,0.039378259
1609060464.926936150,-7.956363580,11.566767184,4.099151136,-7.936854613,11.589809618,4.089462846,0.031708304
1609060464.979433060,-7.943199456,11.631439740,4.089372105,-7.919013457,11.643376862,4.082956519,0.027723946
1609060465.026580095,-7.926067875,11.693453372,4.080590212,-7.903584049,11.695281048,4.075754333,0.023070513
1609060465.080960035,-7.904573618,11.765506662,4.069724397,-7.890021346,11.748477992,4.068841718,0.022417033
1609060465.131188154,-7.887436713,11.832238888,4.059314977,-7.861302520,11.858571288,4.053517633,0.037549974
1609060465.178850174,-7.872383353,11.895441241,4.049494607,-7.846624869,11.914823235,4.046420362,0.032382282
1609060465.228109121,-7.855332286,11.961409599,4.040423040,-7.836206744,11.966575783,4.039783978,0.019821307
1609060465.278582096,-7.840139024,12.027624273,4.033132835,-7.821003613,12.023263482,4.032075881,0.019654455
1609060465.329045057,-7.824117323,12.095127400,4.024172283,-7.805467119,12.081033542,4.025235728,0.023400809
1609060465.380448103,-7.810004578,12.162753892,4.016585716,-7.783841204,12.193283229,4.012419532,0.040421771
1609060465.427752018,-7.794568119,12.227346781,4.009568943,-7.773761400,12.249418469,4.005247448,0.030639098
1609060465.479211092,-7.784683109,12.295214441,4.003845737,-7.761162803,12.306129062,4.000168379,0.026188866
1609060465.529885054,-7.770014225,12.363797018,3.997031680,-7.749571712,12.362593189,3.995749367,0.020518037
1609060465.579433203,-7.758695618,12.426853853,3.987271694,-7.741682534,12.414029367,3.990021874,0.021481992
1609060465.628167152,-7.745267301,12.492020603,3.980739054,-7.721984373,12.527850298,3.979389696,0.042751403
1609060465.678918123,-7.738010436,12.559828785,3.975857574,-7.712487221,12.581983015,3.975575349,0.033798285
1609060465.726876020,-7.726322266,12.624975765,3.970570679,-7.702909491,12.646751639,3.970873762,0.031975593
1609060465.780047178,-7.718262052,12.694886058,3.967496462,-7.696461117,12.709271298,3.966087151,0.026157256
1609060465.828760147,-7.707548431,12.761712892,3.963152034,-7.687496435,12.768804120,3.962030878,0.021298475
1609060465.880266190,-7.699631408,12.839354022,3.956711826,-7.674787331,12.881585400,3.955320544,0.049016866
1609060465.932221174,-7.689373945,12.913425837,3.951671366,-7.670386890,12.939271095,3.950884241,0.032079669
1609060465.979675055,-7.684506409,12.981660602,3.945313641,-7.664354875,12.998160751,3.947374503,0.026126354
1609060466.027986050,-7.675887943,13.052074194,3.940860632,-7.658058977,13.055317076,3.945342414,0.018667476
1609060466.079845190,-7.674925793,13.124280987,3.940337686,-7.655478246,13.113152937,3.942266948,0.022489167
1609060466.161890984,-7.668725817,13.241986166,3.939723735,-7.649647715,13.225076472,3.938728446,0.025512788
1609060466.229519129,-7.663236796,13.340299050,3.940745984,-7.644238094,13.340409802,3.940491218,0.019000733
1609060466.280148983,-7.662049536,13.412078032,3.941938442,-7.642065603,13.402334862,3.941853645,0.022232727
1609060466.328636169,-7.660124148,13.483233961,3.943250732,-7.637892520,13.523221598,3.944831944,0.045779435
1609060466.378987074,-7.661542835,13.555735802,3.944834525,-7.638837449,13.581336996,3.945451341,0.034224789
1609060466.429597139,-7.661182961,13.629396860,3.946768253,-7.640327205,13.641644456,3.946415281,0.024188649
1609060466.479005098,-7.662940095,13.699272260,3.948984901,-7.640287330,13.702653982,3.947766746,0.022936165
1609060466.527721167,-7.662358503,13.770483173,3.950358666,-7.640276970,13.763592017,3.949050095,0.023168826
1609060466.581521034,-7.666726121,13.846214870,3.951761150,-7.643348383,13.825623907,3.950002201,0.031202568
1609060466.628607988,-7.667517618,13.914841640,3.953166592,-7.648655742,13.946375672,3.952036450,0.036761974
1609060466.679336071,-7.673941435,13.986719585,3.953731738,-7.651214824,14.005348979,3.953010481,0.029395125
1609060466.727976084,-7.676046822,14.057304930,3.954843241,-7.655654503,14.072314747,3.953670839,0.025347896
1609060466.779019117,-7.681930043,14.127697819,3.957448871,-7.661941593,14.139831346,3.954052529,0.023628283
1609060466.829914093,-7.684926074,14.201656465,3.958474012,-7.666365117,14.202213109,3.954297572,0.019033172
1609060466.880611181,-7.692772780,14.273617611,3.958589873,-7.675600331,14.323181295,3.956183963,0.052509430
1609060466.928917170,-7.697376545,14.344036898,3.959083273,-7.682904483,14.384827132,3.956589413,0.043353237
1609060466.979152203,-7.707460930,14.424976790,3.958794875,-7.690395085,14.445699268,3.956917654,0.026910743
1609060467.028021097,-7.713488146,14.498674527,3.959076693,-7.695723169,14.504413534,3.957789793,0.018713277
1609060467.080524206,-7.726965511,14.577935943,3.957757108,-7.704941107,14.566309023,3.957960188,0.024905840
1609060467.126882076,-7.734230107,14.649424517,3.957619200,-7.723285108,14.683202142,3.957692557,0.035506708
1609060467.180591106,-7.751031936,14.726336768,3.958569736,-7.732559487,14.744790989,3.957563571,0.026130481
1609060467.226670980,-7.764845598,14.793700884,3.959015533,-7.742253432,14.806747022,3.957166336,0.026153914
1609060467.279661179,-7.777727291,14.874527115,3.957644466,-7.754039387,14.864952461,3.955612438,0.025630449
1609060467.329204082,-7.790774200,14.949580213,3.955839662,-7.776893914,14.987524078,3.953406659,0.040476150
1609060467.379631042,-7.806269384,15.023146066,3.953853812,-7.789316840,15.048604160,3.952736309,0.030606406
1609060467.427987099,-7.820522138,15.095990964,3.951688097,-7.804026454,15.109519347,3.950657393,0.021358537
1609060467.479583025,-7.840082497,15.169325811,3.949018353,-7.818285332,15.170692167,3.949341389,0.021842337
1609060467.528842211,-7.856717452,15.241979622,3.946901141,-7.833008849,15.233021650,3.948023730,0.025369338
1609060467.580595016,-7.877231815,15.315850097,3.944223027,-7.848872320,15.295756716,3.946809462,0.034852468
1609060467.627780199,-7.893377793,15.384929857,3.942619540,-7.883060313,15.415574873,3.944511322,0.032390527
1609060467.693520069,-7.923348176,15.475019768,3.938406316,-7.899339063,15.474197177,3.943121133,0.024481496
1609060467.770143986,-7.960435133,15.581433819,3.936706522,-7.942621700,15.607356407,3.939900943,0.031614921
1609060467.835719109,-7.989581118,15.673869544,3.934613111,-7.982528999,15.726526662,3.937452147,0.053203050
1609060467.886023998,-8.017489141,15.740869274,3.937906884,-8.003724186,15.782830398,3.936972877,0.044171058
1609060467.932846069,-8.040207185,15.805658126,3.938954622,-8.026640437,15.843592727,3.937923513,0.040300792
1609060467.978756189,-8.065991748,15.866222021,3.938987512,-8.049428659,15.900782745,3.938458968,0.038328304
1609060468.027256012,-8.091101080,15.931844622,3.940435578,-8.070637366,15.955357287,3.939989159,0.031173840
1609060468.081122160,-8.121724887,16.018668471,3.943336558,-8.095741676,16.013098510,3.940697170,0.026704271
1609060468.129112005,-8.148329654,16.086138311,3.945380727,-8.146207499,16.125404538,3.943836765,0.039353830
1609060468.179625988,-8.182424833,16.154059581,3.945627584,-8.173937808,16.182400761,3.945090583,0.029589532
1609060468.227814198,-8.211293596,16.221239699,3.947416329,-8.202065866,16.238326226,3.946439385,0.019443632
1609060468.278457165,-8.250028314,16.271591999,3.946710816,-8.229395024,16.292596072,3.948328750,0.029487649
1609060468.327484131,-8.283697819,16.334383053,3.949712626,-8.257771326,16.345503004,3.951072205,0.028243314
1609060468.380009174,-8.319321299,16.402608944,3.952682752,-8.287505127,16.398878153,3.952520259,0.032034576
1609060468.427757025,-8.353276261,16.463040374,3.954941752,-8.347240913,16.500980457,3.958715848,0.038602061
1609060468.477749109,-8.391953411,16.522912225,3.955845173,-8.375608447,16.547492171,3.961599176,0.030073911
1609060468.527155161,-8.427699554,16.583089513,3.958351362,-8.409618949,16.601981928,3.964719228,0.026914333
1609060468.571753025,-8.461127747,16.632328262,3.961097069,-8.444928862,16.655764230,3.967760782,0.029258393
1609060468.623512030,-8.498941795,16.692254703,3.964224586,-8.477257715,16.703512758,3.970018770,0.025110071
1609060468.674556017,-8.539579829,16.747203075,3.968775582,-8.510518950,16.749574402,3.973029294,0.029466115
1609060468.722122192,-8.576574231,16.800551514,3.971368366,-8.580714052,16.840959433,3.976876549,0.040991196
1609060468.779278040,-8.622436597,16.858517961,3.975912158,-8.614430740,16.882049396,3.979635063,0.025133289
1609060468.825678110,-8.659869479,16.906943163,3.978710271,-8.650507965,16.924926380,3.981492648,0.020464009
1609060468.881869078,-8.710285815,16.961948414,3.982080978,-8.689894954,16.967036524,3.984392925,0.021142876
1609060468.928879976,-8.750842825,17.009021229,3.984797889,-8.767666502,17.046089394,3.987895346,0.040824982
1609060468.978708029,-8.798279561,17.052728183,3.987321626,-8.807324779,17.086239770,3.990137175,0.034824844
1609060469.026169062,-8.842435761,17.097512070,3.989618498,-8.848862446,17.125311396,3.991852956,0.028619881
1609060469.079028130,-8.895141049,17.142562214,3.992853164,-8.891653811,17.162849390,3.993485508,0.020594421
1609060469.128238201,-8.943632769,17.186073175,3.994913816,-8.933983797,17.196315838,3.995579928,0.014087529
1609060469.179890156,-9.005138921,17.238937474,3.997307796,-9.025731756,17.269583474,3.998841166,0.036953936
1609060469.227359056,-9.056996128,17.281634319,3.999313193,-9.072683868,17.300127417,4.001264338,0.024329135
1609060469.277248144,-9.118714450,17.320895668,3.999712894,-9.123354334,17.332769529,4.002631380,0.013078022
1609060469.330085039,-9.182878587,17.366434143,4.001536497,-9.173423211,17.363379052,4.004962384,0.010510680
1609060469.379516125,-9.243440111,17.392850061,4.001970792,-9.222018333,17.394228995,4.007545634,0.022178208
1609060469.428099155,-9.308268278,17.426951778,4.006856237,-9.330857603,17.451431012,4.014023302,0.034071649
1609060469.478720188,-9.375818161,17.463457637,4.011683829,-9.385592341,17.478766272,4.017061037,0.018942103
1609060469.527437210,-9.443479536,17.496728459,4.015874084,-9.442576240,17.506771468,4.022325024,0.011970488
1609060469.582027197,-9.521248624,17.529382253,4.020034181,-9.498105375,17.533058604,4.025753148,0.024121196
1609060469.630171061,-9.590124438,17.558224061,4.023741272,-9.620467704,17.578344432,4.032214717,0.037381044
1609060469.679854155,-9.662086717,17.585530228,4.027403792,-9.681520272,17.602320852,4.036624922,0.027287677
1609060469.728006124,-9.733622758,17.611621394,4.031447171,-9.743326076,17.624550244,4.040974455,0.018763760
1609060469.779536009,-9.811074467,17.636118848,4.035544416,-9.807843472,17.646027804,4.043724167,0.013248965
1609060469.828714132,-9.886641650,17.659763154,4.039998482,-9.872459139,17.663303392,4.046628384,0.016050935
1609060469.880279064,-9.967468019,17.681917097,4.044984088,-10.002519870,17.702155725,4.054488997,0.041576166
1609060469.928411007,-10.042303420,17.702949587,4.049025393,-10.070469049,17.718933949,4.057182746,0.033396780
1609060469.979132175,-10.121858998,17.719593381,4.053881882,-10.136687754,17.733080092,4.059388374,0.020787131
1609060470.027426004,-10.197838957,17.737450714,4.058040832,-10.203654577,17.747458362,4.062130100,0.012275853
1609060470.081245184,-10.283754772,17.752463947,4.062704397,-10.272969228,17.762230163,4.066985671,0.015166945
1609060470.129621983,-10.360169594,17.767588380,4.066616323,-10.408504297,17.786891993,4.071722148,0.052296677
1609060470.178888083,-10.438297231,17.780351197,4.070492926,-10.479382317,17.798049073,4.073655571,0.044846421
1609060470.228217125,-10.516737632,17.793289681,4.074044715,-10.547146504,17.810588420,4.077489275,0.035154101
1609060470.278670073,-10.609639512,17.808226557,4.076868494,-10.615106743,17.819913283,4.080153564,0.013313972
1609060470.328602076,-10.691895467,17.820101068,4.080070199,-10.681661190,17.826144387,4.082318805,0.012096212
1609060470.379962206,-10.777040881,17.828192522,4.080469386,-10.815588995,17.842415057,4.084482464,0.041283682
1609060470.428395987,-10.856713326,17.837487884,4.082571200,-10.880400523,17.847006377,4.087472652,0.025994408
1609060470.478901148,-10.933049068,17.841168210,4.082490800,-10.948860664,17.852120538,4.087950110,0.019994102
1609060470.534272194,-11.022482732,17.845286339,4.082558168,-11.016807465,17.854097043,4.088975804,0.012289150
1609060470.579819202,-11.094923748,17.850115748,4.082797856,-11.075871464,17.859720220,4.088238406,0.022018969
1609060470.629103184,-11.172905302,17.853125975,4.082563172,-11.204413268,17.864848829,4.088532452,0.034143952
1609060470.679993153,-11.252807319,17.853198174,4.081602576,-11.266912865,17.864624762,4.087440618,0.019068720
1609060470.733728170,-11.335159769,17.853075338,4.080810426,-11.337105380,17.864640012,4.086209972,0.012910545
1609060470.778460979,-11.402377031,17.852453430,4.080029072,-11.405431186,17.865183825,4.085359581,0.014135244
1609060470.828742981,-11.477034481,17.850759242,4.078795053,-11.469384622,17.862278387,4.083692656,0.014669613
1609060470.881497145,-11.552798542,17.846420693,4.077473965,-11.588042915,17.854633814,4.080310450,0.036299681
1609060470.927678108,-11.618074100,17.842031828,4.075706230,-11.646757947,17.850746163,4.078345573,0.030094333
1609060471.020473003,-11.745588882,17.829488407,4.070237988,-11.763253446,17.837131612,4.074045685,0.019620243
1609060471.085931063,-11.834044879,17.815624225,4.067991001,-11.874762272,17.823032063,4.069285357,0.041406008
1609060471.133906126,-11.897479348,17.806642480,4.065755331,-11.932035811,17.813579609,4.067144687,0.035273265
1609060471.179148197,-11.955384427,17.796805770,4.063838686,-11.991399867,17.800347692,4.065184323,0.036214194
1609060471.228013039,-12.018231366,17.784977341,4.061822658,-12.045102960,17.788847231,4.063063685,0.027177174
1609060471.278729200,-12.081073368,17.769176837,4.057132479,-12.095900932,17.778153859,4.060980571,0.017755320
1609060471.328710079,-12.142643858,17.754040401,4.055222736,-12.150925121,17.763664088,4.059754289,0.013480714
1609060471.380196095,-12.219025803,17.735946608,4.060348113,-12.258816463,17.729000596,4.056445076,0.040580505
1609060471.428129196,-12.279678726,17.718234924,4.060642887,-12.305847346,17.712432268,4.055623410,0.027270178
1609060471.479714155,-12.345410910,17.690570056,4.058246419,-12.355290462,17.693469998,4.054570448,0.010932885
1609060471.529009104,-12.406116670,17.667015988,4.058980156,-12.407237475,17.669817704,4.053797808,0.005996877
1609060471.582780123,-12.464262920,17.631819927,4.050671037,-12.453881723,17.647530233,4.053129313,0.018990157
1609060471.629180193,-12.517681520,17.601454646,4.048948615,-12.546968084,17.597288060,4.051314386,0.029675918
1609060471.679857016,-12.576687709,17.568614871,4.046807057,-12.591980429,17.570100165,4.049418208,0.015584976
1609060471.727349043,-12.630978890,17.535066886,4.044055318,-12.643922713,17.536417986,4.047530657,0.013470189
1609060471.778539181,-12.686964881,17.495036632,4.040468292,-12.691808206,17.502626394,4.044888284,0.010029887
1609060471.828935146,-12.741199400,17.454589411,4.037052518,-12.735226475,17.468687474,4.042493025,0.016249010
1609060471.880558014,-12.795558181,17.410365471,4.033023772,-12.781383472,17.431120208,4.040470128,0.026213159
1609060471.928007126,-12.844188549,17.367614814,4.030761862,-12.865698634,17.355021569,4.035765813,0.025422689
1609060471.979415178,-12.893993221,17.318327585,4.030020454,-12.904153746,17.315089840,4.033690814,0.011277889
1609060472.028941154,-12.941090072,17.268458095,4.027939316,-12.943366789,17.272942420,4.030817875,0.005794714
1609060472.082103014,-12.989025933,17.212371980,4.025781246,-12.984040498,17.226792189,4.028791151,0.015551737
1609060472.129687071,-13.031157689,17.159613432,4.024241278,-13.058477580,17.132398251,4.024476668,0.038562909
1609060472.179258108,-13.073204010,17.102763949,4.020369218,-13.095002441,17.082018473,4.023289181,0.030233633
1609060472.227492094,-13.113049650,17.046294206,4.018495437,-13.129765215,17.031218419,4.020954650,0.022643702
1609060472.279079199,-13.153716325,16.982599195,4.013987786,-13.165804239,16.977267192,4.018565950,0.013982400
1609060472.329487085,-13.192107543,16.919367419,4.012265269,-13.198210148,16.923527987,4.016936766,0.008739279
1609060472.381889105,-13.230352981,16.852631567,4.010342009,-13.263027144,16.810728653,4.016176993,0.053455609
1609060472.429280996,-13.264334811,16.790579700,4.009974331,-13.295769871,16.752006054,4.014728638,0.049986924
1609060472.480375051,-13.310564557,16.714048234,4.004894326,-13.325890175,16.693925766,4.014050814,0.026900364
1609060472.526813030,-13.345103475,16.649074017,4.003472286,-13.357897318,16.628792163,4.013727130,0.026080602
1609060472.580457211,-13.382670090,16.568582224,4.005429968,-13.391863854,16.560793847,4.012284785,0.013862634
1609060472.628858089,-13.417385067,16.496873491,4.004623085,-13.419216977,16.503495159,4.010881634,0.009293644
1609060472.680225134,-13.445789984,16.422404401,4.005994455,-13.471836112,16.381297489,4.011099475,0.048930974
1609060472.726508141,-13.477888319,16.351429858,4.006895522,-13.500065536,16.316798384,4.010673743,0.041297009
1609060472.778885126,-13.512941226,16.271441462,4.006755904,-13.527138203,16.254659280,4.010037857,0.022225369
1609060472.828325987,-13.541167620,16.196628692,4.007981196,-13.550963834,16.194571055,4.009816986,0.010176925
1609060472.881620169,-13.573457513,16.117423353,4.008675447,-13.573186475,16.134299808,4.010820654,0.017014409
1609060472.928589106,-13.601470905,16.046940546,4.009285094,-13.622654266,16.010790353,4.013017523,0.042065452
1609060472.979053020,-13.630000348,15.973303391,4.010351162,-13.647296342,15.946717969,4.013580391,0.031880464
1609060473.028273106,-13.657244261,15.901045664,4.011971809,-13.669269812,15.885904316,4.016082454,0.019767946
1609060473.079199076,-13.683469302,15.827445093,4.013065969,-13.692742335,15.824451124,4.017837622,0.010849962
1609060473.127213001,-13.709213567,15.758207958,4.015791797,-13.716994343,15.763619272,4.020416241,0.010545534
1609060473.180847168,-13.737148891,15.682782978,4.021201493,-13.758835505,15.643297116,4.025682750,0.045271671
1609060473.228025198,-13.760016487,15.616975558,4.024878734,-13.778090577,15.588176855,4.028614797,0.034205207
1609060473.279670000,-13.784167890,15.544511512,4.025908896,-13.800297334,15.527322086,4.032037056,0.024355486
1609060473.329110146,-13.806876361,15.477967979,4.029565568,-13.820307195,15.469661751,4.034377734,0.016508715
1609060473.380846024,-13.828937455,15.409642000,4.033282864,-13.835462356,15.419139627,4.037724621,0.012349432
1609060473.428627014,-13.848218846,15.349014868,4.036317517,-13.870924459,15.309350387,4.043785290,0.046309648
1609060473.479654074,-13.868013657,15.284155408,4.043503020,-13.887641470,15.258384670,4.046199945,0.032506236
1609060473.528223991,-13.885985037,15.224324831,4.046476285,-13.903700121,15.201379134,4.049365516,0.029132059
1609060473.579666138,-13.905965369,15.154163671,4.051930181,-13.919691890,15.144488972,4.051641478,0.016795849
1609060473.629147053,-13.922565065,15.094349576,4.054635221,-13.935862675,15.092483908,4.053998730,0.013442927
1609060473.680805206,-13.939030426,15.031689185,4.056325707,-13.960110003,14.999357918,4.056254290,0.038596172
1609060473.728483200,-13.952605137,14.977266790,4.057419518,-13.971128108,14.953992888,4.057634593,0.029745945
1609060473.778892040,-13.963207604,14.927166327,4.058628093,-13.980155668,14.910468594,4.059712587,0.023816534
1609060473.832645178,-13.975111664,14.870668997,4.060863139,-13.991371917,14.869005473,4.061388272,0.016353560
1609060473.888217211,-13.985996098,14.815562712,4.063520203,-14.003847868,14.790641485,4.065875915,0.030745774
1609060473.933340073,-13.992912070,14.772406664,4.064936943,-14.010666967,14.753786209,4.067941392,0.025903367
1609060473.979749203,-13.999299750,14.729850082,4.066659828,-14.014951386,14.717729534,4.070527284,0.020170240
1609060474.028207064,-14.004651574,14.688886955,4.068624231,-14.019361168,14.682774786,4.072408931,0.016372377
1609060474.084556103,-14.009449668,14.644100914,4.071423005,-14.020854953,14.650138367,4.074540783,0.013275989
1609060474.137107134,-14.011118306,14.604995683,4.074534313,-14.025667367,14.586728158,4.077712373,0.023568574
1609060474.179860115,-14.011807532,14.575037105,4.077014764,-14.025748220,14.560825081,4.081759794,0.020465573
1609060474.228349209,-14.011600248,14.542992394,4.080491416,-14.023774947,14.533542733,4.084634951,0.015958956
1609060474.277875185,-14.010986957,14.512192198,4.084546515,-14.021794988,14.507206336,4.087198654,0.012194515
1609060474.327560186,-14.008552192,14.482715346,4.087576708,-14.021318301,14.482493515,4.089954925,0.012987634
1609060474.380293131,-14.005641082,14.453457445,4.089328374,-14.014118083,14.434949908,4.093484739,0.020776521
1609060474.427479029,-14.001834224,14.428826565,4.092001842,-14.011067223,14.414863738,4.098026221,0.017790501
1609060474.477905989,-13.995559487,14.403821772,4.093875228,-14.006580471,14.393281400,4.100027114,0.016444064
1609060474.528779030,-13.989585714,14.380447710,4.096045387,-14.001592375,14.373383812,4.102847727,0.015502593
1609060474.581426144,-13.985547912,14.358420160,4.106889114,-13.996619227,14.355016105,4.104752758,0.011778184
1609060474.629651070,-13.979484221,14.338820027,4.109552527,-13.985741648,14.319108007,4.107640755,0.020769545
1609060474.680217981,-13.973252901,14.313986200,4.115301125,-13.979259680,14.301975044,4.108063859,0.015255402
1609060474.727298021,-13.966987198,14.295594794,4.118119619,-13.973156151,14.286299390,4.109512838,0.014090323
1609060474.781194210,-13.959632299,14.275586933,4.114720221,-13.966073965,14.269666376,4.110045731,0.009919622
1609060474.828670979,-13.952329085,14.257687585,4.116149055,-13.959446714,14.254123271,4.110609511,0.009698016
1609060474.881358147,-13.944399746,14.237655723,4.112537948,-13.946497172,14.221354501,4.111294736,0.016482555
1609060474.929676056,-13.937748215,14.220616085,4.112447502,-13.940152222,14.209850945,4.111709085,0.011054988
1609060475.000697136,-13.927548203,14.198631112,4.112111974,-13.927692325,14.185228897,4.112121935,0.013402994
1609060475.084722042,-13.913064103,14.168812297,4.110191779,-13.913809988,14.157170993,4.111357928,0.011723319
1609060475.126618147,-13.905996474,14.154251603,4.108764207,-13.906987768,14.143604330,4.111925074,0.011150702
1609060475.178278208,-13.899071514,14.137682168,4.107552364,-13.899927570,14.130198845,4.106531561,0.007600986
1609060475.229041100,-13.890242793,14.120394216,4.104057628,-13.893415937,14.117573142,4.103348160,0.004304724
1609060475.281843185,-13.881112280,14.103108197,4.100663543,-13.886450919,14.104037815,4.100305618,0.005430779
1609060475.328446150,-13.873252878,14.087666489,4.097456153,-13.872566287,14.078903022,4.095108499,0.009098420
1609060475.379393101,-13.865243039,14.070869348,4.093620450,-13.864996003,14.065017876,4.091533965,0.006217247
1609060475.430552006,-13.855978773,14.052592001,4.089319281,-13.858167314,14.050639175,4.088238118,0.003126045
1609060475.480121136,-13.849656335,14.038189290,4.085020118,-13.851217722,14.037065779,4.084712554,0.001948025
1609060475.529694080,-13.841431835,14.021940831,4.081098085,-13.836492985,14.009301047,4.077397265,0.014066003
1609060475.580530167,-13.833219474,14.005933642,4.077963898,-13.829131243,13.995193174,4.074071857,0.012133395
1609060475.623762131,-13.825506142,13.990546939,4.074593050,-13.821099587,13.980387139,4.070606212,0.011770052
1609060475.681043148,-13.814029850,13.971309120,4.069689976,-13.812960156,13.965269965,4.067552596,0.006494925
1609060475.730020046,-13.803961672,13.953089955,4.066173064,-13.805288989,13.951080963,4.064461476,0.002954209
1609060475.781841040,-13.792405464,13.933089577,4.063840090,-13.786692525,13.918612815,4.059651236,0.016117097
1609060475.829219103,-13.781080393,13.914234474,4.061106308,-13.777532357,13.902365164,4.056302695,0.013286978
1609060475.878290176,-13.767304173,13.892914566,4.055237513,-13.766835206,13.884574033,4.053378562,0.008558044
1609060475.927850008,-13.753470416,13.870784207,4.051964292,-13.756450633,13.866844714,4.050601714,0.005124248
1609060475.980598211,-13.739322379,13.845868821,4.044896442,-13.745772104,13.849469621,4.049057521,0.008478165
1609060476.029070139,-13.725622519,13.823716917,4.043529218,-13.722482320,13.811143094,4.045190096,0.013066002
1609060476.079783201,-13.710645005,13.799429839,4.040922727,-13.711439925,13.792853923,4.043589279,0.007140383
1609060476.149460077,-13.689806504,13.765498301,4.040870131,-13.697187826,13.770470525,4.042618681,0.009069970
1609060476.228608131,-13.663060283,13.722274685,4.038140199,-13.667240857,13.724382841,4.040805668,0.005387601
1609060476.282281160,-13.645812894,13.693316193,4.036242813,-13.638727810,13.678953540,4.039677242,0.016379240
1609060476.327225208,-13.629313703,13.666895558,4.035518023,-13.623205095,13.654690131,4.039571715,0.014237977
1609060476.372508049,-13.612209632,13.640514083,4.034535927,-13.607269895,13.629670779,4.040197568,0.013192135
1609060476.429035187,-13.590284410,13.606809442,4.035751022,-13.591956210,13.606203374,4.040651530,0.005213177
1609060476.480401039,-13.570029762,13.577052842,4.038136363,-13.574212843,13.580121462,4.041312478,0.006082952
1609060476.533285141,-13.547956563,13.542382933,4.038981561,-13.540221131,13.524442421,4.043096911,0.019965846
1609060476.579155207,-13.529379074,13.512236727,4.039568055,-13.521607165,13.495613115,4.043690787,0.018808082
1609060476.628695011,-13.508242481,13.479248138,4.040666841,-13.502461155,13.466386335,4.044612284,0.014642958
1609060476.680046082,-13.488871164,13.445914199,4.042621742,-13.484326434,13.437246006,4.045007077,0.010073826
1609060476.728375196,-13.467960730,13.413243275,4.044342574,-13.465394304,13.408219112,4.046683240,0.006107984
1609060476.779676199,-13.447009322,13.378636055,4.047487301,-13.445834913,13.377282530,4.047813786,0.001821499
1609060476.828135014,-13.425606518,13.344821567,4.048837703,-13.408493156,13.317060955,4.049368529,0.032615956
1609060476.876777172,-13.399624784,13.307843655,4.047635739,-13.389349838,13.286905244,4.049056707,0.023366872
1609060476.927697182,-13.375531058,13.270293797,4.048459053,-13.367532244,13.253129591,4.049313102,0.018955749
1609060476.979966164,-13.351265863,13.228598029,4.045315292,-13.346476959,13.218031277,4.048948516,0.012156898
1609060477.029965162,-13.327279108,13.190378921,4.045475893,-13.326757907,13.186089671,4.049039504,0.005600771
1609060477.080779076,-13.303313831,13.151807814,4.045772110,-13.307588431,13.155507920,4.049000842,0.006510584
1609060477.126787186,-13.281995487,13.116594648,4.045569459,-13.269695624,13.095555300,4.049316368,0.024657253
1609060477.179460049,-13.257175263,13.077982545,4.045329790,-13.251035727,13.065034848,4.048691762,0.014718682
1609060477.227986097,-13.235362865,13.043337255,4.046703308,-13.232764614,13.035862598,4.048324713,0.008077769
1609060477.281500101,-13.210534850,13.004442360,4.046567415,-13.213933953,13.005124901,4.047846438,0.003695357
1609060477.332756996,-13.187138553,12.968442695,4.045740485,-13.178425963,12.948683142,4.048249867,0.021740427
1609060477.378741980,-13.166032980,12.935886502,4.044993197,-13.158464942,12.920159683,4.049062763,0.017921200
1609060477.428728104,-13.143263892,12.900595670,4.044824972,-13.142011634,12.889897579,4.048555569,0.011398889
1609060477.480911016,-13.120738959,12.864357334,4.045286905,-13.124095528,12.861472837,4.048564022,0.005506939
1609060477.529803991,-13.098463465,12.832048631,4.045619926,-13.086736172,12.807595241,4.048804166,0.027306356
1609060477.578423023,-13.076812448,12.800725425,4.046315847,-13.068913679,12.781215616,4.048482541,0.021159342
1609060477.627958059,-13.054515822,12.769185266,4.046581875,-13.051408999,12.754701386,4.049336104,0.015067212
1609060477.680728197,-13.032904195,12.738461546,4.046728210,-13.034108234,12.729321105,4.049325273,0.009578210
1609060477.723581076,-13.014569907,12.713128051,4.047331787,-13.016661228,12.704305508,4.049685741,0.009367603
1609060477.773975134,-12.993330205,12.683775612,4.047986921,-12.998556032,12.679148136,4.050447113,0.007401037
1609060477.828898191,-12.969351241,12.653205181,4.048511212,-12.962790049,12.633152081,4.050587946,0.021201153
1609060477.879162073,-12.949985559,12.625901856,4.048889142,-12.946304254,12.611192867,4.050575715,0.015256176
1609060477.927370071,-12.929006571,12.600184342,4.048498388,-12.926487979,12.587291644,4.050672430,0.013315083
1609060477.979067087,-12.904957230,12.571371403,4.051218468,-12.905966057,12.563435669,4.050821789,0.008009429
1609060478.028429985,-12.882548197,12.546356567,4.051996006,-12.887194338,12.542630954,4.050055023,0.006263724
1609060478.080372095,-12.858603879,12.520909334,4.045997777,-12.850452630,12.504634580,4.049879032,0.018611142
1609060478.126526117,-12.836360482,12.498791911,4.045679870,-12.830790247,12.485994047,4.049592386,0.014495538
1609060478.172044992,-12.812947159,12.478429640,4.045884937,-12.810763280,12.468266440,4.050430321,0.011345504
1609060478.225057125,-12.787665448,12.456930764,4.045176304,-12.792297177,12.452482472,4.050121739,0.008105402
1609060478.281713009,-12.759803300,12.434732507,4.044174343,-12.771696740,12.434932709,4.050130859,0.013303160
1609060478.329128027,-12.736247973,12.415930469,4.043934132,-12.729067523,12.404597432,4.048861101,0.014292363
1609060478.379383087,-12.710441932,12.397600749,4.042775385,-12.706260102,12.390376373,4.048958376,0.010387911
1609060478.427805185,-12.684650076,12.380932629,4.041625264,-12.683974610,12.375098946,4.047884458,0.008582868
1609060478.480800152,-12.656153582,12.364559867,4.041143910,-12.660937246,12.361446916,4.047180797,0.008307701
1609060478.528940201,-12.629302331,12.349676746,4.040437107,-12.636806545,12.349232098,4.046659183,0.009758338
1609060478.580368996,-12.601477964,12.335639859,4.039782533,-12.611739076,12.336910856,4.045987785,0.012058649
1609060478.629499197,-12.573242858,12.322826950,4.038800482,-12.565232527,12.313687250,4.044880984,0.013589409
1609060478.680297136,-12.544156424,12.310857964,4.037253829,-12.539439430,12.304697437,4.043483386,0.009950353
1609060478.728594065,-12.515871097,12.300664488,4.035438797,-12.512611304,12.293077109,4.041206115,0.010072562
1609060478.779266119,-12.485357670,12.288232570,4.033710163,-12.483619270,12.282879596,4.039334161,0.007956489
1609060478.829585075,-12.454429278,12.277980245,4.031618126,-12.456404595,12.274833860,4.037894997,0.007293882
1609060478.880124092,-12.423714688,12.267984852,4.028138899,-12.406298394,12.259198951,4.033978482,0.020362223
1609060478.926433086,-12.394735444,12.259795588,4.026153700,-12.380540210,12.251524632,4.032410905,0.017580273
1609060478.979730129,-12.361735397,12.252996877,4.026618388,-12.352502982,12.246555398,4.030510230,0.011911196
1609060479.029379129,-12.330731932,12.246161465,4.024714058,-12.325874502,12.240513587,4.028312538,0.008272981
1609060479.080957174,-12.298201631,12.235318274,4.021731660,-12.299375890,12.233971905,4.026122219,0.004740106
1609060479.130403042,-12.266488089,12.227959992,4.019697898,-12.244716054,12.225118620,4.022010482,0.022078110
1609060479.180795193,-12.233775481,12.221939756,4.018504838,-12.217955937,12.220069298,4.019848416,0.015986300
1609060479.228103161,-12.202895791,12.215378096,4.016988835,-12.192063963,12.214390387,4.018245618,0.010949136
1609060479.282148123,-12.166205495,12.214977529,4.013056396,-12.165310551,12.210257518,4.016957177,0.006188338
1609060479.328881025,-12.136785751,12.211175676,4.010046493,-12.137743665,12.207177523,4.015395613,0.006746548
1609060479.380424023,-12.103028373,12.206024272,4.008183435,-12.109821036,12.202916304,4.013807241,0.009350237
1609060479.428443193,-12.071256120,12.200975773,4.006083113,-12.056349523,12.193798852,4.010521044,0.017129217
1609060479.481338024,-12.036011406,12.194547325,4.003577348,-12.029657225,12.189946634,4.008790512,0.009419079
1609060479.528342009,-12.005568876,12.189433075,4.002028046,-11.999864816,12.184903280,4.006515303,0.008555163
1609060479.579895020,-11.973008508,12.183618138,4.001203527,-11.970346174,12.178705959,4.004582104,0.006529342
1609060479.629096031,-11.940692940,12.177184648,3.999189264,-11.942167231,12.173812753,4.003042781,0.005328490
1609060479.680663109,-11.907728729,12.169865234,3.996386831,-11.888098214,12.163276990,3.999959126,0.021012457
1609060479.729127169,-11.875377097,12.162786982,3.994933078,-11.860552175,12.156667313,3.998336642,0.016395514
1609060479.779810190,-11.842417083,12.155562481,3.993593765,-11.832197984,12.149453854,3.996981710,0.012378347
1609060479.828247070,-11.809141518,12.146849988,3.991964484,-11.803976178,12.143229362,3.995407244,0.007186255
1609060479.881755114,-11.773659326,12.136108501,3.988319156,-11.774767097,12.133774033,3.993221418,0.005541577
1609060479.928881168,-11.739395046,12.124655072,3.986210966,-11.713616673,12.114148324,3.988716143,0.027949816
1609060479.979612112,-11.704517499,12.113872795,3.983677551,-11.681226791,12.103789019,3.987157651,0.025617391
1609060480.028473139,-11.668711919,12.101004516,3.981859932,-11.650266735,12.091025486,3.985599621,0.021302374
1609060480.078821182,-11.633889173,12.086944217,3.981349057,-11.619391485,12.077898145,3.983951036,0.017285388
1609060480.128672123,-11.596384281,12.071885720,3.980585504,-11.586265950,12.065837707,3.982330912,0.011916607
1609060480.181447983,-11.552751582,12.050391745,3.979375225,-11.552848902,12.051269400,3.981925619,0.002698936
1609060480.227405071,-11.514744822,12.032640536,3.979090023,-11.485901127,12.019138439,3.979744655,0.031854261
1609060480.277834177,-11.471763251,12.011191322,3.977133576,-11.452397264,12.003614220,3.979871944,0.020975047
1609060480.328183174,-11.427670412,11.988960021,3.977013051,-11.413782370,11.984162039,3.979968862,0.014987834
1609060480.379876137,-11.383841937,11.970056827,3.975639053,-11.373318023,11.962508832,3.979407735,0.013488067
1609060480.429113150,-11.341085428,11.947166702,3.976855630,-11.336690707,11.941468307,3.979333334,0.007610802
1609060480.480789185,-11.293643197,11.920880828,3.977177639,-11.264264216,11.902556860,3.979370191,0.034694374
1609060480.532296181,-11.247774647,11.894254782,3.977482885,-11.226443903,11.880338978,3.978975391,0.025512307
1609060480.580609083,-11.202880322,11.868398598,3.977577380,-11.189014603,11.857173439,3.978992116,0.017895916
1609060480.629172087,-11.157031605,11.841790105,3.977700434,-11.149916284,11.834673324,3.979191980,0.010173547
1609060480.680544138,-11.110175606,11.814245376,3.978345923,-11.110430713,11.810585963,3.980010201,0.004028177
1609060480.729022980,-11.065299275,11.786949894,3.979087617,-11.033952981,11.762078436,3.980936791,0.040057446
1609060480.779507160,-11.019949611,11.758536285,3.979736647,-10.995165596,11.738581800,3.982083797,0.031905140
1609060480.830286980,-10.971843796,11.729023319,3.981798039,-10.954728211,11.713770087,3.983358097,0.022979080
1609060480.878767014,-10.926458539,11.701501613,3.983374195,-10.915174620,11.688267876,3.984199345,0.017410902
1609060480.928699017,-10.878600566,11.671731321,3.984135989,-10.875412905,11.662899551,3.984612285,0.009401500
1609060480.981075048,-10.831367188,11.641197648,3.982049085,-10.833068462,11.637851172,3.985626409,0.005185603
1609060481.028006077,-10.786033477,11.613099289,3.981784350,-10.754204915,11.586534758,3.985966879,0.041668036
1609060481.078581095,-10.738383070,11.585021754,3.982438000,-10.716089771,11.562247619,3.986463270,0.032122503
1609060481.128023148,-10.690432667,11.556060197,3.982779163,-10.671020045,11.534775818,3.987405565,0.029176674
1609060481.179006100,-10.644154340,11.527921889,3.984103817,-10.626166319,11.506887081,3.988011595,0.027951794
1609060481.229451180,-10.596272915,11.499526211,3.984770723,-10.586964763,11.480989307,3.988314277,0.021043177
1609060481.281218052,-10.543458698,11.463486472,3.987023417,-10.509069367,11.436273584,3.987731762,0.043859653
1609060481.326537132,-10.498853061,11.437293858,3.986950003,-10.470457059,11.411930148,3.987134415,0.038074726
1609060481.379728079,-10.446598252,11.406938774,3.984573621,-10.432287298,11.388210606,3.986330586,0.023635452
1609060481.444012165,-10.383129247,11.370969244,3.983214239,-10.354488964,11.345885585,3.983343141,0.038071937
1609060481.485725164,-10.349448859,11.352623940,3.980974978,-10.317274059,11.324303392,3.981890695,0.042873182
1609060481.527129173,-10.311227500,11.329438028,3.979863059,-10.280401860,11.303403995,3.980187773,0.040349676
1609060481.580744982,-10.259293819,11.301129944,3.977943953,-10.239581057,11.282504287,3.978230015,0.027121761
1609060481.628387213,-10.214055557,11.279363898,3.976256491,-10.201495082,11.262819917,3.977526421,0.020810612
1609060481.682008028,-10.163003243,11.253927570,3.974698151,-10.165845246,11.244474073,3.975859930,0.009939583
1609060481.727735043,-10.120264196,11.232933823,3.973504774,-10.089540556,11.207636776,3.973429811,0.039798093
1609060481.779087067,-10.075077599,11.210025961,3.971720018,-10.051577827,11.190682907,3.972825783,0.030456784
1609060481.828232050,-10.030754625,11.189531331,3.970842439,-10.015915614,11.172023363,3.972632710,0.023020215
1609060481.879717112,-9.987118486,11.169839981,3.969585603,-9.979683083,11.154517337,3.971584762,0.017148332
1609060481.933407068,-9.940863596,11.149162874,3.968634863,-9.944820724,11.139598803,3.970547652,0.010525639
1609060481.981904984,-9.899767933,11.130834473,3.967196196,-9.871339927,11.107118260,3.968944395,0.037063007
1609060482.028050184,-9.859955751,11.113541414,3.965713181,-9.837930347,11.092860865,3.967805235,0.030284983
1609060482.081947088,-9.816980218,11.095869313,3.962169729,-9.801905392,11.078169333,3.966951814,0.023736217
1609060482.128210068,-9.778423468,11.080353913,3.960190280,-9.764152717,11.065060708,3.965917835,0.021687355
1609060482.180625200,-9.736904639,11.065489854,3.961958908,-9.728698846,11.049866430,3.964520143,0.017832172
1609060482.228815079,-9.697660221,11.050090571,3.959793360,-9.662180914,11.024853684,3.961400033,0.043569061
1609060482.279059172,-9.660038125,11.032332776,3.958673546,-9.628162810,11.013073975,3.960015166,0.037265763
1609060482.327528000,-9.621839486,11.017478458,3.956717732,-9.597268154,10.999560327,3.958785578,0.030480908
1609060482.380026102,-9.577159169,11.000664226,3.953649157,-9.565082451,10.986979553,3.957169865,0.018587974
1609060482.429511070,-9.537612305,10.985864461,3.951384682,-9.533243198,10.976951878,3.955528093,0.010755979
1609060482.482517004,-9.497757194,10.970044646,3.946479781,-9.472221482,10.952889090,3.952312117,0.031311369
1609060482.527718067,-9.462746103,10.957111173,3.943884123,-9.442837814,10.941371723,3.950525407,0.026233126
1609060482.621788979,-9.402986581,10.934600743,3.941456197,-9.386381766,10.922005550,3.946547871,0.021454228
1609060482.734424114,-9.328106685,10.905542393,3.937512679,-9.304027480,10.890338275,3.940145934,0.028599080
1609060482.779277086,-9.298578665,10.893903383,3.935294593,-9.277087624,10.879728351,3.938491178,0.025942524
1609060482.828587055,-9.267666376,10.881764411,3.933559076,-9.251711446,10.868206859,3.937515106,0.021307679
1609060482.881298065,-9.237062602,10.869957520,3.932088992,-9.226499942,10.857520575,3.936725470,0.016963028
1609060482.930871010,-9.208386099,10.857632571,3.932629914,-9.201621414,10.846945156,3.936235651,0.013152305
1609060482.980209112,-9.181263803,10.844748251,3.933782552,-9.177094190,10.834469736,3.935823904,0.011278328
1609060483.028465986,-9.154249639,10.830855689,3.934236618,-9.131786665,10.810125296,3.936511697,0.030651434
1609060483.081049204,-9.128039285,10.816315681,3.935230339,-9.109259597,10.798393932,3.937307176,0.026041871
1609060483.128555059,-9.102097023,10.802730189,3.936192617,-9.087461944,10.785720743,3.938027021,0.022513815
1609060483.180977106,-9.076784503,10.787602851,3.936693303,-9.067135215,10.772056621,3.939717917,0.018545682
1609060483.230127096,-9.051331931,10.771539698,3.937926616,-9.025205234,10.745120661,3.941946260,0.037372816
1609060483.281493187,-9.030054147,10.752802940,3.939941694,-9.005315757,10.729472295,3.942899728,0.034132930
1609060483.328428030,-9.006755712,10.735565717,3.941087990,-8.985765768,10.713795537,3.943744573,0.030357468
1609060483.378969193,-8.985180727,10.716462573,3.944839635,-8.964424604,10.695402434,3.945595847,0.029579012
1609060483.430318117,-8.960923658,10.694310020,3.946436249,-8.944796429,10.676454110,3.946079115,0.024063429
1609060483.480869055,-8.937587765,10.668303645,3.947245358,-8.908422335,10.637174330,3.949090438,0.042697317
1609060483.528273106,-8.914570862,10.644061130,3.948896035,-8.889367281,10.615454339,3.950547590,0.038161454
1609060483.579897165,-8.890873627,10.614861482,3.950358682,-8.870676272,10.592916867,3.951510873,0.029846722
1609060483.628494024,-8.867261203,10.586575279,3.951325582,-8.853515021,10.570814673,3.952113491,0.020927853
1609060483.682538033,-8.845432086,10.552472472,3.951642285,-8.835253287,10.545678987,3.952385261,0.012260156
1609060483.730038166,-8.824361598,10.521471296,3.954008814,-8.799468317,10.492412999,3.952486464,0.038293310
1609060483.772054195,-8.805035906,10.492778550,3.954228418,-8.781147850,10.462740585,3.952861262,0.038402964
1609060483.822942019,-8.783773891,10.457153181,3.954044092,-8.763033657,10.432252508,3.952423104,0.032447317
1609060483.874164104,-8.762926266,10.419131020,3.953297538,-8.745532867,10.401142080,3.952214744,0.025046052
1609060483.923398018,-8.741140887,10.380724856,3.952615439,-8.728318705,10.368127975,3.951181701,0.018031787
1609060483.980666161,-8.718310235,10.336333818,3.951661172,-8.711051327,10.334463936,3.951132807,0.007514478
1609060484.028288126,-8.698343185,10.298463719,3.951333464,-8.677509631,10.267582986,3.948879237,0.037332022
1609060484.081130028,-8.677079136,10.255803316,3.951879916,-8.659976527,10.233109138,3.947452258,0.028759852
1609060484.131193161,-8.655266293,10.213929962,3.949650409,-8.641806082,10.197063361,3.946091134,0.021870710
1609060484.179687977,-8.634913555,10.172381284,3.946751483,-8.624951820,10.161546777,3.943471959,0.015079058
1609060484.229885101,-8.612124170,10.127018102,3.943645023,-8.591633182,10.085807498,3.937734296,0.046401845
1609060484.281463146,-8.593478474,10.080334510,3.939287394,-8.575615625,10.047517557,3.934838615,0.037627455
1609060484.329643011,-8.571298946,10.037224491,3.935437838,-8.557503770,10.010142557,3.931710434,0.030620771
1609060484.380283117,-8.550497363,9.992680013,3.930250072,-8.539726041,9.970428978,3.927744522,0.024847690
1609060484.429648161,-8.527631040,9.948965381,3.925575895,-8.520713214,9.932222818,3.923717974,0.018210480
1609060484.481362104,-8.507197605,9.904764139,3.918488651,-8.485348972,9.860284969,3.913487593,0.049807328
1609060484.534080029,-8.481894711,9.858999984,3.911475960,-8.465844048,9.823479896,3.909207882,0.039044137
1609060484.579492092,-8.457579634,9.815653335,3.909710213,-8.445874587,9.787289274,3.904641864,0.031100101
1609060484.629556179,-8.430021897,9.772459475,3.903183432,-8.426386134,9.752552591,3.899379014,0.020590687
1609060484.681941986,-8.402489992,9.726099527,3.892672256,-8.404538803,9.716727671,3.893120933,0.009603677
1609060484.730236053,-8.372779983,9.685343726,3.886151287,-8.358504373,9.648477993,3.882941262,0.039663329
1609060484.779811144,-8.345691130,9.643857949,3.879012195,-8.334155803,9.614862451,3.877498237,0.031242515
1609060484.828018188,-8.317743047,9.606671704,3.873707587,-8.310488819,9.583953244,3.872401643,0.023884257
1609060484.878533125,-8.285482631,9.567412621,3.866940180,-8.284659860,9.552438962,3.866270225,0.015011204
1609060484.930534124,-8.254499935,9.529832874,3.860754306,-8.258595598,9.522264639,3.860917812,0.008606937
1609060484.981159210,-8.219895688,9.493459484,3.853676826,-8.201685982,9.462780897,3.850185817,0.035846286
1609060485.028194189,-8.185756005,9.461372206,3.846899352,-8.173891837,9.437525537,3.844716398,0.026724285
1609060485.079768181,-8.149892005,9.428296483,3.839424657,-8.141601034,9.410360960,3.839558141,0.019759581
1609060485.129080057,-8.112359401,9.397584331,3.832056078,-8.111788502,9.384590871,3.834359764,0.013208441
1609060485.180635214,-8.074094492,9.368027932,3.823851284,-8.080096755,9.361291910,3.829773832,0.010792485
1609060485.228953123,-8.035582257,9.340723622,3.818340530,-8.012490530,9.315549947,3.820647946,0.034238370
1609060485.278696060,-7.996122984,9.313640691,3.813237103,-7.978540199,9.294278813,3.816176295,0.026318729
1609060485.329076052,-7.951792543,9.288216597,3.807180088,-7.939587888,9.270232055,3.811482029,0.022156354
1609060485.380200148,-7.908787002,9.265372070,3.800961463,-7.897551065,9.248075658,3.806257484,0.021294600
1609060485.430720091,-7.862471797,9.242414322,3.795473070,-7.858177151,9.229537444,3.801843100,0.014994508
1609060485.481105089,-7.820024978,9.220412354,3.791561707,-7.782924955,9.194484314,3.792221594,0.045267101
1609060485.527322054,-7.775580492,9.201448870,3.787118866,-7.742812601,9.177606777,3.788596222,0.040550742
1609060485.581003189,-7.728841379,9.182602525,3.782991949,-7.701232046,9.162221939,3.784463481,0.034348347
1609060485.629459143,-7.681646792,9.165138744,3.778787934,-7.662795330,9.148558324,3.779680847,0.025121410
1609060485.682391167,-7.625578851,9.145218339,3.768563647,-7.622143996,9.133002781,3.775263008,0.014349200
1609060485.728686094,-7.577602492,9.130053162,3.763926530,-7.538087038,9.107511194,3.768548534,0.045727173
1609060485.780714035,-7.524508195,9.112371823,3.758080118,-7.496793957,9.094202303,3.765007939,0.033855652
1609060485.828873158,-7.474074240,9.097199383,3.753379049,-7.459639856,9.080741964,3.762185005,0.023595400
1609060485.880715132,-7.426560877,9.080107710,3.753059002,-7.421341483,9.069009773,3.759105509,0.013673571
1609060485.935539007,-7.371964016,9.063739326,3.749420419,-7.337651989,9.045807272,3.752291114,0.038821575
1609060485.979164124,-7.326899221,9.050507944,3.745109583,-7.298118824,9.032985234,3.748203071,0.033836760
1609060486.027441025,-7.281091944,9.035500076,3.741806285,-7.256907813,9.020928261,3.744767139,0.028389727
1609060486.080199003,-7.229255553,9.019258938,3.736503743,-7.214522428,9.009527260,3.740916001,0.018199960
1609060486.128912210,-7.181557655,9.004767654,3.730738343,-7.173984392,8.997515567,3.735886716,0.011681302
1609060486.179495096,-7.133858588,8.990755414,3.723733505,-7.133882313,8.983960136,3.729284290,0.008774257
1609060486.228121042,-7.088018908,8.975835699,3.715493502,-7.054993860,8.959607415,3.715530383,0.036796907
1609060486.281726122,-7.041098943,8.957653602,3.706107983,-7.017325622,8.945290994,3.708584052,0.026909771
1609060486.327965021,-6.999778417,8.941231220,3.697557888,-6.979113830,8.929457382,3.699991166,0.023907515
1609060486.380213022,-6.955478441,8.921768147,3.687526695,-6.944426724,8.914316270,3.693488470,0.014601839
1609060486.428727150,-6.912315435,8.902116044,3.678011006,-6.868163707,8.880817030,3.677118050,0.049028772
1609060486.481432199,-6.870713716,8.880491620,3.669506118,-6.832778552,8.861580924,3.668698977,0.042395077
1609060486.527513027,-6.832157439,8.859678722,3.660878412,-6.799200688,8.842721579,3.661671039,0.037071828
1609060486.580152035,-6.791470270,8.836748559,3.654584802,-6.766059750,8.824531304,3.654215934,0.028197374
1609060486.629222155,-6.751963126,8.813507408,3.645715982,-6.732426155,8.803805581,3.646249966,0.021819803
1609060486.680812120,-6.714373815,8.787637345,3.638736992,-6.669589591,8.760030715,3.631139835,0.053155146
1609060486.728094101,-6.677891630,8.761804335,3.630739256,-6.636775732,8.735878215,3.623494883,0.049144295
1609060486.779956102,-6.638050357,8.728802604,3.623256333,-6.606423444,8.710487059,3.615797431,0.037300884
1609060486.829302073,-6.600633604,8.697681805,3.615554974,-6.577443845,8.684411453,3.608521320,0.027628599
1609060486.881893158,-6.560621705,8.661174243,3.602343292,-6.546452092,8.656970747,3.601030440,0.014838157
1609060486.933675051,-6.521448970,8.624356514,3.593710374,-6.491357201,8.601440790,3.588721826,0.038151417
1609060486.980293036,-6.490963042,8.590783964,3.585593750,-6.465132605,8.573442784,3.582909846,0.031227093
1609060487.030152082,-6.458123399,8.554765752,3.579704410,-6.438449333,8.545723325,3.575988339,0.021969150
1609060487.081585169,-6.422825691,8.515690475,3.572148470,-6.411760437,8.514482163,3.570225597,0.011295897
1609060487.134253025,-6.389781755,8.476868982,3.565400946,-6.358500440,8.450889116,3.558405280,0.041260313
1609060487.179390192,-6.359979434,8.441237650,3.558835705,-6.333220786,8.416318453,3.553241169,0.036990410
1609060487.229357004,-6.329483767,8.400215465,3.552252195,-6.307257259,8.380925521,3.548038221,0.029730071
1609060487.281926155,-6.300401764,8.356740496,3.546347522,-6.283241945,8.346868217,3.543570575,0.019990816
1609060487.332370996,-6.270281160,8.315166381,3.540654892,-6.260375088,8.313987289,3.539288777,0.010069102
1609060487.381510019,-6.242073618,8.273642105,3.535351759,-6.212722579,8.241729897,3.531655996,0.043514723
1609060487.429805994,-6.215126678,8.232816135,3.530070042,-6.191704918,8.208291041,3.527330246,0.034023015
1609060487.481407166,-6.188277910,8.189279985,3.523917557,-6.169244574,8.171961269,3.523854794,0.025733435
1609060487.531018019,-6.160222156,8.146775433,3.518444628,-6.147733047,8.136014923,3.519448095,0.016515852
1609060487.573276997,-6.140911193,8.111908053,3.515374770,-6.127121995,8.101388417,3.516156076,0.017361311
1609060487.623480082,-6.113217950,8.069069073,3.509778403,-6.085312408,8.029205903,3.506886530,0.048745816
1609060487.680495024,-6.086420229,8.020621075,3.504369724,-6.065334830,7.994335525,3.502491355,0.033749851
1609060487.728843212,-6.060345038,7.979982172,3.498723171,-6.043692740,7.954510652,3.497820199,0.030445241
1609060487.780599117,-6.039422780,7.937030875,3.492887473,-6.021345708,7.913220648,3.492399990,0.029898914
1609060487.831240177,-6.014442102,7.894125372,3.486700271,-6.001011372,7.876785315,3.488004589,0.021971876
1609060487.881911993,-5.986505689,7.846483240,3.480581528,-5.965532057,7.807299020,3.477871129,0.044526875
1609060487.928303003,-5.962946424,7.806445111,3.474531311,-5.946384743,7.771130320,3.472727495,0.039047118
1609060487.979984045,-5.940176591,7.758292073,3.466267889,-5.928009516,7.735311417,3.467588960,0.026036388
1609060488.029487133,-5.915234313,7.714811114,3.459357646,-5.911495457,7.701105023,3.462062055,0.014462013
1609060488.082446098,-5.897484146,7.669558935,3.452933721,-5.893041116,7.665715801,3.455951502,0.006604331
1609060488.130092144,-5.880535135,7.628770724,3.447628420,-5.859080849,7.597848177,3.443749693,0.037835629
1609060488.181658030,-5.858110311,7.584051833,3.439510238,-5.842178755,7.561548312,3.436836036,0.027701521
1609060488.228613138,-5.838577979,7.545516221,3.430945791,-5.825536470,7.527431117,3.430766567,0.022297625
1609060488.281764984,-5.815922198,7.500850076,3.422179657,-5.810332436,7.495488853,3.424337589,0.008040201
1609060488.328850031,-5.797804615,7.462025001,3.414883158,-5.778542129,7.427676684,3.410820844,0.039589805
1609060488.380331039,-5.780629322,7.420700099,3.407582544,-5.763198586,7.394705826,3.404531221,0.031445880
1609060488.429883003,-5.761094740,7.381161169,3.400126108,-5.747615781,7.360990016,3.398553666,0.024311115
1609060488.480764151,-5.741324234,7.341151140,3.392387399,-5.732062451,7.327814694,3.392068875,0.016240162
1609060488.535542011,-5.723018624,7.298984921,3.381085023,-5.716439310,7.294587994,3.385679762,0.009150518
1609060488.580343008,-5.707112173,7.264210501,3.373269999,-5.701216954,7.260835100,3.379015028,0.008896757
1609060488.629785061,-5.687182131,7.226962838,3.365636508,-5.669968747,7.196793478,3.367269662,0.034772950
1609060488.681182146,-5.668933764,7.190445110,3.362537463,-5.654970632,7.167440152,3.362475348,0.026910983
1609060488.733952999,-5.647330509,7.152806228,3.356227391,-5.638226826,7.136649964,3.357135765,0.018566826
1609060488.780320168,-5.630652525,7.118533138,3.350509492,-5.621209410,7.108034582,3.351963283,0.014195267
1609060488.830223083,-5.608009942,7.084488051,3.344248679,-5.588601716,7.051426909,3.341553805,0.038431506
1609060488.878646135,-5.592051115,7.053268625,3.337173779,-5.572802076,7.022984039,3.336429022,0.035892009
1609060488.926599026,-5.572207775,7.019721014,3.331423415,-5.556392503,6.993312027,3.331676372,0.030783460
1609060488.980388165,-5.547810622,6.978962197,3.322904335,-5.538552151,6.961617749,3.327407359,0.020169937
1609060489.026468992,-5.526765393,6.947434445,3.317806338,-5.521296244,6.932821950,3.323077537,0.016468824
1609060489.085741043,-5.502644063,6.905686514,3.311869996,-5.487245798,6.878157334,3.316173304,0.031835213
1609060489.127518177,-5.482777724,6.876749939,3.308862828,-5.471245054,6.848236076,3.314171235,0.031212530
1609060489.181252003,-5.462276342,6.839483330,3.310018034,-5.449637553,6.821695288,3.312409112,0.021951553
1609060489.229586124,-5.441720125,6.805418394,3.307291462,-5.431805035,6.795126939,3.309816691,0.014512059
1609060489.282239199,-5.416131266,6.768518646,3.304326823,-5.412671658,6.766252711,3.307865452,0.005442908
1609060489.327752113,-5.394711576,6.737962228,3.302998885,-5.374285211,6.712195045,3.304337097,0.032908583
1609060489.379934072,-5.367687647,6.702267981,3.300456188,-5.352958623,6.684064009,3.302681403,0.023521912
1609060489.424185991,-5.343490046,6.672933208,3.298333019,-5.331821177,6.657719900,3.301335282,0.019406721
1609060489.474608183,-5.317445534,6.641568170,3.296329813,-5.310724730,6.632402964,3.299747721,0.011868121
1609060489.524008036,-5.290231919,6.608710378,3.294124130,-5.288378829,6.605264092,3.298176471,0.005633143
1609060489.573360205,-5.266953633,6.577358471,3.290790486,-5.244007017,6.552198943,3.293848156,0.034189155
1609060489.623059988,-5.237903275,6.545302820,3.288149512,-5.220853251,6.525239291,3.292310368,0.026656354
1609060489.680881023,-5.206946869,6.509486114,3.286088010,-5.196836090,6.498616568,3.290439871,0.015469763
1609060489.728197098,-5.176743624,6.480151966,3.283468587,-5.171072675,6.472104797,3.288377159,0.011000485
1609060489.780966043,-5.148187047,6.447880644,3.282313576,-5.145556105,6.445607461,3.287110909,0.005924832
1609060489.828963041,-5.117340717,6.419046789,3.280214303,-5.094206085,6.394548398,3.283454418,0.033850859
1609060489.879400015,-5.088606989,6.391806817,3.274328535,-5.069356790,6.371914698,3.281176441,0.028515966
1609060489.928678036,-5.055861596,6.364330424,3.271344369,-5.039568910,6.345237581,3.278820593,0.026189352
1609060489.979420185,-5.023898613,6.336663970,3.274088823,-5.008979415,6.319112248,3.276149091,0.023127692
1609060490.031026125,-4.987264618,6.309969524,3.272291869,-4.979154948,6.296846912,3.274506050,0.015584360
1609060490.081745148,-4.948002477,6.281795051,3.270351892,-4.920770405,6.256461726,3.271319901,0.037206184
1609060490.129084110,-4.910539481,6.258706962,3.268867568,-4.890651640,6.235903862,3.269643582,0.030267305
1609060490.180391073,-4.873291014,6.232308146,3.265555194,-4.858946253,6.216551980,3.267923294,0.021439142
1609060490.229308128,-4.834012656,6.208956461,3.263498154,-4.829154879,6.198588310,3.265969124,0.011713336
1609060490.280956984,-4.798106502,6.186273622,3.262137963,-4.798127351,6.179117359,3.263906102,0.007371489
1609060490.329324007,-4.763014947,6.164185389,3.260213598,-4.737125996,6.144259623,3.260644500,0.032672000
1609060490.380764008,-4.721503923,6.141328231,3.257863259,-4.704578608,6.126366826,3.258999347,0.022618590
1609060490.429780006,-4.685017848,6.121041729,3.257047978,-4.673989428,6.108368636,3.256992770,0.016799893
1609060490.481692076,-4.643682705,6.098777830,3.254871942,-4.643974691,6.092063533,3.255103839,0.006724642
1609060490.529579163,-4.606931414,6.077532179,3.251368658,-4.580072168,6.057053776,3.250287925,0.033792781
1609060490.579999208,-4.568771871,6.054876802,3.245415348,-4.549908138,6.038775231,3.247173730,0.024863485
1609060490.629163027,-4.531999187,6.033547086,3.242375360,-4.518577763,6.019855401,3.244313015,0.019270478
1609060490.681888103,-4.496467964,6.010410817,3.240307176,-4.486513198,6.001656765,3.241067926,0.013278160
1609060490.728027105,-4.462220538,5.989000207,3.236975079,-4.455806323,5.981659797,3.237316481,0.009753991
1609060490.781954050,-4.425062176,5.962577618,3.233880895,-4.424475296,5.960417708,3.233262668,0.002322034
1609060490.830234051,-4.389696301,5.938083139,3.229319371,-4.364142444,5.918985058,3.225773398,0.032098446
1609060490.882236004,-4.354713002,5.910639755,3.222478568,-4.335407688,5.896364443,3.221238267,0.024042006
1609060490.927493095,-4.322819177,5.883965750,3.217790359,-4.306368236,5.871916528,3.217383432,0.020395657
1609060490.979726076,-4.291712696,5.853529510,3.213158448,-4.277817629,5.846718609,3.213480964,0.015477897
1609060491.030094147,-4.257055618,5.821066313,3.209131317,-4.222620811,5.793021374,3.206499970,0.044488184
1609060491.081507206,-4.225188824,5.787853446,3.206367908,-4.195774182,5.764389555,3.203693240,0.037721734
1609060491.128799200,-4.193382191,5.754653580,3.203684292,-4.169106391,5.734753238,3.201251134,0.031484255
1609060491.179252148,-4.160475299,5.714419789,3.202712094,-4.142169490,5.701667794,3.199336802,0.022563435
1609060491.237707138,-4.122017577,5.667161687,3.200724582,-4.090340021,5.634459026,3.195204551,0.045862864
1609060491.285046101,-4.091979005,5.623886819,3.197254602,-4.064113771,5.597913761,3.192980909,0.038331912
1609060491.327813148,-4.063150168,5.585867833,3.195468452,-4.038490509,5.560351065,3.192400220,0.035617668
1609060491.379707098,-4.034148036,5.538225370,3.191599214,-4.013500261,5.522034509,3.191378276,0.026239730
1609060491.431063175,-4.002734262,5.489909730,3.193348239,-3.990229863,5.485691272,3.190550282,0.013490142
1609060491.483215094,-3.970106989,5.438135462,3.193611095,-3.965973521,5.445483800,3.191148958,0.008783265
1609060491.534535170,-3.942537302,5.388291909,3.194834512,-3.919041186,5.361370827,3.191977099,0.035846575
1609060491.580775023,-3.914808523,5.340798562,3.195618007,-3.895304886,5.317450666,3.193192675,0.030518819
1609060491.630144119,-3.886592938,5.289703021,3.195502227,-3.871596516,5.273114523,3.194094456,0.022406534
1609060491.681989193,-3.859189727,5.235242440,3.194798655,-3.849766553,5.228901869,3.195929593,0.011413942
1609060491.729292154,-3.833793808,5.185623489,3.195700770,-3.829133901,5.187650558,3.196400448,0.005129648
1609060491.782570124,-3.806515053,5.130642991,3.197028141,-3.784858974,5.098009120,3.199630126,0.039252078
1609060491.829774141,-3.780284276,5.081946791,3.199427444,-3.763925618,5.056209410,3.201103976,0.030542253
1609060491.882502079,-3.752463414,5.028305794,3.203141601,-3.741759376,5.011577996,3.203013489,0.019859811
1609060491.929095984,-3.726399606,4.980407297,3.204304515,-3.720992311,4.969665736,3.203921009,0.012031918
1609060491.981079102,-3.702823435,4.929577104,3.202465523,-3.700487900,4.928558717,3.204745271,0.003418931
1609060492.029659986,-3.674745403,4.881596349,3.202619053,-3.655129652,4.843308350,3.207089595,0.043251986
1609060492.080188990,-3.649871655,4.831926797,3.205025359,-3.633943006,4.803434333,3.207944615,0.032772922
1609060492.128679991,-3.622403037,4.785596456,3.205431628,-3.611002685,4.761478332,3.208347344,0.026835672
1609060492.182240009,-3.595206744,4.736637093,3.204255351,-3.589180966,4.723560605,3.208270828,0.014947528
1609060492.230466127,-3.567745195,4.692858839,3.204085842,-3.542692384,4.647225290,3.207833778,0.052193018
1609060492.279041052,-3.536602272,4.645620980,3.205929144,-3.518365525,4.610372105,3.208062725,0.039744362
1609060492.328356028,-3.504810144,4.602812648,3.205769933,-3.493402829,4.574662235,3.207848599,0.030444925
1609060492.380124092,-3.473993074,4.556781845,3.204475072,-3.466819070,4.539121285,3.207841168,0.019356971
1609060492.428395033,-3.440217018,4.517500146,3.204640453,-3.439471868,4.504566067,3.208018658,0.013388724
1609060492.484305143,-3.403703976,4.473775678,3.205978715,-3.385992000,4.443769429,3.209911273,0.035064998
1609060492.534708023,-3.369879338,4.436552234,3.208719526,-3.356648628,4.414114568,3.211132559,0.026159574
1609060492.579715014,-3.336667008,4.404356095,3.210666059,-3.326930996,4.384746394,3.213330199,0.022055111
1609060492.630504131,-3.300364995,4.371172784,3.211097050,-3.298351328,4.360258222,3.214631762,0.011648035
1609060492.682944059,-3.260094048,4.336894721,3.213509477,-3.266403364,4.332971734,3.216635948,0.008060528
1609060492.730010033,-3.223730569,4.308728272,3.216280643,-3.201103353,4.284853059,3.220585444,0.033174508
1609060492.779417038,-3.186675629,4.280587259,3.219731710,-3.167986267,4.261301456,3.222875498,0.027039191
1609060492.828896046,-3.147399779,4.253699756,3.222724921,-3.134825952,4.238559232,3.225500692,0.019875651
1609060492.881380081,-3.106844128,4.227235669,3.225718625,-3.100137384,4.216246976,3.229099918,0.013310332
1609060492.929259062,-3.067833356,4.202992438,3.229216687,-3.064866152,4.195713653,3.232641618,0.008574099
1609060492.980987072,-3.026433985,4.178525038,3.232632683,-3.028526560,4.174427889,3.236056913,0.005735055
1609060493.029018164,-2.984300010,4.156293490,3.235806364,-2.958571463,4.135057385,3.242188162,0.033965536
1609060493.079579115,-2.942513561,4.133376121,3.241274837,-2.922918644,4.116735716,3.245304397,0.026021169
1609060493.128925085,-2.899657751,4.110699248,3.244518014,-2.886407097,4.097187428,3.248131554,0.019266727
1609060493.180499077,-2.860346010,4.087281201,3.247572044,-2.851639131,4.078082054,3.249714198,0.012846122
1609060493.228688002,-2.817953632,4.065483231,3.248756995,-2.781173357,4.041390048,3.252356812,0.044116082
1609060493.280271053,-2.778839289,4.041940559,3.248217148,-2.745748712,4.021707744,3.252869983,0.039064075
1609060493.328587055,-2.737580191,4.018094919,3.247971032,-2.710321055,3.999935933,3.252744508,0.033099779
1609060493.380046129,-2.691322203,3.987701723,3.247104322,-2.672423585,3.975660834,3.252795997,0.023120033
1609060493.428469181,-2.648560959,3.960761051,3.246418031,-2.635112776,3.952465592,3.253031316,0.017129034
1609060493.480937004,-2.604629172,3.926592403,3.248205905,-2.567651824,3.905626464,3.251602512,0.042643074
1609060493.529367208,-2.561561622,3.895645938,3.247482161,-2.532539672,3.878478870,3.251280253,0.033932393
1609060493.579791069,-2.517982851,3.860777287,3.249542183,-2.496910515,3.850924507,3.250728555,0.023292233
1609060493.628499031,-2.477587224,3.827006445,3.248900504,-2.463239674,3.824049623,3.249206015,0.014652246
1609060493.682790041,-2.430374716,3.785887251,3.247039423,-2.428404229,3.792664809,3.247636454,0.007083400
1609060493.728916168,-2.394201098,3.751211276,3.245082734,-2.361029762,3.729210011,3.244788498,0.039805524
1609060493.780441999,-2.349682286,3.707981574,3.242594137,-2.325410757,3.693198186,3.243257351,0.028427022
1609060493.829635143,-2.308585686,3.664838977,3.240335236,-2.292081848,3.657052042,3.241448752,0.018282587
1609060493.883442163,-2.264843549,3.616329928,3.237913262,-2.259343047,3.622228898,3.238913895,0.008127400
1609060493.929495096,-2.226792986,3.573095143,3.235979824,-2.191568300,3.542221051,3.235737674,0.046840652
1609060493.978958130,-2.188260241,3.524137777,3.233771092,-2.159084841,3.499883402,3.234381800,0.037945378
1609060494.028350115,-2.147501823,3.473471818,3.231768988,-2.125415477,3.454313186,3.234099123,0.029330691
1609060494.082203150,-2.105701469,3.417886519,3.230210512,-2.090688389,3.409114652,3.232799628,0.017579583
1609060494.129577160,-2.065974764,3.364895815,3.228473973,-2.058871205,3.364294182,3.230420373,0.007389924
1609060494.183086157,-2.025279813,3.304036721,3.227767423,-1.991515558,3.264740085,3.229604412,0.051842309
1609060494.228484154,-1.987706581,3.250438506,3.226831634,-1.960718796,3.217288761,3.228997738,0.042801147
1609060494.280737162,-1.950498012,3.189270684,3.227445388,-1.926748641,3.163868435,3.227845597,0.034777392
1609060494.329248190,-1.910723810,3.129841034,3.226981379,-1.893656536,3.111677271,3.226773194,0.024925037
1609060494.374109983,-1.877455847,3.073532347,3.223215274,-1.862042060,3.059907569,3.226303853,0.020802854
1609060494.429419041,-1.832762897,3.003153635,3.221978438,-1.796710871,2.950190359,3.224332308,0.064112384
1609060494.481046200,-1.786418830,2.929079062,3.225764127,-1.765327827,2.896246124,3.224341653,0.039049400
1609060494.533081055,-1.741654504,2.858039008,3.225800610,-1.730076865,2.837573805,3.223563262,0.023619313
1609060494.580868006,-1.702936714,2.786899798,3.223939074,-1.697214749,2.780494806,3.223064885,0.008633019
1609060494.630129099,-1.660278600,2.717266559,3.224051843,-1.633088229,2.667181617,3.221314744,0.057055318
1609060494.679522991,-1.624740982,2.646333038,3.218872065,-1.600595119,2.608029371,3.220332261,0.045302602
1609060494.730046988,-1.585732794,2.573878160,3.218398056,-1.567574717,2.549367349,3.220536377,0.030578882
1609060494.779560089,-1.544381570,2.501513603,3.217986138,-1.534147918,2.488909696,3.220489774,0.016427243
1609060494.830006123,-1.504498135,2.428267118,3.218703437,-1.503404247,2.431117246,3.220670708,0.003631801
1609060494.881098986,-1.461179368,2.352410414,3.218875065,-1.435695247,2.307606769,3.221762066,0.051625011
1609060494.928388119,-1.423155812,2.282121616,3.219183011,-1.402540359,2.244393296,3.221081630,0.043035192
1609060494.981044054,-1.383934397,2.203881792,3.219606334,-1.370315429,2.183008123,3.221011268,0.024963177
1609060495.029597044,-1.344327189,2.131656042,3.219514784,-1.338951074,2.124635702,3.220376968,0.008884321
1609060495.082610130,-1.302397086,2.052613991,3.218833042,-1.304259948,2.061595074,3.221049786,0.009436316
1609060495.129621983,-1.263873217,1.982586028,3.219668490,-1.237795808,1.936062033,3.221006990,0.053350773
1609060495.180171013,-1.224644139,1.907469657,3.221987219,-1.202918384,1.871570894,3.222882980,0.041970610
1609060495.229920149,-1.182161455,1.831930381,3.223729804,-1.167532852,1.805522412,3.223792771,0.030189084
1609060495.281436205,-1.145133156,1.758320416,3.224632611,-1.134313002,1.741766178,3.225028440,0.019780678
1609060495.335170031,-1.101127526,1.678705628,3.226838181,-1.101136290,1.679511269,3.226810097,0.000806178
1609060495.382240057,-1.067149650,1.609127504,3.228875117,-1.065809835,1.612928732,3.227376389,0.004300073
1609060495.429296017,-1.028316041,1.539123849,3.230980950,-1.000211104,1.486879204,3.231467122,0.059326443
1609060495.483244181,-0.989230398,1.459302991,3.233774952,-0.967205642,1.424889304,3.233416363,0.040859764
1609060495.528154135,-0.953516398,1.393340349,3.236400624,-0.933704499,1.361103850,3.235569885,0.037846973
1609060495.580590010,-0.907141777,1.308160147,3.240401230,-0.901207160,1.296931098,3.236480045,0.013292363
1609060495.628806114,-0.866466125,1.234956958,3.243610560,-0.837113574,1.172769303,3.241678384,0.068793968
1609060495.681596041,-0.826942167,1.149262273,3.245618956,-0.805307655,1.110413621,3.243975734,0.044496854
1609060495.728053093,-0.788193242,1.076950057,3.248886043,-0.775228782,1.050720609,3.246988666,0.029319980
1609060495.781130075,-0.748703476,0.992200789,3.251448336,-0.745857485,0.991173127,3.249720354,0.003484491
1609060495.830497026,-0.711660179,0.918105658,3.255677724,-0.683124295,0.868421135,3.254519745,0.057307847
1609060495.881890059,-0.670886009,0.838556345,3.258930970,-0.652257294,0.805430910,3.257045853,0.038050981
1609060495.929169178,-0.638000308,0.766929033,3.261327828,-0.623170721,0.745758375,3.260086996,0.025877656
1609060495.979615211,-0.599637441,0.689704215,3.264108411,-0.591049538,0.681773144,3.262922529,0.011749905
1609060496.030449152,-0.562130821,0.613547391,3.268000198,-0.560611592,0.620334410,3.265620562,0.007350806
1609060496.082633018,-0.525811973,0.536689725,3.272497058,-0.499661366,0.493562529,3.271095501,0.050455660
1609060496.130023003,-0.491624790,0.468523503,3.274682439,-0.469570200,0.433154098,3.274114971,0.041685990
1609060496.181450129,-0.456477775,0.395254798,3.276833249,-0.440845864,0.372602337,3.277456459,0.027529603
1609060496.229318142,-0.423789979,0.327316225,3.280274668,-0.414741500,0.316836397,3.280386927,0.013846095
1609060496.281906128,-0.389140032,0.254707327,3.284326744,-0.386991772,0.256650381,3.284046962,0.002910113
1609060496.329352140,-0.356087030,0.189590038,3.287971566,-0.334255418,0.148136035,3.292019429,0.047025938
1609060496.380367041,-0.326678962,0.124270490,3.295376605,-0.309930181,0.095996610,3.294562718,0.032872426
1609060496.429882050,-0.295014917,0.061305600,3.299392612,-0.284939612,0.041553059,3.297386038,0.022264343
1609060496.482614040,-0.266797717,-0.004641963,3.303053517,-0.258637283,-0.013177068,3.300757036,0.012029734
1609060496.530198097,-0.237581332,-0.062083878,3.305776459,-0.210631409,-0.116113964,3.306498570,0.060382696
1609060496.579577208,-0.212781368,-0.119971990,3.306787628,-0.187430686,-0.167036459,3.308461700,0.053483865
1609060496.629139185,-0.183787361,-0.178869613,3.309967546,-0.163613048,-0.217272934,3.311504005,0.043407127
1609060496.680529118,-0.152403169,-0.243130480,3.310618545,-0.141382721,-0.266433336,3.313924211,0.025988475
1609060496.729876995,-0.124173106,-0.298690030,3.312830008,-0.119887506,-0.314175011,3.316544079,0.016490765
1609060496.781874180,-0.099447418,-0.358536390,3.315527049,-0.098299298,-0.362419990,3.318586986,0.005075800
1609060496.830726147,-0.072633335,-0.411148741,3.316907137,-0.057081996,-0.451065930,3.321169145,0.043051026
1609060496.879760027,-0.050903803,-0.465634673,3.322221523,-0.038959558,-0.491149925,3.321262613,0.028188873
1609060496.931555986,-0.026910768,-0.516593890,3.323273873,-0.018386848,-0.536647688,3.321388132,0.021871627
1609060496.979130030,-0.003331939,-0.563968035,3.322905658,0.002798505,-0.581568063,3.320808969,0.018754717
1609060497.030738115,0.018225041,-0.614634280,3.321749494,0.021536078,-0.621414183,3.320352940,0.007673358
1609060497.082527161,0.042642504,-0.664390991,3.319868020,0.055830229,-0.695718915,3.317330175,0.034085123
1609060497.128504992,0.063248362,-0.705798753,3.317762536,0.073792077,-0.733090481,3.315870689,0.029318722
1609060497.180168152,0.083594901,-0.750810749,3.314395573,0.091132686,-0.769152604,3.313450407,0.019852838
1609060497.229369164,0.104487149,-0.793713653,3.311763375,0.106370274,-0.803048078,3.310915316,0.009560170
1609060497.282119989,0.124589850,-0.837668619,3.309035917,0.123442517,-0.839577249,3.307996109,0.002457731
1609060497.331099033,0.144610267,-0.877929055,3.305528872,0.155815628,-0.908944826,3.300499561,0.033359138
1609060497.379763126,0.163125619,-0.916449313,3.301301830,0.172546617,-0.943541423,3.296483047,0.029085362
1609060497.430797100,0.185351039,-0.956607073,3.296051450,0.188564341,-0.976454909,3.292615384,0.020397756
1609060497.479521990,0.199243009,-0.993944750,3.290284739,0.204139743,-1.010155358,3.287844360,0.017108981
1609060497.539794207,0.222397402,-1.040704162,3.282403299,0.235044667,-1.075728058,3.278412434,0.037450682
1609060497.585959196,0.239099914,-1.076476619,3.274737952,0.251135148,-1.107690187,3.273065840,0.033495218
1609060497.628929138,0.256671297,-1.109912093,3.268291461,0.266199512,-1.138513539,3.268508030,0.030147579
1609060497.679800987,0.271427494,-1.147417830,3.263699728,0.282451264,-1.172252752,3.262130762,0.027216879
1609060497.728677988,0.291665057,-1.185420380,3.256691783,0.298506463,-1.204324963,3.256194411,0.020110581
1609060497.782530069,0.312860067,-1.228069322,3.249512375,0.314620593,-1.235499023,3.250150742,0.007662077
1609060497.828576088,0.333058208,-1.263264825,3.243484720,0.348055942,-1.299843965,3.237289541,0.040016818
1609060497.881426096,0.354034695,-1.307654831,3.233507249,0.364203626,-1.330343563,3.232067036,0.024905017
1609060497.928340197,0.375162955,-1.344985703,3.227479631,0.382777432,-1.366105469,3.226017563,0.022498054
1609060497.980730057,0.394581523,-1.389272206,3.220283395,0.401406560,-1.402633319,3.219736480,0.015013314
1609060498.030624151,0.413801230,-1.429050723,3.213426070,0.418626662,-1.435508598,3.214974384,0.008208911
1609060498.081089020,0.436587839,-1.470727819,3.207793109,0.451847201,-1.500109200,3.207053620,0.033115865
1609060498.129364014,0.456632927,-1.509659942,3.205690693,0.469733985,-1.532517544,3.205384221,0.026347706
1609060498.179213047,0.479366771,-1.550769240,3.202198693,0.488028155,-1.566068542,3.202800150,0.017591190
1609060498.229629040,0.502848623,-1.592092258,3.199197377,0.504650558,-1.598114643,3.200512090,0.006422192
1609060498.282165051,0.526385475,-1.634513143,3.197075012,0.523496433,-1.631570006,3.197928202,0.004211479
1609060498.330411196,0.547683043,-1.670021385,3.195356455,0.560594924,-1.696362574,3.196577976,0.029360978
1609060498.380028009,0.568001589,-1.706873965,3.193863666,0.579103814,-1.730486854,3.195990700,0.026179232
1609060498.428318977,0.590168077,-1.747124296,3.193385524,0.598085001,-1.763263175,3.195829693,0.018141529
1609060498.482119083,0.615300489,-1.791813633,3.193484366,0.616225576,-1.795394515,3.195500316,0.004212192
1609060498.530372143,0.639267160,-1.830919816,3.192753598,0.636340672,-1.830204000,3.194826871,0.003657210
1609060498.580444098,0.657524715,-1.869285756,3.195481951,0.675411420,-1.899004356,3.193846242,0.034724703
1609060498.629819155,0.681467483,-1.908757609,3.194963835,0.695225138,-1.933949241,3.193127648,0.028762180
1609060498.681581020,0.703379405,-1.951771811,3.192824459,0.714873379,-1.970383204,3.192855119,0.021874559
1609060498.728110075,0.726339255,-1.990349887,3.192232407,0.735261492,-2.006046526,3.191339901,0.018077261
1609060498.786158085,0.750721026,-2.041182552,3.191292411,0.774662945,-2.078536311,3.188508770,0.044455230
1609060498.829328060,0.771730768,-2.079955111,3.189917708,0.793086814,-2.117108541,3.187203392,0.042939790
1609060498.881321192,0.793342782,-2.128915065,3.188285370,0.812392514,-2.154024829,3.185371746,0.031652515
1609060498.928911209,0.817474756,-2.173400920,3.186568027,0.833828395,-2.195656532,3.183215617,0.027820719
1609060498.980941057,0.843278626,-2.226635618,3.183427808,0.854665039,-2.235844598,3.180585920,0.014917508
1609060499.029283047,0.869506747,-2.273165013,3.181534103,0.875196330,-2.277531282,3.177600593,0.008179741
1609060499.083007097,0.895361065,-2.328248522,3.175344007,0.918051659,-2.362276772,3.173779257,0.040929613
1609060499.128166199,0.915292317,-2.373332943,3.174601188,0.938644391,-2.404922256,3.172494595,0.039340079
1609060499.180455208,0.942735833,-2.427622158,3.172390805,0.957290314,-2.446111225,3.170533068,0.023603595
1609060499.228965044,0.967641368,-2.479023421,3.173808694,0.978292701,-2.489510503,3.169128772,0.015663060
1609060499.279461145,0.994235472,-2.533938705,3.172164385,0.999394010,-2.532796268,3.168082031,0.006676923
1609060499.330644131,1.020766004,-2.588921186,3.169841855,1.042146209,-2.626644836,3.165356811,0.043592460
1609060499.381079197,1.046385669,-2.642983164,3.167060826,1.064241826,-2.673838470,3.164834574,0.035719021
1609060499.429335117,1.071636022,-2.696225293,3.165746227,1.084904091,-2.717344362,3.164096649,0.024995556
1609060499.481731176,1.097052242,-2.754689964,3.165203238,1.105016195,-2.763968826,3.163326733,0.012371058
1609060499.528813124,1.121107816,-2.806543806,3.164881143,1.124735219,-2.809377011,3.162861648,0.005026278
1609060499.632210016,1.172915319,-2.917167946,3.165534046,1.187770824,-2.950116038,3.161000473,0.036425487
1609060499.673256159,1.189997325,-2.960337673,3.166278140,1.206800512,-2.993947799,3.160523285,0.038014551
1609060499.721397161,1.215053905,-3.011636044,3.166202365,1.226380554,-3.040015523,3.159493533,0.031284121
1609060499.790719032,1.244654731,-3.084254874,3.162423584,1.265266504,-3.128293905,3.159222049,0.048729162
1609060499.834521055,1.266133370,-3.129063222,3.161805546,1.284326081,-3.174698080,3.158607495,0.049231520
1609060499.881643057,1.286342006,-3.175459704,3.161368296,1.302470931,-3.218113242,3.158249873,0.045707670
1609060499.929025173,1.307745651,-3.222792215,3.160097280,1.320014983,-3.257837555,3.158504897,0.037165146
1609060499.979601145,1.331578035,-3.276659279,3.160561126,1.338005211,-3.299189578,3.157511995,0.023626683
1609060500.030206203,1.356334135,-3.325224004,3.158710972,1.354948048,-3.339277395,3.155804845,0.014417510
1609060500.082598209,1.376180794,-3.377736554,3.156285446,1.372929120,-3.380834588,3.154294448,0.004912767
1609060500.131497145,1.398288336,-3.422540885,3.153951331,1.407341831,-3.458257745,3.149749377,0.037085257
1609060500.180402040,1.415555372,-3.465776465,3.148088358,1.421589136,-3.492261742,3.145584250,0.027279053
1609060500.229773998,1.432352378,-3.507988803,3.143912074,1.437404597,-3.527880031,3.140470138,0.020809440
1609060500.278079033,1.451397853,-3.548164011,3.136985265,1.452683628,-3.560550785,3.135748733,0.012514568
1609060500.330481052,1.469035440,-3.588902294,3.129825852,1.466991840,-3.593602264,3.128545511,0.005282546
1609060500.384297132,1.489324927,-3.629535608,3.120536392,1.495986430,-3.658248757,3.112539869,0.030541201
1609060500.430405140,1.504815441,-3.662026526,3.111180547,1.510504367,-3.687486119,3.104255764,0.026990877
1609060500.481509209,1.520194880,-3.696450132,3.098885042,1.523348550,-3.713684257,3.094869053,0.017974673
1609060500.528917074,1.536166979,-3.726630639,3.086501399,1.536279054,-3.740406006,3.082876498,0.014244761
1609060500.580059052,1.551583954,-3.757329547,3.072155409,1.548835110,-3.764451528,3.070365887,0.007840991
1609060500.630463123,1.566194601,-3.785384199,3.055430471,1.573627832,-3.811679199,3.041276756,0.030773489
1609060500.682104111,1.580012785,-3.812607936,3.037417845,1.585106289,-3.832768592,3.026873700,0.023314691
1609060500.730499029,1.594683892,-3.838019360,3.020612567,1.595903317,-3.854930496,3.011753347,0.019130062
1609060500.779981136,1.602227355,-3.864534176,3.005102523,1.605706461,-3.875862683,2.996498489,0.014644748
1609060500.830636978,1.615340769,-3.889222489,2.988102200,1.616179586,-3.896660228,2.981851546,0.009751628
1609060500.879229069,1.624389997,-3.912150018,2.965327405,1.634981431,-3.936735734,2.950692225,0.030509415
1609060500.929196119,1.636502684,-3.935607414,2.945686082,1.643560054,-3.955311500,2.935289826,0.023369631
1609060500.980226994,1.645131329,-3.960141364,2.925460228,1.651979785,-3.973264996,2.920011838,0.015773903
1609060501.030568123,1.656076882,-3.982121154,2.907915107,1.660450400,-3.990549418,2.905599035,0.009773816
1609060501.082099199,1.667730471,-4.005591658,2.893861340,1.669043758,-4.008770463,2.892024796,0.003899028
1609060501.130629063,1.679354626,-4.026121934,2.881511319,1.685280341,-4.044226078,2.868670499,0.022973045
1609060501.181288004,1.686267806,-4.048690834,2.866619171,1.692215348,-4.060390321,2.858543936,0.015409759
1609060501.229866028,1.696574024,-4.070190927,2.854329084,1.698273766,-4.078063103,2.848806990,0.009764926
1609060501.279139996,1.703089072,-4.094055490,2.839688715,1.704442747,-4.094989274,2.839058625,0.001761079
1609060501.331067085,1.709835345,-4.116777103,2.828498170,1.710206641,-4.113678458,2.828942473,0.003152280
1609060501.383850098,1.719455710,-4.142425772,2.812952509,1.723253554,-4.153280315,2.803293118,0.015018274
1609060501.428828001,1.725077387,-4.161393170,2.798534487,1.729516336,-4.173094190,2.788991298,0.015738189
1609060501.481386185,1.734414836,-4.187281467,2.778759881,1.735739741,-4.192130285,2.774240043,0.006759833
1609060501.528599024,1.742270302,-4.210166991,2.760624769,1.741968008,-4.212664702,2.758640250,0.003204412
1609060501.581145048,1.748781032,-4.235970318,2.741285147,1.748291162,-4.232697575,2.744467033,0.004590775
1609060501.629769087,1.757593474,-4.261004970,2.724916618,1.762380132,-4.274994108,2.716278272,0.017123934
1609060501.678136110,1.765011628,-4.286304209,2.709839175,1.768981116,-4.296033736,2.702940701,0.012570182
1609060501.729612112,1.774166314,-4.312676976,2.693757610,1.777551096,-4.316403409,2.689973841,0.006297616
1609060501.791958094,1.783992387,-4.343657249,2.675900572,1.790370331,-4.358932917,2.666102011,0.019236319
1609060501.833837032,1.793172837,-4.364584854,2.664342360,1.797908308,-4.381429826,2.653239880,0.020723003
1609060501.881379128,1.799238597,-4.386421710,2.650242558,1.805084512,-4.401128735,2.640890758,0.018382804
1609060501.927842140,1.809169669,-4.408995423,2.635650392,1.812226884,-4.422244135,2.627442357,0.015882279
1609060501.979767084,1.817344135,-4.433794087,2.617757278,1.825054556,-4.438562150,2.611524716,0.011001356
1609060502.030068159,1.828446216,-4.458096309,2.600147559,1.827800200,-4.463356763,2.598046002,0.005701425
1609060502.081687212,1.838328021,-4.481482005,2.584871699,1.843388201,-4.503028009,2.571089873,0.026072484
1609060502.129033089,1.849114727,-4.503066635,2.570506463,1.851217309,-4.522968999,2.557784611,0.023714351
1609060502.177217007,1.859462037,-4.526580151,2.554686813,1.858268396,-4.541673740,2.545176453,0.017879825
1609060502.228680134,1.871990097,-4.549323966,2.537225085,1.866207391,-4.561311068,2.530079985,0.015105720
1609060502.281580210,1.878893711,-4.574066285,2.515869065,1.874370041,-4.580009990,2.513603691,0.007805328
1609060502.331065178,1.890399620,-4.594346015,2.498307363,1.881955459,-4.598176492,2.497798745,0.009286286
1609060502.379868984,1.895529705,-4.614789305,2.481870514,1.896324288,-4.630264915,2.469318897,0.019941639
1609060502.429216146,1.902626918,-4.632336272,2.467953309,1.903005225,-4.645504936,2.456424674,0.017506178
1609060502.478612185,1.911794187,-4.649401425,2.453515367,1.909194679,-4.658640443,2.445465323,0.012526775
1609060502.529726028,1.918790580,-4.665665405,2.438386813,1.915735964,-4.672265867,2.432909506,0.009104815
1609060502.581580162,1.926919914,-4.681555574,2.422699783,1.922228836,-4.685122498,2.419888843,0.006529207
1609060502.628553152,1.934557542,-4.693301641,2.409102984,1.934614586,-4.705594494,2.397796479,0.016701933
1609060502.679982185,1.940080058,-4.705630271,2.395010083,1.940349513,-4.715312269,2.387783267,0.012084724
1609060502.729335070,1.946861625,-4.718196504,2.382853667,1.945905371,-4.724189657,2.378431082,0.007509432
1609060502.779874086,1.953356526,-4.730275605,2.370686617,1.951917065,-4.732926576,2.367916740,0.004095352
1609060502.831654072,1.961012301,-4.740243647,2.357813467,1.957777822,-4.741222748,2.356534268,0.003613425
1609060502.876046181,1.966705974,-4.748479018,2.346587986,1.967535255,-4.754052077,2.332783973,0.014909644
1609060502.925194979,1.975023085,-4.756458465,2.331937526,1.973602540,-4.761593341,2.319560346,0.013475143
1609060502.972741127,1.976755041,-4.764672048,2.314115827,1.978939358,-4.767139541,2.306380142,0.008408364
1609060503.024496078,1.985726111,-4.772023376,2.296264000,1.984531290,-4.772492103,2.291925556,0.004524311
1609060503.074285984,1.990000127,-4.777163921,2.280558390,1.989905706,-4.776998206,2.277965558,0.002599837
1609060503.123784065,1.998303739,-4.783009590,2.263857848,2.001895641,-4.786329638,2.249926267,0.014765277
1609060503.173135042,2.002173598,-4.787526726,2.247296525,2.008139990,-4.791332266,2.234913642,0.014262389
1609060503.222823143,2.011136505,-4.793694207,2.228628080,2.014414780,-4.796226762,2.218758307,0.010703894
1609060503.283221006,2.020723456,-4.801897210,2.199431478,2.020541485,-4.801181930,2.202482354,0.003138883
1609060503.329416037,2.030019364,-4.808752462,2.179927970,2.033505407,-4.812048320,2.168373006,0.012511290
1609060503.379991055,2.035211192,-4.817961059,2.156732692,2.033505367,-4.812047471,2.168374356,0.013168474
1609060503.429008007,2.046335833,-4.825827226,2.135280137,2.048794616,-4.823419146,2.132056423,0.004715590
1609060503.478389978,2.052777389,-4.832996544,2.116126990,2.055578919,-4.829078665,2.115369677,0.004875640
1609060503.532170057,2.062426900,-4.839030809,2.095882042,2.062853630,-4.834688989,2.098448637,0.005061709
1609060503.583558083,2.073181340,-4.847879463,2.074638834,2.078887706,-4.848114194,2.063939490,0.012128218
1609060503.628724098,2.080559546,-4.854355931,2.056774100,2.086496528,-4.855307463,2.047513469,0.011041397
1609060503.681049109,2.091522906,-4.864191216,2.035865266,2.093956935,-4.863170865,2.031962962,0.004711008
1609060503.730980158,2.099950150,-4.874335868,2.016852251,2.102212998,-4.871639815,2.016125590,0.003594053
1609060503.781499147,2.107507634,-4.885385183,1.999709428,2.109895162,-4.879423758,2.003262249,0.007339034
1609060503.830842018,2.117084295,-4.895932892,1.986089550,2.126867848,-4.899106965,1.978080339,0.013036108
1609060503.876079082,2.124814928,-4.906070181,1.974102594,2.134292528,-4.908698156,1.967278370,0.011970847
1609060503.923665047,2.134627066,-4.917434324,1.960299483,2.142161754,-4.919246032,1.955194536,0.009279779
1609060503.973829985,2.141472700,-4.929522861,1.947575687,2.149879764,-4.930112080,1.941969634,0.010121943
1609060504.025320053,2.152525421,-4.941717240,1.931953652,2.157417400,-4.940665039,1.929012164,0.005804390
1609060504.075659990,2.158706055,-4.953734919,1.914321447,2.165037356,-4.952413106,1.914822228,0.006487168
1609060504.124380112,2.167815543,-4.966071278,1.899500090,2.176832004,-4.974772111,1.890508764,0.015422225
1609060504.175167084,2.172930948,-4.978108079,1.884543741,2.181283235,-4.986006525,1.878297295,0.013082975
1609060504.224220037,2.180281651,-4.989811710,1.869332655,2.186339672,-4.996163101,1.866003159,0.009387509
1609060504.273495197,2.184807886,-5.003022023,1.854372123,2.191555814,-5.006360492,1.853701466,0.007558419
1609060504.325726032,2.192927230,-5.015652137,1.838241500,2.201105382,-5.028193526,1.829016547,0.017586028
1609060504.372953176,2.198086511,-5.027307855,1.825363167,2.205538876,-5.038947114,1.816161367,0.016603711
1609060504.428673029,2.206949814,-5.040090767,1.808850014,2.209739791,-5.048827840,1.804245642,0.010262585
1609060504.478152037,2.210288643,-5.052640890,1.793579946,2.213741732,-5.057878791,1.792746741,0.006328797
1609060504.529919147,2.218685626,-5.063313171,1.778312236,2.218180541,-5.066767637,1.780611415,0.004180272
1609060504.581017017,2.218437550,-5.075261274,1.764085440,2.224229530,-5.084263047,1.755061660,0.014000270
1609060504.631231070,2.221033420,-5.084099284,1.749328568,2.227282661,-5.092436384,1.742189888,0.012630163
1609060504.682337999,2.226057541,-5.093580338,1.732839257,2.229689811,-5.100100306,1.729740215,0.008081302
1609060504.729389191,2.227269094,-5.102618672,1.719603795,2.231868833,-5.107703037,1.716600027,0.007485385
1609060504.781613111,2.228479730,-5.112701481,1.704749802,2.232605624,-5.115397426,1.704476617,0.004936168
1609060504.830829144,2.228746005,-5.121039947,1.690362401,2.232912142,-5.129815051,1.680873793,0.013579132
1609060504.881592989,2.227232400,-5.129233678,1.675467899,2.232458809,-5.136552181,1.669604291,0.010735816
1609060504.929919004,2.226810904,-5.137286499,1.661870149,2.231508891,-5.143125380,1.658911742,0.008057033
1609060504.979718208,2.224614997,-5.145610089,1.647497654,2.230089493,-5.149392448,1.647730544,0.006658121
1609060505.031477213,2.222255871,-5.152676337,1.633866582,2.228025662,-5.155438672,1.637366654,0.007291879
1609060505.083100080,2.218944020,-5.159363978,1.620503567,2.222447071,-5.167626639,1.615805945,0.010129688
1609060505.129166126,2.216021970,-5.165392645,1.608882389,2.218833393,-5.173024941,1.606420973,0.008497918
1609060505.179536104,2.209686136,-5.174722638,1.594262397,2.214019420,-5.179113933,1.596495301,0.006560996
1609060505.229914188,2.204693309,-5.181901933,1.580946191,2.208788005,-5.185298527,1.587093144,0.008129478
1609060505.288335085,2.198102761,-5.190802460,1.569882274,2.196975499,-5.196991064,1.568267868,0.006494294
1609060505.329346180,2.192867917,-5.196934598,1.561171590,2.189959832,-5.203088405,1.559896877,0.006924680
1609060505.378872156,2.180537777,-5.202062666,1.553510830,2.182170065,-5.209262077,1.551427438,0.007670490
1609060505.430555105,2.173773964,-5.208939324,1.543477410,2.174908205,-5.214993430,1.543457146,0.006159473
1609060505.479947090,2.166013606,-5.218125546,1.532951262,2.167630549,-5.220849735,1.534713497,0.003625077
1609060505.532739162,2.159629050,-5.225803333,1.522587499,2.159774396,-5.227257937,1.525592767,0.003341951
1609060505.582180977,2.147052028,-5.234262202,1.511228983,2.142667173,-5.239890272,1.508934878,0.007494334
1609060505.672855139,2.128959226,-5.248431624,1.489777153,2.127134200,-5.251997530,1.490778222,0.004128988
1609060505.743427038,2.115558861,-5.258669251,1.473775137,2.111749490,-5.264329664,1.469306137,0.008156197
1609060505.785398006,2.110129529,-5.264850735,1.462391706,2.105622276,-5.269352277,1.458356963,0.007540448
1609060505.830541134,2.101170415,-5.271566896,1.449858773,2.099587683,-5.274465517,1.446778556,0.004516058
1609060505.880026102,2.095859611,-5.278329497,1.435311967,2.094147937,-5.279075014,1.435299732,0.001867022
1609060505.928045988,2.091440634,-5.283964375,1.420907458,2.089004406,-5.283706028,1.422459917,0.002900359
1609060505.980888128,2.083498491,-5.290309385,1.404430083,2.084048041,-5.287981753,1.408917819,0.005085239
1609060506.030166149,2.078809926,-5.295896593,1.387947900,2.079702151,-5.292415089,1.395330002,0.008210504
1609060506.082507133,2.073771724,-5.301598640,1.369541773,2.075404168,-5.296871806,1.380647769,0.012179941
1609060506.131301165,2.070224370,-5.305298767,1.352337706,2.070236269,-5.303733037,1.350404762,0.002487554
1609060506.181574106,2.067101172,-5.308615866,1.333912892,2.068540886,-5.307173654,1.334855021,0.002245075
1609060506.229834080,2.067635673,-5.312146844,1.315185314,2.067620044,-5.309989181,1.318572406,0.004015986
1609060506.283174038,2.064440178,-5.315335427,1.295387575,2.066595555,-5.312673865,1.303211049,0.008540276
1609060506.329013109,2.065777293,-5.318154737,1.278636388,2.065768412,-5.315564746,1.286953986,0.008711520
1609060506.381528139,2.062043158,-5.320773222,1.260880313,2.066810378,-5.321458667,1.256959631,0.006210311
1609060506.429151058,2.064332357,-5.324207398,1.246265632,2.067743253,-5.324013964,1.244029942,0.004082884
1609060506.479460001,2.063204163,-5.327906223,1.232275974,2.068418454,-5.326436365,1.231975622,0.005425820
1609060506.528196096,2.065555869,-5.331094553,1.218624574,2.069284775,-5.329207694,1.219640627,0.004300853
1609060506.575851202,2.066515554,-5.331737869,1.204000020,2.070615229,-5.331903075,1.208148772,0.005834961
1609060506.625441074,2.070674805,-5.334484875,1.191095037,2.073517564,-5.337746999,1.186320255,0.006443701
1609060506.676068068,2.070045563,-5.338863630,1.177141028,2.074891216,-5.340844543,1.176667130,0.005256324
1609060506.725394011,2.073944728,-5.342948084,1.165527316,2.076531009,-5.344410528,1.167091903,0.003357905
1609060506.773559093,2.073311833,-5.347619674,1.152692748,2.077910283,-5.347837600,1.157588037,0.006719902
1609060506.823841095,2.075044602,-5.352266106,1.141045069,2.079933314,-5.351790695,1.147887331,0.008422712
1609060506.874558210,2.078487320,-5.357153793,1.128212397,2.084317462,-5.360438414,1.127112343,0.006781549
1609060506.971599102,2.081723632,-5.368893285,1.103204506,2.088456419,-5.370377066,1.104817623,0.007080549
1609060507.042611122,2.084273981,-5.376874232,1.081053555,2.093177063,-5.380624646,1.078706807,0.009941715
1609060507.086133003,2.087392446,-5.383082764,1.065698646,2.094926008,-5.386581589,1.063938364,0.008490873
1609060507.130787134,2.088826631,-5.388896349,1.049794425,2.096764115,-5.392497455,1.049551430,0.008719557
1609060507.178247213,2.089204695,-5.395449084,1.031979834,2.098298228,-5.398486868,1.034590930,0.009936714
1609060507.229111195,2.091624884,-5.402906267,1.012428651,2.099973296,-5.405005621,1.017961896,0.010233282
1609060507.282870054,2.092570694,-5.410158416,0.992478100,2.101556902,-5.411370920,1.001660368,0.012904888
1609060507.330032110,2.096218664,-5.417309477,0.972973246,2.103538949,-5.418065166,0.984308004,0.013514229
1609060507.381578207,2.097559859,-5.427025798,0.950317338,2.106294911,-5.432747442,0.948925975,0.010534431
1609060507.430997133,2.101473561,-5.435524489,0.930003720,2.107967864,-5.439937345,0.931670940,0.008026761
1609060507.480647087,2.101320811,-5.447260267,0.909755543,2.108885628,-5.446370808,0.916857655,0.010414298
1609060507.532473087,2.104506032,-5.457559606,0.889687113,2.109153992,-5.454284482,0.900490467,0.012208294
1609060507.581765175,2.103920231,-5.465357311,0.874905205,2.110682339,-5.468657404,0.871576397,0.008227860
1609060507.629183054,2.106762265,-5.474285658,0.859753361,2.111255072,-5.475736420,0.858480166,0.004889892
1609060507.678351164,2.108371315,-5.483781791,0.844077954,2.111666371,-5.482600002,0.847247698,0.004722425
1609060507.730005980,2.111545793,-5.493736683,0.830157559,2.111370104,-5.490156770,0.835603933,0.006519941
1609060507.781391144,2.109324463,-5.505215064,0.815843600,2.111037180,-5.498230371,0.824689110,0.011400105
1609060507.829667091,2.112098578,-5.514584738,0.804035696,2.110277045,-5.505700814,0.815048489,0.014266173
1609060507.882309198,2.108217310,-5.525524530,0.792432163,2.109129957,-5.520064653,0.796793649,0.007047393
1609060507.930590153,2.105872152,-5.534850665,0.782432762,2.107549708,-5.526921568,0.788262900,0.009983751
1609060507.981079102,2.105622724,-5.544715320,0.771499034,2.105950804,-5.533665896,0.780505035,0.014258522
1609060508.029278040,2.101081765,-5.550441069,0.762810138,2.104100821,-5.540358613,0.772093272,0.014033788
1609060508.088443995,2.099556509,-5.560249188,0.750719076,2.099295121,-5.553662293,0.755348921,0.008055494
1609060508.131664038,2.096891115,-5.566001585,0.741343496,2.097304635,-5.559332980,0.747504908,0.009088690
1609060508.179089069,2.094754753,-5.571406295,0.730883956,2.095029141,-5.564894733,0.739120012,0.010502778
1609060508.230317116,2.093061010,-5.577189824,0.721314339,2.092889920,-5.570005486,0.731214191,0.012233195
1609060508.283871174,2.090127445,-5.582533688,0.712372494,2.090782768,-5.574866196,0.722832211,0.012985590
1609060508.331052065,2.087943820,-5.585878238,0.703801621,2.089028555,-5.579449623,0.714471511,0.012504011
1609060508.379541159,2.083975102,-5.589212224,0.694997381,2.084868127,-5.587774672,0.699176808,0.004509064
1609060508.430205107,2.084200380,-5.592991729,0.685253342,2.083191712,-5.591582701,0.691210792,0.006204351
1609060508.482200146,2.079896909,-5.598101237,0.674264603,2.081053181,-5.595160971,0.683637531,0.009891103
1609060508.530605078,2.079373854,-5.601658990,0.663796331,2.079040936,-5.598745720,0.674359027,0.010962140
1609060508.584336042,2.073679600,-5.603802449,0.649424909,2.076390585,-5.603722020,0.655022258,0.006219825
1609060508.630553007,2.074226564,-5.606010574,0.637262789,2.075414083,-5.605966545,0.644746777,0.007577745
1609060508.680194139,2.071305485,-5.606586322,0.625406643,2.074868178,-5.607285105,0.633325085,0.008711074
1609060508.729096174,2.073153974,-5.607436605,0.611688705,2.074331996,-5.608700132,0.621574093,0.010035194
1609060508.780822039,2.071621596,-5.609567841,0.597161902,2.074268861,-5.609514704,0.610940735,0.014030933
1609060508.873443127,2.073561019,-5.610826388,0.569628581,2.075651890,-5.610539071,0.587602717,0.018097620
1609060508.941129208,2.078476797,-5.611763677,0.549065472,2.077570081,-5.611849200,0.561998202,0.012964758
1609060508.986562014,2.076461847,-5.612686960,0.536174913,2.078481596,-5.612329133,0.549100015,0.013086851
1609060509.031994104,2.074584969,-5.612089968,0.522474895,2.078947145,-5.612611181,0.536534692,0.014730178
1609060509.076798201,2.076861194,-5.612393973,0.509770243,2.081054369,-5.612893020,0.513152367,0.005410225
1609060509.122907162,2.077030007,-5.612600371,0.497679319,2.082524033,-5.613001176,0.502947282,0.007622100
1609060509.176576138,2.078109793,-5.612699474,0.484124959,2.083671370,-5.612734658,0.492208300,0.009811870
1609060509.223483086,2.080297474,-5.612752342,0.472250165,2.084468902,-5.612635787,0.481213679,0.009887314
1609060509.276262999,2.077517958,-5.611671510,0.458542351,2.085186029,-5.612933584,0.470555306,0.014307454
1609060509.324488163,2.079446465,-5.611531199,0.445532051,2.086388171,-5.613250793,0.448497319,0.007741906
1609060509.372967005,2.079357327,-5.610787237,0.432918445,2.086746301,-5.613467937,0.435990786,0.008439335
1609060509.424610138,2.080489108,-5.611375033,0.418200155,2.086316458,-5.613762499,0.423790171,0.008420587
1609060509.473656178,2.079605355,-5.613657185,0.404192653,2.085822491,-5.614524517,0.411039444,0.009288896
1609060509.524735212,2.080093904,-5.615064356,0.388751577,2.084409384,-5.615120250,0.398467103,0.010630990
1609060509.575262070,2.076663680,-5.616105860,0.372141279,2.082717235,-5.616834432,0.384891555,0.014133148
1609060509.623697042,2.076688896,-5.618283839,0.357096636,2.078969137,-5.619701222,0.357711249,0.002754310
1609060509.675162077,2.071987788,-5.619622588,0.339960341,2.076782586,-5.620972570,0.344272964,0.006588722
1609060509.723975182,2.072316062,-5.621074256,0.324660420,2.074739287,-5.621943460,0.331290241,0.007112107
1609060509.774631023,2.069492539,-5.622958801,0.310322110,2.072798286,-5.622852202,0.318681572,0.008989990
1609060509.830249071,2.068968796,-5.624932592,0.292927174,2.067091159,-5.625466086,0.293287299,0.001984900
1609060509.879842043,2.066173937,-5.626121559,0.275340276,2.064497159,-5.627194447,0.280076865,0.005137894
1609060509.929027081,2.066042201,-5.627720557,0.259978013,2.062442927,-5.627450991,0.267502748,0.008345603
1609060509.978571177,2.058773723,-5.631425595,0.242939858,2.059435242,-5.628648853,0.255802110,0.013175182
1609060510.031541109,2.055898471,-5.634714400,0.226471456,2.054746786,-5.630608844,0.243812767,0.017857856
1609060510.084635019,2.044665627,-5.634927275,0.212306096,2.045230007,-5.634931152,0.220813650,0.008526255
1609060510.131839991,2.037558119,-5.636234725,0.199778546,2.040934944,-5.636895434,0.209410775,0.010228359
1609060510.181102991,2.034549496,-5.638787147,0.185311258,2.036871578,-5.639278951,0.197042624,0.011969081
1609060510.229454041,2.027460206,-5.639813110,0.171403112,2.032917117,-5.640920399,0.184968453,0.014663644
1609060510.282863140,2.023714159,-5.641483124,0.154335187,2.029363045,-5.642651566,0.172578806,0.019133866
1609060510.329972982,2.019014276,-5.643919649,0.138708117,2.021167897,-5.646106310,0.147754915,0.009553225
1609060510.380298138,2.011987958,-5.647556061,0.121623344,2.017516178,-5.647085295,0.135121015,0.014593490
1609060510.428771019,2.009128577,-5.648612623,0.106333613,2.014008994,-5.648325625,0.123160827,0.017523012
1609060510.478412151,2.003811833,-5.650255534,0.091384573,2.010195343,-5.650253201,0.111573074,0.021173681
1609060510.531696081,1.999387959,-5.654245935,0.073946642,2.005969609,-5.652004616,0.100053423,0.027016766
1609060510.584844112,1.994360095,-5.658634676,0.055238749,1.997106833,-5.656401343,0.076851155,0.021900421
1609060510.630853176,1.991736882,-5.662218044,0.040043036,1.992032837,-5.659060010,0.065392139,0.025546777
1609060510.681565046,1.982469930,-5.662107088,0.033088129,1.988080387,-5.661771706,0.053146892,0.020831315
1609060510.728801012,1.979968810,-5.665178770,0.019584333,1.984336306,-5.664557948,0.041945150,0.022791810
1609060510.782432079,1.976266691,-5.668823489,0.006358542,1.981874480,-5.667152143,0.032409660,0.026700215
1609060510.829675198,1.984427991,-5.662922162,0.010494583,1.988051513,-5.662985488,0.033439670,0.023229527
1609060510.881379128,1.983733535,-5.662490483,0.010089580,1.989558554,-5.662504261,0.028374574,0.019190416
1609060510.930631161,1.987827120,-5.661300714,0.005286936,1.992795235,-5.661190194,0.024978329,0.020308751
1609060510.983911991,1.994429255,-5.652324189,0.010488297,1.995167153,-5.656531266,0.026195738,0.016277829
1609060511.029888153,1.998456712,-5.650023237,0.010006412,1.996506724,-5.652999599,0.025823881,0.016212758
1609060511.082311153,1.993550185,-5.646391371,0.007351042,1.997334809,-5.645216069,0.024017111,0.017130748
1609060511.128465176,1.996450317,-5.644203418,0.007621531,1.994387077,-5.643668134,0.024149949,0.016665296
1609060511.178915977,1.996004150,-5.643956001,0.006570609,1.993796987,-5.642053609,0.024149340,0.017818598
1609060511.230607033,1.993178522,-5.643323840,0.006789670,1.994393331,-5.640481380,0.024072053,0.017556654
1609060511.283373117,1.994498238,-5.644142661,0.006378822,1.995036974,-5.640329502,0.024208418,0.018240748
1609060511.330246210,1.995596616,-5.642133507,0.006961780,1.994532430,-5.642142627,0.024073979,0.017145260
1609060511.382980108,1.997908144,-5.643806004,0.005749265,1.995380163,-5.643085298,0.024118753,0.018556620
1609060511.424667120,2.000744665,-5.644730050,0.005057321,1.996135075,-5.644282700,0.024306823,0.019798782
1609060511.474285126,1.999121488,-5.646858499,0.005700782,1.995889021,-5.645291175,0.024388039,0.019029422
1609060511.522655010,2.001935050,-5.647658508,0.004963051,1.996064824,-5.646020363,0.024607022,0.020567661
1609060511.576474190,2.000342785,-5.648233541,0.003426602,1.996853870,-5.646895609,0.024414930,0.021318361
1609060511.625574112,2.002192529,-5.648525896,0.002717921,1.996648570,-5.647257669,0.024338779,0.022356328
1609060511.672990084,2.000956072,-5.647421741,0.003149156,1.996332803,-5.646972234,0.024637620,0.021984785
1609060511.724516153,2.003110820,-5.647396350,0.002321964,1.996448760,-5.646883178,0.024638888,0.023295740
1609060511.774074078,2.002686561,-5.648020208,0.000581695,1.996756005,-5.646754286,0.024694503,0.024863660
1609060511.824729204,2.005305009,-5.648390865,-0.000091537,1.996695135,-5.647102481,0.024494105,0.026081481
1609060511.873460054,2.001836371,-5.647780821,-0.000154974,1.996638831,-5.647356409,0.024411421,0.025113787
1609060511.923904181,2.004272419,-5.648303694,-0.000902799,1.996852009,-5.647405194,0.024520381,0.026499206
1609060511.975442171,2.000911292,-5.645559139,0.000716443,1.996976911,-5.647631830,0.024485706,0.024181673
1609060512.022669077,2.002260080,-5.645781645,0.000733331,1.996893873,-5.647979673,0.024498660,0.024462592
1609060512.075103045,2.003313405,-5.645816554,-0.000144536,1.996965569,-5.648194747,0.024531368,0.025590058
1609060512.126736164,2.005375272,-5.645940045,-0.000261048,1.997159648,-5.648309710,0.024382292,0.026084594
1609060512.173801184,2.002444692,-5.645627371,-0.001058151,1.997159300,-5.648317929,0.024371981,0.026112566
1609060512.223273039,2.004423289,-5.645618171,-0.001359985,1.997090612,-5.648386167,0.024351159,0.026879227
1609060512.274697065,2.000377573,-5.646023660,0.000090493,1.997140660,-5.648485465,0.024555260,0.024800462
1609060512.323801994,1.999874566,-5.645409779,0.000453847,1.997202819,-5.648722068,0.024569451,0.024488198
1609060512.374632120,2.000153852,-5.645226412,0.000858047,1.997118797,-5.648791186,0.024562588,0.024162459
1609060512.423748016,1.998453237,-5.645067658,0.000882436,1.997266055,-5.648996546,0.024533488,0.024004537
1609060512.475403070,1.998093821,-5.645688169,0.001055673,1.997362071,-5.649115691,0.024475553,0.023680671
1609060512.522479057,1.999729678,-5.645436252,0.001201711,1.997313400,-5.649045040,0.024424010,0.023624922
1609060512.575136185,1.997977099,-5.645892724,0.002265992,1.996859013,-5.647956271,0.024563323,0.022420511
1609060512.624689102,1.998848541,-5.644715794,0.002963204,1.995671465,-5.644375918,0.024260348,0.021535498
1609060512.673336029,1.995569171,-5.642308962,0.003863010,1.994954831,-5.642458604,0.024012629,0.020159537
1609060512.723724127,1.996425167,-5.640525470,0.004435084,1.994292615,-5.640429225,0.023856694,0.019538577
1609060512.773655176,1.994373475,-5.638834084,0.003524878,1.993592640,-5.639008097,0.023713618,0.020204585
1609060512.826208115,1.995556127,-5.637865784,0.003987882,1.993180814,-5.637650445,0.023777772,0.019933094
1609060512.874486208,1.991688218,-5.635967168,0.004348426,1.992937112,-5.636928212,0.023807826,0.019523105
1609060512.923703194,1.993227401,-5.636263603,0.004847212,1.993122488,-5.637137427,0.023736133,0.018909413
1609060512.974423170,1.992728695,-5.639035144,0.005075576,1.993267576,-5.637788002,0.023896132,0.018869527
1609060513.023060083,1.994603854,-5.640136759,0.005776371,1.993707452,-5.638602929,0.023934877,0.018245205
1609060513.077083111,1.989841970,-5.640288653,0.007561580,1.994011881,-5.639532840,0.023766825,0.016750205
1609060513.125016212,1.991520548,-5.641423362,0.008104283,1.994523582,-5.640728043,0.023815022,0.016010278
1609060513.173258066,1.991497432,-5.640347320,0.007955561,1.994662410,-5.641182944,0.023852781,0.016230742
1609060513.225908041,1.994185089,-5.640950675,0.008220405,1.994850951,-5.641422861,0.023929267,0.015730057
1609060513.277425051,1.991129927,-5.641515532,0.007548349,1.994747128,-5.641276095,0.023839651,0.016689757
1609060513.376724005,1.990906219,-5.641763174,0.006592898,1.994324512,-5.640257712,0.023856600,0.017663142
1609060513.424143076,1.990834079,-5.641214351,0.007164326,1.994255890,-5.639853782,0.023874703,0.017111301
1609060513.474897146,1.992032319,-5.641060556,0.007218300,1.994074367,-5.639613213,0.023792155,0.016761785
1609060513.524019003,1.991116307,-5.639532245,0.007067695,1.993925727,-5.639370653,0.023679807,0.016848775
1609060513.574426174,1.991028988,-5.638636931,0.006537647,1.994041769,-5.639066676,0.023577537,0.017309518
1609060513.626206160,1.993097748,-5.638815723,0.006329088,1.993853444,-5.638898760,0.023789656,0.017477111
1609060513.674419165,1.993418177,-5.640157266,0.005777757,1.993749668,-5.638811920,0.023622284,0.017898239
1609060513.723834038,1.995960983,-5.639765701,0.005646006,1.993568985,-5.638445677,0.023701885,0.018261404
1609060513.774116993,1.995209353,-5.637192655,0.006716193,1.993357313,-5.637884475,0.023682645,0.017081252
1609060513.823392153,1.997571362,-5.635907085,0.006817640,1.993333066,-5.637091844,0.023778967,0.017522940
1609060513.879414082,1.993818162,-5.632637876,0.006763239,1.992379657,-5.635314080,0.023965912,0.017468925
1609060513.923260212,1.995921525,-5.631030168,0.006701446,1.992304750,-5.634453268,0.024009509,0.018010212
1609060513.974857092,1.992976920,-5.631888601,0.007212504,1.992098671,-5.633905100,0.024159026,0.017088658
1609060514.024241209,1.995127744,-5.630855349,0.007449682,1.991760906,-5.633522798,0.023840866,0.016944668
1609060514.073918104,1.992785318,-5.629456119,0.006393340,1.991636191,-5.633097941,0.023750306,0.017772102
1609060514.127549171,1.995087266,-5.628880822,0.006295229,1.991584269,-5.632920093,0.023841015,0.018342336
1609060514.172559023,1.993776599,-5.628598699,0.007514054,1.991679525,-5.633268241,0.023868968,0.017137257
1609060514.223515034,1.996325772,-5.628830953,0.007621821,1.991707083,-5.633700620,0.024045464,0.017742097
