timestamp,estimate_x,estimate_y,estimate_z,truth_x,truth_y,truth_z,error_m
1609060363.469352007,0.047961794,-0.022160386,-0.030130017,0.000352647,-0.000128288,-0.000155817,0.060419341
1609060363.517702103,0.047793085,-0.021642890,-0.029960163,0.000266305,0.000024604,-0.000032764,0.060199039
1609060363.568032980,0.047949184,-0.022439476,-0.029143402,0.000273958,0.000023288,-0.000043316,0.060202309
1609060363.616620064,0.047761373,-0.021866630,-0.028810801,0.000455122,0.000045726,-0.000206092,0.059466479
1609060363.669232130,0.048040667,-0.022526559,-0.029351651,0.000322824,-0.000048357,0.000006751,0.060367027
1609060363.717437983,0.047819226,-0.021884045,-0.029113390,0.000309158,-0.000056917,0.000007880,0.059847126
1609060363.769133091,0.047249333,-0.022123505,-0.029480340,0.000313077,-0.000056831,0.000003710,0.059659529
1609060363.816621065,0.046934973,-0.021659416,-0.029260125,0.000357567,-0.000119010,-0.000146163,0.059000564
1609060363.869219065,0.047145266,-0.022257785,-0.029571671,0.000265599,0.000019840,-0.000039722,0.059717098
1609060363.918718100,0.046916610,-0.021768156,-0.029380170,0.000450987,0.000034525,0.000000389,0.059140750
1609060363.968429089,0.046956144,-0.021115310,-0.029352724,0.000272345,0.000020770,-0.000045630,0.059034031
1609060364.018787146,0.046698339,-0.020292882,-0.029175335,0.000364012,-0.000124076,-0.000161475,0.058270530
1609060364.067788124,0.046117577,-0.020383859,-0.028673516,0.000268084,0.000022409,-0.000038284,0.057780345
1609060364.119420052,0.045756205,-0.019583936,-0.028340094,0.000327210,-0.000044406,0.000008343,0.057001936
1609060364.166568995,0.045502732,-0.020175530,-0.027814260,0.000259032,0.000018830,-0.000034140,0.056802637
1609060364.220535994,0.045119149,-0.019517618,-0.027306459,0.000351740,-0.000123126,-0.000146439,0.055838463
1609060364.269806147,0.046082698,-0.020625638,-0.027010750,0.000449516,0.000065556,-0.000167732,0.056842417
1609060364.317873001,0.045989608,-0.020275809,-0.026582635,0.000410911,0.000120631,-0.000035863,0.056552307
1609060364.369445086,0.046138714,-0.020437325,-0.026402965,0.000506974,-0.000022317,-0.000153461,0.056462949
1609060364.418934107,0.046070347,-0.020014939,-0.025865615,0.000302656,-0.000052806,-0.000198416,0.056142438
1609060364.470550060,0.046225826,-0.020226194,-0.025250307,0.000306290,-0.000059472,-0.000213235,0.056054932
1609060364.516581059,0.046384747,-0.020209263,-0.024823631,0.000320215,-0.000061600,-0.000232001,0.055969793
1609060364.568826199,0.046532644,-0.021360762,-0.025433786,0.000270386,0.000004300,-0.000070217,0.056920761
1609060364.618486166,0.046577824,-0.021080579,-0.025247318,0.000364372,-0.000146097,0.000022496,0.056678913
1609060364.666870117,0.047599159,-0.021126147,-0.024525323,0.000403415,0.000091364,-0.000075138,0.057231396
1609060364.718618155,0.047742789,-0.020448142,-0.024097168,0.000473405,0.000031166,-0.000029715,0.056859819
1609060364.766618013,0.047796543,-0.021981283,-0.025835605,0.000310503,-0.000046424,-0.000196683,0.058253038
1609060364.816910982,0.047803630,-0.021031166,-0.025771846,0.000388377,0.000111313,-0.000026214,0.057948669
1609060364.866990089,0.047478357,-0.022165268,-0.026059297,0.000290333,-0.000033732,-0.000153898,0.058203129
1609060364.917939186,0.047317909,-0.022091320,-0.025898372,0.000317779,-0.000033161,0.000036970,0.058036338
1609060364.968490124,0.046893620,-0.021862642,-0.026305391,0.000252330,0.000033302,-0.000003276,0.057850181
1609060365.018791199,0.046650845,-0.021502386,-0.026117436,0.000348575,-0.000112449,-0.000125624,0.057245121
1609060365.069586039,0.046445781,-0.021499302,-0.026325822,0.000349153,-0.000110341,-0.000122836,0.057175023
1609060365.116973162,0.046202935,-0.021192755,-0.026127869,0.000294942,-0.000041077,-0.000170892,0.056821668
1609060365.167543173,0.046513210,-0.021948561,-0.026737475,0.000457233,-0.000050459,-0.000144457,0.057514072
1609060365.216737032,0.046486922,-0.021788900,-0.026569025,0.000484481,-0.000056316,-0.000183928,0.057312330
1609060365.269127131,0.047237633,-0.022280107,-0.027124797,0.000390576,0.000110343,-0.000250328,0.058465512
1609060365.317117214,0.047292449,-0.022021752,-0.026984223,0.000114216,-0.000083058,-0.000040323,0.058592369
1609060365.368606091,0.047984101,-0.023234805,-0.026978845,0.000065035,-0.000000712,-0.000072669,0.059665755
1609060365.419071198,0.048098645,-0.023046020,-0.026765422,0.000064369,-0.000013130,-0.000092099,0.059575766
1609060365.467614174,0.047686311,-0.023746431,-0.027380548,0.000111060,-0.000089327,-0.000047031,0.059751019
1609060365.520151138,0.047876410,-0.023530097,-0.027091680,0.000099009,-0.000060148,0.000013594,0.059734534
1609060365.568042040,0.048530973,-0.023202895,-0.027749437,0.000672148,0.000008775,-0.000064483,0.059964201
1609060365.618832111,0.048894590,-0.022938138,-0.027484906,0.000682031,0.000012436,-0.000069406,0.060023240
1609060365.668703079,0.049482363,-0.023264422,-0.028243496,0.000390677,0.000124731,-0.000006958,0.061272736
1609060365.716791153,0.049384860,-0.022634402,-0.028167886,0.000166939,0.000084516,-0.000046349,0.061068599
1609060365.768277168,0.049888953,-0.021920678,-0.027329284,0.000053714,-0.000000496,-0.000059871,0.060890609
1609060365.817838192,0.050178798,-0.021112610,-0.026743985,0.000162657,-0.000157149,0.000006238,0.060467513
1609060365.869102001,0.049003046,-0.022558256,-0.028330140,-0.000130988,-0.000041771,-0.000143903,0.060955799
1609060365.915625095,0.048806499,-0.021442190,-0.028141316,0.000119453,-0.000087053,-0.000052568,0.060128596
1609060365.967102051,0.048264443,-0.021131143,-0.028611390,0.000205407,-0.000232716,-0.000163459,0.059629690
1609060366.017361164,0.047729186,-0.019672685,-0.028526554,0.000354080,-0.000118558,-0.000141596,0.058587288
1609060366.071130037,0.048206656,-0.021175951,-0.028601772,0.000544710,-0.000089497,-0.000083907,0.059410170
1609060366.166268110,0.047991849,-0.021081011,-0.028825895,0.000384117,-0.000176545,-0.000048651,0.059427457
1609060366.217751026,0.047701630,-0.021627977,-0.028482329,0.000087884,-0.000368910,-0.000035229,0.059399110
1609060366.266285181,0.046583701,-0.021409908,-0.029243725,0.000092678,-0.000059805,0.000021112,0.058937871
1609060366.319833040,0.046048826,-0.022413864,-0.028847570,-0.000047252,0.000040180,0.000117196,0.058889644
1609060366.368166208,0.047190372,-0.022123901,-0.028937246,-0.000108373,-0.000091024,-0.000028616,0.059651721
1609060366.417719126,0.047047190,-0.022158733,-0.028424884,0.000242615,-0.000287834,0.000146380,0.059036611
1609060366.467580080,0.046391126,-0.023848816,-0.028100264,-0.000034002,-0.000166907,-0.000013477,0.059202981
1609060366.517288208,0.046822065,-0.023160119,-0.027303339,0.000236429,-0.000296243,-0.000080591,0.058600822
1609060366.569877148,0.047361076,-0.023419424,-0.028391916,0.000393389,0.000124568,-0.000010204,0.059714360
1609060366.617144108,0.046469639,-0.022634106,-0.027791645,0.000385275,-0.000309961,0.000173706,0.058345496
1609060366.668351173,0.049210978,-0.022961997,-0.027780083,0.000403792,0.000110579,0.000175767,0.060794858
1609060366.715952158,0.050944435,-0.022385249,-0.027084859,-0.000613854,-0.000060705,0.000356339,0.062527288
1609060366.768293142,0.051605403,-0.022654012,-0.027370992,-0.000306125,-0.000446384,0.000052128,0.062769523
1609060366.818122149,0.050681561,-0.022268233,-0.027646174,0.001024256,0.000137844,-0.000021976,0.061081720
1609060366.867343187,0.051484952,-0.023244449,-0.026518251,0.000418142,0.000152065,0.000227344,0.062213686
1609060366.917598009,0.048942675,-0.022257099,-0.026651430,-0.000325635,-0.000062576,0.000476609,0.060463987
1609060366.967342138,0.047346979,-0.022741756,-0.026933839,0.001656293,-0.000071272,0.000044147,0.057700965
1609060367.018635988,0.046031133,-0.022312494,-0.027243325,0.000802165,0.000341478,0.000332733,0.057613375
1609060367.066863060,0.046624410,-0.022378786,-0.027219701,-0.000590914,0.000086231,0.001009948,0.059421182
1609060367.120592117,0.046083505,-0.022421090,-0.027625460,0.000176782,-0.000147327,0.000446900,0.058237489
1609060367.168382168,0.046049810,-0.022267995,-0.027644820,0.000698040,0.000075106,0.000454988,0.057841131
1609060367.220067024,0.045406174,-0.021444176,-0.027666668,-0.000617461,0.000036455,0.000738189,0.058193027
1609060367.268805027,0.045756715,-0.021747326,-0.027540854,-0.000389047,-0.000109275,0.000690649,0.058263663
1609060367.316627979,0.045271530,-0.021372608,-0.026996411,0.000459081,-0.000069937,0.000482253,0.056718924
1609060367.374567032,0.043763286,-0.021617492,-0.027368553,-0.000013172,-0.000190865,0.000585093,0.056186163
1609060367.419722080,0.043382198,-0.021215511,-0.026750250,0.000071738,-0.000023967,0.000762706,0.055514325
1609060367.468986034,0.043254016,-0.021822322,-0.026767979,0.000775383,0.000165729,0.000517080,0.055067078
1609060367.518623114,0.043253077,-0.021067113,-0.025752867,0.001005300,0.000191045,0.000525492,0.054104862
1609060367.566896200,0.044548213,-0.022006537,-0.025563306,0.000889959,-0.000018374,0.000532424,0.055412179
1609060367.616783142,0.044562491,-0.021736062,-0.024966177,0.001010969,0.000152422,0.000676674,0.055076280
1609060367.668950081,0.044629891,-0.021027853,-0.025889232,0.000730315,-0.000085094,0.000379515,0.055279462
1609060367.718545198,0.043981262,-0.020765269,-0.025529386,0.000397581,-0.000209806,0.000542911,0.054788949
1609060367.765889168,0.045856446,-0.022178574,-0.027359366,0.000105201,-0.000078862,0.000416649,0.057905792
1609060367.817234993,0.046124869,-0.022035323,-0.027027267,0.000242984,0.000010138,0.000409641,0.057826756
1609060367.868952990,0.044531248,-0.021927585,-0.027492474,0.000339713,-0.000142813,0.000495190,0.056663722
1609060367.922713995,0.045028259,-0.021308513,-0.027178843,-0.000142040,-0.000038417,0.000754198,0.057210380
1609060367.968739033,0.040528942,-0.019982265,-0.025491764,-0.001113061,-0.000305982,0.001167478,0.053215860
1609060368.018198013,0.038032133,-0.019189050,-0.024657076,-0.002591340,-0.000469840,0.001426557,0.051778676
1609060368.068567038,0.030759136,-0.019382627,-0.026238483,-0.004485227,-0.001351842,0.001637312,0.048418326
1609060368.117814064,0.026322256,-0.018687048,-0.025937951,-0.007008597,-0.002171046,0.001762192,0.046379112
1609060368.170260191,0.019844842,-0.019829432,-0.027095233,-0.008981754,-0.002686339,0.001555349,0.044110249
1609060368.217667103,0.015542863,-0.019311361,-0.026552432,-0.011817858,-0.003851114,0.001463996,0.042101646
1609060368.267811060,0.012270138,-0.018836898,-0.026985212,-0.012638625,-0.003852636,0.001484095,0.040687542
1609060368.318669081,0.008695041,-0.017517343,-0.026351168,-0.012800729,-0.003916812,0.001998616,0.038088749
1609060368.367310047,0.006690560,-0.017574723,-0.028198530,-0.012701319,-0.003757035,0.002368789,0.038747057
1609060368.424607038,0.004685307,-0.015909239,-0.027732690,-0.012259085,-0.003807545,0.002900941,0.037040285
1609060368.476238012,0.007213071,-0.012024683,-0.027396996,-0.010112976,-0.002952009,0.004130070,0.037100690
1609060368.523241997,0.007182132,-0.009844181,-0.026272805,-0.009622581,-0.003024745,0.005233767,0.036353366
1609060368.573940992,0.008422483,-0.008489452,-0.024520461,-0.008666150,-0.002535391,0.006737470,0.036118284
1609060368.625032187,0.009188694,-0.005953331,-0.021346897,-0.008485328,-0.001808579,0.009260493,0.035585986
1609060368.676413059,0.006795311,-0.007779988,-0.016206641,-0.008426871,-0.000540116,0.013900029,0.034504234
1609060368.725769997,0.007666601,-0.005412752,-0.006756395,-0.006980668,0.001387151,0.020947916,0.032067273
1609060368.777173996,0.009968922,-0.003049521,0.004310565,-0.003863052,0.003164326,0.043774036,0.042276483
1609060368.824648142,0.011342863,0.000078231,0.022581328,-0.003041256,0.004224189,0.062690524,0.042811674
1609060368.875344992,0.015005683,-0.000509976,0.046942827,-0.001104869,0.005573438,0.083074624,0.040025799
1609060368.923364162,0.017076019,0.001732478,0.075557256,0.001111218,0.008267013,0.110012053,0.038531909
1609060368.974891186,0.015537654,0.009205611,0.108086881,0.001616823,0.009225935,0.139364636,0.034235770
1609060369.023996115,0.017140261,0.011781803,0.148073060,0.006026772,0.014035969,0.208056706,0.061046119
1609060369.076563120,0.018532133,0.014943536,0.203099593,0.005645943,0.016277352,0.250225514,0.048874180
1609060369.122320175,0.018757954,0.018718812,0.252111142,0.006525430,0.018601496,0.295004927,0.044604093
1609060369.175933123,0.015089276,0.024913546,0.316569062,0.005475035,0.021591195,0.345836221,0.030984484
1609060369.225181103,0.012954435,0.029593067,0.379806239,0.004460880,0.025012164,0.400167667,0.022532485
1609060369.277878046,0.013846166,0.028342126,0.453684190,0.003670517,0.031544681,0.514357305,0.061603791
1609060369.325048208,0.011890234,0.032604495,0.522745335,0.002224844,0.035987753,0.576799261,0.055015390
1609060369.375655174,0.014175522,0.035225702,0.597680649,0.000986345,0.039151329,0.639772380,0.044284069
1609060369.423925161,0.011816885,0.038910230,0.673948694,-0.001116003,0.042314623,0.705078997,0.033881340
1609060369.476325035,0.006455900,0.041480313,0.757551064,-0.004156337,0.045257470,0.774513121,0.020361676
1609060369.526211023,0.002863550,0.044028129,0.840327488,-0.010900538,0.050291649,0.909076917,0.070392939
1609060369.576457024,-0.002272501,0.048697890,0.926917870,-0.016939148,0.051896956,0.979990540,0.055154808
1609060369.624904156,-0.007212393,0.051392988,1.006433696,-0.022175154,0.051526789,1.047043231,0.043278591
1609060369.676457167,-0.010604071,0.049290746,1.088152186,-0.027673429,0.050771761,1.113042541,0.030217316
1609060369.724966049,-0.015478044,0.048289116,1.164002205,-0.032117921,0.050163012,1.177115361,0.021268564
1609060369.776529074,-0.021564090,0.044086247,1.245246817,-0.035790958,0.046619757,1.239326189,0.015616538
1609060369.824362040,-0.026913913,0.040899222,1.315675882,-0.048315656,0.041410133,1.362549445,0.051530831
1609060369.874984980,-0.035977331,0.036818629,1.382523877,-0.053330903,0.036474501,1.420254690,0.041531665
1609060369.922994137,-0.041854598,0.030283603,1.447674616,-0.058678361,0.032198394,1.477099828,0.033949206
1609060369.973376989,-0.048061245,0.022679834,1.520519497,-0.065083831,0.023966201,1.532618070,0.020923639
1609060370.024846077,-0.054932526,0.012026165,1.586908272,-0.072377628,0.016004412,1.588192475,0.017938986
1609060370.077591181,-0.062207542,0.001127057,1.648953459,-0.083431370,-0.004630554,1.692531060,0.048811969
1609060370.131295204,-0.069756231,-0.012421932,1.715867175,-0.089787416,-0.014949260,1.745325643,0.035713262
1609060370.176069021,-0.075956397,-0.024996468,1.774299250,-0.096869567,-0.026482980,1.797683407,0.031406834
1609060370.225593090,-0.083499736,-0.039830791,1.835765251,-0.103631683,-0.038952007,1.850505250,0.024966680
1609060370.274984121,-0.087576093,-0.058157109,1.900923941,-0.110097413,-0.052760272,1.902116488,0.023189607
1609060370.332502127,-0.096096010,-0.076810768,1.973641455,-0.125957451,-0.082164741,2.012235544,0.049090471
1609060370.379465103,-0.105677254,-0.089989422,2.030665068,-0.132146366,-0.097639112,2.064290997,0.043472230
1609060370.424487114,-0.113209948,-0.105861607,2.087080827,-0.138970158,-0.113620467,2.114148903,0.038163714
1609060370.475898027,-0.125994356,-0.120931646,2.148848974,-0.146695647,-0.130204811,2.165147451,0.027931620
1609060370.524448156,-0.135134453,-0.138480816,2.210341221,-0.153378897,-0.146180621,2.218056271,0.021252499
1609060370.576019049,-0.144016050,-0.156575503,2.275994213,-0.160283271,-0.161757085,2.271150443,0.017746363
1609060370.625375986,-0.153453651,-0.173610913,2.339214036,-0.176451613,-0.193992806,2.375328685,0.047419360
1609060370.675712109,-0.162753020,-0.191272041,2.404753589,-0.184377598,-0.209235434,2.429577604,0.037503835
1609060370.723781109,-0.171836600,-0.207024391,2.465243924,-0.191083444,-0.223693645,2.478888960,0.028887575
1609060370.775207043,-0.182253871,-0.225522563,2.528843223,-0.200568808,-0.238917265,2.530510875,0.022751616
1609060370.824608088,-0.192007180,-0.240713233,2.586238081,-0.210445223,-0.252993012,2.579952839,0.023027345
1609060370.877348185,-0.204316558,-0.261121198,2.642139456,-0.223900228,-0.280567611,2.665764053,0.036329117
1609060370.923455000,-0.213672825,-0.275629646,2.688554419,-0.232597663,-0.294021379,2.705369191,0.031291243
1609060370.976181030,-0.221408677,-0.291656153,2.737176109,-0.240827341,-0.306444307,2.742874947,0.025064931
1609060371.024459124,-0.229569679,-0.306362628,2.779871383,-0.248395824,-0.318086171,2.778800117,0.022203892
1609060371.076410055,-0.236688198,-0.320600628,2.821089923,-0.255354368,-0.329789166,2.812602268,0.022469879
1609060371.125555992,-0.243518586,-0.334412816,2.859811071,-0.262940383,-0.341479720,2.843007667,0.026636473
1609060371.175806999,-0.248562576,-0.348692913,2.895960487,-0.276828065,-0.363164403,2.904519843,0.032888059
1609060371.226459980,-0.253892307,-0.361699115,2.931614081,-0.282855212,-0.373743247,2.931824766,0.031368063
1609060371.275564194,-0.260137067,-0.376877583,2.962638976,-0.290110462,-0.384411233,2.959635318,0.031051284
1609060371.322875023,-0.264589102,-0.388650451,2.993509040,-0.295871900,-0.394180165,2.985678750,0.032718567
1609060371.381882191,-0.270355112,-0.403176551,3.025956993,-0.306265603,-0.414011999,3.035787875,0.038776494
1609060371.425695181,-0.273704539,-0.414385125,3.052239312,-0.312094368,-0.424202563,3.060710134,0.040520562
1609060371.476238012,-0.282053858,-0.425264053,3.082825537,-0.316266270,-0.433729930,3.084963488,0.035309079
1609060371.523342133,-0.286389902,-0.436237368,3.110621186,-0.320262403,-0.442943325,3.108590964,0.034589564
1609060371.576235056,-0.292497415,-0.449414208,3.145766872,-0.324850774,-0.453096609,3.133294628,0.034869138
1609060371.625576019,-0.297764895,-0.460881123,3.175831481,-0.329130857,-0.462328652,3.157601878,0.036307538
1609060371.677156210,-0.308071124,-0.472691643,3.204535505,-0.336091099,-0.481092748,3.210284976,0.029811977
1609060371.723249197,-0.313746823,-0.483135413,3.232724518,-0.338919177,-0.490106751,3.231828442,0.026135224
1609060371.773763180,-0.322459294,-0.493632653,3.259819404,-0.341977641,-0.499358827,3.255331405,0.020830196
1609060371.824518204,-0.328867519,-0.505423210,3.287604665,-0.344228459,-0.507845517,3.276648967,0.019022444
1609060371.877555132,-0.333314498,-0.516609618,3.316475364,-0.346992589,-0.517474066,3.298539234,0.022573041
1609060371.924982071,-0.338880400,-0.527769415,3.343294053,-0.352742980,-0.534766093,3.344503812,0.015575241
1609060371.975533009,-0.339754571,-0.539758857,3.370469842,-0.355778269,-0.542945984,3.369988573,0.016344672
1609060372.022653103,-0.343384172,-0.549781958,3.402512534,-0.358431258,-0.550976755,3.397110261,0.016032058
1609060372.076374054,-0.348703732,-0.561451177,3.440552761,-0.360854492,-0.559106565,3.430592133,0.015885600
1609060372.125910997,-0.353032348,-0.571183723,3.481264231,-0.363383761,-0.566907763,3.463888234,0.020672708
1609060372.175580978,-0.354233194,-0.580833775,3.511990939,-0.369859639,-0.585870174,3.527273491,0.022430058
1609060372.223182201,-0.358296370,-0.591629258,3.544583195,-0.374836193,-0.595417886,3.557009098,0.021031465
1609060372.275930166,-0.362899442,-0.603041040,3.575969117,-0.380866921,-0.604897358,3.582063065,0.019063379
1609060372.325079203,-0.368462867,-0.614250801,3.603761033,-0.388001282,-0.615304958,3.606595967,0.019771135
1609060372.376758099,-0.377321828,-0.627928324,3.633021973,-0.394522127,-0.625191931,3.628419746,0.018014401
1609060372.429697990,-0.382754212,-0.639993431,3.652503161,-0.406105729,-0.643790196,3.659128772,0.024568425
1609060372.476099014,-0.393872991,-0.650428987,3.673581940,-0.413418562,-0.653739830,3.670040610,0.020137826
1609060372.524174213,-0.402890328,-0.662037345,3.684617097,-0.421934081,-0.663588713,3.679157219,0.019871627
1609060372.576766014,-0.416248317,-0.674737688,3.690685452,-0.432160168,-0.674308577,3.687114134,0.016313352
1609060372.625241041,-0.430302169,-0.687767369,3.696039038,-0.444138523,-0.685748881,3.692944703,0.014321099
1609060372.677778006,-0.449582763,-0.700909084,3.694891601,-0.472182362,-0.709984860,3.700863736,0.025075445
1609060372.722868204,-0.465862022,-0.713948519,3.695669033,-0.487270871,-0.721973900,3.702916409,0.023984787
1609060372.775847197,-0.487887844,-0.731077791,3.692620015,-0.505848083,-0.735761744,3.704256272,0.021906894
1609060372.825339079,-0.511270904,-0.747016243,3.690813876,-0.526069984,-0.750295347,3.704633878,0.020512381
1609060372.877873182,-0.537713850,-0.764791881,3.691394349,-0.547754742,-0.764950797,3.704518656,0.016525501
1609060372.926480055,-0.564409072,-0.782434855,3.689622864,-0.593420072,-0.795760926,3.703677042,0.034881831
1609060372.973802090,-0.590793790,-0.799699468,3.692074559,-0.620897279,-0.813488992,3.702993153,0.034865265
1609060373.024542093,-0.622213791,-0.819831263,3.689969907,-0.646525992,-0.828963408,3.701829861,0.028550616
1609060373.076001167,-0.657707874,-0.839691945,3.689246977,-0.675289520,-0.846026815,3.700759306,0.021949455
1609060373.124036074,-0.692077502,-0.860067574,3.687205878,-0.709971378,-0.867345766,3.699576746,0.022939077
1609060373.180086136,-0.736982259,-0.887209321,3.683717505,-0.776686276,-0.905831842,3.697216106,0.045884851
1609060373.223744154,-0.771991184,-0.907757013,3.682348109,-0.809920388,-0.924243835,3.696345570,0.043661983
1609060373.277434111,-0.814458876,-0.931976951,3.687539675,-0.848077978,-0.945595600,3.695309579,0.037095594
1609060373.323575020,-0.854718291,-0.954664636,3.686929513,-0.886660876,-0.966654444,3.694019147,0.034847484
1609060373.374325037,-0.899229748,-0.979300124,3.692193778,-0.927886646,-0.989412251,3.693097253,0.030402125
1609060373.424693108,-0.944811730,-1.005591160,3.692703348,-0.968898001,-1.011800549,3.691689048,0.024894453
1609060373.477025032,-1.001215489,-1.036691106,3.695233544,-1.051879550,-1.056883816,3.688286607,0.054980474
1609060373.523668051,-1.048290922,-1.062383159,3.696059620,-1.094512317,-1.079666570,3.687373345,0.050105738
1609060373.575177193,-1.103117081,-1.090895137,3.694726612,-1.137913341,-1.101731043,3.686523392,0.037356250
1609060373.624744177,-1.155988485,-1.119542161,3.696453271,-1.181115114,-1.125059384,3.685982054,0.027774694
1609060373.678225040,-1.215645982,-1.150346674,3.695947200,-1.226890779,-1.149619172,3.685943546,0.015068105
1609060373.725805044,-1.265355972,-1.177738907,3.696853561,-1.313001936,-1.195014514,3.686210798,0.051786609
1609060373.776236057,-1.316228419,-1.205741491,3.695780809,-1.355729032,-1.218154311,3.685770352,0.042597955
1609060373.823961020,-1.365020553,-1.233074589,3.696688455,-1.399104199,-1.240364988,3.687241233,0.036112253
1609060373.877856016,-1.420302991,-1.261226592,3.694865341,-1.442353008,-1.262900504,3.687784823,0.023219366
1609060373.925863981,-1.468544731,-1.287563378,3.694311214,-1.484444625,-1.285211253,3.687999352,0.017267852
1609060373.976363182,-1.518614658,-1.314684910,3.692185468,-1.567414308,-1.328708289,3.687688001,0.050973407
1609060374.024655104,-1.565292043,-1.339851456,3.691376269,-1.607214129,-1.348391728,3.687128827,0.042993467
1609060374.074808121,-1.612517218,-1.362747899,3.690156213,-1.649023558,-1.369894380,3.686998311,0.037333060
1609060374.125483036,-1.658069707,-1.387862808,3.689019295,-1.685574068,-1.388050797,3.686381721,0.027631179
1609060374.175988197,-1.703148202,-1.407735284,3.688757784,-1.723239004,-1.407546138,3.686835862,0.020183406
1609060374.224302053,-1.744108040,-1.429135372,3.688547794,-1.797917876,-1.444865798,3.687996877,0.056064679
1609060374.275952101,-1.788030924,-1.449324489,3.691655999,-1.835056586,-1.463849366,3.689566788,0.049262052
1609060374.324405193,-1.826979675,-1.468616034,3.692723453,-1.868965925,-1.481263362,3.690706180,0.043896122
1609060374.377850056,-1.869194667,-1.488568493,3.696023809,-1.903570178,-1.499197235,3.691736314,0.036235736
1609060374.432549000,-1.910086063,-1.508407978,3.698063398,-1.968480002,-1.532020744,3.694499846,0.063088143
1609060374.480001211,-1.949410009,-1.527316502,3.705494760,-1.997598120,-1.546545850,3.695615118,0.052815425
1609060374.523640156,-1.981153640,-1.542280992,3.708559258,-2.026025194,-1.561168729,3.696887070,0.050064388
1609060374.575245142,-2.020081105,-1.562907065,3.703342999,-2.057039284,-1.576932262,3.697876191,0.039906129
1609060374.626283169,-2.054930692,-1.581243353,3.705137685,-2.083748279,-1.590910205,3.698962254,0.031016726
1609060374.675654173,-2.091771989,-1.600673648,3.701937161,-2.110778832,-1.604898674,3.700056864,0.019561351
1609060374.723823071,-2.127084141,-1.619500448,3.703269025,-2.167963863,-1.634482676,3.703121748,0.043538954
1609060374.773189068,-2.162626961,-1.637105983,3.708015256,-2.196033545,-1.648792723,3.705156372,0.035507083
1609060374.824628115,-2.196721006,-1.656827636,3.710829533,-2.222148694,-1.662712311,3.706574629,0.026444299
1609060374.877428055,-2.230449401,-1.674735642,3.710913950,-2.248622865,-1.676677161,3.708262757,0.018468165
1609060374.925567150,-2.261672516,-1.691722788,3.712616338,-2.274520340,-1.689974631,3.709869223,0.013254028
1609060374.975277185,-2.297520154,-1.708800358,3.716020439,-2.328953165,-1.719049486,3.712064275,0.033297597
1609060375.024696112,-2.330918371,-1.726989364,3.717117739,-2.355256542,-1.733483718,3.712563843,0.025598070
1609060375.075798035,-2.362330004,-1.744469233,3.717969864,-2.380948414,-1.747895274,3.713015132,0.019568656
1609060375.126281977,-2.392428958,-1.762717128,3.718241741,-2.406225117,-1.761805666,3.712766709,0.014870801
1609060375.176793098,-2.422246947,-1.779076037,3.718582111,-2.430835217,-1.775682049,3.712397488,0.011114275
1609060375.225218058,-2.451436043,-1.795542366,3.718810350,-2.482020377,-1.803589936,3.712223930,0.032303959
1609060375.275624990,-2.484474058,-1.813084343,3.718355957,-2.508467546,-1.817974345,3.711809752,0.025346644
1609060375.323940992,-2.515442944,-1.829493808,3.718291788,-2.535161045,-1.832814682,3.711240269,0.021202727
1609060375.377138138,-2.551367846,-1.847866895,3.718615293,-2.562666614,-1.848045568,3.710737090,0.013775346
1609060375.425173998,-2.582220973,-1.864375428,3.718581113,-2.589021184,-1.862751002,3.710833725,0.010435691
1609060375.476772070,-2.616990933,-1.879903548,3.721440295,-2.644489253,-1.893887234,3.710146747,0.032851869
1609060375.524785042,-2.647577122,-1.896048779,3.722073653,-2.668875146,-1.907398328,3.710139740,0.026922785
1609060375.575093031,-2.679832513,-1.912891318,3.722038052,-2.695181908,-1.921734615,3.709786963,0.021538268
1609060375.626551151,-2.712423302,-1.930165428,3.722248388,-2.721371946,-1.936574402,3.709420999,0.016902517
1609060375.677131176,-2.746117406,-1.949526550,3.723832874,-2.748409146,-1.951941765,3.708925636,0.015274524
1609060375.728677988,-2.778968549,-1.966862926,3.723975173,-2.799819626,-1.979743185,3.707335200,0.029623592
1609060375.773073196,-2.805844575,-1.981745514,3.720969242,-2.826089864,-1.994085182,3.706154032,0.027957639
1609060375.823648214,-2.836644357,-1.998654760,3.720094202,-2.850103619,-2.006685726,3.705280717,0.021565887
1609060375.876316071,-2.867118019,-2.018335102,3.716568374,-2.877909843,-2.022328085,3.704206825,0.016888317
1609060375.925800085,-2.896172788,-2.035587868,3.714360700,-2.904726782,-2.037382587,3.702733379,0.014546011
1609060375.977324009,-2.926570148,-2.052926630,3.709878963,-2.955760727,-2.064794138,3.699322032,0.033232160
1609060376.024099112,-2.953612702,-2.068357771,3.707230346,-2.980660314,-2.077920130,3.697273739,0.030366857
1609060376.076449156,-2.983033399,-2.086120185,3.704373209,-3.006103080,-2.091799089,3.694722973,0.025643463
1609060376.129225016,-3.012276027,-2.102851648,3.701612053,-3.030186680,-2.105079179,3.691977757,0.020459057
1609060376.176424026,-3.039183304,-2.117012549,3.700176357,-3.054685928,-2.118329044,3.688399529,0.019513026
1609060376.224507093,-3.066131950,-2.132442300,3.695689146,-3.103212274,-2.145148339,3.680569513,0.042011870
1609060376.275020123,-3.097647093,-2.147551398,3.695047204,-3.127546632,-2.158452461,3.676513946,0.036827941
1609060376.324153185,-3.124199854,-2.162801183,3.689722910,-3.149416054,-2.170676780,3.671895928,0.031869784
1609060376.376890182,-3.154310857,-2.179999232,3.683731720,-3.172692456,-2.183860340,3.666715960,0.025344179
1609060376.425126076,-3.180297587,-2.194140684,3.678355167,-3.193773460,-2.195910726,3.662583117,0.020820418
1609060376.479104042,-3.209121911,-2.211247927,3.671206482,-3.216467049,-2.208941268,3.657648730,0.015591163
1609060376.524039984,-3.232282945,-2.223948995,3.665991662,-3.258545551,-2.232089381,3.648034271,0.032839888
1609060376.576709032,-3.259523256,-2.239396143,3.660800797,-3.278799675,-2.244184290,3.642903744,0.026735953
1609060376.624075174,-3.282255173,-2.253393497,3.655494681,-3.298004064,-2.255987085,3.638533976,0.023289907
1609060376.677000999,-3.306607749,-2.266969654,3.652484786,-3.316517064,-2.267522119,3.633843567,0.021118589
1609060376.726062059,-3.327895767,-2.280321633,3.648095073,-3.352388587,-2.288325418,3.626146245,0.033848336
1609060376.776576996,-3.351550535,-2.293023442,3.643663856,-3.370317540,-2.299898488,3.621333897,0.029968213
1609060376.825327158,-3.371474244,-2.305774691,3.639213062,-3.386066999,-2.310452681,3.617051302,0.026943936
1609060376.875717163,-3.391807186,-2.319195175,3.632951400,-3.401729827,-2.320645697,3.612256467,0.022996588
1609060376.923955202,-3.409870538,-2.330748173,3.626768427,-3.417441578,-2.330508790,3.606843174,0.021316511
1609060376.978782177,-3.430197456,-2.343025261,3.617843888,-3.432538953,-2.340990975,3.600895367,0.017230011
1609060377.024703026,-3.445609150,-2.353482278,3.611302322,-3.458459683,-2.358509477,3.589866174,0.025493477
1609060377.076284170,-3.461747432,-2.363935626,3.605909063,-3.472314873,-2.368717367,3.583267167,0.025439956
1609060377.125343084,-3.475879189,-2.374214399,3.599379599,-3.484576842,-2.378104360,3.576954321,0.024365427
1609060377.175764084,-3.489450474,-2.384857721,3.591411510,-3.495520744,-2.386644702,3.570616448,0.021736515
1609060377.224970102,-3.501262587,-2.394665988,3.583990028,-3.506474491,-2.395227126,3.564232376,0.020441224
1609060377.276504040,-3.512434694,-2.404325987,3.572217125,-3.526659296,-2.411309117,3.550972061,0.026503888
1609060377.323620081,-3.522253793,-2.413257329,3.565136721,-3.535962196,-2.419298588,3.543831965,0.026044380
1609060377.372981071,-3.532813280,-2.422591610,3.558256820,-3.544358330,-2.426236397,3.536641204,0.024775139
1609060377.424736977,-3.541342038,-2.431619317,3.549687830,-3.552618105,-2.433840036,3.529068177,0.023606172
1609060377.477060080,-3.551654314,-2.440204986,3.538762826,-3.561006192,-2.441770593,3.520841907,0.020274814
1609060377.525356054,-3.559771653,-2.449208280,3.529030237,-3.575741190,-2.456745999,3.503795010,0.030800325
1609060377.573468208,-3.567558013,-2.458879604,3.521056446,-3.583006782,-2.464307190,3.494719475,0.031012242
1609060377.624278069,-3.574564014,-2.468504469,3.510644329,-3.589691702,-2.472017367,3.485496389,0.029556831
1609060377.676570177,-3.582013530,-2.477910776,3.497516623,-3.595347052,-2.479632415,3.475841473,0.025506058
1609060377.724879026,-3.587552765,-2.487522128,3.487238263,-3.601147778,-2.487659132,3.466743263,0.024594475
1609060377.775535107,-3.593520569,-2.497780931,3.477457936,-3.612022971,-2.503880428,3.448951098,0.034527997
1609060377.825145006,-3.598487581,-2.507426887,3.467545062,-3.616436032,-2.511374594,3.440199978,0.032946698
1609060377.875771999,-3.605957412,-2.520799932,3.456117823,-3.621723694,-2.520843700,3.431377603,0.029336940
1609060377.924765110,-3.610368528,-2.532507263,3.445907540,-3.625965874,-2.529677064,3.423360289,0.027562035
1609060377.975740194,-3.617212112,-2.544584816,3.436600171,-3.629583207,-2.539261014,3.414810762,0.025615722
1609060378.024561167,-3.621469234,-2.557885748,3.426276420,-3.635860906,-2.560492228,3.399032013,0.030922026
1609060378.075357199,-3.625887088,-2.572647626,3.413174736,-3.638464313,-2.572334033,3.390821827,0.025650292
1609060378.124582052,-3.629217464,-2.587682903,3.401602252,-3.640176363,-2.583481522,3.382709075,0.022241879
1609060378.174213171,-3.631336726,-2.602735351,3.386785752,-3.642342880,-2.596753939,3.373047560,0.018591681
1609060378.226052046,-3.633700707,-2.619832771,3.373735920,-3.644498447,-2.609967504,3.363759306,0.017704449
1609060378.276415110,-3.635986107,-2.636767506,3.362454578,-3.645400001,-2.639069770,3.345635012,0.019411842
1609060378.324060202,-3.636388246,-2.655139150,3.351144286,-3.645720149,-2.654334232,3.336803951,0.017128266
1609060378.373277187,-3.638414508,-2.673513841,3.342580325,-3.645522240,-2.671898504,3.327975135,0.016323013
1609060378.423891068,-3.637712709,-2.693996473,3.332490330,-3.644404456,-2.687688442,3.320635545,0.015003555
1609060378.477568150,-3.636218374,-2.715546229,3.323371048,-3.642555575,-2.706188321,3.312997820,0.015340613
1609060378.526171207,-3.633613597,-2.738047884,3.315119464,-3.638592069,-2.746037331,3.298765928,0.018869409
1609060378.574408054,-3.629808314,-2.758817104,3.306523800,-3.635136457,-2.766203155,3.292665219,0.016583218
1609060378.623176098,-3.625482367,-2.782458955,3.299214772,-3.631790212,-2.787288031,3.286938559,0.014622389
1609060378.676959991,-3.619479710,-2.808144896,3.291126896,-3.628051809,-2.809903296,3.281245434,0.013199096
1609060378.726022005,-3.613431025,-2.832710608,3.285193210,-3.623568807,-2.832183282,3.276283789,0.013506682
1609060378.776993036,-3.608396880,-2.860478258,3.282309434,-3.612134117,-2.879055276,3.270310031,0.022428960
1609060378.824391127,-3.600729814,-2.886995020,3.281385783,-3.606332511,-2.903467852,3.270953813,0.020287198
1609060378.877188206,-3.592624793,-2.916120406,3.281045249,-3.599050066,-2.928265005,3.274280360,0.015314671
1609060378.925369024,-3.584067991,-2.943737660,3.286431693,-3.591554965,-2.953193378,3.279915293,0.013708714
1609060378.976911068,-3.571673259,-2.977439099,3.295012431,-3.584765791,-2.980489258,3.286378578,0.015976898
1609060379.027352095,-3.560931373,-3.008684662,3.304800719,-3.568360535,-3.033709838,3.303497641,0.026137136
1609060379.074259043,-3.550898634,-3.040244020,3.316535646,-3.559230228,-3.061752849,3.313754022,0.023233221
1609060379.123567104,-3.539154696,-3.072642043,3.328543710,-3.550707795,-3.087903100,3.323951413,0.019684084
1609060379.172895193,-3.527542695,-3.107744226,3.340112421,-3.541803219,-3.115573310,3.334738512,0.017132892
1609060379.223832130,-3.514961423,-3.142885191,3.353702703,-3.531975395,-3.142700997,3.345793660,0.018763319
1609060379.278740168,-3.502694668,-3.181738419,3.368185913,-3.512527135,-3.199744317,3.366417698,0.020591658
1609060379.324427128,-3.490096793,-3.214275225,3.378599507,-3.501339204,-3.228234457,3.375471175,0.018194462
1609060379.373706102,-3.476964883,-3.246819011,3.387378353,-3.490688696,-3.256363844,3.383699164,0.017116755
1609060379.424789190,-3.462679963,-3.282620980,3.397893254,-3.480199038,-3.283754894,3.391948661,0.018534884
1609060379.477308035,-3.449879747,-3.316618033,3.408739496,-3.469626181,-3.312719800,3.399875350,0.021992975
1609060379.527546167,-3.435031088,-3.350829142,3.417686789,-3.445473909,-3.368499892,3.414188324,0.020821796
1609060379.574175119,-3.423115889,-3.378260713,3.423538969,-3.433834449,-3.397773421,3.419863877,0.022564122
1609060379.624490023,-3.407909062,-3.411130251,3.430776042,-3.421996474,-3.424865858,3.425197845,0.020450876
1609060379.676283121,-3.392807121,-3.444608628,3.435550008,-3.409041724,-3.453201545,3.431210157,0.018874184
1609060379.725444078,-3.377483181,-3.475994229,3.441279069,-3.395672599,-3.481638167,3.436119408,0.019731474
1609060379.778115034,-3.363402517,-3.507427373,3.447885911,-3.382979504,-3.509900341,3.440361359,0.021118544
1609060379.825517178,-3.348122801,-3.537260616,3.452220746,-3.355377424,-3.564908042,3.447713046,0.028936638
1609060379.876507998,-3.333622711,-3.569998517,3.457515140,-3.340890308,-3.593946441,3.451345161,0.025775758
1609060379.924851179,-3.317428270,-3.600884969,3.461377313,-3.326349393,-3.622011318,3.454544537,0.023928975
1609060379.976315022,-3.302194057,-3.632662551,3.464592563,-3.311436577,-3.649173145,3.457969100,0.020047298
1609060380.025951147,-3.285438676,-3.663657147,3.468631421,-3.296229397,-3.677216660,3.461186584,0.018860690
1609060380.076279163,-3.267964883,-3.701601200,3.474171570,-3.263981169,-3.732791610,3.467145278,0.032219255
1609060380.126965046,-3.248634241,-3.735426801,3.478668860,-3.247626910,-3.759228811,3.469813466,0.025415908
1609060380.175324202,-3.231088418,-3.767346526,3.481588771,-3.230427052,-3.787593504,3.472912172,0.022037715
1609060380.224295139,-3.211328148,-3.800064124,3.485452238,-3.212793666,-3.813505725,3.475750415,0.016641807
1609060380.282178164,-3.190096879,-3.839258212,3.488507518,-3.177083283,-3.868931274,3.480877934,0.033287458
1609060380.327114105,-3.170253951,-3.869824044,3.490988543,-3.158766849,-3.893596025,3.483020459,0.027578088
1609060380.418756008,-3.127699642,-3.931286225,3.494223853,-3.118877583,-3.948070041,3.487788216,0.020023551
1609060380.497653008,-3.091441195,-3.981384615,3.497591419,-3.077827159,-4.001126249,3.492175005,0.024584784
1609060380.579474211,-3.050922308,-4.033280256,3.502839125,-3.033666037,-4.055302445,3.496600571,0.028664878
1609060380.613731146,-3.033147443,-4.055147000,3.504776733,-3.012459704,-4.080141876,3.497979175,0.033150161
1609060380.665153980,-3.004351291,-4.086463123,3.507257402,-2.989451526,-4.106792482,3.500006431,0.026227132
1609060380.732620001,-2.965917416,-4.128867406,3.511071302,-2.943221282,-4.158447404,3.504301888,0.037893478
1609060380.775574207,-2.942549783,-4.153329973,3.515606040,-2.918925174,-4.184842992,3.506794514,0.040358835
1609060380.818601131,-2.917174884,-4.179374021,3.518792156,-2.895610243,-4.209410306,3.509168692,0.038207633
1609060380.869970083,-2.888334372,-4.207981811,3.518935927,-2.869744284,-4.235720658,3.511628346,0.034182390
1609060380.919371128,-2.857788801,-4.237184691,3.522042449,-2.843757789,-4.261059535,3.514565625,0.028684148
1609060380.983446121,-2.818239544,-4.274571220,3.524203243,-2.792390890,-4.311074121,3.520282423,0.044899750
1609060381.026141167,-2.790826841,-4.299177635,3.526584086,-2.763708190,-4.338202091,3.524039633,0.047589953
1609060381.072177172,-2.761570113,-4.325772750,3.529687124,-2.739038107,-4.361036134,3.527310100,0.041914768
1609060381.118996143,-2.730784303,-4.352134939,3.533041885,-2.712726349,-4.385275458,3.530657534,0.037816251
1609060381.169764996,-2.694381277,-4.384288670,3.537033894,-2.684748270,-4.410169573,3.533811099,0.027802920
1609060381.224285126,-2.655539468,-4.415762261,3.541279385,-2.657599471,-4.433790021,3.537173777,0.018603757
1609060381.276952028,-2.619893460,-4.446575569,3.544251413,-2.629382162,-4.458193694,3.541575801,0.015237297
1609060381.325170040,-2.584278145,-4.474409272,3.547255332,-2.571749853,-4.505301022,3.549664122,0.033422456
1609060381.373531103,-2.552368195,-4.499673457,3.552184492,-2.542969473,-4.527967815,3.553401424,0.029839363
1609060381.423969030,-2.516516582,-4.527282495,3.556671470,-2.515737271,-4.550046094,3.557554501,0.022794045
1609060381.474560022,-2.480876361,-4.556081805,3.561009293,-2.485870048,-4.572658524,3.561217156,0.017313802
1609060381.525918007,-2.443410037,-4.583836653,3.565656404,-2.456656413,-4.594424898,3.565090522,0.016967547
1609060381.576167107,-2.410137722,-4.610111140,3.571728163,-2.397126210,-4.639917976,3.573348638,0.032563366
1609060381.623407125,-2.375784524,-4.635102296,3.575481407,-2.369739059,-4.659006717,3.576110427,0.024665050
1609060381.675836086,-2.341713743,-4.661626086,3.580361286,-2.338990918,-4.680719163,3.579742630,0.019296168
1609060381.724457979,-2.307284857,-4.686130847,3.583809040,-2.311621641,-4.699898773,3.582150207,0.014529804
1609060381.777621031,-2.271424385,-4.711542695,3.588157723,-2.281600236,-4.720668621,3.585277094,0.013968840
1609060381.825805187,-2.237214012,-4.734481187,3.591543751,-2.224228243,-4.758817721,3.590440605,0.027606412
1609060381.875913143,-2.205565107,-4.755307706,3.594054968,-2.194593620,-4.778610047,3.592860218,0.025783717
1609060381.926110029,-2.170055591,-4.778032943,3.596930289,-2.164925351,-4.796517304,3.595186120,0.019262219
1609060381.974575043,-2.137209860,-4.798302073,3.598062266,-2.135529153,-4.814622067,3.597363290,0.016421192
1609060382.023908138,-2.102374931,-4.819158960,3.600156180,-2.106703127,-4.832500303,3.598818839,0.014089471
1609060382.077841043,-2.066108865,-4.839915749,3.606655338,-2.076244035,-4.850059419,3.600061920,0.015782549
1609060382.126087189,-2.031423058,-4.859016649,3.607989295,-2.017364729,-4.883191294,3.601616482,0.028682099
1609060382.172864199,-2.001133235,-4.876266557,3.607798607,-1.987544429,-4.900079459,3.601291222,0.028179000
1609060382.224690199,-1.964551669,-4.895510487,3.608525434,-1.956068547,-4.915043538,3.601451123,0.022439905
1609060382.276548147,-1.924088811,-4.918470597,3.608312381,-1.926799166,-4.929882036,3.601992239,0.013323332
1609060382.326167107,-1.887691530,-4.936555609,3.608994276,-1.897272794,-4.944477442,3.601574727,0.014477768
1609060382.376545191,-1.851422371,-4.952494858,3.607263585,-1.866812881,-4.958932058,3.601731780,0.017575728
1609060382.423995018,-1.815862511,-4.967929960,3.607394873,-1.806799975,-4.983947707,3.601621597,0.019288040
1609060382.475164175,-1.781914394,-4.981062972,3.604510151,-1.777145457,-4.996343516,3.600342217,0.016541144
1609060382.524759054,-1.745528986,-4.994346615,3.603164675,-1.747638869,-5.007359531,3.599902901,0.013580381
1609060382.573063135,-1.711834206,-5.004365327,3.600993046,-1.717312518,-5.017600173,3.599550762,0.014396293
1609060382.623972178,-1.672970041,-5.016351339,3.599606807,-1.687691648,-5.027547018,3.598314213,0.018540219
1609060382.680236101,-1.633858726,-5.029081742,3.596858170,-1.626876389,-5.045476120,3.596852331,0.017819335
1609060382.726361990,-1.599437138,-5.038131996,3.596402917,-1.596278161,-5.053008703,3.596804589,0.015213707
1609060382.773458004,-1.567322448,-5.046004260,3.598323021,-1.566627308,-5.060709682,3.596698090,0.014811248
1609060382.823677063,-1.529800416,-5.053734705,3.598541771,-1.536866506,-5.067721532,3.596379724,0.015818830
1609060382.877391100,-1.491577541,-5.060782803,3.598952578,-1.506930902,-5.071915734,3.596124881,0.019174559
1609060382.927017212,-1.453499890,-5.066524275,3.600033592,-1.443683911,-5.081787712,3.597529722,0.018319260
1609060382.974920034,-1.421418652,-5.070853110,3.602165030,-1.443684163,-5.081784511,3.597535476,0.025232544
1609060383.024443150,-1.383371539,-5.075305355,3.603874873,-1.376126810,-5.087463838,3.598708603,0.015066690
1609060383.076413155,-1.346438391,-5.077478979,3.604822738,-1.344022801,-5.090456853,3.600129215,0.014010333
1609060383.125964165,-1.307891632,-5.079723901,3.606466448,-1.311826945,-5.093018510,3.600949906,0.014921982
1609060383.175229073,-1.272630034,-5.080282448,3.609218594,-1.249139142,-5.094437498,3.603369662,0.028042780
1609060383.222527981,-1.235163616,-5.080550718,3.610653822,-1.217402464,-5.092801689,3.604199361,0.022521209
1609060383.276117086,-1.195358721,-5.078403561,3.611477906,-1.183891841,-5.092141288,3.605719004,0.018798389
1609060383.323568106,-1.157363730,-5.076565106,3.613905740,-1.150619529,-5.090775835,3.607602327,0.016945858
1609060383.377740145,-1.109903977,-5.072103732,3.617227365,-1.115081411,-5.086617119,3.609911233,0.017057843
1609060383.424261093,-1.069696867,-5.068425292,3.620225825,-1.045434165,-5.079785467,3.614086761,0.027484911
1609060383.476530075,-1.023784253,-5.061402974,3.621856809,-1.010411449,-5.075321877,3.615904339,0.020199001
1609060383.524501085,-0.980629293,-5.055464541,3.624607879,-0.974428694,-5.068929856,3.618159820,0.016166002
1609060383.580219984,-0.933604088,-5.047734511,3.626226734,-0.936789178,-5.062412913,3.619499087,0.016457870
1609060383.625110149,-0.892522011,-5.040522056,3.627121995,-0.901807043,-5.056384201,3.621291112,0.019282600
1609060383.677712202,-0.847995788,-5.030661685,3.626664192,-0.825106100,-5.039962241,3.620932975,0.025363064
1609060383.726248026,-0.803105377,-5.021459433,3.626652572,-0.789548506,-5.032055384,3.621140575,0.018067790
1609060383.775644064,-0.759362870,-5.011363930,3.626134088,-0.752495275,-5.023039522,3.620643003,0.014616270
1609060383.826225996,-0.711800197,-5.000350317,3.626301046,-0.717050131,-5.014585277,3.621125962,0.016030514
1609060383.877563000,-0.666390515,-4.988661862,3.625784362,-0.642546503,-4.993610409,3.621801559,0.024675650
1609060383.925773144,-0.620672077,-4.976610700,3.625604793,-0.604845983,-4.982675121,3.621539949,0.017428867
1609060383.977313995,-0.573825566,-4.962129345,3.624990051,-0.565821007,-4.971280485,3.621468142,0.012657810
1609060384.025890112,-0.527500541,-4.949040490,3.625877081,-0.529310211,-4.960029918,3.622914636,0.011524691
1609060384.082066059,-0.479220525,-4.933375029,3.628016325,-0.487529747,-4.945878753,3.624015426,0.015536842
1609060384.127351046,-0.435732579,-4.919943324,3.629969966,-0.409261543,-4.920282804,3.627604520,0.026578681
1609060384.179015160,-0.390746104,-4.905266551,3.634820742,-0.368093867,-4.905713296,3.629676981,0.023233203
1609060384.225046158,-0.347038293,-4.891099015,3.637613799,-0.327854838,-4.891660730,3.632071767,0.019975850
1609060384.277572155,-0.300422388,-4.874128949,3.639485584,-0.288070222,-4.877472304,3.634003163,0.013921600
1609060384.326673985,-0.253129499,-4.858152443,3.642024741,-0.247175737,-4.862935998,3.635802841,0.009850975
1609060384.378116131,-0.207223288,-4.838996635,3.645431768,-0.206330605,-4.846690410,3.637551218,0.011049622
1609060384.426213980,-0.162100707,-4.822341539,3.648236170,-0.126514290,-4.814888516,3.641927355,0.036901786
1609060384.477639198,-0.109054111,-4.800511248,3.651511977,-0.086727994,-4.798607805,3.643666446,0.023740913
1609060384.526020050,-0.060788115,-4.781781324,3.654074223,-0.047144213,-4.782339957,3.645308009,0.016226973
1609060384.577697992,-0.011580026,-4.759387148,3.657278194,-0.006248386,-4.764230152,3.646935822,0.012603401
1609060384.627104044,0.037397095,-4.739074609,3.659357554,0.031113179,-4.747740738,3.648676720,0.015121825
1609060384.679548025,0.084668987,-4.716814553,3.658734182,0.111394155,-4.712075411,3.651084487,0.028199501
1609060384.725043058,0.129104038,-4.697168189,3.660135558,0.151738760,-4.693003602,3.652031775,0.024399707
1609060384.780750990,0.178904777,-4.670523198,3.661884654,0.190024738,-4.674755365,3.653583972,0.014507449
1609060384.825978994,0.223118983,-4.649216167,3.663168968,0.227295921,-4.656899314,3.654295460,0.012458599
1609060384.879726171,0.272338042,-4.624706728,3.664008879,0.264216777,-4.638107881,3.656008833,0.017593936
1609060384.927287102,0.316015421,-4.602100475,3.665964414,0.341314471,-4.598897150,3.661040918,0.025971985
1609060384.978001118,0.359844047,-4.575758193,3.667337364,0.379321240,-4.578131162,3.662872408,0.020122819
1609060385.025215149,0.402516911,-4.552236203,3.669629505,0.414480397,-4.559261101,3.664975289,0.014633384
1609060385.078049183,0.446992805,-4.525496901,3.674109942,0.452318446,-4.537450547,3.666925012,0.014929010
1609060385.128671169,0.491305067,-4.499178798,3.676681501,0.486790870,-4.517020633,3.668790854,0.020024269
1609060385.178465128,0.531216991,-4.474190757,3.679477807,0.560219358,-4.473693369,3.671306412,0.030135633
1609060385.225788116,0.572184353,-4.450092766,3.679676500,0.595879482,-4.452849431,3.670229429,0.025657464
1609060385.277276993,0.611202492,-4.424496170,3.679706449,0.632087112,-4.429403463,3.669671947,0.023684175
1609060385.324550152,0.650572502,-4.399742573,3.678958685,0.666601723,-4.407614877,3.668171096,0.020863393
1609060385.378527164,0.691355270,-4.372469680,3.677276810,0.701512871,-4.385117380,3.667009320,0.019197983
1609060385.428066015,0.731216710,-4.346819883,3.676458695,0.735816357,-4.362172577,3.665637371,0.019338124
1609060385.478852987,0.769222803,-4.318859336,3.674510429,0.806388871,-4.313926343,3.663785917,0.038995721
1609060385.527404070,0.807710999,-4.292853042,3.673499178,0.841749469,-4.289042630,3.662118136,0.036092448
1609060385.578270197,0.853131591,-4.264304763,3.670597525,0.873842456,-4.266309107,3.660703231,0.023040278
1609060385.624525070,0.890944885,-4.239014755,3.668598949,0.907968453,-4.241627806,3.659139687,0.019649619
1609060385.679279089,0.933169533,-4.206868375,3.665652355,0.938842373,-4.218929519,3.657346417,0.015704805
1609060385.728085995,0.973177198,-4.178734722,3.663362549,1.000423313,-4.172642346,3.653697080,0.029544697
1609060385.780771017,1.013409655,-4.147847928,3.660017950,1.033561134,-4.147848299,3.651231718,0.021983631
1609060385.825530052,1.049735165,-4.121171708,3.657545562,1.065329401,-4.123028548,3.649536773,0.017628634
1609060385.878072977,1.089761620,-4.089614636,3.654268201,1.096268176,-4.097349713,3.647909624,0.011941449
1609060385.927165031,1.128514730,-4.060333210,3.652101813,1.128496204,-4.072365182,3.645658743,0.013648511
1609060385.979855061,1.165643801,-4.030210749,3.650164664,1.159984493,-4.047253696,3.643758888,0.019066299
1609060386.026208162,1.202331234,-4.001767234,3.648337620,1.223580025,-3.995188369,3.640350835,0.023634325
1609060386.077979088,1.239623715,-3.970752049,3.646806350,1.255036599,-3.969007400,3.638575366,0.017559894
1609060386.127557993,1.276890779,-3.940680850,3.645322771,1.283067330,-3.945007179,3.636797599,0.011381804
1609060386.179339170,1.311491618,-3.909853918,3.643483295,1.314809186,-3.917867196,3.634654434,0.012376093
1609060386.225568056,1.346764361,-3.881085491,3.641241814,1.347109013,-3.890868784,3.632148324,0.013361256
1609060386.277292013,1.379015583,-3.847403056,3.637626750,1.378408843,-3.863102740,3.629773900,0.017564609
1609060386.327005148,1.415157655,-3.815542434,3.634881030,1.439526831,-3.806389863,3.625316033,0.027732931
1609060386.378152132,1.448224087,-3.785142188,3.630901985,1.469798219,-3.778320631,3.623015060,0.023962062
1609060386.426437140,1.482387253,-3.754371562,3.628613968,1.499270653,-3.750463033,3.620762662,0.019025477
1609060386.479035139,1.516331988,-3.720274064,3.626525636,1.528727945,-3.722053707,3.618667704,0.014784248
1609060386.526904106,1.549986794,-3.688673083,3.624639840,1.558837027,-3.693008254,3.616754708,0.012621238
1609060386.578626156,1.581857369,-3.655601335,3.623372927,1.587611721,-3.663722467,3.615411451,0.012745605
1609060386.626856089,1.615327888,-3.623089225,3.622220834,1.644431950,-3.605338944,3.611989082,0.035592241
1609060386.678795099,1.654429062,-3.583395909,3.620644759,1.674413833,-3.574101532,3.610076531,0.024443076
1609060386.726828098,1.689166508,-3.549138223,3.619772224,1.703207324,-3.543777721,3.609370291,0.018277847
1609060386.777306080,1.722566223,-3.511602018,3.619172460,1.733399784,-3.511794066,3.607829309,0.015686618
1609060386.826637030,1.758315391,-3.475242243,3.617995724,1.762411781,-3.480483801,3.607187248,0.012691631
1609060386.879197121,1.793916128,-3.435708953,3.615546126,1.818887119,-3.417871745,3.605083517,0.032421946
1609060386.927596092,1.828297104,-3.399417987,3.614173160,1.848399636,-3.383942546,3.603368485,0.027574301
1609060386.977253199,1.861060315,-3.362377866,3.612917943,1.876550421,-3.350258176,3.602333483,0.022335198
1609060387.024797201,1.895253756,-3.324012102,3.611540694,1.905357162,-3.315529513,3.601534615,0.016557619
1609060387.077081203,1.925624919,-3.282477435,3.609333831,1.932391820,-3.282234559,3.600974432,0.010757764
1609060387.128638983,1.960658119,-3.240458320,3.608141338,1.960289894,-3.248117435,3.600472542,0.010844725
1609060387.178961039,1.991709065,-3.199866029,3.606818906,1.987603849,-3.212588256,3.599285002,0.015344952
1609060387.228384018,2.023831496,-3.158290059,3.605120517,2.043142011,-3.139247342,3.596958027,0.028322205
1609060387.279007196,2.052577882,-3.115199193,3.603022861,2.069903856,-3.102405538,3.595630281,0.022770974
1609060387.325957060,2.082494513,-3.074966280,3.600841207,2.094675767,-3.066673452,3.593902940,0.016287833
1609060387.378004074,2.111665265,-3.031843573,3.598172570,2.121636529,-3.028572812,3.592234829,0.012057394
1609060387.428513050,2.143172515,-2.986564348,3.595750885,2.147050238,-2.990191831,3.590462647,0.007494053
1609060387.478980064,2.167352177,-2.943384276,3.595399393,2.172680022,-2.949591707,3.589237782,0.010241268
1609060387.526018143,2.192986037,-2.901631853,3.594257124,2.216627874,-2.871601663,3.587369339,0.038835426
1609060387.578428984,2.217252161,-2.855278181,3.592223850,2.239332053,-2.830664958,3.586630990,0.033535242
1609060387.626721144,2.242158283,-2.811638367,3.590172289,2.260217339,-2.790335411,3.585427508,0.028327697
1609060387.678171158,2.263299183,-2.764186200,3.587664435,2.279956365,-2.750059407,3.584187240,0.022116032
1609060387.728655100,2.286851493,-2.717615679,3.584747731,2.299523538,-2.708676191,3.582646263,0.015649643
1609060387.779019117,2.307799332,-2.662282471,3.582114138,2.335235326,-2.625858578,3.578332674,0.045757329
1609060387.827759981,2.329012776,-2.613965324,3.578554094,2.351355947,-2.584567028,3.575550585,0.037047242
1609060387.878028154,2.347632211,-2.561174106,3.575276796,2.366754904,-2.542755674,3.573250981,0.026627428
1609060387.927401066,2.367044840,-2.509607322,3.571375053,2.380939024,-2.499423057,3.570483497,0.017249999
1609060387.978938103,2.378748972,-2.457834317,3.568866943,2.395443900,-2.455051349,3.568147552,0.016940575
1609060388.028403044,2.394133670,-2.406670716,3.565935291,2.407520080,-2.412453426,3.565291712,0.014596229
1609060388.080017090,2.407056204,-2.355744030,3.563087611,2.418562520,-2.369014510,3.562172453,0.017588019
1609060388.127521992,2.419161882,-2.306641446,3.560187509,2.438249639,-2.283334705,3.556590870,0.030339453
1609060388.177268982,2.427416962,-2.257110786,3.558517633,2.447355418,-2.240133094,3.553654297,0.026635242
1609060388.226025105,2.438421412,-2.206413807,3.555711508,2.456339649,-2.196353044,3.551542979,0.020968043
1609060388.279821157,2.446235475,-2.151957483,3.553509067,2.461196393,-2.154512246,3.547389592,0.016364714
1609060388.327994108,2.454088533,-2.103690055,3.551304991,2.468012016,-2.114168388,3.544978544,0.018538684
1609060388.378304005,2.458468104,-2.055807510,3.549018875,2.480309923,-2.023117502,3.539722042,0.040399663
1609060388.427662134,2.465430058,-2.006847979,3.546770181,2.483405882,-1.980877640,3.536727495,0.033142786
1609060388.479194164,2.468042200,-1.957422646,3.543682299,2.487366183,-1.940957230,3.534986254,0.026835563
1609060388.525289059,2.473060321,-1.912161060,3.542835826,2.490149307,-1.898126140,3.533358223,0.024059039
1609060388.588790178,2.474507707,-1.851434888,3.543721343,2.493778899,-1.814857089,3.531487022,0.043116039
1609060388.632841110,2.477087860,-1.808735711,3.543944739,2.495372105,-1.771266485,3.531182640,0.043601923
1609060388.684895992,2.476328966,-1.759199491,3.540230756,2.496257615,-1.729742659,3.530546057,0.036859861
1609060388.727123022,2.478207583,-1.718030567,3.540083456,2.496067849,-1.689466572,3.529351928,0.035356139
1609060388.777594090,2.478149959,-1.670356401,3.539971471,2.496002220,-1.647843327,3.528909470,0.030788140
1609060388.826026201,2.479764889,-1.625083138,3.540150253,2.496319809,-1.608911984,3.529072806,0.025656996
1609060388.879713058,2.479056903,-1.568345632,3.540089150,2.494857608,-1.569134433,3.528334425,0.019709339
1609060388.928493023,2.480355371,-1.521046123,3.540508370,2.493272984,-1.529060946,3.528356355,0.019462106
1609060388.978852034,2.475805015,-1.472526938,3.539439479,2.490272685,-1.446778124,3.528980195,0.031332277
1609060389.026794195,2.475811780,-1.426276960,3.539823689,2.487127478,-1.407571053,3.529079949,0.024359473
1609060389.078282118,2.468808484,-1.378748003,3.538791752,2.483989415,-1.368908137,3.529898068,0.020158900
1609060389.127646208,2.466302656,-1.332826200,3.539528246,2.481967267,-1.332057144,3.530630301,0.018031775
1609060389.177092075,2.461987196,-1.289024528,3.541393175,2.477957750,-1.294272042,3.531111384,0.019705589
1609060389.227483988,2.458919681,-1.242871503,3.543416057,2.469142848,-1.219703367,3.535183685,0.026627948
1609060389.277998209,2.453664476,-1.199264246,3.545582965,2.465066735,-1.182515038,3.536686726,0.022128952
1609060389.327522993,2.449475410,-1.154122597,3.547204601,2.460405461,-1.144387017,3.537510293,0.017556399
1609060389.378243208,2.441443458,-1.108977199,3.548644778,2.453938759,-1.104479062,3.538011276,0.017012852
1609060389.425644159,2.436833301,-1.065650050,3.548489216,2.449458665,-1.068306160,3.538360121,0.016402845
1609060389.480804205,2.425452900,-1.019283275,3.546736397,2.443637368,-1.028556821,3.538592319,0.021977251
1609060389.530208111,2.419636079,-0.974860685,3.546666563,2.430054209,-0.951871000,3.537962868,0.026698640
1609060389.578667164,2.411330708,-0.933258393,3.548274362,2.422929383,-0.913661744,3.538587465,0.024746593
1609060389.625934124,2.405160323,-0.891647714,3.549194745,2.416796052,-0.879063620,3.538976324,0.019954091
1609060389.678423166,2.392972469,-0.847285463,3.550855233,2.408812961,-0.840848080,3.539444196,0.020556578
1609060389.727277040,2.385980115,-0.803400064,3.551622294,2.401143650,-0.806133503,3.539442063,0.019640838
1609060389.779801130,2.373978563,-0.761816879,3.552953031,2.382977274,-0.725363482,3.539394201,0.039920782
1609060389.824541092,2.366519669,-0.722029322,3.553641362,2.374341012,-0.689962896,3.539213918,0.036021941
1609060389.877240181,2.351952831,-0.676057921,3.552160398,2.364396683,-0.651866225,3.538910562,0.030259640
1609060389.926560163,2.342852989,-0.632976466,3.552388307,2.355362312,-0.614141598,3.539074170,0.026239315
1609060389.978195190,2.329905149,-0.581558043,3.550548495,2.345447542,-0.577189881,3.538529059,0.020127436
1609060390.027326107,2.320434455,-0.535978399,3.549632872,2.324646729,-0.503072840,3.538349925,0.035040319
1609060390.076764107,2.306157711,-0.490788932,3.546125122,2.315361014,-0.466552583,3.538028578,0.027159812
1609060390.127235174,2.295874893,-0.443008141,3.543170301,2.304416062,-0.428608568,3.536479968,0.018029416
1609060390.177085161,2.279671443,-0.399718940,3.541853633,2.292974930,-0.391536744,3.534565175,0.017235217
1609060390.226591110,2.268353356,-0.354270606,3.538577601,2.281588373,-0.353040110,3.532662123,0.014548976
1609060390.280389071,2.254101753,-0.305890106,3.534384282,2.270467026,-0.314987946,3.530071114,0.019214481
1609060390.326570988,2.243197187,-0.263170337,3.530780372,2.246741773,-0.242240677,3.524830851,0.022045670
1609060390.378979206,2.228146788,-0.216203444,3.526620789,2.235012807,-0.204070402,3.522247070,0.014611035
1609060390.426268101,2.216584436,-0.172988568,3.521923200,2.223562176,-0.167638001,3.518642353,0.009385167
1609060390.477884054,2.200838119,-0.131138929,3.516608370,2.210603587,-0.130276165,3.513636281,0.010244122
1609060390.528004169,2.187165554,-0.087403858,3.510844523,2.186221161,-0.058122523,3.504026700,0.030079414
1609060390.577238083,2.169959673,-0.048024965,3.505764696,2.174123030,-0.023592317,3.499455133,0.025575347
1609060390.625013113,2.157847157,-0.005938513,3.500040573,2.160438397,0.013042841,3.494420111,0.019964867
1609060390.676635027,2.137925734,0.036293454,3.492961012,2.147209595,0.049302019,3.488845793,0.016502965
1609060390.726636171,2.124397880,0.079943292,3.486280694,2.134311649,0.086783208,3.483565988,0.012346534
1609060390.780335188,2.102750320,0.123076709,3.479612387,2.105397098,0.162159933,3.472537678,0.039806473
1609060390.825442076,2.089783141,0.161874856,3.473996265,2.091274434,0.196874403,3.466490193,0.035826434
1609060390.878334045,2.068403397,0.203858064,3.470105091,2.077631015,0.230117694,3.462026279,0.028982483
1609060390.928623199,2.052469536,0.246281083,3.464498364,2.061179588,0.270057506,3.456876784,0.026443747
1609060390.978664160,2.029340808,0.287226117,3.457650347,2.043378352,0.311812398,3.451938707,0.028881840
1609060391.025667191,2.013237137,0.326886295,3.452859948,2.026826383,0.348986030,3.446960751,0.026605759
1609060391.085714102,1.987434809,0.383505800,3.448069914,1.993473650,0.420492549,3.438767687,0.038613711
1609060391.125485182,1.972729051,0.418045635,3.444514380,1.976906656,0.454493306,3.435100250,0.037874939
1609060391.175955057,1.945482073,0.460713908,3.441372890,1.960028664,0.489411793,3.432679114,0.033327970
1609060391.225903988,1.924978683,0.504018722,3.437996188,1.941535418,0.523617197,3.431048272,0.026580053
1609060391.278138161,1.899626763,0.546230336,3.434793861,1.923026939,0.558312484,3.428376198,0.027105957
1609060391.328149080,1.877142884,0.588464254,3.432253207,1.904285768,0.592502415,3.426784236,0.027981289
1609060391.378519058,1.852613455,0.629431165,3.429714583,1.864604681,0.661542419,3.424593501,0.034657577
1609060391.420211077,1.833750975,0.665111034,3.428192754,1.843532683,0.695955606,3.423253202,0.032733295
1609060391.470527172,1.805555050,0.702340614,3.426751326,1.820488341,0.731209049,3.422716098,0.032751683
1609060391.521433115,1.780111427,0.745443571,3.425274196,1.797678309,0.765705004,3.420852145,0.027178586
1609060391.570142031,1.753561067,0.781056043,3.422908946,1.774204487,0.800049851,3.420301417,0.028172944
1609060391.619429111,1.729426707,0.819428943,3.421754588,1.751948241,0.831761374,3.419588399,0.025768211
1609060391.671687126,1.698976075,0.855988149,3.421527990,1.728466143,0.864278681,3.419208956,0.030720920
1609060391.722023010,1.673750837,0.895232810,3.420329507,1.681110070,0.927864948,3.419648523,0.033458609
1609060391.775783062,1.642927970,0.933148158,3.421455430,1.658519970,0.957679157,3.420453305,0.029084096
1609060391.826857090,1.616627655,0.971937229,3.421147134,1.631132596,0.991103139,3.420339179,0.024049495
1609060391.878179073,1.585126031,1.007233228,3.423249607,1.603833520,1.026856337,3.420535213,0.027247100
1609060391.928951025,1.557783306,1.045467734,3.423992586,1.577221235,1.057574433,3.421210073,0.023068325
1609060391.978355169,1.527993619,1.077152259,3.428157528,1.526878547,1.116799840,3.422285031,0.040095640
1609060392.025657177,1.502025698,1.111637876,3.429658928,1.503857720,1.144788439,3.422282047,0.034010799
1609060392.078227043,1.465767172,1.146168721,3.428893023,1.477818973,1.171911895,3.423488769,0.028933767
1609060392.128297091,1.437436536,1.181068858,3.430189243,1.453289738,1.199303706,3.424701272,0.024778045
1609060392.181913137,1.401021615,1.225675546,3.433157444,1.399331982,1.257368000,3.425969096,0.032541341
1609060392.225656033,1.375271462,1.257949942,3.434473137,1.372859943,1.284113606,3.426476475,0.027464511
1609060392.277301073,1.339546859,1.293954140,3.436383220,1.345674747,1.313052909,3.427497017,0.021938063
1609060392.326452017,1.308914391,1.330861032,3.438708545,1.317443786,1.341979586,3.429047430,0.017020868
1609060392.380200148,1.269901258,1.366411332,3.439021120,1.289769211,1.369908479,3.430732372,0.021809835
1609060392.427337170,1.239467958,1.398814611,3.440675234,1.236294964,1.422877532,3.431777071,0.025850906
1609060392.477635145,1.204159586,1.430091021,3.441321695,1.210851041,1.447682768,3.433124580,0.020528951
1609060392.527090073,1.171563908,1.463153504,3.442431816,1.182831939,1.474831451,3.433677946,0.018438363
1609060392.578356028,1.134921195,1.492456558,3.442381402,1.154180347,1.500444567,3.433669253,0.022597008
1609060392.627631187,1.102141748,1.524120150,3.444105759,1.125893044,1.526895759,3.435276236,0.025490950
1609060392.678007126,1.067317348,1.552942432,3.448128129,1.066970470,1.580042886,3.440517657,0.028150919
1609060392.726713181,1.035313480,1.582382819,3.452511920,1.038070221,1.604938546,3.443984052,0.024271072
1609060392.778137207,0.997409208,1.609125050,3.458399840,1.010750078,1.628683335,3.448088964,0.025822848
1609060392.825527191,0.966274899,1.637065062,3.463353248,0.982409866,1.653651083,3.452123488,0.025720434
1609060392.879384995,0.927255068,1.662231196,3.466594743,0.952964794,1.677779411,3.456366077,0.031738976
1609060392.928017139,0.895666008,1.688872766,3.470975128,0.899804983,1.720468544,3.463616576,0.032704321
1609060392.978950024,0.859930336,1.715300521,3.474934950,0.872637225,1.742579308,3.467126421,0.031089714
1609060393.025929213,0.829313820,1.740518314,3.478584338,0.845759111,1.762417962,3.470267480,0.028621885
1609060393.078571081,0.793247041,1.762784441,3.482735999,0.817762558,1.782062581,3.474762651,0.032190551
1609060393.127781153,0.762083715,1.787160002,3.486399864,0.789539904,1.804096870,3.478492772,0.033214785
1609060393.179360151,0.727825605,1.810077644,3.488179926,0.729634396,1.846752353,3.484827323,0.036872021
1609060393.225460052,0.699411126,1.832227400,3.491219931,0.702777694,1.864311494,3.488327333,0.032389658
1609060393.278164148,0.662887154,1.860495956,3.494635497,0.675633345,1.884195868,3.491818130,0.027057139
1609060393.326492071,0.633525693,1.883674690,3.497528193,0.648428717,1.902407483,3.494790404,0.024093840
1609060393.378987074,0.597622625,1.904624688,3.501319944,0.619258318,1.919989385,3.497945025,0.026750089
1609060393.427626133,0.568003812,1.927068231,3.504306458,0.565936893,1.953996858,3.504173898,0.027008160
1609060393.477944136,0.534231000,1.945264212,3.507221954,0.565937008,1.953994725,3.504169086,0.033027455
1609060393.526420116,0.504752163,1.964576949,3.510729725,0.511919333,1.984538670,3.510480509,0.021210863
1609060393.577835083,0.469874219,1.982309927,3.515340823,0.484190165,1.999827060,3.514271811,0.022648157
1609060393.627587080,0.438958538,2.001584853,3.519164275,0.460133986,2.014345953,3.517524180,0.024777716
1609060393.681843996,0.404665030,2.020318437,3.524234887,0.405087363,2.043094685,3.523175687,0.022804775
1609060393.726659060,0.377287327,2.036096568,3.527954236,0.380006459,2.054977614,3.525981473,0.019177575
1609060393.777696133,0.345065401,2.049921895,3.532338320,0.354244793,2.068484083,3.529149126,0.020952017
1609060393.825637102,0.316022095,2.066539068,3.536188983,0.328303651,2.081269581,3.532666179,0.019499610
1609060393.880216122,0.283853865,2.080575079,3.541245434,0.301356322,2.093710393,3.534883380,0.022789213
1609060393.929346085,0.254714862,2.095447599,3.544962160,0.273918946,2.105199625,3.537647527,0.022746488
1609060393.978819132,0.222530723,2.106665665,3.546915391,0.220665065,2.129383795,3.542593270,0.023200750
1609060394.025839090,0.194678113,2.119713271,3.549895786,0.193215754,2.139655732,3.545007581,0.020584819
1609060394.078690052,0.163005072,2.129723449,3.551942594,0.166283736,2.150408342,3.546410822,0.021661370
1609060394.127166986,0.134251923,2.142361576,3.554370220,0.139656415,2.161683942,3.548576892,0.020883606
1609060394.178130150,0.102349974,2.153336819,3.556625481,0.113566380,2.171057518,3.550850880,0.021752631
1609060394.227622032,0.073354505,2.165460694,3.559332101,0.058388046,2.190898020,3.554230615,0.029951254
1609060394.277701139,0.041565311,2.173907483,3.562569087,0.033303878,2.200531756,3.556613655,0.028505620
1609060394.327140093,0.012027929,2.185087079,3.565629994,0.005952082,2.210326457,3.558890353,0.026820979
1609060394.378655195,-0.027057055,2.199532355,3.569525636,-0.020693242,2.218190860,3.560702251,0.021598381
1609060394.428137064,-0.059362876,2.211690196,3.572365304,-0.049448468,2.227326913,3.562137538,0.021152059
1609060394.480125189,-0.096225845,2.222380620,3.573105791,-0.106217160,2.246517919,3.564710579,0.027439299
1609060394.526715040,-0.127621776,2.233681238,3.574823066,-0.134552503,2.253490591,3.565915706,0.022798827
1609060394.578184128,-0.163364979,2.242267161,3.574306615,-0.164133577,2.261640493,3.567020493,0.020712419
1609060394.625958204,-0.195371067,2.252023799,3.574962582,-0.192773175,2.270488364,3.567828169,0.019964695
1609060394.678415060,-0.232213956,2.259288006,3.574611239,-0.219252106,2.278031382,3.568078363,0.023706585
1609060394.727630138,-0.266871246,2.268840762,3.574371637,-0.250295528,2.284804137,3.567729627,0.023952037
1609060394.778980017,-0.303558442,2.276194070,3.573409422,-0.310616741,2.299864523,3.567183387,0.025472995
1609060394.825003147,-0.336171911,2.284751106,3.572727206,-0.338424966,2.306638486,3.566327817,0.022914751
1609060394.878548145,-0.373948678,2.292650016,3.570637204,-0.370573248,2.312378021,3.564844627,0.020836066
1609060394.926192045,-0.407918535,2.300719314,3.568667472,-0.400573020,2.317893601,3.563245152,0.019450302
1609060394.979655027,-0.445280017,2.307222212,3.566224595,-0.429814236,2.324179840,3.560064512,0.023763379
1609060395.028001070,-0.479886122,2.315379406,3.563274860,-0.494363757,2.335963887,3.554205340,0.026750307
1609060395.079689980,-0.519797777,2.320811107,3.561057044,-0.524853895,2.340122007,3.551015410,0.022345237
1609060395.126984119,-0.554535043,2.328053052,3.558434483,-0.558063264,2.346320630,3.548093155,0.021286047
1609060395.178426981,-0.592532501,2.332575993,3.555910217,-0.593669141,2.351540003,3.545058781,0.021878741
1609060395.228995085,-0.630714052,2.339625222,3.552771579,-0.625903269,2.355068018,3.541689219,0.019607200
1609060395.278118134,-0.667902449,2.343332600,3.548254922,-0.659766009,2.359212682,3.537833668,0.020663524
1609060395.330049992,-0.707280703,2.350000476,3.545203200,-0.726717621,2.368362724,3.531638943,0.029982578
1609060395.379475117,-0.745797531,2.352264726,3.543507478,-0.762629242,2.370736465,3.528655776,0.029070340
1609060395.425306082,-0.780832287,2.357428984,3.541497784,-0.796234335,2.374409475,3.526137854,0.027595065
1609060395.477863073,-0.828381024,2.362415645,3.536054694,-0.830103857,2.378614508,3.522404734,0.021253064
1609060395.528144121,-0.869398275,2.367792005,3.533610274,-0.864174240,2.380104480,3.520917828,0.018438703
1609060395.580636978,-0.914569299,2.368607165,3.527654175,-0.938008368,2.383754128,3.515690498,0.030363629
1609060395.628876209,-0.954703213,2.372498902,3.524908259,-0.972413786,2.386399076,3.513468666,0.025253584
1609060395.679280996,-0.997968010,2.371098346,3.518733972,-1.009772907,2.387209943,3.511824033,0.021134957
1609060395.726664066,-1.037184753,2.372678929,3.515524679,-1.045713195,2.387367174,3.509001218,0.018194352
1609060395.777697086,-1.081671441,2.372204981,3.512343681,-1.083558727,2.387457281,3.506895595,0.016305709
1609060395.827297211,-1.124874688,2.372481924,3.508813730,-1.116987504,2.388005752,3.505089551,0.017806359
1609060395.878175020,-1.169532099,2.368628737,3.504337228,-1.194038769,2.385360893,3.500951638,0.029866438
1609060395.926741123,-1.212508232,2.367724973,3.500883915,-1.231421880,2.384089220,3.499423516,0.025052892
1609060395.978080988,-1.258515563,2.364008574,3.496802423,-1.267818379,2.383294837,3.497005905,0.021413634
1609060396.025374174,-1.300353011,2.362208455,3.493634769,-1.304132709,2.380573230,3.495388339,0.018831518
1609060396.079258204,-1.347726952,2.356200966,3.489970589,-1.343326503,2.377317293,3.494079240,0.021957783
1609060396.127947092,-1.391073652,2.353026696,3.486737743,-1.380025257,2.374061735,3.490300804,0.024025721
1609060396.179615021,-1.437670303,2.348063556,3.487834964,-1.457607850,2.364802360,3.486249674,0.026080768
1609060396.226527214,-1.479460831,2.344124684,3.486571469,-1.497373333,2.359701870,3.484627037,0.023817793
1609060396.277954102,-1.523738925,2.335544813,3.484454310,-1.535574593,2.354651339,3.483154359,0.022512935
1609060396.329421043,-1.569117552,2.329147632,3.483170019,-1.570666890,2.349163394,3.480999755,0.020192603
1609060396.378897190,-1.613902201,2.318656128,3.480719505,-1.609120025,2.341570899,3.479590449,0.023435672
1609060396.428141117,-1.657135997,2.310888839,3.480007551,-1.685299003,2.324661401,3.476439453,0.031552649
1609060396.478668213,-1.699713113,2.299200123,3.480147488,-1.720688178,2.316777396,3.474343017,0.027975091
1609060396.527477026,-1.742162946,2.289423489,3.479722798,-1.762324488,2.305591626,3.473042299,0.026693173
1609060396.578049183,-1.793177971,2.277654904,3.480101625,-1.804750223,2.293479309,3.472155565,0.021153456
1609060396.627701998,-1.838233248,2.266038783,3.480405768,-1.840825096,2.282445315,3.471294628,0.018944785
1609060396.680634022,-1.888436044,2.248729188,3.478012163,-1.878176100,2.270869871,3.470129905,0.025643836
1609060396.727077007,-1.930643442,2.235555646,3.477935435,-1.956144735,2.243156028,3.468466413,0.028244365
1609060396.779548168,-1.977493596,2.217160710,3.476055970,-1.992151123,2.229202380,3.466629350,0.021182683
1609060396.826028109,-2.018770672,2.201660141,3.475565903,-2.028181034,2.214719744,3.465482615,0.018994231
1609060396.878423214,-2.067283839,2.180496594,3.473249359,-2.067998980,2.197125892,3.464259418,0.018917295
1609060396.928431988,-2.112159236,2.160909592,3.472088785,-2.142044792,2.162665288,3.462657496,0.031387548
1609060396.978091002,-2.156144306,2.138660861,3.469565783,-2.176581843,2.145372981,3.461220805,0.023073451
1609060397.067896128,-2.235190102,2.095202343,3.467343419,-2.251937954,2.104837773,3.458476464,0.021259232
1609060397.143000126,-2.302896264,2.056322157,3.464403469,-2.322990791,2.063200891,3.454910853,0.023264066
1609060397.190607071,-2.343899473,2.032089976,3.463115161,-2.360913804,2.039803778,3.453683674,0.020927091
1609060397.238964081,-2.384985724,2.005793751,3.461675323,-2.398070800,2.015432943,3.452146197,0.018839785
1609060397.285953045,-2.423939900,1.978614969,3.460087685,-2.433479178,1.991935735,3.451080042,0.018697012
1609060397.333422184,-2.464276988,1.951329234,3.458689068,-2.469728796,1.967007900,3.450341386,0.018580273
1609060397.386152983,-2.509046842,1.917827083,3.456797965,-2.540664720,1.915514890,3.447574028,0.033016927
1609060397.430253983,-2.545835377,1.891067211,3.455621990,-2.575161775,1.889146332,3.445959789,0.030936799
1609060397.477351189,-2.585074226,1.861040676,3.454977140,-2.610193035,1.861850697,3.444452561,0.027246605
1609060397.527691126,-2.627653016,1.828312299,3.453209591,-2.648270411,1.831797725,3.442754605,0.023378022
1609060397.579995155,-2.671736703,1.790829512,3.449284067,-2.684021634,1.802342110,3.440577348,0.018954324
1609060397.697091103,-2.776393038,1.706235873,3.444888322,-2.786411689,1.715809810,3.437251733,0.015822487
1609060397.745933056,-2.818889325,1.669880083,3.442664552,-2.823099435,1.683672389,3.434811846,0.016420040
1609060397.824478149,-2.888802583,1.605499202,3.437040983,-2.897666722,1.615755322,3.432215943,0.014388953
1609060397.878262997,-2.932878607,1.561588712,3.435553463,-2.938329343,1.577786469,3.431238325,0.017626636
1609060397.926575184,-2.973783453,1.522558108,3.434430559,-2.975094090,1.542112671,3.430336159,0.020021558
1609060397.980239153,-3.017759900,1.477368927,3.433775126,-3.011246735,1.506189430,3.429537880,0.029849572
1609060398.027523994,-3.057889852,1.437763093,3.433097483,-3.082490467,1.435328532,3.430044339,0.024908614
1609060398.078239202,-3.100656348,1.394592141,3.432397651,-3.117509248,1.398973716,3.430479892,0.017518454
1609060398.126496077,-3.140913895,1.352894653,3.432716562,-3.152529242,1.361734850,3.430355646,0.014786456
1609060398.178829193,-3.182706455,1.306674360,3.433233165,-3.184481911,1.327116814,3.430776344,0.020665965
1609060398.226239204,-3.221275233,1.265172522,3.433799938,-3.250387608,1.255171239,3.432125558,0.030827903
1609060398.277672052,-3.263727460,1.218661092,3.434110255,-3.284379509,1.217589850,3.433170750,0.020701143
1609060398.326209068,-3.302778527,1.175302692,3.435353114,-3.317289229,1.180208802,3.433640504,0.015413093
1609060398.377545118,-3.343558686,1.127236414,3.439085224,-3.351859805,1.140228587,3.435178049,0.015905067
1609060398.433663130,-3.387612557,1.075959475,3.442113194,-3.421399412,1.058849202,3.438486412,0.038045585
1609060398.484022141,-3.426304465,1.028321847,3.443801720,-3.452739964,1.021219549,3.440592000,0.027560489
1609060398.527798176,-3.460297596,0.987393082,3.445848246,-3.486030177,0.979960817,3.441821502,0.027085401
1609060398.578746080,-3.497714766,0.937479986,3.447642243,-3.518669857,0.940086813,3.443954820,0.021436149
1609060398.628152132,-3.535264819,0.890594749,3.449661524,-3.551841540,0.898370941,3.445268280,0.018829696
1609060398.678184032,-3.572771769,0.842022888,3.451652483,-3.583204684,0.858222662,3.447383798,0.019735757
1609060398.726467133,-3.608871605,0.795707296,3.453697431,-3.648897426,0.773869633,3.449401363,0.045797446
1609060398.774976015,-3.651394490,0.743654640,3.454735792,-3.680871589,0.731153660,3.451126342,0.032221142
1609060398.825124025,-3.689794117,0.693700449,3.456784940,-3.710646508,0.690172307,3.452752111,0.021529832
1609060398.878898144,-3.732655927,0.635419438,3.458947899,-3.739277238,0.650560493,3.453244031,0.017482203
1609060398.929849148,-3.771775834,0.582433271,3.461066663,-3.801102044,0.563809196,3.455155015,0.035239614
1609060398.978372097,-3.806341777,0.528222560,3.460234253,-3.831316811,0.520888850,3.455336374,0.026486315
1609060399.025608063,-3.840820919,0.478135276,3.460514619,-3.860297576,0.477177876,3.455706452,0.020084205
1609060399.079013109,-3.878887560,0.420889373,3.459349454,-3.890493147,0.431176173,3.455814428,0.015906109
1609060399.128398180,-3.913452406,0.367591526,3.459069466,-3.917501121,0.388658527,3.454891783,0.021855517
1609060399.178855181,-3.948242914,0.313082805,3.459093931,-3.974076838,0.297755135,3.454248049,0.030427154
1609060399.226141214,-3.980052592,0.262593569,3.458724584,-3.999204819,0.256549412,3.453972696,0.020637831
1609060399.278860092,-4.013454070,0.207721617,3.457444777,-4.026326754,0.210945074,3.453258728,0.013914729
1609060399.326719999,-4.042802145,0.157289829,3.457534864,-4.051861689,0.165622164,3.453193101,0.013051976
1609060399.378432035,-4.072488574,0.102643461,3.458636755,-4.079156575,0.117997378,3.452678932,0.017767967
1609060399.471894026,-4.123252515,0.004740349,3.456626892,-4.126477002,0.027909356,3.451951968,0.023854876
1609060399.544891119,-4.160183769,-0.071339413,3.454150238,-4.169692295,-0.059772946,3.450424417,0.015429743
1609060399.593710184,-4.183506727,-0.121402420,3.452827847,-4.190379297,-0.102665531,3.449271291,0.020271960
1609060399.632601023,-4.201371847,-0.160706529,3.451959875,-4.211588543,-0.147740905,3.448103867,0.016951611
1609060399.681473017,-4.223878926,-0.210793554,3.448522464,-4.247713958,-0.232079711,3.446204676,0.032040308
1609060399.727986097,-4.243041587,-0.257522825,3.447308347,-4.265049713,-0.273438252,3.445007450,0.027257157
1609060399.779188156,-4.262329500,-0.310167179,3.444464938,-4.279902759,-0.313162531,3.444988294,0.017834389
1609060399.827403069,-4.279676139,-0.357237201,3.443980495,-4.296510665,-0.354417933,3.444685072,0.017083500
1609060399.879662991,-4.302766968,-0.415867483,3.443958585,-4.310386889,-0.396133813,3.445410569,0.021203519
1609060399.926999092,-4.318438665,-0.463530438,3.444028028,-4.338541748,-0.481734625,3.446053493,0.027196119
1609060399.977424145,-4.333181308,-0.516505607,3.445157323,-4.350508010,-0.521264273,3.446268467,0.018002615
1609060400.026029110,-4.346717742,-0.565271362,3.444815398,-4.363313211,-0.563567667,3.446673513,0.016785850
1609060400.078128099,-4.359216308,-0.613204483,3.443897596,-4.373012557,-0.603017734,3.447031515,0.017433524
1609060400.129971981,-4.369703986,-0.660477702,3.444789540,-4.382564616,-0.642795595,3.447132350,0.021989576
1609060400.179473162,-4.378746589,-0.706462483,3.446270043,-4.398903018,-0.725335649,3.446762840,0.027617402
1609060400.227545977,-4.386965565,-0.750115485,3.446372752,-4.405642600,-0.762548956,3.446576592,0.022438012
1609060400.278501987,-4.395985252,-0.794043965,3.445952757,-4.411701530,-0.798645351,3.446112898,0.016376807
1609060400.328487158,-4.402549500,-0.835879952,3.446669111,-4.416868957,-0.832872471,3.445653044,0.014667112
1609060400.381268978,-4.406982203,-0.876910607,3.448430948,-4.421442698,-0.865175081,3.444686003,0.018996134
1609060400.428768158,-4.410307145,-0.910766478,3.447872974,-4.425184629,-0.896628550,3.443468146,0.020991023
1609060400.479042053,-4.413137137,-0.944906746,3.445623594,-4.428901321,-0.955885511,3.439982319,0.020021657
1609060400.529211998,-4.413977991,-0.976667745,3.443325526,-4.429243757,-0.981446411,3.437437676,0.017045411
1609060400.578112125,-4.414982424,-1.004828354,3.439363918,-4.429364328,-1.005410825,3.434335307,0.015246814
1609060400.626744986,-4.414324734,-1.029950644,3.436647093,-4.428406001,-1.027307220,3.431803524,0.015123820
1609060400.680422068,-4.415226508,-1.055908324,3.434140105,-4.427251840,-1.048595934,3.429035551,0.014971176
1609060400.728835106,-4.413232940,-1.076519956,3.431824169,-4.425667140,-1.068161318,3.426422448,0.015926542
1609060400.779316187,-4.410734627,-1.096209597,3.430933401,-4.419836540,-1.100997335,3.421512010,0.013947396
1609060400.825790167,-4.407848805,-1.110319160,3.429256807,-4.416497297,-1.114051207,3.419226422,0.013759840
1609060400.879508018,-4.403373995,-1.125850913,3.421511259,-4.412829189,-1.125366209,3.417282057,0.010369271
1609060400.927040100,-4.398626540,-1.136570670,3.419048883,-4.407908758,-1.135572262,3.415653543,0.009934018
1609060400.978569984,-4.397596431,-1.153137957,3.421585790,-4.403031139,-1.144823330,3.414297512,0.012320230
1609060401.028685093,-4.392263693,-1.162591883,3.420494357,-4.391226775,-1.159905409,3.411451096,0.009490675
1609060401.079002142,-4.384144444,-1.173004203,3.419640165,-4.384845500,-1.166497762,3.410509488,0.011233633
1609060401.127573013,-4.377113008,-1.182228815,3.418527124,-4.377680883,-1.172660058,3.409631786,0.013077104
1609060401.169844151,-4.368303991,-1.186906682,3.415013437,-4.369988570,-1.177949011,3.408730089,0.011070598
1609060401.221971035,-4.359336414,-1.192805248,3.413802796,-4.362320545,-1.182239496,3.407876031,0.012476646
1609060401.271665096,-4.348954572,-1.197332550,3.411721589,-4.354010928,-1.186050023,3.406871143,0.013281151
1609060401.327571154,-4.336562239,-1.202978650,3.411204006,-4.336220826,-1.194462634,3.407149273,0.009438218
1609060401.378626108,-4.324725733,-1.206875511,3.411702322,-4.326900328,-1.197190224,3.407372220,0.010829748
1609060401.426519156,-4.313021188,-1.210001786,3.412523990,-4.316288638,-1.200436089,3.408551565,0.010860891
1609060401.480786085,-4.300541341,-1.212785304,3.412927003,-4.305714835,-1.203432848,3.408626620,0.011520711
1609060401.529177189,-4.286519776,-1.216325038,3.414505015,-4.283346545,-1.209700035,3.411160858,0.008071149
1609060401.579622984,-4.271608727,-1.218969346,3.417541328,-4.272202640,-1.212960794,3.411427739,0.008592520
1609060401.625693083,-4.257349817,-1.221379671,3.419075910,-4.259487862,-1.214645167,3.412661578,0.009542979
1609060401.678419113,-4.241043807,-1.222598612,3.420014919,-4.246847691,-1.215598083,3.413241026,0.011339228
1609060401.727393150,-4.226254948,-1.220005225,3.421978276,-4.235515013,-1.213628762,3.414529393,0.013486807
1609060401.778926134,-4.213675973,-1.213418178,3.420162991,-4.211614181,-1.206915593,3.416302952,0.007838017
1609060401.830302000,-4.197818469,-1.208555451,3.421408375,-4.199002694,-1.202679517,3.417662288,0.007068391
1609060401.879027128,-4.182357200,-1.204484624,3.423608673,-4.186739951,-1.197305086,3.419073376,0.009556317
1609060401.925945044,-4.167724380,-1.196046888,3.424011374,-4.174713184,-1.190468945,3.420150062,0.009739947
1609060401.979689121,-4.152336150,-1.183726921,3.430468013,-4.161591807,-1.180036250,3.420882330,0.013826552
1609060402.027944088,-4.138009089,-1.168818972,3.432124236,-4.139206953,-1.155086547,3.423039331,0.016509084
1609060402.077647209,-4.124377943,-1.148802818,3.436545913,-4.127443335,-1.138088929,3.424002002,0.016778968
1609060402.128281116,-4.110455372,-1.126470762,3.439227773,-4.115723031,-1.117369672,3.424873562,0.017793859
1609060402.178361177,-4.096315886,-1.099384102,3.438176094,-4.105341131,-1.095957156,3.425789565,0.015704302
1609060402.225638151,-4.083201978,-1.073198361,3.440491769,-4.095129930,-1.073835601,3.427307241,0.017790837
1609060402.278110027,-4.069285198,-1.047351797,3.439086794,-4.071441841,-1.024761700,3.430853175,0.024140341
1609060402.327462196,-4.056112077,-1.016250841,3.440170236,-4.062771173,-0.997223070,3.431036469,0.022131998
1609060402.377845049,-4.044623047,-0.981720739,3.440114883,-4.053918580,-0.970758060,3.433277316,0.015916644
1609060402.425198078,-4.033549730,-0.948342421,3.441606480,-4.043049378,-0.937153000,3.435701940,0.015821189
1609060402.478965998,-4.025093470,-0.908925093,3.444690353,-4.033820351,-0.903288907,3.437020663,0.012913139
1609060402.526862144,-4.017488548,-0.871536529,3.445066128,-4.027324431,-0.870478569,3.437573468,0.012409828
1609060402.579752207,-4.010831999,-0.829986592,3.444378426,-4.014702753,-0.799884992,3.438465725,0.030920044
1609060402.628553152,-4.005275227,-0.790753299,3.444521861,-4.009579352,-0.765100000,3.439002806,0.026590923
1609060402.678928137,-4.000603807,-0.751498937,3.444402507,-4.006589890,-0.732062113,3.438313018,0.021229819
1609060402.729631186,-3.996799654,-0.711118092,3.443487723,-4.003294751,-0.697160049,3.437519538,0.016511586
1609060402.777162075,-3.994855656,-0.673046614,3.443713876,-4.001564888,-0.664754812,3.436379796,0.012944361
1609060402.827563047,-3.992799042,-0.633522078,3.443375331,-3.998939247,-0.598003049,3.435853359,0.036822324
1609060402.879329205,-3.992364358,-0.592631746,3.445453177,-3.998386779,-0.566647337,3.434710110,0.028755392
1609060402.968847036,-3.993230397,-0.525583129,3.443367386,-3.999784486,-0.499536591,3.433774874,0.028520073
1609060403.036223173,-3.998851141,-0.476649385,3.442337364,-4.010445139,-0.437376235,3.431847548,0.042271000
1609060403.130094051,-4.014636498,-0.412385041,3.439526471,-4.027179808,-0.377050223,3.427821227,0.039279725
1609060403.172846079,-4.026696278,-0.380250273,3.437656435,-4.037755225,-0.350366110,3.425199927,0.034212981
1609060403.219709158,-4.039065249,-0.349606072,3.435044443,-4.049685318,-0.322317034,3.421998192,0.032057481
1609060403.290386200,-4.061409073,-0.302658622,3.429209195,-4.076260817,-0.270441399,3.415593948,0.037998667
1609060403.333377123,-4.076370304,-0.275502562,3.426436340,-4.090561741,-0.246691494,3.413335436,0.034685850
1609060403.376505136,-4.095263635,-0.249419843,3.422769611,-4.108065650,-0.221059114,3.410423018,0.033476273
1609060403.426532984,-4.117244830,-0.219270618,3.418703033,-4.127233511,-0.197225041,3.406961181,0.026900786
1609060403.479250193,-4.142793354,-0.188496724,3.412977902,-4.146854035,-0.174651989,3.404524892,0.016721818
1609060403.529406071,-4.167026775,-0.160284081,3.409773495,-4.169133129,-0.150258161,3.401801581,0.012981033
1609060403.586101055,-4.194000667,-0.128993075,3.407108109,-4.214534946,-0.103441026,3.396902748,0.034332393
1609060403.673426151,-4.239141754,-0.084230715,3.402590983,-4.260174799,-0.060839287,3.393474944,0.032751336
1609060403.719946146,-4.264810053,-0.060675458,3.400692170,-4.284325877,-0.039145661,3.391851186,0.030373714
1609060403.767722130,-4.293233354,-0.038810410,3.397288941,-4.309951331,-0.021936185,3.390406446,0.024730528
1609060403.816894054,-4.321359645,-0.015904545,3.395255473,-4.335405918,0.001222472,3.389173323,0.022970091
1609060403.884765148,-4.362501687,0.016797931,3.393833678,-4.389028272,0.041513919,3.387008767,0.036893348
1609060403.930885077,-4.389534905,0.038051773,3.392708345,-4.415808265,0.061528791,3.386473952,0.035781664
1609060403.979072094,-4.417629054,0.061143125,3.393438705,-4.441282033,0.080960008,3.386229950,0.031688143
1609060404.027512074,-4.445773802,0.084934045,3.393726126,-4.467578733,0.102445450,3.386474033,0.028891126
1609060404.078886032,-4.475018035,0.111118302,3.393089876,-4.493536644,0.123507789,3.385863205,0.023423558
1609060404.128934145,-4.502490314,0.135365434,3.392852851,-4.518539360,0.142746892,3.386447740,0.018790510
1609060404.179248095,-4.531705521,0.158463454,3.389970156,-4.564014117,0.183831750,3.386104422,0.041259419
1609060404.229568005,-4.558459623,0.184071491,3.389250454,-4.588078801,0.206272764,3.385407332,0.037215075
1609060404.280018091,-4.587312096,0.209866966,3.393205088,-4.610747053,0.228507973,3.384759726,0.031112835
1609060404.326958179,-4.611219461,0.234475365,3.393391899,-4.634033984,0.251218510,3.384157186,0.029767688
1609060404.377541065,-4.637757414,0.262531088,3.394272084,-4.655622398,0.274504731,3.384114160,0.023784641
1609060404.427803040,-4.660747234,0.289616178,3.394151204,-4.675741354,0.297316552,3.383445027,0.019968516
1609060404.481217146,-4.684741733,0.319337586,3.390173959,-4.713922327,0.345204064,3.381532527,0.039940657
1609060404.527707100,-4.704991412,0.345506067,3.388964678,-4.730028932,0.367221499,3.381224799,0.034034440
1609060404.571979046,-4.724491170,0.369401988,3.387578634,-4.746929920,0.391605784,3.380860447,0.032274449
1609060404.622480154,-4.743946293,0.398964530,3.386958764,-4.761497981,0.414466550,3.381085727,0.024142637
1609060404.672170162,-4.763682495,0.429518361,3.387334308,-4.776940342,0.439982977,3.381130321,0.017993559
1609060404.724748135,-4.782701576,0.461224242,3.387450817,-4.804756028,0.489999393,3.381321589,0.036769221
1609060404.777429104,-4.800235543,0.493808265,3.385299309,-4.817939917,0.517717139,3.381758443,0.029960255
1609060404.828528166,-4.814650255,0.525699478,3.386057721,-4.828646474,0.540685958,3.382768756,0.020767909
1609060404.878906012,-4.827398021,0.557756280,3.388640734,-4.840092325,0.567524408,3.383011082,0.016978064
1609060404.928469181,-4.839347291,0.588966961,3.389006171,-4.848750604,0.591703842,3.383876148,0.011055765
1609060404.978840113,-4.850759237,0.620256325,3.389626311,-4.866208488,0.644932813,3.384760026,0.029517608
1609060405.026875019,-4.860129513,0.652012308,3.389647222,-4.874323968,0.674298288,3.384546737,0.026910265
1609060405.079665184,-4.870821965,0.687554388,3.389738529,-4.882071775,0.702768820,3.384737974,0.019571478
1609060405.127121210,-4.877937357,0.718974090,3.389573386,-4.888130236,0.731767013,3.384567287,0.017105983
1609060405.180289030,-4.886793719,0.752138235,3.390129573,-4.894731192,0.760675200,3.384589266,0.012906520
1609060405.228845119,-4.893087335,0.785013437,3.390415108,-4.900996393,0.789972123,3.383995089,0.011329537
1609060405.281080008,-4.899051261,0.819293641,3.385872520,-4.910288928,0.851082551,3.383674409,0.033788336
1609060405.325997114,-4.903823292,0.850143521,3.384483336,-4.916017947,0.882210462,3.382284520,0.034377800
1609060405.378040075,-4.909843674,0.889328136,3.379720881,-4.920054141,0.913034701,3.380825906,0.025835555
1609060405.427482128,-4.914312875,0.925545562,3.375631960,-4.923778431,0.945421917,3.378941311,0.022262481
1609060405.480834007,-4.920405313,0.968759647,3.373484943,-4.928585614,0.976465610,3.375564401,0.011429057
1609060405.528052092,-4.924475532,1.003966446,3.369029226,-4.937346651,1.037431548,3.369970580,0.035867324
1609060405.577284098,-4.931151782,1.045172522,3.367284896,-4.941328983,1.070228773,3.367175309,0.027044466
1609060405.626881123,-4.937508266,1.086729526,3.363628647,-4.945905352,1.105248336,3.364305328,0.020344908
1609060405.678483009,-4.945063548,1.128962852,3.359216067,-4.951752903,1.138998125,3.361280519,0.012235854
1609060405.728350163,-4.952716827,1.169898429,3.354520553,-4.957110214,1.171267954,3.357800027,0.005650876
1609060405.780021191,-4.962448157,1.210521308,3.349434962,-4.968663755,1.238279619,3.350308871,0.028459115
1609060405.825129032,-4.971108723,1.246813253,3.344974401,-4.977456984,1.271137361,3.345358633,0.025141803
1609060405.879862070,-4.981797452,1.288954431,3.339682577,-4.985221059,1.303628664,3.340779490,0.015108190
1609060405.927932024,-4.990937218,1.327640662,3.335622108,-4.992859770,1.338746112,3.336900235,0.011342876
1609060405.978623152,-5.000647851,1.367908701,3.332343545,-5.000765494,1.372575224,3.332525446,0.004671549
1609060406.030205011,-5.013514851,1.409497078,3.327034570,-5.011129491,1.406599861,3.327593533,0.003794239
1609060406.079104185,-5.025961749,1.446565710,3.318708161,-5.035263960,1.470966464,3.316439318,0.026212126
1609060406.128489017,-5.040709407,1.483745389,3.311427630,-5.047961556,1.504027310,3.310043115,0.021583950
1609060406.177798986,-5.056168555,1.522127777,3.300391699,-5.062702906,1.536828260,3.303432197,0.016372128
1609060406.227044106,-5.073354152,1.558553221,3.292296896,-5.076851652,1.567351285,3.296798240,0.010483345
1609060406.280534029,-5.093212329,1.595298565,3.290150623,-5.093096241,1.600174926,3.290225278,0.004878314
1609060406.329967022,-5.112932835,1.629204366,3.283964921,-5.130363751,1.661111248,3.278551690,0.036758523
1609060406.378149986,-5.134504624,1.661738578,3.278068812,-5.149266502,1.688983738,3.273355724,0.031343660
1609060406.428543091,-5.158382604,1.695469081,3.272491828,-5.171520027,1.718707444,3.267974398,0.027074352
1609060406.480351210,-5.188966111,1.733424373,3.270590261,-5.193102693,1.745316012,3.263272531,0.014562676
1609060406.530244112,-5.216687387,1.764917757,3.266915738,-5.238683296,1.798298680,3.254349977,0.041904706
1609060406.578059196,-5.244258095,1.796174954,3.260058051,-5.260534521,1.822390728,3.251193659,0.032105549
1609060406.621797085,-5.269358110,1.823262817,3.256720624,-5.285687783,1.847737072,3.247376093,0.030870174
1609060406.670320034,-5.298411219,1.851115318,3.250270061,-5.312735616,1.871432221,3.243914818,0.025658410
1609060406.728110075,-5.335721281,1.883095690,3.244515545,-5.341216205,1.895887609,3.241060826,0.014344423
1609060406.779551983,-5.371169828,1.912276407,3.238021831,-5.368379952,1.919714113,3.238686529,0.007971493
1609060406.824823141,-5.401480898,1.936867204,3.235327940,-5.424739830,1.963734917,3.234139650,0.035556490
1609060406.878969193,-5.437886931,1.966579369,3.234768892,-5.451928441,1.984139435,3.233619171,0.022513147
1609060406.927206039,-5.470024707,1.991803915,3.232820380,-5.480224011,2.006372946,3.232202605,0.017795058
1609060406.980704069,-5.504883952,2.019155612,3.230714253,-5.507430190,2.027245513,3.231565480,0.008523756
1609060407.027716160,-5.534977244,2.042465959,3.229108441,-5.563415554,2.068366326,3.228798690,0.038466380
1609060407.079115152,-5.569426711,2.067864311,3.228352629,-5.592787187,2.088664260,3.227226119,0.031298862
1609060407.127367020,-5.601634059,2.092188939,3.226810629,-5.621257585,2.108585153,3.225930003,0.025586990
1609060407.177980185,-5.636944513,2.115638933,3.224734352,-5.651332130,2.129263871,3.224669684,0.019815313
1609060407.227697134,-5.669584437,2.139777170,3.222940503,-5.678667159,2.149298897,3.223125995,0.013160301
1609060407.280601978,-5.704484508,2.162138757,3.221558825,-5.733798819,2.189266897,3.219188798,0.040011022
1609060407.327654123,-5.734601996,2.184262395,3.218714662,-5.761771782,2.209109678,3.215727118,0.036939276
1609060407.378270149,-5.766082246,2.208522804,3.214322315,-5.787626004,2.227476236,3.212160492,0.028775677
1609060407.428651094,-5.796043297,2.231420843,3.209176545,-5.812437499,2.246020677,3.208030771,0.021982671
1609060407.481408119,-5.826465502,2.255724987,3.202497276,-5.837624346,2.266541310,3.202610716,0.015541091
1609060407.527852058,-5.852958795,2.277673972,3.197168180,-5.888118244,2.305519001,3.192290747,0.045114541
1609060407.578287125,-5.886599436,2.300864347,3.185985078,-5.913013302,2.325686420,3.187387745,0.036273890
1609060407.625300169,-5.913922211,2.322632003,3.179746590,-5.936303592,2.344866431,3.182854141,0.031700992
1609060407.681172132,-5.947435466,2.353947411,3.172091030,-5.962095751,2.365624670,3.177563950,0.019525245
1609060407.728523016,-5.975313890,2.378719497,3.166535055,-5.986885100,2.387628692,3.173488718,0.016174675
1609060407.779933214,-6.009741139,2.408259662,3.162282154,-6.038366670,2.430070916,3.164162334,0.036037299
1609060407.826332092,-6.039183746,2.433481983,3.157828165,-6.063224835,2.449893805,3.161159779,0.029298832
1609060407.879067183,-6.071821538,2.460338128,3.154334420,-6.089315578,2.473775290,3.156644736,0.022179637
1609060407.927498102,-6.102158989,2.488123159,3.150564492,-6.118331048,2.498319845,3.152829948,0.019252017
1609060407.977844000,-6.134851109,2.515783992,3.145834039,-6.146100066,2.523450317,3.149262014,0.014037898
1609060408.026247978,-6.164657125,2.540600550,3.142330376,-6.172948903,2.545311123,3.145317229,0.009993217
1609060408.080068111,-6.198865456,2.566796345,3.137338671,-6.226026967,2.588980424,3.139214202,0.035119776
1609060408.129019022,-6.230482262,2.592628049,3.133674931,-6.251462730,2.609626966,3.136697290,0.027171269
1609060408.178281069,-6.262529401,2.617888411,3.129786948,-6.277666828,2.630686350,3.134071326,0.020280158
1609060408.225942135,-6.293496931,2.642618071,3.126356100,-6.306603188,2.654550454,3.130489766,0.018200081
1609060408.279213190,-6.328299360,2.668801326,3.126229631,-6.337786167,2.678065475,3.128097626,0.013390794
1609060408.328937054,-6.361333063,2.693835795,3.124056816,-6.366294200,2.701039791,3.125723531,0.008904402
1609060408.380493164,-6.394463245,2.720368652,3.123806453,-6.423366729,2.744613754,3.121631531,0.037788446
1609060408.428739071,-6.425241733,2.744384908,3.122358981,-6.449945869,2.765452127,3.119557336,0.032587901
1609060408.479394197,-6.457978125,2.767478679,3.119766282,-6.476059599,2.785988954,3.116895597,0.026034801
1609060408.527713060,-6.487352314,2.789931564,3.116599460,-6.503378329,2.806696823,3.113186364,0.023442617
1609060408.579924107,-6.518243058,2.812403043,3.109194631,-6.531505124,2.827133102,3.110353296,0.019854458
1609060408.628437996,-6.546952053,2.833866370,3.107329182,-6.557415999,2.846757298,3.109568086,0.016753593
1609060408.681055069,-6.577554380,2.856454367,3.109243805,-6.582794858,2.865024819,3.109981177,0.010072685
1609060408.727375984,-6.604322097,2.875275410,3.113858809,-6.633230136,2.898883356,3.119173239,0.037699509
1609060408.778818130,-6.636106996,2.897787103,3.125246248,-6.656962401,2.915823432,3.126706219,0.027611386
1609060408.827222109,-6.662900367,2.916258819,3.134776362,-6.680223255,2.931474342,3.135410274,0.023065047
1609060408.878816128,-6.692871307,2.938149494,3.144351509,-6.702481243,2.947167003,3.143612393,0.013198963
1609060408.928865194,-6.719984670,2.957836062,3.154388593,-6.723903034,2.963157463,3.151873866,0.007070696
1609060408.979489088,-6.747766057,2.977060759,3.165739246,-6.769146314,2.992935079,3.169215655,0.026855071
1609060409.026559114,-6.773485496,2.993781319,3.176248210,-6.791638032,3.007752503,3.178743291,0.023042005
1609060409.079119205,-6.802457093,3.012325105,3.187716441,-6.813870670,3.022184125,3.188490096,0.015101938
1609060409.129620075,-6.828149260,3.030728606,3.199109753,-6.835948577,3.036958089,3.197517062,0.010108039
1609060409.179974079,-6.854876774,3.049734234,3.209636599,-6.858609976,3.052069021,3.206560369,0.005371333
1609060409.227297068,-6.881818343,3.067827170,3.219525620,-6.903846950,3.082189643,3.220670293,0.026322053
1609060409.280170202,-6.912674296,3.086018585,3.232444052,-6.927387957,3.096985893,3.227347720,0.019045899
1609060409.327556133,-6.939445266,3.103568610,3.240775929,-6.951736137,3.113318122,3.233138758,0.017448349
1609060409.378501177,-6.968529497,3.123532302,3.246889373,-6.978315963,3.131276224,3.240273470,0.014124922
1609060409.429986000,-7.000610667,3.143543024,3.254479385,-7.004722420,3.147678654,3.245486713,0.010718120
1609060409.481420994,-7.033485934,3.165166620,3.260816800,-7.033066783,3.165772052,3.250727319,0.010116316
1609060409.528619051,-7.064369072,3.185002916,3.265964348,-7.089180742,3.202535543,3.259033863,0.031161572
1609060409.578970194,-7.096256551,3.206438554,3.269234341,-7.121133372,3.221162893,3.261807630,0.029846581
1609060409.628424168,-7.131833981,3.228648532,3.271040504,-7.152734609,3.240158063,3.263846425,0.024921081
1609060409.680056095,-7.171408472,3.251982435,3.274512819,-7.185814859,3.261052586,3.265834367,0.019108301
1609060409.729544163,-7.209516541,3.275731875,3.276182169,-7.220417118,3.281777866,3.268471085,0.014657332
1609060409.781149149,-7.254707920,3.302539815,3.282052845,-7.289729631,3.323050794,3.270537568,0.042187937
1609060409.829326153,-7.294845876,3.326396144,3.285157932,-7.325848084,3.346346740,3.272284022,0.039049978
1609060409.878853083,-7.338519733,3.354081693,3.286408624,-7.360631888,3.368405922,3.274030012,0.029109466
1609060409.927361012,-7.381970899,3.381597432,3.289502847,-7.399310881,3.391227030,3.276189855,0.023888070
1609060409.980737209,-7.429564717,3.411902949,3.290694868,-7.436118839,3.414549071,3.278453783,0.014135156
1609060410.028295040,-7.472938560,3.439242197,3.292090727,-7.511405847,3.461954158,3.282356924,0.045719933
1609060410.078970194,-7.521091230,3.469337653,3.292397178,-7.551601892,3.485580779,3.283740177,0.035632616
1609060410.128543139,-7.568298752,3.497887668,3.293342184,-7.590299923,3.508848998,3.285549804,0.025786110
1609060410.179124117,-7.618028927,3.527161781,3.293558826,-7.631817139,3.534098334,3.287257931,0.016671287
1609060410.228488207,-7.666786064,3.556613459,3.294279757,-7.672476268,3.556881296,3.288971447,0.007786418
1609060410.279890060,-7.715770987,3.586618058,3.294498709,-7.715593526,3.582827181,3.289759814,0.006071191
1609060410.329349995,-7.763191325,3.616138963,3.296147975,-7.795583176,3.634384330,3.292179142,0.037388194
1609060410.377452135,-7.809912676,3.644406640,3.298380404,-7.833840081,3.657581047,3.293491204,0.027748694
1609060410.427040100,-7.856382367,3.674076798,3.299631859,-7.874911812,3.682738301,3.294341723,0.021126937
1609060410.481698990,-7.908485757,3.707427555,3.304472066,-7.913724946,3.709000319,3.295267355,0.010707446
1609060410.527576208,-7.950152576,3.735986468,3.305999339,-7.952092610,3.736517150,3.295382032,0.010806136
1609060410.578217983,-7.994250967,3.768837108,3.300952158,-7.993897067,3.765899529,3.295706903,0.006022236
1609060410.627376080,-8.038754686,3.801756945,3.300970203,-8.074512376,3.823435100,3.297940019,0.041925372
1609060410.679148197,-8.085340144,3.837158408,3.307633296,-8.113471599,3.853113912,3.298560368,0.033589803
1609060410.726834059,-8.127617685,3.870675154,3.308708574,-8.153757664,3.883262601,3.299065795,0.030573281
1609060410.779208183,-8.176962998,3.905415442,3.309456946,-8.192296729,3.913573640,3.299098139,0.020223362
1609060410.828528166,-8.219861797,3.939687669,3.311249091,-8.230586261,3.944176375,3.300923532,0.015549269
1609060410.879283190,-8.268705516,3.980054350,3.314831136,-8.307347926,4.008860388,3.302188325,0.049828349
1609060410.928606033,-8.312582954,4.018147880,3.317341539,-8.344833882,4.042261987,3.304494531,0.042268879
1609060410.978766203,-8.359576274,4.058117827,3.316924204,-8.381844754,4.074291528,3.306239896,0.029523351
1609060411.025828123,-8.401514858,4.095664155,3.318314793,-8.418739799,4.108837422,3.307518514,0.024223815
1609060411.080110073,-8.450444943,4.136854709,3.314416715,-8.457160598,4.143789499,3.308290638,0.011433292
1609060411.129387140,-8.493689868,4.177912429,3.313237418,-8.527240010,4.212174116,3.308076261,0.048229791
1609060411.176635981,-8.534896707,4.218530911,3.310659251,-8.560219373,4.246024466,3.307775636,0.037489309
1609060411.226155996,-8.576640598,4.260363022,3.309572829,-8.594956696,4.281689547,3.307478726,0.028190165
1609060411.277624130,-8.619042297,4.304314136,3.307718749,-8.629288075,4.317966895,3.307172625,0.017078410
1609060411.326937199,-8.659866277,4.346527847,3.306820264,-8.663829321,4.354356281,3.307561404,0.008805646
1609060411.379705191,-8.702583897,4.389383281,3.306175069,-8.695954199,4.388849587,3.306800911,0.006680524
1609060411.427775145,-8.740459496,4.429566733,3.305667846,-8.760647549,4.458088175,3.305826729,0.034943603
1609060411.470930099,-8.773810017,4.466259103,3.306871785,-8.791361406,4.492070276,3.306591489,0.031214523
1609060411.521054029,-8.811479416,4.507589038,3.307930033,-8.823911192,4.528168414,3.307903280,0.024042888
1609060411.580197096,-8.855393731,4.555600963,3.310694862,-8.854979278,4.562859237,3.310098431,0.007294522
1609060411.626838207,-8.888970901,4.592887856,3.312526718,-8.914551498,4.631110544,3.312916850,0.045994490
1609060411.679201126,-8.924414194,4.636166089,3.313927430,-8.942901831,4.662802358,3.315008690,0.032441526
1609060411.728243113,-8.958349583,4.675464565,3.316064660,-8.973812275,4.697414630,3.316451012,0.026852365
1609060411.778196096,-8.992679552,4.715774365,3.319021297,-9.002611575,4.731784318,3.318297857,0.018854364
1609060411.838414192,-9.033224966,4.765636000,3.322776193,-9.064189697,4.805679204,3.324626700,0.050652711
1609060411.878583193,-9.059043558,4.799189616,3.325460043,-9.092052647,4.839513333,3.327946300,0.052170715
1609060411.925848007,-9.089394286,4.837473063,3.328698166,-9.120851046,4.874568944,3.330182574,0.048660411
1609060411.970710993,-9.121702375,4.875354112,3.330113657,-9.148542273,4.908376065,3.333784305,0.042711863
1609060412.021212101,-9.154120599,4.916813528,3.333168224,-9.176797671,4.944046389,3.336087880,0.035558441
1609060412.070445061,-9.188954805,4.960530514,3.335851918,-9.203205317,4.977344834,3.338539435,0.022204081
1609060412.129059076,-9.227516408,5.011521859,3.339516766,-9.258096670,5.049297038,3.344359244,0.048842258
1609060412.171797991,-9.257311253,5.049267310,3.344043411,-9.283635795,5.082999536,3.347704886,0.042944743
1609060412.220314980,-9.289905262,5.091931062,3.348120890,-9.310968204,5.119076352,3.350838966,0.034465958
1609060412.280927181,-9.330664377,5.144180086,3.355197125,-9.337447829,5.154887614,3.354586863,0.012690107
1609060412.328114033,-9.360917747,5.185042300,3.359953182,-9.365246384,5.191334963,3.358942910,0.007704243
1609060412.381548166,-9.393933629,5.232260467,3.365503002,-9.415811768,5.264211902,3.367965506,0.038802205
1609060412.426798105,-9.421625785,5.271714892,3.370325411,-9.441502158,5.299788315,3.370944971,0.034403069
1609060412.481037140,-9.453659991,5.319679811,3.377244315,-9.464695819,5.334142852,3.374834381,0.018351481
1609060412.528138161,-9.480926981,5.361031212,3.381664747,-9.492153734,5.374312812,3.378606071,0.017657757
1609060412.578795195,-9.508335856,5.404892272,3.386468153,-9.518749157,5.413705582,3.381745149,0.014436690
1609060412.628405094,-9.535136432,5.447607788,3.390490148,-9.543198977,5.450949754,3.385282549,0.010163290
1609060412.680060148,-9.562052426,5.489968266,3.393856019,-9.590949967,5.523176545,3.389575903,0.044228691
1609060412.727285147,-9.586726245,5.530375811,3.396769194,-9.613563769,5.558644480,3.391082600,0.039391721
1609060412.778535128,-9.614641449,5.572524259,3.397808739,-9.635515287,5.592455047,3.393229012,0.029222034
1609060412.828056097,-9.639496504,5.612479772,3.400263313,-9.657599551,5.626674465,3.394317328,0.023760563
1609060412.880711079,-9.668548099,5.651077680,3.400858563,-9.679991496,5.658382286,3.395304440,0.014668227
1609060412.929073095,-9.691522610,5.686298907,3.402033858,-9.719199243,5.721520222,3.399489244,0.044866603
1609060412.978442192,-9.713730994,5.723654254,3.404680195,-9.736752146,5.751413558,3.401142069,0.036236318
1609060413.026663065,-9.734814726,5.757341351,3.406517971,-9.756335749,5.780950163,3.401452337,0.032344877
1609060413.079564095,-9.759858675,5.795961539,3.406529946,-9.774241999,5.810991576,3.403553904,0.021015204
1609060413.128509045,-9.780860475,5.829364082,3.408319663,-9.793521675,5.842402056,3.404811657,0.018509480
1609060413.179367065,-9.806368034,5.865713069,3.410793508,-9.829280507,5.897996061,3.408745226,0.039640490
1609060413.225435019,-9.825953205,5.895932338,3.412944403,-9.845538880,5.924289762,3.410064483,0.034583755
1609060413.280374050,-9.849877393,5.932124602,3.415440922,-9.861620072,5.949624334,3.411366988,0.021464577
1609060413.327057123,-9.868519367,5.960248114,3.416797129,-9.877444592,5.974007345,3.412166020,0.017041809
1609060413.379295111,-9.889749335,5.990561876,3.419429662,-9.893091007,5.999527880,3.414048336,0.010977918
1609060413.429748058,-9.909238978,6.019454617,3.422154713,-9.923353379,6.044215240,3.417961897,0.028807716
1609060413.477909088,-9.927126464,6.046672244,3.424861570,-9.937612143,6.066609172,3.419750626,0.023098751
1609060413.527525187,-9.945408821,6.073061104,3.427735187,-9.951776407,6.088334729,3.421732345,0.017602951
1609060413.577910185,-9.964288817,6.098327052,3.431004029,-9.965398880,6.109496445,3.423565846,0.013465294
1609060413.626291037,-9.981057163,6.121683430,3.433383858,-9.979675845,6.129876718,3.426205620,0.010980215
1609060413.681443214,-10.000333806,6.146250014,3.434150661,-9.994041701,6.150071149,3.427559657,0.009880941
1609060413.729362011,-10.016859814,6.167951946,3.436050410,-10.021546810,6.188077148,3.430981574,0.021276390
1609060413.778925180,-10.031660703,6.187815357,3.438321567,-10.034673459,6.205842104,3.432566473,0.019161456
1609060413.825621128,-10.046190956,6.207443019,3.440075469,-10.047386310,6.223604830,3.434300869,0.017204041
1609060413.870529175,-10.056750861,6.224587854,3.440373669,-10.060391991,6.241308128,3.435146419,0.017892722
1609060413.926827192,-10.072606478,6.246181770,3.442230263,-10.073031665,6.257961945,3.436366051,0.013165952
1609060413.980643988,-10.087125531,6.267337812,3.447563318,-10.086426228,6.274578129,3.438065361,0.011963378
1609060414.029057980,-10.099455373,6.284264320,3.450288971,-10.110456767,6.305484886,3.442153971,0.025249185
1609060414.078119040,-10.111559785,6.301575706,3.453411168,-10.122192590,6.320094663,3.445271001,0.022853241
1609060414.129755020,-10.124047091,6.318660141,3.458225731,-10.133808759,6.333925897,3.448592346,0.020521588
1609060414.178076982,-10.138108649,6.335068814,3.460675389,-10.145359824,6.347853656,3.452021990,0.017056173
1609060414.237054110,-10.151925998,6.353667512,3.466448728,-10.167206683,6.374418483,3.459520838,0.026685161
1609060414.278896093,-10.163687439,6.365883674,3.468264576,-10.177966839,6.386555360,3.464009824,0.025481813
1609060414.326367140,-10.174250713,6.379589013,3.472752298,-10.188234498,6.398240264,3.468043668,0.023782065
1609060414.372323990,-10.184276275,6.393938353,3.475902678,-10.197489494,6.408864935,3.472082471,0.020297438
1609060414.422741175,-10.195433331,6.407968514,3.480518398,-10.207347295,6.419573154,3.476242559,0.017172449
1609060414.469741106,-10.208117335,6.419238444,3.486196777,-10.216558605,6.428823310,3.480188256,0.014114780
1609060414.523486137,-10.220407897,6.431717477,3.491618204,-10.225726554,6.438636039,3.484769405,0.011093271
1609060414.571552992,-10.231928236,6.441871217,3.494860897,-10.243232714,6.457982797,3.493200236,0.019751760
1609060414.619873047,-10.242215864,6.452180791,3.499269799,-10.252068980,6.466961590,3.497059684,0.017900853
1609060414.671653986,-10.253753159,6.462124881,3.504929214,-10.260164261,6.475381868,3.500694866,0.015322520
1609060414.721688986,-10.263557745,6.471222484,3.509460844,-10.268517043,6.483702097,3.504631358,0.014270925
1609060414.773606062,-10.274043892,6.480351658,3.513446709,-10.276112772,6.490940425,3.508715708,0.011780689
1609060414.820553064,-10.283124338,6.488170500,3.518073237,-10.284151412,6.498414104,3.512617359,0.011651305
1609060414.871097088,-10.293741328,6.496335842,3.520381393,-10.299617509,6.513045558,3.520400265,0.017712834
1609060414.921655178,-10.303126635,6.504740946,3.524921229,-10.306968768,6.520358333,3.524163557,0.016100895
1609060414.970494986,-10.313041767,6.513773464,3.530532555,-10.314818272,6.527673072,3.528656075,0.014137759
1609060415.021867990,-10.322570752,6.522181095,3.535497662,-10.321796816,6.534432495,3.532651997,0.012601333
1609060415.071359158,-10.328818382,6.532349733,3.540647258,-10.329501543,6.541301761,3.536063077,0.010080686
1609060415.122093201,-10.335936612,6.539559934,3.545532488,-10.343528413,6.552949671,3.544686316,0.015415464
1609060415.169690132,-10.342268474,6.546492825,3.549906427,-10.349530082,6.558146521,3.548536783,0.013799112
1609060415.270138025,-10.356455708,6.561479768,3.562149973,-10.363206947,6.570112975,3.559661959,0.011238403
1609060415.335822105,-10.363906105,6.570339209,3.569816690,-10.374889660,6.580950293,3.569555413,0.015274222
1609060415.385161161,-10.370881767,6.577211585,3.577397244,-10.380185134,6.586508847,3.574555470,0.013456129
1609060415.426522017,-10.374769664,6.582170058,3.582514997,-10.385507975,6.590662524,3.579529241,0.014012425
1609060415.478945017,-10.382615117,6.588057375,3.587746239,-10.390721166,6.595229971,3.584624919,0.011264848
1609060415.527222157,-10.387407960,6.593576092,3.594165431,-10.395086073,6.599065501,3.589514604,0.010522225
1609060415.579497099,-10.391574738,6.597817480,3.600934229,-10.399315209,6.601633383,3.594373820,0.010840432
1609060415.625437021,-10.395386945,6.600618925,3.606512781,-10.407075346,6.605830931,3.604038523,0.013034788
1609060415.671557188,-10.400511989,6.603263871,3.610611275,-10.410777621,6.607541792,3.609420306,0.011184911
1609060415.721713066,-10.404115480,6.605425526,3.616781299,-10.414446842,6.609573560,3.614156059,0.011438317
1609060415.778937101,-10.409996169,6.607579797,3.621764270,-10.417673130,6.612020450,3.619341866,0.009193648
1609060415.826449156,-10.414093886,6.609497278,3.627758346,-10.421627457,6.613170870,3.625245902,0.008749991
1609060415.880214214,-10.418949110,6.611322239,3.635758695,-10.424834853,6.613691147,3.630722769,0.008100263
1609060415.929654121,-10.422808613,6.611756255,3.642067949,-10.430126654,6.613673511,3.640045956,0.007830585
1609060415.978931189,-10.428707277,6.610959397,3.648039526,-10.432765786,6.612973346,3.644330168,0.005855495
1609060416.026129007,-10.432024429,6.609359226,3.654348131,-10.435239915,6.611798425,3.650192584,0.005792893
1609060416.071283102,-10.435328520,6.607777442,3.658509553,-10.437689939,6.610717505,3.655546343,0.004795924
1609060416.132973194,-10.440172760,6.606191532,3.666442816,-10.440474579,6.609763044,3.661252584,0.006307559
1609060416.179527044,-10.443147174,6.605776274,3.670290258,-10.443613860,6.608260705,3.666682625,0.004405135
1609060416.224436998,-10.446403593,6.604684053,3.674965110,-10.449591663,6.605761003,3.676437735,0.003673178
1609060416.281552076,-10.450223411,6.603334220,3.681634950,-10.453500432,6.604559294,3.681166333,0.003529770
1609060416.327483177,-10.454107559,6.601688893,3.686702883,-10.457605830,6.603137691,3.686113786,0.003831964
1609060416.379132032,-10.459851114,6.597695156,3.692589707,-10.461793922,6.600858050,3.691152503,0.003980447
1609060416.428481102,-10.463300045,6.594349485,3.699497462,-10.464483500,6.599204189,3.696635623,0.005758371
1609060416.478361130,-10.469439303,6.592174058,3.709097700,-10.473109436,6.593190664,3.708463675,0.003860745
1609060416.527779102,-10.474674993,6.589289061,3.716928797,-10.478351268,6.590777317,3.714772194,0.004514514
1609060416.578441143,-10.481019933,6.584734900,3.723066278,-10.482976894,6.588346166,3.720397259,0.004898429
1609060416.625756025,-10.486674138,6.581434635,3.729759695,-10.487869569,6.585217097,3.725875031,0.005552178
1609060416.688992977,-10.494031891,6.576859920,3.738497311,-10.499874077,6.577980873,3.739542448,0.006039866
1609060416.735008001,-10.499107696,6.571707165,3.745771318,-10.504487177,6.574561229,3.746493768,0.006132408
1609060416.779157162,-10.504495016,6.566956882,3.753383918,-10.509224206,6.570949464,3.752877012,0.006209903
1609060416.830991983,-10.510617492,6.560853672,3.761151172,-10.515453130,6.565777730,3.759586200,0.007076643
1609060416.901623011,-10.518689524,6.550768255,3.771541100,-10.526250767,6.553616806,3.773877799,0.008411112
1609060416.940310001,-10.523163466,6.543854920,3.779491861,-10.531003380,6.546871059,3.779668487,0.008401937
1609060416.983126163,-10.528692604,6.537052592,3.786440171,-10.536795236,6.538796460,3.786449909,0.008288173
1609060417.031743050,-10.534084994,6.527679870,3.793836932,-10.542507823,6.531103878,3.794049345,0.009094668
1609060417.080188990,-10.540952989,6.518651461,3.803473233,-10.547069218,6.523016706,3.799520896,0.008490265
1609060417.128481150,-10.545922587,6.507810279,3.811422651,-10.552532174,6.512982331,3.806566145,0.009696515
1609060417.178506136,-10.552620916,6.496861648,3.817526539,-10.556291256,6.503639663,3.813060263,0.008908451
1609060417.229984999,-10.556822159,6.483639553,3.825466962,-10.560030568,6.493156084,3.819762286,0.011549961
1609060417.281683207,-10.560718938,6.470624636,3.831613946,-10.566672683,6.467821481,3.830707589,0.006642758
1609060417.327920198,-10.563198455,6.457281431,3.838036551,-10.568988304,6.454998208,3.838170370,0.006225220
1609060417.380889177,-10.566681046,6.440187266,3.845295919,-10.571036873,6.441146152,3.843463581,0.004821841
1609060417.427345037,-10.567856355,6.425079195,3.851468994,-10.573082598,6.426725769,3.846941619,0.007107879
1609060417.482033014,-10.572240802,6.401579727,3.856619593,-10.574211160,6.411461458,3.852597078,0.010849496
1609060417.528115988,-10.573099753,6.384028462,3.862102821,-10.574812618,6.381749326,3.864496236,0.003722473
1609060417.578565121,-10.574553250,6.363898465,3.870680112,-10.575385072,6.363429303,3.867805303,0.003029284
1609060417.628115177,-10.574406079,6.343609180,3.876495540,-10.574400493,6.347455226,3.871236271,0.006515521
1609060417.680741072,-10.574973267,6.322942276,3.881903427,-10.572791039,6.329853086,3.875472404,0.009689141
1609060417.728932142,-10.573839988,6.303089861,3.886173495,-10.571486899,6.311863240,3.879749737,0.011125371
1609060417.780569077,-10.571112905,6.280965341,3.889792171,-10.566963204,6.274797725,3.888370413,0.007568415
1609060417.827723026,-10.568003928,6.259911974,3.894134337,-10.563505754,6.256993976,3.892623286,0.005570597
1609060417.878182173,-10.563757622,6.238268032,3.898732167,-10.559479815,6.237101755,3.896270029,0.005071682
1609060417.928631067,-10.557593542,6.214508140,3.903322181,-10.555517511,6.217211965,3.898656047,0.005778701
1609060417.978594065,-10.550570119,6.191019368,3.908216587,-10.549839448,6.195870110,3.900944343,0.008772064
1609060418.027911186,-10.543201094,6.166841139,3.912355783,-10.538854060,6.154896101,3.908986879,0.013150291
1609060418.080447197,-10.534866060,6.140469546,3.916279558,-10.532453511,6.131367463,3.910449398,0.011075156
1609060418.127730131,-10.525755333,6.116615280,3.919988152,-10.524484270,6.111345071,3.914250539,0.007893725
1609060418.178858995,-10.518665371,6.091659464,3.922539529,-10.517049468,6.088855874,3.917159653,0.006278083
1609060418.229143143,-10.507575870,6.064950841,3.925774002,-10.509626562,6.067229424,3.917718774,0.008618815
1609060418.278476000,-10.496481116,6.039825797,3.929666293,-10.489664297,6.021884973,3.923700466,0.020098092
1609060418.327845097,-10.483409478,6.012938544,3.932523884,-10.478670679,5.998035522,3.924089730,0.017767701
1609060418.379217148,-10.471235223,5.984878459,3.934783825,-10.468606525,5.974056173,3.927273415,0.013432727
1609060418.427738190,-10.457012872,5.957249807,3.937460910,-10.456091056,5.950399441,3.926559964,0.012907668
1609060418.479364157,-10.441519241,5.927984576,3.939308196,-10.443737338,5.923597127,3.931224481,0.009461296
1609060418.530038118,-10.424497615,5.898219500,3.942171075,-10.430318986,5.898947648,3.934096923,0.009980506
1609060418.580530167,-10.409412648,5.867059708,3.946701549,-10.400687955,5.845932592,3.936520902,0.025022408
1609060418.627577066,-10.391709358,5.837570460,3.949847163,-10.385785101,5.818245606,3.937185044,0.023851123
1609060418.679231167,-10.373040869,5.800703692,3.948871283,-10.370237672,5.792265310,3.939369378,0.013013470
1609060418.727707148,-10.353848519,5.768788685,3.952256805,-10.353086870,5.765920286,3.942008232,0.010669633
1609060418.779791117,-10.333041603,5.735700788,3.954018928,-10.336896116,5.739734153,3.944717338,0.010846422
1609060418.826940060,-10.313573429,5.704448189,3.956669165,-10.319781490,5.711526541,3.948332253,0.012575658
1609060418.877894163,-10.293288447,5.671229594,3.957397329,-10.282068726,5.657161959,3.954143942,0.018285652
1609060418.928442001,-10.270086681,5.637397094,3.959979611,-10.265350019,5.631354853,3.958421583,0.007834034
1609060418.980247021,-10.245330933,5.604351388,3.962212182,-10.245467733,5.602675752,3.958610580,0.003974671
1609060419.028758049,-10.221794072,5.571906565,3.965098299,-10.227476738,5.577855323,3.962240211,0.008709138
1609060419.080204010,-10.196203708,5.537787286,3.968435732,-10.187113455,5.521172028,3.967241198,0.018976996
1609060419.127290010,-10.172387320,5.506579200,3.971629166,-10.166400840,5.491617617,3.969712230,0.016228418
1609060419.179020166,-10.146920398,5.474119779,3.975545139,-10.146453425,5.464052880,3.972256729,0.010600668
1609060419.227241039,-10.122231148,5.442625263,3.979221155,-10.125975991,5.435881822,3.976303047,0.008247012
1609060419.280115128,-10.096430228,5.408625313,3.985461848,-10.106768837,5.408621772,3.979505953,0.011931452
1609060419.327326059,-10.071469267,5.377660833,3.991458136,-10.064809287,5.353212512,3.989507129,0.025414211
1609060419.378854990,-10.048223979,5.346232455,4.001150370,-10.043651240,5.325573684,3.997252146,0.021514899
1609060419.471464157,-10.003003342,5.284618847,4.014402126,-10.000273734,5.268369608,4.009397821,0.017220093
1609060419.537253141,-9.970055179,5.242183489,4.025407214,-9.958603231,5.212972437,4.020084791,0.031823904
1609060419.585476160,-9.945381284,5.212541160,4.031050703,-9.937848766,5.185379365,4.027093882,0.028463281
1609060419.629018068,-9.923588450,5.185014769,4.037856263,-9.917568584,5.157872476,4.030832359,0.028675392
1609060419.673011065,-9.902775809,5.154784747,4.042213939,-9.895726963,5.130354288,4.038435684,0.025706201
1609060419.726917028,-9.875554277,5.119655064,4.049773682,-9.875406267,5.102208725,4.041181885,0.019447766
1609060419.777944088,-9.849145839,5.084910138,4.054571346,-9.855991803,5.075945628,4.047514232,0.013305356
1609060419.829607010,-9.822820124,5.050384909,4.060859536,-9.814036285,5.022868433,4.057518647,0.029077032
1609060419.879155159,-9.797809828,5.018113059,4.064087770,-9.794930926,4.996020529,4.064803051,0.022290796
1609060419.928565025,-9.774052102,4.986079867,4.071853437,-9.774287993,4.967847767,4.066096926,0.019120736
1609060419.977845192,-9.748872782,4.953106291,4.076891320,-9.752928294,4.939808002,4.072067045,0.014716157
1609060420.026153088,-9.723617369,4.920622089,4.081160926,-9.731066488,4.910087413,4.074814391,0.014378709
1609060420.080102205,-9.697226996,4.885443882,4.085602255,-9.709219014,4.880888626,4.078904588,0.014471269
1609060420.127996206,-9.673542305,4.853912789,4.089360613,-9.668802405,4.826559536,4.085359276,0.028047778
1609060420.178651094,-9.650491436,4.821586791,4.093331577,-9.649618262,4.801585930,4.087813000,0.020766597
1609060420.225896120,-9.627061068,4.790464819,4.096097613,-9.628757826,4.773464033,4.091219596,0.017767971
1609060420.278553009,-9.601634931,4.756420713,4.096388362,-9.609113624,4.746672054,4.092985843,0.012749288
1609060420.329905987,-9.575773622,4.722565306,4.098002368,-9.588210415,4.719030231,4.096467656,0.013020212
1609060420.379353046,-9.554747779,4.688948076,4.102333623,-9.547532729,4.665121219,4.101721019,0.024902838
1609060420.425460100,-9.532329095,4.658792050,4.103890917,-9.525507892,4.637493367,4.102810315,0.022390409
1609060420.478222132,-9.510337292,4.624941985,4.107987600,-9.507143247,4.610391307,4.104886396,0.015216492
1609060420.527751207,-9.486378090,4.591808493,4.110078598,-9.485237705,4.583495396,4.107031649,0.008927035
1609060420.579862118,-9.464609070,4.560484007,4.114469624,-9.464758035,4.555146001,4.109011933,0.007635633
1609060420.629007101,-9.440969720,4.528660644,4.116988097,-9.423079666,4.501279520,4.112258604,0.033047664
1609060420.681604147,-9.416578045,4.495214344,4.119614242,-9.400918253,4.472320381,4.114261891,0.028249076
1609060420.727938175,-9.394482834,4.465908348,4.122026744,-9.379640627,4.445614952,4.115858110,0.025887547
1609060420.778449059,-9.365637685,4.432127513,4.126553788,-9.357730255,4.418451481,4.116675155,0.018631927
1609060420.827750206,-9.339534349,4.400464328,4.129169830,-9.335015807,4.392347147,4.117349168,0.015034423
1609060420.880737066,-9.311244756,4.367370346,4.129195495,-9.312129174,4.364373845,4.119559721,0.010129627
1609060420.928517103,-9.283481255,4.337271110,4.130968559,-9.265412670,4.313055849,4.120017024,0.032137031
1609060420.978013039,-9.256119895,4.308073486,4.127938058,-9.242721869,4.288846785,4.120990191,0.024442708
1609060421.026174068,-9.227735770,4.278165185,4.129071766,-9.218267301,4.262972315,4.121253125,0.019534748
1609060421.073661089,-9.200981478,4.249565145,4.129219784,-9.193227389,4.238037255,4.121892996,0.015706686
1609060421.120455027,-9.171551352,4.221206913,4.130825201,-9.167288102,4.212744130,4.122801020,0.012416983
1609060421.172883987,-9.140293975,4.190646907,4.130251121,-9.140743431,4.187798402,4.124294625,0.006617842
1609060421.224383116,-9.106297590,4.160054884,4.131391252,-9.087015702,4.138527723,4.125412878,0.029511877
1609060421.280524015,-9.071624277,4.129400678,4.133210951,-9.061320783,4.115286671,4.125777573,0.018990058
1609060421.327854156,-9.040176180,4.103323483,4.133987908,-9.032942533,4.092857448,4.125801413,0.015128855
1609060421.378944159,-9.006655699,4.077156063,4.134855189,-9.004425280,4.071725980,4.124296107,0.012081174
1609060421.427192211,-8.972394164,4.051457311,4.134665480,-8.976530148,4.048318947,4.125702742,0.010357912
1609060421.479579210,-8.937450105,4.025249306,4.133708115,-8.917454569,4.005062024,4.123785249,0.030096695
1609060421.527832985,-8.902167872,3.999999769,4.132704194,-8.886544409,3.983085869,4.122638506,0.025129478
1609060421.580437183,-8.866353888,3.974105219,4.129173872,-8.855689370,3.960513859,4.121865730,0.018758091
1609060421.629995108,-8.828815268,3.949644240,4.127692341,-8.825868652,3.941445887,4.120003438,0.011619586
1609060421.681367159,-8.790322107,3.924308627,4.125750369,-8.759613775,3.899746610,4.116961787,0.040293095
1609060421.727432013,-8.754457003,3.901981396,4.124187025,-8.727202214,3.878345417,4.116152544,0.036959922
1609060421.778424025,-8.716722264,3.878683333,4.120689797,-8.692666247,3.858761638,4.114618082,0.031818730
1609060421.825348139,-8.679537426,3.856818670,4.118950850,-8.658243301,3.839099475,4.113831091,0.028171289
1609060421.880194187,-8.632059653,3.830117140,4.115906216,-8.624228369,3.819559408,4.111530706,0.013854234
1609060421.928580046,-8.590809228,3.808139693,4.112145508,-8.557401909,3.783331071,4.106032833,0.042058073
1609060421.978991032,-8.548323940,3.783114112,4.107121910,-8.521135168,3.764705440,4.102645123,0.033138349
1609060422.027255058,-8.505547746,3.760527597,4.101982669,-8.485499352,3.745497056,4.098196512,0.025341474
1609060422.079162121,-8.462297944,3.738213430,4.097925441,-8.450816201,3.726996795,4.094471779,0.016418620
1609060422.129970074,-8.419605505,3.715429358,4.094371779,-8.417383473,3.710514157,4.090902034,0.006413717
1609060422.180117130,-8.374238451,3.692840022,4.090178488,-8.343606561,3.674727975,4.083033190,0.036296201
1609060422.228345156,-8.331645125,3.672511299,4.085862917,-8.307847104,3.656838406,4.079007655,0.029308360
1609060422.279767036,-8.286658242,3.652366604,4.079582926,-8.269565161,3.639376220,4.073146119,0.022413299
1609060422.327003002,-8.243271956,3.633097410,4.071661502,-8.234578524,3.624697766,4.065875016,0.013401984
1609060422.379480124,-8.197451343,3.613780941,4.060770303,-8.199635565,3.607825904,4.058121351,0.006873881
1609060422.427206993,-8.154947514,3.595502055,4.051110403,-8.131446278,3.578643697,4.040930843,0.030661634
1609060422.478839159,-8.112693620,3.577067363,4.041790340,-8.095982555,3.564976690,4.032300295,0.022704735
1609060422.528550148,-8.068354977,3.558692914,4.031520063,-8.061412881,3.549794767,4.023913252,0.013610044
1609060422.580224037,-8.025601990,3.540405079,4.020924894,-7.992959187,3.521264445,4.007448084,0.040168904
1609060422.627099037,-7.983458679,3.523764416,4.012120810,-7.956900989,3.508230042,4.000294740,0.032961850
1609060422.677823067,-7.941788399,3.509838435,4.001188671,-7.919649740,3.494399264,3.991825797,0.028568368
1609060422.727541208,-7.896956438,3.493951375,3.991316907,-7.884344331,3.480621711,3.984533883,0.019564115
1609060422.783367157,-7.846616254,3.475409339,3.977762968,-7.811333006,3.457155656,3.968063269,0.040892403
1609060422.828356028,-7.806089660,3.461722998,3.968603367,-7.774814967,3.445246672,3.960939810,0.036170511
1609060422.880164146,-7.760851932,3.448294195,3.960865037,-7.737536877,3.432778691,3.953626081,0.028926201
1609060422.928488016,-7.716173881,3.434798853,3.952525679,-7.700714304,3.420937914,3.946482693,0.021625028
1609060422.979838133,-7.665313047,3.419671687,3.943937850,-7.662134075,3.411000073,3.940039966,0.010024782
1609060423.029355049,-7.617387750,3.406598752,3.937509993,-7.586169188,3.390101598,3.928933801,0.036336011
1609060423.080885172,-7.567849732,3.394463375,3.932015944,-7.547053297,3.379339178,3.924847595,0.026694910
1609060423.127178192,-7.522871416,3.383332409,3.928217638,-7.508207367,3.372020205,3.921038263,0.019863124
1609060423.179766178,-7.477384404,3.375126730,3.925772707,-7.468275476,3.363357301,3.918121428,0.016734219
1609060423.227312088,-7.432717589,3.365047031,3.923279775,-7.430754990,3.354830131,3.914863793,0.013381539
1609060423.280233145,-7.381117855,3.354812730,3.919919760,-7.352145789,3.340155191,3.910928203,0.033690833
1609060423.327131987,-7.336008758,3.346937514,3.916947060,-7.311944176,3.334699814,3.909120614,0.028109050
1609060423.378704071,-7.288691670,3.339600546,3.913801579,-7.272887339,3.327656649,3.907837432,0.020688273
1609060423.425829172,-7.244259765,3.332714118,3.913357723,-7.234739484,3.321842399,3.907743244,0.015503302
1609060423.477626085,-7.198199677,3.325597923,3.915496695,-7.193839861,3.317278206,3.908781073,0.011546656
1609060423.526779175,-7.151765551,3.319747934,3.916405698,-7.152968436,3.313586449,3.910058785,0.008927157
1609060423.580407143,-7.103516156,3.315892973,3.917538519,-7.075091256,3.304044035,3.912411320,0.031219552
1609060423.627583027,-7.059343565,3.311256504,3.919191929,-7.034768832,3.301712073,3.914294129,0.026814214
1609060423.678277016,-7.014695216,3.308097888,3.922519230,-6.994710498,3.298920469,3.916002158,0.022936570
1609060423.726454020,-6.969343891,3.304459800,3.924348063,-6.956289160,3.294833814,3.917279907,0.017693062
1609060423.779623032,-6.923318714,3.300546255,3.924525690,-6.917716423,3.291627380,3.919107196,0.011844496
1609060423.827763081,-6.878906776,3.297741628,3.926733630,-6.877441849,3.290786896,3.921004134,0.009129153
1609060423.881376028,-6.831631571,3.295678315,3.929984766,-6.801873571,3.288109442,3.924951074,0.031115341
1609060423.927520037,-6.789430477,3.294079742,3.932302969,-6.763580798,3.287310221,3.926501822,0.027343840
1609060423.978104115,-6.745726056,3.292750132,3.935490734,-6.723181360,3.288271633,3.928830491,0.023930716
1609060424.026549101,-6.700990113,3.292457477,3.937793530,-6.683980374,3.288756854,3.931149410,0.018632503
1609060424.079257011,-6.648562398,3.292640744,3.939788082,-6.646065927,3.288744786,3.933249837,0.008009963
1609060424.131283998,-6.598619797,3.292650029,3.942265749,-6.568201628,3.290737008,3.936886019,0.030949413
1609060424.180812120,-6.551260806,3.295733456,3.943331055,-6.528906670,3.292815045,3.937947227,0.023177795
1609060424.269929171,-6.469408698,3.301649179,3.944641520,-6.452838688,3.295056224,3.939345850,0.018603129
1609060424.338038206,-6.406958287,3.306998313,3.946187798,-6.374934007,3.302718582,3.940721846,0.032768082
1609060424.385066986,-6.361364844,3.310623938,3.946841285,-6.338024407,3.305232587,3.941047544,0.024645691
1609060424.427415133,-6.320519050,3.314407978,3.947167142,-6.300469129,3.308389510,3.940455516,0.021983340
1609060424.479503155,-6.272777877,3.319802559,3.946282137,-6.261744527,3.313099493,3.940104323,0.014311928
1609060424.528802156,-6.226163898,3.325092141,3.944551283,-6.223631666,3.317596021,3.938903085,0.009721428
1609060424.580688000,-6.179139670,3.332382627,3.941310693,-6.150094424,3.325881142,3.933482468,0.030776237
1609060424.627767086,-6.134198009,3.338190110,3.938095938,-6.114649061,3.329911072,3.931374987,0.022268251
1609060424.678000212,-6.088723870,3.343889455,3.934143589,-6.076110108,3.335551060,3.929212500,0.015904449
1609060424.727902174,-6.041023623,3.350902127,3.930568811,-6.037450033,3.342189484,3.926088324,0.010428589
1609060424.779567003,-5.997127766,3.357623008,3.924901108,-6.001319758,3.347073787,3.922723676,0.011558550
1609060424.828402996,-5.950901752,3.364637763,3.920864027,-5.918938725,3.361877297,3.916453305,0.032383789
1609060424.880347013,-5.905407773,3.374539548,3.917560971,-5.878278648,3.369604700,3.913179703,0.027920201
1609060424.927685022,-5.860804381,3.382674208,3.913825132,-5.837248711,3.377071593,3.908710082,0.024747175
1609060424.979326010,-5.815665783,3.392276560,3.908614513,-5.796749949,3.385488276,3.905045856,0.020411391
1609060425.028661013,-5.768946513,3.401740921,3.904252670,-5.757514604,3.395080401,3.901863839,0.013444611
1609060425.080376148,-5.722702069,3.414104799,3.899063761,-5.681571742,3.411533733,3.893744774,0.041552446
1609060425.127739191,-5.677934698,3.424000929,3.894968066,-5.645526857,3.419956479,3.890854404,0.032917290
1609060425.178142071,-5.626759348,3.435793610,3.890359729,-5.604057965,3.431313078,3.888123306,0.023247141
1609060425.225172997,-5.580592465,3.447111997,3.886659505,-5.563514774,3.441958247,3.884910642,0.017923928
1609060425.281213045,-5.526339047,3.462850322,3.880709740,-5.525452698,3.451467871,3.880858070,0.011417873
1609060425.331796169,-5.474778167,3.476635542,3.876505860,-5.446649786,3.474383647,3.874199217,0.028312497
1609060425.382135153,-5.432276398,3.491433817,3.873659372,-5.408059635,3.485921764,3.871139149,0.024963691
1609060425.428689003,-5.388687063,3.504069375,3.870896354,-5.371907901,3.495785948,3.867429328,0.019030915
1609060425.480192184,-5.337705824,3.519279343,3.866771936,-5.335149302,3.507052513,3.863817953,0.012835778
1609060425.529694080,-5.289622180,3.534104814,3.862679934,-5.296028308,3.520393101,3.860909329,0.015237605
1609060425.580114126,-5.242409108,3.549250651,3.858347259,-5.215648729,3.546728791,3.853901608,0.027244108
1609060425.627465010,-5.196627057,3.563624534,3.854392381,-5.178144529,3.558478583,3.850206466,0.019636866
1609060425.680615187,-5.149675984,3.579578591,3.849847648,-5.137163873,3.573099052,3.847126669,0.014350647
1609060425.728845119,-5.104394094,3.594880115,3.846044118,-5.097259633,3.587459927,3.843937276,0.010507069
1609060425.781431198,-5.057215792,3.612340907,3.841984090,-5.057439027,3.601431424,3.840731224,0.010983457
1609060425.828500986,-5.012310551,3.627716640,3.838613292,-4.981933044,3.629006498,3.834029473,0.030748464
1609060425.879981995,-4.968199691,3.645659145,3.833639996,-4.940998023,3.645894755,3.831087239,0.027322204
1609060425.928338051,-4.923375997,3.662179871,3.830796158,-4.906540890,3.658018723,3.829510072,0.017389364
1609060425.981427193,-4.877991630,3.682072660,3.829942946,-4.870151350,3.672332211,3.826638238,0.012933191
1609060426.028719187,-4.834459071,3.699001019,3.828041852,-4.793779362,3.703827746,3.823196675,0.041250597
1609060426.080445051,-4.789177808,3.717915845,3.826994512,-4.755610989,3.719496177,3.821345775,0.034075460
1609060426.133275986,-4.741210225,3.737753593,3.824618943,-4.719273033,3.734408951,3.818878959,0.022921048
1609060426.178623199,-4.704293266,3.755244623,3.824184992,-4.679700566,3.751846491,3.816171522,0.026087620
1609060426.229953051,-4.658174568,3.774962303,3.821208966,-4.641700174,3.769083637,3.813399810,0.019155868
1609060426.279983997,-4.608128941,3.796402462,3.815827140,-4.605991107,3.784397866,3.810225605,0.013418564
1609060426.327455997,-4.563750505,3.816027577,3.811481179,-4.533414375,3.818262215,3.802065962,0.031842121
1609060426.379871130,-4.518093990,3.837534508,3.802009348,-4.496356728,3.836164342,3.797096391,0.022327630
1609060426.428410053,-4.472660713,3.858141054,3.796091841,-4.459240602,3.854360332,3.791915040,0.014554687
1609060426.480945110,-4.432643736,3.881344991,3.788850515,-4.423615569,3.871800737,3.786732880,0.013307327
1609060426.528591156,-4.390780993,3.903051600,3.782335437,-4.351461768,3.909172614,3.775787012,0.040328031
1609060426.580346107,-4.344347655,3.926702315,3.774890579,-4.318555476,3.926886567,3.771044846,0.026077962
1609060426.628355980,-4.301930819,3.949503310,3.767839889,-4.282507140,3.946799360,3.764956765,0.019821782
1609060426.678764105,-4.259334755,3.973298417,3.760090244,-4.248636470,3.966137874,3.759529364,0.012885699
1609060426.727844000,-4.217537306,3.997217989,3.752869709,-4.213373906,3.986466279,3.752932244,0.011529834
1609060426.780528069,-4.175133036,4.023486624,3.746153603,-4.142777762,4.028156581,3.740283852,0.033213344
1609060426.828762054,-4.135022204,4.047521478,3.738910771,-4.109181208,4.048587933,3.734068524,0.026312389
1609060426.880460024,-4.094651136,4.073108220,3.731642342,-4.076039639,4.069436616,3.727884345,0.019338848
1609060426.927973032,-4.054512943,4.097497839,3.723909424,-4.042596823,4.090325004,3.721088679,0.014191550
1609060426.980300188,-4.015681071,4.124364341,3.713236250,-4.007285347,4.113385290,3.713306941,0.013821460
1609060427.028684139,-3.976014515,4.149657668,3.703633562,-3.973768442,4.135595565,3.704834095,0.014290867
1609060427.080138206,-3.938378479,4.175776653,3.694284134,-3.939050190,4.159461051,3.696535845,0.016483939
1609060427.128703117,-3.899441560,4.201587340,3.684525007,-3.874178975,4.204919914,3.679562558,0.025960165
1609060427.179259062,-3.864320689,4.229010069,3.674652818,-3.841412849,4.228310978,3.670734501,0.023251045
1609060427.228806019,-3.825712662,4.256200985,3.664633276,-3.806681713,4.253674399,3.661267214,0.019490793
1609060427.281520128,-3.788074809,4.285450557,3.653688304,-3.773228565,4.278787364,3.651642210,0.016401085
1609060427.329280138,-3.752018736,4.312002898,3.642856304,-3.741387820,4.303064130,3.642244275,0.013902968
1609060427.381112099,-3.708439660,4.343562685,3.629527245,-3.676372987,4.353420920,3.621281260,0.034546382
1609060427.429231167,-3.670689302,4.371451933,3.617291809,-3.645435949,4.378519544,3.610806402,0.027013764
1609060427.478861094,-3.635071869,4.402029380,3.604324614,-3.613568829,4.403924871,3.599641549,0.022088566
1609060427.529126167,-3.595083005,4.433023049,3.590591891,-3.583666536,4.429017969,3.588660684,0.012251776
1609060427.579799175,-3.561545633,4.463074906,3.576866206,-3.554393800,4.453456267,3.577891610,0.012029895
1609060427.630326033,-3.526268668,4.495700216,3.563885889,-3.522219408,4.480798751,3.565996134,0.015585356
1609060427.681500196,-3.487744583,4.528508966,3.549876747,-3.461573323,4.535210669,3.543451275,0.027769305
1609060427.727840185,-3.453388077,4.558817596,3.537240674,-3.432981055,4.562179184,3.532648542,0.021185715
1609060427.779484987,-3.418696552,4.591246103,3.523666838,-3.402758875,4.590949639,3.521143640,0.016138896
1609060427.829073191,-3.383843581,4.623791997,3.510835130,-3.372430666,4.620009807,3.509674776,0.012079156
1609060427.880336046,-3.350291804,4.657728878,3.498444468,-3.340812170,4.651095143,3.497702933,0.011593954
1609060427.928755045,-3.317426532,4.689957578,3.487476491,-3.311325873,4.680163125,3.487277463,0.011540752
1609060427.980607986,-3.285212416,4.724390512,3.477304521,-3.283162307,4.708133743,3.477420948,0.016385940
1609060428.028478146,-3.252125825,4.757264941,3.466581330,-3.229518517,4.765156736,3.458256532,0.025350998
1609060428.077799082,-3.223152927,4.790235182,3.455153756,-3.201209659,4.795862870,3.449541011,0.023338396
1609060428.129625082,-3.188050064,4.826159556,3.444655054,-3.173519890,4.826224371,3.440817140,0.015028631
1609060428.179145098,-3.161932532,4.860169262,3.435378449,-3.146604421,4.856255412,3.432057156,0.016164783
1609060428.230478048,-3.129128340,4.896199045,3.426238391,-3.121116760,4.884801853,3.424589479,0.014028553
1609060428.281023979,-3.099526264,4.929785152,3.414692077,-3.067059799,4.949180115,3.410569000,0.038042551
1609060428.327894211,-3.070065667,4.963213547,3.406765493,-3.043926117,4.977571585,3.404066100,0.029945217
1609060428.378302097,-3.042150721,4.998942347,3.403426461,-3.017423229,5.009192804,3.396968959,0.027535796
1609060428.427620173,-3.012773738,5.034515882,3.396907788,-2.991314957,5.041487576,3.391310745,0.023246735
1609060428.481490135,-2.979220437,5.077014186,3.388513935,-2.966775931,5.072721694,3.386325884,0.013344616
1609060428.530129194,-2.948574151,5.114472843,3.382648239,-2.941731102,5.103867079,3.381646561,0.012661474
1609060428.580730200,-2.920264255,5.154471401,3.375953866,-2.893059914,5.167615041,3.372256844,0.030438453
1609060428.626178026,-2.891991328,5.189408086,3.371210497,-2.867779381,5.200651635,3.368711728,0.026811931
1609060428.678228140,-2.866515309,5.229269327,3.369701783,-2.845787019,5.229926656,3.365380687,0.021184097
1609060428.727977991,-2.840375701,5.267207451,3.366558372,-2.822460518,5.260860023,3.361587977,0.019645571
1609060428.780537128,-2.809306350,5.308801756,3.362535476,-2.797032651,5.293871569,3.358065269,0.019837765
1609060428.829004049,-2.781099850,5.347162539,3.359068615,-2.752509523,5.357217213,3.353310171,0.030849035
1609060428.879436016,-2.754038649,5.385158408,3.355554298,-2.727894389,5.390278780,3.350280337,0.027157967
1609060428.929301977,-2.725998564,5.422851726,3.351294659,-2.701880397,5.423839131,3.346072164,0.024696870
1609060428.979768991,-2.699616436,5.460118171,3.346015206,-2.680052827,5.454984482,3.342989753,0.020450989
1609060429.027988195,-2.672410670,5.496478875,3.342423150,-2.655287632,5.488336280,3.340137753,0.019097731
1609060429.080878019,-2.645184499,5.535401295,3.339798751,-2.631125889,5.522000768,3.336655957,0.019674750
1609060429.129002094,-2.617075972,5.573244890,3.336378205,-2.583075754,5.589422649,3.330968327,0.038039472
1609060429.179460049,-2.592551030,5.609857316,3.332962248,-2.561337643,5.621674452,3.329665811,0.033537840
1609060429.226698160,-2.564851052,5.646874692,3.330284284,-2.538303730,5.654773062,3.327589525,0.027828157
1609060429.280256987,-2.536190571,5.686569074,3.327553044,-2.512295158,5.690082923,3.324247582,0.024377530
1609060429.328555107,-2.507019847,5.725648611,3.323976522,-2.490069218,5.724044208,3.321155849,0.017258452
1609060429.381138086,-2.479689815,5.767528956,3.319927562,-2.467142657,5.759518298,3.318321293,0.014972706
1609060429.428529024,-2.451634480,5.806626803,3.316708775,-2.416260387,5.833174006,3.311524891,0.044530362
1609060429.478585005,-2.426821682,5.846127754,3.313508558,-2.396442381,5.867180755,3.308092741,0.037355882
1609060429.529040098,-2.396971729,5.890285272,3.310019130,-2.373248251,5.904935118,3.305047472,0.028322054
1609060429.579662085,-2.366508957,5.938848615,3.307255466,-2.348503968,5.944342058,3.302860154,0.019330709
1609060429.628737211,-2.335641555,5.985374702,3.304321750,-2.323349485,5.981553820,3.300913113,0.013315890
1609060429.681184053,-2.306038520,6.037454832,3.300780637,-2.276360810,6.062257195,3.296454994,0.038918310
1609060429.727297068,-2.276043114,6.085248974,3.298840713,-2.250980680,6.106360834,3.293098734,0.033268702
1609060429.779306173,-2.249620514,6.137588694,3.297783510,-2.225417381,6.151680558,3.293203755,0.028378626
1609060429.828670979,-2.221491580,6.189313925,3.298016908,-2.203120043,6.193798077,3.292701538,0.019643679
1609060429.881679058,-2.188079125,6.248328921,3.297248093,-2.177408609,6.240380764,3.292006984,0.014300431
1609060429.928592205,-2.159808286,6.303118069,3.296734844,-2.127325537,6.336236161,3.292410125,0.046590130
1609060429.979950190,-2.131723152,6.365293336,3.296612945,-2.105030509,6.385439538,3.292499236,0.033694053
1609060430.029108047,-2.103258053,6.426132414,3.297444667,-2.083062064,6.435731741,3.291940402,0.023028721
1609060430.079665184,-2.076974466,6.487666833,3.299433000,-2.057805377,6.487848938,3.293239494,0.020145636
1609060430.139734030,-2.045925033,6.560497599,3.302234073,-2.034164141,6.542315821,3.294693549,0.022929351
1609060430.179250002,-2.024424621,6.610596643,3.304555869,-2.012914254,6.594250093,3.296709422,0.021477080
1609060430.227625132,-1.997512392,6.673873476,3.307984431,-1.972701050,6.702002483,3.301408848,0.038079943
1609060430.279911041,-1.976564690,6.740480201,3.311298287,-1.950135427,6.758600664,3.306488586,0.032403554
1609060430.329241037,-1.951096655,6.804876357,3.317041475,-1.930486887,6.812199111,3.310789293,0.022748078
1609060430.379837036,-1.929110852,6.868994461,3.324316844,-1.909611605,6.869654075,3.318140047,0.020464813
1609060430.429674149,-1.904782658,6.935381689,3.333151813,-1.889075998,6.927422111,3.326049396,0.018986796
1609060430.481505156,-1.887793092,7.002031222,3.341802712,-1.853295841,7.042119358,3.342670439,0.052894914
1609060430.528452158,-1.868874545,7.064862329,3.351358888,-1.839912186,7.098584825,3.351415952,0.044452539
1609060430.580064058,-1.853855577,7.131254421,3.362645463,-1.825742607,7.152640579,3.360490465,0.035388569
1609060430.628176212,-1.836122667,7.194766012,3.371683180,-1.808340557,7.212218535,3.370803887,0.032820867
1609060430.679733992,-1.819325470,7.266748418,3.388418213,-1.793912366,7.269122180,3.380507900,0.026721408
1609060430.730561018,-1.802073643,7.333986163,3.400221959,-1.771377784,7.379790624,3.397456739,0.055208069
1609060430.780865192,-1.791719865,7.401509000,3.408720017,-1.762837840,7.433901057,3.405519113,0.043516233
1609060430.828189135,-1.780358167,7.463737998,3.417978619,-1.754156940,7.486656400,3.413774409,0.035063269
1609060430.877870083,-1.774513667,7.526949930,3.424572752,-1.748722329,7.536023201,3.420488476,0.027644144
1609060430.929910183,-1.766940215,7.591668459,3.435074965,-1.741104849,7.588775249,3.429290840,0.026632553
1609060430.981590033,-1.758156711,7.655540750,3.443515754,-1.734926171,7.640820008,3.436329834,0.028425265
1609060431.028035164,-1.752635134,7.713045334,3.450505854,-1.727508837,7.737673055,3.449460428,0.035198698
1609060431.080696106,-1.750463527,7.775737022,3.457958289,-1.726140905,7.782302422,3.455171048,0.025346857
1609060431.127861023,-1.748566392,7.830407609,3.465125718,-1.725465701,7.830697782,3.461653582,0.023361975
1609060431.179397106,-1.754155940,7.886376821,3.473053572,-1.727140523,7.878096574,3.468189447,0.028671501
1609060431.228162050,-1.757728354,7.941192726,3.480863640,-1.738289323,7.969021094,3.480507929,0.033947319
1609060431.281984091,-1.765829059,7.997589690,3.488878703,-1.746383231,8.015592433,3.487395292,0.026541279
1609060431.327632189,-1.774314641,8.047778104,3.495157039,-1.755829417,8.061872011,3.494010559,0.023273508
1609060431.380648136,-1.791612138,8.103557495,3.502716256,-1.770009619,8.106516361,3.499683090,0.022014173
1609060431.441133022,-1.812975336,8.165794939,3.511654970,-1.804857646,8.197958517,3.509662295,0.033231964
1609060431.487370014,-1.833186363,8.212351033,3.518212398,-1.823377365,8.241791763,3.514417202,0.031263022
1609060431.531643152,-1.850183603,8.258237099,3.522070337,-1.839726685,8.283065340,3.518764515,0.027142533
1609060431.578772068,-1.870763188,8.302652703,3.526927150,-1.857584986,8.324147769,3.524280884,0.025351639
1609060431.629288197,-1.890374146,8.351862189,3.532077954,-1.876095593,8.363631582,3.527536680,0.019053054
1609060431.681290150,-1.916676806,8.397372444,3.537042704,-1.896385915,8.403949947,3.530908015,0.022195004
1609060431.728561163,-1.936216340,8.440896346,3.541951038,-1.916080117,8.442082087,3.534670945,0.021444656
1609060431.780210018,-1.964476036,8.493709769,3.545566150,-1.960025753,8.517901978,3.541893317,0.024870820
1609060431.826713085,-1.987042991,8.536588661,3.550473531,-1.983650453,8.555176186,3.543935595,0.019993748
1609060431.878309011,-2.018616016,8.581395565,3.553710297,-2.006900748,8.591179528,3.546560082,0.016855237
1609060431.923537016,-2.041525176,8.624657645,3.558039450,-2.031945013,8.630382748,3.548196269,0.014881012
1609060431.972276211,-2.072740555,8.668801572,3.559027190,-2.056258949,8.667563159,3.550776258,0.018473086
1609060432.020538092,-2.097660253,8.712996982,3.562583661,-2.104189298,8.742733687,3.556772318,0.030994706
1609060432.079569101,-2.130916444,8.766326453,3.566452604,-2.125121253,8.776491860,3.560303098,0.013218781
1609060432.129607201,-2.156032055,8.810586083,3.569558231,-2.145570419,8.810323107,3.562323027,0.012722545
1609060432.185536146,-2.183269663,8.857371433,3.572695399,-2.182364945,8.878514047,3.567694859,0.021744748
1609060432.231467009,-2.204103651,8.895453416,3.575243751,-2.200919052,8.914056295,3.570795531,0.019390602
1609060432.277867079,-2.223688502,8.932552270,3.577685920,-2.217940760,8.948309326,3.573943624,0.017185055
1609060432.328068018,-2.241252770,8.973305954,3.580369063,-2.232758472,8.981059191,3.576498609,0.012134505
1609060432.376345158,-2.260024759,9.010075621,3.583319059,-2.247424503,9.015709771,3.579065247,0.014443166
1609060432.422329187,-2.272533498,9.048262373,3.585923061,-2.260140659,9.048605003,3.581732818,0.013086557
1609060432.479573011,-2.292466384,9.092163248,3.588001865,-2.284338977,9.117396105,3.585128501,0.026664735
1609060432.527909040,-2.303111105,9.132377730,3.589679921,-2.296349556,9.152608269,3.586794295,0.021524871
1609060432.578797102,-2.317663069,9.172947275,3.590059042,-2.305300063,9.186390821,3.587717179,0.018413505
1609060432.628079176,-2.326268247,9.215128886,3.591026229,-2.316126348,9.222034610,3.589404521,0.012376472
1609060432.681718111,-2.339856443,9.256845528,3.591395970,-2.322997783,9.258927202,3.590991511,0.016991509
1609060432.729138136,-2.346267475,9.298224114,3.591789555,-2.338843948,9.331186350,3.592674393,0.033799418
1609060432.780515194,-2.357079696,9.339863411,3.597602412,-2.346722152,9.368149993,3.592780707,0.030506692
1609060432.828166008,-2.362297648,9.381762206,3.598219279,-2.352884701,9.406997070,3.593405964,0.027360006
1609060432.878829002,-2.368710348,9.434861010,3.597822078,-2.358877969,9.447848921,3.593662551,0.016812589
1609060432.928115129,-2.372109267,9.482613482,3.596893090,-2.365756914,9.486116839,3.592868326,0.008296060
1609060432.980693102,-2.383794286,9.529677890,3.592107943,-2.369966569,9.525622940,3.591659502,0.014416986
1609060433.027698994,-2.386690749,9.575543054,3.589685125,-2.379583482,9.602326587,3.588813964,0.027724174
1609060433.081295013,-2.398646448,9.620960731,3.586668962,-2.386156891,9.640816891,3.586242923,0.023461407
1609060433.129487038,-2.404139760,9.668028676,3.584951188,-2.387085785,9.681502322,3.585585539,0.021743496
1609060433.178853035,-2.411170784,9.715759084,3.584598256,-2.392462032,9.721955622,3.584283224,0.019710751
1609060433.229087114,-2.416057859,9.764834665,3.584156178,-2.395106194,9.760305935,3.584576632,0.021439647
1609060433.281847000,-2.422120793,9.814673582,3.584484712,-2.402104084,9.845412035,3.585539284,0.036696501
1609060433.328270197,-2.426213257,9.861552039,3.586157225,-2.407319697,9.886656894,3.585961090,0.031420675
1609060433.378964186,-2.432897666,9.911537823,3.589334996,-2.408960127,9.926220773,3.587844480,0.028121458
1609060433.429242134,-2.437642676,9.963426357,3.591754123,-2.414582023,9.973421194,3.589814803,0.025208163
1609060433.479380131,-2.445318333,10.013448183,3.594173296,-2.419090767,10.021055688,3.592298097,0.027372901
1609060433.528609991,-2.449147068,10.064265906,3.596693873,-2.424545378,10.065100623,3.595008175,0.024673498
1609060433.579957008,-2.456615910,10.114149692,3.598929276,-2.430389834,10.108406995,3.597980980,0.026864194
1609060433.628313065,-2.460128572,10.164432025,3.601091405,-2.441206891,10.194968843,3.601509160,0.035926339
1609060433.678635120,-2.471175829,10.212158385,3.601151398,-2.446419459,10.235574745,3.603085257,0.034131270
1609060433.728372097,-2.477346932,10.264367309,3.602451890,-2.455473338,10.278976555,3.604086903,0.026354458
1609060433.782214165,-2.491716401,10.315878743,3.607888471,-2.464091984,10.321197834,3.605496263,0.028233381
1609060433.829161167,-2.500522752,10.363767795,3.609652981,-2.483929056,10.405934056,3.609257036,0.045315573
1609060433.880794048,-2.515909397,10.412674953,3.611521122,-2.495364391,10.445397601,3.609759941,0.038677780
1609060433.926801205,-2.526491438,10.459512642,3.613265743,-2.508385615,10.488781138,3.611329682,0.034470480
1609060433.981521130,-2.547512378,10.520909476,3.618644870,-2.521115839,10.531269012,3.613658652,0.028791659
1609060434.028669119,-2.561750761,10.570018097,3.621755609,-2.537095821,10.573911379,3.616147443,0.025582714
1609060434.082746029,-2.587249991,10.623922027,3.623899833,-2.571780904,10.657746143,3.622401515,0.037223761
1609060434.128036022,-2.605239011,10.670993557,3.627799759,-2.590254046,10.696102450,3.625222559,0.029353836
1609060434.179499149,-2.633730434,10.713359993,3.631718173,-2.610009531,10.733339947,3.628271066,0.031205166
1609060434.227372169,-2.659631646,10.760825979,3.636787100,-2.635943838,10.777353640,3.632823940,0.029154459
1609060434.278692007,-2.694965736,10.807935025,3.643431106,-2.665111405,10.823013024,3.636648408,0.034126707
1609060434.329144001,-2.725592939,10.855585689,3.648359899,-2.691334448,10.859961229,3.641359405,0.035239133
1609060434.378516197,-2.757791866,10.899565426,3.652059973,-2.721814850,10.900113319,3.646984978,0.036337328
1609060434.427966118,-2.792098189,10.943067068,3.658319737,-2.751235824,10.936183979,3.652285167,0.041875122
1609060434.478496075,-2.831393526,10.983182581,3.664946030,-2.814675341,11.005591281,3.661798959,0.028134527
1609060434.527953148,-2.868650619,11.024149772,3.672175790,-2.849699724,11.040642045,3.669474075,0.025267187
1609060434.579734087,-2.911534758,11.063673408,3.680753582,-2.883244760,11.072718011,3.675549531,0.030153126
1609060434.638806105,-2.960693628,11.108769861,3.690390445,-2.963387915,11.140408160,3.689065416,0.031780448
1609060434.685126066,-3.003347451,11.141833902,3.699105313,-3.003520023,11.171163785,3.696247387,0.029469298
1609060434.728393078,-3.041671492,11.173690117,3.705838547,-3.044664126,11.201326067,3.702720120,0.027971882
1609060434.779199123,-3.090542857,11.206384719,3.709133411,-3.087575642,11.229441302,3.709322441,0.023247497
1609060434.828484058,-3.136797337,11.239666400,3.716125944,-3.131126275,11.257756336,3.715530693,0.018967368
1609060434.881369114,-3.192787012,11.272481056,3.723985318,-3.175240035,11.284785069,3.722126813,0.021511374
1609060434.930052042,-3.240691076,11.302254208,3.730971279,-3.265545043,11.333078172,3.734385605,0.039742849
1609060434.979966164,-3.297262487,11.327387038,3.742508563,-3.310831016,11.355477566,3.740830939,0.031240953
1609060435.028119087,-3.347002084,11.354032070,3.749256168,-3.357219046,11.379357142,3.747554046,0.027361338
1609060435.079649210,-3.411586875,11.384076551,3.756120401,-3.402711440,11.401639223,3.753115789,0.019905991
1609060435.130227089,-3.467347153,11.411259660,3.764101679,-3.448592062,11.420081151,3.759052058,0.021332389
1609060435.181203127,-3.528512253,11.433408717,3.769668300,-3.545259162,11.461106055,3.772889576,0.032526575
1609060435.226970196,-3.579157035,11.456488028,3.777428356,-3.587111533,11.480048367,3.777703617,0.024868442
1609060435.280694008,-3.644431190,11.476734210,3.784175600,-3.636081210,11.496766042,3.784482464,0.021704623
1609060435.329034090,-3.700344781,11.499544392,3.793651423,-3.691595496,11.516593588,3.791403727,0.019294487
1609060435.379420996,-3.758026510,11.521919440,3.801035565,-3.742570738,11.536627396,3.798476415,0.021488465
1609060435.429876089,-3.814265018,11.541955530,3.807740158,-3.785710480,11.552834329,3.804138087,0.030768244
1609060435.481629133,-3.870560269,11.560587445,3.812879486,-3.878652602,11.585219522,3.813468131,0.025933985
1609060435.527260065,-3.918884029,11.579090902,3.816216804,-3.922608107,11.603000292,3.817607019,0.024237582
1609060435.578764200,-3.973410175,11.598181833,3.818207964,-3.964550346,11.620025071,3.821485113,0.023798389
1609060435.627921104,-4.023459092,11.618228234,3.822376507,-4.013370000,11.637706694,3.824559463,0.022044625
1609060435.678073168,-4.076094581,11.637626828,3.829240832,-4.061516154,11.655398190,3.828031163,0.023017714
1609060435.729574203,-4.127836114,11.658980070,3.833551899,-4.104392789,11.673149857,3.831984671,0.027437721
1609060435.779999018,-4.180177590,11.675464650,3.834308395,-4.147466098,11.690273943,3.834847264,0.035911658
1609060435.828428030,-4.227059984,11.695599332,3.837709942,-4.231249939,11.722987572,3.838944787,0.027734387
1609060435.881323099,-4.276055557,11.716280634,3.839818204,-4.268742816,11.739908951,3.842125584,0.024841448
1609060435.928601027,-4.318639553,11.736377928,3.842689612,-4.307876342,11.757853706,3.845518447,0.024187973
1609060435.979134083,-4.366077630,11.754953338,3.846594199,-4.348500304,11.775384390,3.848180983,0.026998299
1609060436.028963089,-4.410174554,11.777589674,3.849615395,-4.427813509,11.810442321,3.854617357,0.037622451
1609060436.079155207,-4.458553522,11.797247470,3.851962729,-4.467105504,11.830335803,3.857856829,0.034680176
1609060436.128490210,-4.503185606,11.820432848,3.854972040,-4.507230569,11.849616526,3.860426402,0.029963292
1609060436.178976059,-4.555949015,11.849349321,3.861386449,-4.548870258,11.868069521,3.862165901,0.020029035
1609060436.229210138,-4.603287832,11.875261008,3.865633802,-4.585625893,11.886268815,3.865792409,0.020812041
1609060436.281616211,-4.656900954,11.899323593,3.873398101,-4.670620887,11.925907002,3.875002960,0.029958134
1609060436.328548193,-4.703045651,11.924390056,3.879895045,-4.709804617,11.942609044,3.879347190,0.019440044
1609060436.378961086,-4.752556012,11.941435355,3.884962559,-4.749395044,11.960102096,3.884672679,0.018934702
1609060436.429300070,-4.804386548,11.964960163,3.892380652,-4.788878938,11.978312866,3.890937556,0.020514950
1609060436.481732130,-4.857865303,11.991507240,3.899988414,-4.871818607,12.015349567,3.899154751,0.027637769
1609060436.530310154,-4.908854521,12.013854472,3.905389205,-4.914952342,12.031625530,3.904155118,0.018828619
1609060436.580796003,-4.962712278,12.035218029,3.909780777,-4.957226884,12.049930327,3.909422534,0.015705719
1609060436.628488064,-5.014124174,12.057154876,3.915037225,-5.001849622,12.068743122,3.913587143,0.016942692
1609060436.680999994,-5.071597299,12.079037009,3.919527007,-5.049633572,12.086142415,3.917813433,0.023147968
1609060436.731419086,-5.127645373,12.098996956,3.924303567,-5.140343577,12.120907630,3.926426069,0.025413127
1609060436.778729200,-5.181099715,12.116753842,3.928509320,-5.186170236,12.138951295,3.930414137,0.022848751
1609060436.828267097,-5.235654394,12.137410010,3.933260738,-5.235708529,12.154813281,3.934649348,0.017458666
1609060436.880110025,-5.294119999,12.155105846,3.939590799,-5.285745630,12.171349307,3.937899435,0.018353223
1609060436.929759979,-5.349576853,12.174076606,3.944124749,-5.333234951,12.186954024,3.941491847,0.020971834
1609060436.981503010,-5.408853530,12.190038214,3.948770046,-5.428496048,12.218924999,3.947736060,0.034947731
1609060437.028449059,-5.461055777,12.206879303,3.953028754,-5.475191943,12.231561635,3.951100900,0.028509039
1609060437.082385063,-5.520654015,12.224141670,3.956058073,-5.523356526,12.245740112,3.953833898,0.021880201
1609060437.128386021,-5.571486603,12.239808196,3.959964917,-5.570492162,12.260004033,3.957238194,0.020403328
1609060437.181104183,-5.630868833,12.254063441,3.962354730,-5.619813046,12.273187325,3.960395929,0.022176344
1609060437.229670048,-5.684487137,12.269057937,3.965786838,-5.716446949,12.296011042,3.965109117,0.041813380
1609060437.279520988,-5.747713792,12.284661544,3.968095214,-5.760260989,12.308128894,3.967670351,0.026614454
1609060437.328559160,-5.803533903,12.299513336,3.970783890,-5.809289441,12.319254673,3.968880810,0.020651110
1609060437.379776001,-5.864244035,12.311898027,3.971327416,-5.858147002,12.328179575,3.970229480,0.017420335
1609060437.437894106,-5.931932784,12.328425176,3.972430067,-5.953724271,12.348903358,3.973163267,0.029912579
1609060437.484019995,-5.981301869,12.335798506,3.975588762,-6.002846764,12.357961887,3.973883037,0.030956542
1609060437.532320023,-6.038036385,12.345590968,3.978099858,-6.051729922,12.365802248,3.973525681,0.024838113
1609060437.579575062,-6.092922550,12.356479786,3.979341715,-6.100843897,12.373422206,3.974162831,0.019406550
1609060437.628848076,-6.149835021,12.366120465,3.980122926,-6.149261124,12.382359361,3.975374327,0.016928683
1609060437.681441069,-6.209577446,12.374004313,3.980147847,-6.197300445,12.389491899,3.976439024,0.020108343
1609060437.729734182,-6.263792337,12.381539763,3.981038406,-6.245033827,12.394081253,3.976363253,0.023044039
1609060437.780804157,-6.319522074,12.387475583,3.981869374,-6.338829442,12.405688985,3.978534885,0.026751099
1609060437.827929020,-6.373101217,12.393937765,3.983449874,-6.387489804,12.410882135,3.979048926,0.022660791
1609060437.880667210,-6.433186122,12.398340026,3.985325441,-6.433938820,12.413628975,3.980318106,0.016105649
1609060437.929320097,-6.486893200,12.404678394,3.986947256,-6.480615700,12.418327874,3.980236853,0.016454325
1609060437.980836153,-6.544495470,12.406939092,3.988762608,-6.571256249,12.427007231,3.982718795,0.033991134
1609060438.029119015,-6.597958313,12.411541529,3.990056353,-6.617515351,12.428296124,3.982984920,0.026705793
1609060438.079920053,-6.653626337,12.413034192,3.992033221,-6.664364715,12.430640562,3.983231439,0.022422498
1609060438.129821062,-6.708206163,12.416690452,3.992731130,-6.709647075,12.432922960,3.982992289,0.018984614
1609060438.180252075,-6.763074845,12.417307316,3.990947585,-6.757967465,12.435035331,3.982985449,0.020093866
1609060438.228499174,-6.814823329,12.419811641,3.990577706,-6.853154772,12.434965034,3.982423613,0.042016831
1609060438.280722141,-6.871187347,12.418789900,3.986920714,-6.898395451,12.436802841,3.981574724,0.033065489
1609060438.328006983,-6.921415640,12.420378712,3.985599675,-6.942258535,12.437451731,3.980902735,0.027349140
1609060438.379569054,-6.985697953,12.421593770,3.986016191,-6.991522316,12.436298372,3.979768272,0.017005441
1609060438.429699183,-7.040957861,12.422907279,3.985548913,-7.037603020,12.434505609,3.979229405,0.013627634
1609060438.481365204,-7.098596311,12.420320375,3.982485891,-7.083557280,12.434812533,3.977817164,0.021400750
1609060438.528198004,-7.150334151,12.420582803,3.981692346,-7.172689865,12.433250204,3.976410649,0.026232371
1609060438.580866098,-7.202447013,12.415809633,3.979523673,-7.216762421,12.430710938,3.975753974,0.021004533
1609060438.628835201,-7.256360341,12.413266125,3.980312834,-7.263250399,12.428829294,3.974831397,0.017881031
1609060438.681217194,-7.314176513,12.411432464,3.978996819,-7.305885055,12.427593837,3.973647050,0.018935635
1609060438.729390144,-7.367670291,12.409083908,3.977180420,-7.399709107,12.419950223,3.972444449,0.034161264
1609060438.779657125,-7.423031552,12.405625309,3.974401136,-7.441733736,12.417645736,3.971652180,0.022401319
1609060438.827876091,-7.475969766,12.401894562,3.972772054,-7.485562855,12.415052914,3.970282020,0.016473307
1609060438.878496170,-7.529633734,12.395308353,3.971406609,-7.531473234,12.411586558,3.969007779,0.016556512
1609060438.928888083,-7.583760699,12.390686836,3.968396680,-7.576632246,12.406833874,3.966969318,0.017708163
1609060438.980331182,-7.638524657,12.384111052,3.964919552,-7.665601839,12.398764276,3.964176639,0.030796796
1609060439.027786016,-7.688689068,12.379844097,3.962769021,-7.707291075,12.394991591,3.961538754,0.024020715
1609060439.079364061,-7.743091894,12.372440795,3.961199760,-7.751289662,12.388380796,3.959934558,0.017969079
1609060439.130916119,-7.796891488,12.366869063,3.958838972,-7.794065845,12.382791249,3.958340504,0.016178651
1609060439.180733204,-7.846657612,12.360100697,3.956629535,-7.875076673,12.373313919,3.953378944,0.031508706
1609060439.228211164,-7.895310729,12.354277866,3.954781957,-7.917569324,12.366472171,3.953036174,0.025440006
1609060439.281038046,-7.948692226,12.345353617,3.952620486,-7.961580111,12.360627355,3.953238681,0.019994169
1609060439.327913046,-7.995625127,12.339282936,3.950975150,-8.000543595,12.354232283,3.949211696,0.015836164
1609060439.379565001,-8.046862175,12.328907922,3.948179103,-8.045294231,12.347035470,3.948176705,0.018195231
1609060439.429732084,-8.096297024,12.321540949,3.946478283,-8.131283413,12.331487948,3.943026439,0.036536358
1609060439.481400013,-8.154375741,12.313000150,3.943422680,-8.171640797,12.324674808,3.941007632,0.020981235
1609060439.539367199,-8.213705072,12.303550652,3.941278697,-8.210948653,12.317295637,3.939783229,0.014098188
1609060439.587499142,-8.266902494,12.291519337,3.937904249,-8.295865819,12.298561476,3.935850767,0.029877796
1609060439.636876106,-8.318223400,12.282288195,3.936148233,-8.336077537,12.291228436,3.935433471,0.019980216
1609060439.681042194,-8.358363236,12.270393507,3.936657824,-8.375908248,12.282761801,3.932798673,0.021810438
1609060439.728736162,-8.408064112,12.257451153,3.935853590,-8.419225850,12.273483739,3.931960094,0.019919525
1609060439.779679060,-8.459530348,12.246279096,3.933790176,-8.462383077,12.262436265,3.928975334,0.017098973
1609060439.829038143,-8.509127348,12.235059318,3.930383468,-8.500990989,12.254341121,3.926803516,0.021232152
1609060439.881503105,-8.561044700,12.222592752,3.925559904,-8.582608321,12.235360108,3.921152984,0.025444372
1609060439.928616047,-8.606412615,12.212132266,3.922059947,-8.622909806,12.225190384,3.918054688,0.021417607
1609060439.981040001,-8.656082100,12.200112313,3.918594161,-8.660759815,12.215863294,3.915188485,0.016780138
1609060440.027599096,-8.699803825,12.190230376,3.915384744,-8.696939363,12.207971560,3.912146497,0.018260367
1609060440.081411123,-8.749329450,12.177741329,3.912152732,-8.738863665,12.196639608,3.908858414,0.021852463
1609060440.128535032,-8.792844405,12.168009678,3.909140250,-8.813828547,12.177357898,3.902314139,0.023964958
1609060440.180097103,-8.836552650,12.155198922,3.904746071,-8.850008172,12.168000287,3.899035348,0.019430347
1609060440.225985050,-8.876633706,12.145453674,3.901167652,-8.886977064,12.158726090,3.896991513,0.017337306
1609060440.279961109,-8.923976148,12.131598028,3.891110893,-8.925069388,12.147628443,3.891517700,0.016072799
1609060440.329184055,-8.965161061,12.121544676,3.885891338,-8.996413908,12.127530086,3.883895431,0.031883369
1609060440.378593206,-9.005705510,12.110898390,3.885807180,-9.032391001,12.116843850,3.880848000,0.027785921
1609060440.426942110,-9.044703671,12.101030625,3.881745560,-9.066610822,12.107626023,3.877096535,0.023346006
1609060440.478640079,-9.086192581,12.087316380,3.875844485,-9.103255596,12.096308598,3.873741432,0.019401786
1609060440.528146982,-9.125292042,12.076304064,3.872198977,-9.133601345,12.088091923,3.870718158,0.014497964
1609060440.580146074,-9.171809732,12.064393673,3.867277261,-9.203542026,12.067012972,3.864735669,0.031941491
1609060440.629389048,-9.210626821,12.054254920,3.864556524,-9.234939533,12.057256873,3.862197479,0.024610663
1609060440.676387072,-9.247678010,12.040320031,3.861206747,-9.265478887,12.047573466,3.860038250,0.019257438
1609060440.727923155,-9.287681677,12.028302126,3.858413718,-9.294957424,12.038777329,3.857603340,0.012779792
1609060440.786754131,-9.329832280,12.014989312,3.853965746,-9.357044099,12.019582368,3.853618383,0.027598912
1609060440.827316999,-9.358892806,12.005101810,3.852358896,-9.383720641,12.012456027,3.851959003,0.025897216
1609060440.875877142,-9.393741816,11.994376501,3.850686221,-9.412767253,12.003011544,3.851107126,0.020897569
1609060440.931124210,-9.432880859,11.981289125,3.849590116,-9.441970379,11.993686888,3.849869016,0.015375359
1609060440.979609013,-9.466511325,11.969883360,3.849550090,-9.471253918,11.984465138,3.849935816,0.015338488
1609060441.028758049,-9.499425352,11.959170157,3.849746516,-9.525211032,11.967515170,3.850990856,0.027130959
1609060441.129243135,-9.564220115,11.937595910,3.850134859,-9.554205702,11.957531856,3.851012649,0.022327134
1609060441.182025194,-9.596408356,11.926207254,3.850278140,-9.605034982,11.941310439,3.854372272,0.017868598
1609060441.228152037,-9.624369280,11.916721932,3.850908058,-9.631794921,11.931376420,3.854889203,0.016903954
1609060441.280858994,-9.655255800,11.903486868,3.851032927,-9.681577607,11.912874056,3.856352544,0.028447410
1609060441.329025030,-9.683524379,11.893419019,3.852316624,-9.705555112,11.904379323,3.859555278,0.025649163
1609060441.378175020,-9.710252788,11.882386294,3.856853435,-9.730187151,11.894131874,3.860117461,0.023366458
1609060441.428585052,-9.738743521,11.870764656,3.859001814,-9.757245286,11.882557490,3.862368963,0.022197386
1609060441.478903055,-9.766885093,11.857743245,3.863305533,-9.781497512,11.871561057,3.863799913,0.020117135
1609060441.537096977,-9.799404453,11.844216872,3.866857016,-9.831071776,11.849777423,3.867460617,0.032157478
1609060441.583423138,-9.826826171,11.832527104,3.867250056,-9.855486184,11.836962246,3.869696983,0.029104197
1609060441.627671003,-9.851247625,11.820678519,3.870322929,-9.876818269,11.824717799,3.871993626,0.025941566
1609060441.680040121,-9.887328530,11.801081847,3.877176220,-9.900562211,11.809902413,3.873792472,0.016259841
1609060441.728864193,-9.916701559,11.783354564,3.880662477,-9.924873037,11.793486411,3.875541122,0.013987697
1609060441.781987190,-9.945822171,11.759981073,3.883861423,-9.951138609,11.774670770,3.878257984,0.016596693
1609060441.830039978,-9.974681291,11.738516777,3.887173575,-9.998583556,11.736797988,3.882856553,0.024349726
1609060441.894683123,-10.009761164,11.708301967,3.888164218,-10.024627760,11.713203178,3.883309320,0.016389252
1609060441.930989981,-10.031963822,11.685747646,3.889390156,-10.049610093,11.689545831,3.885560810,0.018452127
1609060441.978468180,-10.060680111,11.658763076,3.891993815,-10.073495403,11.665859356,3.887333235,0.015372375
1609060442.026913166,-10.090428827,11.627896501,3.894160024,-10.098497308,11.638895118,3.889518407,0.014408837
1609060442.082087994,-10.123466803,11.592170821,3.895073749,-10.125765232,11.608507917,3.891542420,0.016871685
1609060442.129801989,-10.152244242,11.556649328,3.898076130,-10.174657646,11.547086709,3.895820386,0.024472286
1609060442.180477142,-10.181830425,11.517065173,3.902058264,-10.198155769,11.514079188,3.898209529,0.017036600
1609060442.228999138,-10.211640918,11.474910518,3.905737676,-10.225802445,11.476279163,3.901329104,0.014894883
1609060442.280194044,-10.242691555,11.427538248,3.910208372,-10.252962325,11.436877277,3.904898019,0.014862908
1609060442.330140114,-10.273394905,11.379187682,3.913968461,-10.276869282,11.396752684,3.908882968,0.018613512
1609060442.380113125,-10.303927000,11.329830215,3.917585556,-10.328019975,11.309389666,3.915054584,0.031696898
1609060442.429234982,-10.333749225,11.276910938,3.921996034,-10.355793422,11.261056678,3.918665363,0.027356855
1609060442.480772018,-10.363260230,11.219963316,3.928376231,-10.378909022,11.215222607,3.922996779,0.017213295
1609060442.528684139,-10.391178015,11.164579690,3.933958014,-10.403611974,11.165830751,3.927382289,0.014121213
1609060442.580502987,-10.420063344,11.103824335,3.936932093,-10.426366943,11.117451548,3.931767976,0.015877796
1609060442.628773212,-10.447014808,11.045142066,3.942413017,-10.475658597,11.010039092,3.941398524,0.045317928
1609060442.681797981,-10.474440347,10.980374521,3.948026295,-10.499406344,10.957387914,3.946288858,0.033980933
1609060442.728772163,-10.498984461,10.921986601,3.953645108,-10.522223912,10.903445191,3.951238587,0.029826955
1609060442.780261040,-10.530018710,10.844274318,3.959136531,-10.545953130,10.846012357,3.957340473,0.016129240
1609060442.829646111,-10.555633124,10.777032285,3.965366447,-10.567463445,10.790472819,3.963111508,0.018046860
1609060442.881582022,-10.584192994,10.701444323,3.974080873,-10.610120844,10.674202404,3.974890712,0.037616903
1609060442.927739143,-10.607421616,10.635719548,3.980472155,-10.630486107,10.615388554,3.982863305,0.030838898
1609060442.978944063,-10.631313975,10.567075535,3.990827269,-10.650354777,10.557483356,3.988765973,0.021419874
1609060443.029739141,-10.656202992,10.495677243,3.999918217,-10.667640179,10.501225844,3.996540108,0.013153245
1609060443.082411051,-10.679861119,10.421234448,4.009792251,-10.703222800,10.388260227,4.012055141,0.040474536
1609060443.127682209,-10.698837523,10.357899813,4.019158876,-10.719061465,10.333461905,4.020962599,0.031772199
1609060443.179086208,-10.718623794,10.288210901,4.030287809,-10.734504564,10.276022144,4.030612916,0.020021747
1609060443.228727102,-10.736857121,10.221314493,4.040247199,-10.747671477,10.223435635,4.039856132,0.011027351
1609060443.281817198,-10.755414140,10.152756318,4.049223555,-10.761300619,10.169887328,4.049017210,0.018115317
1609060443.328857183,-10.769691610,10.091879014,4.058567506,-10.787473434,10.060306800,4.067649139,0.037356044
1609060443.380503178,-10.783172981,10.026544245,4.068575340,-10.799230244,10.005679393,4.077120370,0.027680232
1609060443.427570105,-10.795287847,9.967715884,4.078050802,-10.809462319,9.951704572,4.086682739,0.023060532
1609060443.482220173,-10.807274865,9.900460861,4.089509553,-10.819844471,9.897426469,4.095459523,0.014233927
1609060443.528699160,-10.816542259,9.844908251,4.098734139,-10.828028378,9.845254000,4.103926195,0.012609834
1609060443.588477135,-10.828763644,9.775411335,4.112668759,-10.843211467,9.745925654,4.120020807,0.033648144
1609060443.632436991,-10.835188002,9.724891896,4.121746751,-10.850036836,9.697952827,4.128303564,0.031451441
1609060443.679489136,-10.841683184,9.671678390,4.130528476,-10.854300629,9.651834597,4.135414555,0.024017697
1609060443.728943110,-10.846970613,9.615999384,4.140041795,-10.858134278,9.604181995,4.144060026,0.016745873
1609060443.781625986,-10.852836950,9.558846547,4.150008547,-10.862472214,9.556853065,4.151824761,0.010005544
1609060443.830082178,-10.856204485,9.507513285,4.158984154,-10.867187144,9.463810251,4.166983835,0.045766460
1609060443.879235983,-10.859393006,9.449315942,4.169359662,-10.869194680,9.421396587,4.174246267,0.029990700
1609060443.928887129,-10.860899650,9.396375860,4.179358060,-10.870814716,9.377569491,4.183476393,0.021655223
1609060443.980231047,-10.861500739,9.341512925,4.187174983,-10.872353538,9.334617832,4.190146337,0.013196761
1609060444.029864073,-10.860732222,9.290622732,4.196234675,-10.871406638,9.291868606,4.197081334,0.010780176
1609060444.080605030,-10.859675856,9.243827027,4.205290061,-10.869179195,9.251399366,4.203475239,0.012286064
1609060444.129366159,-10.857455521,9.197406712,4.213796442,-10.866086532,9.171810422,4.216538048,0.027151074
1609060444.179435015,-10.854495936,9.150239719,4.221665054,-10.863028584,9.136099469,4.222592110,0.016541227
1609060444.228093147,-10.851048621,9.104037687,4.229160437,-10.859069624,9.101361487,4.229006775,0.008457077
1609060444.281483173,-10.848255478,9.056469101,4.237303725,-10.856393835,9.065777780,4.235223115,0.012538473
1609060444.331593037,-10.843028158,9.011161759,4.245109815,-10.846400506,8.990729536,4.248414762,0.020970721
1609060444.387536049,-10.836675190,8.961651793,4.253116470,-10.841249659,8.957035231,4.255177032,0.006817942
1609060444.432651043,-10.831536913,8.925892470,4.259574189,-10.837198822,8.921121633,4.260066668,0.007420285
1609060444.485102177,-10.825121175,8.885287457,4.266841137,-10.831979040,8.887524035,4.265475358,0.007341522
1609060444.534483194,-10.818327304,8.848110680,4.273663384,-10.825267407,8.856433118,4.271192556,0.011114540
1609060444.581612110,-10.812109405,8.816007103,4.281922782,-10.818583687,8.825321304,4.276551078,0.012550930
1609060444.630171061,-10.803811738,8.782393707,4.287952183,-10.805344289,8.766356835,4.285877199,0.016243014
1609060444.679744005,-10.794528012,8.748613589,4.289138989,-10.796832994,8.738668140,4.289594244,0.010219206
1609060444.729159117,-10.785153653,8.717311502,4.293727548,-10.788703236,8.710844542,4.293437971,0.007382748
1609060444.780722141,-10.776988664,8.685591761,4.302158420,-10.780894572,8.683689217,4.298414013,0.005735536
1609060444.830566168,-10.767744469,8.657252665,4.307012750,-10.772921298,8.658979272,4.301243259,0.007941521
1609060444.881223202,-10.758515688,8.630396792,4.311125714,-10.764651357,8.634372535,4.303689530,0.010428317
1609060444.930093050,-10.748736691,8.603557889,4.314797919,-10.748383022,8.588583374,4.309470633,0.015897835
1609060444.979432106,-10.737977360,8.578084855,4.312703274,-10.740321411,8.568639370,4.311621949,0.009791885
1609060445.028347015,-10.728398762,8.555743092,4.314238080,-10.731888316,8.547615868,4.314027655,0.008847205
1609060445.081011057,-10.717891573,8.530971999,4.314831659,-10.723676192,8.528563541,4.315716224,0.006328107
1609060445.129235029,-10.708837568,8.512833967,4.315473930,-10.716229643,8.513025182,4.315118523,0.007403084
1609060445.181812048,-10.700718511,8.497733139,4.322663205,-10.709005259,8.498945440,4.318408096,0.009393925
1609060445.228995085,-10.693681123,8.484349834,4.325223021,-10.695886965,8.475247390,4.317602439,0.012074498
1609060445.280653000,-10.686167804,8.472788320,4.325893694,-10.690046770,8.466669802,4.319224186,0.009847080
1609060445.329303980,-10.679974470,8.464955546,4.326039728,-10.684549583,8.460829567,4.318412402,0.009804665
1609060445.380624056,-10.674965875,8.460720891,4.325968837,-10.681217311,8.456423056,4.317563977,0.011322258
1609060445.430977106,-10.671335875,8.459541063,4.325439196,-10.678549465,8.454829020,4.315612931,0.013068845
1609060445.480096102,-10.669909191,8.462619816,4.324509882,-10.673994686,8.461780235,4.314207553,0.011114592
1609060445.528472185,-10.669387223,8.469370809,4.323085803,-10.674643132,8.468412485,4.312531232,0.011829705
1609060445.578977108,-10.671424135,8.478598623,4.320847058,-10.677512965,8.477178500,4.311037311,0.011632787
1609060445.621975183,-10.676262427,8.489723432,4.319099594,-10.684246471,8.487676918,4.308965039,0.013063016
1609060445.681045055,-10.691513849,8.506781441,4.320271341,-10.695299766,8.500391912,4.306086232,0.016011763
1609060445.731163979,-10.709343130,8.525065970,4.317883666,-10.708852575,8.515727215,4.305406082,0.015593046
1609060445.780709028,-10.729210337,8.542567423,4.309228899,-10.746134887,8.551189793,4.298670423,0.021731706
1609060445.828881025,-10.752515077,8.564489213,4.306431219,-10.768350377,8.572258392,4.297093013,0.019957929
1609060445.880499125,-10.780175532,8.589786132,4.306192142,-10.792578377,8.594063050,4.295049427,0.017212864
1609060445.927330017,-10.809286840,8.615496753,4.304227181,-10.820810407,8.619531360,4.293308938,0.016379215
1609060445.979900122,-10.842569398,8.644895506,4.303850367,-10.851604961,8.647640999,4.292093570,0.015079834
1609060446.029411077,-10.878690063,8.674820574,4.303345713,-10.881415610,8.672701561,4.291343696,0.012488684
1609060446.081185102,-10.926481967,8.710204170,4.313237235,-10.953772397,8.730169906,4.289711959,0.041192679
1609060446.131128073,-10.972418992,8.742969704,4.314859456,-10.993791774,8.759870618,4.288977784,0.037580549
1609060446.178665161,-11.020774715,8.777153021,4.309516257,-11.034327798,8.788470947,4.287095344,0.028539076
1609060446.228984118,-11.073368789,8.812037073,4.308267122,-11.079141575,8.819246099,4.287660674,0.022581426
1609060446.281457186,-11.127400711,8.848107862,4.291842802,-11.124886805,8.846997117,4.286385387,0.006110389
1609060446.328745127,-11.183272549,8.879833008,4.289316656,-11.219196782,8.902671747,4.281085219,0.043357987
1609060446.380972147,-11.245795450,8.913800943,4.285191845,-11.264809517,8.929133632,4.278986669,0.025201792
1609060446.428580046,-11.302384379,8.944854425,4.280547558,-11.316683974,8.957496139,4.275969685,0.019627742
1609060446.480714083,-11.364236215,8.980268859,4.274520305,-11.368412785,8.985004158,4.272898092,0.006519077
1609060446.528998137,-11.421621115,9.010776740,4.269865942,-11.419630348,9.013818649,4.270494245,0.003689327
1609060446.580425978,-11.479897271,9.042625595,4.264850007,-11.516659526,9.068718983,4.262173499,0.045160735
1609060446.628514051,-11.532113387,9.072188457,4.259378642,-11.563119600,9.095208820,4.257390994,0.038668761
1609060446.680069208,-11.587354856,9.102933043,4.253915047,-11.606448684,9.121007864,4.252498149,0.026330230
1609060446.731581211,-11.640321586,9.133859505,4.247720813,-11.649330588,9.148314080,4.248202018,0.017039026
1609060446.780048132,-11.688183222,9.164089514,4.247194738,-11.692640834,9.174227111,4.243259145,0.011752875
1609060446.829411983,-11.734643702,9.192244855,4.242478114,-11.735750319,9.199356664,4.239086918,0.007956296
1609060446.880906105,-11.783828624,9.223939760,4.234743977,-11.817039114,9.251696887,4.229726058,0.043572632
1609060446.930359125,-11.825771560,9.252528129,4.229876680,-11.854441348,9.276882011,4.224579134,0.037988582
1609060446.979737997,-11.867552936,9.280006577,4.218718587,-11.890800431,9.302618882,4.220096648,0.032460151
1609060447.028401136,-11.906772148,9.310355136,4.213522985,-11.925569533,9.330045440,4.215541429,0.027296958
1609060447.082936049,-11.946031970,9.344130387,4.214291458,-11.955594171,9.355604054,4.210560634,0.015394798
1609060447.130169153,-11.975070367,9.371927449,4.209768353,-12.007855030,9.405438105,4.201178190,0.047661190
1609060447.180736065,-12.005179071,9.403192387,4.201935068,-12.030735744,9.430845558,4.196537362,0.038039146
1609060447.229449034,-12.029202527,9.432061212,4.196528799,-12.051658063,9.455754064,4.192369416,0.032907489
1609060447.281094074,-12.056428415,9.466732441,4.188584902,-12.071835642,9.481591532,4.188326726,0.021406586
1609060447.330182076,-12.078154059,9.496428940,4.183514142,-12.091152186,9.506412782,4.185498864,0.016509619
1609060447.375482082,-12.097898121,9.524809977,4.182504711,-12.123978913,9.556675436,4.177846500,0.041440489
1609060447.423263073,-12.114902514,9.555037936,4.179426370,-12.137752105,9.582668600,4.176404410,0.035981795
1609060447.477159977,-12.131434887,9.590043651,4.175778693,-12.148720240,9.606702616,4.172307402,0.024256018
1609060447.528703213,-12.145309641,9.622367509,4.171394279,-12.159652369,9.633535533,4.167288206,0.018635944
1609060447.581300020,-12.158417566,9.653772551,4.166139342,-12.168241861,9.657991014,4.164941006,0.010758634
1609060447.628663063,-12.169238415,9.684010195,4.162359796,-12.184239516,9.708765045,4.159338568,0.029102636
1609060447.681246996,-12.180958202,9.718896527,4.159028543,-12.190399582,9.733236365,4.155138946,0.017603965
1609060447.728794098,-12.188203189,9.748701898,4.154512542,-12.197005013,9.759302400,4.151966027,0.014011691
1609060447.778280020,-12.194137665,9.778745319,4.148673918,-12.201710420,9.787162588,4.149457900,0.011349522
1609060447.830143213,-12.200153184,9.811964250,4.144416417,-12.205603751,9.813767714,4.144889103,0.005760607
1609060447.882296085,-12.206037626,9.846823325,4.144115405,-12.215940604,9.871106439,4.139471222,0.026632818
1609060447.928719997,-12.211407275,9.878713830,4.140918303,-12.219605768,9.898439333,4.134570997,0.022284503
1609060447.979175091,-12.218243947,9.912585142,4.130889210,-12.225640223,9.926629612,4.131997840,0.015911665
1609060448.028673172,-12.224835573,9.944548481,4.126143940,-12.231086071,9.951969307,4.130260604,0.010539654
1609060448.081704140,-12.234832193,9.979407083,4.121913236,-12.239608534,9.980692273,4.125477221,0.006096485
1609060448.130548000,-12.244454601,10.013528119,4.117645533,-12.254955532,10.037082020,4.121273354,0.026042598
1609060448.182169199,-12.255264841,10.048074398,4.121478694,-12.264050884,10.064378203,4.119192763,0.018661032
1609060448.228177071,-12.264706396,10.077462961,4.119336367,-12.272376535,10.093256339,4.116382381,0.017804153
1609060448.279637098,-12.277642451,10.112056099,4.114742444,-12.283666020,10.121992820,4.114404987,0.011624788
1609060448.330150127,-12.291257827,10.144036985,4.112655966,-12.295017452,10.148043479,4.113725377,0.005597358
1609060448.380889177,-12.308710632,10.180018209,4.110678923,-12.322679614,10.203464141,4.112076686,0.027327603
1609060448.430328131,-12.327230293,10.214253973,4.110098726,-12.339148587,10.232592940,4.111562189,0.021920428
1609060448.481029034,-12.348135935,10.250850984,4.110592798,-12.355979273,10.260904486,4.111095664,0.012761024
1609060448.528560162,-12.367405597,10.282970576,4.114191136,-12.373568396,10.290064334,4.112586442,0.009532919
1609060448.582046986,-12.391748214,10.319093682,4.115642647,-12.392242588,10.315744240,4.112371686,0.004707691
1609060448.629378080,-12.413987214,10.350013657,4.115761894,-12.432918091,10.369737257,4.114337638,0.027375665
1609060448.682945013,-12.440646673,10.385111585,4.115396625,-12.454346120,10.396261479,4.115780236,0.017667545
1609060448.728159189,-12.463892872,10.414100511,4.116573268,-12.475441418,10.421038557,4.116403035,0.013473470
1609060448.781961203,-12.493053791,10.447106789,4.117881327,-12.500005318,10.446947196,4.118883325,0.007025184
1609060448.830974102,-12.521464016,10.474848706,4.120213114,-12.523574585,10.470061022,4.120193754,0.005232284
1609060448.882435083,-12.551541213,10.502132522,4.122903968,-12.572886452,10.515109288,4.121854327,0.025002349
1609060448.929800034,-12.579363885,10.527748545,4.124768001,-12.599425823,10.538243207,4.123723934,0.022665158
1609060448.980499029,-12.611265563,10.554774884,4.126841182,-12.624608681,10.559193484,4.124953707,0.014181868
1609060449.029496193,-12.641637125,10.578862177,4.129030928,-12.652554709,10.583523525,4.126282791,0.012184994
1609060449.081385136,-12.675814138,10.603736339,4.131581508,-12.682939484,10.604695444,4.128546873,0.007803810
1609060449.129601002,-12.705599175,10.625939514,4.134107991,-12.710736261,10.624208179,4.130713865,0.006395878
1609060449.182257175,-12.740063858,10.648911816,4.140112928,-12.767039277,10.663093965,4.135610724,0.030807084
1609060449.229597092,-12.770770005,10.668010118,4.143285983,-12.792593344,10.680557555,4.136993587,0.025947843
1609060449.281344175,-12.804776751,10.690202699,4.142229959,-12.821144240,10.697588871,4.138063289,0.018433973
1609060449.328800201,-12.835627907,10.708404427,4.145023173,-12.850144373,10.716092455,4.141037690,0.016903184
1609060449.380174160,-12.875247440,10.729351906,4.148481649,-12.881815983,10.733346003,4.142872568,0.009516320
1609060449.429436207,-12.910516702,10.746905801,4.151118342,-12.912384404,10.748204934,4.144857782,0.006661132
1609060449.481356144,-12.947301810,10.765754997,4.152185110,-12.971840194,10.776922984,4.147379562,0.027385207
1609060449.530636072,-12.981408408,10.780470851,4.154128102,-13.001146482,10.790040247,4.148723499,0.022591473
1609060449.580252171,-13.016365326,10.795358150,4.153682480,-13.029499540,10.801588080,4.149456160,0.015138737
1609060449.629147053,-13.050044265,10.809712352,4.154999326,-13.057782111,10.814609535,4.150434557,0.010231997
1609060449.680668116,-13.086633513,10.824257139,4.155368554,-13.088774447,10.824323268,4.151041214,0.004828441
1609060449.730679035,-13.122120948,10.836144295,4.154929108,-13.115796077,10.835964348,4.151233898,0.007327411
1609060449.780331135,-13.158274901,10.846650165,4.154314609,-13.177453511,10.853978993,4.151955481,0.020666308
1609060449.829497099,-13.193044691,10.856704330,4.153816232,-13.207514554,10.862970596,4.152216333,0.015849375
1609060449.881090164,-13.228902270,10.866827864,4.153465362,-13.237319647,10.870305895,4.152932812,0.009123187
1609060449.932608128,-13.264696648,10.875698708,4.152629596,-13.269759377,10.877400723,4.152277593,0.005352755
1609060449.981177092,-13.298145928,10.883016129,4.151915530,-13.302207454,10.884130604,4.152990028,0.004346561
1609060450.029534101,-13.332276147,10.888898280,4.153407557,-13.331559016,10.889898523,4.153208877,0.001246690
1609060450.083388090,-13.370832211,10.894586020,4.157136523,-13.394222629,10.896181438,4.154714288,0.023569562
1609060450.135148048,-13.407568647,10.898480872,4.157823776,-13.424725471,10.898459132,4.153499124,0.017693493
1609060450.181058168,-13.440230890,10.901253006,4.153300559,-13.453131565,10.901180662,4.155647510,0.013112621
1609060450.228619099,-13.474285721,10.903023087,4.153918304,-13.485855793,10.901615493,4.156144239,0.011866030
1609060450.282606125,-13.512545146,10.906742080,4.161634539,-13.518695374,10.903315601,4.156738835,0.008575196
1609060450.330546141,-13.548718540,10.909231178,4.164290895,-13.581498267,10.907478475,4.156779562,0.033674955
1609060450.379955053,-13.586904492,10.909941832,4.163139383,-13.611913175,10.907490066,4.160075553,0.025314669
1609060450.428682089,-13.621210883,10.909906085,4.164967224,-13.644110414,10.907383925,4.160692907,0.023431167
1609060450.482573032,-13.664740491,10.911962580,4.163389661,-13.676141387,10.908629688,4.160553072,0.012212078
1609060450.531778097,-13.703486014,10.913219841,4.163558734,-13.710102204,10.909696283,4.161543229,0.007762196
1609060450.581305027,-13.747463809,10.915949702,4.163254185,-13.782273074,10.909636588,4.162177724,0.035393490
1609060450.629453182,-13.787352104,10.916552762,4.163758689,-13.817640933,10.911812412,4.164140068,0.030659901
1609060450.681060076,-13.833041789,10.920434672,4.166869774,-13.855848101,10.915112950,4.165378286,0.023466425
1609060450.728013039,-13.875825047,10.926123809,4.169718538,-13.894317255,10.917821763,4.165572428,0.020689997
1609060450.781613111,-13.925688270,10.934389923,4.171869135,-13.933096969,10.924568179,4.168173111,0.012845858
1609060450.828855038,-13.969328341,10.941815009,4.172286874,-13.970779122,10.930731312,4.166718219,0.012488516
1609060450.881541014,-14.018774388,10.952282547,4.170435341,-14.053824496,10.949161480,4.169715153,0.035196162
1609060450.930435181,-14.066784947,10.965491487,4.174004588,-14.093313337,10.960139577,4.170801788,0.027251722
1609060450.980435133,-14.116789317,10.981613789,4.179139301,-14.133494858,10.973869229,4.168965540,0.021037080
1609060451.032390118,-14.168705129,10.999547645,4.177933161,-14.177736031,10.990678875,4.170095946,0.014887384
1609060451.090063095,-14.226194404,11.020700860,4.177117296,-14.269042677,11.026748210,4.173653960,0.043411285
1609060451.134982109,-14.272166996,11.040828505,4.177134222,-14.312831816,11.046805931,4.173356386,0.041275044
1609060451.179135084,-14.319564508,11.063662422,4.170464579,-14.354738938,11.068656401,4.175284457,0.035852637
1609060451.228018999,-14.370792801,11.090259324,4.170269441,-14.400201626,11.091950462,4.176851653,0.030183844
1609060451.280712128,-14.426080941,11.115601414,4.177201554,-14.446085861,11.114829169,4.178296050,0.020049716
1609060451.330120087,-14.478222865,11.144055263,4.177628593,-14.490253687,11.139446243,4.179780274,0.013061909
1609060451.380979061,-14.531617136,11.171976398,4.182245728,-14.534993030,11.165670777,4.180257504,0.007423648
1609060451.428116083,-14.577842147,11.196665490,4.183016844,-14.621078292,11.215528269,4.183157972,0.047171904
1609060451.479802132,-14.631349558,11.227756056,4.184638997,-14.660264882,11.239860405,4.182926150,0.031393392
1609060451.530027151,-14.681860950,11.257220495,4.184477100,-14.707257889,11.269393241,4.183770822,0.028172311
1609060451.579686165,-14.735716336,11.287899423,4.186213487,-14.755177788,11.298785816,4.183758358,0.022434110
1609060451.630514145,-14.786345701,11.317097910,4.185892711,-14.795506789,11.323102111,4.182418996,0.011490982
1609060451.684009075,-14.840502586,11.352226121,4.183724428,-14.876474146,11.375267089,4.181839396,0.042759710
1609060451.728813171,-14.882375695,11.376979137,4.183138836,-14.913363349,11.397416207,4.181518496,0.037155538
1609060451.780947208,-14.928763530,11.405212533,4.181189529,-14.950218181,11.419476056,4.181270781,0.025763477
1609060451.828563213,-14.969210542,11.429288905,4.179992210,-14.983707903,11.439773782,4.180938636,0.017916525
1609060451.881102085,-15.011771575,11.453905731,4.179305909,-15.017127016,11.459528257,4.180442560,0.007847645
1609060451.930507183,-15.048910351,11.474837958,4.179052328,-15.077968808,11.492242523,4.179537506,0.033875481
1609060451.979911089,-15.084416153,11.495060199,4.179350864,-15.104692095,11.506758629,4.179124941,0.023409787
1609060452.030478001,-15.116952050,11.512457424,4.178187838,-15.132041879,11.520645398,4.178869324,0.017181685
1609060452.079850197,-15.146640098,11.528585757,4.176821030,-15.157452685,11.532543745,4.178256272,0.011603345
1609060452.141802073,-15.184098356,11.547097549,4.178041829,-15.182997355,11.544575081,4.177997091,0.002752644
1609060452.179795027,-15.205712698,11.557570182,4.178525823,-15.228089147,11.565679584,4.178021932,0.023805919
1609060452.229011059,-15.231656014,11.569264404,4.179485873,-15.249951686,11.573836163,4.178290366,0.018896080
1609060452.279659033,-15.255858278,11.580553524,4.177451111,-15.269802345,11.581464387,4.178299905,0.013999540
1609060452.328589201,-15.277213856,11.588538532,4.178038962,-15.289020485,11.588111444,4.179472105,0.011900958
1609060452.381144047,-15.301844848,11.596535190,4.177659087,-15.307897717,11.594071406,4.180569180,0.007153746
1609060452.430617094,-15.322740453,11.603817213,4.178782523,-15.343051780,11.604933488,4.181016165,0.020464243
1609060452.479754210,-15.342982478,11.610106543,4.180189781,-15.361310564,11.610027707,4.183685538,0.018658652
1609060452.529028177,-15.362544937,11.616628679,4.182305861,-15.378972753,11.614796867,4.186707954,0.017105763
1609060452.579004049,-15.382879950,11.622556473,4.187688336,-15.395855737,11.619722366,4.188574433,0.013311212
1609060452.630564213,-15.404249886,11.628357066,4.191081863,-15.414360477,11.624633989,4.191786932,0.010797336
1609060452.681979179,-15.428602152,11.634135309,4.189559648,-15.432051889,11.628544138,4.193135324,0.007479795
1609060452.729056120,-15.449042021,11.638991562,4.192621524,-15.469769155,11.639381424,4.201674956,0.022621466
1609060452.779504061,-15.474442355,11.646570120,4.197825181,-15.488116577,11.643879426,4.205757500,0.016035768
1609060452.830963135,-15.499140612,11.653563710,4.203193462,-15.509062661,11.649362499,4.209759100,0.012617640
1609060452.880644083,-15.525907551,11.660884271,4.211280366,-15.528778960,11.654603117,4.213521439,0.007260874
1609060452.931265116,-15.550678011,11.668102104,4.217770988,-15.571133702,11.666036633,4.224265380,0.021561043
1609060452.979619980,-15.575416033,11.674557764,4.223547994,-15.592154262,11.671047268,4.228759555,0.017878822
1609060453.028874159,-15.601473963,11.682020907,4.229874294,-15.614782549,11.678399776,4.234691544,0.014609481
1609060453.081588984,-15.630764100,11.691064690,4.237033809,-15.637368339,11.685097509,4.238526268,0.009025002
1609060453.129861116,-15.658839851,11.700389047,4.242550849,-15.662925472,11.692032076,4.244768319,0.009562868
1609060453.181578159,-15.690100800,11.709993787,4.248204612,-15.714336895,11.711202479,4.255513575,0.025343050
1609060453.228747129,-15.719482125,11.719998593,4.253873807,-15.740681646,11.720629227,4.261099146,0.022405868
1609060453.280352116,-15.753795934,11.732569055,4.259837048,-15.768381796,11.729234108,4.266986352,0.016582574
1609060453.330042124,-15.786145306,11.744296625,4.266643416,-15.796162682,11.738440477,4.272444573,0.012972884
1609060453.383922100,-15.817971406,11.754990650,4.273972667,-15.821796327,11.748079227,4.279367836,0.009565858
1609060453.429046154,-15.846500118,11.765236104,4.280373327,-15.876571447,11.766226052,4.287474839,0.030914338
1609060453.481620073,-15.880773702,11.775804095,4.288503127,-15.904351310,11.775736265,4.298611467,0.025653202
1609060453.530162096,-15.910676704,11.785892605,4.295164179,-15.930894707,11.787284551,4.303854233,0.022050446
1609060453.580815077,-15.942928326,11.797797933,4.299029322,-15.958363550,11.796486472,4.308190326,0.017996946
1609060453.629384041,-15.972937667,11.808200522,4.305076686,-15.986488409,11.806501419,4.315149195,0.016969531
1609060453.682363987,-16.006270314,11.819087192,4.316385260,-16.013924670,11.816059434,4.322242293,0.010102540
1609060453.732746124,-16.036570261,11.829024085,4.323574402,-16.040033231,11.824962814,4.327118496,0.006406768
1609060453.780745029,-16.068078445,11.837888964,4.328737384,-16.090585540,11.841230891,4.339523508,0.025180911
1609060453.828164101,-16.095348325,11.846017821,4.335805491,-16.113119661,11.848882228,4.346129680,0.020751243
1609060453.880906105,-16.128215398,11.856249707,4.345568018,-16.136748990,11.856985522,4.352048164,0.010740387
1609060453.931298018,-16.156777119,11.862554532,4.354222259,-16.162288919,11.862648268,4.359047990,0.007326419
1609060453.980770111,-16.183022618,11.868746481,4.362937540,-16.205893276,11.872385300,4.372850172,0.025190638
1609060454.029380083,-16.207896083,11.872501487,4.369560361,-16.226330925,11.875060733,4.378820884,0.020788229
1609060454.081245184,-16.233202654,11.875577118,4.377772893,-16.244493816,11.876505886,4.384554122,0.013203712
1609060454.129816055,-16.254643213,11.876798010,4.385688043,-16.262505686,11.877192280,4.390092535,0.009020725
1609060454.181892157,-16.276446263,11.876560317,4.394812026,-16.279026159,11.876745015,4.396135982,0.002905657
1609060454.230159998,-16.295017993,11.874039309,4.401068394,-16.311902462,11.871299927,4.407340676,0.018218975
1609060454.280667067,-16.313752278,11.871040696,4.407216562,-16.325084084,11.869477109,4.412352823,0.012539370
1609060454.327840090,-16.329445108,11.868317865,4.413927769,-16.338319818,11.867320173,4.417771121,0.009722512
1609060454.380474091,-16.346189456,11.866390992,4.420840956,-16.352058222,11.863918699,4.423283675,0.006820669
1609060454.430658102,-16.360696111,11.861065097,4.427802032,-16.364199007,11.859026064,4.428745014,0.004161388
1609060454.483566999,-16.375596596,11.853287226,4.434420462,-16.387558412,11.846547505,4.439052163,0.014490050
1609060454.531413078,-16.387969152,11.845614597,4.441024757,-16.398453520,11.838850004,4.443082946,0.012645863
1609060454.578727007,-16.399405673,11.838542425,4.443242837,-16.407805552,11.830139144,4.447844058,0.012741442
1609060454.627688169,-16.407590331,11.827865829,4.449172502,-16.415417812,11.821380331,4.454084266,0.011289666
1609060454.680584192,-16.417310716,11.815892334,4.453061046,-16.423564531,11.810056218,4.458538233,0.010157265
1609060454.731364012,-16.424776355,11.802836959,4.459108085,-16.430576477,11.797607045,4.462358244,0.008459133
1609060454.781885147,-16.431703133,11.788645879,4.465290088,-16.441101018,11.772282692,4.473168483,0.020448551
1609060454.831376076,-16.436057781,11.773032061,4.470786571,-16.445576225,11.758235358,4.480034833,0.019876457
1609060454.881854057,-16.439617013,11.752127706,4.478481264,-16.447891870,11.743078402,4.484318096,0.013580566
1609060454.934195042,-16.441547484,11.731914306,4.484360262,-16.449339954,11.728654893,4.488485993,0.009400426
1609060454.985146046,-16.444678126,11.711221044,4.493160239,-16.452291104,11.711356378,4.495191672,0.007880512
1609060455.032769203,-16.444699320,11.689625412,4.499148570,-16.451885256,11.677209674,4.503218143,0.014911393
1609060455.088777065,-16.444495746,11.664191562,4.504624928,-16.450795112,11.658726875,4.507904414,0.008961018
1609060455.134570122,-16.443373305,11.640789497,4.509729377,-16.448764892,11.638146958,4.512902542,0.006791259
1609060455.183914185,-16.440676276,11.615486896,4.514629398,-16.445223275,11.617394316,4.517028021,0.005483324
1609060455.233921051,-16.436283547,11.589590755,4.519366864,-16.441573479,11.597021454,4.521185369,0.009300840
1609060455.281438112,-16.431048524,11.564079006,4.524329179,-16.431255860,11.549690102,4.529829753,0.015405838
1609060455.329286098,-16.423885382,11.536615767,4.529446279,-16.431255808,11.549689206,4.529826815,0.015012755
1609060455.380719185,-16.415126398,11.507207309,4.535154051,-16.415795333,11.500663656,4.540816087,0.008679028
1609060455.428884983,-16.405802779,11.477550706,4.542062399,-16.407432843,11.472806416,4.546400200,0.006631886
1609060455.480583191,-16.395172644,11.445128519,4.550408136,-16.397893514,11.445595310,4.552441449,0.003428613
1609060455.532083988,-16.383191584,11.411708802,4.557272335,-16.388513102,11.417471797,4.558676906,0.007968907
1609060455.580499172,-16.371366087,11.380835437,4.561841262,-16.365968706,11.357033524,4.572077005,0.026465699
1609060455.628786087,-16.357931157,11.347487744,4.568647875,-16.353860533,11.326786666,4.578735111,0.023384973
1609060455.680741072,-16.343693553,11.310783043,4.580184130,-16.340782622,11.296881673,4.586335830,0.015477888
1609060455.731168985,-16.328232793,11.275113681,4.590212300,-16.327714231,11.266051679,4.594105581,0.009876559
1609060455.779289007,-16.313210814,11.243603126,4.598871255,-16.314509837,11.234181419,4.602571278,0.010205205
1609060455.829546213,-16.295676676,11.206921177,4.609135689,-16.299793202,11.202781824,4.610427676,0.005979068
1609060455.880892038,-16.279142086,11.170555394,4.617827909,-16.269110843,11.136057388,4.627673649,0.037251535
1609060455.928446054,-16.262335775,11.135995327,4.627288934,-16.253209242,11.103537868,4.636069117,0.034840664
1609060455.979711056,-16.243845706,11.090440177,4.638066485,-16.238871051,11.071772141,4.644312498,0.020304075
1609060456.029316187,-16.225717494,11.051969260,4.647830836,-16.223415436,11.039899689,4.652542963,0.013159717
1609060456.081103086,-16.205916228,11.011083514,4.660325556,-16.208156652,11.007679533,4.660683008,0.004090765
1609060456.132400036,-16.185675684,10.970373408,4.670218310,-16.191639183,10.975816571,4.668562270,0.008242197
1609060456.179992199,-16.167188140,10.938780987,4.675530551,-16.157796425,10.907496719,4.685450575,0.034136734
1609060456.229928017,-16.147889476,10.898567833,4.683694071,-16.140728603,10.875105786,4.693610322,0.026458983
1609060456.280745983,-16.126797493,10.857838993,4.692149851,-16.123735753,10.841431982,4.701016051,0.018899041
1609060456.328821182,-16.106483669,10.819912973,4.699832386,-16.104808157,10.804810708,4.706757848,0.016698735
1609060456.375164032,-16.086890598,10.784466938,4.706658018,-16.084498735,10.768000893,4.712347292,0.017584638
1609060456.426805019,-16.064203536,10.743430580,4.712711353,-16.066081783,10.734851889,4.717837341,0.010168456
1609060456.485151052,-16.037522169,10.696662238,4.718846914,-16.028463984,10.667867936,4.724941724,0.030794631
1609060456.528421164,-16.017592188,10.662410991,4.723570003,-16.008864522,10.634156633,4.728401650,0.029963741
1609060456.579080105,-15.995777575,10.622815605,4.729178439,-15.990670922,10.602741379,4.732610770,0.020996032
1609060456.627412081,-15.972495877,10.583555099,4.733670229,-15.972014553,10.570677111,4.735667267,0.013040797
1609060456.680670023,-15.948132100,10.540302011,4.738182397,-15.951357619,10.537472364,4.739038063,0.004375276
1609060456.726881981,-15.924312859,10.502559230,4.742021376,-15.911276502,10.472812250,4.743935631,0.032534502
1609060456.779075146,-15.898350559,10.463208542,4.744278021,-15.888008207,10.438981291,4.746652244,0.026449214
1609060456.827740192,-15.871543683,10.424525617,4.747006099,-15.864701641,10.407843630,4.748150770,0.018066889
1609060456.878676176,-15.844421104,10.385816452,4.744743473,-15.844909246,10.374689299,4.749419130,0.012079469
1609060456.929023027,-15.814915831,10.346323761,4.745609615,-15.794618072,10.309735200,4.751027926,0.042190993
1609060456.978980064,-15.788672782,10.309205160,4.750725222,-15.769524894,10.277798990,4.751943189,0.036803160
1609060457.027249098,-15.759084138,10.271960983,4.751372204,-15.742994135,10.244474693,4.751847094,0.031852941
1609060457.078922987,-15.725328166,10.227918452,4.750680193,-15.715706132,10.211430291,4.751787177,0.019122458
1609060457.129274130,-15.690960419,10.188132154,4.750467099,-15.687956111,10.179245100,4.751378746,0.009425322
1609060457.172206163,-15.660175025,10.153985159,4.747358426,-15.658115731,10.146042593,4.750561221,0.008808118
1609060457.221413136,-15.624788363,10.116076313,4.745825543,-15.599416833,10.084237104,4.748321554,0.040788232
1609060457.273039103,-15.585979673,10.080486203,4.743984904,-15.569527710,10.054360553,4.746943220,0.031015613
1609060457.322131157,-15.548287057,10.044364439,4.741531212,-15.534038794,10.020919174,4.745053148,0.027660395
1609060457.371599197,-15.508801088,10.007686121,4.738794084,-15.498056509,9.988150154,4.742591255,0.022616775
1609060457.428241014,-15.461806103,9.967130455,4.735736856,-15.463250915,9.958568815,4.740408152,0.009859522
1609060457.479582071,-15.419218419,9.932115553,4.733740737,-15.396926107,9.904329613,4.735617078,0.035672487
1609060457.528037071,-15.377728034,9.899242760,4.730217444,-15.361904715,9.873572028,4.733535370,0.030337642
1609060457.578487158,-15.335364464,9.867015972,4.725925638,-15.323927748,9.850318176,4.730504218,0.020750379
1609060457.627092123,-15.291682769,9.836663622,4.722481153,-15.288387265,9.824531773,4.728201030,0.013811557
1609060457.679813147,-15.245230629,9.806538681,4.718850980,-15.249872115,9.800057096,4.724672320,0.009871289
1609060457.727046013,-15.200459705,9.778490932,4.715509811,-15.175087915,9.752918041,4.718819197,0.036175302
1609060457.778679132,-15.153683189,9.749755777,4.712341542,-15.134251350,9.728387234,4.716406481,0.029167358
1609060457.827083111,-15.107054585,9.723071618,4.709333754,-15.095036583,9.707495415,4.713090766,0.020029119
1609060457.879731178,-15.058692796,9.696049305,4.707034546,-15.056877904,9.685121436,4.710308076,0.011551111
1609060457.929150105,-15.010150449,9.670525002,4.704659851,-14.973025071,9.643731436,4.704484350,0.045784491
1609060457.979729176,-14.963314100,9.647852193,4.704314958,-14.933762500,9.624220366,4.702403646,0.037886850
1609060458.026831150,-14.916542986,9.625714533,4.702293708,-14.892711920,9.603785413,4.699819938,0.032479618
1609060458.078697205,-14.868523734,9.603625302,4.700938154,-14.850685751,9.584674961,4.697362222,0.026269685
1609060458.137619019,-14.810189919,9.578111807,4.698555108,-14.806188932,9.568063047,4.694107117,0.011694875
1609060458.180298090,-14.761567210,9.555650724,4.694733350,-14.763728855,9.548085407,4.692951004,0.008067434
1609060458.226857185,-14.713202863,9.536134162,4.693044881,-14.679593987,9.513467176,4.688524362,0.040789507
1609060458.276430130,-14.660015895,9.516844655,4.687907256,-14.637982999,9.499937012,4.686689639,0.027799272
1609060458.327916145,-14.604597199,9.496938905,4.685069003,-14.591029902,9.482827091,4.683881660,0.019611849
1609060458.378300190,-14.555224185,9.480557280,4.679810959,-14.544414528,9.465144476,4.681151132,0.018873242
1609060458.428943157,-14.503576116,9.463489883,4.675953169,-14.500511561,9.451156009,4.677758356,0.012836457
1609060458.480785131,-14.449307657,9.445470067,4.671086853,-14.417867952,9.425696358,4.671379646,0.037142164
1609060458.527002096,-14.400926172,9.430352342,4.666103423,-14.374465707,9.412427499,4.667098710,0.031975722
1609060458.579663992,-14.347030308,9.414697213,4.659269099,-14.332550712,9.400114999,4.663915977,0.021068771
1609060458.628001213,-14.298141736,9.400712614,4.655712723,-14.290927671,9.390786726,4.660172111,0.013055732
1609060458.680536985,-14.247133946,9.387268959,4.655299301,-14.248446230,9.378475039,4.656425264,0.008962305
1609060458.733805180,-14.194166364,9.373342027,4.650851813,-14.165542234,9.355061536,4.649115840,0.034007804
1609060458.778982162,-14.149516705,9.361299401,4.647198776,-14.121778656,9.344435045,4.645939506,0.032486792
1609060458.827742100,-14.099877295,9.348463383,4.643432618,-14.081514865,9.334229124,4.641827115,0.023288852
1609060458.879104137,-14.049157337,9.335530791,4.637458594,-14.040624282,9.322846915,4.638355848,0.015313354
1609060458.930878162,-13.996979872,9.322241830,4.633338876,-13.997629350,9.312952424,4.634649096,0.009403806
1609060458.980327129,-13.948712419,9.310505256,4.631987487,-13.912954275,9.292428719,4.628690753,0.040202916
1609060459.026729107,-13.902630778,9.298733037,4.629039461,-13.874373684,9.282950993,4.624899749,0.032629335
1609060459.080546141,-13.851350515,9.286272252,4.626944277,-13.832300750,9.272429398,4.621580870,0.024151278
1609060459.127784014,-13.804283695,9.274328356,4.623475321,-13.787354526,9.264045380,4.617573826,0.020667947
1609060459.181243181,-13.754571631,9.263940418,4.618192901,-13.744319587,9.253481224,4.613787054,0.015294137
1609060459.227688074,-13.708725330,9.252982883,4.614445548,-13.664241669,9.233885836,4.605778938,0.049179299
1609060459.279424191,-13.652867861,9.238869343,4.609228646,-13.622607463,9.225626790,4.602073035,0.033797332
1609060459.328384161,-13.602640818,9.227060104,4.605181199,-13.580473672,9.216612176,4.598149290,0.025494888
1609060459.388609171,-13.540175687,9.213499302,4.597552191,-13.536532121,9.205174913,4.593804835,0.009829227
1609060459.433518171,-13.492028055,9.203035983,4.593738512,-13.493376982,9.196349766,4.589960429,0.007797372
1609060459.486275196,-13.441403247,9.194684383,4.587940215,-13.409527913,9.180518904,4.582862162,0.035248891
1609060459.533322096,-13.393666279,9.185452118,4.585118758,-13.367717740,9.170520362,4.579214058,0.030514742
1609060459.579319000,-13.344711264,9.175391516,4.581356701,-13.325809469,9.161142178,4.576396402,0.024185244
1609060459.627422094,-13.293507182,9.165428276,4.577621645,-13.283693429,9.154927585,4.573967391,0.014829964
1609060459.680034161,-13.240693042,9.155627835,4.573526513,-13.239950782,9.146375315,4.571436840,0.009514558
1609060459.728425026,-13.189410543,9.145931879,4.570232050,-13.153327753,9.129485623,4.566198986,0.039858659
1609060459.779250145,-13.137797123,9.136397247,4.566797826,-13.107856376,9.122257533,4.564577931,0.033185957
1609060459.827799082,-13.086438168,9.127691373,4.563209204,-13.062401589,9.114716482,4.562959683,0.027316061
1609060459.879274130,-13.032992333,9.118984066,4.558320609,-13.018979636,9.106370167,4.560599393,0.018991024
1609060459.927618980,-12.981052479,9.110431388,4.555618400,-12.972395304,9.099800095,4.557925888,0.013903077
1609060459.983558178,-12.922725044,9.100473244,4.554929339,-12.877701363,9.087123260,4.554346828,0.046964809
1609060460.025993109,-12.876499705,9.093340139,4.552366919,-12.835885915,9.078790160,4.552778567,0.043143381
1609060460.077687025,-12.822483291,9.086193016,4.547083485,-12.792757934,9.072175797,4.550619857,0.033054276
1609060460.131011009,-12.763485921,9.078106622,4.543666423,-12.743829666,9.067022551,4.549023320,0.023193131
1609060460.180317163,-12.711940875,9.071619430,4.541156546,-12.697677069,9.062403164,4.548077305,0.018338284
1609060460.228507996,-12.658188179,9.064985310,4.539349342,-12.608208510,9.049923071,4.546428084,0.052677765
1609060460.278956175,-12.603784172,9.059076539,4.542706308,-12.560107199,9.045792253,4.546281530,0.045792275
1609060460.329240084,-12.547369545,9.052907603,4.542211055,-12.512095174,9.041133180,4.546099615,0.037390362
1609060460.378509045,-12.484147032,9.043972936,4.541053307,-12.464203452,9.036152406,4.545371042,0.021852916
1609060460.428874016,-12.423679047,9.037828264,4.540684333,-12.418819552,9.031225254,4.544377065,0.008991702
1609060460.480195045,-12.362774178,9.031939778,4.539747507,-12.320331795,9.023729339,4.545093707,0.043558570
1609060460.526538134,-12.305772764,9.026888771,4.539726959,-12.272813456,9.018982064,4.544770325,0.034267587
1609060460.578445196,-12.248338476,9.023956457,4.539622304,-12.225891787,9.013911162,4.544275166,0.025028203
1609060460.625929117,-12.192458881,9.020362039,4.540506434,-12.179492860,9.011670397,4.543949672,0.015984937
1609060460.680358171,-12.126062168,9.015969550,4.540785282,-12.128949837,9.009682358,4.544934256,0.008067304
1609060460.727480173,-12.068659448,9.012988667,4.540706989,-12.035764900,9.003080532,4.545133176,0.034638325
1609060460.778958082,-12.010212257,9.011267096,4.540061378,-11.984997027,9.000636505,4.545347657,0.027870450
1609060460.828413010,-11.950433587,9.009324418,4.539864948,-11.935488093,8.999456692,4.546147266,0.018979129
1609060460.880685091,-11.889857307,9.008974053,4.539495044,-11.888334369,8.998749550,4.545921481,0.012172054
1609060460.929251194,-11.833636888,9.007304894,4.541599390,-11.792142997,8.995483228,4.547982001,0.043614590
1609060460.978983164,-11.777939580,9.005565697,4.545355463,-11.742670188,8.995525958,4.550137293,0.036980971
1609060461.027152061,-11.720176459,9.004847411,4.547895961,-11.693399797,8.994243896,4.553348213,0.029311281
1609060461.079848051,-11.659188146,9.003972434,4.551839133,-11.645428207,8.992801260,4.555419568,0.018081774
1609060461.127817154,-11.601864992,9.003976501,4.555013000,-11.599227557,8.992951808,4.557512231,0.011608017
1609060461.179355145,-11.544429116,9.004887187,4.559802133,-11.497081332,8.995387205,4.563185410,0.048409801
1609060461.226543188,-11.487946482,9.005983603,4.563117659,-11.450138308,8.995223896,4.566043509,0.039418142
1609060461.278989077,-11.430955321,9.007265722,4.566657542,-11.401073723,8.995902185,4.567937211,0.031994959
1609060461.327422142,-11.373861275,9.009622476,4.569480007,-11.342489845,9.001448335,4.569969760,0.032422570
1609060461.380146027,-11.313655968,9.014500544,4.570536362,-11.287440709,9.005351737,4.572328995,0.027823623
1609060461.428488016,-11.257060387,9.018611837,4.572881988,-11.238776944,9.007515813,4.574077218,0.021420426
1609060461.480466127,-11.188416095,9.021514923,4.575515499,-11.143168379,9.015799045,4.576046734,0.045610407
1609060461.526633978,-11.131259938,9.026229928,4.577372459,-11.091407636,9.022628286,4.577437840,0.040014773
1609060461.578130007,-11.066972255,9.034567797,4.579588795,-11.043087481,9.026911605,4.578532034,0.025104112
1609060461.628714085,-11.002722052,9.041952436,4.581435111,-10.997226174,9.031879182,4.579794723,0.011591634
1609060461.680414200,-10.947768156,9.052046378,4.581376174,-10.945904437,9.039598765,4.580599963,0.012610274
1609060461.726855993,-10.891698519,9.060389087,4.583066243,-10.849735766,9.055903674,4.582602763,0.042204341
1609060461.778423071,-10.827766600,9.071131781,4.583183061,-10.806187283,9.062003082,4.583041718,0.023431177
1609060461.826656103,-10.767214645,9.082456219,4.582743680,-10.758500796,9.072117279,4.582520387,0.013523117
1609060461.881693125,-10.701146626,9.096738207,4.581441080,-10.705757137,9.084210008,4.582690307,0.013407951
1609060461.929234982,-10.642825282,9.110074118,4.580013757,-10.605241593,9.107498079,4.581725524,0.037710738
1609060461.978337049,-10.585515783,9.124908495,4.577890984,-10.605241841,9.107502212,4.581738249,0.026587544
1609060462.026682138,-10.526037756,9.140658467,4.575884674,-10.499543131,9.136359237,4.579143498,0.027038278
1609060462.079570055,-10.464163914,9.159749648,4.573556358,-10.449736490,9.150396813,4.577297229,0.017596028
1609060462.129022121,-10.404169133,9.177937088,4.570921264,-10.403140093,9.164074111,4.574279709,0.014301055
1609060462.180023193,-10.344940970,9.197597237,4.568720992,-10.299234847,9.197678663,4.567741555,0.045716689
1609060462.227467060,-10.286208664,9.217400431,4.565021401,-10.249497302,9.215760842,4.563995056,0.036762288
1609060462.279769182,-10.224349467,9.237692061,4.558484196,-10.199299784,9.232864779,4.559997512,0.025555418
1609060462.330918074,-10.161186903,9.261039059,4.553622946,-10.147979367,9.252787359,4.555340813,0.015667821
1609060462.380113125,-10.105690616,9.284929918,4.549526611,-10.098462022,9.272314671,4.551181709,0.014633400
1609060462.427350998,-10.047916522,9.308161365,4.544425595,-9.997105912,9.314159380,4.541772460,0.051232152
1609060462.479017019,-9.988904582,9.333846528,4.540491714,-9.950902185,9.333420650,4.536553096,0.038208326
1609060462.527957201,-9.928616818,9.360418593,4.535326308,-9.896134576,9.358922602,4.531562784,0.032733746
1609060462.580631018,-9.856453928,9.390455444,4.527454173,-9.844711558,9.383487908,4.526681880,0.013675754
1609060462.628690004,-9.794945314,9.418736263,4.522079039,-9.749109204,9.429521348,4.516845201,0.047377845
1609060462.679250002,-9.733654254,9.451330301,4.515805793,-9.697789029,9.455791429,4.511401900,0.036408932
1609060462.727450132,-9.671514968,9.481973870,4.510148272,-9.645403320,9.484255630,4.506446312,0.026471288
1609060462.779249191,-9.615974212,9.516803062,4.504218157,-9.593004785,9.512704701,4.500926681,0.023563212
1609060462.828996181,-9.556938932,9.550997747,4.499021363,-9.544214309,9.539908826,4.495110005,0.017325672
1609060462.879943132,-9.495025332,9.587175744,4.492923597,-9.448470072,9.597545388,4.485194898,0.048318263
1609060462.929316998,-9.437045577,9.622712699,4.486519405,-9.401056274,9.626347987,4.480240280,0.036713385
1609060462.979207039,-9.381056431,9.658684940,4.479307947,-9.356378727,9.654168459,4.474878735,0.025475588
1609060463.027507067,-9.325440566,9.694408825,4.472503830,-9.311184796,9.682910415,4.469017219,0.018643950
1609060463.080178022,-9.269376688,9.732854585,4.462909724,-9.262582473,9.715455261,4.462872705,0.018678843
1609060463.129511118,-9.215446924,9.769273663,4.453852520,-9.215640307,9.747584797,4.455995941,0.021795379
1609060463.178997993,-9.164520689,9.805596169,4.444755409,-9.128551936,9.809874106,4.438759234,0.036715203
1609060463.226540089,-9.113539871,9.842484957,4.434966242,-9.081891484,9.845481418,4.430558539,0.032094034
1609060463.279219151,-9.062199047,9.883001069,4.422405043,-9.037535387,9.880672873,4.422249008,0.024773796
1609060463.330190182,-9.010197424,9.924034082,4.411390920,-8.995340987,9.914901300,4.413395270,0.017553884
1609060463.379824162,-8.965975550,9.964789698,4.399897039,-8.956491067,9.947599737,4.404486723,0.020162226
1609060463.427031994,-8.920552413,10.003632642,4.389698716,-8.872894099,10.021215480,4.387802177,0.050833728
1609060463.479870081,-8.873537018,10.046712630,4.380848988,-8.837047667,10.054831934,4.380023254,0.037390877
1609060463.529342175,-8.828726453,10.087898658,4.371220803,-8.799957494,10.090711609,4.371890689,0.028913915
1609060463.580952168,-8.785991844,10.131136711,4.367603894,-8.766469078,10.124438614,4.364592000,0.020858437
1609060463.628221035,-8.744838839,10.171754982,4.359997416,-8.693337220,10.199029115,4.350487878,0.059048509
1609060463.677978992,-8.698883135,10.218724888,4.350247698,-8.661278561,10.234466391,4.342395305,0.041515768
1609060463.732715130,-8.651692398,10.268205562,4.340858216,-8.629383090,10.271479908,4.334571952,0.023408197
1609060463.778750181,-8.615777380,10.311826840,4.329849250,-8.592216185,10.314234212,4.325883559,0.024013580
1609060463.828248024,-8.574440970,10.358934332,4.319564301,-8.559984482,10.353648576,4.316895800,0.015622105
1609060463.879996061,-8.540851086,10.409884117,4.307088972,-8.503135004,10.428398039,4.299374919,0.042717383
1609060463.933847189,-8.501276873,10.461735209,4.297863520,-8.471007226,10.471064804,4.290970667,0.032416112
1609060463.980240107,-8.466599131,10.508057270,4.287512160,-8.442146024,10.511778372,4.282359652,0.025265577
1609060464.028326035,-8.432184224,10.556686642,4.276049869,-8.415414465,10.550161621,4.274138378,0.018095704
1609060464.080262184,-8.399081267,10.607722856,4.262976633,-8.388438538,10.591867220,4.264469188,0.019154544
1609060464.130795002,-8.365285603,10.659402012,4.251850929,-8.331818360,10.676691667,4.246498772,0.038047788
1609060464.178006172,-8.335211634,10.707292338,4.241815628,-8.307782356,10.719516865,4.237019114,0.030410704
1609060464.226155043,-8.304253200,10.757677999,4.231583053,-8.281794575,10.763204698,4.226549380,0.023670067
1609060464.277084112,-8.277012617,10.810878303,4.223830897,-8.256148313,10.808389696,4.218787563,0.021608970
1609060464.328767061,-8.244993536,10.866840560,4.212915111,-8.230500970,10.853211247,4.210107369,0.020091691
1609060464.378328085,-8.220276488,10.918003883,4.201542032,-8.209204122,10.897970010,4.200284059,0.022924569
1609060464.427219152,-8.191932273,10.972054813,4.191718472,-8.166935052,10.983832849,4.183284881,0.028891325
1609060464.476723194,-8.168407429,11.025207059,4.180490560,-8.142596493,11.033523714,4.174765858,0.027715400
1609060464.528161049,-8.140434708,11.082874576,4.169918782,-8.122804849,11.079752996,4.165875224,0.018355015
1609060464.584477186,-8.114906539,11.144837613,4.158309557,-8.083694855,11.174034116,4.149290642,0.043680039
1609060464.627368212,-8.092744429,11.194251456,4.150047744,-8.061045879,11.224529869,4.141669070,0.044629391
1609060464.677657127,-8.071697311,11.250830802,4.145403314,-8.042875031,11.272085304,4.134258877,0.037505682
1609060464.725933075,-8.048379936,11.307582827,4.137527815,-8.024958124,11.325401178,4.125920108,0.031635642
1609060464.778755188,-8.022609179,11.376195773,4.124550271,-8.003377908,11.383061784,4.117966236,0.021455382
1609060464.829033136,-7.997952227,11.438960124,4.116048863,-7.984146109,11.436252210,4.110654516,0.015067869
1609060464.881244183,-7.978195265,11.505773673,4.106109295,-7.952501229,11.535664357,4.097062320,0.040441120
1609060464.926936150,-7.956820179,11.564862509,4.097835517,-7.936854613,11.589809618,4.089462846,0.033031556
1609060464.979433060,-7.944272362,11.631124249,4.089209712,-7.919013457,11.643376862,4.082956519,0.028761801
1609060465.026580095,-7.927202043,11.692815302,4.079840755,-7.903584049,11.695281048,4.075754333,0.024095403
1609060465.080960035,-7.905953938,11.764708449,4.068798833,-7.890021346,11.748477992,4.068841718,0.022743725
1609060465.131188154,-7.888951312,11.831259745,4.058634261,-7.861302520,11.858571288,4.053517633,0.039198929
1609060465.178850174,-7.874028379,11.894229363,4.049182625,-7.846624869,11.914823235,4.046420362,0.034390261
1609060465.228109121,-7.857266081,11.960338861,4.040105569,-7.836206744,11.966575783,4.039783978,0.021965843
1609060465.278582096,-7.842496012,12.027178349,4.032578233,-7.821003613,12.023263482,4.032075881,0.021851814
1609060465.329045057,-7.826504198,12.094723377,4.023671710,-7.805467119,12.081033542,4.025235728,0.025147891
1609060465.380448103,-7.812156537,12.162224280,4.016216763,-7.783841204,12.193283229,4.012419532,0.042199945
1609060465.427752018,-7.796855437,12.226956034,4.009083121,-7.773761400,12.249418469,4.005247448,0.032443920
1609060465.479211092,-7.786383848,12.294552524,4.003124718,-7.761162803,12.306129062,4.000168379,0.027908015
1609060465.529885054,-7.771658984,12.363323839,3.996167639,-7.749571712,12.362593189,3.995749367,0.022103311
1609060465.579433203,-7.760028679,12.426355036,3.988325259,-7.741682534,12.414029367,3.990021874,0.022167130
1609060465.628167152,-7.746464974,12.491730170,3.981916530,-7.721984373,12.527850298,3.979389696,0.043707532
1609060465.678918123,-7.739698377,12.559921357,3.976918886,-7.712487221,12.581983015,3.975575349,0.035056652
1609060465.726876020,-7.727975046,12.625366054,3.971828250,-7.702909491,12.646751639,3.970873762,0.032962650
1609060465.780047178,-7.718681096,12.694461187,3.968261039,-7.696461117,12.709271298,3.966087151,0.026791652
1609060465.828760147,-7.707894299,12.761492353,3.963790220,-7.687496435,12.768804120,3.962030878,0.021740057
1609060465.880266190,-7.698730112,12.838941293,3.958204986,-7.674787331,12.881585400,3.955320544,0.048990781
1609060465.932221174,-7.688124357,12.912960984,3.953357961,-7.670386890,12.939271095,3.950884241,0.031827017
1609060465.979675055,-7.684560872,12.982154573,3.946571473,-7.664354875,12.998160751,3.947374503,0.025790016
1609060466.027986050,-7.675955331,13.052686307,3.942064272,-7.658058977,13.055317076,3.945342414,0.018383325
1609060466.079845190,-7.674903055,13.125091278,3.941158498,-7.655478246,13.113152937,3.942266948,0.022827086
1609060466.161890984,-7.670559797,13.242642980,3.941111904,-7.649647715,13.225076472,3.938728446,0.027414927
1609060466.229519129,-7.665289533,13.341020136,3.942092171,-7.644238094,13.340409802,3.940491218,0.021121047
1609060466.280148983,-7.664061436,13.412945363,3.943223651,-7.642065603,13.402334862,3.941853645,0.024459688
1609060466.328636169,-7.661973440,13.483747886,3.944212828,-7.637892520,13.523221598,3.944831944,0.046243356
1609060466.378987074,-7.662703084,13.555386357,3.945116770,-7.638837449,13.581336996,3.945451341,0.035257852
1609060466.429597139,-7.661790371,13.629210076,3.947338493,-7.640327205,13.641644456,3.946415281,0.024822039
1609060466.479005098,-7.662548791,13.699748762,3.950059774,-7.640287330,13.702653982,3.947766746,0.022567032
1609060466.527721167,-7.661830360,13.770974778,3.951356744,-7.640276970,13.763592017,3.949050095,0.022899222
1609060466.581521034,-7.667579531,13.845930833,3.951999321,-7.643348383,13.825623907,3.950002201,0.031678199
1609060466.628607988,-7.668484689,13.914524085,3.953126151,-7.648655742,13.946375672,3.952036450,0.037535293
1609060466.679336071,-7.672954132,13.985198372,3.954975052,-7.651214824,14.005348979,3.953010481,0.029706969
1609060466.727976084,-7.674897014,14.055623742,3.956045536,-7.655654503,14.072314747,3.953670839,0.025583258
1609060466.779019117,-7.683184542,14.127033371,3.957711231,-7.661941593,14.139831346,3.954052529,0.025068649
1609060466.829914093,-7.686385414,14.201027324,3.958649032,-7.666365117,14.202213109,3.954297572,0.020522026
1609060466.880611181,-7.695013558,14.271413342,3.958563206,-7.675600331,14.323181295,3.956183963,0.055339454
1609060466.928917170,-7.699931739,14.341547840,3.958910792,-7.682904483,14.384827132,3.956589413,0.046566226
1609060466.979152203,-7.708790215,14.422281086,3.957804921,-7.690395085,14.445699268,3.956917654,0.029792268
1609060467.028021097,-7.715066071,14.495605827,3.957846570,-7.695723169,14.504413534,3.957789793,0.021253865
1609060467.080524206,-7.729073388,14.576181367,3.955527118,-7.704941107,14.566309023,3.957960188,0.026186829
1609060467.126882076,-7.736646014,14.647574444,3.954934046,-7.723285108,14.683202142,3.957692557,0.038150440
1609060467.180591106,-7.752013144,14.725691828,3.956152246,-7.732559487,14.744790989,3.957563571,0.027298619
1609060467.226670980,-7.764917977,14.793947820,3.957737438,-7.742253432,14.806747022,3.957166336,0.026035118
1609060467.279661179,-7.777405630,14.875264689,3.956516482,-7.754039387,14.864952461,3.955612438,0.025556616
1609060467.329204082,-7.790228726,14.950645007,3.954903302,-7.776893914,14.987524078,3.953406659,0.039244401
1609060467.379631042,-7.805658620,15.024450445,3.953361440,-7.789316840,15.048604160,3.952736309,0.029169273
1609060467.427987099,-7.819646671,15.097524875,3.951196399,-7.804026454,15.109519347,3.950657393,0.019701500
1609060467.479583025,-7.838852785,15.171139454,3.948109353,-7.818285332,15.170692167,3.949341389,0.020609175
1609060467.528842211,-7.855632650,15.243817403,3.946140855,-7.833008849,15.233021650,3.948023730,0.025138215
1609060467.580595016,-7.876972371,15.317504268,3.943651976,-7.848872320,15.295756716,3.946809462,0.035672659
1609060467.627780199,-7.893264884,15.386648539,3.941964572,-7.883060313,15.415574873,3.944511322,0.030779084
1609060467.693520069,-7.923261107,15.476538293,3.941727792,-7.899339063,15.474197177,3.943121133,0.024076678
1609060467.770143986,-7.959196673,15.583055361,3.939254622,-7.942621700,15.607356407,3.939900943,0.029422581
1609060467.835719109,-7.988594796,15.675235402,3.936993390,-7.982528999,15.726526662,3.937452147,0.051650728
1609060467.886023998,-8.016704899,15.742061585,3.937679023,-8.003724186,15.782830398,3.936972877,0.042791280
1609060467.932846069,-8.039558580,15.806762261,3.938475800,-8.026640437,15.843592727,3.937923513,0.039034173
1609060467.978756189,-8.065163312,15.866424734,3.938686395,-8.049428659,15.900782745,3.938458968,0.037790263
1609060468.027256012,-8.090349151,15.931862549,3.939851554,-8.070637366,15.955357287,3.939989159,0.030668814
1609060468.081122160,-8.121548967,16.018360499,3.942980040,-8.095741676,16.013098510,3.940697170,0.026437025
1609060468.129112005,-8.148298144,16.085740859,3.944881039,-8.146207499,16.125404538,3.943836765,0.039732465
1609060468.179625988,-8.182751861,16.153578265,3.946402921,-8.173937808,16.182400761,3.945090583,0.030168627
1609060468.227814198,-8.211709078,16.220641767,3.948294237,-8.202065866,16.238326226,3.946439385,0.020228003
1609060468.278457165,-8.249950359,16.270524375,3.947190691,-8.229395024,16.292596072,3.948328750,0.030182392
1609060468.327484131,-8.284847505,16.332898937,3.949220743,-8.257771326,16.345503004,3.951072205,0.029923400
1609060468.380009174,-8.320941958,16.401107168,3.951873497,-8.287505127,16.398878153,3.952520259,0.033517286
1609060468.427757025,-8.354190321,16.461679120,3.954306139,-8.347240913,16.500980457,3.958715848,0.040153891
1609060468.477749109,-8.389555790,16.521691940,3.956394012,-8.375608447,16.547492171,3.961599176,0.029787145
1609060468.527155161,-8.425199470,16.581653326,3.958853120,-8.409618949,16.601981928,3.964719228,0.026275767
1609060468.571753025,-8.459669062,16.630730082,3.961318495,-8.444928862,16.655764230,3.967760782,0.029757102
1609060468.623512030,-8.497250960,16.690689471,3.964422465,-8.477257715,16.703512758,3.970018770,0.024402564
1609060468.674556017,-8.538418651,16.746245171,3.968070334,-8.510518950,16.749574402,3.973029294,0.028531883
1609060468.722122192,-8.575350636,16.799643367,3.970612503,-8.580714052,16.840959433,3.976876549,0.042131008
1609060468.779278040,-8.623913170,16.858729292,3.976794831,-8.614430740,16.882049396,3.979635063,0.025333982
1609060468.825678110,-8.661585428,16.907524819,3.979746920,-8.650507965,16.924926380,3.981492648,0.020701983
1609060468.881869078,-8.710984208,16.961899022,3.981878064,-8.689894954,16.967036524,3.984392925,0.021851204
1609060468.928879976,-8.751529435,17.009046125,3.984494721,-8.767666502,17.046089394,3.987895346,0.040548402
1609060468.978708029,-8.797864663,17.053872933,3.987186378,-8.807324779,17.086239770,3.990137175,0.033849862
1609060469.026169062,-8.841985029,17.098965636,3.989405057,-8.848862446,17.125311396,3.991852956,0.027338437
1609060469.079028130,-8.893254752,17.143918346,3.992101496,-8.891653811,17.162849390,3.993485508,0.019048962
1609060469.128238201,-8.941544048,17.187573263,3.993945352,-8.933983797,17.196315838,3.995579928,0.011673124
1609060469.179890156,-9.002390135,17.240120250,3.995899479,-9.025731756,17.269583474,3.998841166,0.037703665
1609060469.227359056,-9.053993783,17.282747966,3.997685986,-9.072683868,17.300127417,4.001264338,0.025771480
1609060469.277248144,-9.115313796,17.321531615,3.998558977,-9.123354334,17.332769529,4.002631380,0.014405742
1609060469.330085039,-9.179102543,17.366792864,4.000260382,-9.173423211,17.363379052,4.004962384,0.008125131
1609060469.379516125,-9.241752364,17.393721987,4.004056342,-9.222018333,17.394228995,4.007545634,0.020046551
1609060469.428099155,-9.307549551,17.428116334,4.008503340,-9.330857603,17.451431012,4.014023302,0.033426179
1609060469.478720188,-9.375656955,17.464767600,4.013375261,-9.385592341,17.478766272,4.017061037,0.017557324
1609060469.527437210,-9.443362360,17.497981138,4.017765768,-9.442576240,17.506771468,4.022325024,0.009933514
1609060469.582027197,-9.519950997,17.530294988,4.022549412,-9.498105375,17.533058604,4.025753148,0.022251577
1609060469.630171061,-9.589057349,17.558919279,4.025783151,-9.620467704,17.578344432,4.032214717,0.037487491
1609060469.679854155,-9.661491513,17.585884270,4.028608501,-9.681520272,17.602320852,4.036624922,0.027121494
1609060469.728006124,-9.733729775,17.611989491,4.033189052,-9.743326076,17.624550244,4.040974455,0.017620272
1609060469.779536009,-9.812949093,17.636476830,4.039029888,-9.807843472,17.646027804,4.043724167,0.011803590
1609060469.828714132,-9.888501910,17.660166546,4.042395213,-9.872459139,17.663303392,4.046628384,0.016885795
1609060469.880279064,-9.968060796,17.682401079,4.044315967,-10.002519870,17.702155725,4.054488997,0.041002004
1609060469.928411007,-10.042833806,17.703260645,4.047839107,-10.070469049,17.718933949,4.057182746,0.033115899
1609060469.979132175,-10.123464752,17.721488932,4.053782295,-10.136687754,17.733080092,4.059388374,0.018456188
1609060470.027426004,-10.199763702,17.739634551,4.057787108,-10.203654577,17.747458362,4.062130100,0.009757690
1609060470.081245184,-10.284374106,17.753982339,4.060574119,-10.272969228,17.762230163,4.066985671,0.015466281
1609060470.129621983,-10.360739768,17.769160670,4.064150153,-10.408504297,17.786891993,4.071722148,0.051509078
1609060470.178888083,-10.438259963,17.781229972,4.067356848,-10.479382317,17.798049073,4.073655571,0.044873200
1609060470.228217125,-10.516506270,17.794074716,4.070676372,-10.547146504,17.810588420,4.077489275,0.035467479
1609060470.278670073,-10.609742639,17.808087386,4.075518063,-10.615106743,17.819913283,4.080153564,0.013788158
1609060470.328602076,-10.691857107,17.819748063,4.078893001,-10.681661190,17.826144387,4.082318805,0.012514225
1609060470.379962206,-10.777156133,17.828846585,4.078239286,-10.815588995,17.842415057,4.084482464,0.041233064
1609060470.428395987,-10.856684269,17.838183418,4.080382566,-10.880400523,17.847006377,4.087472652,0.026278787
1609060470.478901148,-10.933871871,17.841290849,4.081491923,-10.948860664,17.852120538,4.087950110,0.019587094
1609060470.534272194,-11.024065555,17.845166955,4.082029386,-11.016807465,17.854097043,4.088975804,0.013441691
1609060470.579819202,-11.096526976,17.849785243,4.082604506,-11.075871464,17.859720220,4.088238406,0.023602855
1609060470.629103184,-11.174135005,17.852637531,4.082497548,-11.204413268,17.864848829,4.088532452,0.033201040
1609060470.679993153,-11.252961101,17.852611007,4.081305307,-11.266912865,17.864624762,4.087440618,0.019406805
1609060470.733728170,-11.334968649,17.852912223,4.079894522,-11.337105380,17.864640012,4.086209972,0.013490424
1609060470.778460979,-11.401857265,17.852576494,4.078777419,-11.405431186,17.865183825,4.085359581,0.014664329
1609060470.828742981,-11.476433321,17.850216867,4.077245012,-11.469384622,17.862278387,4.083692656,0.015386245
1609060470.881497145,-11.552366390,17.844344557,4.075151511,-11.588042915,17.854633814,4.080310450,0.037487303
1609060470.927678108,-11.617366660,17.840032700,4.073090241,-11.646757947,17.850746163,4.078345573,0.031721358
1609060471.020473003,-11.743724232,17.827940625,4.066611148,-11.763253446,17.837131612,4.074045685,0.022828420
1609060471.085931063,-11.832184886,17.815879312,4.064164308,-11.874762272,17.823032063,4.069285357,0.043476669
1609060471.133906126,-11.895599109,17.807153875,4.061811882,-11.932035811,17.813579609,4.067144687,0.037381307
1609060471.179148197,-11.953841990,17.796586407,4.059818676,-11.991399867,17.800347692,4.065184323,0.038125209
1609060471.228013039,-12.016783976,17.784905541,4.057746053,-12.045102960,17.788847231,4.063063685,0.029082279
1609060471.278729200,-12.080252460,17.769627087,4.054067279,-12.095900932,17.778153859,4.060980571,0.019114762
1609060471.328710079,-12.141970700,17.754692683,4.052410757,-12.150925121,17.763664088,4.059754289,0.014649070
1609060471.380196095,-12.217931469,17.735042780,4.057712965,-12.258816463,17.729000596,4.056445076,0.041348498
1609060471.428129196,-12.278696995,17.717182523,4.058204235,-12.305847346,17.712432268,4.055623410,0.027683337
1609060471.479714155,-12.345303147,17.691121693,4.055586307,-12.355290462,17.693469998,4.054570448,0.010309848
1609060471.529009104,-12.406182175,17.667658895,4.056439510,-12.407237475,17.669817704,4.053797808,0.003571092
1609060471.582780123,-12.463406635,17.631305233,4.048735808,-12.453881723,17.647530233,4.053129313,0.019320390
1609060471.629180193,-12.518084149,17.600951094,4.047527683,-12.546968084,17.597288060,4.051314386,0.029360494
1609060471.679857016,-12.577422678,17.568008841,4.045686823,-12.591980429,17.570100165,4.049418208,0.015173166
1609060471.727349043,-12.631653583,17.534862682,4.042864425,-12.643922713,17.536417986,4.047530657,0.013218329
1609060471.778539181,-12.686923310,17.496482553,4.038372668,-12.691808206,17.502626394,4.044888284,0.010201091
1609060471.828935146,-12.741068934,17.455762947,4.035193968,-12.735226475,17.468687474,4.042493025,0.015951613
1609060471.880558014,-12.795145775,17.410637575,4.031693221,-12.781383472,17.431120208,4.040470128,0.026191093
1609060471.928007126,-12.843746825,17.367899206,4.029136815,-12.865698634,17.355021569,4.035765813,0.026299412
1609060471.979415178,-12.893908487,17.318801518,4.027093238,-12.904153746,17.315089840,4.033690814,0.012738520
1609060472.028941154,-12.940706936,17.268461977,4.024982442,-12.943366789,17.272942420,4.030817875,0.007823136
1609060472.082103014,-12.987692441,17.211178101,4.022776106,-12.984040498,17.226792189,4.028791151,0.017126506
1609060472.129687071,-13.029683909,17.158182313,4.021153227,-13.058477580,17.132398251,4.024476668,0.038793539
1609060472.179258108,-13.071989811,17.102923637,4.018397136,-13.095002441,17.082018473,4.023289181,0.031472832
1609060472.227492094,-13.111742065,17.046477758,4.016685999,-13.129765215,17.031218419,4.020954650,0.023997974
1609060472.279079199,-13.152909277,16.983404630,4.012465658,-13.165804239,16.977267192,4.018565950,0.015529384
1609060472.329487085,-13.191318388,16.920455121,4.010882542,-13.198210148,16.923527987,4.016936766,0.009674321
1609060472.381889105,-13.229843968,16.852079028,4.009802829,-13.263027144,16.810728653,4.016176993,0.053400436
1609060472.429280996,-13.263828615,16.790067551,4.009597852,-13.295769871,16.752006054,4.014728638,0.049952441
1609060472.480375051,-13.309503044,16.713789623,4.006655916,-13.325890175,16.693925766,4.014050814,0.026791704
1609060472.526813030,-13.343956404,16.648803007,4.005564057,-13.357897318,16.628792163,4.013727130,0.025718061
1609060472.580457211,-13.381515831,16.569448282,4.005851053,-13.391863854,16.560793847,4.012284785,0.014945693
1609060472.628858089,-13.416118034,16.497963669,4.005051604,-13.419216977,16.503495159,4.010881634,0.008613366
1609060472.680225134,-13.444033517,16.422443663,4.007439366,-13.471836112,16.381297489,4.011099475,0.049793457
1609060472.726508141,-13.474211267,16.350104843,4.008894625,-13.500065536,16.316798384,4.010673743,0.042201051
1609060472.778885126,-13.508321410,16.269558387,4.008983179,-13.527138203,16.254659280,4.010037857,0.024024310
1609060472.828325987,-13.538977471,16.195702723,4.009751961,-13.550963834,16.194571055,4.009816986,0.012039841
1609060472.881620169,-13.571633118,16.116277328,4.010358594,-13.573186475,16.134299808,4.010820654,0.018095199
1609060472.928589106,-13.599374950,16.045597239,4.010703814,-13.622654266,16.010790353,4.013017523,0.041938039
1609060472.979053020,-13.627076749,15.972119592,4.011174922,-13.647296342,15.946717969,4.013580391,0.032555501
1609060473.028273106,-13.654839351,15.899895349,4.012695751,-13.669269812,15.885904316,4.016082454,0.020382761
1609060473.079199076,-13.682572717,15.826659937,4.014009291,-13.692742335,15.824451124,4.017837622,0.011088557
1609060473.127213001,-13.708403164,15.757124098,4.016562594,-13.716994343,15.763619272,4.020416241,0.011438804
1609060473.180847168,-13.735882159,15.681110835,4.022110516,-13.758835505,15.643297116,4.025682750,0.044378985
1609060473.228025198,-13.758964792,15.615200982,4.025641076,-13.778090577,15.588176855,4.028614797,0.033240670
1609060473.279670000,-13.784714135,15.543188530,4.026505461,-13.800297334,15.527322086,4.032037056,0.022916777
1609060473.329110146,-13.807673340,15.476557686,4.029911344,-13.820307195,15.469661751,4.034377734,0.015070396
1609060473.380846024,-13.829057846,15.408755476,4.033169725,-13.835462356,15.419139627,4.037724621,0.013022881
1609060473.428627014,-13.848464799,15.348046349,4.036125043,-13.870924459,15.309350387,4.043785290,0.045392656
1609060473.479654074,-13.867114298,15.284108356,4.043228871,-13.887641470,15.258384670,4.046199945,0.033043911
1609060473.528223991,-13.884763807,15.224377306,4.046072274,-13.903700121,15.201379134,4.049365516,0.029972410
1609060473.579666138,-13.907494953,15.154923925,4.050677419,-13.919691890,15.144488972,4.051641478,0.016080514
1609060473.629147053,-13.924404687,15.095055782,4.053216064,-13.935862675,15.092483908,4.053998730,0.011769137
1609060473.680805206,-13.939402299,15.032942780,4.056415442,-13.960110003,14.999357918,4.056254290,0.039456025
1609060473.728483200,-13.952908338,14.978599273,4.057594135,-13.971128108,14.953992888,4.057634593,0.030617574
1609060473.778892040,-13.961889376,14.928122322,4.059036739,-13.980155668,14.910468594,4.059712587,0.025411972
1609060473.832645178,-13.973862511,14.870718846,4.061625334,-13.991371917,14.869005473,4.061388272,0.017594634
1609060473.888217211,-13.984820541,14.815297723,4.064485160,-14.003847868,14.790641485,4.065875915,0.031175366
1609060473.933340073,-13.991787065,14.772359562,4.066074673,-14.010666967,14.753786209,4.067941392,0.026550042
1609060473.979749203,-13.998081989,14.729917767,4.067795676,-14.014951386,14.717729534,4.070527284,0.020990265
1609060474.028207064,-14.003395560,14.688678716,4.069324148,-14.019361168,14.682774786,4.072408931,0.017299507
1609060474.084556103,-14.008277975,14.643055104,4.070971434,-14.020854953,14.650138367,4.074540783,0.014869204
1609060474.137107134,-14.010617956,14.603760282,4.074295642,-14.025667367,14.586728158,4.077712373,0.022983735
1609060474.179860115,-14.011536338,14.573825729,4.076644082,-14.025748220,14.560825081,4.081759794,0.019928997
1609060474.228349209,-14.011438796,14.541414651,4.080042892,-14.023774947,14.533542733,4.084634951,0.015337364
1609060474.277875185,-14.010789332,14.509517169,4.084174535,-14.021794988,14.507206336,4.087198654,0.011645158
1609060474.327560186,-14.008529354,14.480093438,4.087021397,-14.021318301,14.482493515,4.089954925,0.013338783
1609060474.380293131,-14.004335194,14.450707268,4.088573091,-14.014118083,14.434949908,4.093484739,0.019186547
1609060474.427479029,-14.000477037,14.426159849,4.091135915,-14.011067223,14.414863738,4.098026221,0.016947875
1609060474.477905989,-13.995240717,14.402097028,4.092885049,-14.006580471,14.393281400,4.100027114,0.016041022
1609060474.528779030,-13.989396161,14.379186558,4.095061863,-14.001592375,14.373383812,4.102847727,0.015589713
1609060474.581426144,-13.985935696,14.357104864,4.107018201,-13.996619227,14.355016105,4.104752758,0.011119037
1609060474.629651070,-13.980112342,14.338122945,4.109837823,-13.985741648,14.319108007,4.107640755,0.019952044
1609060474.680217981,-13.973834860,14.313447072,4.115107466,-13.979259680,14.301975044,4.108063859,0.014513735
1609060474.727298021,-13.967791826,14.295666738,4.117888073,-13.973156151,14.286299390,4.109512838,0.013662641
1609060474.781194210,-13.959657883,14.275758933,4.115209451,-13.966073965,14.269666376,4.110045731,0.010244480
1609060474.828670979,-13.952582436,14.258384066,4.116859794,-13.959446714,14.254123271,4.110609511,0.010214633
1609060474.881358147,-13.943883392,14.237463904,4.112245630,-13.946497172,14.221354501,4.111294736,0.016347750
1609060474.929676056,-13.936330936,14.221735823,4.112247342,-13.940152222,14.209850945,4.111709085,0.012495690
1609060475.000697136,-13.925963690,14.200293049,4.112117395,-13.927692325,14.185228897,4.112121935,0.015163011
1609060475.084722042,-13.912869344,14.169044445,4.110058660,-13.913809988,14.157170993,4.111357928,0.011981309
1609060475.126618147,-13.905789615,14.154413934,4.108541877,-13.906987768,14.143604330,4.111925074,0.011389870
1609060475.178278208,-13.897896428,14.137406022,4.107125038,-13.899927570,14.130198845,4.106531561,0.007511402
1609060475.229041100,-13.889534141,14.119994904,4.103788523,-13.893415937,14.117573142,4.103348160,0.004596433
1609060475.281843185,-13.881703709,14.102662964,4.100973409,-13.886450919,14.104037815,4.100305618,0.004987200
1609060475.328446150,-13.873741178,14.087686559,4.097601904,-13.872566287,14.078903022,4.095108499,0.009205866
1609060475.379393101,-13.864891871,14.072336908,4.093423742,-13.864996003,14.065017876,4.091533965,0.007559783
1609060475.430552006,-13.855744038,14.054368771,4.089170872,-13.858167314,14.050639175,4.088238118,0.004544468
1609060475.480121136,-13.848506774,14.038260794,4.083507591,-13.851217722,14.037065779,4.084712554,0.003198317
1609060475.529694080,-13.840193880,14.021951837,4.079481796,-13.836492985,14.009301047,4.077397265,0.013344826
1609060475.580530167,-13.832422321,14.005708458,4.076435907,-13.829131243,13.995193174,4.074071857,0.011269034
1609060475.623762131,-13.824708316,13.990331791,4.072985836,-13.821099587,13.980387139,4.070606212,0.010843507
1609060475.681043148,-13.813783602,13.971581892,4.068905583,-13.812960156,13.965269965,4.067552596,0.006507616
1609060475.730020046,-13.803973678,13.953429231,4.065484054,-13.805288989,13.951080963,4.064461476,0.002879247
1609060475.781841040,-13.791368987,13.933053995,4.064432245,-13.786692525,13.918612815,4.059651236,0.015914616
1609060475.829219103,-13.779975962,13.914133280,4.062069396,-13.777532357,13.902365164,4.056302695,0.013330964
1609060475.878290176,-13.767762001,13.892376097,4.055465246,-13.766835206,13.884574033,4.053378562,0.008129293
1609060475.927850008,-13.754102929,13.870237066,4.052289561,-13.756450633,13.866844714,4.050601714,0.004457420
1609060475.980598211,-13.739559240,13.846638527,4.045745554,-13.745772104,13.849469621,4.049057521,0.007588406
1609060476.029070139,-13.725837419,13.825067947,4.045320187,-13.722482320,13.811143094,4.045190096,0.014323936
1609060476.079783201,-13.710856645,13.801078978,4.042991390,-13.711439925,13.792853923,4.043589279,0.008267358
1609060476.149460077,-13.690131186,13.766686730,4.040892964,-13.697187826,13.770470525,4.042618681,0.008190932
1609060476.228608131,-13.663056630,13.723418659,4.037856731,-13.667240857,13.724382841,4.040805668,0.005208995
1609060476.282281160,-13.644838688,13.693782715,4.035915177,-13.638727810,13.678953540,4.039677242,0.016474234
1609060476.327225208,-13.628403646,13.667578219,4.035318843,-13.623205095,13.654690131,4.039571715,0.014533226
1609060476.372508049,-13.612018798,13.642066965,4.035731596,-13.607269895,13.629670779,4.040197568,0.014005799
1609060476.429035187,-13.590240535,13.607979712,4.036435900,-13.591956210,13.606203374,4.040651530,0.004885740
1609060476.480401039,-13.570686828,13.577176560,4.037633795,-13.574212843,13.580121462,4.041312478,0.005885401
1609060476.533285141,-13.548690906,13.542390595,4.038126102,-13.540221131,13.524442421,4.043096911,0.020459301
1609060476.579155207,-13.529658969,13.512508085,4.039839703,-13.521607165,13.495613115,4.043690787,0.019107653
1609060476.628695011,-13.508715493,13.479349109,4.040772192,-13.502461155,13.466386335,4.044612284,0.014896192
1609060476.680046082,-13.487738011,13.446247839,4.040776140,-13.484326434,13.437246006,4.045007077,0.010515355
1609060476.728375196,-13.466695978,13.413256182,4.042082004,-13.465394304,13.408219112,4.046683240,0.006945343
1609060476.779676199,-13.445535986,13.378750716,4.045366791,-13.445834913,13.377282530,4.047813786,0.002869270
1609060476.828135014,-13.423856804,13.344774937,4.046427703,-13.408493156,13.317060955,4.049368529,0.031823811
1609060476.876777172,-13.399900476,13.307930312,4.046532977,-13.389349838,13.286905244,4.049056707,0.023658796
1609060476.927697182,-13.375828015,13.270285245,4.047243886,-13.367532244,13.253129591,4.049313102,0.019168150
1609060476.979966164,-13.350904486,13.228795049,4.044919958,-13.346476959,13.218031277,4.048948516,0.012316293
1609060477.029965162,-13.326884556,13.190477309,4.045193939,-13.326757907,13.186089671,4.049039504,0.005835732
1609060477.080779076,-13.303424917,13.150974526,4.045470906,-13.307588431,13.155507920,4.049000842,0.007095558
1609060477.126787186,-13.281607117,13.116590968,4.045621455,-13.269695624,13.095555300,4.049316368,0.024454762
1609060477.179460049,-13.256870707,13.078044732,4.045424423,-13.251035727,13.065034848,4.048691762,0.014628041
1609060477.227986097,-13.234886649,13.042347732,4.045541853,-13.232764614,13.035862598,4.048324713,0.007369145
1609060477.281500101,-13.210406742,13.002984833,4.045124045,-13.213933953,13.005124901,4.047846438,0.004942928
1609060477.332756996,-13.186602207,12.967124543,4.043700922,-13.178425963,12.948683142,4.048249867,0.020679196
1609060477.378741980,-13.165382736,12.934644871,4.042530668,-13.158464942,12.920159683,4.049062763,0.017330459
1609060477.428728104,-13.142641391,12.899515081,4.042307954,-13.142011634,12.889897579,4.048555569,0.011485889
1609060477.480911016,-13.119750224,12.864042529,4.043182469,-13.124095528,12.861472837,4.048564022,0.007378760
1609060477.529803991,-13.097620650,12.831535810,4.043483196,-13.086736172,12.807595241,4.048804166,0.026831612
1609060477.578423023,-13.076149755,12.799696019,4.044246298,-13.068913679,12.781215616,4.048482541,0.020293640
1609060477.627958059,-13.054024235,12.768107550,4.044324292,-13.051408999,12.754701386,4.049336104,0.014549328
1609060477.680728197,-13.032976364,12.737387543,4.045872698,-13.034108234,12.729321105,4.049325273,0.008846967
1609060477.723581076,-13.014870547,12.711947761,4.046560792,-13.016661228,12.704305508,4.049685741,0.008448425
1609060477.773975134,-12.993498122,12.684157659,4.047275521,-12.998556032,12.679148136,4.050447113,0.007793380
1609060477.828898191,-12.969843512,12.653731113,4.048048761,-12.962790049,12.633152081,4.050587946,0.021901949
1609060477.879162073,-12.950199713,12.626332797,4.047957758,-12.946304254,12.611192867,4.050575715,0.015850735
1609060477.927370071,-12.929441870,12.600779337,4.047575083,-12.926487979,12.587291644,4.050672430,0.014150508
1609060477.979067087,-12.905866560,12.572714733,4.049477731,-12.905966057,12.563435669,4.050821789,0.009376429
1609060478.028429985,-12.883715209,12.548215768,4.050072278,-12.887194338,12.542630954,4.050055023,0.006579877
1609060478.080372095,-12.858979643,12.521943687,4.048105368,-12.850452630,12.504634580,4.049879032,0.019376816
1609060478.126526117,-12.836700026,12.500018007,4.048226806,-12.830790247,12.485994047,4.049592386,0.015279455
1609060478.172044992,-12.814022033,12.478831336,4.045253683,-12.810763280,12.468266440,4.050430321,0.012207951
1609060478.225057125,-12.788253255,12.455343671,4.045332648,-12.792297177,12.452482472,4.050121739,0.006890223
1609060478.281713009,-12.760137823,12.432193188,4.044488455,-12.771696740,12.434932709,4.050130859,0.013151055
1609060478.329128027,-12.735730699,12.414808771,4.045481820,-12.729067523,12.404597432,4.048861101,0.012652624
1609060478.379383087,-12.709630211,12.396491245,4.044383055,-12.706260102,12.390376373,4.048958376,0.008347626
1609060478.427805185,-12.684052376,12.379622684,4.043113785,-12.683974610,12.375098946,4.047884458,0.006574920
1609060478.480800152,-12.656636247,12.362590809,4.042007255,-12.660937246,12.361446916,4.047180797,0.006824413
1609060478.528940201,-12.629803377,12.348126135,4.040698535,-12.636806545,12.349232098,4.046659183,0.009262659
1609060478.580368996,-12.601817971,12.335024456,4.038957034,-12.611739076,12.336910856,4.045987785,0.012305214
1609060478.629499197,-12.573485445,12.322207259,4.038106601,-12.565232527,12.313687250,4.044880984,0.013659923
1609060478.680297136,-12.543825984,12.310162105,4.037327536,-12.539439430,12.304697437,4.043483386,0.009327323
1609060478.728594065,-12.515376079,12.299814806,4.035307355,-12.512611304,12.293077109,4.041206115,0.009372082
1609060478.779266119,-12.486837248,12.287538948,4.032615640,-12.483619270,12.282879596,4.039334161,0.008786550
1609060478.829585075,-12.456071679,12.277177850,4.030165820,-12.456404595,12.274833860,4.037894997,0.008083644
1609060478.880124092,-12.424852293,12.267436760,4.027328329,-12.406298394,12.259198951,4.033978482,0.021361957
1609060478.926433086,-12.395843644,12.259297235,4.025212112,-12.380540210,12.251524632,4.032410905,0.018612659
1609060478.979730129,-12.364430911,12.250913913,4.024162889,-12.352502982,12.246555398,4.030510230,0.014197214
1609060479.029379129,-12.333704831,12.243862387,4.021763425,-12.325874502,12.240513587,4.028312538,0.010743342
1609060479.080957174,-12.299865918,12.233853844,4.021829983,-12.299375890,12.233971905,4.026122219,0.004321731
1609060479.130403042,-12.268094631,12.226411773,4.020101321,-12.244716054,12.225118620,4.022010482,0.023492020
1609060479.180795193,-12.235439264,12.221404097,4.017906932,-12.217955937,12.220069298,4.019848416,0.017641365
1609060479.228103161,-12.204487340,12.215249549,4.016431930,-12.192063963,12.214390387,4.018245618,0.012584431
1609060479.282148123,-12.167830991,12.213443764,4.011759711,-12.165310551,12.210257518,4.016957177,0.006596851
1609060479.328881025,-12.137342890,12.208818426,4.009860415,-12.137743665,12.207177523,4.015395613,0.005787193
1609060479.380424023,-12.103016360,12.203692986,4.008137817,-12.109821036,12.202916304,4.013807241,0.008890963
1609060479.428443193,-12.071384402,12.199027287,4.006232550,-12.056349523,12.193798852,4.010521044,0.016485609
1609060479.481338024,-12.037486075,12.193472487,4.004173762,-12.029657225,12.189946634,4.008790512,0.009748687
1609060479.528342009,-12.006811038,12.188784951,4.002678981,-11.999864816,12.184903280,4.006515303,0.008833727
1609060479.579895020,-11.973681198,12.183721873,4.001800256,-11.970346174,12.178705959,4.004582104,0.006634791
1609060479.629096031,-11.941131645,12.177194985,3.999458979,-11.942167231,12.173812753,4.003042781,0.005035432
1609060479.680663109,-11.907702151,12.169560778,3.995600190,-11.888098214,12.163276990,3.999959126,0.021042830
1609060479.729127169,-11.875390937,12.162689073,3.994449947,-11.860552175,12.156667313,3.998336642,0.016478982
1609060479.779810190,-11.842528266,12.155469734,3.993790070,-11.832197984,12.149453854,3.996981710,0.012373039
1609060479.828247070,-11.809507631,12.146990337,3.992160697,-11.803976178,12.143229362,3.995407244,0.007435184
1609060479.881755114,-11.772502691,12.136186507,3.990807021,-11.774767097,12.133774033,3.993221418,0.004095958
1609060479.928881168,-11.738176385,12.124819533,3.989036662,-11.713616673,12.114148324,3.988716143,0.026779786
1609060479.979612112,-11.703517699,12.113961104,3.984567139,-11.681226791,12.103789019,3.987157651,0.024638723
1609060480.028473139,-11.667750494,12.101092234,3.982757778,-11.650266735,12.091025486,3.985599621,0.020373937
1609060480.078821182,-11.632109549,12.087503220,3.981569250,-11.619391485,12.077898145,3.983951036,0.016114575
1609060480.128672123,-11.594611898,12.072578603,3.980613633,-11.586265950,12.065837707,3.982330912,0.010864786
1609060480.181447983,-11.551942149,12.049350952,3.979873656,-11.552848902,12.051269400,3.981925619,0.002951812
1609060480.227405071,-11.514227345,12.031489964,3.979379689,-11.485901127,12.019138439,3.979744655,0.030904175
1609060480.277834177,-11.470587318,12.012117868,3.977655230,-11.452397264,12.003614220,3.979871944,0.020201582
1609060480.328183174,-11.426657883,11.990167908,3.977332351,-11.413782370,11.984162039,3.979968862,0.014449930
1609060480.379876137,-11.382990947,11.969018387,3.976771082,-11.373318023,11.962508832,3.979407735,0.011953732
1609060480.429113150,-11.339572903,11.946481383,3.977086833,-11.336690707,11.941468307,3.979333334,0.006203607
1609060480.480789185,-11.292114513,11.920226240,3.977203220,-11.264264216,11.902556860,3.979370191,0.033053620
1609060480.532296181,-11.247052653,11.895519504,3.977649444,-11.226443903,11.880338978,3.978975391,0.025630589
1609060480.580609083,-11.202461845,11.870032748,3.977693046,-11.189014603,11.857173439,3.978992116,0.018651480
1609060480.629172087,-11.157107427,11.843168106,3.977540712,-11.149916284,11.834673324,3.979191980,0.011251691
1609060480.680544138,-11.110724487,11.814449602,3.977533436,-11.110430713,11.810585963,3.980010201,0.004598736
1609060480.729022980,-11.066034900,11.787329267,3.978011438,-11.033952981,11.762078436,3.980936791,0.040931793
1609060480.779507160,-11.020430871,11.759348253,3.978183367,-10.995165596,11.738581800,3.982083797,0.032936197
1609060480.830286980,-10.971861637,11.729757450,3.980428709,-10.954728211,11.713770087,3.983358097,0.023616337
1609060480.878767014,-10.925321817,11.701894259,3.982679557,-10.915174620,11.688267876,3.984199345,0.017057364
1609060480.928699017,-10.877419954,11.672165534,3.983209148,-10.875412905,11.662899551,3.984612285,0.009584126
1609060480.981075048,-10.830441529,11.642110127,3.981507223,-10.833068462,11.637851172,3.985626409,0.006481294
1609060481.028006077,-10.785111728,11.614032874,3.981040421,-10.754204915,11.586534758,3.985966879,0.041661102
1609060481.078581095,-10.739157708,11.584604381,3.981174727,-10.716089771,11.562247619,3.986463270,0.032556462
1609060481.128023148,-10.691477112,11.555377005,3.981166837,-10.671020045,11.534775818,3.987405565,0.029695492
1609060481.179006100,-10.645748812,11.527326511,3.984630558,-10.626166319,11.506887081,3.988011595,0.028507468
1609060481.229451180,-10.598150556,11.498596253,3.985389974,-10.586964763,11.480989307,3.988314277,0.021063667
1609060481.281218052,-10.544316289,11.464176739,3.987190802,-10.509069367,11.436273584,3.987731762,0.044958028
1609060481.326537132,-10.499638692,11.437965475,3.987074235,-10.470457059,11.411930148,3.987134415,0.039107667
1609060481.379728079,-10.448204562,11.407206671,3.985519969,-10.432287298,11.388210606,3.986330586,0.024796510
1609060481.444012165,-10.384793871,11.371145220,3.984031058,-10.354488964,11.345885585,3.983343141,0.039457696
1609060481.485725164,-10.348897799,11.352491316,3.980941057,-10.317274059,11.324303392,3.981890695,0.042373597
1609060481.527129173,-10.310613658,11.330086792,3.981962744,-10.280401860,11.303403995,3.980187773,0.040346931
1609060481.580744982,-10.258277111,11.301817832,3.980509366,-10.239581057,11.282504287,3.978230015,0.026976858
1609060481.628387213,-10.214079576,11.278791317,3.978490773,-10.201495082,11.262819917,3.977526421,0.020356451
1609060481.682008028,-10.163023197,11.252898654,3.977021163,-10.165845246,11.244474073,3.975859930,0.008960245
1609060481.727735043,-10.120113073,11.231888182,3.975801929,-10.089540556,11.207636776,3.973429811,0.039095223
1609060481.779087067,-10.074712647,11.209842011,3.973684246,-10.051577827,11.190682907,3.972825783,0.030050426
1609060481.828232050,-10.030474834,11.189236155,3.972120961,-10.015915614,11.172023363,3.972632710,0.022550233
1609060481.879717112,-9.987382682,11.169297163,3.968780420,-9.979683083,11.154517337,3.971584762,0.016899450
1609060481.933407068,-9.940789057,11.148474699,3.968310689,-9.944820724,11.139598803,3.970547652,0.010001993
1609060481.981904984,-9.899503294,11.130111412,3.967002972,-9.871339927,11.107118260,3.968944395,0.036409194
1609060482.028050184,-9.859554753,11.112888664,3.965275913,-9.837930347,11.092860865,3.967805235,0.029582514
1609060482.081947088,-9.815968759,11.096531382,3.963109710,-9.801905392,11.078169333,3.966951814,0.023445787
1609060482.128210068,-9.777208372,11.081433106,3.961108948,-9.764152717,11.065060708,3.965917835,0.021485598
1609060482.180625200,-9.736806868,11.065216469,3.963017258,-9.728698846,11.049866430,3.964520143,0.017424764
1609060482.228815079,-9.697538682,11.049970197,3.960900534,-9.662180914,11.024853684,3.961400033,0.043373499
1609060482.279059172,-9.660574997,11.033124836,3.959032339,-9.628162810,11.013073975,3.960015166,0.038125488
1609060482.327528000,-9.622588278,11.018626819,3.956942990,-9.597268154,10.999560327,3.958785578,0.031749566
1609060482.380026102,-9.576387472,10.999705482,3.955627343,-9.565082451,10.986979553,3.957169865,0.017091873
1609060482.429511070,-9.536658899,10.984661454,3.953534066,-9.533243198,10.976951878,3.955528093,0.008664913
1609060482.482517004,-9.498052773,10.970241088,3.948431193,-9.472221482,10.952889090,3.952312117,0.031359353
1609060482.527718067,-9.463060584,10.957348824,3.945889944,-9.442837814,10.941371723,3.950525407,0.026186174
1609060482.621788979,-9.402887833,10.934188334,3.942671401,-9.386381766,10.922005550,3.946547871,0.020878158
1609060482.734424114,-9.328520612,10.904537421,3.939645809,-9.304027480,10.890338275,3.940145934,0.028315710
1609060482.779277086,-9.298736867,10.892680708,3.937518673,-9.277087624,10.879728351,3.938491178,0.025246763
1609060482.828587055,-9.267771342,10.880376516,3.935637253,-9.251711446,10.868206859,3.937515106,0.020237271
1609060482.881298065,-9.237542486,10.868558677,3.933580512,-9.226499942,10.857520575,3.936725470,0.015926966
1609060482.930871010,-9.208599675,10.855312067,3.933606243,-9.201621414,10.846945156,3.936235651,0.011207815
1609060482.980209112,-9.181158210,10.841266146,3.934033705,-9.177094190,10.834469736,3.935823904,0.008118637
1609060483.028465986,-9.153998013,10.827276984,3.934050968,-9.131786665,10.810125296,3.936511697,0.028170544
1609060483.081049204,-9.127642674,10.813048778,3.934632191,-9.109259597,10.798393932,3.937307176,0.023661310
1609060483.128555059,-9.101615745,10.799297277,3.935285708,-9.087461944,10.785720743,3.938027021,0.019803211
1609060483.180977106,-9.076595827,10.785409419,3.936946387,-9.067135215,10.772056621,3.939717917,0.016597643
1609060483.230127096,-9.051200369,10.769516788,3.938044144,-9.025205234,10.745120661,3.941946260,0.035862857
1609060483.281493187,-9.028426311,10.752111532,3.938400712,-9.005315757,10.729472295,3.942899728,0.032663036
1609060483.328428030,-9.004958894,10.735264209,3.939256661,-8.985765768,10.713795537,3.943744573,0.029144833
1609060483.378969193,-8.983822558,10.715028343,3.944900569,-8.964424604,10.695402434,3.945595847,0.027603266
1609060483.430318117,-8.959446499,10.693155722,3.946470523,-8.944796429,10.676454110,3.946079115,0.022219847
1609060483.480869055,-8.936124406,10.667640318,3.947849895,-8.908422335,10.637174330,3.949090438,0.041196118
1609060483.528273106,-8.913015636,10.643645470,3.949615056,-8.889367281,10.615454339,3.950547590,0.036808344
1609060483.579897165,-8.890843800,10.614246941,3.949329065,-8.870676272,10.592916867,3.951510873,0.029435719
1609060483.628494024,-8.867396961,10.586151515,3.950117887,-8.853515021,10.570814673,3.952113491,0.020782430
1609060483.682538033,-8.844952101,10.552089618,3.951524412,-8.835253287,10.545678987,3.952385261,0.011657798
1609060483.730038166,-8.824811736,10.521580450,3.952992508,-8.799468317,10.492412999,3.952486464,0.038643048
1609060483.772054195,-8.805728669,10.493155552,3.953097617,-8.781147850,10.462740585,3.952861262,0.039106812
1609060483.822942019,-8.783132238,10.457407422,3.953510690,-8.763033657,10.432252508,3.952423104,0.032216540
1609060483.874164104,-8.761035626,10.419281280,3.953308280,-8.745532867,10.401142080,3.952214744,0.023886438
1609060483.923398018,-8.739082440,10.381020257,3.952730141,-8.728318705,10.368127975,3.951181701,0.016866138
1609060483.980666161,-8.718204247,10.336868938,3.951017470,-8.711051327,10.334463936,3.951132807,0.007547291
1609060484.028288126,-8.698122329,10.298833005,3.950861561,-8.677509631,10.267582986,3.948879237,0.037488352
1609060484.081130028,-8.676494467,10.255320768,3.951900009,-8.659976527,10.233109138,3.947452258,0.028035359
1609060484.131193161,-8.655012873,10.213757027,3.950022217,-8.641806082,10.197063361,3.946091134,0.021646044
1609060484.179687977,-8.635054390,10.172579894,3.947591979,-8.624951820,10.161546777,3.943471959,0.015516641
1609060484.229885101,-8.612365549,10.127187764,3.944700762,-8.591633182,10.085807498,3.937734296,0.046804799
1609060484.281463146,-8.593640147,10.080975738,3.939766778,-8.575615625,10.047517557,3.934838615,0.038322579
1609060484.329643011,-8.571573086,10.037901500,3.936025052,-8.557503770,10.010142557,3.931710434,0.031418474
1609060484.380283117,-8.551239070,9.991250591,3.932087764,-8.539726041,9.970428978,3.927744522,0.024185805
1609060484.429648161,-8.528424629,9.947210397,3.927571613,-8.520713214,9.932222818,3.923717974,0.017289996
1609060484.481362104,-8.507326509,9.903997481,3.919666279,-8.485348972,9.860284969,3.913487593,0.049315028
1609060484.534080029,-8.481925269,9.858030961,3.912674392,-8.465844048,9.823479896,3.909207882,0.038267460
1609060484.579492092,-8.457095007,9.815413374,3.910014960,-8.445874587,9.787289274,3.904641864,0.030752771
1609060484.629556179,-8.429278583,9.772249125,3.903312396,-8.426386134,9.752552591,3.899379014,0.020292639
1609060484.681941986,-8.402139271,9.724769736,3.892101368,-8.404538803,9.716727671,3.893120933,0.008454116
1609060484.730236053,-8.372364533,9.683774210,3.885387799,-8.358504373,9.648477993,3.882941262,0.037998849
1609060484.779811144,-8.346681080,9.643049671,3.877387009,-8.334155803,9.614862451,3.877498237,0.030845005
1609060484.828018188,-8.317772996,9.606223363,3.873105060,-8.310488819,9.583953244,3.872401643,0.023441677
1609060484.878533125,-8.285399545,9.567036210,3.866349348,-8.284659860,9.552438962,3.866270225,0.014616191
1609060484.930534124,-8.254140308,9.529277906,3.859849207,-8.258595598,9.522264639,3.860917812,0.008377198
1609060484.981159210,-8.219487437,9.492923318,3.852796133,-8.201685982,9.462780897,3.850185817,0.035103719
1609060485.028194189,-8.185282224,9.460869991,3.845847142,-8.173891837,9.437525537,3.844716398,0.025999674
1609060485.079768181,-8.149122639,9.427788314,3.837948532,-8.141601034,9.410360960,3.839558141,0.019049359
1609060485.129080057,-8.111344809,9.397143998,3.831095666,-8.111788502,9.384590871,3.834359764,0.012978143
1609060485.180635214,-8.072689654,9.367788233,3.823974315,-8.080096755,9.361291910,3.829773832,0.011432487
1609060485.228953123,-8.034052935,9.340784298,3.818552697,-8.012490530,9.315549947,3.820647946,0.033258080
1609060485.278696060,-7.994398580,9.314068043,3.813299090,-7.978540199,9.294278813,3.816176295,0.025522151
1609060485.329076052,-7.949700785,9.288835879,3.807310905,-7.939587888,9.270232055,3.811482029,0.021581733
1609060485.380200148,-7.908683909,9.264688596,3.801540201,-7.897551065,9.248075658,3.806257484,0.020547084
1609060485.430720091,-7.862629628,9.241701458,3.796186218,-7.858177151,9.229537444,3.801843100,0.014134643
1609060485.481105089,-7.821099163,9.220438357,3.792260263,-7.782924955,9.194484314,3.792221594,0.046161499
1609060485.527322054,-7.776999027,9.201650171,3.787906991,-7.742812601,9.177606777,3.788596222,0.041800378
1609060485.581003189,-7.728399454,9.182170248,3.783400009,-7.701232046,9.162221939,3.784463481,0.033721418
1609060485.629459143,-7.681159843,9.164804559,3.779381117,-7.662795330,9.148558324,3.779680847,0.024521120
1609060485.682391167,-7.625576646,9.145173095,3.769816397,-7.622143996,9.133002781,3.775263008,0.013768268
1609060485.728686094,-7.577628311,9.130188194,3.765366434,-7.538087038,9.107511194,3.768548534,0.045693373
1609060485.780714035,-7.526553634,9.111652354,3.758708662,-7.496793957,9.094202303,3.765007939,0.035068841
1609060485.828873158,-7.476447869,9.096521167,3.753960879,-7.459639856,9.080741964,3.762185005,0.024477107
1609060485.880715132,-7.426788811,9.079340837,3.753370371,-7.421341483,9.069009773,3.759105509,0.013011383
1609060485.935539007,-7.372918982,9.063498463,3.751351708,-7.337651989,9.045807272,3.752291114,0.039466714
1609060485.979164124,-7.327938695,9.050158463,3.747144647,-7.298118824,9.032985234,3.748203071,0.034427675
1609060486.027441025,-7.281578326,9.036068781,3.744166141,-7.256907813,9.020928261,3.744767139,0.028952214
1609060486.080199003,-7.229514441,9.019769577,3.739141348,-7.214522428,9.009527260,3.740916001,0.018243216
1609060486.128912210,-7.181864597,9.004992943,3.732669818,-7.173984392,8.997515567,3.735886716,0.011329484
1609060486.179495096,-7.134393098,8.990596665,3.723713233,-7.133882313,8.983960136,3.729284290,0.008679925
1609060486.228121042,-7.088265851,8.975620758,3.715276810,-7.054993860,8.959607415,3.715530383,0.036925829
1609060486.281726122,-7.040482332,8.957739962,3.705767209,-7.017325622,8.945290994,3.708584052,0.026441343
1609060486.327965021,-6.999181945,8.941114112,3.697556683,-6.979113830,8.929457382,3.699991166,0.023335280
1609060486.380213022,-6.955668655,8.921655280,3.688923983,-6.944426724,8.914316270,3.693488470,0.014180149
1609060486.428727150,-6.912436237,8.901701235,3.679711253,-6.868163707,8.880817030,3.677118050,0.049019706
1609060486.481432199,-6.870663418,8.880366847,3.669685371,-6.832778552,8.861580924,3.668698977,0.042298309
1609060486.527513027,-6.832048130,8.859353319,3.661243815,-6.799200688,8.842721579,3.661671039,0.036820534
1609060486.580152035,-6.791304180,8.836695652,3.654264253,-6.766059750,8.824531304,3.654215934,0.028022401
1609060486.629222155,-6.751699805,8.813352267,3.645430300,-6.732426155,8.803805581,3.646249966,0.021524048
1609060486.680812120,-6.714663257,8.788222751,3.637085139,-6.669589591,8.760030715,3.631139835,0.053495541
1609060486.728094101,-6.678249247,8.762415852,3.628945696,-6.636775732,8.735878215,3.623494883,0.049537965
1609060486.779956102,-6.637537598,8.729612175,3.621670138,-6.606423444,8.710487059,3.615797431,0.036991206
1609060486.829302073,-6.600206164,8.698550290,3.613707131,-6.577443845,8.684411453,3.608521320,0.027293270
1609060486.881893158,-6.561356208,8.661785478,3.602032451,-6.546452092,8.656970747,3.601030440,0.015694532
1609060486.933675051,-6.522443051,8.625014998,3.593477040,-6.491357201,8.601440790,3.588721826,0.039302486
1609060486.980293036,-6.490270256,8.589172822,3.584400748,-6.465132605,8.573442784,3.582909846,0.029691049
1609060487.030152082,-6.457827501,8.554830158,3.579602814,-6.438449333,8.545723325,3.575988339,0.021714332
1609060487.081585169,-6.422436976,8.515966500,3.572220990,-6.411760437,8.514482163,3.570225597,0.010962360
1609060487.134253025,-6.390791573,8.475553388,3.564414649,-6.358500440,8.450889116,3.558405280,0.041075006
1609060487.179390192,-6.361164644,8.439770601,3.557941789,-6.333220786,8.416318453,3.553241169,0.036782581
1609060487.229357004,-6.330018633,8.398722695,3.551406437,-6.307257259,8.380925521,3.548038221,0.029088905
1609060487.281926155,-6.299433412,8.355315905,3.545480637,-6.283241945,8.346868217,3.543570575,0.018362336
1609060487.332370996,-6.269559926,8.313766311,3.539997466,-6.260375088,8.313987289,3.539288777,0.009214788
1609060487.381510019,-6.241663039,8.272259810,3.534887545,-6.212722579,8.241729897,3.531655996,0.042190859
1609060487.429805994,-6.214444498,8.231939016,3.530066890,-6.191704918,8.208291041,3.527330246,0.032921185
1609060487.481407166,-6.187296703,8.189035942,3.524687471,-6.169244574,8.171961269,3.523854794,0.024861962
1609060487.531018019,-6.159353724,8.146482499,3.519313720,-6.147733047,8.136014923,3.519448095,0.015640599
1609060487.573276997,-6.139943053,8.111931159,3.516646682,-6.127121995,8.101388417,3.516156076,0.016606312
1609060487.623480082,-6.112328731,8.069132719,3.511164598,-6.085312408,8.029205903,3.506886530,0.048397668
1609060487.680495024,-6.085588624,8.021270354,3.504415778,-6.065334830,7.994335525,3.502491355,0.033755067
1609060487.728843212,-6.059605868,7.980836086,3.498701378,-6.043692740,7.954510652,3.497820199,0.030773895
1609060487.780599117,-6.038274549,7.937934125,3.492799726,-6.021345708,7.913220648,3.492399990,0.029958328
1609060487.831240177,-6.013277415,7.895252058,3.486516260,-6.001011372,7.876785315,3.488004589,0.022219171
1609060487.881911993,-5.985794513,7.846987128,3.480928659,-5.965532057,7.807299020,3.477871129,0.044666111
1609060487.928303003,-5.962324008,7.806982169,3.474865689,-5.946384743,7.771130320,3.472727495,0.039293601
1609060487.979984045,-5.941049256,7.758568763,3.467000324,-5.928009516,7.735311417,3.467588960,0.026669935
1609060488.029487133,-5.916460317,7.715042709,3.460304451,-5.911495457,7.701105023,3.462062055,0.014899601
1609060488.082446098,-5.898140913,7.669913391,3.453229082,-5.893041116,7.665715801,3.455951502,0.007144177
1609060488.130092144,-5.879692206,7.629594587,3.447922145,-5.859080849,7.597848177,3.443749693,0.038079810
1609060488.181658030,-5.857021518,7.585072879,3.439773089,-5.842178755,7.561548312,3.436836036,0.027970326
1609060488.228613138,-5.837940552,7.546437677,3.431610080,-5.825536470,7.527431117,3.430766567,0.022711716
1609060488.281764984,-5.815370678,7.501957602,3.422963452,-5.810332436,7.495488853,3.424337589,0.008313655
1609060488.328850031,-5.796361746,7.462749681,3.415649581,-5.778542129,7.427676684,3.410820844,0.039635471
1609060488.380331039,-5.777242748,7.420224136,3.407956635,-5.763198586,7.394705826,3.404531221,0.029328418
1609060488.429883003,-5.758609826,7.381017994,3.400794947,-5.747615781,7.360990016,3.398553666,0.022956748
1609060488.480764151,-5.740803762,7.341804865,3.393668497,-5.732062451,7.327814694,3.392068875,0.016573901
1609060488.535542011,-5.721379783,7.298171136,3.382232488,-5.716439310,7.294587994,3.385679762,0.007009342
1609060488.580343008,-5.705084020,7.262705110,3.374442146,-5.701216954,7.260835100,3.379015028,0.006273945
1609060488.629785061,-5.685038136,7.225056918,3.366879162,-5.669968747,7.196793478,3.367269662,0.032032188
1609060488.681182146,-5.667981849,7.188759768,3.362669595,-5.654970632,7.167440152,3.362475348,0.024977100
1609060488.733952999,-5.646502165,7.150960571,3.356222855,-5.638226826,7.136649964,3.357135765,0.016556211
1609060488.780320168,-5.628959769,7.119005075,3.350658192,-5.621209410,7.108034582,3.351963283,0.013495296
1609060488.830223083,-5.606620240,7.084962890,3.344274968,-5.588601716,7.051426909,3.341553805,0.038167183
1609060488.878646135,-5.590005229,7.053127434,3.337679258,-5.572802076,7.022984039,3.336429022,0.034729466
1609060488.926599026,-5.570183986,7.019578243,3.332029013,-5.556392503,6.993312027,3.331676372,0.029668897
1609060488.980388165,-5.546541129,6.978591474,3.323792656,-5.538552151,6.961617749,3.327407359,0.019104899
1609060489.026468992,-5.525730777,6.947084675,3.318803877,-5.521296244,6.932821950,3.323077537,0.015535591
1609060489.085741043,-5.500939169,6.904091841,3.312772324,-5.487245798,6.878157334,3.316173304,0.029524121
1609060489.127518177,-5.481120402,6.875072927,3.309830568,-5.471245054,6.848236076,3.314171235,0.028923700
1609060489.181252003,-5.461682448,6.837717525,3.312391356,-5.449637553,6.821695288,3.312409112,0.020044747
1609060489.229586124,-5.439681338,6.804708471,3.309332181,-5.431805035,6.795126939,3.309816691,0.012412762
1609060489.282239199,-5.413781751,6.767962340,3.306568329,-5.412671658,6.766252711,3.307865452,0.002416126
1609060489.327752113,-5.393272658,6.738454668,3.305036654,-5.374285211,6.712195045,3.304337097,0.032412656
1609060489.379934072,-5.366501396,6.703273224,3.302343794,-5.352958623,6.684064009,3.302681403,0.023505630
1609060489.424185991,-5.342469737,6.674193628,3.300144772,-5.331821177,6.657719900,3.301335282,0.019651790
1609060489.474608183,-5.316231716,6.642319084,3.298370318,-5.310724730,6.632402964,3.299747721,0.011426004
1609060489.524008036,-5.289119640,6.609733743,3.296153368,-5.288378829,6.605264092,3.298176471,0.004961807
1609060489.573360205,-5.265393508,6.578274860,3.293916738,-5.244007017,6.552198943,3.293848156,0.033724473
1609060489.623059988,-5.236489595,6.546261347,3.291307318,-5.220853251,6.525239291,3.292310368,0.026218851
1609060489.680881023,-5.206935160,6.508894684,3.288089106,-5.196836090,6.498616568,3.290439871,0.014599896
1609060489.728197098,-5.177185527,6.479432133,3.285332637,-5.171072675,6.472104797,3.288377159,0.010016283
1609060489.780966043,-5.147728679,6.447914341,3.283431189,-5.145556105,6.445607461,3.287110909,0.004856142
1609060489.828963041,-5.117143375,6.418995870,3.281109606,-5.094206085,6.394548398,3.283454418,0.033605004
1609060489.879400015,-5.087889852,6.392223943,3.277075056,-5.069356790,6.371914698,3.281176441,0.027798583
1609060489.928678036,-5.055203565,6.364742863,3.274117117,-5.039568910,6.345237581,3.278820593,0.025436611
1609060489.979420185,-5.024930562,6.337291313,3.274711190,-5.008979415,6.319112248,3.276149091,0.024227775
1609060490.031026125,-4.988493573,6.310458812,3.272833529,-4.979154948,6.296846912,3.274506050,0.016591898
1609060490.081745148,-4.949448377,6.281737128,3.269887701,-4.920770405,6.256461726,3.271319901,0.038253408
1609060490.129084110,-4.912298629,6.258410510,3.268133078,-4.890651640,6.235903862,3.269643582,0.031263764
1609060490.180391073,-4.873772260,6.232270323,3.264195164,-4.858946253,6.216551980,3.267923294,0.021926598
1609060490.229308128,-4.834346174,6.208703120,3.261864145,-4.829154879,6.198588310,3.265969124,0.012087587
1609060490.280956984,-4.798054895,6.184848212,3.261467775,-4.798127351,6.179117359,3.263906102,0.006228432
1609060490.329324007,-4.763851292,6.163496051,3.259889610,-4.737125996,6.144259623,3.260644500,0.032937083
1609060490.380764008,-4.722281943,6.140598976,3.257539267,-4.704578608,6.126366826,3.258999347,0.022761677
1609060490.429780006,-4.686499901,6.119805494,3.255372689,-4.673989428,6.108368636,3.256992770,0.017027575
1609060490.481692076,-4.645464473,6.097394330,3.252837111,-4.643974691,6.092063533,3.255103839,0.005981212
1609060490.529579163,-4.608745920,6.076319340,3.250190770,-4.580072168,6.057053776,3.250287925,0.034544977
1609060490.579999208,-4.570468708,6.054112512,3.246252154,-4.549908138,6.038775231,3.247173730,0.025667461
1609060490.629163027,-4.533522594,6.032591675,3.242540185,-4.518577763,6.019855401,3.244313015,0.019715567
1609060490.681888103,-4.497617409,6.008926862,3.238508917,-4.486513198,6.001656765,3.241067926,0.013516891
1609060490.728027105,-4.463483238,5.987934076,3.235250750,-4.455806323,5.981659797,3.237316481,0.010127628
1609060490.781954050,-4.426894114,5.962939439,3.232430224,-4.424475296,5.960417708,3.233262668,0.003592042
1609060490.830234051,-4.391469301,5.938649397,3.227831733,-4.364142444,5.918985058,3.225773398,0.033729514
1609060490.882236004,-4.357018394,5.911181227,3.221786175,-4.335407688,5.896364443,3.221238267,0.026208012
1609060490.927493095,-4.325081631,5.884593640,3.217218325,-4.306368236,5.871916528,3.217383432,0.022603708
1609060490.979726076,-4.292032914,5.853826571,3.212629547,-4.277817629,5.846718609,3.213480964,0.015916104
1609060491.030094147,-4.257102563,5.821513925,3.208604997,-4.222620811,5.793021374,3.206499970,0.044779993
1609060491.081507206,-4.225135026,5.787728419,3.207887887,-4.195774182,5.764389555,3.203693240,0.037740653
1609060491.128799200,-4.193001341,5.754546728,3.205575843,-4.169106391,5.734753238,3.201251134,0.031328166
1609060491.179252148,-4.160308051,5.714620016,3.203535123,-4.142169490,5.701667794,3.199336802,0.022680241
1609060491.237707138,-4.121716583,5.667213224,3.201657376,-4.090340021,5.634459026,3.195204551,0.045814463
1609060491.285046101,-4.092942848,5.624939178,3.199334745,-4.064113771,5.597913761,3.192980909,0.040023244
1609060491.327813148,-4.064244822,5.587076248,3.197720782,-4.038490509,5.560351065,3.192400220,0.037494378
1609060491.379707098,-4.032725976,5.537410814,3.194416991,-4.013500261,5.522034509,3.191378276,0.024805094
1609060491.431063175,-4.003607890,5.490137986,3.194084322,-3.990229863,5.485691272,3.190550282,0.014533902
1609060491.483215094,-3.971152918,5.438307454,3.194125739,-3.965973521,5.445483800,3.191148958,0.009337415
1609060491.534535170,-3.944005129,5.388347130,3.195326700,-3.919041186,5.361370827,3.191977099,0.036907169
1609060491.580775023,-3.916482395,5.340869133,3.195864137,-3.895304886,5.317450666,3.193192675,0.031686720
1609060491.630144119,-3.888069341,5.290013850,3.196070951,-3.871596516,5.273114523,3.194094456,0.023682224
1609060491.681989193,-3.860192189,5.235862808,3.196187637,-3.849766553,5.228901869,3.195929593,0.012538546
1609060491.729292154,-3.834321083,5.186434225,3.197128380,-3.829133901,5.187650558,3.196400448,0.005377379
1609060491.782570124,-3.806224812,5.131651347,3.198538078,-3.784858974,5.098009120,3.199630126,0.039868421
1609060491.829774141,-3.780059971,5.082796797,3.200395105,-3.763925618,5.056209410,3.201103976,0.031108022
1609060491.882502079,-3.752666825,5.028537281,3.203104075,-3.741759376,5.011577996,3.203013489,0.020164276
1609060491.929095984,-3.726595939,4.980458531,3.204074250,-3.720992311,4.969665736,3.203921009,0.012161766
1609060491.981079102,-3.701835858,4.931449785,3.205199520,-3.700487900,4.928558717,3.204745271,0.003222050
1609060492.029659986,-3.673751553,4.883622533,3.205754726,-3.655129652,4.843308350,3.207089595,0.044427362
1609060492.080188990,-3.649961292,4.836273547,3.205613532,-3.633943006,4.803434333,3.207944615,0.036611930
1609060492.128679991,-3.622730611,4.790417232,3.205800720,-3.611002685,4.761478332,3.208347344,0.031328732
1609060492.182240009,-3.594629380,4.739719189,3.205609670,-3.589180966,4.723560605,3.208270828,0.017258819
1609060492.230466127,-3.567112920,4.695908953,3.205525357,-3.542692384,4.647225290,3.207833778,0.054514130
1609060492.279041052,-3.538249947,4.648937377,3.206764636,-3.518365525,4.610372105,3.208062725,0.043409163
1609060492.328356028,-3.506898575,4.606178083,3.206585918,-3.493402829,4.574662235,3.207848599,0.034307116
1609060492.380124092,-3.473683166,4.559023217,3.204936559,-3.466819070,4.539121285,3.207841168,0.021251811
1609060492.428395033,-3.439564629,4.519486642,3.205000034,-3.439471868,4.504566067,3.208018658,0.015223149
1609060492.484305143,-3.405151866,4.477147819,3.207380620,-3.385992000,4.443769429,3.209911273,0.038569698
1609060492.534708023,-3.370321436,4.438987478,3.208319180,-3.356648628,4.414114568,3.211132559,0.028522314
1609060492.579715014,-3.336992388,4.406665620,3.210069841,-3.326930996,4.384746394,3.213330199,0.024337502
1609060492.630504131,-3.301557695,4.372858411,3.211334370,-3.298351328,4.360258222,3.214631762,0.013413365
1609060492.682944059,-3.261253805,4.338348603,3.213892693,-3.266403364,4.332971734,3.216635948,0.007934363
1609060492.730010033,-3.224870260,4.309911235,3.216399015,-3.201103353,4.284853059,3.220585444,0.034789427
1609060492.779417038,-3.187845089,4.281523997,3.219370200,-3.167986267,4.261301456,3.222875498,0.028558905
1609060492.828896046,-3.148129566,4.254605351,3.223078411,-3.134825952,4.238559232,3.225500692,0.020984078
1609060492.881380081,-3.106798215,4.228244829,3.227707234,-3.100137384,4.216246976,3.229099918,0.013793285
1609060492.929259062,-3.067666495,4.203781925,3.231331523,-3.064866152,4.195713653,3.232641618,0.008640329
1609060492.980987072,-3.026267250,4.178739137,3.234690474,-3.028526560,4.174427889,3.236056913,0.005055542
1609060493.029018164,-2.983838361,4.156435329,3.238281348,-2.958571463,4.135057385,3.242188162,0.033327104
1609060493.079579115,-2.942835031,4.133125167,3.246438845,-2.922918644,4.116735716,3.245304397,0.025817891
1609060493.128925085,-2.900151220,4.110458766,3.250546247,-2.886407097,4.097187428,3.248131554,0.019257727
1609060493.180499077,-2.860259480,4.087037929,3.250741231,-2.851639131,4.078082054,3.249714198,0.012472886
1609060493.228688002,-2.817889117,4.065239433,3.252229103,-2.781173357,4.041390048,3.252356812,0.043781920
1609060493.280271053,-2.775982789,4.041464975,3.251901326,-2.745748712,4.021707744,3.252869983,0.036130124
1609060493.328587055,-2.734462913,4.017590807,3.251877252,-2.710321055,3.999935933,3.252744508,0.029921164
1609060493.380046129,-2.689585747,3.988923740,3.252034946,-2.672423585,3.975660834,3.252795997,0.021703080
1609060493.428469181,-2.646951822,3.962249319,3.251928786,-2.635112776,3.952465592,3.253031316,0.015398048
1609060493.480937004,-2.602072130,3.927765350,3.251010958,-2.567651824,3.905626464,3.251602512,0.040929667
1609060493.529367208,-2.558846064,3.896936093,3.250293654,-2.532539672,3.878478870,3.251280253,0.032150719
1609060493.579791069,-2.516277484,3.862567125,3.254563692,-2.496910515,3.850924507,3.250728555,0.022920261
1609060493.628499031,-2.476350591,3.827843164,3.251195668,-2.463239674,3.824049623,3.249206015,0.013792962
1609060493.682790041,-2.429406428,3.786301468,3.248645834,-2.428404229,3.792664809,3.247636454,0.006520381
1609060493.728916168,-2.392029057,3.752881814,3.247547310,-2.361029762,3.729210011,3.244788498,0.039101427
1609060493.780441999,-2.347419476,3.709960291,3.244958356,-2.325410757,3.693198186,3.243257351,0.027717238
1609060493.829635143,-2.306763331,3.666926985,3.243048553,-2.292081848,3.657052042,3.241448752,0.017765692
1609060493.883442163,-2.263904068,3.618312525,3.241295178,-2.259343047,3.622228898,3.238913895,0.006466173
1609060493.929495096,-2.225982658,3.574937877,3.238766431,-2.191568300,3.542221051,3.235737674,0.047580585
1609060493.978958130,-2.187673935,3.525668105,3.235390125,-2.159084841,3.499883402,3.234381800,0.038512388
1609060494.028350115,-2.146700083,3.474670473,3.233112868,-2.125415477,3.454313186,3.234099123,0.029469073
1609060494.082203150,-2.103953604,3.418213131,3.231514640,-2.090688389,3.409114652,3.232799628,0.016136897
1609060494.129577160,-2.063962598,3.365018807,3.229684012,-2.058871205,3.364294182,3.230420373,0.005195150
1609060494.183086157,-2.024671126,3.305326987,3.229834298,-1.991515558,3.264740085,3.229604412,0.052408408
1609060494.228484154,-1.987350770,3.251574144,3.228896588,-1.960718796,3.217288761,3.228997738,0.043413820
1609060494.280737162,-1.948681855,3.190945992,3.229272788,-1.926748641,3.163868435,3.227845597,0.034875448
1609060494.329248190,-1.908864897,3.131355805,3.228811347,-1.893656536,3.111677271,3.226773194,0.024953818
1609060494.374109983,-1.876464526,3.074921680,3.225082297,-1.862042060,3.059907569,3.226303853,0.020854814
1609060494.429419041,-1.832101224,3.004186288,3.223761031,-1.796710871,2.950190359,3.224332308,0.064562867
1609060494.481046200,-1.783500152,2.930465558,3.227298276,-1.765327827,2.896246124,3.224341653,0.038858007
1609060494.533081055,-1.738575107,2.859294514,3.227216788,-1.730076865,2.837573805,3.223563262,0.023608421
1609060494.580868006,-1.700867728,2.787352084,3.225058431,-1.697214749,2.780494806,3.223064885,0.008021269
1609060494.630129099,-1.658299072,2.717614789,3.224998399,-1.633088229,2.667181617,3.221314744,0.056503635
1609060494.679522991,-1.625165792,2.646531209,3.219376344,-1.600595119,2.608029371,3.220332261,0.045683950
1609060494.730046988,-1.585008134,2.573752241,3.218581468,-1.567574717,2.549367349,3.220536377,0.030039452
1609060494.779560089,-1.543671388,2.501384320,3.217923686,-1.534147918,2.488909696,3.220489774,0.015902752
1609060494.830006123,-1.504944920,2.427523937,3.218686487,-1.503404247,2.431117246,3.220670708,0.004384367
1609060494.881098986,-1.461964225,2.351480007,3.218698554,-1.435695247,2.307606769,3.221762066,0.051227974
1609060494.928388119,-1.423855707,2.281675248,3.218853101,-1.402540359,2.244393296,3.221081630,0.043002958
1609060494.981044054,-1.384047374,2.204965648,3.219138146,-1.370315429,2.183008123,3.221011268,0.025965512
1609060495.029597044,-1.344765191,2.132096144,3.219543775,-1.338951074,2.124635702,3.220376968,0.009495070
1609060495.082610130,-1.303334167,2.051709402,3.219979117,-1.304259948,2.061595074,3.221049786,0.009986487
1609060495.129621983,-1.265008732,1.981877618,3.220340234,-1.237795808,1.936062033,3.221006990,0.053292173
1609060495.180171013,-1.225868824,1.907386396,3.221472174,-1.202918384,1.871570894,3.222882980,0.042561289
1609060495.229920149,-1.183783084,1.831915239,3.222997742,-1.167532852,1.805522412,3.223792771,0.031004571
1609060495.281436205,-1.145831302,1.758260299,3.226406055,-1.134313002,1.741766178,3.225028440,0.020164947
1609060495.335170031,-1.101988398,1.678751640,3.228498625,-1.101136290,1.679511269,3.226810097,0.002038197
1609060495.382240057,-1.068616716,1.609326882,3.228711477,-1.065809835,1.612928732,3.227376389,0.004757559
1609060495.429296017,-1.029814593,1.539391099,3.230680597,-1.000211104,1.486879204,3.231467122,0.060286684
1609060495.483244181,-0.989696572,1.461192251,3.234756242,-0.967205642,1.424889304,3.233416363,0.042726352
1609060495.528154135,-0.953949329,1.395403464,3.237503378,-0.933704499,1.361103850,3.235569885,0.039875494
1609060495.580590010,-0.909246108,1.308637805,3.240897176,-0.901207160,1.296931098,3.236480045,0.014872213
1609060495.628806114,-0.869024785,1.235274354,3.244112795,-0.837113574,1.172769303,3.241678384,0.070222027
1609060495.681596041,-0.826323688,1.149004337,3.244575116,-0.805307655,1.110413621,3.243975734,0.043946287
1609060495.728053093,-0.787249562,1.076478253,3.247663699,-0.775228782,1.050720609,3.246988666,0.028432570
1609060495.781130075,-0.749053516,0.994165041,3.250342937,-0.745857485,0.991173127,3.249720354,0.004421964
1609060495.830497026,-0.711801866,0.918369690,3.255311143,-0.683124295,0.868421135,3.254519745,0.057601107
1609060495.881890059,-0.670975453,0.838614485,3.258708618,-0.652257294,0.805430910,3.257045853,0.038135074
1609060495.929169178,-0.638659086,0.767692540,3.261642261,-0.623170721,0.745758375,3.260086996,0.026896392
1609060495.979615211,-0.600349525,0.690384733,3.264891772,-0.591049538,0.681773144,3.262922529,0.012826813
1609060496.030449152,-0.562665393,0.614056623,3.267629155,-0.560611592,0.620334410,3.265620562,0.006903851
1609060496.082633018,-0.525919149,0.537029943,3.270185887,-0.499661366,0.493562529,3.271095501,0.050790891
1609060496.130023003,-0.491859743,0.468711914,3.272361286,-0.469570200,0.433154098,3.274114971,0.042003064
1609060496.181450129,-0.457288071,0.395415012,3.274533918,-0.440845864,0.372602337,3.277456459,0.028271992
1609060496.229318142,-0.424905192,0.327625438,3.278039508,-0.414741500,0.316836397,3.280386927,0.015007145
1609060496.281906128,-0.390930692,0.255024874,3.282315747,-0.386991772,0.256650381,3.284046962,0.004599398
1609060496.329352140,-0.358057356,0.189951142,3.286018671,-0.334255418,0.148136035,3.292019429,0.048487571
1609060496.380367041,-0.327618019,0.122881998,3.293780351,-0.309930181,0.095996610,3.294562718,0.032191549
1609060496.429882050,-0.295807870,0.059725856,3.297974907,-0.284939612,0.041553059,3.297386038,0.021182926
1609060496.482614040,-0.267598858,-0.004818903,3.303625291,-0.258637283,-0.013177068,3.300757036,0.012585533
1609060496.530198097,-0.238215159,-0.062258447,3.306911875,-0.210631409,-0.116113964,3.306498570,0.060509923
1609060496.579577208,-0.212839483,-0.119416987,3.307821610,-0.187430686,-0.167036459,3.308461700,0.053978058
1609060496.629139185,-0.183697006,-0.178196420,3.311395481,-0.163613048,-0.217272934,3.311504005,0.043935761
1609060496.680529118,-0.153785326,-0.242319405,3.310849637,-0.141382721,-0.266433336,3.313924211,0.027290278
1609060496.729876995,-0.125758745,-0.297761327,3.313211603,-0.119887506,-0.314175011,3.316544079,0.017747842
1609060496.781874180,-0.099097750,-0.358747391,3.316296763,-0.098299298,-0.362419990,3.318586986,0.004401208
1609060496.830726147,-0.072260794,-0.411474242,3.317779035,-0.057081996,-0.451065930,3.321169145,0.042536931
1609060496.879760027,-0.050605839,-0.465590162,3.322696679,-0.038959558,-0.491149925,3.321262613,0.028124613
1609060496.931555986,-0.027536298,-0.517486302,3.322693781,-0.018386848,-0.536647688,3.321388132,0.021273831
1609060496.979130030,-0.003830979,-0.564919177,3.322251403,0.002798505,-0.581568063,3.320808969,0.017978211
1609060497.030738115,0.018314411,-0.614151087,3.321634887,0.021536078,-0.621414183,3.320352940,0.008048298
1609060497.082527161,0.042460267,-0.663744457,3.319934402,0.055830229,-0.695718915,3.317330175,0.034754911
1609060497.128504992,0.062831292,-0.704807898,3.317744362,0.073792077,-0.733090481,3.315870689,0.030390030
1609060497.180168152,0.082702291,-0.749238293,3.314052301,0.091132686,-0.769152604,3.313450407,0.021633622
1609060497.229369164,0.103876532,-0.792299223,3.311404135,0.106370274,-0.803048078,3.310915316,0.011045162
1609060497.282119989,0.125004485,-0.836833124,3.308655313,0.123442517,-0.839577249,3.307996109,0.003225603
1609060497.331099033,0.144650583,-0.876756339,3.305400480,0.155815628,-0.908944826,3.300499561,0.034420574
1609060497.379763126,0.162894887,-0.914829125,3.301464329,0.172546617,-0.943541423,3.296483047,0.030697966
1609060497.430797100,0.185122049,-0.954584584,3.296339010,0.188564341,-0.976454909,3.292615384,0.022450521
1609060497.479521990,0.200013980,-0.995009164,3.290064952,0.204139743,-1.010155358,3.287844360,0.015854341
1609060497.539794207,0.222973153,-1.041796615,3.282419087,0.235044667,-1.075728058,3.278412434,0.036236964
1609060497.585959196,0.238782795,-1.077383475,3.275139266,0.251135148,-1.107690187,3.273065840,0.032792934
1609060497.628929138,0.256262223,-1.110754713,3.268787481,0.266199512,-1.138513539,3.268508030,0.029485254
1609060497.679800987,0.272760648,-1.148192800,3.263188364,0.282451264,-1.172252752,3.262130762,0.025959736
1609060497.728677988,0.293236625,-1.186165129,3.256143865,0.298506463,-1.204324963,3.256194411,0.018909080
1609060497.782530069,0.317645304,-1.232880030,3.249511160,0.314620593,-1.235499023,3.250150742,0.004051798
1609060497.828576088,0.338697486,-1.268725513,3.243469878,0.348055942,-1.299843965,3.237289541,0.033077716
1609060497.881426096,0.357348517,-1.311270995,3.234449241,0.364203626,-1.330343563,3.232067036,0.020406623
1609060497.928340197,0.378803256,-1.348721511,3.228553864,0.382777432,-1.366105469,3.226017563,0.018011909
1609060497.980730057,0.398098336,-1.392591260,3.221915383,0.401406560,-1.402633319,3.219736480,0.010795134
1609060498.030624151,0.416804684,-1.432065872,3.214836522,0.418626662,-1.435508598,3.214974384,0.003897560
1609060498.081089020,0.439588316,-1.473531539,3.209343792,0.451847201,-1.500109200,3.207053620,0.029358086
1609060498.129364014,0.458878109,-1.511527204,3.205107121,0.469733985,-1.532517544,3.205384221,0.023633053
1609060498.179213047,0.481536481,-1.552353244,3.201276767,0.488028155,-1.566068542,3.202800150,0.015250309
1609060498.229629040,0.504377060,-1.593376291,3.197612379,0.504650558,-1.598114643,3.200512090,0.005561933
1609060498.282165051,0.526494631,-1.635552920,3.194507409,0.523496433,-1.631570006,3.197928202,0.006046042
1609060498.330411196,0.548274836,-1.671678925,3.192705796,0.560594924,-1.696362574,3.196577976,0.027857869
1609060498.380028009,0.569484613,-1.709489809,3.191173059,0.579103814,-1.730486854,3.195990700,0.023592681
1609060498.428318977,0.591217887,-1.749426710,3.190710482,0.598085001,-1.763263175,3.195829693,0.016273026
1609060498.482119083,0.614891628,-1.793104635,3.191279743,0.616225576,-1.795394515,3.195500316,0.004983593
1609060498.530372143,0.638408434,-1.832132777,3.190614883,0.636340672,-1.830204000,3.194826871,0.005073132
1609060498.580444098,0.658025908,-1.872205315,3.195084691,0.675411420,-1.899004356,3.193846242,0.031968397
1609060498.629819155,0.681936522,-1.912012611,3.194812180,0.695225138,-1.933949241,3.193127648,0.025702931
1609060498.681581020,0.703089635,-1.953880118,3.192074306,0.714873379,-1.970383204,3.192855119,0.020293303
1609060498.728110075,0.726037521,-1.992549133,3.191615343,0.735261492,-2.006046526,3.191339901,0.016350447
1609060498.786158085,0.748924923,-2.042597435,3.189430803,0.774662945,-2.078536311,3.188508770,0.044214237
1609060498.829328060,0.769711985,-2.081303580,3.187907406,0.793086814,-2.117108541,3.187203392,0.042765330
1609060498.881321192,0.795250492,-2.131426427,3.186630790,0.812392514,-2.154024829,3.185371746,0.028392285
1609060498.928911209,0.819956669,-2.175872742,3.184752658,0.833828395,-2.195656532,3.183215617,0.024211270
1609060498.980941057,0.846428248,-2.229598115,3.181413142,0.854665039,-2.235844598,3.180585920,0.010370515
1609060499.029283047,0.873396986,-2.276066977,3.179585421,0.875196330,-2.277531282,3.177600593,0.003053092
1609060499.083007097,0.898424579,-2.331431308,3.175523479,0.918051659,-2.362276772,3.173779257,0.036602011
1609060499.128166199,0.918140581,-2.377431901,3.173854030,0.938644391,-2.404922256,3.172494595,0.034321624
1609060499.180455208,0.946098702,-2.432031800,3.171748607,0.957290314,-2.446111225,3.170533068,0.018026644
1609060499.228965044,0.971140380,-2.481071821,3.173107560,0.978292701,-2.489510503,3.169128772,0.011755757
1609060499.279461145,0.998194694,-2.535794756,3.171536096,0.999394010,-2.532796268,3.168082031,0.004728620
1609060499.330644131,1.023684099,-2.591062354,3.168739403,1.042146209,-2.626644836,3.165356811,0.040229398
1609060499.381079197,1.047645958,-2.645810969,3.165351241,1.064241826,-2.673838470,3.164834574,0.032576535
1609060499.429335117,1.072356655,-2.698417525,3.163950704,1.084904091,-2.717344362,3.164096649,0.022708690
1609060499.481731176,1.096483926,-2.755253967,3.163405926,1.105016195,-2.763968826,3.163326733,0.012196502
1609060499.528813124,1.120694070,-2.807050282,3.163216999,1.124735219,-2.809377011,3.162861648,0.004676626
1609060499.632210016,1.173263946,-2.917481317,3.164260316,1.187770824,-2.950116038,3.161000473,0.035862252
1609060499.673256159,1.189401804,-2.959352390,3.164512719,1.206800512,-2.993947799,3.160523285,0.038929076
1609060499.721397161,1.214247684,-3.010545959,3.164422756,1.226380554,-3.040015523,3.159493533,0.032248395
1609060499.790719032,1.244893008,-3.082712425,3.162000122,1.265266504,-3.128293905,3.159222049,0.050004683
1609060499.834521055,1.266168074,-3.127442611,3.161571686,1.284326081,-3.174698080,3.158607495,0.050710738
1609060499.881643057,1.284493781,-3.173833760,3.161623618,1.302470931,-3.218113242,3.158249873,0.047908587
1609060499.929025173,1.305655335,-3.221187967,3.160585665,1.320014983,-3.257837555,3.158504897,0.039417273
1609060499.979601145,1.329776531,-3.275619800,3.160457223,1.338005211,-3.299189578,3.157511995,0.025138018
1609060500.030206203,1.354483206,-3.324441429,3.158935697,1.354948048,-3.339277395,3.155804845,0.015169845
1609060500.082598209,1.374965983,-3.376967087,3.156850977,1.372929120,-3.380834588,3.154294448,0.005063815
1609060500.131497145,1.397114544,-3.421888942,3.154786408,1.407341831,-3.458257745,3.149749377,0.038113763
1609060500.180402040,1.414130400,-3.465637281,3.148236106,1.421589136,-3.492261742,3.145584250,0.027776375
1609060500.229773998,1.431675304,-3.508395350,3.145328839,1.437404597,-3.527880031,3.140470138,0.020882638
1609060500.278079033,1.450996678,-3.548815787,3.138763399,1.452683628,-3.560550785,3.135748733,0.012232914
1609060500.330481052,1.468429439,-3.589301327,3.130514450,1.466991840,-3.593602264,3.128545511,0.004943832
1609060500.384297132,1.488685127,-3.630102020,3.121115207,1.495986430,-3.658248757,3.112539869,0.030316403
1609060500.430405140,1.504479880,-3.662625068,3.112326799,1.510504367,-3.687486119,3.104255764,0.026823645
1609060500.481509209,1.520513800,-3.696817451,3.100949374,1.523348550,-3.713684257,3.094869053,0.018152004
1609060500.528917074,1.536114366,-3.726966359,3.088228626,1.536279054,-3.740406006,3.082876498,0.014467084
1609060500.580059052,1.550652325,-3.757581414,3.072899759,1.548835110,-3.764451528,3.070365887,0.007544617
1609060500.630463123,1.565190994,-3.785327120,3.056491645,1.573627832,-3.811679199,3.041276756,0.031576972
1609060500.682104111,1.578836774,-3.812283762,3.039161682,1.585106289,-3.832768592,3.026873700,0.024696752
1609060500.730499029,1.593175857,-3.837678644,3.022565190,1.595903317,-3.854930496,3.011753347,0.020541698
1609060500.779981136,1.602254115,-3.864102921,3.005346838,1.605706461,-3.875862683,2.996498489,0.015116348
1609060500.830636978,1.615627065,-3.888593085,2.988093034,1.616179586,-3.896660228,2.981851546,0.010214708
1609060500.879229069,1.623274971,-3.911421622,2.965539272,1.634981431,-3.936735734,2.950692225,0.031595573
1609060500.929196119,1.635459857,-3.934700605,2.945748651,1.643560054,-3.955311500,2.935289826,0.024491003
1609060500.980226994,1.642598376,-3.959483553,2.926656568,1.651979785,-3.973264996,2.920011838,0.017946906
1609060501.030568123,1.653587599,-3.981323126,2.909040318,1.660450400,-3.990549418,2.905599035,0.012002705
1609060501.082099199,1.665806157,-4.004685103,2.893975091,1.669043758,-4.008770463,2.892024796,0.005565598
1609060501.130629063,1.677673712,-4.025068108,2.881459177,1.685280341,-4.044226078,2.868670499,0.024257760
1609060501.181288004,1.684843737,-4.047525400,2.866063037,1.692215348,-4.060390321,2.858543936,0.016624793
1609060501.229866028,1.695454942,-4.068958314,2.853618493,1.698273766,-4.078063103,2.848806990,0.010676774
1609060501.279139996,1.701067163,-4.093285990,2.840251353,1.704442747,-4.094989274,2.839058625,0.003964637
1609060501.331067085,1.707907706,-4.115933884,2.828741918,1.710206641,-4.113678458,2.828942473,0.003226806
1609060501.383850098,1.717484252,-4.141514881,2.813133749,1.723253554,-4.153280315,2.803293118,0.016387443
1609060501.428828001,1.723751367,-4.161417124,2.799053263,1.729516336,-4.173094190,2.788991298,0.016456970
1609060501.481386185,1.733374708,-4.187513832,2.779445668,1.735739741,-4.192130285,2.774240043,0.007348711
1609060501.528599024,1.741572293,-4.211022086,2.761542398,1.741968008,-4.212664702,2.758640250,0.003358161
1609060501.581145048,1.748635886,-4.238222780,2.742498512,1.748291162,-4.232697575,2.744467033,0.005875525
1609060501.629769087,1.757375013,-4.263125588,2.725567064,1.762380132,-4.274994108,2.716278272,0.015880637
1609060501.678136110,1.764867886,-4.287562287,2.709198667,1.768981116,-4.296033736,2.702940701,0.011306911
1609060501.729612112,1.774286595,-4.314227697,2.693182177,1.777551096,-4.316403409,2.689973841,0.005067948
1609060501.791958094,1.784325141,-4.345583804,2.675702903,1.790370331,-4.358932917,2.666102011,0.017519140
1609060501.833837032,1.793713968,-4.366687298,2.664073898,1.797908308,-4.381429826,2.653239880,0.018769938
1609060501.881379128,1.800328313,-4.388290528,2.649337454,1.805084512,-4.401128735,2.640890758,0.016086879
1609060501.927842140,1.810631642,-4.411009452,2.634560845,1.812226884,-4.422244135,2.627442357,0.013395364
1609060501.979767084,1.817628031,-4.436210646,2.617499703,1.825054556,-4.438562150,2.611524716,0.009817500
1609060502.030068159,1.828898085,-4.460754680,2.599869416,1.827800200,-4.463356763,2.598046002,0.003361700
1609060502.081687212,1.836528240,-4.483013591,2.583632828,1.843388201,-4.503028009,2.571089873,0.024595969
1609060502.129033089,1.847123412,-4.504555336,2.569127528,1.851217309,-4.522968999,2.557784611,0.022011014
1609060502.177217007,1.857338705,-4.526867053,2.553400183,1.858268396,-4.541673740,2.545176453,0.016962665
1609060502.228680134,1.869641415,-4.549413475,2.535967479,1.866207391,-4.561311068,2.530079985,0.013711595
1609060502.281580210,1.877756486,-4.575203512,2.514203656,1.874370041,-4.580009990,2.513603691,0.005910178
1609060502.331065178,1.889321026,-4.595582001,2.496605071,1.881955459,-4.598176492,2.497798745,0.007899862
1609060502.379868984,1.894812741,-4.615410272,2.479872327,1.896324288,-4.630264915,2.469318897,0.018284422
1609060502.429216146,1.899813314,-4.633380207,2.465086359,1.903005225,-4.645504936,2.456424674,0.015238837
1609060502.478612185,1.908731962,-4.650707131,2.450352808,1.909194679,-4.658640443,2.445465323,0.009329472
1609060502.529726028,1.916281926,-4.666360946,2.436573955,1.915735964,-4.672265867,2.432909506,0.006970965
1609060502.581580162,1.924412567,-4.681982667,2.420707231,1.922228836,-4.685122498,2.419888843,0.003911135
1609060502.628553152,1.932065705,-4.694306429,2.407104744,1.934614586,-4.705594494,2.397796479,0.014851296
1609060502.679982185,1.937970272,-4.708489740,2.393294119,1.940349513,-4.715312269,2.387783267,0.009087198
1609060502.729335070,1.944644791,-4.720243345,2.380876482,1.945905371,-4.724189657,2.378431082,0.004810657
1609060502.779874086,1.951048591,-4.729935654,2.367962867,1.951917065,-4.732926576,2.367916740,0.003114801
1609060502.831654072,1.958724651,-4.739592143,2.355597511,1.957777822,-4.741222748,2.356534268,0.002105439
1609060502.876046181,1.964310551,-4.747609514,2.344916831,1.967535255,-4.754052077,2.332783973,0.014110691
1609060502.925194979,1.972572408,-4.755541881,2.330212644,1.973602540,-4.761593341,2.319560346,0.012294422
1609060502.972741127,1.976193416,-4.763095085,2.313565421,1.978939358,-4.767139541,2.306380142,0.008690573
1609060503.024496078,1.985705834,-4.770353326,2.295753535,1.984531290,-4.772492103,2.291925556,0.004539531
1609060503.074285984,1.987788706,-4.774940029,2.280227742,1.989905706,-4.776998206,2.277965558,0.003719578
1609060503.123784065,1.996194313,-4.780643548,2.263528148,2.001895641,-4.786329638,2.249926267,0.015806579
1609060503.173135042,2.000806368,-4.786728023,2.246208003,2.008139990,-4.791332266,2.234913642,0.014231783
1609060503.222823143,2.010033143,-4.793052382,2.227167814,2.014414780,-4.796226762,2.218758307,0.009999762
1609060503.283221006,2.019420021,-4.800448140,2.199097653,2.020541485,-4.801181930,2.202482354,0.003640376
1609060503.329416037,2.028913446,-4.807318885,2.179312792,2.033505407,-4.812048320,2.168373006,0.012772336
1609060503.379991055,2.034358538,-4.814254672,2.155475063,2.033505367,-4.812047471,2.168374356,0.013114549
1609060503.429008007,2.045601307,-4.821787542,2.133584304,2.048794616,-4.823419146,2.132056423,0.003897919
1609060503.478389978,2.051860121,-4.832134203,2.114348934,2.055578919,-4.829078665,2.115369677,0.004920131
1609060503.532170057,2.061600539,-4.837955314,2.094529896,2.062853630,-4.834688989,2.098448637,0.005253157
1609060503.583558083,2.072503481,-4.847096600,2.073074588,2.078887706,-4.848114194,2.063939490,0.011191239
1609060503.628724098,2.079584837,-4.854644883,2.054978528,2.086496528,-4.855307463,2.047513469,0.010194978
1609060503.681049109,2.090384998,-4.864987564,2.033730383,2.093956935,-4.863170865,2.031962962,0.004379830
1609060503.730980158,2.099931046,-4.874040110,2.015760080,2.102212998,-4.871639815,2.016125590,0.003332015
1609060503.781499147,2.109046153,-4.883578298,2.000086194,2.109895162,-4.879423758,2.003262249,0.005297957
1609060503.830842018,2.118686929,-4.894292621,1.985946486,2.126867848,-4.899106965,1.978080339,0.012328082
1609060503.876079082,2.126383637,-4.904621863,1.973047320,2.134292528,-4.908698156,1.967278370,0.010604127
1609060503.923665047,2.136339382,-4.916182934,1.959163112,2.142161754,-4.919246032,1.955194536,0.007683240
1609060503.973829985,2.141856627,-4.928826354,1.947246779,2.149879764,-4.930112080,1.941969634,0.009688761
1609060504.025320053,2.152822488,-4.941683541,1.931422248,2.157417400,-4.940665039,1.929012164,0.005287633
1609060504.075659990,2.157346929,-4.953145376,1.915437068,2.165037356,-4.952413106,1.914822228,0.007749640
1609060504.124380112,2.166200632,-4.966075081,1.900686561,2.176832004,-4.974772111,1.890508764,0.017095379
1609060504.175167084,2.169493755,-4.977948991,1.885036600,2.181283235,-4.986006525,1.878297295,0.015790311
1609060504.224220037,2.176484869,-4.990135919,1.869563771,2.186339672,-4.996163101,1.866003159,0.012088094
1609060504.273495197,2.181070448,-5.001713321,1.853798730,2.191555814,-5.006360492,1.853701466,0.011469462
1609060504.325726032,2.188987242,-5.014184735,1.837071258,2.201105382,-5.028193526,1.829016547,0.020198364
1609060504.372953176,2.195116972,-5.027405551,1.823755158,2.205538876,-5.038947114,1.816161367,0.017305762
1609060504.428673029,2.203875183,-5.040288614,1.806482509,2.209739791,-5.048827840,1.804245642,0.010597905
1609060504.478152037,2.207496765,-5.053507609,1.792371484,2.213741732,-5.057878791,1.792746741,0.007632016
1609060504.529919147,2.215614796,-5.064084006,1.776612242,2.218180541,-5.066767637,1.780611415,0.005456950
1609060504.581017017,2.218682429,-5.076412318,1.761370780,2.224229530,-5.084263047,1.755061660,0.011498229
1609060504.631231070,2.219560142,-5.085392045,1.746530692,2.227282661,-5.092436384,1.742189888,0.011318241
1609060504.682337999,2.224305356,-5.095161363,1.730025395,2.229689811,-5.100100306,1.729740215,0.007312102
1609060504.729389191,2.225594012,-5.103593709,1.715729485,2.231868833,-5.107703037,1.716600027,0.007551013
1609060504.781613111,2.226651829,-5.113402438,1.700596311,2.232605624,-5.115397426,1.704476617,0.007381357
1609060504.830829144,2.227511111,-5.122123202,1.686658916,2.232912142,-5.129815051,1.680873793,0.011036454
1609060504.881592989,2.227021302,-5.131031899,1.672395616,2.232458809,-5.136552181,1.669604291,0.008235988
1609060504.929919004,2.226042791,-5.138495321,1.658636198,2.231508891,-5.143125380,1.658911742,0.007168795
1609060504.979718208,2.223038893,-5.145484980,1.643778667,2.230089493,-5.149392448,1.647730544,0.008977561
1609060505.031477213,2.220488477,-5.152901139,1.629792871,2.228025662,-5.155438672,1.637366654,0.010982278
1609060505.083100080,2.216754258,-5.160026026,1.615965018,2.222447071,-5.167626639,1.615805945,0.009497512
1609060505.129166126,2.213608944,-5.166182796,1.604150466,2.218833393,-5.173024941,1.606420973,0.008903091
1609060505.179536104,2.207322506,-5.172824505,1.593011399,2.214019420,-5.179113933,1.596495301,0.009825636
1609060505.229914188,2.202171987,-5.179601797,1.580126117,2.208788005,-5.185298527,1.587093144,0.011169776
1609060505.288335085,2.193589943,-5.187242617,1.566943755,2.196975499,-5.196991064,1.568267868,0.010404205
1609060505.329346180,2.187999287,-5.192996088,1.558299411,2.189959832,-5.203088405,1.559896877,0.010404350
1609060505.378872156,2.177166603,-5.201449103,1.550194562,2.182170065,-5.209262077,1.551427438,0.009359336
1609060505.430555105,2.170113832,-5.208455280,1.540179540,2.174908205,-5.214993430,1.543457146,0.008745063
1609060505.479947090,2.162107696,-5.214384969,1.530075525,2.167630549,-5.220849735,1.534713497,0.009685344
1609060505.532739162,2.155505417,-5.221693833,1.519695986,2.159774396,-5.227257937,1.525592767,0.009162721
1609060505.582180977,2.141326342,-5.231460942,1.509254882,2.142667173,-5.239890272,1.508934878,0.008541302
1609060505.672855139,2.123265003,-5.243106694,1.490479681,2.127134200,-5.251997530,1.490778222,0.009700865
1609060505.743427038,2.110405248,-5.254014254,1.472624318,2.111749490,-5.264329664,1.469306137,0.010919020
1609060505.785398006,2.104688204,-5.259696602,1.461319825,2.105622276,-5.269352277,1.458356963,0.010143130
1609060505.830541134,2.095882778,-5.265317828,1.449981777,2.099587683,-5.274465517,1.446778556,0.010376279
1609060505.880026102,2.090256235,-5.271229201,1.435819338,2.094147937,-5.279075014,1.435299732,0.008773375
1609060505.928045988,2.086165591,-5.277567322,1.421423360,2.089004406,-5.283706028,1.422459917,0.006842298
1609060505.980888128,2.080254187,-5.287694257,1.404263055,2.084048041,-5.287981753,1.408917819,0.006011889
1609060506.030166149,2.075791976,-5.293340268,1.388127674,2.079702151,-5.292415089,1.395330002,0.008247361
1609060506.082507133,2.070894873,-5.299036541,1.370275490,2.075404168,-5.296871806,1.380647769,0.011515380
1609060506.131301165,2.068009637,-5.303900562,1.353520211,2.070236269,-5.303733037,1.350404762,0.003833012
1609060506.181574106,2.065727282,-5.308767855,1.335675702,2.068540886,-5.307173654,1.334855021,0.003336370
1609060506.229834080,2.066568969,-5.312921538,1.317207190,2.067620044,-5.309989181,1.318572406,0.003401072
1609060506.283174038,2.063094977,-5.315888171,1.296151885,2.066595555,-5.312673865,1.303211049,0.008509853
1609060506.329013109,2.064687034,-5.319132870,1.279349080,2.065768412,-5.315564746,1.286953986,0.008469681
1609060506.381528139,2.061394256,-5.321593552,1.261667058,2.066810378,-5.321458667,1.256959631,0.007177216
1609060506.429151058,2.063997421,-5.325323572,1.246919242,2.067743253,-5.324013964,1.244029942,0.004908603
1609060506.479460001,2.062740372,-5.328736299,1.231762527,2.068418454,-5.326436365,1.231975622,0.006129903
1609060506.528196096,2.065392140,-5.332105793,1.217797450,2.069284775,-5.329207694,1.219640627,0.005191232
1609060506.575851202,2.065760789,-5.332601952,1.203050364,2.070615229,-5.331903075,1.208148772,0.007074446
1609060506.625441074,2.070012403,-5.335293198,1.189625719,2.073517564,-5.337746999,1.186320255,0.005406791
1609060506.676068068,2.070068175,-5.340589750,1.175238251,2.074891216,-5.340844543,1.176667130,0.005036700
1609060506.725394011,2.073945559,-5.344710146,1.163236932,2.076531009,-5.344410528,1.167091903,0.004651357
1609060506.773559093,2.074816141,-5.349244985,1.151502078,2.077910283,-5.347837600,1.157588037,0.006970893
1609060506.823841095,2.075529775,-5.354712450,1.139467471,2.079933314,-5.351790695,1.147887331,0.009940919
1609060506.874558210,2.078195225,-5.360129693,1.126639735,2.084317462,-5.360438414,1.127112343,0.006148208
1609060506.971599102,2.082261836,-5.371664605,1.099570443,2.088456419,-5.370377066,1.104817623,0.008219703
1609060507.042611122,2.084923113,-5.378692461,1.077789572,2.093177063,-5.380624646,1.078706807,0.008526568
1609060507.086133003,2.087956084,-5.384739326,1.062541979,2.094926008,-5.386581589,1.063938364,0.007343273
1609060507.130787134,2.089084158,-5.389884427,1.046979779,2.096764115,-5.392497455,1.049551430,0.008510173
1609060507.178247213,2.089257496,-5.395499743,1.029690169,2.098298228,-5.398486868,1.034590930,0.010708651
1609060507.229111195,2.091294742,-5.402877598,1.009812167,2.099973296,-5.405005621,1.017961896,0.012093960
1609060507.282870054,2.091833733,-5.410512463,0.988784771,2.101556902,-5.411370920,1.001660368,0.016157288
1609060507.330032110,2.095217719,-5.417428782,0.969032161,2.103538949,-5.418065166,0.984308004,0.017406872
1609060507.381578207,2.094835533,-5.428208028,0.946564762,2.106294911,-5.432747442,0.948925975,0.012549858
1609060507.430997133,2.098375688,-5.436600645,0.926181053,2.107967864,-5.439937345,0.931670940,0.011544793
1609060507.480647087,2.099799272,-5.447055069,0.906587051,2.108885628,-5.446370808,0.916857655,0.013730090
1609060507.532473087,2.102984450,-5.457180315,0.886649647,2.109153992,-5.454284482,0.900490467,0.015427812
1609060507.581765175,2.102415685,-5.465549419,0.871751956,2.110682339,-5.468657404,0.871576397,0.008833344
1609060507.629183054,2.105332111,-5.474405980,0.856924343,2.111255072,-5.475736420,0.858480166,0.006266747
1609060507.678351164,2.106227147,-5.484169326,0.841470705,2.111666371,-5.482600002,0.847247698,0.008088361
1609060507.730005980,2.109471793,-5.494153679,0.828063634,2.111370104,-5.490156770,0.835603933,0.008742710
1609060507.781391144,2.106841742,-5.506427906,0.813041158,2.111037180,-5.498230371,0.824689110,0.014848436
1609060507.829667091,2.109469229,-5.516103823,0.801403691,2.110277045,-5.505700814,0.815048489,0.017177185
1609060507.882309198,2.108913043,-5.526278807,0.788345867,2.109129957,-5.520064653,0.796793649,0.010489413
1609060507.930590153,2.105500169,-5.534882954,0.779391904,2.107549708,-5.526921568,0.788262900,0.012094578
1609060507.981079102,2.105154467,-5.544594881,0.768317362,2.105950804,-5.533665896,0.780505035,0.016389516
1609060508.029278040,2.101773906,-5.551817290,0.759692241,2.104100821,-5.540358613,0.772093272,0.017044102
1609060508.088443995,2.100881555,-5.561817658,0.747427298,2.099295121,-5.553662293,0.755348921,0.011479498
1609060508.131664038,2.098358018,-5.567835050,0.738368995,2.097304635,-5.559332980,0.747504908,0.012524365
1609060508.179089069,2.096274053,-5.573527240,0.728247728,2.095029141,-5.564894733,0.739120012,0.013938312
1609060508.230317116,2.094496727,-5.579564195,0.718617347,2.092889920,-5.570005486,0.731214191,0.015894378
1609060508.283871174,2.091225275,-5.584966102,0.709599044,2.090782768,-5.574866196,0.722832211,0.016652946
1609060508.331052065,2.088775118,-5.588474145,0.700478783,2.089028555,-5.579449623,0.714471511,0.016652408
1609060508.379541159,2.084768822,-5.591857575,0.690983104,2.084868127,-5.587774672,0.699176808,0.009155149
1609060508.430205107,2.085009097,-5.595463125,0.681039384,2.083191712,-5.591582701,0.691210792,0.011037125
1609060508.482200146,2.078339634,-5.600396989,0.671023095,2.081053181,-5.595160971,0.683637531,0.013924913
1609060508.530605078,2.077258739,-5.603711006,0.660656829,2.079040936,-5.598745720,0.674359027,0.014682660
1609060508.584336042,2.074284272,-5.607099408,0.648931141,2.076390585,-5.603722020,0.655022258,0.007276332
1609060508.630553007,2.074720381,-5.609124697,0.637184962,2.075414083,-5.605966545,0.644746777,0.008224123
1609060508.680194139,2.070650810,-5.608971392,0.623679861,2.074868178,-5.607285105,0.633325085,0.010661150
1609060508.729096174,2.072172802,-5.609594289,0.610133459,2.074331996,-5.608700132,0.621574093,0.011676889
1609060508.780822039,2.071875766,-5.611059695,0.598428020,2.074268861,-5.609514704,0.610940735,0.012832846
1609060508.873443127,2.073401802,-5.610682858,0.571032895,2.075651890,-5.610539071,0.587602717,0.016722517
1609060508.941129208,2.078348918,-5.610751433,0.550676215,2.077570081,-5.611849200,0.561998202,0.011401713
1609060508.986562014,2.076075952,-5.612647353,0.535055512,2.078481596,-5.612329133,0.549100015,0.014252594
1609060509.031994104,2.074927848,-5.612147636,0.521652917,2.078947145,-5.612611181,0.536534692,0.015421960
1609060509.076798201,2.077150679,-5.612220946,0.508630063,2.081054369,-5.612893020,0.513152367,0.006011799
1609060509.122907162,2.077316431,-5.611304100,0.497103376,2.082524033,-5.613001176,0.502947282,0.008009397
1609060509.176576138,2.078591236,-5.610362172,0.484054942,2.083671370,-5.612734658,0.492208300,0.009895135
1609060509.223483086,2.080921324,-5.610141646,0.472247054,2.084468902,-5.612635787,0.481213679,0.009960242
1609060509.276262999,2.079983552,-5.610571824,0.458656264,2.085186029,-5.612933584,0.470555306,0.013199655
1609060509.324488163,2.082225626,-5.610377766,0.445667154,2.086388171,-5.613250793,0.448497319,0.005795766
1609060509.372967005,2.080989707,-5.611336367,0.431429671,2.086746301,-5.613467937,0.435990786,0.007647597
1609060509.424610138,2.082231319,-5.612229979,0.416543610,2.086316458,-5.613762499,0.423790171,0.008458701
1609060509.473656178,2.081050904,-5.614902584,0.401286556,2.085822491,-5.614524517,0.411039444,0.010864152
1609060509.524735212,2.081741165,-5.616717059,0.385465563,2.084409384,-5.615120250,0.398467103,0.013368217
1609060509.575262070,2.075584718,-5.617632152,0.369066601,2.082717235,-5.616834432,0.384891555,0.017376373
1609060509.623697042,2.075246325,-5.620040384,0.353700640,2.078969137,-5.619701222,0.357711249,0.005482641
1609060509.675162077,2.071202081,-5.620722993,0.336787978,2.076782586,-5.620972570,0.344272964,0.009339665
1609060509.723975182,2.071409454,-5.622304194,0.321472488,2.074739287,-5.621943460,0.331290241,0.010373340
1609060509.774631023,2.067410442,-5.623707937,0.306686453,2.072798286,-5.622852202,0.318681572,0.013177406
1609060509.830249071,2.066673136,-5.625729508,0.289385433,2.067091159,-5.625466086,0.293287299,0.003933026
1609060509.879842043,2.062517182,-5.625336451,0.273355036,2.064497159,-5.627194447,0.280076865,0.007249513
1609060509.929027081,2.062188259,-5.626793113,0.258490005,2.062442927,-5.627450991,0.267502748,0.009040309
1609060509.978571177,2.056536718,-5.631810987,0.240955118,2.059435242,-5.628648853,0.255802110,0.015454245
1609060510.031541109,2.053751285,-5.635069048,0.225101380,2.054746786,-5.630608844,0.243812767,0.019261372
1609060510.084635019,2.042711891,-5.638323166,0.208541737,2.045230007,-5.634931152,0.220813650,0.012978695
1609060510.131839991,2.035754711,-5.638413918,0.195276923,2.040934944,-5.636895434,0.209410775,0.015129653
1609060510.181102991,2.032897765,-5.640806011,0.180593585,2.036871578,-5.639278951,0.197042624,0.016990998
1609060510.229454041,2.024844567,-5.643714753,0.165839694,2.032917117,-5.640920399,0.184968453,0.020949557
1609060510.282863140,2.020936544,-5.645737103,0.148381488,2.029363045,-5.642651566,0.172578806,0.025807686
1609060510.329972982,2.017037770,-5.647264433,0.133597406,2.021167897,-5.646106310,0.147754915,0.014793047
1609060510.380298138,2.011468237,-5.649218811,0.118335144,2.017516178,-5.647085295,0.135121015,0.017969278
1609060510.428771019,2.008649722,-5.649739249,0.103581405,2.014008994,-5.648325625,0.123160827,0.020348805
1609060510.478412151,2.003142565,-5.650275411,0.089306084,2.010195343,-5.650253201,0.111573074,0.023357247
1609060510.531696081,1.998772670,-5.655006251,0.071900518,2.005969609,-5.652004616,0.100053423,0.029212870
1609060510.584844112,1.993846638,-5.660076839,0.053036632,1.997106833,-5.656401343,0.076851155,0.024316036
1609060510.630853176,1.991457291,-5.663702690,0.038168558,1.992032837,-5.659060010,0.065392139,0.027622620
1609060510.681565046,1.982541278,-5.664160459,0.030562532,1.988080387,-5.661771706,0.053146892,0.023376081
1609060510.728801012,1.980037764,-5.667317783,0.017017896,1.984336306,-5.664557948,0.041945150,0.025445277
1609060510.782432079,1.977094363,-5.670329873,0.002415143,1.981874480,-5.667152143,0.032409660,0.030538804
1609060510.829675198,1.985280308,-5.664243531,0.005900007,1.988051513,-5.662985488,0.033439670,0.027707314
1609060510.881379128,1.983971476,-5.666493312,0.006212586,1.989558554,-5.662504261,0.028374574,0.023200898
1609060510.930631161,1.987962309,-5.665660547,0.000777201,1.992795235,-5.661190194,0.024978329,0.025080587
1609060510.983911991,1.995699015,-5.654294659,0.005184192,1.995167153,-5.656531266,0.026195738,0.021136943
1609060511.029888153,1.999543995,-5.651834577,0.004161024,1.996506724,-5.652999599,0.025823881,0.021905745
1609060511.082311153,1.992716466,-5.647068638,0.000205838,1.997334809,-5.645216069,0.024017111,0.024325661
1609060511.128465176,1.995400847,-5.644640715,0.000004220,1.994387077,-5.643668134,0.024149949,0.024186565
1609060511.178915977,1.993174532,-5.644249734,-0.000162638,1.993796987,-5.642053609,0.024149340,0.024418900
1609060511.230607033,1.991012702,-5.644702997,0.000431747,1.994393331,-5.640481380,0.024072053,0.024251077
1609060511.283373117,1.992030795,-5.645549137,0.000171020,1.995036974,-5.640329502,0.024208418,0.024780601
1609060511.330246210,1.990896361,-5.644470307,0.000135505,1.994532430,-5.642142627,0.024073979,0.024324672
1609060511.382980108,1.992563581,-5.646485881,-0.001066221,1.995380163,-5.643085298,0.024118753,0.025569122
1609060511.424667120,1.995061771,-5.647436929,-0.001900049,1.996135075,-5.644282700,0.024306823,0.026417821
1609060511.474285126,1.994349633,-5.647476187,-0.002854521,1.995889021,-5.645291175,0.024388039,0.027373364
1609060511.522655010,1.996898495,-5.648259430,-0.003764727,1.996064824,-5.646020363,0.024607022,0.028472172
1609060511.576474190,1.995291610,-5.650352133,-0.004231814,1.996853870,-5.646895609,0.024414930,0.028896785
1609060511.625574112,1.996946846,-5.650805833,-0.004799084,1.996648570,-5.647257669,0.024338779,0.029354617
1609060511.672990084,1.995843422,-5.649522105,-0.004493379,1.996332803,-5.646972234,0.024637620,0.029246477
1609060511.724516153,1.998162940,-5.649707650,-0.004836501,1.996448760,-5.646883178,0.024638888,0.029659984
1609060511.774074078,1.994982616,-5.649810718,-0.006429078,1.996756005,-5.646754286,0.024694503,0.031323537
1609060511.824729204,1.997224568,-5.650258516,-0.006652977,1.996695135,-5.647102481,0.024494105,0.031311045
1609060511.873460054,1.995834977,-5.649738812,-0.005698172,1.996638831,-5.647356409,0.024411421,0.030214394
1609060511.923904181,1.998126930,-5.650214736,-0.005938719,1.996852009,-5.647405194,0.024520381,0.030614960
1609060511.975442171,1.996260726,-5.648638696,-0.005278033,1.996976911,-5.647631830,0.024485706,0.029789375
1609060512.022669077,1.997991154,-5.648993813,-0.004876675,1.996893873,-5.647979673,0.024498660,0.029413310
1609060512.075103045,1.999118939,-5.648176548,-0.005186190,1.996965569,-5.648194747,0.024531368,0.029795479
1609060512.126736164,2.001693711,-5.648220880,-0.004826972,1.997159648,-5.648309710,0.024382292,0.029559208
1609060512.173801184,1.999452215,-5.647560068,-0.007639012,1.997159300,-5.648317929,0.024371981,0.032101955
1609060512.223273039,2.001924890,-5.647452000,-0.008043913,1.997090612,-5.648386167,0.024351159,0.032767112
1609060512.274697065,1.999457875,-5.646634740,-0.007657070,1.997140660,-5.648485465,0.024555260,0.032348553
1609060512.323801994,1.998113278,-5.646998397,-0.007824728,1.997202819,-5.648722068,0.024569451,0.032452778
1609060512.374632120,1.998086411,-5.647089996,-0.008107364,1.997118797,-5.648791186,0.024562588,0.032728521
1609060512.423748016,1.996917315,-5.647448432,-0.007726176,1.997266055,-5.648996546,0.024533488,0.032298671
1609060512.475403070,1.996869140,-5.648201744,-0.007747074,1.997362071,-5.649115691,0.024475553,0.032239355
1609060512.522479057,1.998682921,-5.647883953,-0.007740290,1.997313400,-5.649045040,0.024424010,0.032214374
1609060512.575136185,1.994399285,-5.643897766,-0.005083806,1.996859013,-5.647956271,0.024563323,0.030024556
1609060512.624689102,1.995244666,-5.642179412,-0.004266490,1.995671465,-5.644375918,0.024260348,0.028614460
1609060512.673336029,1.993575139,-5.641506123,-0.003159094,1.994954831,-5.642458604,0.024012629,0.027223396
1609060512.723724127,1.994506197,-5.639311219,-0.002432390,1.994292615,-5.640429225,0.023856694,0.026313713
1609060512.773655176,1.990380516,-5.635932034,-0.003089307,1.993592640,-5.639008097,0.023713618,0.027169408
1609060512.826208115,1.991493279,-5.634409341,-0.002517448,1.993180814,-5.637650445,0.023777772,0.026547903
1609060512.874486208,1.990211418,-5.631421664,-0.001976278,1.992937112,-5.636928212,0.023807826,0.026506066
1609060512.923703194,1.992279179,-5.631303916,-0.001373389,1.993122488,-5.637137427,0.023736133,0.025792037
1609060512.974423170,1.988435751,-5.632986880,-0.000097503,1.993267576,-5.637788002,0.023896132,0.024941768
1609060513.023060083,1.990338486,-5.633581282,0.000839460,1.993707452,-5.638602929,0.023934877,0.023873943
1609060513.077083111,1.989041672,-5.633630827,0.001913289,1.994011881,-5.639532840,0.023766825,0.023175716
1609060513.125016212,1.991358899,-5.634367929,0.002558295,1.994523582,-5.640728043,0.023815022,0.022412378
1609060513.173258066,1.989944690,-5.633540770,0.002602191,1.994662410,-5.641182944,0.023852781,0.023070486
1609060513.225908041,1.993222515,-5.633824776,0.002951552,1.994850951,-5.641422861,0.023929267,0.022370678
1609060513.277425051,1.990691792,-5.635392608,0.002080214,1.994747128,-5.641276095,0.023839651,0.022902714
1609060513.376724005,1.990821875,-5.636037029,0.001661709,1.994324512,-5.640257712,0.023856600,0.022862542
1609060513.424143076,1.989503571,-5.635455674,0.001991671,1.994255890,-5.639853782,0.023874703,0.022820932
1609060513.474897146,1.990162848,-5.635111645,0.001363967,1.994074367,-5.639613213,0.023792155,0.023207492
1609060513.524019003,1.990213544,-5.635064019,0.002875866,1.993925727,-5.639370653,0.023679807,0.021566904
1609060513.574426174,1.990955325,-5.635064870,0.003045363,1.994041769,-5.639066676,0.023577537,0.021144994
1609060513.626206160,1.993260049,-5.635704031,0.002631619,1.993853444,-5.638898760,0.023789656,0.021406096
1609060513.674419165,1.992915497,-5.636466558,0.000448570,1.993749668,-5.638811920,0.023622284,0.023307028
1609060513.723834038,1.995577107,-5.636684882,-0.000028214,1.993568985,-5.638445677,0.023701885,0.023879919
1609060513.774116993,1.993254099,-5.634533688,0.000688979,1.993357313,-5.637884475,0.023682645,0.023236762
1609060513.823392153,1.995765107,-5.633762846,0.000436433,1.993333066,-5.637091844,0.023778967,0.023703817
1609060513.879414082,1.993354431,-5.629807396,0.000756027,1.992379657,-5.635314080,0.023965912,0.023874097
1609060513.923260212,1.995640274,-5.628627226,0.000665200,1.992304750,-5.634453268,0.024009509,0.024290436
1609060513.974857092,1.992368254,-5.627638391,-0.001673264,1.992098671,-5.633905100,0.024159026,0.026582918
1609060514.024241209,1.994604339,-5.626785655,-0.002157275,1.991760906,-5.633522798,0.023840866,0.027006991
1609060514.073918104,1.992539390,-5.626199226,-0.002382114,1.991636191,-5.633097941,0.023750306,0.027042770
1609060514.127549171,1.995134815,-5.625927897,-0.002694654,1.991584269,-5.632920093,0.023841015,0.027670181
1609060514.172559023,1.991533244,-5.626119960,-0.001306036,1.991679525,-5.633268241,0.023868968,0.026170597
1609060514.223515034,1.993760821,-5.626781891,-0.001064175,1.991707083,-5.633700620,0.024045464,0.026126244
