timestamp,estimate_x,estimate_y,estimate_z,truth_x,truth_y,truth_z,error_m
1609060363.469352007,0.049809227,-0.021285765,-0.025654814,0.000352647,-0.000128288,-0.000155817,0.059529748
1609060363.517702103,0.049701618,-0.020894066,-0.025501807,0.000266305,0.000024604,-0.000032764,0.059414755
1609060363.568032980,0.049770185,-0.021375509,-0.024782828,0.000273958,0.000023288,-0.000043316,0.059328142
1609060363.616620064,0.049643588,-0.020928404,-0.024517513,0.000455122,0.000045726,-0.000206092,0.058740655
1609060363.669232130,0.049671006,-0.021627246,-0.025117008,0.000322824,-0.000048357,0.000006751,0.059431429
1609060363.717437983,0.049492932,-0.021173031,-0.024965557,0.000309158,-0.000056917,0.000007880,0.059064426
1609060363.769133091,0.049010906,-0.020906270,-0.025100128,0.000313077,-0.000056831,0.000003710,0.058620648
1609060363.816621065,0.048739105,-0.020475364,-0.024903980,0.000357567,-0.000119010,-0.000146163,0.058035367
1609060363.869219065,0.048891263,-0.021165710,-0.025163431,0.000265599,0.000019840,-0.000039722,0.058689723
1609060363.918718100,0.048704044,-0.020764028,-0.025026986,0.000450987,0.000034525,0.000000389,0.058200574
1609060363.968429089,0.048714962,-0.019910156,-0.024651167,0.000272345,0.000020770,-0.000045630,0.057873668
1609060364.018787146,0.048495279,-0.019180427,-0.024469002,0.000364012,-0.000124076,-0.000161475,0.057189328
1609060364.067788124,0.047915917,-0.019245240,-0.024031954,0.000268084,0.000022409,-0.000038284,0.056720848
1609060364.119420052,0.047605640,-0.018541342,-0.023724511,0.000327210,-0.000044406,0.000008343,0.056041369
1609060364.166568995,0.047400575,-0.019275669,-0.023328418,0.000259032,0.000018830,-0.000034140,0.056010946
1609060364.220535994,0.047091443,-0.018772219,-0.022881871,0.000351740,-0.000123126,-0.000146439,0.055220362
1609060364.269806147,0.047796817,-0.019625672,-0.022505837,0.000449516,0.000065556,-0.000167732,0.055933017
1609060364.317873001,0.047708982,-0.019364434,-0.022102184,0.000410911,0.000120631,-0.000035863,0.055710841
1609060364.369445086,0.047979365,-0.019516313,-0.021957005,0.000506974,-0.000022317,-0.000153461,0.055758750
1609060364.418934107,0.047948668,-0.019173923,-0.021450100,0.000302656,-0.000052806,-0.000198416,0.055564319
1609060364.470550060,0.048196970,-0.019233903,-0.021190072,0.000306290,-0.000059472,-0.000213235,0.055688452
1609060364.516581059,0.048371266,-0.019171178,-0.020791138,0.000320215,-0.000061600,-0.000232001,0.055648518
1609060364.568826199,0.048249979,-0.020151410,-0.021414957,0.000270386,0.000004300,-0.000070217,0.056248483
1609060364.618486166,0.048321995,-0.019949333,-0.021271526,0.000364372,-0.000146097,0.000022496,0.056085089
1609060364.666870117,0.049350296,-0.020085637,-0.020850250,0.000403415,0.000091364,-0.000075138,0.056872786
1609060364.718618155,0.049539573,-0.019592172,-0.020541392,0.000473405,0.000031166,-0.000029715,0.056685916
1609060364.766618013,0.049442592,-0.021005935,-0.021986896,0.000310503,-0.000046424,-0.000196683,0.057689485
1609060364.816910982,0.049540727,-0.020360612,-0.021988998,0.000388377,0.000111313,-0.000026214,0.057597024
1609060364.866990089,0.049162982,-0.021304838,-0.022088979,0.000290333,-0.000033732,-0.000153898,0.057638039
1609060364.917939186,0.049015265,-0.021308951,-0.021909782,0.000317779,-0.000033161,0.000036970,0.057495776
1609060364.968490124,0.048685673,-0.020908448,-0.022187657,0.000252330,0.000033302,-0.000003276,0.057240653
1609060365.018791199,0.048496652,-0.020654787,-0.022005034,0.000348575,-0.000112449,-0.000125624,0.056735646
1609060365.069586039,0.048098896,-0.020536885,-0.022089261,0.000349153,-0.000110341,-0.000122836,0.056389764
1609060365.116973162,0.047874123,-0.020314010,-0.021891267,0.000294942,-0.000041077,-0.000170892,0.056094072
1609060365.167543173,0.048207526,-0.021033236,-0.022640814,0.000457233,-0.000050459,-0.000144457,0.056801880
1609060365.216737032,0.048195757,-0.020933949,-0.022482179,0.000484481,-0.000056316,-0.000183928,0.056652038
1609060365.269127131,0.048795912,-0.021119558,-0.022768572,0.000390576,0.000110343,-0.000250328,0.057453082
1609060365.317117214,0.048881532,-0.020943949,-0.022594098,0.000114216,-0.000083058,-0.000040323,0.057637668
1609060365.368606091,0.049672030,-0.022173377,-0.022723965,0.000065035,-0.000000712,-0.000072669,0.058869027
1609060365.419071198,0.049849285,-0.022074047,-0.022543411,0.000064369,-0.000013130,-0.000092099,0.058900622
1609060365.467614174,0.049347590,-0.022630090,-0.023084336,0.000111060,-0.000089327,-0.000047031,0.058847594
1609060365.520151138,0.049583522,-0.022492627,-0.022837081,0.000099009,-0.000060148,0.000013594,0.058941382
1609060365.568042040,0.050447066,-0.022481271,-0.023445609,0.000672148,0.000008775,-0.000064483,0.059413985
1609060365.618832111,0.050898717,-0.022336256,-0.023207952,0.000682031,0.000012436,-0.000069406,0.059637001
1609060365.668703079,0.051147459,-0.022101768,-0.023897347,0.000390677,0.000124731,-0.000006958,0.060340856
1609060365.716791153,0.051097596,-0.021582618,-0.023849402,0.000166939,0.000084516,-0.000046349,0.060249331
1609060365.768277168,0.051629014,-0.021006132,-0.023205490,0.000053714,-0.000000496,-0.000059871,0.060307279
1609060365.817838192,0.051965581,-0.020335423,-0.022711138,0.000162657,-0.000157149,0.000006238,0.060056514
1609060365.869102001,0.050695476,-0.021560875,-0.024262470,-0.000130988,-0.000041771,-0.000143903,0.060233766
1609060365.915625095,0.050574910,-0.020681691,-0.024153702,0.000119453,-0.000087053,-0.000052568,0.059588227
1609060365.967102051,0.050086709,-0.020335823,-0.024337594,0.000205407,-0.000232716,-0.000163459,0.058963277
1609060366.017361164,0.049595039,-0.018984526,-0.024210812,0.000354080,-0.000118558,-0.000141596,0.057964851
1609060366.071130037,0.049989493,-0.020487927,-0.024263220,0.000544710,-0.000089497,-0.000083907,0.058698566
1609060366.166268110,0.050177527,-0.020269987,-0.024402555,0.000384117,-0.000176545,-0.000048651,0.058959671
1609060366.217751026,0.049994865,-0.020899832,-0.024088641,0.000087884,-0.000368910,-0.000035229,0.059082926
1609060366.266285181,0.048624379,-0.020437293,-0.024838365,0.000092678,-0.000059805,0.000021112,0.058211352
1609060366.319833040,0.048147347,-0.021500339,-0.024480511,-0.000047252,0.000040180,0.000117196,0.058238823
1609060366.368166208,0.048931611,-0.021264885,-0.024346660,-0.000108373,-0.000091024,-0.000028616,0.058690882
1609060366.417719126,0.048786787,-0.021391444,-0.023837288,0.000242615,-0.000287834,0.000146380,0.058112953
1609060366.467580080,0.048256731,-0.023069584,-0.023584298,-0.000034002,-0.000166907,-0.000013477,0.058413278
1609060366.517288208,0.048704684,-0.022442745,-0.022821964,0.000236429,-0.000296243,-0.000080591,0.057937978
1609060366.569877148,0.049258853,-0.022557445,-0.023921298,0.000393389,0.000124568,-0.000010204,0.058941053
1609060366.617144108,0.048395075,-0.021849007,-0.023376129,0.000385275,-0.000309961,0.000173706,0.057649511
1609060366.668351173,0.050956171,-0.022166715,-0.023266272,0.000403792,0.000110579,0.000175767,0.060011250
1609060366.715952158,0.052657870,-0.021627179,-0.022594688,-0.000613854,-0.000060705,0.000356339,0.061884885
1609060366.768293142,0.053324458,-0.021562968,-0.022889236,-0.000306125,-0.000446384,0.000052128,0.062035922
1609060366.818122149,0.052426990,-0.021293981,-0.023209070,0.001024256,0.000137844,-0.000021976,0.060325828
1609060366.867343187,0.053164386,-0.022303360,-0.022354840,0.000418142,0.000152065,0.000227344,0.061614669
1609060366.917598009,0.050669132,-0.021535129,-0.022604204,-0.000325635,-0.000062576,0.000476609,0.059952154
1609060366.967342138,0.049062589,-0.021763708,-0.022794535,0.001656293,-0.000071272,0.000044147,0.056916817
1609060367.018635988,0.047840502,-0.021601490,-0.023210164,0.000802165,0.000341478,0.000332733,0.056994448
1609060367.066863060,0.048327620,-0.021439906,-0.022858885,-0.000590914,0.000086231,0.001009948,0.058533056
1609060367.120592117,0.047789972,-0.021580314,-0.023213557,0.000176782,-0.000147327,0.000446900,0.057325440
1609060367.168382168,0.047800895,-0.021514834,-0.023279685,0.000698040,0.000075106,0.000454988,0.056992448
1609060367.220067024,0.047165581,-0.020814761,-0.023328053,-0.000617461,0.000036455,0.000738189,0.057421045
1609060367.268805027,0.047527571,-0.020756137,-0.022967031,-0.000389047,-0.000109275,0.000690649,0.057288577
1609060367.316627979,0.047065916,-0.020472806,-0.022424041,0.000459081,-0.000069937,0.000482253,0.055795810
1609060367.374567032,0.045440631,-0.020969386,-0.022940289,-0.000013172,-0.000190865,0.000585093,0.055238020
1609060367.419722080,0.045054462,-0.020675167,-0.022357647,0.000071738,-0.000023967,0.000762706,0.054630287
1609060367.468986034,0.045117469,-0.020924109,-0.022277089,0.000775383,0.000165729,0.000517080,0.054134795
1609060367.518623114,0.045157893,-0.020250524,-0.021288927,0.001005300,0.000191045,0.000525492,0.053321460
1609060367.566896200,0.046517468,-0.021250921,-0.021156923,0.000889959,-0.000018374,0.000532424,0.054800715
1609060367.616783142,0.046591106,-0.021056801,-0.020616180,0.001010969,0.000152422,0.000676674,0.054596389
1609060367.668950081,0.046422872,-0.020408900,-0.021596321,0.000730315,-0.000085094,0.000379515,0.054624209
1609060367.718545198,0.045774135,-0.020226222,-0.021290975,0.000397581,-0.000209806,0.000542911,0.054188626
1609060367.765889168,0.047622847,-0.021173567,-0.023004007,0.000105201,-0.000078862,0.000416649,0.057021403
1609060367.817234993,0.047911065,-0.021060570,-0.022681251,0.000242984,0.000010138,0.000409641,0.057003596
1609060367.868952990,0.046339844,-0.020819737,-0.023241130,0.000339713,-0.000142813,0.000495190,0.055740112
1609060367.922713995,0.046899700,-0.020281875,-0.022971433,-0.000142040,-0.000038417,0.000754198,0.056441371
1609060367.968739033,0.042048045,-0.018981135,-0.021448551,-0.001113061,-0.000305982,0.001167478,0.052183591
1609060368.018198013,0.039567392,-0.018321650,-0.020709861,-0.002591340,-0.000469840,0.001426557,0.050853385
1609060368.068567038,0.032367264,-0.018168988,-0.022084824,-0.004485227,-0.001351842,0.001637312,0.046943180
1609060368.117814064,0.028004980,-0.017657979,-0.021836182,-0.007008597,-0.002171046,0.001762192,0.044974203
1609060368.170260191,0.021517905,-0.018809712,-0.022917664,-0.008981754,-0.002686339,0.001555349,0.042297999
1609060368.217667103,0.017250328,-0.018368019,-0.022401856,-0.011817858,-0.003851114,0.001463996,0.040314747
1609060368.267811060,0.014290958,-0.018132640,-0.022708190,-0.012638625,-0.003852636,0.001484095,0.038915133
1609060368.318669081,0.010822554,-0.016971823,-0.022095150,-0.012800729,-0.003916812,0.001998616,0.036180138
1609060368.367310047,0.008338505,-0.016686563,-0.023792999,-0.012701319,-0.003757035,0.002368789,0.035976187
1609060368.424607038,0.006405962,-0.015170442,-0.023329258,-0.012259085,-0.003807545,0.002900941,0.034139752
1609060368.476238012,0.009703078,-0.011778228,-0.022843248,-0.010112976,-0.002952009,0.004130070,0.034614130
1609060368.523241997,0.009832987,-0.009815035,-0.021676141,-0.009622581,-0.003024745,0.005233767,0.033893515
1609060368.573940992,0.011030829,-0.009379194,-0.019490022,-0.008666150,-0.002535391,0.006737470,0.033506566
1609060368.625032187,0.011961725,-0.007289416,-0.016195500,-0.008485328,-0.001808579,0.009260493,0.033107841
1609060368.676413059,0.009100134,-0.007527006,-0.011292671,-0.008426871,-0.000540116,0.013900029,0.031475143
1609060368.725769997,0.010033913,-0.005297323,-0.001812035,-0.006980668,0.001387151,0.020947916,0.029192354
1609060368.777173996,0.012049194,-0.003423224,0.009207374,-0.003863052,0.003164326,0.043774036,0.038619290
1609060368.824648142,0.013447833,-0.000531088,0.027424807,-0.003041256,0.004224189,0.062690524,0.039219554
1609060368.875344992,0.017119562,-0.000227331,0.051609653,-0.001104869,0.005573438,0.083074624,0.036821505
1609060368.923364162,0.019170525,0.001978316,0.080158866,0.001111218,0.008267013,0.110012053,0.035452772
1609060368.974891186,0.018654881,0.007284235,0.112697306,0.001616823,0.009225935,0.139364636,0.031705080
1609060369.023996115,0.020410223,0.009369294,0.152621866,0.006026772,0.014035969,0.208056706,0.057460274
1609060369.076563120,0.021413732,0.011578796,0.206534184,0.005645943,0.016277352,0.250225514,0.046686529
1609060369.122320175,0.021627265,0.014913093,0.255245820,0.006525430,0.018601496,0.295004927,0.042690236
1609060369.175933123,0.019295606,0.018944868,0.323484099,0.005475035,0.021591195,0.345836221,0.026412660
1609060369.225181103,0.017309558,0.022754772,0.387388216,0.004460880,0.025012164,0.400167667,0.018261947
1609060369.277878046,0.014950191,0.026742814,0.458065369,0.003670517,0.031544681,0.514357305,0.057611379
1609060369.325048208,0.012819668,0.030891118,0.527175858,0.002224844,0.035987753,0.576799261,0.050997138
1609060369.375655174,0.015332834,0.033808688,0.602976150,0.000986345,0.039151329,0.639772380,0.039853834
1609060369.423925161,0.012915991,0.037365161,0.679365282,-0.001116003,0.042314623,0.705078997,0.029708402
1609060369.476325035,0.007898976,0.039330649,0.763084922,-0.004156337,0.045257470,0.774513121,0.017636936
1609060369.526211023,0.004266122,0.041743449,0.845880308,-0.010900538,0.050291649,0.909076917,0.065550826
1609060369.576457024,-0.001329331,0.046466106,0.931987479,-0.016939148,0.051896956,0.979990540,0.050768636
1609060369.624904156,-0.006301552,0.049054323,1.011519878,-0.022175154,0.051526789,1.047043231,0.038987087
1609060369.676457167,-0.009568947,0.047012380,1.093261994,-0.027673429,0.050771761,1.113042541,0.027077209
1609060369.724966049,-0.014431232,0.045859823,1.169112125,-0.032117921,0.050163012,1.177115361,0.019884370
1609060369.776529074,-0.020538092,0.042231119,1.249208183,-0.035790958,0.046619757,1.239326189,0.018696627
1609060369.824362040,-0.025882682,0.039053227,1.319377445,-0.048315656,0.041410133,1.362549445,0.048709496
1609060369.874984980,-0.034867811,0.034717809,1.386619410,-0.053330903,0.036474501,1.420254690,0.038409684
1609060369.922994137,-0.040756894,0.028159142,1.451538488,-0.058678361,0.032198394,1.477099828,0.031478193
1609060369.973376989,-0.047127878,0.020253755,1.523883114,-0.065083831,0.023966201,1.532618070,0.020310046
1609060370.024846077,-0.054049458,0.009558558,1.589965450,-0.072377628,0.016004412,1.588192475,0.019509339
1609060370.077591181,-0.061463417,-0.001313864,1.652704265,-0.083431370,-0.004630554,1.692531060,0.045604441
1609060370.131295204,-0.069070043,-0.014933427,1.719417895,-0.089787416,-0.014949260,1.745325643,0.033172597
1609060370.176069021,-0.075514395,-0.026756677,1.778396207,-0.096869567,-0.026482980,1.797683407,0.028776976
1609060370.225593090,-0.083216801,-0.041365000,1.839843415,-0.103631683,-0.038952007,1.850505250,0.023157389
1609060370.274984121,-0.087567994,-0.059493303,1.904417153,-0.110097413,-0.052760272,1.902116488,0.023626288
1609060370.332502127,-0.096272248,-0.077854355,1.976999019,-0.125957451,-0.082164741,2.012235544,0.046275301
1609060370.379465103,-0.105724377,-0.090892981,2.034945628,-0.132146366,-0.097639112,2.064290997,0.040059736
1609060370.424487114,-0.113393659,-0.106718468,2.091470741,-0.138970158,-0.113620467,2.114148903,0.034872538
1609060370.475898027,-0.127338289,-0.122307831,2.154365863,-0.146695647,-0.130204811,2.165147451,0.023522590
1609060370.524448156,-0.136750183,-0.139885650,2.216095543,-0.153378897,-0.146180621,2.218056271,0.017888132
1609060370.576019049,-0.145646057,-0.158144104,2.282049666,-0.160283271,-0.161757085,2.271150443,0.018603621
1609060370.625375986,-0.155315691,-0.175228560,2.345319566,-0.176451613,-0.193992806,2.375328685,0.041223432
1609060370.675712109,-0.165256408,-0.192410936,2.409931442,-0.184377598,-0.209235434,2.429577604,0.032166059
1609060370.723781109,-0.174621977,-0.208155136,2.470482067,-0.191083444,-0.223693645,2.478888960,0.024147485
1609060370.775207043,-0.185477042,-0.226032956,2.534231664,-0.200568808,-0.238917265,2.530510875,0.020189381
1609060370.824608088,-0.195555826,-0.241044288,2.591635106,-0.210445223,-0.252993012,2.579952839,0.022381722
1609060370.877348185,-0.208370711,-0.261066831,2.646750286,-0.223900228,-0.280567611,2.665764053,0.031352347
1609060370.923455000,-0.218097589,-0.275322204,2.692998461,-0.232597663,-0.294021379,2.705369191,0.026701053
1609060370.976181030,-0.225358893,-0.292160978,2.740800243,-0.240827341,-0.306444307,2.742874947,0.021156341
1609060371.024459124,-0.233774576,-0.306721740,2.783263914,-0.248395824,-0.318086171,2.778800117,0.019048797
1609060371.076410055,-0.241104188,-0.320567071,2.824467309,-0.255354368,-0.329789166,2.812602268,0.020709753
1609060371.125555992,-0.248142242,-0.334180551,2.862912370,-0.262940383,-0.341479720,2.843007667,0.025854594
1609060371.175806999,-0.253322235,-0.347989637,2.898433836,-0.276828065,-0.363164403,2.904519843,0.028632797
1609060371.226459980,-0.258857939,-0.360739885,2.933687973,-0.282855212,-0.373743247,2.931824766,0.027357414
1609060371.275564194,-0.265188445,-0.375781500,2.963847716,-0.290110462,-0.384411233,2.959635318,0.026708118
1609060371.322875023,-0.269813505,-0.387285712,2.994239659,-0.295871900,-0.394180165,2.985678750,0.028281843
1609060371.381882191,-0.275753263,-0.401318504,3.029705866,-0.306265603,-0.414011999,3.035787875,0.033602359
1609060371.425695181,-0.279284312,-0.412209700,3.055996025,-0.312094368,-0.424202563,3.060710134,0.035249842
1609060371.476238012,-0.286325793,-0.424509681,3.088578799,-0.316266270,-0.433729930,3.084963488,0.031535942
1609060371.523342133,-0.290486001,-0.435639952,3.116545809,-0.320262403,-0.442943325,3.108590964,0.031674168
1609060371.576235056,-0.296332290,-0.449060558,3.149945567,-0.324850774,-0.453096609,3.133294628,0.033269316
1609060371.625576019,-0.301489997,-0.460749536,3.180096730,-0.329130857,-0.462328652,3.157601878,0.035672526
1609060371.677156210,-0.312088155,-0.472622728,3.209009023,-0.336091099,-0.481092748,3.210284976,0.025485498
1609060371.723249197,-0.317687517,-0.483286945,3.237194772,-0.338919177,-0.490106751,3.231828442,0.022936666
1609060371.773763180,-0.326117627,-0.494079943,3.264699027,-0.341977641,-0.499358827,3.255331405,0.019161394
1609060371.824518204,-0.332401700,-0.506010978,3.292512286,-0.344228459,-0.507845517,3.276648967,0.019871654
1609060371.877555132,-0.336386252,-0.516712065,3.321198109,-0.346992589,-0.517474066,3.298539234,0.025029975
1609060371.924982071,-0.341695127,-0.527826906,3.348084043,-0.352742980,-0.534766093,3.344503812,0.013528688
1609060371.975533009,-0.344363384,-0.539923252,3.379733528,-0.355778269,-0.542945984,3.369988573,0.015310149
1609060372.022653103,-0.348160808,-0.549936500,3.412380894,-0.358431258,-0.550976755,3.397110261,0.018432485
1609060372.076374054,-0.354005875,-0.561832686,3.443546945,-0.360854492,-0.559106565,3.430592133,0.014905115
1609060372.125910997,-0.358586085,-0.571564573,3.483773412,-0.363383761,-0.566907763,3.463888234,0.020979130
1609060372.175580978,-0.359973668,-0.580854478,3.513654437,-0.369859639,-0.585870174,3.527273491,0.017560417
1609060372.223182201,-0.364291435,-0.591473098,3.545610001,-0.374836193,-0.595417886,3.557009098,0.016021632
1609060372.275930166,-0.368853904,-0.603300535,3.576939411,-0.380866921,-0.604897358,3.582063065,0.013157289
1609060372.325079203,-0.374571986,-0.614611072,3.604099713,-0.388001282,-0.615304958,3.606595967,0.013676942
1609060372.376758099,-0.383283384,-0.628490679,3.632799802,-0.394522127,-0.625191931,3.628419746,0.012505039
1609060372.429697990,-0.388781174,-0.640598441,3.651518726,-0.406105729,-0.643790196,3.659128772,0.019189588
1609060372.476099014,-0.398849964,-0.650679502,3.674613518,-0.413418562,-0.653739830,3.670040610,0.015573090
1609060372.524174213,-0.407622063,-0.662255740,3.685227032,-0.421934081,-0.663588713,3.679157219,0.015602991
1609060372.576766014,-0.420935525,-0.675398687,3.690172692,-0.432160168,-0.674308577,3.687114134,0.011684850
1609060372.625241041,-0.434614795,-0.688619577,3.695111959,-0.444138523,-0.685748881,3.692944703,0.010180338
1609060372.677778006,-0.452765160,-0.702767827,3.695235738,-0.472182362,-0.709984860,3.700863736,0.021465965
1609060372.722868204,-0.468611543,-0.716084438,3.695610127,-0.487270871,-0.721973900,3.702916409,0.020886313
1609060372.775847197,-0.490930163,-0.732469434,3.692748260,-0.505848083,-0.735761744,3.704256272,0.019126368
1609060372.825339079,-0.514086300,-0.748406054,3.690201350,-0.526069984,-0.750295347,3.704633878,0.018854070
1609060372.877873182,-0.541101404,-0.765515172,3.688275452,-0.547754742,-0.764950797,3.704518656,0.017562093
1609060372.926480055,-0.567544150,-0.783116167,3.685926625,-0.593420072,-0.795760926,3.703677042,0.033830911
1609060372.973802090,-0.593162683,-0.800678787,3.688929856,-0.620897279,-0.813488992,3.702993153,0.033631615
1609060373.024542093,-0.624366501,-0.820762977,3.686301132,-0.646525992,-0.828963408,3.701829861,0.028274220
1609060373.076001167,-0.658793874,-0.840480265,3.686153775,-0.675289520,-0.846026815,3.700759306,0.022719861
1609060373.124036074,-0.692825492,-0.860774972,3.683745956,-0.709971378,-0.867345766,3.699576746,0.024243982
1609060373.180086136,-0.737538965,-0.887566352,3.684363701,-0.776686276,-0.905831842,3.697216106,0.045070217
1609060373.223744154,-0.772262062,-0.908037147,3.683152260,-0.809920388,-0.924243835,3.696345570,0.043068198
1609060373.277434111,-0.814859103,-0.932598284,3.687048762,-0.848077978,-0.945595600,3.695309579,0.036615092
1609060373.323575020,-0.854946261,-0.955263718,3.686585584,-0.886660876,-0.966654444,3.694019147,0.034508308
1609060373.374325037,-0.899101207,-0.980413272,3.689072209,-0.927886646,-0.989412251,3.693097253,0.030426701
1609060373.424693108,-0.944452383,-1.006746596,3.689101745,-0.968898001,-1.011800549,3.691689048,0.025096310
1609060373.477025032,-1.001518722,-1.036748080,3.694628715,-1.051879550,-1.056883816,3.688286607,0.054606623
1609060373.523668051,-1.048533336,-1.062288710,3.695531787,-1.094512317,-1.079666570,3.687373345,0.049825866
1609060373.575177193,-1.103488397,-1.092299542,3.694100336,-1.137913341,-1.101731043,3.686523392,0.036488903
1609060373.624744177,-1.156446600,-1.121050922,3.695854456,-1.181115114,-1.125059384,3.685982054,0.026871316
1609060373.678225040,-1.216123049,-1.151768707,3.695351481,-1.226890779,-1.149619172,3.685943546,0.014459383
1609060373.725805044,-1.266011958,-1.178967162,3.696148511,-1.313001936,-1.195014514,3.686210798,0.050639250
1609060373.776236057,-1.317060030,-1.205835721,3.694060217,-1.355729032,-1.218154311,3.685770352,0.041421749
1609060373.823961020,-1.365951842,-1.232879797,3.694627487,-1.399104199,-1.240364988,3.687241233,0.034780218
1609060373.877856016,-1.421496288,-1.261260194,3.692523713,-1.442353008,-1.262900504,3.687784823,0.021451118
1609060373.925863981,-1.469937309,-1.287382300,3.691823256,-1.484444625,-1.285211253,3.687999352,0.015159087
1609060373.976363182,-1.519996860,-1.314801874,3.689552341,-1.567414308,-1.328708289,3.687688001,0.049449757
1609060374.024655104,-1.566847733,-1.339730984,3.688798122,-1.607214129,-1.348391728,3.687128827,0.041318772
1609060374.074808121,-1.613861582,-1.362943295,3.689573114,-1.649023558,-1.369894380,3.686998311,0.035934826
1609060374.125483036,-1.659557817,-1.387957241,3.688668451,-1.685574068,-1.388050797,3.686381721,0.026116723
1609060374.175988197,-1.704602802,-1.408455577,3.687875783,-1.723239004,-1.407546138,3.686835862,0.018687336
1609060374.224302053,-1.745583917,-1.429994002,3.687714101,-1.797917876,-1.444865798,3.687996877,0.054406741
1609060374.275952101,-1.789707683,-1.449954650,3.690840995,-1.835056586,-1.463849366,3.689566788,0.047446915
1609060374.324405193,-1.828644372,-1.469336569,3.691972359,-1.868965925,-1.481263362,3.690706180,0.042067556
1609060374.377850056,-1.870205757,-1.489372546,3.694246235,-1.903570178,-1.499197235,3.691736314,0.034871318
1609060374.432549000,-1.910923619,-1.509233079,3.696208864,-1.968480002,-1.532020744,3.694499846,0.061926857
1609060374.480001211,-1.949988539,-1.528189667,3.704385787,-1.997598120,-1.546545850,3.695615118,0.051773992
1609060374.523640156,-1.981519750,-1.543122924,3.707472610,-2.026025194,-1.561168729,3.696887070,0.049177630
1609060374.575245142,-2.021059352,-1.564037775,3.700748440,-2.057039284,-1.576932262,3.697876191,0.038328490
1609060374.626283169,-2.055839674,-1.582330930,3.702223498,-2.083748279,-1.590910205,3.698962254,0.029379073
1609060374.675654173,-2.092537622,-1.601906559,3.699383218,-2.110778832,-1.604898674,3.700056864,0.018497251
1609060374.723823071,-2.127803857,-1.620651651,3.700486991,-2.167963863,-1.634482676,3.703121748,0.042556613
1609060374.773189068,-2.163431801,-1.638326492,3.705776644,-2.196033545,-1.648792723,3.705156372,0.034246174
1609060374.824628115,-2.197535575,-1.658001791,3.708545065,-2.222148694,-1.662712311,3.706574629,0.025137169
1609060374.877428055,-2.231647714,-1.675573373,3.709446832,-2.248622865,-1.676677161,3.708262757,0.017052159
1609060374.925567150,-2.262869925,-1.692500393,3.711090567,-2.274520340,-1.689974631,3.709869223,0.011983460
1609060374.975277185,-2.298321799,-1.709519882,3.714312540,-2.328953165,-1.719049486,3.712064275,0.032158181
1609060375.024696112,-2.331668967,-1.727664195,3.715105050,-2.355256542,-1.733483718,3.712563843,0.024427408
1609060375.075798035,-2.362803591,-1.745590044,3.714294091,-2.380948414,-1.747895274,3.713015132,0.018335332
1609060375.126281977,-2.392910791,-1.763821078,3.714188701,-2.406225117,-1.761805666,3.712766709,0.013540872
1609060375.176793098,-2.423076841,-1.780134298,3.714452649,-2.430835217,-1.775682049,3.712397488,0.009178159
1609060375.225218058,-2.452328976,-1.796631057,3.714324681,-2.482020377,-1.803589936,3.712223930,0.030568258
1609060375.275624990,-2.485756219,-1.814260174,3.713814492,-2.508467546,-1.817974345,3.711809752,0.023100182
1609060375.323940992,-2.516890503,-1.830796342,3.713451548,-2.535161045,-1.832814682,3.711240269,0.018514215
1609060375.377138138,-2.552437666,-1.849476593,3.714360979,-2.562666614,-1.848045568,3.710737090,0.010945857
1609060375.425173998,-2.583346825,-1.866169802,3.714147254,-2.589021184,-1.862751002,3.710833725,0.007407160
1609060375.476772070,-2.617586647,-1.881705499,3.717388679,-2.644489253,-1.893887234,3.710146747,0.030407080
1609060375.524785042,-2.648116531,-1.898076126,3.717997140,-2.668875146,-1.907398328,3.710139740,0.024074099
1609060375.575093031,-2.679942210,-1.914978936,3.717761866,-2.695181908,-1.921734615,3.709786963,0.018479357
1609060375.626551151,-2.712338012,-1.932569285,3.717870375,-2.721371946,-1.936574402,3.709420999,0.013001726
1609060375.677131176,-2.746312672,-1.951979134,3.718993981,-2.748409146,-1.951941765,3.708925636,0.010284366
1609060375.728677988,-2.779117295,-1.969527230,3.718977480,-2.799819626,-1.979743185,3.707335200,0.025855269
1609060375.773073196,-2.805831132,-1.984781099,3.716207845,-2.826089864,-1.994085182,3.706154032,0.024455293
1609060375.823648214,-2.836552168,-2.002000018,3.715248388,-2.850103619,-2.006685726,3.705280717,0.017462880
1609060375.876316071,-2.867317527,-2.021101161,3.711472683,-2.877909843,-2.022328085,3.704206825,0.012903302
1609060375.925800085,-2.896410679,-2.038409803,3.709487249,-2.904726782,-2.037382587,3.702733379,0.010762318
1609060375.977324009,-2.926943668,-2.055651931,3.707009094,-2.955760727,-2.064794138,3.699322032,0.031194451
1609060376.024099112,-2.954021665,-2.071118921,3.704486843,-2.980660314,-2.077920130,3.697273739,0.028423633
1609060376.076449156,-2.983831589,-2.088660462,3.701335748,-3.006103080,-2.091799089,3.694722973,0.023443529
1609060376.129225016,-3.013319688,-2.105362774,3.698832536,-3.030186680,-2.105079179,3.691977757,0.018208894
1609060376.176424026,-3.040352287,-2.119513988,3.697525144,-3.054685928,-2.118329044,3.688399529,0.017033326
1609060376.224507093,-3.067492522,-2.134889895,3.693192512,-3.103212274,-2.145148339,3.680569513,0.039248904
1609060376.275020123,-3.098856803,-2.149743331,3.691916593,-3.127546632,-2.158452461,3.676513946,0.033707519
1609060376.324153185,-3.125530749,-2.164830391,3.686699420,-3.149416054,-2.170676780,3.671895928,0.028702465
1609060376.376890182,-3.155186370,-2.181342627,3.680385813,-3.172692456,-2.183860340,3.666715960,0.022353228
1609060376.425126076,-3.181098346,-2.195264889,3.674891227,-3.193773460,-2.195910726,3.662583117,0.017679513
1609060376.479104042,-3.209790205,-2.212088272,3.668013272,-3.216467049,-2.208941268,3.657648730,0.012724291
1609060376.524039984,-3.232864271,-2.224595337,3.662748916,-3.258545551,-2.232089381,3.648034271,0.030532108
1609060376.576709032,-3.259881207,-2.240153940,3.657784344,-3.278799675,-2.244184290,3.642903744,0.024404598
1609060376.624075174,-3.282547604,-2.253976765,3.652485701,-3.298004064,-2.255987085,3.638533976,0.020918752
1609060376.677000999,-3.306995650,-2.267916454,3.649527532,-3.316517064,-2.267522119,3.633843567,0.018352101
1609060376.726062059,-3.328303882,-2.281315449,3.645127115,-3.352388587,-2.288325418,3.626146245,0.031456098
1609060376.776576996,-3.351875585,-2.294516842,3.640960776,-3.370317540,-2.299898488,3.621333897,0.027464198
1609060376.825327158,-3.371847056,-2.307495931,3.636503112,-3.386066999,-2.310452681,3.617051302,0.024275956
1609060376.875717163,-3.392344966,-2.320685903,3.630421071,-3.401729827,-2.320645697,3.612256467,0.020445784
1609060376.923955202,-3.410527405,-2.332374111,3.624321641,-3.417441578,-2.330508790,3.606843174,0.018888674
1609060376.978782177,-3.431211841,-2.344543266,3.616509381,-3.432538953,-2.340990975,3.600895367,0.016067900
1609060377.024703026,-3.446755823,-2.355085760,3.610066452,-3.458459683,-2.358509477,3.589866174,0.023595622
1609060377.076284170,-3.462811376,-2.364986315,3.603851462,-3.472314873,-2.368717367,3.583267167,0.022977172
1609060377.125343084,-3.477105641,-2.375233527,3.597285726,-3.484576842,-2.378104360,3.576954321,0.021850092
1609060377.175764084,-3.490921763,-2.385537654,3.589081352,-3.495520744,-2.386644702,3.570616448,0.019061187
1609060377.224970102,-3.502903573,-2.395235010,3.581553506,-3.506474491,-2.395227126,3.564232376,0.017685391
1609060377.276504040,-3.513962456,-2.405127104,3.570049285,-3.526659296,-2.411309117,3.550972061,0.023735363
1609060377.323620081,-3.523878865,-2.413971250,3.562823753,-3.535962196,-2.419298588,3.543831965,0.023131698
1609060377.372981071,-3.534147789,-2.422989156,3.555900087,-3.544358330,-2.426236397,3.536641204,0.022038700
1609060377.424736977,-3.542753090,-2.431884533,3.547214560,-3.552618105,-2.433840036,3.529068177,0.020746896
1609060377.477060080,-3.553225756,-2.440843153,3.536949931,-3.561006192,-2.441770593,3.520841907,0.017912671
1609060377.525356054,-3.561421219,-2.449919232,3.527216752,-3.575741190,-2.456745999,3.503795010,0.028288590
1609060377.573468208,-3.568987429,-2.459789261,3.518551364,-3.583006782,-2.464307190,3.494719475,0.028016296
1609060377.624278069,-3.576005587,-2.469461634,3.507949983,-3.589691702,-2.472017367,3.485496389,0.026419791
1609060377.676570177,-3.583104469,-2.479169019,3.495143818,-3.595347052,-2.479632415,3.475841473,0.022862110
1609060377.724879026,-3.588539768,-2.488913671,3.484793654,-3.601147778,-2.487659132,3.466743263,0.022053399
1609060377.775535107,-3.594659815,-2.498666447,3.475147583,-3.612022971,-2.503880428,3.448951098,0.031857819
1609060377.825145006,-3.599642161,-2.508297589,3.465203125,-3.616436032,-2.511374594,3.440199978,0.030276384
1609060377.875771999,-3.607087938,-2.522681596,3.453314902,-3.621723694,-2.520843700,3.431377603,0.026435362
1609060377.924765110,-3.611503108,-2.534613573,3.442956118,-3.625965874,-2.529677064,3.423360289,0.024850297
1609060377.975740194,-3.617917120,-2.545786457,3.434188849,-3.629583207,-2.539261014,3.414810762,0.023541223
1609060378.024561167,-3.622274141,-2.559092577,3.423905999,-3.635860906,-2.560492228,3.399032013,0.028377357
1609060378.075357199,-3.626433522,-2.572427589,3.410323491,-3.638464313,-2.572334033,3.390821827,0.022914266
1609060378.124582052,-3.629662051,-2.587604967,3.398912133,-3.640176363,-2.583481522,3.382709075,0.019750763
1609060378.174213171,-3.632941777,-2.602327938,3.385935687,-3.642342880,-2.596753939,3.373047560,0.016898343
1609060378.226052046,-3.635380135,-2.619504558,3.372951355,-3.644498447,-2.609967504,3.363759306,0.016080820
1609060378.276415110,-3.637913203,-2.636440240,3.360338006,-3.645400001,-2.639069770,3.345635012,0.016707621
1609060378.324060202,-3.638329761,-2.655098750,3.348936115,-3.645720149,-2.654334232,3.336803951,0.014226445
1609060378.373277187,-3.638824666,-2.674616777,3.339087695,-3.645522240,-2.671898504,3.327975135,0.013256527
1609060378.423891068,-3.637923797,-2.695384579,3.328914792,-3.644404456,-2.687688442,3.320635545,0.013029789
1609060378.477568150,-3.637005529,-2.716412827,3.322608803,-3.642555575,-2.706188321,3.312997820,0.015090212
1609060378.526171207,-3.634142507,-2.739205622,3.314366505,-3.638592069,-2.746037331,3.298765928,0.017602525
1609060378.574408054,-3.630415765,-2.760192364,3.304477847,-3.635136457,-2.766203155,3.292665219,0.014069567
1609060378.623176098,-3.626051878,-2.784135482,3.297038258,-3.631790212,-2.787288031,3.286938559,0.012036235
1609060378.676959991,-3.621836278,-2.808910770,3.290118990,-3.628051809,-2.809903296,3.281245434,0.010879243
1609060378.726022005,-3.616172674,-2.833601859,3.284318662,-3.623568807,-2.832183282,3.276283789,0.011012462
1609060378.776993036,-3.610127923,-2.861232709,3.280634099,-3.612134117,-2.879055276,3.270310031,0.020694325
1609060378.824391127,-3.602675451,-2.887651325,3.279736930,-3.606332511,-2.903467852,3.270953813,0.018457512
1609060378.877188206,-3.594234153,-2.916490112,3.282147176,-3.599050066,-2.928265005,3.274280360,0.014957537
1609060378.925369024,-3.585745242,-2.944037143,3.288063567,-3.591554965,-2.953193378,3.279915293,0.013564066
1609060378.976911068,-3.574509246,-2.977915827,3.294896939,-3.584765791,-2.980489258,3.286378578,0.013578724
1609060379.027352095,-3.564145493,-3.009175767,3.304827256,-3.568360535,-3.033709838,3.303497641,0.024929001
1609060379.074259043,-3.553683683,-3.041489860,3.315783717,-3.559230228,-3.061752849,3.313754022,0.021106220
1609060379.123567104,-3.542266009,-3.074126674,3.327855405,-3.550707795,-3.087903100,3.323951413,0.016622118
1609060379.172895193,-3.531226842,-3.107340460,3.340601240,-3.541803219,-3.115573310,3.334738512,0.014629120
1609060379.223832130,-3.518811888,-3.142523423,3.354339602,-3.531975395,-3.142700997,3.345793660,0.015695305
1609060379.278740168,-3.505623936,-3.182081323,3.369492198,-3.512527135,-3.199744317,3.366417698,0.019211665
1609060379.324427128,-3.492937965,-3.214640495,3.380201113,-3.501339204,-3.228234457,3.375471175,0.016665801
1609060379.373706102,-3.479491876,-3.247178478,3.391018547,-3.490688696,-3.256363844,3.383699164,0.016226925
1609060379.424789190,-3.465000791,-3.282949367,3.401687935,-3.480199038,-3.283754894,3.391948661,0.018069008
1609060379.477308035,-3.451408598,-3.315186834,3.410902637,-3.469626181,-3.312719800,3.399875350,0.021437529
1609060379.527546167,-3.436559912,-3.349116838,3.420000011,-3.445473909,-3.368499892,3.414188324,0.022111939
1609060379.574175119,-3.423889512,-3.379699523,3.425792487,-3.433834449,-3.397773421,3.419863877,0.021464295
1609060379.624490023,-3.408547797,-3.412991129,3.433151874,-3.421996474,-3.424865858,3.425197845,0.019625052
1609060379.676283121,-3.395556452,-3.446585682,3.438445723,-3.409041724,-3.453201545,3.431210157,0.016672601
1609060379.725444078,-3.380441222,-3.478352154,3.444156511,-3.395672599,-3.481638167,3.436119408,0.017532477
1609060379.778115034,-3.365268149,-3.509514613,3.450100313,-3.382979504,-3.509900341,3.440361359,0.020216036
1609060379.825517178,-3.349910297,-3.539582330,3.454379846,-3.355377424,-3.564908042,3.447713046,0.026753082
1609060379.876507998,-3.333616755,-3.572459324,3.458201220,-3.340890308,-3.593946441,3.451345161,0.023698235
1609060379.924851179,-3.317071102,-3.603458298,3.461742050,-3.326349393,-3.622011318,3.454544537,0.021956899
1609060379.976315022,-3.302573361,-3.635003150,3.464735644,-3.311436577,-3.649173145,3.457969100,0.018031403
1609060380.025951147,-3.285602440,-3.666194007,3.468528631,-3.296229397,-3.677216660,3.461186584,0.016980481
1609060380.076279163,-3.269337917,-3.703401024,3.473596409,-3.263981169,-3.732791610,3.467145278,0.030563350
1609060380.126965046,-3.250294691,-3.737126071,3.477729539,-3.247626910,-3.759228811,3.469813466,0.023628634
1609060380.175324202,-3.231818247,-3.769163213,3.480416584,-3.230427052,-3.787593504,3.472912172,0.019948114
1609060380.224295139,-3.212172074,-3.801861340,3.483962270,-3.212793666,-3.813505725,3.475750415,0.014262280
1609060380.282178164,-3.190440906,-3.840713116,3.486220377,-3.177083283,-3.868931274,3.480877934,0.031673842
1609060380.327114105,-3.170522333,-3.871037246,3.488566725,-3.158766849,-3.893596025,3.483020459,0.026035571
1609060380.418756008,-3.127895742,-3.930971010,3.492318942,-3.118877583,-3.948070041,3.487788216,0.019855264
1609060380.497653008,-3.092504897,-3.982519542,3.495354733,-3.077827159,-4.001126249,3.492175005,0.023911425
1609060380.579474211,-3.051388247,-4.032913229,3.501095254,-3.033666037,-4.055302445,3.496600571,0.028905983
1609060380.613731146,-3.033461979,-4.054473350,3.503063054,-3.012459704,-4.080141876,3.497979175,0.033553161
1609060380.665153980,-3.005900966,-4.086997546,3.506661916,-2.989451526,-4.106792482,3.500006431,0.026584188
1609060380.732620001,-2.967528164,-4.129190723,3.510843495,-2.943221282,-4.158447404,3.504301888,0.038594955
1609060380.775574207,-2.942955966,-4.154491514,3.513934698,-2.918925174,-4.184842992,3.506794514,0.039365891
1609060380.818601131,-2.917532241,-4.180598318,3.517180654,-2.895610243,-4.209410306,3.509168692,0.037079593
1609060380.869970083,-2.888960037,-4.209521276,3.519916229,-2.869744284,-4.235720658,3.511628346,0.033531206
1609060380.919371128,-2.858299282,-4.238769522,3.523485712,-2.843757789,-4.261059535,3.514565625,0.028068981
1609060380.983446121,-2.817921997,-4.276800499,3.525762057,-2.792390890,-4.311074121,3.520282423,0.043087643
1609060381.026141167,-2.790479559,-4.301434066,3.528572439,-2.763708190,-4.338202091,3.524039633,0.045707112
1609060381.072177172,-2.761064247,-4.327862771,3.530823969,-2.739038107,-4.361036134,3.527310100,0.039974619
1609060381.118996143,-2.729966164,-4.354209992,3.534390868,-2.712726349,-4.385275458,3.530657534,0.035724112
1609060381.169764996,-2.695774854,-4.385343653,3.536435927,-2.684748270,-4.410169573,3.533811099,0.027291053
1609060381.224285126,-2.656900218,-4.416579440,3.540448177,-2.657599471,-4.433790021,3.537173777,0.017533247
1609060381.276952028,-2.620735154,-4.448191492,3.543726355,-2.629382162,-4.458193694,3.541575801,0.013395510
1609060381.325170040,-2.585171172,-4.475639068,3.546412537,-2.571749853,-4.505301022,3.549664122,0.032719048
1609060381.373531103,-2.552997225,-4.501038878,3.550986111,-2.542969473,-4.527967815,3.553401424,0.028836733
1609060381.423969030,-2.516966058,-4.528350675,3.555313145,-2.515737271,-4.550046094,3.557554501,0.021845476
1609060381.474560022,-2.482907856,-4.554856309,3.562365640,-2.485870048,-4.572658524,3.561217156,0.018083485
1609060381.525918007,-2.445255650,-4.582609065,3.567207981,-2.456656413,-4.594424898,3.565090522,0.016555209
1609060381.576167107,-2.409069275,-4.611043903,3.573963071,-2.397126210,-4.639917976,3.573348638,0.031252622
1609060381.623407125,-2.374365287,-4.636171550,3.577914752,-2.369739059,-4.659006717,3.576110427,0.023368835
1609060381.675836086,-2.340394625,-4.661421251,3.581404921,-2.338990918,-4.680719163,3.579742630,0.019420170
1609060381.724457979,-2.305905219,-4.685956091,3.585014907,-2.311621641,-4.699898773,3.582150207,0.015338917
1609060381.777621031,-2.270657475,-4.711417621,3.590495958,-2.281600236,-4.720668621,3.585277094,0.015249969
1609060381.825805187,-2.236534882,-4.734577125,3.594146543,-2.224228243,-4.758817721,3.590440605,0.027437088
1609060381.875913143,-2.204469131,-4.755709082,3.596185249,-2.194593620,-4.778610047,3.592860218,0.025160201
1609060381.926110029,-2.169217081,-4.778611304,3.599108692,-2.164925351,-4.796517304,3.595186120,0.018826320
1609060381.974575043,-2.135527000,-4.799285550,3.602459034,-2.135529153,-4.814622067,3.597363290,0.016160921
1609060382.023908138,-2.100837869,-4.820412774,3.605012864,-2.106703127,-4.832500303,3.598818839,0.014794444
1609060382.077841043,-2.063980934,-4.841858195,3.609424797,-2.076244035,-4.850059419,3.600061920,0.017473042
1609060382.126087189,-2.029406033,-4.861266277,3.610655451,-2.017364729,-4.883191294,3.601616482,0.026597036
1609060382.172864199,-2.000988670,-4.876776995,3.611677290,-1.987544429,-4.900079459,3.601291222,0.028837873
1609060382.224690199,-1.965050361,-4.896173879,3.612496177,-1.956068547,-4.915043538,3.601451123,0.023637476
1609060382.276548147,-1.924346864,-4.918689900,3.611745523,-1.926799166,-4.929882036,3.601992239,0.015046736
1609060382.326167107,-1.888359272,-4.936698607,3.612092869,-1.897272794,-4.944477442,3.601574727,0.015830113
1609060382.376545191,-1.850928802,-4.953343919,3.609198913,-1.866812881,-4.958932058,3.601731780,0.018419808
1609060382.423995018,-1.815476981,-4.968903741,3.608723515,-1.806799975,-4.983947707,3.601621597,0.018762958
1609060382.475164175,-1.781844829,-4.983138573,3.605933143,-1.777145457,-4.996343516,3.600342217,0.015090164
1609060382.524759054,-1.745532834,-4.996735881,3.604080965,-1.747638869,-5.007359531,3.599902901,0.011608338
1609060382.573063135,-1.712978254,-5.007849852,3.602811384,-1.717312518,-5.017600173,3.599550762,0.011157341
1609060382.623972178,-1.674514392,-5.020373804,3.601027912,-1.687691648,-5.027547018,3.598314213,0.015246614
1609060382.680236101,-1.634971735,-5.031814163,3.597886841,-1.626876389,-5.045476120,3.596852331,0.015913954
1609060382.726361990,-1.600542145,-5.040947462,3.597123002,-1.596278161,-5.053008703,3.596804589,0.012796737
1609060382.773458004,-1.566496980,-5.048659851,3.598635641,-1.566627308,-5.060709682,3.596698090,0.012205306
1609060382.823677063,-1.528996281,-5.056622222,3.598440273,-1.536866506,-5.067721532,3.596379724,0.013761576
1609060382.877391100,-1.491915177,-5.063117352,3.598529391,-1.506930902,-5.071915734,3.596124881,0.017568870
1609060382.927017212,-1.454206320,-5.068874337,3.599380105,-1.443683911,-5.081787712,3.597529722,0.016760079
1609060382.974920034,-1.422120726,-5.072445016,3.601978657,-1.443684163,-5.081784511,3.597535476,0.023915473
1609060383.024443150,-1.384486371,-5.076653477,3.603531368,-1.376126810,-5.087463838,3.598708603,0.014491557
1609060383.076413155,-1.347424717,-5.079752980,3.607389745,-1.344022801,-5.090456853,3.600129215,0.013373901
1609060383.125964165,-1.309155713,-5.082106997,3.609432315,-1.311826945,-5.093018510,3.600949906,0.014076500
1609060383.175229073,-1.274604996,-5.082837777,3.610282200,-1.249139142,-5.094437498,3.603369662,0.028824407
1609060383.222527981,-1.237429905,-5.083272871,3.611835211,-1.217402464,-5.092801689,3.604199361,0.023456405
1609060383.276117086,-1.197428828,-5.080999785,3.614521134,-1.183891841,-5.092141288,3.605719004,0.019617864
1609060383.323568106,-1.159508738,-5.079332776,3.617254645,-1.150619529,-5.090775835,3.607602327,0.017410597
1609060383.377740145,-1.111202238,-5.074192186,3.620999079,-1.115081411,-5.086617119,3.609911233,0.017098751
1609060383.424261093,-1.070982637,-5.070512518,3.624271440,-1.045434165,-5.079785467,3.614086761,0.029024811
1609060383.476530075,-1.025166167,-5.064581096,3.625037925,-1.010411449,-5.075321877,3.615904339,0.020408050
1609060383.524501085,-0.981929349,-5.058823909,3.627866282,-0.974428694,-5.068929856,3.618159820,0.015893565
1609060383.580219984,-0.935225902,-5.050820421,3.630196575,-0.936789178,-5.062412913,3.619499087,0.015851370
1609060383.625110149,-0.893977179,-5.043465242,3.631152442,-0.901807043,-5.056384201,3.621291112,0.018040291
1609060383.677712202,-0.848796220,-5.032109085,3.630316173,-0.825106100,-5.039962241,3.620932975,0.026663426
1609060383.726248026,-0.803773749,-5.022791066,3.630230457,-0.789548506,-5.032055384,3.621140575,0.019256456
1609060383.775644064,-0.760298394,-5.013310900,3.628956221,-0.752495275,-5.023039522,3.620643003,0.014988140
1609060383.826225996,-0.712624500,-5.001961331,3.629018890,-0.717050131,-5.014585277,3.621125962,0.015532178
1609060383.877563000,-0.666901657,-4.988672270,3.628524394,-0.642546503,-4.993610409,3.621801559,0.025744033
1609060383.925773144,-0.621165959,-4.976542954,3.627956832,-0.604845983,-4.982675121,3.621539949,0.018577445
1609060383.977313995,-0.575552049,-4.963723477,3.625964615,-0.565821007,-4.971280485,3.621468142,0.013115633
1609060384.025890112,-0.529365410,-4.950657822,3.626563457,-0.529310211,-4.960029918,3.622914636,0.010057491
1609060384.082066059,-0.479782665,-4.935177166,3.628056945,-0.487529747,-4.945878753,3.624015426,0.013815756
1609060384.127351046,-0.436145848,-4.921746332,3.629670086,-0.409261543,-4.920282804,3.627604520,0.027003228
1609060384.179015160,-0.391275118,-4.906001673,3.633755723,-0.368093867,-4.905713296,3.629676981,0.023539110
1609060384.225046158,-0.347403654,-4.891585889,3.636107349,-0.327854838,-4.891660730,3.632071767,0.019961155
1609060384.277572155,-0.300091849,-4.874898246,3.639524594,-0.288070222,-4.877472304,3.634003163,0.013477073
1609060384.326673985,-0.252648306,-4.858754068,3.642112026,-0.247175737,-4.862935998,3.635802841,0.009340416
1609060384.378116131,-0.207258501,-4.840199620,3.645623095,-0.206330605,-4.846690410,3.637551218,0.010399353
1609060384.426213980,-0.162273436,-4.823552825,3.648527312,-0.126514290,-4.814888516,3.641927355,0.037381094
1609060384.477639198,-0.108135367,-4.802716323,3.651632919,-0.086727994,-4.798607805,3.643666446,0.023208193
1609060384.526020050,-0.059961931,-4.784137755,3.654194521,-0.047144213,-4.782339957,3.645308009,0.015700194
1609060384.577697992,-0.010707723,-4.761052237,3.656055888,-0.006248386,-4.764230152,3.646935822,0.010637690
1609060384.627104044,0.038078120,-4.740848523,3.657948515,0.031113179,-4.747740738,3.648676720,0.013489967
1609060384.679548025,0.084770913,-4.717751451,3.658758398,0.111394155,-4.712075411,3.651084487,0.028282563
1609060384.725043058,0.129188064,-4.697898366,3.660201490,0.151738760,-4.693003602,3.652031775,0.024479314
1609060384.780750990,0.180367824,-4.670793403,3.661366494,0.190024738,-4.674755365,3.653583972,0.013020014
1609060384.825978994,0.224207950,-4.649218127,3.662681843,0.227295921,-4.656899314,3.654295460,0.011784210
1609060384.879726171,0.271317623,-4.623830226,3.663569309,0.264216777,-4.638107881,3.656008833,0.017647499
1609060384.927287102,0.315138283,-4.601474755,3.665654526,0.341314471,-4.598897150,3.661040918,0.026704349
1609060384.978001118,0.360839326,-4.576837645,3.667599137,0.379321240,-4.578131162,3.662872408,0.019120573
1609060385.025215149,0.403560771,-4.553557456,3.669945151,0.414480397,-4.559261101,3.664975289,0.013284176
1609060385.078049183,0.448145965,-4.528500387,3.674306278,0.452318446,-4.537450547,3.666925012,0.012328749
1609060385.128671169,0.492558613,-4.502504907,3.676968288,0.486790870,-4.517020633,3.668790854,0.017630757
1609060385.178465128,0.534095221,-4.477667417,3.678538607,0.560219358,-4.473693369,3.671306412,0.027396501
1609060385.225788116,0.575511453,-4.453828055,3.678715191,0.595879482,-4.452849431,3.670229429,0.022086703
1609060385.277276993,0.613480505,-4.426231486,3.676635824,0.632087112,-4.429403463,3.669671947,0.020118719
1609060385.324550152,0.653151414,-4.401498507,3.675573759,0.666601723,-4.407614877,3.668171096,0.016526349
1609060385.378527164,0.693113381,-4.371949130,3.675918642,0.701512871,-4.385117380,3.667009320,0.017981386
1609060385.428066015,0.733043013,-4.345676759,3.675135840,0.735816357,-4.362172577,3.665637371,0.019236017
1609060385.478852987,0.769938777,-4.320556302,3.671428481,0.806388871,-4.313926343,3.663785917,0.037828224
1609060385.527404070,0.808339667,-4.294753651,3.670391202,0.841749469,-4.289042630,3.662118136,0.034889457
1609060385.578270197,0.853414523,-4.264150583,3.668873828,0.873842456,-4.266309107,3.660703231,0.022106975
1609060385.624525070,0.891069983,-4.238693146,3.667081299,0.907968453,-4.241627806,3.659139687,0.018900785
1609060385.679279089,0.932998312,-4.207395169,3.663943619,0.938842373,-4.218929519,3.657346417,0.014516106
1609060385.728085995,0.972892629,-4.179308833,3.661933935,1.000423313,-4.172642346,3.653697080,0.029499599
1609060385.780771017,1.012261630,-4.148677427,3.658157443,1.033561134,-4.147848299,3.651231718,0.022412541
1609060385.825530052,1.048238248,-4.122339331,3.655885435,1.065329401,-4.123028548,3.649536773,0.018245220
1609060385.878072977,1.087036562,-4.091666099,3.652842762,1.096268176,-4.097349713,3.647909624,0.011910584
1609060385.927165031,1.125905356,-4.062417980,3.650882795,1.128496204,-4.072365182,3.645658743,0.011530396
1609060385.979855061,1.164135308,-4.031553732,3.649554493,1.159984493,-4.047253696,3.643758888,0.017242598
1609060386.026208162,1.200677029,-4.003015144,3.647967555,1.223580025,-3.995188369,3.640350835,0.025373609
1609060386.077979088,1.237217179,-3.970974737,3.646095766,1.255036599,-3.969007400,3.638575366,0.019441157
1609060386.127557993,1.274574226,-3.940800539,3.644761781,1.283067330,-3.945007179,3.636797599,0.012379694
1609060386.179339170,1.310504036,-3.909031672,3.643147831,1.314809186,-3.917867196,3.634654434,0.012989942
1609060386.225568056,1.346094131,-3.879959026,3.641140921,1.347109013,-3.890868784,3.632148324,0.014174611
1609060386.277292013,1.379082817,-3.848206378,3.636169934,1.378408843,-3.863102740,3.629773900,0.016225447
1609060386.327005148,1.415616289,-3.816541675,3.633403180,1.439526831,-3.806389863,3.625316033,0.027206162
1609060386.378152132,1.449910682,-3.784664049,3.630240727,1.469798219,-3.778320631,3.623015060,0.022089892
1609060386.426437140,1.484624852,-3.753760810,3.627919684,1.499270653,-3.750463033,3.620762662,0.016631229
1609060386.479035139,1.517620274,-3.720788682,3.626300447,1.528727945,-3.722053707,3.618667704,0.013536596
1609060386.526904106,1.551404914,-3.689277538,3.624463548,1.558837027,-3.693008254,3.616754708,0.011339346
1609060386.578626156,1.581707692,-3.655742744,3.620862986,1.587611721,-3.663722467,3.615411451,0.011324874
1609060386.626856089,1.615176736,-3.623193201,3.619507908,1.644431950,-3.605338944,3.611989082,0.035088101
1609060386.678795099,1.653722990,-3.584206356,3.619117881,1.674413833,-3.574101532,3.610076531,0.024737915
1609060386.726828098,1.688178788,-3.550095402,3.618189797,1.703207324,-3.543777721,3.609370291,0.018535201
1609060386.777306080,1.722303314,-3.513427330,3.617901487,1.733399784,-3.511794066,3.607829309,0.015074746
1609060386.826637030,1.758050656,-3.477326737,3.616762223,1.762411781,-3.480483801,3.607187248,0.010984836
1609060386.879197121,1.792641036,-3.436901380,3.614085184,1.818887119,-3.417871745,3.605083517,0.033645414
1609060386.927596092,1.826937756,-3.400326398,3.612373828,1.848399636,-3.383942546,3.603368485,0.028462943
1609060386.977253199,1.859976546,-3.362298515,3.609835498,1.876550421,-3.350258176,3.602333483,0.021816125
1609060387.024797201,1.894177787,-3.323743456,3.608298728,1.905357162,-3.315529513,3.601534615,0.015433746
1609060387.077081203,1.924384360,-3.282831435,3.606321007,1.932391820,-3.282234559,3.600974432,0.009646841
1609060387.128638983,1.959301609,-3.240372858,3.605222182,1.960289894,-3.248117435,3.600472542,0.009138613
1609060387.178961039,1.989892368,-3.199094703,3.604205727,1.987603849,-3.212588256,3.599285002,0.014543962
1609060387.228384018,2.022457069,-3.157403239,3.602276896,2.043142011,-3.139247342,3.596958027,0.028032014
1609060387.279007196,2.052344190,-3.114209065,3.599589724,2.069903856,-3.102405538,3.595630281,0.021525388
1609060387.325957060,2.082491741,-3.073743021,3.597544516,2.094675767,-3.066673452,3.593902940,0.014549584
1609060387.378004074,2.110004300,-3.030893757,3.596164915,2.121636529,-3.028572812,3.592234829,0.012495644
1609060387.428513050,2.141452304,-2.985572385,3.594146110,2.147050238,-2.990191831,3.590462647,0.008139045
1609060387.478980064,2.166578667,-2.943096624,3.594068105,2.172680022,-2.949591707,3.589237782,0.010136303
1609060387.526018143,2.192270852,-2.901474158,3.593357078,2.216627874,-2.871601663,3.587369339,0.039006198
1609060387.578428984,2.217814334,-2.854246335,3.591789568,2.239332053,-2.830664958,3.586630990,0.032337355
1609060387.626721144,2.243064446,-2.810325623,3.590211127,2.260217339,-2.790335411,3.585427508,0.026771503
1609060387.678171158,2.263420094,-2.766045318,3.586139886,2.279956365,-2.750059407,3.584187240,0.023082688
1609060387.728655100,2.287111818,-2.719853414,3.583345944,2.299523538,-2.708676191,3.582646263,0.016717377
1609060387.779019117,2.308175895,-2.664024069,3.581531426,2.335235326,-2.625858578,3.578332674,0.046894024
1609060387.827759981,2.329470582,-2.615923625,3.578107512,2.351355947,-2.584567028,3.575550585,0.038324186
1609060387.878028154,2.346675876,-2.562896303,3.573645918,2.366754904,-2.542755674,3.573250981,0.028442368
1609060387.927401066,2.365860636,-2.511371141,3.569581287,2.380939024,-2.499423057,3.570483497,0.019259503
1609060387.978938103,2.378120754,-2.458214734,3.566723086,2.395443900,-2.455051349,3.568147552,0.017667131
1609060388.028403044,2.393264860,-2.407139847,3.564362210,2.407520080,-2.412453426,3.565291712,0.015241699
1609060388.080017090,2.405503015,-2.357203125,3.563423004,2.418562520,-2.369014510,3.562172453,0.017652857
1609060388.127521992,2.417531799,-2.308164853,3.560374720,2.438249639,-2.283334705,3.556590870,0.032558910
1609060388.177268982,2.426119276,-2.258579069,3.557619026,2.447355418,-2.240133094,3.553654297,0.028406809
1609060388.226025105,2.437206495,-2.208128057,3.554734485,2.456339649,-2.196353044,3.551542979,0.022691722
1609060388.279821157,2.445419228,-2.154513278,3.552388983,2.461196393,-2.154512246,3.547389592,0.016550312
1609060388.327994108,2.453496336,-2.106011503,3.550016482,2.468012016,-2.114168388,3.544978544,0.017395993
1609060388.378304005,2.458243824,-2.056848612,3.547250665,2.480309923,-2.023117502,3.539722042,0.041004643
1609060388.427662134,2.465441855,-2.008046150,3.544957376,2.483405882,-1.980877640,3.536727495,0.033594123
1609060388.479194164,2.467023957,-1.957995705,3.543502831,2.487366183,-1.940957230,3.534986254,0.027868402
1609060388.525289059,2.472046779,-1.912658170,3.542880202,2.490149307,-1.898126140,3.533358223,0.025090825
1609060388.588790178,2.473748565,-1.850655166,3.543417351,2.493778899,-1.814857089,3.531487022,0.042720596
1609060388.632841110,2.476622676,-1.807716146,3.543855311,2.495372105,-1.771266485,3.531182640,0.042903561
1609060388.684895992,2.477393872,-1.758413070,3.541023240,2.496257615,-1.729742659,3.530546057,0.035883208
1609060388.727123022,2.479603706,-1.717083303,3.541128038,2.496067849,-1.689466572,3.529351928,0.034240745
1609060388.777594090,2.479027399,-1.670897712,3.540729786,2.496002220,-1.647843327,3.528909470,0.030973683
1609060388.826026201,2.480911805,-1.625717633,3.541203391,2.496319809,-1.608911984,3.529072806,0.025826102
1609060388.879713058,2.479749882,-1.568711695,3.538559162,2.494857608,-1.569134433,3.528334425,0.018247393
1609060388.928493023,2.481280325,-1.521246161,3.538739031,2.493272984,-1.529060946,3.528356355,0.017683175
1609060388.978852034,2.477539843,-1.472924790,3.537439231,2.490272685,-1.446778124,3.528980195,0.030287435
1609060389.026794195,2.477849951,-1.426609305,3.537629793,2.487127478,-1.407571053,3.529079949,0.022839163
1609060389.078282118,2.471102265,-1.379009397,3.537564748,2.483989415,-1.368908137,3.529898068,0.018080157
1609060389.127646208,2.468966092,-1.332906546,3.538284538,2.481967267,-1.332057144,3.530630301,0.015110903
1609060389.177092075,2.465309504,-1.289244973,3.540167941,2.477957750,-1.294272042,3.531111384,0.016348419
1609060389.227483988,2.461840022,-1.242876660,3.542346750,2.469142848,-1.219703367,3.535183685,0.025330658
1609060389.277998209,2.453876263,-1.199377502,3.544757887,2.465066735,-1.182515038,3.536686726,0.021787910
1609060389.327522993,2.449473101,-1.154213419,3.546222603,2.460405461,-1.144387017,3.537510293,0.017087393
1609060389.378243208,2.441185353,-1.109123826,3.547039582,2.453938759,-1.104479062,3.538011276,0.016301334
1609060389.425644159,2.436907509,-1.065717455,3.546690942,2.449458665,-1.068306160,3.538360121,0.015285140
1609060389.480804205,2.427955520,-1.018368250,3.543402942,2.443637368,-1.028556821,3.538592319,0.019309828
1609060389.530208111,2.422678632,-0.973675404,3.543138513,2.430054209,-0.951871000,3.537962868,0.023592763
1609060389.578667164,2.413204901,-0.932787110,3.546266490,2.422929383,-0.913661744,3.538587465,0.022788431
1609060389.625934124,2.407198069,-0.891024122,3.547161514,2.416796052,-0.879063620,3.538976324,0.017383102
1609060389.678423166,2.393969560,-0.847158524,3.549395881,2.408812961,-0.840848080,3.539444196,0.018952158
1609060389.727277040,2.386996874,-0.803153457,3.550225640,2.401143650,-0.806133503,3.539442063,0.018036005
1609060389.779801130,2.373443844,-0.761343961,3.551367840,2.382977274,-0.725363482,3.539394201,0.039100502
1609060389.824541092,2.365650865,-0.721426552,3.552234979,2.374341012,-0.689962896,3.539213918,0.035142970
1609060389.877240181,2.352327350,-0.675909956,3.549924056,2.364396683,-0.651866225,3.538910562,0.029070034
1609060389.926560163,2.343147013,-0.632965839,3.550311960,2.355362312,-0.614141598,3.539074170,0.025096883
1609060389.978195190,2.329685375,-0.581651614,3.548356938,2.345447542,-0.577189881,3.538529059,0.019103408
1609060390.027326107,2.320134971,-0.536253336,3.547611237,2.324646729,-0.503072840,3.538349925,0.034742959
1609060390.076764107,2.304644446,-0.489869804,3.545462384,2.315361014,-0.466552583,3.538028578,0.026717018
1609060390.127235174,2.294003841,-0.441983691,3.542923585,2.304416062,-0.428608568,3.536479968,0.018133628
1609060390.177085161,2.278429332,-0.397754498,3.540317519,2.292974930,-0.391536744,3.534565175,0.016832241
1609060390.226591110,2.266609622,-0.352434013,3.537060306,2.281588373,-0.353040110,3.532662123,0.015622880
1609060390.280389071,2.250742997,-0.305424072,3.532576463,2.270467026,-0.314987946,3.530071114,0.022063132
1609060390.326570988,2.239567106,-0.263068557,3.528993871,2.246741773,-0.242240677,3.524830851,0.022418902
1609060390.378979206,2.224632424,-0.217149027,3.524888825,2.235012807,-0.204070402,3.522247070,0.016905078
1609060390.426268101,2.212825347,-0.174145949,3.520329971,2.223562176,-0.167638001,3.518642353,0.012668107
1609060390.477884054,2.196882131,-0.131851097,3.515879795,2.210603587,-0.130276165,3.513636281,0.013992573
1609060390.528004169,2.183263419,-0.087992857,3.509939496,2.186221161,-0.058122523,3.504026700,0.030593238
1609060390.577238083,2.166461827,-0.048461085,3.504092597,2.174123030,-0.023592317,3.499455133,0.026432096
1609060390.625013113,2.154330780,-0.006502675,3.498185523,2.160438397,0.013042841,3.494420111,0.020820867
1609060390.676635027,2.135662611,0.035847749,3.491634372,2.147209595,0.049302019,3.488845793,0.017947880
1609060390.726636171,2.122276162,0.079301808,3.484927187,2.134311649,0.086783208,3.483565988,0.014236473
1609060390.780335188,2.100714939,0.123571804,3.476345831,2.105397098,0.162159933,3.472537678,0.039057244
1609060390.825442076,2.087927299,0.162612803,3.470661799,2.091274434,0.196874403,3.466490193,0.034676545
1609060390.878334045,2.066764353,0.203147694,3.466842677,2.077631015,0.230117694,3.462026279,0.029473088
1609060390.928623199,2.051091708,0.245265999,3.461272157,2.061179588,0.270057506,3.456876784,0.027123854
1609060390.978664160,2.029075836,0.285440328,3.457535942,2.043378352,0.311812398,3.451938707,0.030518472
1609060391.025667191,2.013445836,0.325000019,3.453388971,2.026826383,0.348986030,3.446960751,0.028207973
1609060391.085714102,1.986093498,0.380790654,3.446731657,1.993473650,0.420492549,3.438767687,0.041159834
1609060391.125485182,1.971567191,0.415291743,3.443532185,1.976906656,0.454493306,3.435100250,0.040452070
1609060391.175955057,1.946182827,0.458436730,3.440063418,1.960028664,0.489411793,3.432679114,0.034723042
1609060391.225903988,1.925994259,0.501736743,3.436789732,1.941535418,0.523617197,3.431048272,0.027445332
1609060391.278138161,1.899531554,0.543716193,3.434141215,1.923026939,0.558312484,3.428376198,0.028254562
1609060391.328149080,1.877517028,0.586138559,3.432171582,1.904285768,0.592502415,3.426784236,0.028037254
1609060391.378519058,1.854287627,0.627342945,3.431125931,1.864604681,0.661542419,3.424593501,0.036314161
1609060391.420211077,1.835563852,0.663244990,3.429948235,1.843532683,0.695955606,3.423253202,0.034326523
1609060391.470527172,1.806970709,0.701117585,3.425847513,1.820488341,0.731209049,3.422716098,0.033136510
1609060391.521433115,1.781498557,0.744573659,3.424211551,1.797678309,0.765705004,3.420852145,0.026825431
1609060391.570142031,1.753787502,0.780176449,3.424502530,1.774204487,0.800049851,3.420301417,0.028800257
1609060391.619429111,1.729525053,0.818787346,3.423793926,1.751948241,0.831761374,3.419588399,0.026245213
1609060391.671687126,1.702235542,0.857799937,3.422736582,1.728466143,0.864278681,3.419208956,0.027248169
1609060391.722023010,1.677097434,0.897379931,3.421787250,1.681110070,0.927864948,3.419648523,0.030822259
1609060391.775783062,1.644437834,0.934876983,3.422968321,1.658519970,0.957679157,3.420453305,0.026917857
1609060391.826857090,1.617852196,0.973850792,3.422669595,1.631132596,0.991103139,3.420339179,0.021896194
1609060391.878179073,1.588346154,1.009230077,3.425313454,1.603833520,1.026856337,3.420535213,0.023945253
1609060391.928951025,1.561059343,1.047392890,3.426129662,1.577221235,1.057574433,3.421210073,0.019724932
1609060391.978355169,1.529349010,1.080869247,3.428735468,1.526878547,1.116799840,3.422285031,0.036588507
1609060392.025657177,1.503121474,1.115565414,3.430034052,1.503857720,1.144788439,3.422282047,0.030242698
1609060392.078227043,1.468541480,1.148249265,3.429521603,1.477818973,1.171911895,3.423488769,0.026122539
1609060392.128297091,1.440160304,1.183387453,3.430551746,1.453289738,1.199303706,3.424701272,0.021446146
1609060392.181913137,1.403404643,1.227302637,3.434280540,1.399331982,1.257368000,3.425969096,0.031457793
1609060392.225656033,1.377641999,1.259772686,3.435475424,1.372859943,1.284113606,3.426476475,0.026388057
1609060392.277301073,1.340917233,1.295347264,3.435656679,1.345674747,1.313052909,3.427497017,0.020067484
1609060392.326452017,1.310095116,1.332420950,3.437560448,1.317443786,1.341979586,3.429047430,0.014759470
1609060392.380200148,1.273002685,1.367345811,3.436468179,1.289769211,1.369908479,3.430732372,0.017904835
1609060392.427337170,1.242235363,1.399910725,3.438115756,1.236294964,1.422877532,3.431777071,0.024554867
1609060392.477635145,1.204976065,1.431346868,3.440390261,1.210851041,1.447682768,3.433124580,0.018819328
1609060392.527090073,1.172179346,1.464868233,3.440972301,1.182831939,1.474831451,3.433677946,0.016308007
1609060392.578356028,1.135194784,1.495272689,3.439732764,1.154180347,1.500444567,3.433669253,0.020590437
1609060392.627631187,1.102011750,1.527056394,3.441068052,1.125893044,1.526895759,3.435276236,0.024574115
1609060392.678007126,1.066261174,1.555127095,3.444642337,1.066970470,1.580042886,3.440517657,0.025264852
1609060392.726713181,1.034351118,1.584723335,3.448870252,1.038070221,1.604938546,3.443984052,0.021127267
1609060392.778137207,0.998165528,1.610277748,3.454762301,1.010750078,1.628683335,3.448088964,0.023273805
1609060392.825527191,0.967166711,1.638257908,3.459781814,0.982409866,1.653651083,3.452123488,0.022977240
1609060392.879384995,0.926043326,1.666412148,3.464328605,0.952964794,1.677779411,3.456366077,0.030288314
1609060392.928017139,0.894156761,1.693554315,3.469060543,0.899804983,1.720468544,3.463616576,0.028034175
1609060392.978950024,0.859137444,1.717416753,3.472389446,0.872637225,1.742579308,3.467126421,0.029036144
1609060393.025929213,0.828591033,1.742451912,3.476236580,0.845759111,1.762417962,3.470267480,0.027000300
1609060393.078571081,0.792382964,1.766903350,3.480378628,0.817762558,1.782062581,3.474762651,0.030090950
1609060393.127781153,0.761354163,1.791274200,3.484119577,0.789539904,1.804096870,3.478492772,0.031472492
1609060393.179360151,0.726398711,1.813231590,3.487672149,0.729634396,1.846752353,3.484827323,0.033796513
1609060393.225460052,0.697902868,1.835140108,3.490985067,0.702777694,1.864311494,3.488327333,0.029695070
1609060393.278164148,0.661454140,1.863399840,3.494086056,0.675633345,1.884195868,3.491818130,0.025271885
1609060393.326492071,0.632123669,1.886494592,3.497122372,0.648428717,1.902407483,3.494790404,0.022902244
1609060393.378987074,0.596489586,1.907932182,3.501765958,0.619258318,1.919989385,3.497945025,0.026045937
1609060393.427626133,0.566916793,1.930442561,3.505023247,0.565936893,1.953996858,3.504173898,0.023589966
1609060393.477944136,0.533164285,1.947559463,3.507460008,0.565937008,1.953994725,3.504169086,0.033560306
1609060393.526420116,0.503986390,1.966690906,3.511048357,0.511919333,1.984538670,3.510480509,0.019539618
1609060393.577835083,0.469551422,1.983921551,3.515699363,0.484190165,1.999827060,3.514271811,0.021663700
1609060393.627587080,0.438467601,2.003086873,3.519550297,0.460133986,2.014345953,3.517524180,0.024501108
1609060393.681843996,0.403068659,2.021793979,3.524248829,0.405087363,2.043094685,3.523175687,0.021423045
1609060393.726659060,0.375344753,2.037476241,3.527929294,0.380006459,2.054977614,3.525981473,0.018216025
1609060393.777696133,0.342546611,2.051110829,3.532143532,0.354244793,2.068484083,3.529149126,0.021157596
1609060393.825637102,0.313510711,2.067500385,3.535660460,0.328303651,2.081269581,3.532666179,0.020430064
1609060393.880216122,0.282232483,2.081249901,3.539454866,0.301356322,2.093710393,3.534883380,0.023278393
1609060393.929346085,0.253228245,2.095847984,3.542857590,0.273918946,2.105199625,3.537647527,0.023295988
1609060393.978819132,0.220241673,2.107536697,3.545490018,0.220665065,2.129383795,3.542593270,0.022042370
1609060394.025839090,0.192347581,2.120573119,3.548411118,0.193215754,2.139655732,3.545007581,0.019403193
1609060394.078690052,0.159649811,2.131030490,3.550202550,0.166283736,2.150408342,3.546410822,0.020829962
1609060394.127166986,0.130765666,2.143858967,3.552672176,0.139656415,2.161683942,3.548576892,0.020335844
1609060394.178130150,0.099160913,2.152916387,3.553867756,0.113566380,2.171057518,3.550850880,0.023360644
1609060394.227622032,0.070234105,2.164648945,3.556306936,0.058388046,2.190898020,3.554230615,0.028873070
1609060394.277701139,0.039012638,2.174397335,3.561269317,0.033303878,2.200531756,3.556613655,0.027152774
1609060394.327140093,0.009635952,2.185689501,3.564455386,0.005952082,2.210326457,3.558890353,0.025524891
1609060394.378655195,-0.029120048,2.199356911,3.567341646,-0.020693242,2.218190860,3.560702251,0.021675107
1609060394.428137064,-0.061159968,2.211534261,3.570180746,-0.049448468,2.227326913,3.562137538,0.021242888
1609060394.480125189,-0.098099729,2.222764086,3.572073145,-0.106217160,2.246517919,3.564710579,0.026159981
1609060394.526715040,-0.129366026,2.234172938,3.574004518,-0.134552503,2.253490591,3.565915706,0.021575452
1609060394.578184128,-0.163457517,2.243517834,3.574865248,-0.164133577,2.261640493,3.567020493,0.019759252
1609060394.625958204,-0.195439000,2.253655158,3.575688093,-0.192773175,2.270488364,3.567828169,0.018768108
1609060394.678415060,-0.233589146,2.261749136,3.574745357,-0.219252106,2.278031382,3.568078363,0.022696058
1609060394.727630138,-0.268256970,2.271331134,3.574657724,-0.250295528,2.284804137,3.567729627,0.023497527
1609060394.778980017,-0.304638223,2.277941286,3.573590441,-0.310616741,2.299864523,3.567183387,0.023609773
1609060394.825003147,-0.337282830,2.286585295,3.572899021,-0.338424966,2.306638486,3.566327817,0.021133284
1609060394.878548145,-0.376223825,2.294918192,3.569934540,-0.370573248,2.312378021,3.564844627,0.019044207
1609060394.926192045,-0.410093981,2.302930446,3.567819514,-0.400573020,2.317893601,3.563245152,0.018315826
1609060394.979655027,-0.446316901,2.308052717,3.564902653,-0.429814236,2.324179840,3.560064512,0.023576041
1609060395.028001070,-0.480802266,2.315958862,3.561718490,-0.494363757,2.335963887,3.554205340,0.025309336
1609060395.079689980,-0.520521235,2.320299324,3.560276399,-0.524853895,2.340122007,3.551015410,0.022304184
1609060395.126984119,-0.555156506,2.327190430,3.557654801,-0.558063264,2.346320630,3.548093155,0.021583300
1609060395.178426981,-0.593985837,2.331325803,3.552967195,-0.593669141,2.351540003,3.545058781,0.021708458
1609060395.228995085,-0.632041824,2.337874530,3.549474558,-0.625903269,2.355068018,3.541689219,0.019847151
1609060395.278118134,-0.668461007,2.341748617,3.545134520,-0.659766009,2.359212682,3.537833668,0.020830243
1609060395.330049992,-0.707790074,2.348119008,3.541762215,-0.726717621,2.368362724,3.531638943,0.029504927
1609060395.379475117,-0.746184321,2.352841577,3.537422020,-0.762629242,2.370736465,3.528655776,0.025836205
1609060395.425306082,-0.781039300,2.358176977,3.534707101,-0.796234335,2.374409475,3.526137854,0.023828871
1609060395.477863073,-0.828574409,2.360823850,3.531370358,-0.830103857,2.378614508,3.522404734,0.019980719
1609060395.528144121,-0.869492011,2.366017168,3.528503067,-0.864174240,2.380104480,3.520917828,0.016860216
1609060395.580636978,-0.914677479,2.367515694,3.524005448,-0.938008368,2.383754128,3.515690498,0.029616811
1609060395.628876209,-0.954768517,2.371442106,3.521456693,-0.972413786,2.386399076,3.513468666,0.024471924
1609060395.679280996,-0.997803149,2.370233247,3.516605122,-1.009772907,2.387209943,3.511824033,0.021315302
1609060395.726664066,-1.036674016,2.371666615,3.513552269,-1.045713195,2.387367174,3.509001218,0.018679571
1609060395.777697086,-1.080230381,2.370213443,3.509754301,-1.083558727,2.387457281,3.506895595,0.017793258
1609060395.827297211,-1.123224922,2.370581114,3.506941161,-1.116987504,2.388005752,3.505089551,0.018599781
1609060395.878175020,-1.167634138,2.367929915,3.504389800,-1.194038769,2.385360893,3.500951638,0.031825532
1609060395.926741123,-1.210263852,2.367152676,3.501614631,-1.231421880,2.384089220,3.499423516,0.027190249
1609060395.978080988,-1.255532047,2.363831585,3.498042967,-1.267818379,2.383294837,3.497005905,0.023040130
1609060396.025374174,-1.297375313,2.362120340,3.495307353,-1.304132709,2.380573230,3.495388339,0.019651415
1609060396.079258204,-1.347305523,2.357236558,3.491498335,-1.343326503,2.377317293,3.494079240,0.020633215
1609060396.127947092,-1.390891616,2.354422906,3.488740704,-1.380025257,2.374061735,3.490300804,0.022498784
1609060396.179615021,-1.437234921,2.347595347,3.486921656,-1.457607850,2.364802360,3.486249674,0.026675626
1609060396.226527214,-1.479085222,2.343635417,3.485472518,-1.497373333,2.359701870,3.484627037,0.024357766
1609060396.277954102,-1.523502281,2.335618536,3.484969249,-1.535574593,2.354651339,3.483154359,0.022611548
1609060396.329421043,-1.568975345,2.329254002,3.483633325,-1.570666890,2.349163394,3.480999755,0.020153931
1609060396.378897190,-1.613432958,2.320775468,3.481526034,-1.609120025,2.341570899,3.479590449,0.021325990
1609060396.428141117,-1.656702066,2.313241852,3.480801447,-1.685299003,2.324661401,3.476439453,0.031100127
1609060396.478668213,-1.700715783,2.300542798,3.480442618,-1.720688178,2.316777396,3.474343017,0.026451160
1609060396.527477026,-1.743340180,2.290598842,3.479811423,-1.762324488,2.305591626,3.473042299,0.025119884
1609060396.578049183,-1.794956394,2.278084316,3.480163564,-1.804750223,2.293479309,3.472155565,0.019926188
1609060396.627701998,-1.840153678,2.266211706,3.480167146,-1.840825096,2.282445315,3.471294628,0.018512224
1609060396.680634022,-1.889249589,2.248328351,3.478878474,-1.878176100,2.270869871,3.470129905,0.026594732
1609060396.727077007,-1.931320275,2.234933242,3.478617400,-1.956144735,2.243156028,3.468466413,0.028051926
1609060396.779548168,-1.979388322,2.216529364,3.475811907,-1.992151123,2.229202380,3.466629350,0.020194399
1609060396.826028109,-2.020528853,2.200721030,3.475193099,-2.028181034,2.214719744,3.465482615,0.018676546
1609060396.878423214,-2.067305789,2.179184684,3.473569787,-2.067998980,2.197125892,3.464259418,0.020224996
1609060396.928431988,-2.112280995,2.159768077,3.472265299,-2.142044792,2.162665288,3.462657496,0.031409988
1609060396.978091002,-2.156863154,2.138338774,3.469668464,-2.176581843,2.145372981,3.461220805,0.022575865
1609060397.067896128,-2.236708475,2.097174938,3.467695720,-2.251937954,2.104837773,3.458476464,0.019381712
1609060397.143000126,-2.303070692,2.056617530,3.465140099,-2.322990791,2.063200891,3.454910853,0.023340704
1609060397.190607071,-2.344175704,2.032238085,3.463700094,-2.360913804,2.039803778,3.453683674,0.020922054
1609060397.238964081,-2.385808039,2.005925172,3.462058958,-2.398070800,2.015432943,3.452146197,0.018412926
1609060397.285953045,-2.425889886,1.978769584,3.460069694,-2.433479178,1.991935735,3.451080042,0.017656691
1609060397.333422184,-2.466589971,1.951603090,3.458542197,-2.469728796,1.967007900,3.450341386,0.017731715
1609060397.386152983,-2.511654897,1.919891464,3.456333343,-2.540664720,1.915514890,3.447574028,0.030617803
1609060397.430253983,-2.548569178,1.893297110,3.454992822,-2.575161775,1.889146332,3.445959789,0.028389977
1609060397.477351189,-2.588340605,1.861801884,3.455162400,-2.610193035,1.861850697,3.444452561,0.024335811
1609060397.527691126,-2.630823140,1.829146446,3.453342760,-2.648270411,1.831797725,3.442754605,0.020580223
1609060397.579995155,-2.674505607,1.793062284,3.449425733,-2.684021634,1.802342110,3.440577348,0.015967588
1609060397.697091103,-2.779822663,1.707366432,3.442663439,-2.786411689,1.715809810,3.437251733,0.011999685
1609060397.745933056,-2.822101528,1.671193567,3.440421813,-2.823099435,1.683672389,3.434811846,0.013718182
1609060397.824478149,-2.890797958,1.608207031,3.436488941,-2.897666722,1.615755322,3.432215943,0.011064137
1609060397.878262997,-2.936127887,1.563335756,3.434907826,-2.938329343,1.577786469,3.431238325,0.015070991
1609060397.926575184,-2.977149145,1.524585956,3.433573773,-2.975094090,1.542112671,3.430336159,0.017941325
1609060397.980239153,-3.022443984,1.480473546,3.432363632,-3.011246735,1.506189430,3.429537880,0.028189890
1609060398.027523994,-3.062266488,1.440511705,3.431940903,-3.082490467,1.435328532,3.430044339,0.020963577
1609060398.078239202,-3.103688394,1.395241497,3.432161032,-3.117509248,1.398973716,3.430479892,0.014414287
1609060398.126496077,-3.143737043,1.353445534,3.432297360,-3.152529242,1.361734850,3.430355646,0.012238700
1609060398.178829193,-3.185156613,1.307497648,3.431721833,-3.184481911,1.327116814,3.430776344,0.019653520
1609060398.226239204,-3.223640630,1.265927091,3.432560667,-3.250387608,1.255171239,3.432125558,0.028831901
1609060398.277672052,-3.266294578,1.219927032,3.434797180,-3.284379509,1.217589850,3.433170750,0.018307714
1609060398.326209068,-3.305089604,1.176476610,3.436391903,-3.317289229,1.180208802,3.433640504,0.013051065
1609060398.377545118,-3.345720992,1.127072243,3.436815787,-3.351859805,1.140228587,3.435178049,0.014610154
1609060398.433663130,-3.389343829,1.075436418,3.439474137,-3.421399412,1.058849202,3.438486412,0.036106394
1609060398.484022141,-3.428501011,1.027960400,3.440786950,-3.452739964,1.021219549,3.440592000,0.025159570
1609060398.527798176,-3.462213749,0.986768312,3.442545872,-3.486030177,0.979960817,3.441821502,0.024780818
1609060398.578746080,-3.500140557,0.938044228,3.445560698,-3.518669857,0.940086813,3.443954820,0.018710584
1609060398.628152132,-3.537512390,0.891188015,3.447567326,-3.551841540,0.898370941,3.445268280,0.016192732
1609060398.678184032,-3.574611039,0.842396905,3.449091450,-3.583204684,0.858222662,3.447383798,0.018089262
1609060398.726467133,-3.610559743,0.796080214,3.451064721,-3.648897426,0.773869633,3.449401363,0.044337958
1609060398.774976015,-3.653945990,0.744706042,3.454072779,-3.680871589,0.731153660,3.451126342,0.030287562
1609060398.825124025,-3.692294261,0.694786647,3.456302204,-3.710646508,0.690172307,3.452752111,0.019253577
1609060398.878898144,-3.734081204,0.636945579,3.458251245,-3.739277238,0.650560493,3.453244031,0.015408987
1609060398.929849148,-3.772748218,0.584038226,3.460532369,-3.801102044,0.563809196,3.455155015,0.035242999
1609060398.978372097,-3.808472835,0.529619138,3.459375683,-3.831316811,0.520888850,3.455336374,0.024786714
1609060399.025608063,-3.842907855,0.479455837,3.459853409,-3.860297576,0.477177876,3.455706452,0.018021897
1609060399.079013109,-3.881495703,0.422088771,3.459747154,-3.890493147,0.431176173,3.455814428,0.013379133
1609060399.128398180,-3.915816338,0.368698888,3.459349426,-3.917501121,0.388658527,3.454891783,0.020520630
1609060399.178855181,-3.949696813,0.314077725,3.458325632,-3.974076838,0.297755135,3.454248049,0.029621602
1609060399.226141214,-3.981308565,0.263524491,3.457805611,-3.999204819,0.256549412,3.453972696,0.019586191
1609060399.278860092,-4.014966660,0.208321044,3.455559888,-4.026326754,0.210945074,3.453258728,0.011884132
1609060399.326719999,-4.043946875,0.157929530,3.455927007,-4.051861689,0.165622164,3.453193101,0.011370803
1609060399.378432035,-4.073187250,0.102548937,3.458748596,-4.079156575,0.117997378,3.452678932,0.017638820
1609060399.471894026,-4.124984243,0.004653388,3.456522759,-4.126477002,0.027909356,3.451951968,0.023747852
1609060399.544891119,-4.161125631,-0.071624356,3.454251082,-4.169692295,-0.059772946,3.450424417,0.015115787
1609060399.593710184,-4.184019620,-0.121949851,3.452974965,-4.190379297,-0.102665531,3.449271291,0.020640923
1609060399.632601023,-4.201694444,-0.161295555,3.452143525,-4.211588543,-0.147740905,3.448103867,0.017260955
1609060399.681473017,-4.223938918,-0.210720623,3.449472539,-4.247713958,-0.232079711,3.446204676,0.032126968
1609060399.727986097,-4.242916626,-0.257502805,3.448513661,-4.265049713,-0.273438252,3.445007450,0.027497374
1609060399.779188156,-4.261763642,-0.309108629,3.443968979,-4.279902759,-0.313162531,3.444988294,0.018614529
1609060399.827403069,-4.278829160,-0.356183781,3.443371059,-4.296510665,-0.354417933,3.444685072,0.017817982
1609060399.879662991,-4.301190267,-0.414974671,3.443256246,-4.310386889,-0.396133813,3.445410569,0.021075980
1609060399.926999092,-4.316550255,-0.462576151,3.443236779,-4.338541748,-0.481734625,3.446053493,0.029301993
1609060399.977424145,-4.332831088,-0.514384360,3.444526964,-4.350508010,-0.521264273,3.446268467,0.019048349
1609060400.026029110,-4.346500782,-0.563010034,3.444295174,-4.363313211,-0.563567667,3.446673513,0.016988974
1609060400.078128099,-4.357714043,-0.611782713,3.443052729,-4.373012557,-0.603017734,3.447031515,0.018074848
1609060400.129971981,-4.368185727,-0.659185962,3.443373291,-4.382564616,-0.642795595,3.447132350,0.022125259
1609060400.179473162,-4.377305147,-0.705894378,3.443816249,-4.398903018,-0.725335649,3.446762840,0.029208106
1609060400.227545977,-4.385475630,-0.749710782,3.444203552,-4.405642600,-0.762548956,3.446576592,0.024024086
1609060400.278501987,-4.394467974,-0.793892159,3.445777057,-4.411701530,-0.798645351,3.446112898,0.017880187
1609060400.328487158,-4.401172708,-0.835571409,3.446453422,-4.416868957,-0.832872471,3.445653044,0.015946696
1609060400.381268978,-4.406162810,-0.876187245,3.448054837,-4.421442698,-0.865175081,3.444686003,0.019133525
1609060400.428768158,-4.409317577,-0.909872796,3.446995239,-4.425184629,-0.896628550,3.443468146,0.020966969
1609060400.479042053,-4.411475725,-0.943422783,3.443268092,-4.428901321,-0.955885511,3.439982319,0.021674116
1609060400.529211998,-4.412314508,-0.975232998,3.440816197,-4.429243757,-0.981446411,3.437437676,0.018347218
1609060400.578112125,-4.414028019,-1.004600976,3.438006551,-4.429364328,-1.005410825,3.434335307,0.015790385
1609060400.626744986,-4.413571621,-1.030066368,3.435396695,-4.428406001,-1.027307220,3.431803524,0.015510726
1609060400.680422068,-4.413379130,-1.056831760,3.432765463,-4.427251840,-1.048595934,3.429035551,0.016558778
1609060400.728835106,-4.411318291,-1.077803003,3.430542466,-4.425667140,-1.068161318,3.426422448,0.017771497
1609060400.779316187,-4.409408764,-1.097124161,3.429093332,-4.419836540,-1.100997335,3.421512010,0.013461664
1609060400.825790167,-4.406639976,-1.111423580,3.427483446,-4.416497297,-1.114051207,3.419226422,0.013124391
1609060400.879508018,-4.402882181,-1.127369695,3.419221215,-4.412829189,-1.125366209,3.417282057,0.010330405
1609060400.927040100,-4.398230585,-1.138481915,3.416782307,-4.407908758,-1.135572262,3.415653543,0.010168935
1609060400.978569984,-4.397693981,-1.154783975,3.419837754,-4.403031139,-1.144823330,3.414297512,0.012585467
1609060401.028685093,-4.392591621,-1.164451556,3.418876531,-4.391226775,-1.159905409,3.411451096,0.008812908
1609060401.079002142,-4.384591057,-1.174088584,3.416132465,-4.384845500,-1.166497762,3.410509488,0.009450036
1609060401.127573013,-4.377639704,-1.183272792,3.414711696,-4.377680883,-1.172660058,3.409631786,0.011765939
1609060401.169844151,-4.369665473,-1.187607497,3.412434301,-4.369988570,-1.177949011,3.408730089,0.010349489
1609060401.221971035,-4.360970320,-1.193556799,3.411418701,-4.362320545,-1.182239496,3.407876031,0.011935450
1609060401.271665096,-4.348737645,-1.196553129,3.412443951,-4.354010928,-1.186050023,3.406871143,0.013006880
1609060401.327571154,-4.336378348,-1.202489462,3.412390060,-4.336220826,-1.194462634,3.407149273,0.009587525
1609060401.378626108,-4.324796775,-1.207432461,3.412651866,-4.326900328,-1.197190224,3.407372220,0.011713369
1609060401.426519156,-4.312995620,-1.210533138,3.413505025,-4.316288638,-1.200436089,3.408551565,0.011718837
1609060401.480786085,-4.299695524,-1.212480476,3.412581397,-4.305714835,-1.203432848,3.408626620,0.011564253
1609060401.529177189,-4.285741093,-1.216091686,3.414609653,-4.283346545,-1.209700035,3.411160858,0.007647303
1609060401.579622984,-4.271062321,-1.219183100,3.418513158,-4.272202640,-1.212960794,3.411427739,0.009498451
1609060401.625693083,-4.256698066,-1.221705491,3.420210018,-4.259487862,-1.214645167,3.412661578,0.010705610
1609060401.678419113,-4.241925889,-1.221367962,3.420937021,-4.246847691,-1.215598083,3.413241026,0.010804813
1609060401.727393150,-4.227398817,-1.218515196,3.422845063,-4.235515013,-1.213628762,3.414529393,0.012605564
1609060401.778926134,-4.212925242,-1.214271085,3.422698195,-4.211614181,-1.206915593,3.416302952,0.009834698
1609060401.830302000,-4.197093431,-1.209460017,3.424012694,-4.199002694,-1.202679517,3.417662288,0.009484098
1609060401.879027128,-4.182349322,-1.204744608,3.425341787,-4.186739951,-1.197305086,3.419073376,0.010673194
1609060401.925945044,-4.167850162,-1.196144229,3.425604076,-4.174713184,-1.190468945,3.420150062,0.010442997
1609060401.979689121,-4.152902456,-1.184132253,3.430917310,-4.161591807,-1.180036250,3.420882330,0.013891828
1609060402.027944088,-4.138733761,-1.169119950,3.432161540,-4.139206953,-1.155086547,3.423039331,0.016744402
1609060402.077647209,-4.123552082,-1.151128689,3.436740878,-4.127443335,-1.138088929,3.424002002,0.018640176
1609060402.128281116,-4.109151584,-1.129206667,3.438902386,-4.115723031,-1.117369672,3.424873562,0.019496314
1609060402.178361177,-4.097246022,-1.101604433,3.439111003,-4.105341131,-1.095957156,3.425789565,0.016579603
1609060402.225638151,-4.084136283,-1.075550929,3.441089719,-4.095129930,-1.073835601,3.427307241,0.017713253
1609060402.278110027,-4.069931757,-1.047256924,3.439658390,-4.071441841,-1.024761700,3.430853175,0.024204282
1609060402.327462196,-4.056935598,-1.016139389,3.440484099,-4.062771173,-0.997223070,3.431036469,0.021934875
1609060402.377845049,-4.045523894,-0.981907723,3.440016749,-4.053918580,-0.970758060,3.433277316,0.015498571
1609060402.425198078,-4.034616763,-0.948264846,3.441098291,-4.043049378,-0.937153000,3.435701940,0.014956694
1609060402.478965998,-4.027093658,-0.907024329,3.443438760,-4.033820351,-0.903288907,3.437020663,0.010019668
1609060402.526862144,-4.019648491,-0.869587638,3.443609781,-4.027324431,-0.870478569,3.437573468,0.009805656
1609060402.579752207,-4.012390530,-0.829052009,3.443015253,-4.014702753,-0.799884992,3.438465725,0.029610125
1609060402.628553152,-4.006478210,-0.789659447,3.443079336,-4.009579352,-0.765100000,3.439002806,0.025087878
1609060402.678928137,-4.000530515,-0.750253928,3.443022056,-4.006589890,-0.732062113,3.438313018,0.019744194
1609060402.729631186,-3.996683704,-0.709929383,3.442302501,-4.003294751,-0.697160049,3.437519538,0.015153830
1609060402.777162075,-3.995105090,-0.672438837,3.444338836,-4.001564888,-0.664754812,3.436379796,0.012810915
1609060402.827563047,-3.993121839,-0.633080067,3.444583345,-3.998939247,-0.598003049,3.435853359,0.036612185
1609060402.879329205,-3.991324490,-0.591217533,3.444612304,-3.998386779,-0.566647337,3.434710110,0.027415760
1609060402.968847036,-3.994400249,-0.523683003,3.443525181,-3.999784486,-0.499536591,3.433774874,0.026591498
1609060403.036223173,-4.000482016,-0.474539483,3.442735748,-4.010445139,-0.437376235,3.431847548,0.039986545
1609060403.130094051,-4.017782319,-0.411272533,3.439073577,-4.027179808,-0.377050223,3.427821227,0.037230292
1609060403.172846079,-4.029842413,-0.379849804,3.437518459,-4.037755225,-0.350366110,3.425199927,0.032918795
1609060403.219709158,-4.042358019,-0.349377528,3.434981035,-4.049685318,-0.322317034,3.421998192,0.030895207
1609060403.290386200,-4.064607127,-0.302378678,3.427713149,-4.076260817,-0.270441399,3.415593948,0.036092566
1609060403.333377123,-4.079583022,-0.275415660,3.424752488,-4.090561741,-0.246691494,3.413335436,0.032801815
1609060403.376505136,-4.097709340,-0.249135983,3.420620774,-4.108065650,-0.221059114,3.410423018,0.031615786
1609060403.426532984,-4.119491109,-0.219424260,3.416679681,-4.127233511,-0.197225041,3.406961181,0.025440113
1609060403.479250193,-4.144390672,-0.190041424,3.412639449,-4.146854035,-0.174651989,3.404524892,0.017571252
1609060403.529406071,-4.168543881,-0.161483980,3.408656684,-4.169133129,-0.150258161,3.401801581,0.013166574
1609060403.586101055,-4.195426575,-0.129147198,3.404432595,-4.214534946,-0.103441026,3.396902748,0.032903431
1609060403.673426151,-4.240705591,-0.084430896,3.401334119,-4.260174799,-0.060839287,3.393474944,0.031581335
1609060403.719946146,-4.266143484,-0.060945342,3.399294277,-4.284325877,-0.039145661,3.391851186,0.029346637
1609060403.767722130,-4.294050382,-0.039194794,3.397609148,-4.309951331,-0.021936185,3.390406446,0.024547479
1609060403.816894054,-4.321948196,-0.016299364,3.395584029,-4.335405918,0.001222472,3.389173323,0.023004830
1609060403.884765148,-4.362715161,0.016361465,3.393905679,-4.389028272,0.041513919,3.387008767,0.037048524
1609060403.930885077,-4.389579492,0.037555480,3.392845223,-4.415808265,0.061528791,3.386473952,0.036100710
1609060403.979072094,-4.417935187,0.060762370,3.393790928,-4.441282033,0.080960008,3.386229950,0.031783458
1609060404.027512074,-4.445991264,0.084477563,3.394103408,-4.467578733,0.102445450,3.386474033,0.029104486
1609060404.078886032,-4.476191679,0.108802511,3.393769805,-4.493536644,0.123507789,3.385863205,0.024075036
1609060404.128934145,-4.503731426,0.132493424,3.393637618,-4.518539360,0.142746892,3.386447740,0.019393372
1609060404.179248095,-4.531581092,0.156173115,3.390314453,-4.564014117,0.183831750,3.386104422,0.042832529
1609060404.229568005,-4.558131718,0.181552692,3.389483170,-4.588078801,0.206272764,3.385407332,0.039045130
1609060404.280018091,-4.588152303,0.209451177,3.393065236,-4.610747053,0.228507973,3.384759726,0.030702862
1609060404.326958179,-4.612195633,0.234000000,3.393141215,-4.634033984,0.251218510,3.384157186,0.029225048
1609060404.377541065,-4.638796678,0.263267405,3.393350078,-4.655622398,0.274504731,3.384114160,0.022241504
1609060404.427803040,-4.661966341,0.290657390,3.393090110,-4.675741354,0.297316552,3.383445027,0.018086544
1609060404.481217146,-4.685360937,0.319338721,3.391279865,-4.713922327,0.345204064,3.381532527,0.039746441
1609060404.527707100,-4.705660086,0.345502957,3.389896565,-4.730028932,0.367221499,3.381224799,0.033774773
1609060404.571979046,-4.725645487,0.369502391,3.387265660,-4.746929920,0.391605784,3.380860447,0.031346672
1609060404.622480154,-4.745223976,0.398950518,3.386658211,-4.761497981,0.414466550,3.381085727,0.023165558
1609060404.672170162,-4.764475076,0.428838277,3.386565511,-4.776940342,0.439982977,3.381130321,0.017582050
1609060404.724748135,-4.783222960,0.460297849,3.386251331,-4.804756028,0.489999393,3.381321589,0.037015633
1609060404.777429104,-4.799786459,0.492708062,3.384432970,-4.817939917,0.517717139,3.381758443,0.031018624
1609060404.828528166,-4.814641387,0.524483452,3.385193494,-4.828646474,0.540685958,3.382768756,0.021553261
1609060404.878906012,-4.829231329,0.556345224,3.388014950,-4.840092325,0.567524408,3.383011082,0.016369914
1609060404.928469181,-4.841101111,0.587292857,3.388301817,-4.848750604,0.591703842,3.383876148,0.009877149
1609060404.978840113,-4.852725800,0.617896092,3.388683394,-4.866208488,0.644932813,3.384760026,0.030465718
1609060405.026875019,-4.862150193,0.649247267,3.388667448,-4.874323968,0.674298288,3.384546737,0.028155544
1609060405.079665184,-4.872479074,0.684327866,3.389715034,-4.882071775,0.702768820,3.384737974,0.021374280
1609060405.127121210,-4.879666773,0.715313462,3.389638543,-4.888130236,0.731767013,3.384567287,0.019185077
1609060405.180289030,-4.889300798,0.748867525,3.389816394,-4.894731192,0.760675200,3.384589266,0.014008327
1609060405.228845119,-4.895718453,0.781589355,3.390003849,-4.900996393,0.789972123,3.383995089,0.011585881
1609060405.281080008,-4.900902000,0.816538757,3.384694446,-4.910288928,0.851082551,3.383674409,0.035811012
1609060405.325997114,-4.905656615,0.847208742,3.383244736,-4.916017947,0.882210462,3.382284520,0.036515745
1609060405.378040075,-4.911047135,0.887138874,3.378724447,-4.920054141,0.913034701,3.380825906,0.027497929
1609060405.427482128,-4.915374246,0.923403954,3.374618875,-4.923778431,0.945421917,3.378941311,0.023960478
1609060405.480834007,-4.923606607,0.966124318,3.372588326,-4.928585614,0.976465610,3.375564401,0.011857060
1609060405.528052092,-4.927803883,1.001321044,3.368161592,-4.937346651,1.037431548,3.369970580,0.037393922
1609060405.577284098,-4.932238032,1.042461904,3.366786695,-4.941328983,1.070228773,3.367175309,0.029219778
1609060405.626881123,-4.938467800,1.083992941,3.363475861,-4.945905352,1.105248336,3.364305328,0.022534351
1609060405.678483009,-4.947038546,1.126811561,3.360405833,-4.951752903,1.138998125,3.361280519,0.013095899
1609060405.728350163,-4.954014118,1.168173328,3.356067054,-4.957110214,1.171267954,3.357800027,0.004708048
1609060405.780021191,-4.961889864,1.209876225,3.351249408,-4.968663755,1.238279619,3.350308871,0.029215116
1609060405.825129032,-4.970117754,1.246180067,3.346776820,-4.977456984,1.271137361,3.345358633,0.026052679
1609060405.879862070,-4.981184317,1.286970883,3.340360830,-4.985221059,1.303628664,3.340779490,0.017145035
1609060405.927932024,-4.990379486,1.326050507,3.336119706,-4.992859770,1.338746112,3.336900235,0.012959144
1609060405.978623152,-5.000837264,1.367773953,3.331785996,-5.000765494,1.372575224,3.332525446,0.004858409
1609060406.030205011,-5.013781209,1.409484591,3.326219254,-5.011129491,1.406599861,3.327593533,0.004152339
1609060406.079104185,-5.026627441,1.446038274,3.317983195,-5.035263960,1.470966464,3.316439318,0.026427025
1609060406.128489017,-5.041518384,1.483105666,3.310429132,-5.047961556,1.504027310,3.310043115,0.021894718
1609060406.177798986,-5.056779272,1.521095993,3.299226420,-5.062702906,1.536828260,3.303432197,0.017328653
1609060406.227044106,-5.074143769,1.557461507,3.290882764,-5.076851652,1.567351285,3.296798240,0.011837787
1609060406.280534029,-5.094750646,1.593791005,3.288052807,-5.093096241,1.600174926,3.290225278,0.006943424
1609060406.329967022,-5.114791683,1.627577886,3.281622729,-5.130363751,1.661111248,3.278551690,0.037099959
1609060406.378149986,-5.134527539,1.661404147,3.276672532,-5.149266502,1.688983738,3.273355724,0.031446337
1609060406.428543091,-5.158226580,1.695164999,3.271222483,-5.171520027,1.718707444,3.267974398,0.027230727
1609060406.480351210,-5.189078895,1.733206608,3.268387366,-5.193102693,1.745316012,3.263272531,0.013747368
1609060406.530244112,-5.216664777,1.764711635,3.264708303,-5.238683296,1.798298680,3.254349977,0.041475290
1609060406.578059196,-5.243752101,1.795244180,3.259059544,-5.260534521,1.822390728,3.251193659,0.032870303
1609060406.621797085,-5.268610824,1.822352337,3.255832146,-5.285687783,1.847737072,3.247376093,0.031741331
1609060406.670320034,-5.299646516,1.850480782,3.249930534,-5.312735616,1.871432221,3.243914818,0.025425895
1609060406.728110075,-5.336819087,1.882870167,3.244458358,-5.341216205,1.895887609,3.241060826,0.014153858
1609060406.779551983,-5.371469587,1.913306347,3.238530304,-5.368379952,1.919714113,3.238686529,0.007115456
1609060406.824823141,-5.401704145,1.938099461,3.235994037,-5.424739830,1.963734917,3.234139650,0.034514608
1609060406.878969193,-5.438061696,1.966994612,3.235149215,-5.451928441,1.984139435,3.233619171,0.022103678
1609060406.927206039,-5.469841244,1.992217431,3.233704347,-5.480224011,2.006372946,3.232202605,0.017619185
1609060406.980704069,-5.503078656,2.019599567,3.233026344,-5.507430190,2.027245513,3.231565480,0.008917986
1609060407.027716160,-5.533446153,2.042874554,3.231033923,-5.563415554,2.068366326,3.228798690,0.039408016
1609060407.079115152,-5.569777245,2.067803491,3.228504776,-5.592787187,2.088664260,3.227226119,0.031084789
1609060407.127367020,-5.602201050,2.091995142,3.227016637,-5.621257585,2.108585153,3.225930003,0.025289539
1609060407.177980185,-5.636236308,2.115956140,3.225397171,-5.651332130,2.129263871,3.224669684,0.020137249
1609060407.227697134,-5.668767298,2.140099862,3.223536204,-5.678667159,2.149298897,3.223125995,0.013520272
1609060407.280601978,-5.702325121,2.163357072,3.224381376,-5.733798819,2.189266897,3.219188798,0.041095931
1609060407.327654123,-5.732056844,2.185409543,3.222037043,-5.761771782,2.209109678,3.215727118,0.038529068
1609060407.378270149,-5.765754094,2.209794644,3.215186705,-5.787626004,2.227476236,3.212160492,0.028287402
1609060407.428651094,-5.795811367,2.232770348,3.209848027,-5.812437499,2.246020677,3.208030771,0.021337805
1609060407.481408119,-5.825953738,2.255107644,3.202607739,-5.837624346,2.266541310,3.202610716,0.016338048
1609060407.527852058,-5.852568864,2.276683928,3.197028634,-5.888118244,2.305519001,3.192290747,0.046018120
1609060407.578287125,-5.887211620,2.300706685,3.187501758,-5.913013302,2.325686420,3.187387745,0.035912768
1609060407.625300169,-5.914776004,2.322476339,3.181139221,-5.936303592,2.344866431,3.182854141,0.031107784
1609060407.681172132,-5.948112910,2.353176564,3.173790327,-5.962095751,2.365624670,3.177563950,0.019097524
1609060407.728523016,-5.976149363,2.377884989,3.168207802,-5.986885100,2.387628692,3.173488718,0.015429966
1609060407.779933214,-6.008823220,2.405710136,3.163705738,-6.038366670,2.430070916,3.164162334,0.038294536
1609060407.826332092,-6.038323993,2.430683310,3.159114855,-6.063224835,2.449893805,3.161159779,0.031516294
1609060407.879067183,-6.071119041,2.457392154,3.154860914,-6.089315578,2.473775290,3.156644736,0.024550012
1609060407.927498102,-6.101454986,2.485159322,3.151001715,-6.118331048,2.498319845,3.152829948,0.021478903
1609060407.977844000,-6.134319708,2.513263064,3.147355068,-6.146100066,2.523450317,3.149262014,0.015690551
1609060408.026247978,-6.164065363,2.538331510,3.143577762,-6.172948903,2.545311123,3.145317229,0.011430575
1609060408.080068111,-6.198230119,2.566349617,3.138446398,-6.226026967,2.588980424,3.139214202,0.035852583
1609060408.129019022,-6.230191728,2.592252131,3.134319852,-6.251462730,2.609626966,3.136697290,0.027567964
1609060408.178281069,-6.262778353,2.617271519,3.129830180,-6.277666828,2.630686350,3.134071326,0.020484426
1609060408.225942135,-6.293978486,2.642071831,3.126319879,-6.306603188,2.654550454,3.130489766,0.018234229
1609060408.279213190,-6.327568235,2.667745018,3.124590053,-6.337786167,2.678065475,3.128097626,0.014940583
1609060408.328937054,-6.360550586,2.692550566,3.122231599,-6.366294200,2.701039791,3.125723531,0.010828187
1609060408.380493164,-6.394750183,2.719706478,3.121812566,-6.423366729,2.744613754,3.121631531,0.037938264
1609060408.428739071,-6.425492405,2.743472241,3.120197603,-6.449945869,2.765452127,3.119557336,0.032886125
1609060408.479394197,-6.457292479,2.768220056,3.116908313,-6.476059599,2.785988954,3.116895597,0.025844510
1609060408.527713060,-6.486554782,2.790883057,3.113553069,-6.503378329,2.806696823,3.113186364,0.023092021
1609060408.579924107,-6.517327297,2.812962553,3.108549448,-6.531505124,2.827133102,3.110353296,0.020126328
1609060408.628437996,-6.545781763,2.834373005,3.107056139,-6.557415999,2.846757298,3.109568086,0.017176613
1609060408.681055069,-6.577834429,2.857602156,3.108655886,-6.582794858,2.865024819,3.109981177,0.009025419
1609060408.727375984,-6.604591755,2.876439697,3.113342293,-6.633230136,2.898883356,3.119173239,0.036849351
1609060408.778818130,-6.635860060,2.899086223,3.123923611,-6.656962401,2.915823432,3.126706219,0.027077405
1609060408.827222109,-6.662583483,2.917537824,3.133458114,-6.680223255,2.931474342,3.135410274,0.022565439
1609060408.878816128,-6.691981964,2.937430218,3.145048145,-6.702481243,2.947167003,3.143612393,0.014391012
1609060408.928865194,-6.719031352,2.956896280,3.155385435,-6.723903034,2.963157463,3.151873866,0.008675645
1609060408.979489088,-6.746852267,2.976417748,3.166980853,-6.769146314,2.992935079,3.169215655,0.027835968
1609060409.026559114,-6.772606483,2.993116694,3.177254798,-6.791638032,3.007752503,3.178743291,0.024054571
1609060409.079119205,-6.801299837,3.011919535,3.187003059,-6.813870670,3.022184125,3.188490096,0.016297206
1609060409.129620075,-6.827012630,3.029595641,3.198869045,-6.835948577,3.036958089,3.197517062,0.011656957
1609060409.179974079,-6.853998189,3.047317741,3.210666999,-6.858609976,3.052069021,3.206560369,0.007791511
1609060409.227297068,-6.881041604,3.065492451,3.220505122,-6.903846950,3.082189643,3.220670293,0.028264948
1609060409.280170202,-6.911243633,3.084772144,3.233025115,-6.927387957,3.096985893,3.227347720,0.021024930
1609060409.327556133,-6.938417413,3.102502666,3.241556308,-6.951736137,3.113318122,3.233138758,0.019110669
1609060409.378501177,-6.966952207,3.122568768,3.246419321,-6.978315963,3.131276224,3.240273470,0.015579674
1609060409.429986000,-6.999009350,3.142859352,3.253997905,-7.004722420,3.147678654,3.245486713,0.011327189
1609060409.481420994,-7.031535902,3.164614932,3.259438354,-7.033066783,3.165772052,3.250727319,0.008919902
1609060409.528619051,-7.062390564,3.184762925,3.264626369,-7.089180742,3.202535543,3.259033863,0.032632127
1609060409.578970194,-7.096022877,3.207682164,3.267447021,-7.121133372,3.221162893,3.261807630,0.029052878
1609060409.628424168,-7.131790019,3.230345346,3.269357668,-7.152734609,3.240158063,3.263846425,0.023776860
1609060409.680056095,-7.170816576,3.251709142,3.273061424,-7.185814859,3.261052586,3.265834367,0.019091328
1609060409.729544163,-7.208881727,3.275386753,3.274939015,-7.220417118,3.281777866,3.268471085,0.014688283
1609060409.781149149,-7.253543156,3.303745341,3.282355286,-7.289729631,3.323050794,3.270537568,0.042682783
1609060409.829326153,-7.293527185,3.327858381,3.285857060,-7.325848084,3.346346740,3.272284022,0.039631898
1609060409.878853083,-7.339319838,3.356444036,3.285652560,-7.360631888,3.368405922,3.274030012,0.027062406
1609060409.927361012,-7.382930681,3.384185215,3.288686137,-7.399310881,3.391227030,3.276189855,0.021772808
1609060409.980737209,-7.429521719,3.414040348,3.290679430,-7.436118839,3.414549071,3.278453783,0.013901339
1609060410.028295040,-7.473122303,3.441075619,3.291987132,-7.511405847,3.461954158,3.282356924,0.044657408
1609060410.078970194,-7.522387012,3.470501378,3.291832195,-7.551601892,3.485580779,3.283740177,0.033858209
1609060410.128543139,-7.569381499,3.499161944,3.293062198,-7.590299923,3.508848998,3.285549804,0.024245732
1609060410.179124117,-7.618288585,3.528748888,3.294443913,-7.631817139,3.534098334,3.287257931,0.016225802
1609060410.228488207,-7.667235448,3.557669755,3.295272130,-7.672476268,3.556881296,3.288971447,0.008233254
1609060410.279890060,-7.717102593,3.586376412,3.296056220,-7.715593526,3.582827181,3.289759814,0.007383702
1609060410.329349995,-7.764249338,3.615697331,3.297071405,-7.795583176,3.634384330,3.292179142,0.036809613
1609060410.377452135,-7.810331651,3.644064748,3.298127552,-7.833840081,3.657581047,3.293491204,0.027510586
1609060410.427040100,-7.856830711,3.673529380,3.299199123,-7.874911812,3.682738301,3.294341723,0.020864438
1609060410.481698990,-7.907479477,3.708463774,3.302962090,-7.913724946,3.709000319,3.295267355,0.009924853
1609060410.527576208,-7.948921003,3.737185799,3.304350284,-7.952092610,3.736517150,3.295382032,0.009536023
1609060410.578217983,-7.994795526,3.767743008,3.299596695,-7.993897067,3.765899529,3.295706903,0.004397286
1609060410.627376080,-8.039539318,3.800476734,3.299448659,-8.074512376,3.823435100,3.297940019,0.041862601
1609060410.679148197,-8.087616422,3.835539436,3.305933766,-8.113471599,3.853113912,3.298560368,0.032120388
1609060410.726834059,-8.130504468,3.868780609,3.306991657,-8.153757664,3.883262601,3.299065795,0.028517688
1609060410.779208183,-8.177295671,3.903219299,3.307347234,-8.192296729,3.913573640,3.299098139,0.020007291
1609060410.828528166,-8.220201432,3.937285912,3.309121294,-8.230586261,3.944176375,3.300923532,0.014917320
1609060410.879283190,-8.270142860,3.977673123,3.312706001,-8.307347926,4.008860388,3.302188325,0.049673776
1609060410.928606033,-8.314165851,4.015704221,3.315248872,-8.344833882,4.042261987,3.304494531,0.041970215
1609060410.978766203,-8.360571479,4.056101168,3.314884239,-8.381844754,4.074291528,3.306239896,0.029294472
1609060411.025828123,-8.402320708,4.093753010,3.316343185,-8.418739799,4.108837422,3.307518514,0.023979176
1609060411.080110073,-8.451506137,4.135810102,3.312937214,-8.457160598,4.143789499,3.308290638,0.010827483
1609060411.129387140,-8.494298316,4.177603366,3.312077986,-8.527240010,4.212174116,3.308076261,0.047919784
1609060411.176635981,-8.534934238,4.219530040,3.310065066,-8.560219373,4.246024466,3.307775636,0.036695151
1609060411.226155996,-8.576727188,4.261520279,3.309251030,-8.594956696,4.281689547,3.307478726,0.027244365
1609060411.277624130,-8.619883721,4.304672340,3.308875533,-8.629288075,4.317966895,3.307172625,0.016373361
1609060411.326937199,-8.660479320,4.347002789,3.307690949,-8.663829321,4.354356281,3.307561404,0.008081654
1609060411.379705191,-8.702481770,4.389923626,3.305123566,-8.695954199,4.388849587,3.306800911,0.006824677
1609060411.427775145,-8.740238587,4.430168858,3.304529864,-8.760647549,4.458088175,3.305826729,0.034607743
1609060411.470930099,-8.773639522,4.466358585,3.305916412,-8.791361406,4.492070276,3.306591489,0.031234787
1609060411.521054029,-8.811296697,4.507863069,3.306748479,-8.823911192,4.528168414,3.307903280,0.023932532
1609060411.580197096,-8.855318724,4.555605150,3.309104629,-8.854979278,4.562859237,3.310098431,0.007329710
1609060411.626838207,-8.888758147,4.592964826,3.310708985,-8.914551498,4.631110544,3.312916850,0.046100624
1609060411.679201126,-8.923331756,4.636926774,3.313371035,-8.942901831,4.662802358,3.315008690,0.032484082
1609060411.728243113,-8.956948033,4.676484761,3.315609704,-8.973812275,4.697414630,3.316451012,0.026891819
1609060411.778196096,-8.992292664,4.715666511,3.316942246,-9.002611575,4.731784318,3.318297857,0.019185966
1609060411.838414192,-9.032760320,4.765535413,3.320714058,-9.064189697,4.805679204,3.324626700,0.051133536
1609060411.878583193,-9.058948591,4.798802322,3.323982144,-9.092052647,4.839513333,3.327946300,0.052621094
1609060411.925848007,-9.089356787,4.837094619,3.327328739,-9.120851046,4.874568944,3.330182574,0.049034251
1609060411.970710993,-9.122949281,4.875684554,3.327264328,-9.148542273,4.908376065,3.333784305,0.042026732
1609060412.021212101,-9.155757857,4.917223505,3.330084734,-9.176797671,4.944046389,3.336087880,0.034614717
1609060412.070445061,-9.189660072,4.960376725,3.335420944,-9.203205317,4.977344834,3.338539435,0.021934342
1609060412.129059076,-9.228232915,5.011731636,3.339245118,-9.258096670,5.049297038,3.344359244,0.048261347
1609060412.171797991,-9.258300783,5.049492487,3.345169735,-9.283635795,5.082999536,3.347704886,0.042083396
1609060412.220314980,-9.290583460,5.092311105,3.349421225,-9.310968204,5.119076352,3.350838966,0.033673821
1609060412.280927181,-9.330800887,5.143819560,3.354915281,-9.337447829,5.154887614,3.354586863,0.012914779
1609060412.328114033,-9.360950532,5.184679673,3.359423320,-9.365246384,5.191334963,3.358942910,0.007935870
1609060412.381548166,-9.394512435,5.231979533,3.364206323,-9.415811768,5.264211902,3.367965506,0.038816474
1609060412.426798105,-9.421524935,5.271239533,3.368547996,-9.441502158,5.299788315,3.370944971,0.034926607
1609060412.481037140,-9.450775821,5.318754343,3.374385297,-9.464695819,5.334142852,3.374834381,0.020755102
1609060412.528138161,-9.478325836,5.360052200,3.378951142,-9.492153734,5.374312812,3.378606071,0.019866930
1609060412.578795195,-9.507904813,5.403642273,3.385203701,-9.518749157,5.413705582,3.381745149,0.015193142
1609060412.628405094,-9.534922892,5.446140768,3.389288815,-9.543198977,5.450949754,3.385282549,0.010376421
1609060412.680060148,-9.562399447,5.489193433,3.391064880,-9.590949967,5.523176545,3.389575903,0.044409472
1609060412.727285147,-9.587356661,5.529643906,3.393787808,-9.613563769,5.558644480,3.391082600,0.039181168
1609060412.778535128,-9.615875706,5.570396705,3.395863726,-9.635515287,5.592455047,3.393229012,0.029651734
1609060412.828056097,-9.640923186,5.610194265,3.398224639,-9.657599551,5.626674465,3.394317328,0.023768997
1609060412.880711079,-9.670317336,5.652246495,3.400425956,-9.679991496,5.658382286,3.395304440,0.012548595
1609060412.929073095,-9.693224590,5.687956444,3.401842950,-9.719199243,5.721520222,3.399489244,0.042505879
1609060412.978442192,-9.716610093,5.723812901,3.404483243,-9.736752146,5.751413558,3.401142069,0.034331647
1609060413.026663065,-9.737945039,5.757617758,3.406610785,-9.756335749,5.780950163,3.401452337,0.030153423
1609060413.079564095,-9.761979002,5.796006460,3.406544029,-9.774241999,5.810991576,3.403553904,0.019592744
1609060413.128509045,-9.783008346,5.829205193,3.408540732,-9.793521675,5.842402056,3.404811657,0.017279852
1609060413.179367065,-9.806918045,5.865428099,3.408827611,-9.829280507,5.897996061,3.408745226,0.039506438
1609060413.225435019,-9.826036788,5.895430416,3.410672027,-9.845538880,5.924289762,3.410064483,0.034836225
1609060413.280374050,-9.850035716,5.929753952,3.414400838,-9.861620072,5.949624334,3.411366988,0.023199863
1609060413.327057123,-9.868826078,5.959951114,3.415603056,-9.877444592,5.974007345,3.412166020,0.016842495
1609060413.379295111,-9.889668700,5.990921978,3.418158236,-9.893091007,5.999527880,3.414048336,0.010132374
1609060413.429748058,-9.908986894,6.019340929,3.420326652,-9.923353379,6.044215240,3.417961897,0.028822202
1609060413.477909088,-9.927002474,6.045361912,3.422030509,-9.937612143,6.066609172,3.419750626,0.023858101
1609060413.527525187,-9.944716126,6.071763938,3.425050125,-9.951776407,6.088334729,3.421732345,0.018315194
1609060413.577910185,-9.962084667,6.097048940,3.429345870,-9.965398880,6.109496445,3.423565846,0.014118536
1609060413.626291037,-9.978368120,6.120740842,3.431749274,-9.979675845,6.129876718,3.426205620,0.010765987
1609060413.681443214,-9.997523813,6.146969071,3.433152438,-9.994041701,6.150071149,3.427559657,0.007281977
1609060413.729362011,-10.013660435,6.169130017,3.435162171,-10.021546810,6.188077148,3.430981574,0.020944356
1609060413.778925180,-10.028699637,6.187796172,3.435841299,-10.034673459,6.205842104,3.432566473,0.019289031
1609060413.825621128,-10.042943973,6.207553070,3.437687564,-10.047386310,6.223604830,3.434300869,0.016995972
1609060413.870529175,-10.056424331,6.225974411,3.436706273,-10.060391991,6.241308128,3.435146419,0.015915349
1609060413.926827192,-10.072595586,6.247878045,3.438538532,-10.073031665,6.257961945,3.436366051,0.010324480
1609060413.980643988,-10.085902506,6.267163902,3.443998081,-10.086426228,6.274578129,3.438065361,0.009510112
1609060414.029057980,-10.098184024,6.284056760,3.446968298,-10.110456767,6.305484886,3.442153971,0.025158747
1609060414.078119040,-10.112482475,6.302534812,3.450858993,-10.122192590,6.320094663,3.445271001,0.020829315
1609060414.129755020,-10.125303549,6.319669389,3.455985065,-10.133808759,6.333925897,3.448592346,0.018172477
1609060414.178076982,-10.137309164,6.336511701,3.458845307,-10.145359824,6.347853656,3.452021990,0.015492279
1609060414.237054110,-10.150999472,6.355235200,3.464881954,-10.167206683,6.374418483,3.459520838,0.025679050
1609060414.278896093,-10.163420480,6.368013547,3.468425458,-10.177966839,6.386555360,3.464009824,0.023976931
1609060414.326367140,-10.173936577,6.382027739,3.473299467,-10.188234498,6.398240264,3.468043668,0.022246347
1609060414.372323990,-10.186907842,6.394963562,3.478183924,-10.197489494,6.408864935,3.472082471,0.018505330
1609060414.422741175,-10.198633553,6.408721616,3.483430669,-10.207347295,6.419573154,3.476242559,0.015663783
1609060414.469741106,-10.210032033,6.419637685,3.488658411,-10.216558605,6.428823310,3.480188256,0.014096645
1609060414.523486137,-10.222322259,6.432088776,3.494243401,-10.225726554,6.438636039,3.484769405,0.012008850
1609060414.571552992,-10.232016703,6.442546011,3.497559653,-10.243232714,6.457982797,3.493200236,0.019572884
1609060414.619873047,-10.241988221,6.452729245,3.502040226,-10.252068980,6.466961590,3.497059684,0.018138002
1609060414.671653986,-10.254967222,6.462950750,3.506996426,-10.260164261,6.475381868,3.500694866,0.014874527
1609060414.721688986,-10.264786165,6.472016850,3.511321268,-10.268517043,6.483702097,3.504631358,0.013972091
1609060414.773606062,-10.273136103,6.481394199,3.516186832,-10.276112772,6.490940425,3.508715708,0.012482335
1609060414.820553064,-10.281807521,6.489315075,3.520727057,-10.284151412,6.498414104,3.512617359,0.012411823
1609060414.871097088,-10.292109165,6.497899323,3.521591789,-10.299617509,6.513045558,3.520400265,0.016947076
1609060414.921655178,-10.301141784,6.506424281,3.525857208,-10.306968768,6.520358333,3.524163557,0.015198026
1609060414.970494986,-10.310883730,6.516073945,3.531700941,-10.314818272,6.527673072,3.528656075,0.012621076
1609060415.021867990,-10.320047627,6.524389439,3.536522532,-10.321796816,6.534432495,3.532651997,0.010904297
1609060415.071359158,-10.328492472,6.533567300,3.542850065,-10.329501543,6.541301761,3.536063077,0.010339406
1609060415.122093201,-10.335979462,6.540553782,3.548019850,-10.343528413,6.552949671,3.544686316,0.014891514
1609060415.169690132,-10.341909554,6.548930452,3.551467953,-10.349530082,6.558146521,3.548536783,0.012312600
1609060415.270138025,-10.357232161,6.562250819,3.563896383,-10.363206947,6.570112975,3.559661959,0.010744390
1609060415.335822105,-10.365211878,6.570458508,3.571828380,-10.374889660,6.580950293,3.569555413,0.014453491
1609060415.385161161,-10.369566738,6.576800707,3.577369641,-10.380185134,6.586508847,3.574555470,0.014660077
1609060415.426522017,-10.373284046,6.581484831,3.582383911,-10.385507975,6.590662524,3.579529241,0.015550036
1609060415.478945017,-10.382516251,6.588186829,3.588461216,-10.390721166,6.595229971,3.584624919,0.011473607
1609060415.527222157,-10.387423898,6.593277658,3.594620527,-10.395086073,6.599065501,3.589514604,0.010875592
1609060415.579497099,-10.392239359,6.596445751,3.600226290,-10.399315209,6.601633383,3.594373820,0.010546591
1609060415.625437021,-10.395931838,6.599089379,3.605534751,-10.407075346,6.605830931,3.604038523,0.013109729
1609060415.671557188,-10.399984125,6.602395945,3.609596166,-10.410777621,6.607541792,3.609420306,0.011958688
1609060415.721713066,-10.403459021,6.604375676,3.615322103,-10.414446842,6.609573560,3.614156059,0.012211055
1609060415.778937101,-10.411554706,6.607743322,3.622297055,-10.417673130,6.612020450,3.619341866,0.008028827
1609060415.826449156,-10.415791278,6.609206745,3.628028145,-10.421627457,6.613170870,3.625245902,0.007583940
1609060415.880214214,-10.420621220,6.608743360,3.635189586,-10.424834853,6.613691147,3.630722769,0.007885921
1609060415.929654121,-10.424475500,6.608557464,3.641154041,-10.430126654,6.613673511,3.640045956,0.007703073
1609060415.978931189,-10.429047680,6.610402638,3.646475209,-10.432765786,6.612973346,3.644330168,0.005003404
1609060416.026129007,-10.432023525,6.608805710,3.652404223,-10.435239915,6.611798425,3.650192584,0.004918623
1609060416.071283102,-10.435817466,6.607424933,3.658603611,-10.437689939,6.610717505,3.655546343,0.004867656
1609060416.132973194,-10.440371239,6.605801423,3.666329501,-10.440474579,6.609763044,3.661252584,0.006440513
1609060416.179527044,-10.443614168,6.603076374,3.668451555,-10.443613860,6.608260705,3.666682625,0.005477810
1609060416.224436998,-10.446780499,6.601644286,3.672946402,-10.449591663,6.605761003,3.676437735,0.006086000
1609060416.281552076,-10.451721577,6.600715021,3.682084724,-10.453500432,6.604559294,3.681166333,0.004334305
1609060416.327483177,-10.455570800,6.598977935,3.687359028,-10.457605830,6.603137691,3.686113786,0.004795367
1609060416.379132032,-10.461326775,6.595118618,3.694804238,-10.461793922,6.600858050,3.691152503,0.006818685
1609060416.428481102,-10.464769708,6.591825942,3.702193494,-10.464483500,6.599204189,3.696635623,0.009241773
1609060416.478361130,-10.469217762,6.589913004,3.708419520,-10.473109436,6.593190664,3.708463675,0.005088235
1609060416.527779102,-10.474185250,6.587231169,3.716156913,-10.478351268,6.590777317,3.714772194,0.005643431
1609060416.578441143,-10.482969427,6.583629177,3.723444296,-10.482976894,6.588346166,3.720397259,0.005615557
1609060416.625756025,-10.488434699,6.580326807,3.730146679,-10.487869569,6.585217097,3.725875031,0.006517767
1609060416.688992977,-10.493030763,6.574740905,3.737905689,-10.499874077,6.577980873,3.739542448,0.007746439
1609060416.735008001,-10.498612943,6.570734684,3.743710025,-10.504487177,6.574561229,3.746493768,0.007543096
1609060416.779157162,-10.504135445,6.566640775,3.750566541,-10.509224206,6.570949464,3.752877012,0.007056810
1609060416.830991983,-10.510203690,6.560425509,3.759096540,-10.515453130,6.565777730,3.759586200,0.007512833
1609060416.901623011,-10.518351045,6.549920163,3.770718281,-10.526250767,6.553616806,3.773877799,0.009276494
1609060416.940310001,-10.524089578,6.543805690,3.778438500,-10.531003380,6.546871059,3.779668487,0.007662247
1609060416.983126163,-10.529787519,6.536905069,3.785446460,-10.536795236,6.538796460,3.786449909,0.007327507
1609060417.031743050,-10.535500744,6.527763787,3.792946343,-10.542507823,6.531103878,3.794049345,0.007840407
1609060417.080188990,-10.542918560,6.521689987,3.801862772,-10.547069218,6.523016706,3.799520896,0.004946971
1609060417.128481150,-10.548238168,6.511238409,3.809817766,-10.552532174,6.512982331,3.806566145,0.005661518
1609060417.178506136,-10.554144640,6.499536865,3.816143531,-10.556291256,6.503639663,3.813060263,0.005563043
1609060417.229984999,-10.558505973,6.486355767,3.823870728,-10.560030568,6.493156084,3.819762286,0.008089994
1609060417.281683207,-10.562180572,6.472567413,3.830676718,-10.566672683,6.467821481,3.830707589,0.006534820
1609060417.327920198,-10.564816152,6.458770985,3.837351663,-10.568988304,6.454998208,3.838170370,0.005684275
1609060417.380889177,-10.568505680,6.441197097,3.843568633,-10.571036873,6.441146152,3.843463581,0.002533884
1609060417.427345037,-10.569782408,6.425617956,3.849822849,-10.573082598,6.426725769,3.846941619,0.004518848
1609060417.482033014,-10.573505531,6.403078864,3.856256643,-10.574211160,6.411461458,3.852597078,0.009173779
1609060417.528115988,-10.574210619,6.385149389,3.862076005,-10.574812618,6.381749326,3.864496236,0.004216676
1609060417.578565121,-10.577404688,6.362888592,3.869429393,-10.575385072,6.363429303,3.867805303,0.002647430
1609060417.628115177,-10.577443914,6.341898188,3.875407796,-10.574400493,6.347455226,3.871236271,0.007585823
1609060417.680741072,-10.576725305,6.320351026,3.880194212,-10.572791039,6.329853086,3.875472404,0.011316495
1609060417.728932142,-10.575330503,6.300683206,3.885093211,-10.571486899,6.311863240,3.879749737,0.012973788
1609060417.780569077,-10.571910715,6.279838471,3.890030581,-10.566963204,6.274797725,3.888370413,0.007255559
1609060417.827723026,-10.568563505,6.258336002,3.894903043,-10.563505754,6.256993976,3.892623286,0.005707817
1609060417.878182173,-10.564063129,6.236160038,3.900436891,-10.559479815,6.237101755,3.896270029,0.006265488
1609060417.928631067,-10.558107822,6.212075045,3.905193416,-10.555517511,6.217211965,3.898656047,0.008708321
1609060417.978594065,-10.551897539,6.188261532,3.909497499,-10.549839448,6.195870110,3.900944343,0.011631108
1609060418.027911186,-10.543980051,6.164349788,3.913511431,-10.538854060,6.154896101,3.908986879,0.011667029
1609060418.080447197,-10.534075738,6.139430784,3.917029242,-10.532453511,6.131367463,3.910449398,0.010532955
1609060418.127730131,-10.524750564,6.115697128,3.920599775,-10.524484270,6.111345071,3.914250539,0.007702215
1609060418.178858995,-10.517178323,6.090357275,3.923230792,-10.517049468,6.088855874,3.917159653,0.006255361
1609060418.229143143,-10.505961894,6.063859780,3.926319568,-10.509626562,6.067229424,3.917718774,0.009937704
1609060418.278476000,-10.496454385,6.039142777,3.928630079,-10.489664297,6.021884973,3.923700466,0.019189533
1609060418.327845097,-10.483477029,6.012389619,3.931003453,-10.478670679,5.998035522,3.924089730,0.016641534
1609060418.379217148,-10.470425229,5.983370528,3.934217420,-10.468606525,5.974056173,3.927273415,0.011759426
1609060418.427738190,-10.456135181,5.955666701,3.936721483,-10.456091056,5.950399441,3.926559964,0.011445630
1609060418.479364157,-10.442516963,5.926875327,3.938421540,-10.443737338,5.923597127,3.931224481,0.008002098
1609060418.530038118,-10.425820270,5.897063628,3.941338804,-10.430318986,5.898947648,3.934096923,0.008731140
1609060418.580530167,-10.409761056,5.865995432,3.943932042,-10.400687955,5.845932592,3.936520902,0.023232815
1609060418.627577066,-10.392036378,5.836583069,3.946755947,-10.385785101,5.818245606,3.937185044,0.021608869
1609060418.679231167,-10.373000746,5.800473853,3.947609212,-10.370237672,5.792265310,3.939369378,0.011954481
1609060418.727707148,-10.353651380,5.768657785,3.951070704,-10.353086870,5.765920286,3.942008232,0.009483721
1609060418.779791117,-10.334748011,5.735415389,3.952254356,-10.336896116,5.739734153,3.944717338,0.008948336
1609060418.826940060,-10.315002961,5.704502548,3.954934747,-10.319781490,5.711526541,3.948332253,0.010759356
1609060418.877894163,-10.292560304,5.672379748,3.955934733,-10.282068726,5.657161959,3.954143942,0.018570440
1609060418.928442001,-10.269205092,5.638041963,3.959265968,-10.265350019,5.631354853,3.958421583,0.007764794
1609060418.980247021,-10.244952035,5.603234780,3.963809990,-10.245467733,5.602675752,3.958610580,0.005254744
1609060419.028758049,-10.221929832,5.571042319,3.966095769,-10.227476738,5.577855323,3.962240211,0.009594296
1609060419.080204010,-10.197964494,5.537741019,3.967333215,-10.187113455,5.521172028,3.967241198,0.019806185
1609060419.127290010,-10.173921233,5.506339956,3.970408699,-10.166400840,5.491617617,3.969712230,0.016546560
1609060419.179020166,-10.147090405,5.472252171,3.974843130,-10.146453425,5.464052880,3.972256729,0.008621113
1609060419.227241039,-10.122128330,5.440404566,3.978204053,-10.125975991,5.435881822,3.976303047,0.006234864
1609060419.280115128,-10.097658533,5.407641011,3.984321036,-10.106768837,5.408621772,3.979505953,0.010351066
1609060419.327326059,-10.072862892,5.376515965,3.989801668,-10.064809287,5.353212512,3.989507129,0.024657619
1609060419.378854990,-10.048656806,5.345064974,4.001069514,-10.043651240,5.325573684,3.997252146,0.020482636
1609060419.471464157,-10.002876147,5.285488478,4.012421773,-10.000273734,5.268369608,4.009397821,0.017577616
1609060419.537253141,-9.969423277,5.243387078,4.022477636,-9.958603231,5.212972437,4.020084791,0.032370503
1609060419.585476160,-9.947179721,5.212867123,4.028582488,-9.937848766,5.185379365,4.027093882,0.029066468
1609060419.629018068,-9.925509773,5.185504625,4.034824610,-9.917568584,5.157872476,4.030832359,0.029026474
1609060419.673011065,-9.903042534,5.154667995,4.040301512,-9.895726963,5.130354288,4.038435684,0.025458893
1609060419.726917028,-9.875415556,5.119495905,4.047394763,-9.875406267,5.102208725,4.041181885,0.018369717
1609060419.777944088,-9.849861043,5.084514540,4.053611800,-9.855991803,5.075945628,4.047514232,0.012173447
1609060419.829607010,-9.823338763,5.049985582,4.059616076,-9.814036285,5.022868433,4.057518647,0.028745001
1609060419.879155159,-9.798095410,5.017484191,4.064802093,-9.794930926,4.996020529,4.064803051,0.021695685
1609060419.928565025,-9.774615729,4.984493463,4.070909668,-9.774287993,4.967847767,4.066096926,0.017330583
1609060419.977845192,-9.749372878,4.950970323,4.075608954,-9.752928294,4.939808002,4.072067045,0.012238607
1609060420.026153088,-9.724172381,4.918573372,4.079690135,-9.731066488,4.910087413,4.074814391,0.011971345
1609060420.080102205,-9.698054573,4.885670800,4.084423954,-9.709219014,4.880888626,4.078904588,0.013340815
1609060420.127996206,-9.674520571,4.853932149,4.088164033,-9.668802405,4.826559536,4.085359276,0.028103808
1609060420.178651094,-9.651777817,4.820458276,4.092167509,-9.649618262,4.801585930,4.087813000,0.019488224
1609060420.225896120,-9.628516646,4.789381223,4.095089118,-9.628757826,4.773464033,4.091219596,0.016382561
1609060420.278553009,-9.603443114,4.755535282,4.096304655,-9.609113624,4.746672054,4.092985843,0.011032951
1609060420.329905987,-9.577709551,4.721560006,4.098160404,-9.588210415,4.719030231,4.096467656,0.010933128
1609060420.379353046,-9.556478593,4.689630081,4.100314986,-9.547532729,4.665121219,4.101721019,0.026128332
1609060420.425460100,-9.534246016,4.659685001,4.101847473,-9.525507892,4.637493367,4.102810315,0.023869447
1609060420.478222132,-9.511301773,4.625315521,4.107830237,-9.507143247,4.610391307,4.104886396,0.015769962
1609060420.527751207,-9.487364516,4.592362112,4.110207362,-9.485237705,4.583495396,4.107031649,0.009655420
1609060420.579862118,-9.465234686,4.559181771,4.113303181,-9.464758035,4.555146001,4.109011933,0.005910115
1609060420.629007101,-9.441236500,4.527041828,4.115676291,-9.423079666,4.501279520,4.112258604,0.031702488
1609060420.681604147,-9.415885206,4.493765585,4.115945981,-9.400918253,4.472320381,4.114261891,0.026205775
1609060420.727938175,-9.393364529,4.464130454,4.117870824,-9.379640627,4.445614952,4.115858110,0.023134829
1609060420.778449059,-9.366328618,4.431561526,4.125546587,-9.357730255,4.418451481,4.116675155,0.018014089
1609060420.827750206,-9.340254668,4.399873638,4.128161198,-9.335015807,4.392347147,4.117349168,0.014177225
1609060420.880737066,-9.309383852,4.366747198,4.126913103,-9.312129174,4.364373845,4.119559721,0.008200111
1609060420.928517103,-9.281330595,4.336791939,4.128400567,-9.265412670,4.313055849,4.120017024,0.029783655
1609060420.978013039,-9.254117548,4.307272024,4.126278570,-9.242721869,4.288846785,4.120990191,0.022300626
1609060421.026174068,-9.225670477,4.277332104,4.127434613,-9.218267301,4.262972315,4.121253125,0.017298016
1609060421.073661089,-9.198912293,4.247788244,4.126997595,-9.193227389,4.238037255,4.121892996,0.012387770
1609060421.120455027,-9.169412058,4.219353439,4.128566175,-9.167288102,4.212744130,4.122801020,0.009023922
1609060421.172883987,-9.139937729,4.190140399,4.130944076,-9.140743431,4.187798402,4.124294625,0.007095724
1609060421.224383116,-9.106164539,4.159734653,4.132414392,-9.087015702,4.138527723,4.125412878,0.029418243
1609060421.280524015,-9.070435092,4.128925838,4.133078677,-9.061320783,4.115286671,4.125777573,0.017955602
1609060421.327854156,-9.039299001,4.102804691,4.133873840,-9.032942533,4.092857448,4.125801413,0.014300924
1609060421.378944159,-9.006706464,4.076282581,4.134487870,-9.004425280,4.071725980,4.124296107,0.011394668
1609060421.427192211,-8.972669935,4.050539551,4.134457709,-8.976530148,4.048318947,4.125702742,0.009822513
1609060421.479579210,-8.938661301,4.024262913,4.132657300,-8.917454569,4.005062024,4.123785249,0.029951843
1609060421.527832985,-8.903474363,3.998831847,4.131586942,-8.886544409,3.983085869,4.122638506,0.024791806
1609060421.580437183,-8.866943672,3.972970658,4.130271377,-8.855689370,3.960513859,4.121865730,0.018774612
1609060421.629995108,-8.829393202,3.948293334,4.129084840,-8.825868652,3.941445887,4.120003438,0.011907218
1609060421.681367159,-8.790975623,3.924249078,4.124904090,-8.759613775,3.899746610,4.116961787,0.040583452
1609060421.727432013,-8.754887756,3.901996395,4.123280618,-8.727202214,3.878345417,4.116152544,0.037103469
1609060421.778424025,-8.716782953,3.877727969,4.121053970,-8.692666247,3.858761638,4.114618082,0.031348969
1609060421.825348139,-8.679184043,3.855662041,4.119565038,-8.658243301,3.839099475,4.113831091,0.027307717
1609060421.880194187,-8.631068849,3.829520318,4.114970748,-8.624228369,3.819559408,4.111530706,0.012563670
1609060421.928580046,-8.589364845,3.807421313,4.111135563,-8.557401909,3.783331071,4.106032833,0.040348568
1609060421.978991032,-8.546492036,3.783405704,4.106458861,-8.521135168,3.764705440,4.102645123,0.031736654
1609060422.027255058,-8.503359175,3.760889788,4.101314011,-8.485499352,3.745497056,4.098196512,0.023782942
1609060422.079162121,-8.462019261,3.738717734,4.095723907,-8.450816201,3.726996795,4.094471779,0.016262128
1609060422.129970074,-8.418743756,3.716154815,4.093263420,-8.417383473,3.710514157,4.090902034,0.006264467
1609060422.180117130,-8.373217266,3.693506080,4.088913462,-8.343606561,3.674727975,4.083033190,0.035552619
1609060422.228345156,-8.330671613,3.672766386,4.084561401,-8.307847104,3.656838406,4.079007655,0.028381381
1609060422.279767036,-8.285655901,3.651704720,4.078304374,-8.269565161,3.639376220,4.073146119,0.020916773
1609060422.327003002,-8.242579215,3.632257181,4.070523944,-8.234578524,3.624697766,4.065875016,0.011948571
1609060422.379480124,-8.198575733,3.613358657,4.060535238,-8.199635565,3.607825904,4.058121351,0.006128740
1609060422.427206993,-8.155901199,3.595095212,4.050505031,-8.131446278,3.578643697,4.040930843,0.030989685
1609060422.478839159,-8.111665359,3.577253544,4.039551813,-8.095982555,3.564976690,4.032300295,0.021195660
1609060422.528550148,-8.066803127,3.558708663,4.029202264,-8.061412881,3.549794767,4.023913252,0.011682720
1609060422.580224037,-8.024933623,3.540311797,4.018349549,-7.992959187,3.521264445,4.007448084,0.038781544
1609060422.627099037,-7.982609535,3.523652415,4.009460017,-7.956900989,3.508230042,4.000294740,0.031349341
1609060422.677823067,-7.939428812,3.507659869,3.999335710,-7.919649740,3.494399264,3.991825797,0.024969064
1609060422.727541208,-7.894181621,3.491441832,3.989488399,-7.884344331,3.480621711,3.984533883,0.015440029
1609060422.783367157,-7.845653917,3.474638694,3.976062539,-7.811333006,3.457155656,3.968063269,0.039339164
1609060422.828356028,-7.805129710,3.461080719,3.966929212,-7.774814967,3.445246672,3.960939810,0.034721371
1609060422.880164146,-7.760738627,3.447851590,3.961193649,-7.737536877,3.432778691,3.953626081,0.028684169
1609060422.928488016,-7.716215308,3.434513363,3.953101984,-7.700714304,3.420937914,3.946482693,0.021642295
1609060422.979838133,-7.664753962,3.420370542,3.945028245,-7.662134075,3.411000073,3.940039966,0.010934003
1609060423.029355049,-7.616794945,3.407588823,3.938890213,-7.586169188,3.390101598,3.928933801,0.036645193
1609060423.080885172,-7.567387465,3.394484472,3.930784126,-7.547053297,3.379339178,3.924847595,0.026040367
1609060423.127178192,-7.522577046,3.383483705,3.926839629,-7.508207367,3.372020205,3.921038263,0.019275772
1609060423.179766178,-7.476806142,3.374267538,3.925570990,-7.468275476,3.363357301,3.918121428,0.015725823
1609060423.227312088,-7.432525853,3.365182658,3.922564877,-7.430754990,3.354830131,3.914863793,0.013023727
1609060423.280233145,-7.380995930,3.355272245,3.919056831,-7.352145789,3.340155191,3.910928203,0.033569787
1609060423.327131987,-7.336004749,3.347323923,3.916315982,-7.311944176,3.334699814,3.909120614,0.028107875
1609060423.378704071,-7.289148918,3.339082212,3.914388535,-7.272887339,3.327656649,3.907837432,0.020926046
1609060423.425829172,-7.244787726,3.332019625,3.913801677,-7.234739484,3.321842399,3.907743244,0.015532151
1609060423.477626085,-7.199044004,3.323730352,3.914639266,-7.193839861,3.317278206,3.908781073,0.010150454
1609060423.526779175,-7.152740865,3.317683310,3.915746549,-7.152968436,3.313586449,3.910058785,0.007013325
1609060423.580407143,-7.104572279,3.313749411,3.917853802,-7.075091256,3.304044035,3.912411320,0.031511040
1609060423.627583027,-7.060520995,3.308954273,3.919653109,-7.034768832,3.301712073,3.914294129,0.027282632
1609060423.678277016,-7.016480343,3.305827444,3.922418707,-6.994710498,3.298920469,3.916002158,0.023723503
1609060423.726454020,-6.971259320,3.302083990,3.924298779,-6.956289160,3.294833814,3.917279907,0.018053678
1609060423.779623032,-6.925015438,3.298942247,3.926618035,-6.917716423,3.291627380,3.919107196,0.012774804
1609060423.827763081,-6.880423478,3.296203928,3.929023279,-6.877441849,3.290786896,3.921004134,0.010126255
1609060423.881376028,-6.833680882,3.295286254,3.931088384,-6.801873571,3.288109442,3.924951074,0.033179486
1609060423.927520037,-6.791498018,3.293977687,3.933482298,-6.763580798,3.287310221,3.926501822,0.029539013
1609060423.978104115,-6.747339352,3.293428796,3.935692101,-6.723181360,3.288271633,3.928830491,0.025637602
1609060424.026549101,-6.702548624,3.293419048,3.937907562,-6.683980374,3.288756854,3.931149410,0.020302427
1609060424.079257011,-6.649384454,3.293536875,3.940215800,-6.646065927,3.288744786,3.933249837,0.009083028
1609060424.131283998,-6.598952473,3.293978296,3.942553411,-6.568201628,3.290737008,3.936886019,0.031436280
1609060424.180812120,-6.552427640,3.295246494,3.943934427,-6.528906670,3.292815045,3.937947227,0.024392510
1609060424.269929171,-6.470755063,3.301619351,3.945287207,-6.452838688,3.295056224,3.939345850,0.019984265
1609060424.338038206,-6.408481152,3.308222060,3.947159314,-6.374934007,3.302718582,3.940721846,0.034599713
1609060424.385066986,-6.362706075,3.312010712,3.947679586,-6.338024407,3.305232587,3.941047544,0.026440720
1609060424.427415133,-6.321935485,3.315874454,3.947938816,-6.300469129,3.308389510,3.940455516,0.023933839
1609060424.479503155,-6.274130255,3.321113042,3.947163911,-6.261744527,3.313099493,3.940104323,0.016354234
1609060424.528802156,-6.227506083,3.325775446,3.945229252,-6.223631666,3.317596021,3.938903085,0.011042395
1609060424.580688000,-6.180728650,3.331460654,3.941750532,-6.150094424,3.325881142,3.933482468,0.032217195
1609060424.627767086,-6.135957454,3.337132490,3.938345633,-6.114649061,3.329911072,3.931374987,0.023553904
1609060424.678000212,-6.090482944,3.343236590,3.934008485,-6.076110108,3.335551060,3.929212500,0.016989623
1609060424.727902174,-6.042787084,3.350077109,3.930105246,-6.037450033,3.342189484,3.926088324,0.010336073
1609060424.779567003,-5.996746704,3.357442419,3.924673728,-6.001319758,3.347073787,3.922723676,0.011498873
1609060424.828402996,-5.950226639,3.364540875,3.920338779,-5.918938725,3.361877297,3.916453305,0.031640562
1609060424.880347013,-5.904816811,3.373175746,3.916850923,-5.878278648,3.369604700,3.913179703,0.027027844
1609060424.927685022,-5.860011185,3.381170407,3.912835738,-5.837248711,3.377071593,3.908710082,0.023493650
1609060424.979326010,-5.815102655,3.390611907,3.908899961,-5.796749949,3.385488276,3.905045856,0.019440358
1609060425.028661013,-5.768312991,3.399990063,3.904431482,-5.757514604,3.395080401,3.901863839,0.012136833
1609060425.080376148,-5.723009912,3.412115286,3.898840604,-5.681571742,3.411533733,3.893744774,0.041754372
1609060425.127739191,-5.678334131,3.421954292,3.894612152,-5.645526857,3.419956479,3.890854404,0.033082158
1609060425.178142071,-5.624408732,3.434624367,3.888973562,-5.604057965,3.431313078,3.888123306,0.020635923
1609060425.225172997,-5.577709737,3.446025998,3.884986744,-5.563514774,3.441958247,3.884910642,0.014766494
1609060425.281213045,-5.524999886,3.461698881,3.880430506,-5.525452698,3.451467871,3.880858070,0.010249947
1609060425.331796169,-5.473492563,3.475402305,3.876232064,-5.446649786,3.474383647,3.874199217,0.026938909
1609060425.382135153,-5.430644801,3.489591853,3.873148897,-5.408059635,3.485921764,3.871139149,0.022969509
1609060425.428689003,-5.387573172,3.503093428,3.870995208,-5.371907901,3.495785948,3.867429328,0.017649802
1609060425.480192184,-5.336549940,3.518433737,3.867139224,-5.335149302,3.507052513,3.863817953,0.011938378
1609060425.529694080,-5.288632959,3.533387882,3.863015683,-5.296028308,3.520393101,3.860909329,0.015099412
1609060425.580114126,-5.241509824,3.548884493,3.858376431,-5.215648729,3.546728791,3.853901608,0.026333768
1609060425.627465010,-5.195682283,3.563357876,3.854103326,-5.178144529,3.558478583,3.850206466,0.018616278
1609060425.680615187,-5.147710406,3.579408800,3.848189617,-5.137163873,3.573099052,3.847126669,0.012335807
1609060425.728845119,-5.102871654,3.594393504,3.844119347,-5.097259633,3.587459927,3.843937276,0.008922019
1609060425.781431198,-5.056877596,3.611009604,3.839769083,-5.057439027,3.601431424,3.840731224,0.009642741
1609060425.828500986,-5.011947887,3.626326839,3.836232492,-4.981933044,3.629006498,3.834029473,0.030214643
1609060425.879981995,-4.968224501,3.644764349,3.832990715,-4.940998023,3.645894755,3.831087239,0.027316335
1609060425.928338051,-4.923420336,3.661277496,3.830273053,-4.906540890,3.658018723,3.829510072,0.017208062
1609060425.981427193,-4.876688667,3.681174750,3.828369050,-4.870151350,3.672332211,3.826638238,0.011132058
1609060426.028719187,-4.832906917,3.698079938,3.826481886,-4.793779362,3.703827746,3.823196675,0.039683692
1609060426.080445051,-4.790792592,3.717412915,3.824530510,-4.755610989,3.719496177,3.821345775,0.035386830
1609060426.133275986,-4.743022257,3.737225242,3.822158870,-4.719273033,3.734408951,3.818878959,0.024139490
1609060426.178623199,-4.704185695,3.755103735,3.820473356,-4.679700566,3.751846491,3.816171522,0.025072633
1609060426.229953051,-4.657901795,3.774912637,3.817295025,-4.641700174,3.769083637,3.813399810,0.017653398
1609060426.279983997,-4.609084275,3.795137839,3.812813996,-4.605991107,3.784397866,3.810225605,0.011472335
1609060426.327455997,-4.564722621,3.814575683,3.808538510,-4.533414375,3.818262215,3.802065962,0.032182148
1609060426.379871130,-4.518390471,3.837657852,3.800583318,-4.496356728,3.836164342,3.797096391,0.022357886
1609060426.428410053,-4.473012280,3.858329876,3.794776519,-4.459240602,3.854360332,3.791915040,0.014615212
1609060426.480945110,-4.432235681,3.881561774,3.786837464,-4.423615569,3.871800737,3.786732880,0.013022869
1609060426.528591156,-4.390764043,3.903439823,3.780724026,-4.351461768,3.909172614,3.775787012,0.040023840
1609060426.580346107,-4.344262933,3.927354064,3.773358005,-4.318555476,3.926886567,3.771044846,0.025815550
1609060426.628355980,-4.302068853,3.950359248,3.766811593,-4.282507140,3.946799360,3.764956765,0.019969322
1609060426.678764105,-4.259801255,3.974412600,3.760364110,-4.248636470,3.966137874,3.759529364,0.013921936
1609060426.727844000,-4.217854846,3.998139448,3.752869969,-4.213373906,3.986466279,3.752932244,0.012503822
1609060426.780528069,-4.175366581,4.023133956,3.744647565,-4.142777762,4.028156581,3.740283852,0.033261087
1609060426.828762054,-4.135190435,4.046905288,3.737725477,-4.109181208,4.048587933,3.734068524,0.026318900
1609060426.880460024,-4.094920024,4.072306515,3.731215997,-4.076039639,4.069436616,3.727884345,0.019385694
1609060426.927973032,-4.054708310,4.096438280,3.723538648,-4.042596823,4.090325004,3.721088679,0.013786320
1609060426.980300188,-4.015417389,4.123421505,3.712193346,-4.007285347,4.113385290,3.713306941,0.012965178
1609060427.028684139,-3.975543141,4.148553853,3.702598073,-3.973768442,4.135595565,3.704834095,0.013269008
1609060427.080138206,-3.937820931,4.174283739,3.693172853,-3.939050190,4.159461051,3.696535845,0.015249028
1609060427.128703117,-3.898644413,4.199809330,3.683372779,-3.874178975,4.204919914,3.679562558,0.025282277
1609060427.179259062,-3.862684103,4.226644962,3.672879338,-3.841412849,4.228310978,3.670734501,0.021443931
1609060427.228806019,-3.823645801,4.253580553,3.662651996,-3.806681713,4.253674399,3.661267214,0.017020773
1609060427.281520128,-3.787273123,4.282626573,3.651971859,-3.773228565,4.278787364,3.651642210,0.014563577
1609060427.329280138,-3.751185722,4.309069684,3.640981568,-3.741387820,4.303064130,3.642244275,0.011561141
1609060427.381112099,-3.708737281,4.341162621,3.626224037,-3.676372987,4.353420920,3.621281260,0.034959182
1609060427.429231167,-3.671250875,4.369115990,3.613621658,-3.645435949,4.378519544,3.610806402,0.027618162
1609060427.478861094,-3.633559891,4.400603435,3.602014586,-3.613568829,4.403924871,3.599641549,0.020403574
1609060427.529126167,-3.593416383,4.431750682,3.588306701,-3.583666536,4.429017969,3.588660684,0.010131759
1609060427.579799175,-3.561043945,4.464255287,3.575351249,-3.554393800,4.453456267,3.577891610,0.012934322
1609060427.630326033,-3.525231459,4.495548582,3.562083601,-3.522219408,4.480798751,3.565996134,0.015554353
1609060427.681500196,-3.486679238,4.528489218,3.548223378,-3.461573323,4.535210669,3.543451275,0.026424568
1609060427.727840185,-3.452286153,4.558748408,3.535779739,-3.432981055,4.562179184,3.532648542,0.019856017
1609060427.779484987,-3.417207314,4.590984337,3.522277201,-3.402758875,4.590949639,3.521143640,0.014492879
1609060427.829073191,-3.383070827,4.623706033,3.509858109,-3.372430666,4.620009807,3.509674776,0.011265377
1609060427.880336046,-3.351027188,4.658096664,3.498339260,-3.340812170,4.651095143,3.497702933,0.012400516
1609060427.928755045,-3.317819688,4.690441513,3.487027555,-3.311325873,4.680163125,3.487277463,0.012160483
1609060427.980607986,-3.284307119,4.725028617,3.475708080,-3.283162307,4.708133743,3.477420948,0.017020026
1609060428.028478146,-3.251256081,4.757845334,3.464940973,-3.229518517,4.765156736,3.458256532,0.023888492
1609060428.077799082,-3.222893768,4.789627406,3.454534714,-3.201209659,4.795862870,3.449541011,0.023108844
1609060428.129625082,-3.188081794,4.825347063,3.444093549,-3.173519890,4.826224371,3.440817140,0.014951707
1609060428.179145098,-3.160225895,4.859370992,3.434071807,-3.146604421,4.856255412,3.432057156,0.014117727
1609060428.230478048,-3.127388433,4.895166967,3.424813049,-3.121116760,4.884801853,3.424589479,0.012116907
1609060428.281023979,-3.098890344,4.930455323,3.414229188,-3.067059799,4.949180115,3.410569000,0.037110624
1609060428.327894211,-3.069526876,4.963978336,3.406472531,-3.043926117,4.977571585,3.404066100,0.029085498
1609060428.378302097,-3.042010071,5.000253033,3.401057951,-3.017423229,5.009192804,3.396968959,0.026479278
1609060428.427620173,-3.012831012,5.035862802,3.394757658,-2.991314957,5.041487576,3.391310745,0.022504664
1609060428.481490135,-2.978165158,5.077857636,3.384659582,-2.966775931,5.072721694,3.386325884,0.012604322
1609060428.530129194,-2.947635788,5.115159557,3.378617120,-2.941731102,5.103867079,3.381646561,0.013098202
1609060428.580730200,-2.919830843,5.155487091,3.374602395,-2.893059914,5.167615041,3.372256844,0.029483410
1609060428.626178026,-2.891727445,5.190312057,3.370206721,-2.867779381,5.200651635,3.368711728,0.026127604
1609060428.678228140,-2.866457423,5.229995173,3.367874925,-2.845787019,5.229926656,3.365380687,0.020820459
1609060428.727977991,-2.839381844,5.266096175,3.364372002,-2.822460518,5.260860023,3.361587977,0.017930403
1609060428.780537128,-2.807972683,5.307164621,3.360455790,-2.797032651,5.293871569,3.358065269,0.017381143
1609060428.829004049,-2.779775520,5.345251288,3.357216380,-2.752509523,5.357217213,3.353310171,0.030031257
1609060428.879436016,-2.752831827,5.383388881,3.354052866,-2.727894389,5.390278780,3.350280337,0.026145334
1609060428.929301977,-2.725345252,5.421067369,3.349712895,-2.701880397,5.423839131,3.346072164,0.023906840
1609060428.979768991,-2.700216133,5.458633372,3.344001835,-2.680052827,5.454984482,3.342989753,0.020515790
1609060429.027988195,-2.672977982,5.494671785,3.340277585,-2.655287632,5.488336280,3.340137753,0.018791132
1609060429.080878019,-2.645147313,5.532755420,3.337282542,-2.631125889,5.522000768,3.336655957,0.017682066
1609060429.129002094,-2.616984142,5.570253813,3.333846407,-2.583075754,5.589422649,3.330968327,0.039057732
1609060429.179460049,-2.592103330,5.607534979,3.330239355,-2.561337643,5.621674452,3.329665811,0.033864157
1609060429.226698160,-2.564044627,5.644563070,3.327403654,-2.538303730,5.654773062,3.327589525,0.027692459
1609060429.280256987,-2.538564189,5.685804543,3.324501907,-2.512295158,5.690082923,3.324247582,0.026616371
1609060429.328555107,-2.509498975,5.725206307,3.320647451,-2.490069218,5.724044208,3.321155849,0.019471117
1609060429.381138086,-2.482932928,5.765130759,3.316937643,-2.467142657,5.759518298,3.318321293,0.016815078
1609060429.428529024,-2.455010336,5.803944596,3.313614887,-2.416260387,5.833174006,3.311524891,0.048582765
1609060429.478585005,-2.429485512,5.843201405,3.310233737,-2.396442381,5.867180755,3.308092741,0.040883268
1609060429.529040098,-2.399372429,5.887227551,3.306723365,-2.373248251,5.904935118,3.305047472,0.031604417
1609060429.579662085,-2.369706469,5.938509330,3.301886177,-2.348503968,5.944342058,3.302860154,0.022011711
1609060429.628737211,-2.338588227,5.985397891,3.298714796,-2.323349485,5.981553820,3.300913113,0.015869113
1609060429.681184053,-2.308184456,6.036466686,3.295911074,-2.276360810,6.062257195,3.296454994,0.040965725
1609060429.727297068,-2.278097723,6.084299527,3.293955942,-2.250980680,6.106360834,3.293098734,0.034968130
1609060429.779306173,-2.249609039,6.137265258,3.293143840,-2.225417381,6.151680558,3.293203755,0.028160979
1609060429.828670979,-2.221784433,6.189686774,3.292678084,-2.203120043,6.193798077,3.292701538,0.019111850
1609060429.881679058,-2.188183279,6.249297220,3.291773721,-2.177408609,6.240380764,3.292006984,0.013987535
1609060429.928592205,-2.159577303,6.303658878,3.291030596,-2.127325537,6.336236161,3.292410125,0.045862390
1609060429.979950190,-2.130950554,6.364002927,3.290521659,-2.105030509,6.385439538,3.292499236,0.033694033
1609060430.029108047,-2.102103934,6.424491038,3.291855133,-2.083062064,6.435731741,3.291940402,0.022112292
1609060430.079665184,-2.075328312,6.485213108,3.294877209,-2.057805377,6.487848938,3.293239494,0.017795588
1609060430.139734030,-2.045597627,6.558808955,3.297839198,-2.034164141,6.542315821,3.294693549,0.020313621
1609060430.179250002,-2.024190481,6.609192167,3.300458417,-2.012914254,6.594250093,3.296709422,0.019091197
1609060430.227625132,-1.997434262,6.672656811,3.304276611,-1.972701050,6.702002483,3.301408848,0.038485377
1609060430.279911041,-1.975001906,6.737964831,3.306925583,-1.950135427,6.758600664,3.306488586,0.032316719
1609060430.329241037,-1.949436044,6.802458560,3.313017318,-1.930486887,6.812199111,3.310789293,0.021422254
1609060430.379837036,-1.929692738,6.866397178,3.321213709,-1.909611605,6.869654075,3.318140047,0.020574418
1609060430.429674149,-1.905522737,6.932874473,3.330514211,-1.889075998,6.927422111,3.326049396,0.017892961
1609060430.481505156,-1.887617735,7.000685054,3.339781080,-1.853295841,7.042119358,3.342670439,0.053880816
1609060430.528452158,-1.868668259,7.063704082,3.349813629,-1.839912186,7.098584825,3.351415952,0.045234339
1609060430.580064058,-1.853364699,7.130250410,3.361537308,-1.825742607,7.152640579,3.360490465,0.035572399
1609060430.628176212,-1.835581536,7.193887499,3.371156170,-1.808340557,7.212218535,3.370803887,0.032836289
1609060430.679733992,-1.821125955,7.265732197,3.386747682,-1.793912366,7.269122180,3.380507900,0.028124834
1609060430.730561018,-1.804288853,7.333212547,3.398684519,-1.771377784,7.379790624,3.397456739,0.057045274
1609060430.780865192,-1.792844074,7.399601618,3.408425572,-1.762837840,7.433901057,3.405519113,0.045664791
1609060430.828189135,-1.781575103,7.461807011,3.417892649,-1.754156940,7.486656400,3.413774409,0.037231811
1609060430.877870083,-1.775330401,7.526148159,3.424558873,-1.748722329,7.536023201,3.420488476,0.028671835
1609060430.929910183,-1.768723665,7.589980416,3.433830162,-1.741104849,7.588775249,3.429290840,0.028015297
1609060430.981590033,-1.760056481,7.654055411,3.442161523,-1.734926171,7.640820008,3.436329834,0.028995120
1609060431.028035164,-1.754627481,7.711348971,3.449001811,-1.727508837,7.737673055,3.449460428,0.037796675
1609060431.080696106,-1.752470696,7.773407124,3.455926608,-1.726140905,7.782302422,3.455171048,0.027802070
1609060431.127861023,-1.750204508,7.828024680,3.463390166,-1.725465701,7.830697782,3.461653582,0.024943331
1609060431.179397106,-1.754601363,7.884455420,3.472755547,-1.727140523,7.878096574,3.468189447,0.028554893
1609060431.228162050,-1.758060541,7.939823538,3.480607917,-1.738289323,7.969021094,3.480507929,0.035261996
1609060431.281984091,-1.766156827,7.997824912,3.488820172,-1.746383231,8.015592433,3.487395292,0.026621612
1609060431.327632189,-1.774516332,8.048387633,3.495257897,-1.755829417,8.061872011,3.494010559,0.023077806
1609060431.380648136,-1.793670689,8.100710638,3.503435759,-1.770009619,8.106516361,3.499683090,0.024650257
1609060431.441133022,-1.815124153,8.163616601,3.512471235,-1.804857646,8.197958517,3.509662295,0.035953560
1609060431.487370014,-1.835221010,8.211575784,3.519095604,-1.823377365,8.241791763,3.514417202,0.032789706
1609060431.531643152,-1.852312231,8.257629490,3.523102847,-1.839726685,8.283065340,3.518764515,0.028708876
1609060431.578772068,-1.872186892,8.299582674,3.527069729,-1.857584986,8.324147769,3.524280884,0.028713014
1609060431.629288197,-1.891685095,8.348490398,3.532406357,-1.876095593,8.363631582,3.527536680,0.022271098
1609060431.681290150,-1.918545970,8.395563372,3.535276155,-1.896385915,8.403949947,3.530908015,0.024093222
1609060431.728561163,-1.938110202,8.439153822,3.539946684,-1.916080117,8.442082087,3.534670945,0.022841472
1609060431.780210018,-1.965990272,8.491538373,3.542912273,-1.960025753,8.517901978,3.541893317,0.027049093
1609060431.826713085,-1.988500257,8.534399425,3.547507661,-1.983650453,8.555176186,3.543935595,0.021632245
1609060431.878309011,-2.021188340,8.580530968,3.549938774,-2.006900748,8.591179528,3.546560082,0.018136776
1609060431.923537016,-2.044173279,8.623713079,3.553953440,-2.031945013,8.630382748,3.548196269,0.015071827
1609060431.972276211,-2.074035777,8.668784256,3.555650270,-2.056258949,8.667563159,3.550776258,0.018473297
1609060432.020538092,-2.098859913,8.713173772,3.559028102,-2.104189298,8.742733687,3.556772318,0.030121080
1609060432.079569101,-2.133619098,8.764895939,3.563378532,-2.125121253,8.776491860,3.560303098,0.014701600
1609060432.129607201,-2.158098452,8.809232098,3.566744697,-2.145570419,8.810323107,3.562323027,0.013330156
1609060432.185536146,-2.183747157,8.856229536,3.570582011,-2.182364945,8.878514047,3.567694859,0.022513232
1609060432.231467009,-2.204847113,8.894371487,3.572786754,-2.200919052,8.914056295,3.570795531,0.020171423
1609060432.277867079,-2.224759835,8.931736243,3.574761124,-2.217940760,8.948309326,3.573943624,0.017939765
1609060432.328068018,-2.242351306,8.972333361,3.577121846,-2.232758472,8.981059191,3.576498609,0.012982720
1609060432.376345158,-2.261396803,9.008604100,3.579191140,-2.247424503,9.015709771,3.579065247,0.015675828
1609060432.422329187,-2.274037995,9.046626829,3.581565926,-2.260140659,9.048605003,3.581732818,0.014038410
1609060432.479573011,-2.292955265,9.090736762,3.585247869,-2.284338977,9.117396105,3.585128501,0.028017410
1609060432.527909040,-2.303348442,9.131005550,3.587067188,-2.296349556,9.152608269,3.586794295,0.022709829
1609060432.578797102,-2.319458368,9.170105863,3.588179997,-2.305300063,9.186390821,3.587717179,0.021584060
1609060432.628079176,-2.328091271,9.212145064,3.589352109,-2.316126348,9.222034610,3.589404521,0.015523056
1609060432.681718111,-2.341298445,9.255047459,3.590109851,-2.322997783,9.258927202,3.590991511,0.018728159
1609060432.729138136,-2.347697969,9.296676641,3.590819249,-2.338843948,9.331186350,3.592674393,0.035675696
1609060432.780515194,-2.358293483,9.339238620,3.592870023,-2.346722152,9.368149993,3.592780707,0.031141149
1609060432.828166008,-2.363400826,9.381378749,3.593228419,-2.352884701,9.406997070,3.593405964,0.027693298
1609060432.878829002,-2.371631641,9.432675072,3.594889392,-2.358877969,9.447848921,3.593662551,0.019859683
1609060432.928115129,-2.375294352,9.480429555,3.594051054,-2.365756914,9.486116839,3.592868326,0.011167219
1609060432.980693102,-2.385319840,9.528643172,3.590314909,-2.369966569,9.525622940,3.591659502,0.015705180
1609060433.027698994,-2.388095918,9.574674744,3.588088778,-2.379583482,9.602326587,3.588813964,0.028941525
1609060433.081295013,-2.400461125,9.619898128,3.586307107,-2.386156891,9.640816891,3.586242923,0.025341859
1609060433.129487038,-2.405246839,9.667138580,3.584202214,-2.387085785,9.681502322,3.585585539,0.023196003
1609060433.178853035,-2.410757136,9.715381901,3.582776826,-2.392462032,9.721955622,3.584283224,0.019498560
1609060433.229087114,-2.415623348,9.764609588,3.582536698,-2.395106194,9.760305935,3.584576632,0.021062678
1609060433.281847000,-2.422150235,9.814645978,3.583165083,-2.402104084,9.845412035,3.585539284,0.036797218
1609060433.328270197,-2.425889370,9.861252671,3.584600389,-2.407319697,9.886656894,3.585961090,0.031496966
1609060433.378964186,-2.432128333,9.910284333,3.587264925,-2.408960127,9.926220773,3.587844480,0.028125998
1609060433.429242134,-2.436557071,9.962372013,3.589361519,-2.414582023,9.973421194,3.589814803,0.024600663
1609060433.479380131,-2.443525381,10.012521868,3.591123045,-2.419090767,10.021055688,3.592298097,0.025908632
1609060433.528609991,-2.447135025,10.063237309,3.593750554,-2.424545378,10.065100623,3.595008175,0.022701227
1609060433.579957008,-2.455832169,10.112868529,3.595633491,-2.430389834,10.108406995,3.597980980,0.025937008
1609060433.628313065,-2.459434886,10.163139310,3.597804826,-2.441206891,10.194968843,3.601509160,0.036865988
1609060433.678635120,-2.470289463,10.211431130,3.601158679,-2.446419459,10.235574745,3.603085257,0.034005925
1609060433.728372097,-2.476566123,10.263683975,3.603122381,-2.455473338,10.278976555,3.604086903,0.026071036
1609060433.782214165,-2.490112006,10.314875323,3.605978637,-2.464091984,10.321197834,3.605496263,0.026781493
1609060433.829161167,-2.498950545,10.362807771,3.607952774,-2.483929056,10.405934056,3.609257036,0.045686133
1609060433.880794048,-2.515083629,10.410715412,3.609986393,-2.495364391,10.445397601,3.609759941,0.039896789
1609060433.926801205,-2.525810315,10.457505706,3.611983707,-2.508385615,10.488781138,3.611329682,0.035807828
1609060433.981521130,-2.549621467,10.518255142,3.615587519,-2.521115839,10.531269012,3.613658652,0.031395097
1609060434.028669119,-2.564434505,10.567244903,3.618614271,-2.537095821,10.573911379,3.616147443,0.028247669
1609060434.082746029,-2.588830497,10.622124007,3.622074885,-2.571780904,10.657746143,3.622401515,0.039493440
1609060434.128036022,-2.607079264,10.669341621,3.626120017,-2.590254046,10.696102450,3.625222559,0.031623336
1609060434.179499149,-2.636769035,10.711756933,3.630973488,-2.610009531,10.733339947,3.628271066,0.034484789
1609060434.227372169,-2.662264197,10.759443768,3.635866766,-2.635943838,10.777353640,3.632823940,0.031980988
1609060434.278692007,-2.695110441,10.807612746,3.641363536,-2.665111405,10.823013024,3.636648408,0.034049128
1609060434.329144001,-2.726455620,10.855176532,3.647365345,-2.691334448,10.859961229,3.641359405,0.035950819
1609060434.378516197,-2.760464344,10.898584164,3.653603229,-2.721814850,10.900113319,3.646984978,0.039241852
1609060434.427966118,-2.794250591,10.942315641,3.659584619,-2.751235824,10.936183979,3.652285167,0.044058477
1609060434.478496075,-2.831038193,10.982770693,3.664064665,-2.814675341,11.005591281,3.661798959,0.028171894
1609060434.527953148,-2.868568805,11.023942810,3.671669661,-2.849699724,11.040642045,3.669474075,0.025292830
1609060434.579734087,-2.913102767,11.063973601,3.681153539,-2.883244760,11.072718011,3.675549531,0.031612816
1609060434.638806105,-2.962815650,11.108813779,3.689876472,-2.963387915,11.140408160,3.689065416,0.031609971
1609060434.685126066,-3.006158685,11.140235949,3.695905595,-3.003520023,11.171163785,3.696247387,0.031042075
1609060434.728393078,-3.044582367,11.171869130,3.702504914,-3.044664126,11.201326067,3.702720120,0.029457836
1609060434.779199123,-3.093204533,11.205049497,3.708549240,-3.087575642,11.229441302,3.709322441,0.025044808
1609060434.828484058,-3.139492213,11.238109763,3.715663986,-3.131126275,11.257756336,3.715530693,0.021354027
1609060434.881369114,-3.195141697,11.270851427,3.721086810,-3.175240035,11.284785069,3.722126813,0.024316746
1609060434.930052042,-3.242965105,11.300464043,3.727900652,-3.265545043,11.333078172,3.734385605,0.040194398
1609060434.979966164,-3.298303985,11.326854357,3.738290723,-3.310831016,11.355477566,3.740830939,0.031347524
1609060435.028119087,-3.347611636,11.353588930,3.744634135,-3.357219046,11.379357142,3.747554046,0.027655541
1609060435.079649210,-3.413082002,11.383035357,3.751144686,-3.402711440,11.401639223,3.753115789,0.021390129
1609060435.130227089,-3.468481481,11.410266588,3.758491162,-3.448592062,11.420081151,3.759052058,0.022186240
1609060435.181203127,-3.529405046,11.433466883,3.767644964,-3.545259162,11.461106055,3.772889576,0.032292147
1609060435.226970196,-3.579789924,11.456832156,3.775315427,-3.587111533,11.480048367,3.777703617,0.024460210
1609060435.280694008,-3.645189403,11.477266123,3.782385753,-3.636081210,11.496766042,3.784482464,0.021624112
1609060435.329034090,-3.701452777,11.498359239,3.791230348,-3.691595496,11.516593588,3.791403727,0.020728906
1609060435.379420996,-3.758847039,11.520668590,3.798654149,-3.742570738,11.536627396,3.798476415,0.022795461
1609060435.429876089,-3.814494817,11.541369358,3.805247770,-3.785710480,11.552834329,3.804138087,0.031003468
1609060435.481629133,-3.870244056,11.561374214,3.810155353,-3.878652602,11.585219522,3.813468131,0.025500527
1609060435.527260065,-3.918469216,11.580104630,3.813497547,-3.922608107,11.603000292,3.817607019,0.023626882
1609060435.578764200,-3.973718919,11.599302023,3.815500800,-3.964550346,11.620025071,3.821485113,0.023437565
1609060435.627921104,-4.023428231,11.619268336,3.819562372,-4.013370000,11.637706694,3.824559463,0.021589627
1609060435.678073168,-4.075068694,11.638479802,3.826441805,-4.061516154,11.655398190,3.828031163,0.021735438
1609060435.729574203,-4.126506255,11.659814608,3.830580922,-4.104392789,11.673149857,3.831984671,0.025861259
1609060435.779999018,-4.179456666,11.677284513,3.831221877,-4.147466098,11.690273943,3.834847264,0.034716929
1609060435.828428030,-4.226199833,11.697552696,3.834503465,-4.231249939,11.722987572,3.838944787,0.026308968
1609060435.881323099,-4.276395581,11.717648507,3.837820351,-4.268742816,11.739908951,3.842125584,0.023929630
1609060435.928601027,-4.319058715,11.737767224,3.840595245,-4.307876342,11.757853706,3.845518447,0.023510639
1609060435.979134083,-4.367352854,11.755142744,3.844769397,-4.348500304,11.775384390,3.848180983,0.027870805
1609060436.028963089,-4.411640727,11.777727296,3.847946923,-4.427813509,11.810442321,3.854617357,0.037098874
1609060436.079155207,-4.458766510,11.798241809,3.850752935,-4.467105504,11.830335803,3.857856829,0.033912072
1609060436.128490210,-4.503481276,11.821518845,3.853940978,-4.507230569,11.849616526,3.860426402,0.029079160
1609060436.178976059,-4.555492424,11.850642093,3.859729150,-4.548870258,11.868069521,3.862165901,0.018801757
1609060436.229210138,-4.602787999,11.876589630,3.863968248,-4.585625893,11.886268815,3.865792409,0.019787674
1609060436.281616211,-4.656837097,11.901013409,3.873362215,-4.670620887,11.925907002,3.875002960,0.028502208
1609060436.328548193,-4.702820561,11.925998985,3.879962581,-4.709804617,11.942609044,3.879347190,0.018029138
1609060436.378961086,-4.752950657,11.942528575,3.885327417,-4.749395044,11.960102096,3.884672679,0.017941563
1609060436.429300070,-4.803946239,11.964177108,3.891997168,-4.788878938,11.978312866,3.890937556,0.020687339
1609060436.481732130,-4.857368605,11.990198577,3.899325817,-4.871818607,12.015349567,3.899154751,0.029006967
1609060436.530310154,-4.909065300,12.012645861,3.905596784,-4.914952342,12.031625530,3.904155118,0.019923942
1609060436.580796003,-4.964144420,12.034724230,3.911484496,-4.957226884,12.049930327,3.909422534,0.016832391
1609060436.628488064,-5.015580995,12.056619056,3.916722776,-5.001849622,12.068743122,3.913587143,0.018584289
1609060436.680999994,-5.073301805,12.078535252,3.920904015,-5.049633572,12.086142415,3.917813433,0.025052063
1609060436.731419086,-5.129254363,12.098747153,3.924891399,-5.140343577,12.120907630,3.926426069,0.024827659
1609060436.778729200,-5.182649995,12.116919306,3.928312565,-5.186170236,12.138951295,3.930414137,0.022410204
1609060436.828267097,-5.237172467,12.137708921,3.932752529,-5.235708529,12.154813281,3.934649348,0.017271368
1609060436.880110025,-5.296535001,12.156143727,3.938373279,-5.285745630,12.171349307,3.937899435,0.018650596
1609060436.929759979,-5.352214581,12.175597627,3.942464010,-5.333234951,12.186954024,3.941491847,0.022139088
1609060436.981503010,-5.409258587,12.190554985,3.947549876,-5.428496048,12.218924999,3.947736060,0.034277868
1609060437.028449059,-5.461386816,12.207636422,3.951534266,-5.475191943,12.231561635,3.951100900,0.027625806
1609060437.082385063,-5.520613855,12.224100631,3.955919070,-5.523356526,12.245740112,3.953833898,0.021912035
1609060437.128386021,-5.571336903,12.239810375,3.959693354,-5.570492162,12.260004033,3.957238194,0.020359892
1609060437.181104183,-5.629329349,12.254223193,3.961223495,-5.619813046,12.273187325,3.960395929,0.021234010
1609060437.229670048,-5.682640790,12.269274467,3.964374809,-5.716446949,12.296011042,3.965109117,0.043107309
1609060437.279520988,-5.745963240,12.284837559,3.968722878,-5.760260989,12.308128894,3.967670351,0.027349949
1609060437.328559160,-5.801326053,12.299623775,3.971372957,-5.809289441,12.319254673,3.968880810,0.021330694
1609060437.379776001,-5.864163790,12.311993125,3.972641038,-5.858147002,12.328179575,3.970229480,0.017436127
1609060437.437894106,-5.931724866,12.328516883,3.973779537,-5.953724271,12.348903358,3.973163267,0.029999366
1609060437.484019995,-5.980116084,12.337244430,3.976412236,-6.002846764,12.357961887,3.973883037,0.030859255
1609060437.532320023,-6.037247988,12.347355023,3.978955233,-6.051729922,12.365802248,3.973525681,0.024072942
1609060437.579575062,-6.092283968,12.358465159,3.979907499,-6.100843897,12.373422206,3.974162831,0.018165540
1609060437.628848076,-6.149465858,12.368038287,3.980544332,-6.149261124,12.382359361,3.975374327,0.015227082
1609060437.681441069,-6.209881487,12.375483961,3.980891996,-6.197300445,12.389491899,3.976439024,0.019347710
1609060437.729734182,-6.264806994,12.383384504,3.982335830,-6.245033827,12.394081253,3.976363253,0.023260917
1609060437.780804157,-6.321730463,12.390037840,3.984321740,-6.338829442,12.405688985,3.978534885,0.023891864
1609060437.827929020,-6.375626720,12.396441144,3.985955475,-6.387489804,12.410882135,3.979048926,0.019924241
1609060437.880667210,-6.435769966,12.400589594,3.987682997,-6.433938820,12.413628975,3.980318106,0.015087087
1609060437.929320097,-6.489730584,12.406945206,3.989440732,-6.480615700,12.418327874,3.980236853,0.017244060
1609060437.980836153,-6.545989851,12.408169842,3.990146122,-6.571256249,12.427007231,3.982718795,0.032379056
1609060438.029119015,-6.599505620,12.412688294,3.991501760,-6.617515351,12.428296124,3.982984920,0.025307930
1609060438.079920053,-6.655322693,12.414099868,3.991731288,-6.664364715,12.430640562,3.983231439,0.020678496
1609060438.129821062,-6.709561705,12.417611039,3.992213008,-6.709647075,12.432922960,3.982992289,0.017874111
1609060438.180252075,-6.764512082,12.417892292,3.993396165,-6.757967465,12.435035331,3.982985449,0.021097365
1609060438.228499174,-6.815982140,12.420210291,3.993152855,-6.853154772,12.434965034,3.982423613,0.041408014
1609060438.280722141,-6.871233550,12.419369124,3.990262415,-6.898395451,12.436802841,3.981574724,0.033424233
1609060438.328006983,-6.920942791,12.420869473,3.989190538,-6.942258535,12.437451731,3.980902735,0.028249245
1609060438.379569054,-6.985377020,12.422174796,3.987305977,-6.991522316,12.436298372,3.979768272,0.017148092
1609060438.429699183,-7.040458498,12.423320087,3.986575575,-7.037603020,12.434505609,3.979229405,0.013683416
1609060438.481365204,-7.098745444,12.420479061,3.984713091,-7.083557280,12.434812533,3.977817164,0.021992785
1609060438.528198004,-7.150514564,12.420628970,3.983794396,-7.172689865,12.433250204,3.976410649,0.026562364
1609060438.580866098,-7.201780475,12.416620029,3.980781339,-7.216762421,12.430710938,3.975753974,0.021172785
1609060438.628835201,-7.255801127,12.412965290,3.981072719,-7.263250399,12.428829294,3.974831397,0.018604096
1609060438.681217194,-7.313810645,12.410874576,3.979658510,-7.305885055,12.427593837,3.973647050,0.019454725
1609060438.729390144,-7.366934882,12.407991651,3.978369690,-7.399709107,12.419950223,3.972444449,0.035387367
1609060438.779657125,-7.421499851,12.403503116,3.976789908,-7.441733736,12.417645736,3.971652180,0.025215473
1609060438.827876091,-7.474478389,12.400067451,3.974743932,-7.485562855,12.415052914,3.970282020,0.019166067
1609060438.878496170,-7.528635071,12.395394035,3.971332356,-7.531473234,12.411586558,3.969007779,0.016602910
1609060438.928888083,-7.582361338,12.390749544,3.968852779,-7.576632246,12.406833874,3.966969318,0.017177764
1609060438.980331182,-7.636663592,12.383910389,3.966813278,-7.665601839,12.398764276,3.964176639,0.032634521
1609060439.027786016,-7.686699511,12.379718627,3.964912120,-7.707291075,12.394991591,3.961538754,0.025858375
1609060439.079364061,-7.741499842,12.373084504,3.963069208,-7.751289662,12.388380796,3.959934558,0.018429410
1609060439.130916119,-7.795300618,12.367680235,3.960692790,-7.794065845,12.382791249,3.958340504,0.015342772
1609060439.180733204,-7.845886537,12.360691211,3.958385192,-7.875076673,12.373313919,3.953378944,0.032194087
1609060439.228211164,-7.894629273,12.355005969,3.956334104,-7.917569324,12.366472171,3.953036174,0.025857225
1609060439.281038046,-7.949264209,12.345592936,3.955504868,-7.961580111,12.360627355,3.953238681,0.019566574
1609060439.327913046,-7.996445286,12.339564886,3.953614762,-8.000543595,12.354232283,3.949211696,0.015852939
1609060439.379565001,-8.046550467,12.328599606,3.950517873,-8.045294231,12.347035470,3.948176705,0.018626333
1609060439.429732084,-8.096137281,12.321281809,3.948559665,-8.131283413,12.331487948,3.943026439,0.037013950
1609060439.481400013,-8.155986595,12.312394990,3.944702397,-8.171640797,12.324674808,3.941007632,0.020236088
1609060439.539367199,-8.215747550,12.302974471,3.942205564,-8.210948653,12.317295637,3.939783229,0.015296828
1609060439.587499142,-8.268622318,12.291645200,3.939770324,-8.295865819,12.298561476,3.935850767,0.028379678
1609060439.636876106,-8.320340132,12.282554902,3.937932309,-8.336077537,12.291228436,3.935433471,0.018142224
1609060439.681042194,-8.360727834,12.270088911,3.936916046,-8.375908248,12.282761801,3.932798673,0.020199007
1609060439.728736162,-8.409525980,12.256923496,3.936294197,-8.419225850,12.273483739,3.931960094,0.019675202
1609060439.779679060,-8.461058590,12.245729678,3.934099418,-8.462383077,12.262436265,3.928975334,0.017524856
1609060439.829038143,-8.511287813,12.234312949,3.930865740,-8.500990989,12.254341121,3.926803516,0.022883486
1609060439.881503105,-8.564829786,12.221198861,3.926616102,-8.582608321,12.235360108,3.921152984,0.023376545
1609060439.928616047,-8.610225730,12.210766657,3.923208948,-8.622909806,12.225190384,3.918054688,0.019887084
1609060439.981040001,-8.659288492,12.199203164,3.920039246,-8.660759815,12.215863294,3.915188485,0.017414207
1609060440.027599096,-8.702977334,12.189359935,3.916539246,-8.696939363,12.207971560,3.912146497,0.020053576
1609060440.081411123,-8.751987350,12.177395250,3.912572777,-8.738863665,12.196639608,3.908858414,0.023587558
1609060440.128535032,-8.795215349,12.167661334,3.909269755,-8.813828547,12.177357898,3.902314139,0.022110068
1609060440.180097103,-8.840063936,12.156343545,3.905705465,-8.850008172,12.168000287,3.899035348,0.016711012
1609060440.225985050,-8.880106938,12.146835747,3.902016226,-8.886977064,12.158726090,3.896991513,0.014622811
1609060440.279961109,-8.925748443,12.131722218,3.893528651,-8.925069388,12.147628443,3.891517700,0.016047213
1609060440.329184055,-8.966496633,12.121770652,3.888427618,-8.996413908,12.127530086,3.883895431,0.030801869
1609060440.378593206,-9.006668389,12.109508952,3.886155743,-9.032391001,12.116843850,3.880848000,0.027269500
1609060440.426942110,-9.045200073,12.099427136,3.881851246,-9.066610822,12.107626023,3.877096535,0.023414722
1609060440.478640079,-9.085664858,12.086380938,3.875830154,-9.103255596,12.096308598,3.873741432,0.020306532
1609060440.528146982,-9.124179889,12.075534812,3.872006042,-9.133601345,12.088091923,3.870718158,0.015751302
1609060440.580146074,-9.171852595,12.062971852,3.866039780,-9.203542026,12.067012972,3.864735669,0.031972666
1609060440.629389048,-9.210500665,12.052835792,3.863026808,-9.234939533,12.057256873,3.862197479,0.024849386
1609060440.676387072,-9.248318492,12.040436445,3.860092613,-9.265478887,12.047573466,3.860038250,0.018585456
1609060440.727923155,-9.288359933,12.028587473,3.857064536,-9.294957424,12.038777329,3.857603340,0.012151146
1609060440.786754131,-9.330656414,12.016000366,3.854864072,-9.357044099,12.019582368,3.853618383,0.026658815
1609060440.827316999,-9.360272573,12.005845143,3.852864250,-9.383720641,12.012456027,3.851959003,0.024378990
1609060440.875877142,-9.395645383,11.995099431,3.851312034,-9.412767253,12.003011544,3.851107126,0.018862713
1609060440.931124210,-9.434236264,11.982265522,3.849884843,-9.441970379,11.993686888,3.849869016,0.013793636
1609060440.979609013,-9.467074983,11.971001022,3.849202405,-9.471253918,11.984465138,3.849935816,0.014116792
1609060441.028758049,-9.499982199,11.960272473,3.850021979,-9.525211032,11.967515170,3.850990856,0.026265746
1609060441.129243135,-9.564780090,11.938340340,3.852516133,-9.554205702,11.957531856,3.851012649,0.021963434
1609060441.182025194,-9.596989459,11.926885761,3.853054705,-9.605034982,11.941310439,3.854372272,0.016569181
1609060441.228152037,-9.624879013,11.917331986,3.853850528,-9.631794921,11.931376420,3.854889203,0.015689320
1609060441.280858994,-9.657080012,11.903305568,3.853188428,-9.681577607,11.912874056,3.856352544,0.026489615
1609060441.329025030,-9.685387023,11.893019166,3.854384913,-9.705555112,11.904379323,3.859555278,0.023717876
1609060441.378175020,-9.712503930,11.881308370,3.856825705,-9.730187151,11.894131874,3.860117461,0.022090138
1609060441.428585052,-9.741057508,11.869388291,3.858488199,-9.757245286,11.882557490,3.862368963,0.021225746
1609060441.478903055,-9.768547198,11.857795515,3.862577536,-9.781497512,11.871561057,3.863799913,0.018939245
1609060441.537096977,-9.801027960,11.844220336,3.865526264,-9.831071776,11.849777423,3.867460617,0.030614601
1609060441.583423138,-9.828544641,11.833551172,3.866982890,-9.855486184,11.836962246,3.869696983,0.027291912
1609060441.627671003,-9.852983198,11.821894323,3.869900720,-9.876818269,11.824717799,3.871993626,0.024092797
1609060441.680040121,-9.887673587,11.800444293,3.878647854,-9.900562211,11.809902413,3.873792472,0.016707704
1609060441.728864193,-9.916694660,11.782639762,3.882220087,-9.924873037,11.793486411,3.875541122,0.015137510
1609060441.781987190,-9.947532521,11.759786540,3.882633205,-9.951138609,11.774670770,3.878257984,0.015927546
1609060441.830039978,-9.976359495,11.738599653,3.885690993,-9.998583556,11.736797988,3.882856553,0.022476408
1609060441.894683123,-10.011771607,11.706620561,3.885968218,-10.024627760,11.713203178,3.883309320,0.014686091
1609060441.930989981,-10.033336104,11.685391167,3.887677548,-10.049610093,11.689545831,3.885560810,0.016928807
1609060441.978468180,-10.061859213,11.658694600,3.890195560,-10.073495403,11.665859356,3.887333235,0.013961646
1609060442.026913166,-10.091385956,11.627774286,3.892620787,-10.098497308,11.638895118,3.889518407,0.013559831
1609060442.082087994,-10.124524705,11.590763946,3.895348933,-10.125765232,11.608507917,3.891542420,0.018190023
1609060442.129801989,-10.153183750,11.555340202,3.896886326,-10.174657646,11.547086709,3.895820386,0.023030080
1609060442.180477142,-10.182694258,11.515856650,3.898071203,-10.198155769,11.514079188,3.898209529,0.015563960
1609060442.228999138,-10.212716246,11.474038168,3.902350723,-10.225802445,11.476279163,3.901329104,0.013315944
1609060442.280194044,-10.244228606,11.427528477,3.908324731,-10.252962325,11.436877277,3.904898019,0.013244632
1609060442.330140114,-10.275154176,11.379145919,3.912119863,-10.276869282,11.396752684,3.908882968,0.017983805
1609060442.380113125,-10.304500052,11.327850528,3.918352001,-10.328019975,11.309389666,3.915054584,0.030080944
1609060442.429234982,-10.334220576,11.274560425,3.923175680,-10.355793422,11.261056678,3.918665363,0.025847279
1609060442.480772018,-10.365188597,11.219802585,3.928228738,-10.378909022,11.215222607,3.922996779,0.015381796
1609060442.528684139,-10.393253276,11.164522544,3.933829080,-10.403611974,11.165830751,3.927382289,0.012270907
1609060442.580502987,-10.420570762,11.103637475,3.938948475,-10.426366943,11.117451548,3.931767976,0.016612764
1609060442.628773212,-10.447380473,11.044986143,3.944795113,-10.475658597,11.010039092,3.941398524,0.045083096
1609060442.681797981,-10.475790143,10.979602825,3.948850025,-10.499406344,10.957387914,3.946288858,0.032523634
1609060442.728772163,-10.500234193,10.921023945,3.954601966,-10.522223912,10.903445191,3.951238587,0.028352648
1609060442.780261040,-10.530262321,10.844804683,3.958940212,-10.545953130,10.846012357,3.957340473,0.015818317
1609060442.829646111,-10.555528754,10.777602826,3.965107764,-10.567463445,10.790472819,3.963111508,0.017665181
1609060442.881582022,-10.585879318,10.700896338,3.973258644,-10.610120844,10.674202404,3.974890712,0.036095448
1609060442.927739143,-10.609069328,10.634899502,3.979609116,-10.630486107,10.615388554,3.982863305,0.029153820
1609060442.978944063,-10.633405633,10.567504087,3.989775194,-10.650354777,10.557483356,3.988765973,0.019715655
1609060443.029739141,-10.657944900,10.495732546,3.998560036,-10.667640179,10.501225844,3.996540108,0.011324967
1609060443.082411051,-10.681519895,10.421034899,4.008450101,-10.703222800,10.388260227,4.012055141,0.039473934
1609060443.127682209,-10.700118719,10.357795329,4.017863670,-10.719061465,10.333461905,4.020962599,0.030992685
1609060443.179086208,-10.718651673,10.288203043,4.029091773,-10.734504564,10.276022144,4.030612916,0.020049995
1609060443.228727102,-10.736934778,10.221135927,4.039867211,-10.747671477,10.223435635,4.039856132,0.010980231
1609060443.281817198,-10.756271132,10.152349574,4.050663990,-10.761300619,10.169887328,4.049017210,0.018318855
1609060443.328857183,-10.770518631,10.091926059,4.060318053,-10.787473434,10.060306800,4.067649139,0.036619499
1609060443.380503178,-10.784262243,10.028040062,4.070485501,-10.799230244,10.005679393,4.077120370,0.027713933
1609060443.427570105,-10.796163803,9.969207328,4.080369508,-10.809462319,9.951704572,4.086682739,0.022870371
1609060443.482220173,-10.809461491,9.900429224,4.091273294,-10.819844471,9.897426469,4.095459523,0.011590829
1609060443.528699160,-10.818574221,9.844668056,4.100706274,-10.828028378,9.845254000,4.103926195,0.010004615
1609060443.588477135,-10.829430139,9.775639562,4.114920405,-10.843211467,9.745925654,4.120020807,0.033148988
1609060443.632436991,-10.835627402,9.725000302,4.124262228,-10.850036836,9.697952827,4.128303564,0.030911650
1609060443.679489136,-10.842217936,9.672439445,4.131631314,-10.854300629,9.651834597,4.135414555,0.024183964
1609060443.728943110,-10.847202449,9.616986440,4.141049623,-10.858134278,9.604181995,4.144060026,0.017103252
1609060443.781625986,-10.852532190,9.559610087,4.151387620,-10.862472214,9.556853065,4.151824761,0.010324550
1609060443.830082178,-10.855503654,9.508354829,4.160328306,-10.867187144,9.463810251,4.166983835,0.046529769
1609060443.879235983,-10.859951626,9.448760215,4.169698212,-10.869194680,9.421396587,4.174246267,0.029238451
1609060443.928887129,-10.861328515,9.395800238,4.179604812,-10.870814716,9.377569491,4.183476393,0.020912609
1609060443.980231047,-10.862094871,9.341713155,4.188434258,-10.872353538,9.334617832,4.190146337,0.012590276
1609060444.029864073,-10.861289209,9.290843843,4.197472056,-10.871406638,9.291868606,4.197081334,0.010176697
1609060444.080605030,-10.859876157,9.244051862,4.205369648,-10.869179195,9.251399366,4.203475239,0.012005045
1609060444.129366159,-10.858342106,9.197289900,4.213497719,-10.866086532,9.171810422,4.216538048,0.026803424
1609060444.179435015,-10.855495419,9.149813857,4.221051015,-10.863028584,9.136099469,4.222592110,0.015722849
1609060444.228093147,-10.851562024,9.103761826,4.228907844,-10.859069624,9.101361487,4.229006775,0.007882605
1609060444.281483173,-10.846664663,9.056433260,4.238305882,-10.856393835,9.065777780,4.235223115,0.013837640
1609060444.331593037,-10.841604800,9.011931119,4.246166303,-10.846400506,8.990729536,4.248414762,0.021853180
1609060444.387536049,-10.835270271,8.963098990,4.254034440,-10.841249659,8.957035231,4.255177032,0.008592309
1609060444.432651043,-10.829603588,8.926668963,4.259349455,-10.837198822,8.921121633,4.260066668,0.009432648
1609060444.485102177,-10.822847638,8.885431650,4.265572505,-10.831979040,8.887524035,4.265475358,0.009368566
1609060444.534483194,-10.815879843,8.848010025,4.271783015,-10.825267407,8.856433118,4.271192556,0.012626301
1609060444.581612110,-10.809300882,8.816158362,4.278596998,-10.818583687,8.825321304,4.276551078,0.013202869
1609060444.630171061,-10.800878121,8.782470445,4.284012598,-10.805344289,8.766356835,4.285877199,0.016824739
1609060444.679744005,-10.795011356,8.750019864,4.288148167,-10.796832994,8.738668140,4.289594244,0.011587543
1609060444.729159117,-10.786163137,8.718786439,4.292650533,-10.788703236,8.710844542,4.293437971,0.008375314
1609060444.780722141,-10.776705842,8.687453466,4.299482511,-10.780894572,8.683689217,4.298414013,0.005732078
1609060444.830566168,-10.767626386,8.659107596,4.304046215,-10.772921298,8.658979272,4.301243259,0.005992423
1609060444.881223202,-10.757875681,8.632305207,4.310372682,-10.764651357,8.634372535,4.303689530,0.009739002
1609060444.930093050,-10.748041162,8.605463298,4.314029148,-10.748383022,8.588583374,4.309470633,0.017487961
1609060444.979432106,-10.737812451,8.578882776,4.310060436,-10.740321411,8.568639370,4.311621949,0.010661171
1609060445.028347015,-10.728105862,8.556239225,4.311211531,-10.731888316,8.547615868,4.314027655,0.009828520
1609060445.081011057,-10.717879000,8.532261903,4.313187835,-10.723676192,8.528563541,4.315716224,0.007326531
1609060445.129235029,-10.708700568,8.513847027,4.313861544,-10.716229643,8.513025182,4.315118523,0.007677395
1609060445.181812048,-10.701100168,8.498029706,4.320577644,-10.709005259,8.498945440,4.318408096,0.008248392
1609060445.228995085,-10.693063016,8.484664380,4.323042250,-10.695886965,8.475247390,4.317602439,0.011235922
1609060445.280653000,-10.685313493,8.472875355,4.323556416,-10.690046770,8.466669802,4.319224186,0.008926422
1609060445.329303980,-10.679046764,8.465265739,4.323995789,-10.684549583,8.460829567,4.318412402,0.009007488
1609060445.380624056,-10.674032839,8.461736225,4.324596883,-10.681217311,8.456423056,4.317563977,0.011371375
1609060445.430977106,-10.670742308,8.460256886,4.324000475,-10.678549465,8.454829020,4.315612931,0.012679287
1609060445.480096102,-10.669717782,8.462761239,4.323177972,-10.673994686,8.461780235,4.314207553,0.009986125
1609060445.528472185,-10.669245496,8.469154956,4.322870147,-10.674643132,8.468412485,4.312531232,0.011686698
1609060445.578977108,-10.671408420,8.478055526,4.323136303,-10.677512965,8.477178500,4.311037311,0.013580142
1609060445.621975183,-10.676150995,8.489054794,4.322005784,-10.684246471,8.487676918,4.308965039,0.015410914
1609060445.681045055,-10.691535169,8.505693646,4.317708088,-10.695299766,8.500391912,4.306086232,0.013317211
1609060445.731163979,-10.709198313,8.523807906,4.315031705,-10.708852575,8.515727215,4.305406082,0.012572578
1609060445.780709028,-10.728124829,8.542489547,4.309802604,-10.746134887,8.551189793,4.298670423,0.022890651
1609060445.828881025,-10.751198651,8.564589731,4.307062145,-10.768350377,8.572258392,4.297093013,0.021269077
1609060445.880499125,-10.779903707,8.589831962,4.304910581,-10.792578377,8.594063050,4.295049427,0.016606979
1609060445.927330017,-10.808915393,8.615713923,4.302670761,-10.820810407,8.619531360,4.293308938,0.015611147
1609060445.979900122,-10.842161538,8.645540783,4.304367232,-10.851604961,8.647640999,4.292093570,0.015627921
1609060446.029411077,-10.878221238,8.675742466,4.303963588,-10.881415610,8.672701561,4.291343696,0.013368350
1609060446.081185102,-10.926553342,8.710411729,4.314669282,-10.953772397,8.730169906,4.289711959,0.041882341
1609060446.131128073,-10.972531185,8.743149248,4.316623971,-10.993791774,8.759870618,4.288977784,0.038677235
1609060446.178665161,-11.021076441,8.776635141,4.308903325,-11.034327798,8.788470947,4.287095344,0.028129571
1609060446.228984118,-11.073830820,8.811351375,4.307664505,-11.079141575,8.819246099,4.287660674,0.022151389
1609060446.281457186,-11.127411481,8.848113624,4.289979936,-11.124886805,8.846997117,4.286385387,0.004532257
1609060446.328745127,-11.183752934,8.879315448,4.288566805,-11.219196782,8.902671747,4.281085219,0.043101708
1609060446.380972147,-11.246438168,8.912971544,4.284594030,-11.264809517,8.929133632,4.278986669,0.025103029
1609060446.428580046,-11.303111104,8.943762498,4.280209713,-11.316683974,8.957496139,4.275969685,0.019769005
1609060446.480714083,-11.364979039,8.978877666,4.274772023,-11.368412785,8.985004158,4.272898092,0.007268847
1609060446.528998137,-11.422809601,9.009372589,4.270434512,-11.419630348,9.013818649,4.270494245,0.005466138
1609060446.580425978,-11.481964915,9.041208991,4.265849431,-11.516659526,9.068718983,4.262173499,0.044430037
1609060446.628514051,-11.534130397,9.070663085,4.260467209,-11.563119600,9.095208820,4.257390994,0.038109449
1609060446.680069208,-11.588401293,9.101360619,4.254773681,-11.606448684,9.121007864,4.252498149,0.026775000
1609060446.731581211,-11.641540568,9.132206452,4.248637874,-11.649330588,9.148314080,4.248202018,0.017897767
1609060446.780048132,-11.688876258,9.163112138,4.249536326,-11.692640834,9.174227111,4.243259145,0.013308556
1609060446.829411983,-11.735401068,9.191351060,4.245156912,-11.735750319,9.199356664,4.239086918,0.010052687
1609060446.880906105,-11.783939024,9.222888877,4.235032236,-11.817039114,9.251696887,4.229726058,0.044200372
1609060446.930359125,-11.825559234,9.251497699,4.230008191,-11.854441348,9.276882011,4.224579134,0.038833162
1609060446.979737997,-11.867473976,9.278425151,4.219358718,-11.890800431,9.302618882,4.220096648,0.033615542
1609060447.028401136,-11.906397606,9.308727050,4.214117793,-11.925569533,9.330045440,4.215541429,0.028706503
1609060447.082936049,-11.947701954,9.341568109,4.213926653,-11.955594171,9.355604054,4.210560634,0.016450682
1609060447.130169153,-11.976871437,9.369112298,4.209254807,-12.007855030,9.405438105,4.201178190,0.048422918
1609060447.180736065,-12.007378212,9.401950642,4.200800936,-12.030735744,9.430845558,4.196537362,0.037398777
1609060447.229449034,-12.031512782,9.430994594,4.195001592,-12.051658063,9.455754064,4.192369416,0.032027989
1609060447.281094074,-12.057642255,9.465009733,4.189443093,-12.071835642,9.481591532,4.188326726,0.021855310
1609060447.330182076,-12.079301771,9.494800653,4.184341717,-12.091152186,9.506412782,4.185498864,0.016631683
1609060447.375482082,-12.099356941,9.524003232,4.183456788,-12.123978913,9.556675436,4.177846500,0.041293943
1609060447.423263073,-12.116901785,9.554822792,4.180944555,-12.137752105,9.582668600,4.176404410,0.035081872
1609060447.477159977,-12.133800749,9.590278826,4.177800153,-12.148720240,9.606702616,4.172307402,0.022858312
1609060447.528703213,-12.147995934,9.622998058,4.173161154,-12.159652369,9.633535533,4.167288206,0.016775052
1609060447.581300020,-12.161836320,9.654605507,4.166884662,-12.168241861,9.657991014,4.164941006,0.007501361
1609060447.628663063,-12.172125025,9.684867505,4.163153100,-12.184239516,9.708765045,4.159338568,0.027062963
1609060447.681246996,-12.181901317,9.719182513,4.160237998,-12.190399582,9.733236365,4.155138946,0.017196849
1609060447.728794098,-12.189101294,9.749571200,4.155848738,-12.197005013,9.759302400,4.151966027,0.013124041
1609060447.778280020,-12.195454372,9.780978169,4.150559348,-12.201710420,9.787162588,4.149457900,0.008865571
1609060447.830143213,-12.201249407,9.814455783,4.146390117,-12.205603751,9.813767714,4.144889103,0.004656908
1609060447.882296085,-12.207429748,9.847749124,4.145578369,-12.215940604,9.871106439,4.139471222,0.025598752
1609060447.928719997,-12.212678058,9.879410733,4.142334750,-12.219605768,9.898439333,4.134570997,0.021687707
1609060447.979175091,-12.219441380,9.913655100,4.132544796,-12.225640223,9.926629612,4.131997840,0.014389676
1609060448.028673172,-12.225917211,9.945452219,4.127777379,-12.231086071,9.951969307,4.130260604,0.008680781
1609060448.081704140,-12.234956639,9.980509105,4.123607692,-12.239608534,9.980692273,4.125477221,0.005016853
1609060448.130548000,-12.244362794,10.014536346,4.119398103,-12.254955532,10.037082020,4.121273354,0.024980594
1609060448.182169199,-12.256316786,10.047978241,4.123132764,-12.264050884,10.064378203,4.119192763,0.018555286
1609060448.228177071,-12.265866409,10.077260799,4.120994133,-12.272376535,10.093256339,4.116382381,0.017874767
1609060448.279637098,-12.278853911,10.112838554,4.116780191,-12.283666020,10.121992820,4.114404987,0.010611248
1609060448.330150127,-12.292469768,10.144822102,4.114614040,-12.295017452,10.148043479,4.113725377,0.004202105
1609060448.380889177,-12.310192165,10.180657358,4.113317397,-12.322679614,10.203464141,4.112076686,0.026031233
1609060448.430328131,-12.328853073,10.214894512,4.112773861,-12.339148587,10.232592940,4.111562189,0.020510975
1609060448.481029034,-12.348975452,10.251260456,4.112579427,-12.355979273,10.260904486,4.111095664,0.012010928
1609060448.528560162,-12.368100806,10.282889809,4.114238324,-12.373568396,10.290064334,4.112586442,0.009170446
1609060448.582046986,-12.392237943,10.318849331,4.115130580,-12.392242588,10.315744240,4.112371686,0.004153686
1609060448.629378080,-12.414491652,10.349647442,4.115280582,-12.432918091,10.369737257,4.114337638,0.027276793
1609060448.682945013,-12.441434629,10.384735459,4.115311296,-12.454346120,10.396261479,4.115780236,0.017314031
1609060448.728159189,-12.464665240,10.413403906,4.116585704,-12.475441418,10.421038557,4.116403035,0.013207849
1609060448.781961203,-12.493867571,10.445672811,4.118732226,-12.500005318,10.446947196,4.118883325,0.006270473
1609060448.830974102,-12.522529938,10.473990022,4.120736838,-12.523574585,10.470061022,4.120193754,0.004101618
1609060448.882435083,-12.552873929,10.502207266,4.122991222,-12.572886452,10.515109288,4.121854327,0.023838117
1609060448.929800034,-12.580628716,10.528286992,4.124934843,-12.599425823,10.538243207,4.123723934,0.021305487
1609060448.980499029,-12.612347991,10.554238715,4.126390995,-12.624608681,10.559193484,4.124953707,0.013301882
1609060449.029496193,-12.642588244,10.578503794,4.128533757,-12.652554709,10.583523525,4.126282791,0.011383979
1609060449.081385136,-12.677220906,10.603432477,4.132295463,-12.682939484,10.604695444,4.128546873,0.006953355
1609060449.129601002,-12.706780567,10.625592682,4.134862347,-12.710736261,10.624208179,4.130713865,0.005896970
1609060449.182257175,-12.740920564,10.648370022,4.141028491,-12.767039277,10.663093965,4.135610724,0.030468572
1609060449.229597092,-12.771400905,10.667521445,4.144240730,-12.792593344,10.680557555,4.136993587,0.025914875
1609060449.281344175,-12.806095318,10.689179014,4.144344342,-12.821144240,10.697588871,4.138063289,0.018347952
1609060449.328800201,-12.836957848,10.707449551,4.147382435,-12.850144373,10.716092455,4.141037690,0.016995294
1609060449.380174160,-12.876205570,10.727616072,4.151260279,-12.881815983,10.733346003,4.142872568,0.011604419
1609060449.429436207,-12.911264199,10.745255122,4.154183481,-12.912384404,10.748204934,4.144857782,0.009845045
1609060449.481356144,-12.949607579,10.765675804,4.154734949,-12.971840194,10.776922984,4.147379562,0.025978644
1609060449.530636072,-12.983711989,10.780756761,4.156758774,-13.001146482,10.790040247,4.148723499,0.021323938
1609060449.580252171,-13.017579854,10.794714367,4.154866308,-13.029499540,10.801588080,4.149456160,0.014785011
1609060449.629147053,-13.051383982,10.809477472,4.157513608,-13.057782111,10.814609535,4.150434557,0.010834532
1609060449.680668116,-13.087651276,10.824080656,4.158138972,-13.088774447,10.824323268,4.151041214,0.007190169
1609060449.730679035,-13.122420879,10.836326276,4.157201249,-13.115796077,10.835964348,4.151233898,0.008923468
1609060449.780331135,-13.157823772,10.847252999,4.155734268,-13.177453511,10.853978993,4.151955481,0.021091346
1609060449.829497099,-13.192259659,10.857470680,4.154970809,-13.207514554,10.862970596,4.152216333,0.016448345
1609060449.881090164,-13.227784115,10.867487808,4.154424325,-13.237319647,10.870305895,4.152932812,0.010054481
1609060449.932608128,-13.263443791,10.876696050,4.153477667,-13.269759377,10.877400723,4.152277593,0.006467099
1609060449.981177092,-13.296697092,10.884128747,4.152663952,-13.302207454,10.884130604,4.152990028,0.005520001
1609060450.029534101,-13.330987589,10.889638709,4.153993117,-13.331559016,10.889898523,4.153208877,0.001004521
1609060450.083388090,-13.370221087,10.894471996,4.157569942,-13.394222629,10.896181438,4.154714288,0.024231198
1609060450.135148048,-13.406911817,10.898154887,4.158015086,-13.424725471,10.898459132,4.153499124,0.018379683
1609060450.181058168,-13.439828628,10.901223135,4.153158970,-13.453131565,10.901180662,4.155647510,0.013533764
1609060450.228619099,-13.473722431,10.902840087,4.153573120,-13.485855793,10.901615493,4.156144239,0.012463096
1609060450.282606125,-13.514293852,10.906641278,4.160424088,-13.518695374,10.903315601,4.156738835,0.006634350
1609060450.330546141,-13.550804116,10.908920312,4.162961956,-13.581498267,10.907478475,4.156779562,0.031343767
1609060450.379955053,-13.587238365,10.908541767,4.162808506,-13.611913175,10.907490066,4.160075553,0.024847965
1609060450.428682089,-13.621546478,10.908142069,4.164724381,-13.644110414,10.907383925,4.160692907,0.022933792
1609060450.482573032,-13.666256136,10.911751761,4.162078300,-13.676141387,10.908629688,4.160553072,0.010478161
1609060450.531778097,-13.705051948,10.912778297,4.162115541,-13.710102204,10.909696283,4.161543229,0.005944026
1609060450.581305027,-13.748054984,10.914715988,4.163104194,-13.782273074,10.909636588,4.162177724,0.034605438
1609060450.629453182,-13.787900544,10.914928192,4.163810540,-13.817640933,10.911812412,4.164140068,0.029904974
1609060450.681060076,-13.833443826,10.921022838,4.168529095,-13.855848101,10.915112950,4.165378286,0.023383881
1609060450.728013039,-13.875024293,10.925360793,4.169324505,-13.894317255,10.917821763,4.165572428,0.021050735
1609060450.781613111,-13.924515667,10.933232837,4.171355135,-13.933096969,10.924568179,4.168173111,0.012603187
1609060450.828855038,-13.968315845,10.941185638,4.172462073,-13.970779122,10.930731312,4.166718219,0.012180006
1609060450.881541014,-14.018610758,10.953302043,4.172465211,-14.053824496,10.949161480,4.169715153,0.035562823
1609060450.930435181,-14.066433266,10.965393779,4.175623890,-14.093313337,10.960139577,4.170801788,0.027810025
1609060450.980435133,-14.116255835,10.979705602,4.179892943,-14.133494858,10.973869229,4.168965540,0.021228643
1609060451.032390118,-14.168851205,10.998798797,4.178253715,-14.177736031,10.990678875,4.170095946,0.014540373
1609060451.090063095,-14.227066773,11.020881211,4.177197805,-14.269042677,11.026748210,4.173653960,0.042531835
1609060451.134982109,-14.273147961,11.040901525,4.177445614,-14.312831816,11.046805931,4.173356386,0.040328553
1609060451.179135084,-14.319020594,11.061684904,4.171077831,-14.354738938,11.068656401,4.175284457,0.036634650
1609060451.228018999,-14.370430681,11.087948188,4.171280523,-14.400201626,11.091950462,4.176851653,0.030551021
1609060451.280712128,-14.425513904,11.114608302,4.176180253,-14.446085861,11.114829169,4.178296050,0.020681653
1609060451.330120087,-14.477881394,11.142942361,4.176611328,-14.490253687,11.139446243,4.179780274,0.013241552
1609060451.380979061,-14.532397668,11.172871614,4.182220333,-14.534993030,11.165670777,4.180257504,0.007901940
1609060451.428116083,-14.579067081,11.197565014,4.183199137,-14.621078292,11.215528269,4.183157972,0.045690503
1609060451.479802132,-14.631222474,11.229256192,4.184390894,-14.660264882,11.239860405,4.182926150,0.030952484
1609060451.530027151,-14.681809507,11.258842803,4.184535534,-14.707257889,11.269393241,4.183770822,0.027559331
1609060451.579686165,-14.734922764,11.289023134,4.186948368,-14.755177788,11.298785816,4.183758358,0.022710177
1609060451.630514145,-14.785514915,11.318171034,4.186990737,-14.795506789,11.323102111,4.182418996,0.012043831
1609060451.684009075,-14.840677751,11.351793781,4.184102837,-14.876474146,11.375267089,4.181839396,0.042866086
1609060451.728813171,-14.882673090,11.376320220,4.183632866,-14.913363349,11.397416207,4.181518496,0.037301518
1609060451.780947208,-14.930421246,11.407298351,4.182469043,-14.950218181,11.419476056,4.181270781,0.023273396
1609060451.828563213,-14.971148729,11.430266117,4.180693102,-14.983707903,11.439773782,4.180938636,0.015754010
1609060451.881102085,-15.013843303,11.454724756,4.179992485,-15.017127016,11.459528257,4.180442560,0.005836005
1609060451.930507183,-15.050982211,11.475184787,4.179740365,-15.077968808,11.492242523,4.179537506,0.031926226
1609060451.979911089,-15.086223235,11.494454917,4.179939356,-15.104692095,11.506758629,4.179124941,0.022206832
1609060452.030478001,-15.118229126,11.511957930,4.178900371,-15.132041879,11.520645398,4.178869324,0.016317635
1609060452.079850197,-15.147086029,11.528439303,4.177734803,-15.157452685,11.532543745,4.178256272,0.011161807
1609060452.141802073,-15.185264603,11.546449169,4.178949351,-15.182997355,11.544575081,4.177997091,0.003091831
1609060452.179795027,-15.206922600,11.556925066,4.179510954,-15.228089147,11.565679584,4.178021932,0.022953899
1609060452.229011059,-15.232826953,11.568606895,4.180511001,-15.249951686,11.573836163,4.178290366,0.018042532
1609060452.279659033,-15.255883078,11.578890640,4.178578427,-15.269802345,11.581464387,4.178299905,0.014157957
1609060452.328589201,-15.277039424,11.586603510,4.179123111,-15.289020485,11.588111444,4.179472105,0.012080625
1609060452.381144047,-15.301062120,11.595424863,4.179552201,-15.307897717,11.594071406,4.180569180,0.007042121
1609060452.430617094,-15.321670384,11.602637950,4.180729888,-15.343051780,11.604933488,4.181016165,0.021506175
1609060452.479754210,-15.342614781,11.609133104,4.182768742,-15.361310564,11.610027707,4.183685538,0.018739614
1609060452.529028177,-15.362130485,11.615393715,4.184886179,-15.378972753,11.614796867,4.186707954,0.016951020
1609060452.579004049,-15.383129916,11.622362466,4.190239978,-15.395855737,11.619722366,4.188574433,0.013103079
1609060452.630564213,-15.404584398,11.628158092,4.193643804,-15.414360477,11.624633989,4.191786932,0.010556468
1609060452.681979179,-15.428066829,11.634398369,4.193230055,-15.432051889,11.628544138,4.193135324,0.007082493
1609060452.729056120,-15.448424837,11.639265237,4.196380915,-15.469769155,11.639381424,4.201674956,0.021991368
1609060452.779504061,-15.473959622,11.645937028,4.201058341,-15.488116577,11.643879426,4.205757500,0.015057728
1609060452.830963135,-15.498521083,11.652674153,4.206513317,-15.509062661,11.649362499,4.209759100,0.011516382
1609060452.880644083,-15.525473375,11.662042037,4.214047522,-15.528778960,11.654603117,4.213521439,0.008157279
1609060452.931265116,-15.551420130,11.669426057,4.221416638,-15.571133702,11.666036633,4.224265380,0.020204664
1609060452.979619980,-15.576281972,11.675901845,4.227354036,-15.592154262,11.671047268,4.228759555,0.016657491
1609060453.028874159,-15.602547947,11.682998949,4.233492363,-15.614782549,11.678399776,4.234691544,0.013125392
1609060453.081588984,-15.632197876,11.690590616,4.240137455,-15.637368339,11.685097509,4.238526268,0.007713873
1609060453.129861116,-15.660050756,11.700558798,4.245824654,-15.662925472,11.692032076,4.244768319,0.009060068
1609060453.181578159,-15.690555926,11.711284838,4.251849855,-15.714336895,11.711202479,4.255513575,0.024061673
1609060453.228747129,-15.719536509,11.721087072,4.257411347,-15.740681646,11.720629227,4.261099146,0.021469195
1609060453.280352116,-15.752814089,11.732916205,4.262876659,-15.768381796,11.729234108,4.266986352,0.016516687
1609060453.330042124,-15.784699559,11.744435084,4.269494193,-15.796162682,11.738440477,4.272444573,0.013268129
1609060453.383922100,-15.818185343,11.756183286,4.277982084,-15.821796327,11.748079227,4.279367836,0.008979715
1609060453.429046154,-15.846490971,11.766273052,4.284340918,-15.876571447,11.766226052,4.287474839,0.030243325
1609060453.481620073,-15.881744934,11.778285169,4.292664997,-15.904351310,11.775736265,4.298611467,0.023513947
1609060453.530162096,-15.911632011,11.788519404,4.299173653,-15.930894707,11.787284551,4.303854233,0.019861625
1609060453.580815077,-15.942898760,11.799643514,4.301651539,-15.958363550,11.796486472,4.308190326,0.017084566
1609060453.629384041,-15.972814368,11.810047160,4.307448500,-15.986488409,11.806501419,4.315149195,0.016088891
1609060453.682363987,-16.005251197,11.820179679,4.317469312,-16.013924670,11.816059434,4.322242293,0.010723195
1609060453.732746124,-16.035363242,11.830084485,4.324072179,-16.040033231,11.824962814,4.327118496,0.007571022
1609060453.780745029,-16.067742727,11.839071914,4.330000523,-16.090585540,11.841230891,4.339523508,0.024842355
1609060453.828164101,-16.094977051,11.847107250,4.336655943,-16.113119661,11.848882228,4.346129680,0.020544015
1609060453.880906105,-16.126890891,11.858436963,4.345882210,-16.136748990,11.856985522,4.352048164,0.011717840
1609060453.931298018,-16.155296570,11.864831156,4.354135194,-16.162288919,11.862648268,4.359047990,0.008820063
1609060453.980770111,-16.181996271,11.869220303,4.362552711,-16.205893276,11.872385300,4.372850172,0.026213007
1609060454.029380083,-16.206946046,11.873087547,4.370027493,-16.226330925,11.875060733,4.378820884,0.021377341
1609060454.081245184,-16.232115821,11.875965318,4.378205680,-16.244493816,11.876505886,4.384554122,0.013921555
1609060454.129816055,-16.253964192,11.877230201,4.386560666,-16.262505686,11.877192280,4.390092535,0.009242979
1609060454.181892157,-16.276759027,11.877429596,4.396584432,-16.279026159,11.876745015,4.396135982,0.002410321
1609060454.230159998,-16.295417433,11.874721899,4.402265168,-16.311902462,11.871299927,4.407340676,0.017584848
1609060454.280667067,-16.314278884,11.871360269,4.407494839,-16.325084084,11.869477109,4.412352823,0.011995777
1609060454.327840090,-16.329535671,11.868258665,4.414642935,-16.338319818,11.867320173,4.417771121,0.009371636
1609060454.380474091,-16.344523227,11.865315341,4.423049311,-16.352058222,11.863918699,4.423283675,0.007666921
1609060454.430658102,-16.358747164,11.859768223,4.430249075,-16.364199007,11.859026064,4.428745014,0.005703998
1609060454.483566999,-16.375547684,11.853644335,4.435864616,-16.387558412,11.846547505,4.439052163,0.014310243
1609060454.531413078,-16.387979709,11.845772886,4.442499301,-16.398453520,11.838850004,4.443082946,0.012568518
1609060454.578727007,-16.398190144,11.838076170,4.444657653,-16.407805552,11.830139144,4.447844058,0.012868786
1609060454.627688169,-16.406355990,11.827135924,4.450403412,-16.415417812,11.821380331,4.454084266,0.011348663
1609060454.680584192,-16.417103607,11.815446170,4.453002899,-16.423564531,11.810056218,4.458538233,0.010071497
1609060454.731364012,-16.424738887,11.802094520,4.458920010,-16.430576477,11.797607045,4.462358244,0.008126275
1609060454.781885147,-16.431267357,11.787392726,4.466567256,-16.441101018,11.772282692,4.473168483,0.019198703
1609060454.831376076,-16.435638927,11.771421373,4.472114371,-16.445576225,11.758235358,4.480034833,0.018312689
1609060454.881854057,-16.441342631,11.752915601,4.480093510,-16.447891870,11.743078402,4.484318096,0.012550305
1609060454.934195042,-16.443542264,11.732829891,4.486131870,-16.449339954,11.728654893,4.488485993,0.007522347
1609060454.985146046,-16.445604847,11.712262694,4.492392267,-16.452291104,11.711356378,4.495191672,0.007305074
1609060455.032769203,-16.445521382,11.690902091,4.498046246,-16.451885256,11.677209674,4.503218143,0.015960253
1609060455.088777065,-16.445263455,11.663958255,4.504510750,-16.450795112,11.658726875,4.507904414,0.008335678
1609060455.134570122,-16.444215412,11.642152963,4.511856150,-16.448764892,11.638146958,4.512902542,0.006151486
1609060455.183914185,-16.441419855,11.616922619,4.517079855,-16.445223275,11.617394316,4.517028021,0.003832908
1609060455.233921051,-16.436589878,11.591615279,4.522242134,-16.441573479,11.597021454,4.521185369,0.007428308
1609060455.281438112,-16.430966195,11.566551625,4.527536137,-16.431255860,11.549690102,4.529829753,0.017019269
1609060455.329286098,-16.423545342,11.538069439,4.532682571,-16.431255808,11.549689206,4.529826815,0.014234663
1609060455.380719185,-16.414424048,11.506313186,4.537872840,-16.415795333,11.500663656,4.540816087,0.006516158
1609060455.428884983,-16.405042587,11.476473530,4.544576853,-16.407432843,11.472806416,4.546400200,0.004741903
1609060455.480583191,-16.394622130,11.444078467,4.552248919,-16.397893514,11.445595310,4.552441449,0.003611071
1609060455.532083988,-16.382647111,11.410230017,4.559105192,-16.388513102,11.417471797,4.558676906,0.009329344
1609060455.580499172,-16.371581786,11.379022076,4.565332879,-16.365968706,11.357033524,4.572077005,0.023674592
1609060455.628786087,-16.358485132,11.345296630,4.572197556,-16.353860533,11.326786666,4.578735111,0.020167928
1609060455.680741072,-16.343634825,11.310426517,4.581957183,-16.340782622,11.296881673,4.586335830,0.014517933
1609060455.731168985,-16.328252644,11.274721096,4.591611990,-16.327714231,11.266051679,4.594105581,0.009036962
1609060455.779289007,-16.312845039,11.242205703,4.600241480,-16.314509837,11.234181419,4.602571278,0.008519897
1609060455.829546213,-16.295277293,11.205298117,4.610104756,-16.299793202,11.202781824,4.610427676,0.005179714
1609060455.880892038,-16.279136355,11.169587035,4.620711277,-16.269110843,11.136057388,4.627673649,0.035682246
1609060455.928446054,-16.262290546,11.134881522,4.630095533,-16.253209242,11.103537868,4.636069117,0.033174966
1609060455.979711056,-16.244309043,11.088645829,4.638163973,-16.238871051,11.071772141,4.644312498,0.018764260
1609060456.029316187,-16.226208627,11.049887043,4.647519526,-16.223415436,11.039899689,4.652542963,0.011523197
1609060456.081103086,-16.205632612,11.010815445,4.659427152,-16.208156652,11.007679533,4.660683008,0.004216858
1609060456.132400036,-16.185207303,10.970226052,4.668724578,-16.191639183,10.975816571,4.668562270,0.008523457
1609060456.179992199,-16.167105726,10.939299530,4.675647960,-16.157796425,10.907496719,4.685450575,0.034556811
1609060456.229928017,-16.146858853,10.899747289,4.684413891,-16.140728603,10.875105786,4.693610322,0.027006628
1609060456.280745983,-16.125615128,10.859247120,4.692867859,-16.123735753,10.841431982,4.701016051,0.019680046
1609060456.328821182,-16.105441291,10.820822320,4.700464187,-16.104808157,10.804810708,4.706757848,0.017215770
1609060456.375164032,-16.086378116,10.783826831,4.707168328,-16.084498735,10.768000893,4.712347292,0.016757508
1609060456.426805019,-16.063970902,10.742526691,4.713375948,-16.066081783,10.734851889,4.717837341,0.009124825
1609060456.485151052,-16.038019801,10.695215878,4.720616760,-16.028463984,10.667867936,4.724941724,0.029290423
1609060456.528421164,-16.018368669,10.660893155,4.725382777,-16.008864522,10.634156633,4.728401650,0.028535662
1609060456.579080105,-15.996727715,10.621543378,4.730711620,-15.990670922,10.602741379,4.732610770,0.019844562
1609060456.627412081,-15.973422450,10.582340029,4.735305161,-15.972014553,10.570677111,4.735667267,0.011753168
1609060456.680670023,-15.948310377,10.539956452,4.739700947,-15.951357619,10.537472364,4.739038063,0.003986953
1609060456.726881981,-15.924643149,10.502234346,4.743596295,-15.911276502,10.472812250,4.743935631,0.032317830
1609060456.779075146,-15.899363613,10.464032448,4.745664206,-15.888008207,10.438981291,4.746652244,0.027522390
1609060456.827740192,-15.872686203,10.425554200,4.748416085,-15.864701641,10.407843630,4.748150770,0.019429048
1609060456.878676176,-15.845742324,10.386286737,4.745798326,-15.844909246,10.374689299,4.749419130,0.012178046
1609060456.929023027,-15.816395936,10.346838849,4.746521985,-15.794618072,10.309735200,4.751027926,0.043258058
1609060456.978980064,-15.787555084,10.308959464,4.753102421,-15.769524894,10.277798990,4.751943189,0.036019533
1609060457.027249098,-15.757575817,10.271639404,4.753816465,-15.742994135,10.244474693,4.751847094,0.030893776
1609060457.078922987,-15.722860083,10.228736583,4.752025695,-15.715706132,10.211430291,4.751787177,0.018728151
1609060457.129274130,-15.687909893,10.189172879,4.751483933,-15.687956111,10.179245100,4.751378746,0.009928444
1609060457.172206163,-15.657508739,10.155386543,4.749786631,-15.658115731,10.146042593,4.750561221,0.009395628
1609060457.221413136,-15.621662472,10.117715344,4.748371514,-15.599416833,10.084237104,4.748321554,0.040195318
1609060457.273039103,-15.584948198,10.080383063,4.744231066,-15.569527710,10.054360553,4.746943220,0.030369693
1609060457.322131157,-15.546461358,10.044135257,4.741883817,-15.534038794,10.020919174,4.745053148,0.026520770
1609060457.371599197,-15.506095542,10.007346681,4.739301521,-15.498056509,9.988150154,4.742591255,0.021070241
1609060457.428241014,-15.459352726,9.966865923,4.735797738,-15.463250915,9.958568815,4.740408152,0.010261277
1609060457.479582071,-15.417680889,9.932166837,4.732436236,-15.396926107,9.904329613,4.735617078,0.034868177
1609060457.528037071,-15.376312576,9.899064208,4.729126146,-15.361904715,9.873572028,4.733535370,0.029612142
1609060457.578487158,-15.334114009,9.866148705,4.726036476,-15.323927748,9.850318176,4.730504218,0.019347513
1609060457.627092123,-15.290611453,9.835417514,4.722645874,-15.288387265,9.824531773,4.728201030,0.012422001
1609060457.679813147,-15.244924214,9.804402627,4.719197836,-15.249872115,9.800057096,4.724672320,0.008563606
1609060457.727046013,-15.200352476,9.776000713,4.715941898,-15.175087915,9.752918041,4.718819197,0.034342198
1609060457.778679132,-15.153356401,9.746925956,4.711623578,-15.134251350,9.728387234,4.716406481,0.027047429
1609060457.827083111,-15.106841652,9.720013580,4.708475047,-15.095036583,9.707495415,4.713090766,0.017814852
1609060457.879731178,-15.058426835,9.693571301,4.709430576,-15.056877904,9.685121436,4.710308076,0.008635358
1609060457.929150105,-15.009884308,9.668070905,4.707650078,-14.973025071,9.643731436,4.704484350,0.044283575
1609060457.979729176,-14.964487939,9.645246632,4.704740154,-14.933762500,9.624220366,4.702403646,0.037304366
1609060458.026831150,-14.917864994,9.623106400,4.702775479,-14.892711920,9.603785413,4.699819938,0.031854559
1609060458.078697205,-14.868956203,9.601596075,4.699222190,-14.850685751,9.584674961,4.697362222,0.024971844
1609060458.137619019,-14.810411329,9.576083786,4.696694120,-14.806188932,9.568063047,4.694107117,0.009426212
1609060458.180298090,-14.764241815,9.555332388,4.694530371,-14.763728855,9.548085407,4.692951004,0.007434801
1609060458.226857185,-14.716109777,9.536077350,4.692915017,-14.679593987,9.513467176,4.688524362,0.043172916
1609060458.276430130,-14.662818877,9.515838987,4.688268419,-14.637982999,9.499937012,4.686689639,0.029532799
1609060458.327916145,-14.607546360,9.496045011,4.685492559,-14.591029902,9.482827091,4.683881660,0.021215602
1609060458.378300190,-14.557775179,9.479756057,4.679489673,-14.544414528,9.465144476,4.681151132,0.019868713
1609060458.428943157,-14.505931397,9.461884909,4.676206828,-14.500511561,9.451156009,4.677758356,0.012119866
1609060458.480785131,-14.451261171,9.443854578,4.671309321,-14.417867952,9.425696358,4.671379646,0.038010958
1609060458.527002096,-14.402815201,9.428991651,4.666807142,-14.374465707,9.412427499,4.667098710,0.032835194
1609060458.579663992,-14.349204343,9.414482146,4.661796732,-14.332550712,9.400114999,4.663915977,0.022096369
1609060458.628001213,-14.300006286,9.400527121,4.657569708,-14.290927671,9.390786726,4.660172111,0.013567205
1609060458.680536985,-14.248681061,9.386448579,4.654180326,-14.248446230,9.378475039,4.656425264,0.008286871
1609060458.733805180,-14.194974503,9.372175598,4.649946978,-14.165542234,9.355061536,4.649115840,0.034056429
1609060458.778982162,-14.149781177,9.359860330,4.646277653,-14.121778656,9.344435045,4.645939506,0.031971783
1609060458.827742100,-14.099816059,9.346854827,4.642209371,-14.081514865,9.334229124,4.641827115,0.022237091
1609060458.879104137,-14.050406767,9.334586828,4.638183700,-14.040624282,9.322846915,4.638355848,0.015282415
1609060458.930878162,-13.998275384,9.321017955,4.634270634,-13.997629350,9.312952424,4.634649096,0.008100209
1609060458.980327129,-13.950710284,9.310314888,4.633789017,-13.912954275,9.292428719,4.628690753,0.042088283
1609060459.026729107,-13.904778221,9.298620236,4.631064591,-13.874373684,9.282950993,4.624899749,0.034755810
1609060459.080546141,-13.853697255,9.286650914,4.627828818,-13.832300750,9.272429398,4.621580870,0.026440476
1609060459.127784014,-13.806779929,9.274876620,4.624331900,-13.787354526,9.264045380,4.617573826,0.023245077
1609060459.181243181,-13.755389384,9.262717331,4.619209206,-13.744319587,9.253481224,4.613787054,0.015402786
1609060459.227688074,-13.709351082,9.251676438,4.615376974,-13.664241669,9.233885836,4.605778938,0.049431639
1609060459.279424191,-13.652886114,9.237350757,4.610021832,-13.622607463,9.225626790,4.602073035,0.033428004
1609060459.328384161,-13.602232873,9.225363550,4.605774664,-13.580473672,9.216612176,4.598149290,0.024661624
1609060459.388609171,-13.540124024,9.211319594,4.599399001,-13.536532121,9.205174913,4.593804835,0.009052821
1609060459.433518171,-13.491818586,9.200706315,4.595546889,-13.493376982,9.196349766,4.589960429,0.007253734
1609060459.486275196,-13.440488247,9.193698568,4.589107394,-13.409527913,9.180518904,4.582862162,0.034223512
1609060459.533322096,-13.393005430,9.183987513,4.586943078,-13.367717740,9.170520362,4.579214058,0.029674386
1609060459.579319000,-13.343965060,9.173997665,4.583258965,-13.325809469,9.161142178,4.576396402,0.023280545
1609060459.627422094,-13.292757682,9.164183629,4.579361071,-13.283693429,9.154927585,4.573967391,0.014033062
1609060459.680034161,-13.240168856,9.154830459,4.574237715,-13.239950782,9.146375315,4.571436840,0.008909653
1609060459.728425026,-13.188626996,9.145195853,4.571046533,-13.153327753,9.129485623,4.566198986,0.038940296
1609060459.779250145,-13.136600837,9.135478886,4.568235126,-13.107856376,9.122257533,4.564577931,0.031850012
1609060459.827799082,-13.085292504,9.126669005,4.564830888,-13.062401589,9.114716482,4.562959683,0.025891277
1609060459.879274130,-13.032039518,9.117619443,4.560829921,-13.018979636,9.106370167,4.560599393,0.017238325
1609060459.927618980,-12.980191728,9.109268410,4.557792578,-12.972395304,9.099800095,4.557925888,0.012265846
1609060459.983558178,-12.922575971,9.100298479,4.555801086,-12.877701363,9.087123260,4.554346828,0.046791364
1609060460.025993109,-12.876446842,9.093279202,4.552976355,-12.835885915,9.078790160,4.552778567,0.043071572
1609060460.077687025,-12.822317354,9.085699613,4.548725703,-12.792757934,9.072175797,4.550619857,0.032561338
1609060460.131011009,-12.763450924,9.077641162,4.545263629,-12.743829666,9.067022551,4.549023320,0.022624851
1609060460.180317163,-12.711484878,9.071589551,4.543469859,-12.697677069,9.062403164,4.548077305,0.017212608
1609060460.228507996,-12.657663425,9.064963749,4.541690851,-12.608208510,9.049923071,4.546428084,0.051908111
1609060460.278956175,-12.604751987,9.058279537,4.542958859,-12.560107199,9.045792253,4.546281530,0.046477193
1609060460.329240084,-12.548417171,9.052013187,4.542173458,-12.512095174,9.041133180,4.546099615,0.038119244
1609060460.378509045,-12.485977429,9.043624578,4.542778692,-12.464203452,9.036152406,4.545371042,0.023165918
1609060460.428874016,-12.425680238,9.037543285,4.542399108,-12.418819552,9.031225254,4.544377065,0.009534088
1609060460.480195045,-12.365328330,9.030580601,4.541748824,-12.320331795,9.023729339,4.545093707,0.045637881
1609060460.526538134,-12.308560923,9.025456725,4.541745980,-12.272813456,9.018982064,4.544770325,0.036454757
1609060460.578445196,-12.250974298,9.023088631,4.539940030,-12.225891787,9.013911162,4.544275166,0.027058302
1609060460.625929117,-12.193800924,9.018867000,4.540565535,-12.179492860,9.011670397,4.543949672,0.016369610
1609060460.680358171,-12.126707302,9.014334600,4.540498481,-12.128949837,9.009682358,4.544934256,0.006807967
1609060460.727480173,-12.069124845,9.011395744,4.540437196,-12.035764900,9.003080532,4.545133176,0.034699869
1609060460.778958082,-12.010811492,9.010010319,4.540339081,-11.984997027,9.000636505,4.545347657,0.027916676
1609060460.828413010,-11.951020076,9.007781846,4.540198680,-11.935488093,8.999456692,4.546147266,0.018599365
1609060460.880685091,-11.890959405,9.006642224,4.540150921,-11.888334369,8.998749550,4.545921481,0.010123462
1609060460.929251194,-11.833742675,9.005367717,4.541741264,-11.792142997,8.995483228,4.547982001,0.043210915
1609060460.978983164,-11.776468563,9.004866383,4.544204448,-11.742670188,8.995525958,4.550137293,0.035563637
1609060461.027152061,-11.718029416,9.004220640,4.546435234,-11.693399797,8.994243896,4.553348213,0.027458019
1609060461.079848051,-11.658480857,9.004307372,4.551151365,-11.645428207,8.992801260,4.555419568,0.017915910
1609060461.127817154,-11.600811639,9.004493952,4.554247447,-11.599227557,8.992951808,4.557512231,0.012099141
1609060461.179355145,-11.544402388,9.005123528,4.556670961,-11.497081332,8.995387205,4.563185410,0.048749527
1609060461.226543188,-11.487963574,9.006267148,4.559642087,-11.450138308,8.995223896,4.566043509,0.039920951
1609060461.278989077,-11.429577136,9.008293292,4.564212536,-11.401073723,8.995902185,4.567937211,0.031302673
1609060461.327422142,-11.372205226,9.010674530,4.566996897,-11.342489845,9.001448335,4.569969760,0.031256431
1609060461.380146027,-11.313572167,9.014254783,4.570369555,-11.287440709,9.005351737,4.572328995,0.027675924
1609060461.428488016,-11.257025278,9.018256245,4.573123476,-11.238776944,9.007515813,4.574077218,0.021195949
1609060461.480466127,-11.187378616,9.020732081,4.575330975,-11.143168379,9.015799045,4.576046734,0.044490361
1609060461.526633978,-11.130163667,9.025247068,4.577525774,-11.091407636,9.022628286,4.577437840,0.038844507
1609060461.578130007,-11.067201261,9.032993800,4.578222866,-11.043087481,9.026911605,4.578532034,0.024870928
1609060461.628714085,-11.003303007,9.040276768,4.580029819,-10.997226174,9.031879182,4.579794723,0.010368348
1609060461.680414200,-10.947070971,9.049862924,4.581195027,-10.945904437,9.039598765,4.580599963,0.010347360
1609060461.726855993,-10.891649775,9.058791555,4.583245998,-10.849735766,9.055903674,4.582602763,0.042018302
1609060461.778423071,-10.827977476,9.069581896,4.583738979,-10.806187283,9.062003082,4.583041718,0.023081098
1609060461.826656103,-10.767655083,9.080900186,4.583254125,-10.758500796,9.072117279,4.582520387,0.012707431
1609060461.881693125,-10.701557326,9.095249873,4.580729194,-10.705757137,9.084210008,4.582690307,0.011973429
1609060461.929234982,-10.643050471,9.108972495,4.580053160,-10.605241593,9.107498079,4.581725524,0.037874555
1609060461.978337049,-10.585298149,9.124728723,4.579539642,-10.605241841,9.107502212,4.581738249,0.026444989
1609060462.026682138,-10.525859141,9.140535225,4.577436287,-10.499543131,9.136359237,4.579143498,0.026699922
1609060462.079570055,-10.464222689,9.158655850,4.573326102,-10.449736490,9.150396813,4.577297229,0.017141514
1609060462.129022121,-10.403882315,9.177365511,4.570507718,-10.403140093,9.164074111,4.574279709,0.013836188
1609060462.180023193,-10.343427538,9.198389286,4.567838484,-10.299234847,9.197678663,4.567741555,0.044198510
1609060462.227467060,-10.284389803,9.218529501,4.564033647,-10.249497302,9.215760842,4.563995056,0.035002194
1609060462.279769182,-10.225382704,9.239759424,4.558958027,-10.199299784,9.232864779,4.559997512,0.026998803
1609060462.330918074,-10.162332400,9.263543539,4.554109309,-10.147979367,9.252787359,4.555340813,0.017978364
1609060462.380113125,-10.104844346,9.286308010,4.549645385,-10.098462022,9.272314671,4.551181709,0.015456645
1609060462.427350998,-10.046925508,9.309632630,4.544540567,-9.997105912,9.314159380,4.541772460,0.050101358
1609060462.479017019,-9.989613831,9.335815785,4.540878102,-9.950902185,9.333420650,4.536553096,0.039026066
1609060462.527957201,-9.929548634,9.362528682,4.535744053,-9.896134576,9.358922602,4.531562784,0.033867183
1609060462.580631018,-9.857018118,9.392398344,4.526657761,-9.844711558,9.383487908,4.526681880,0.015193678
1609060462.628690004,-9.795626846,9.420599628,4.521101769,-9.749109204,9.429521348,4.516845201,0.047556351
1609060462.679250002,-9.732125284,9.453522275,4.514270161,-9.697789029,9.455791429,4.511401900,0.034530486
1609060462.727450132,-9.669647386,9.484077470,4.508261727,-9.645403320,9.484255630,4.506446312,0.024312594
1609060462.779249191,-9.614647880,9.518689864,4.503624004,-9.593004785,9.512704701,4.500926681,0.022616837
1609060462.828996181,-9.556292283,9.552511426,4.498238743,-9.544214309,9.539908826,4.495110005,0.017733922
1609060462.879943132,-9.494483057,9.588681750,4.491961438,-9.448470072,9.597545388,4.485194898,0.047344957
1609060462.929316998,-9.436439967,9.624080297,4.486095652,-9.401056274,9.626347987,4.480240280,0.035936521
1609060462.979207039,-9.380146935,9.659798176,4.480237905,-9.356378727,9.654168459,4.474878735,0.025006842
1609060463.027507067,-9.324498931,9.695279429,4.473500076,-9.311184796,9.682910415,4.469017219,0.018717765
1609060463.080178022,-9.268658343,9.732707154,4.463661312,-9.262582473,9.715455261,4.462872705,0.018307537
1609060463.129511118,-9.214533614,9.769705155,4.454597814,-9.215640307,9.747584797,4.455995941,0.022192110
1609060463.178997993,-9.163006396,9.807480019,4.445325710,-9.128551936,9.809874106,4.438759234,0.035156224
1609060463.226540089,-9.111714497,9.844608995,4.435572676,-9.081891484,9.845481418,4.430558539,0.030254170
1609060463.279219151,-9.061633112,9.884200642,4.424154966,-9.037535387,9.880672873,4.422249008,0.024429043
1609060463.330190182,-9.009292725,9.925317233,4.413295318,-8.995340987,9.914901300,4.413395270,0.017411279
1609060463.379824162,-8.964016021,9.964928741,4.402395613,-8.956491067,9.947599737,4.404486723,0.019007684
1609060463.427031994,-8.918309126,10.003676274,4.392352905,-8.872894099,10.021215480,4.387802177,0.048896395
1609060463.479870081,-8.871856281,10.048333242,4.384057053,-8.837047667,10.054831934,4.380023254,0.035639081
1609060463.529342175,-8.826855550,10.089830257,4.374715312,-8.799957494,10.090711609,4.371890689,0.027060316
1609060463.580952168,-8.784055306,10.132169358,4.369227450,-8.766469078,10.124438614,4.364592000,0.019761762
1609060463.628221035,-8.742817076,10.172876618,4.361548552,-8.693337220,10.199029115,4.350487878,0.057048644
1609060463.677978992,-8.696735271,10.219224410,4.351028104,-8.661278561,10.234466391,4.342395305,0.039547712
1609060463.732715130,-8.649339397,10.268637996,4.341470503,-8.629383090,10.271479908,4.334571952,0.021305414
1609060463.778750181,-8.613855549,10.313121658,4.331302654,-8.592216185,10.314234212,4.325883559,0.022335318
1609060463.828248024,-8.572517823,10.360290803,4.320945471,-8.559984482,10.353648576,4.316895800,0.014751394
1609060463.879996061,-8.538806618,10.410688811,4.307994255,-8.503135004,10.428398039,4.299374919,0.040747684
1609060463.933847189,-8.500739776,10.461794539,4.296099301,-8.471007226,10.471064804,4.290970667,0.031563669
1609060463.980240107,-8.466140936,10.507880600,4.285353202,-8.442146024,10.511778372,4.282359652,0.024493055
1609060464.028326035,-8.431742979,10.556680732,4.274042281,-8.415414465,10.550161621,4.274138378,0.017582048
1609060464.080262184,-8.398430682,10.608797994,4.262005476,-8.388438538,10.591867220,4.264469188,0.019813226
1609060464.130795002,-8.365579456,10.660559678,4.250862089,-8.331818360,10.676691667,4.246498772,0.037670827
1609060464.178006172,-8.336703698,10.708727998,4.240766820,-8.307782356,10.719516865,4.237019114,0.031094839
1609060464.226155043,-8.305663117,10.759094382,4.230421811,-8.281794575,10.763204698,4.226549380,0.024527489
1609060464.277084112,-8.276906174,10.812195562,4.222449644,-8.256148313,10.808389696,4.218787563,0.021419250
1609060464.328767061,-8.244785183,10.867927614,4.211461529,-8.230500970,10.853211247,4.210107369,0.020553441
1609060464.378328085,-8.220950560,10.920578935,4.201005376,-8.209204122,10.897970010,4.200284059,0.025488480
1609060464.427219152,-8.192607679,10.974703981,4.191213482,-8.166935052,10.983832849,4.183284881,0.028377503
1609060464.476723194,-8.169076016,11.026643319,4.180537952,-8.142596493,11.033523714,4.174765858,0.027961080
1609060464.528161049,-8.141086794,11.084109461,4.170112467,-8.122804849,11.079752996,4.165875224,0.019265580
1609060464.584477186,-8.115093151,11.147285020,4.159330848,-8.083694855,11.174034116,4.149290642,0.042452006
1609060464.627368212,-8.092747342,11.196797532,4.151296403,-8.061045879,11.224529869,4.141669070,0.043205912
1609060464.677657127,-8.071480294,11.253098125,4.143873844,-8.042875031,11.272085304,4.134258877,0.035654195
1609060464.725933075,-8.047777142,11.309945119,4.135968291,-8.024958124,11.325401178,4.125920108,0.029335360
1609060464.778755188,-8.021889756,11.378332676,4.122752674,-8.003377908,11.383061784,4.117966236,0.019696776
1609060464.829033136,-7.996980938,11.441219213,4.114080714,-7.984146109,11.436252210,4.110654516,0.014182482
1609060464.881244183,-7.977951258,11.507243593,4.104650236,-7.952501229,11.535664357,4.097062320,0.038897561
1609060464.926936150,-7.956510472,11.566332300,4.096437950,-7.936854613,11.589809618,4.089462846,0.031403651
1609060464.979433060,-7.943006970,11.633228712,4.086181511,-7.919013457,11.643376862,4.082956519,0.026250222
1609060465.026580095,-7.926416522,11.695316075,4.077328174,-7.903584049,11.695281048,4.075754333,0.022886678
1609060465.080960035,-7.905049476,11.767482379,4.066273552,-7.890021346,11.748477992,4.068841718,0.024364049
1609060465.131188154,-7.887629925,11.833579107,4.056250144,-7.861302520,11.858571288,4.053517633,0.036403407
1609060465.178850174,-7.872217976,11.895999331,4.046963128,-7.846624869,11.914823235,4.046420362,0.031774850
1609060465.228109121,-7.855232842,11.961818981,4.037932260,-7.836206744,11.966575783,4.039783978,0.019698944
1609060465.278582096,-7.840433150,12.028069583,4.030579224,-7.821003613,12.023263482,4.032075881,0.020071011
1609060465.329045057,-7.824869502,12.095773627,4.021858943,-7.805467119,12.081033542,4.025235728,0.024599294
1609060465.380448103,-7.811717517,12.164260703,4.014885549,-7.783841204,12.193283229,4.012419532,0.040317205
1609060465.427752018,-7.796603087,12.228949509,4.007974522,-7.773761400,12.249418469,4.005247448,0.030792173
1609060465.479211092,-7.784849517,12.296059369,4.001564176,-7.761162803,12.306129062,4.000168379,0.025776101
1609060465.529885054,-7.770165944,12.364609792,3.994694925,-7.749571712,12.362593189,3.995749367,0.020719578
1609060465.579433203,-7.759681934,12.428293876,3.987070954,-7.741682534,12.414029367,3.990021874,0.023155183
1609060465.628167152,-7.746286584,12.493693394,3.980763577,-7.721984373,12.527850298,3.979389696,0.041942569
1609060465.678918123,-7.738770829,12.560777221,3.976097074,-7.712487221,12.581983015,3.975575349,0.033775522
1609060465.726876020,-7.727074199,12.625803122,3.971083350,-7.702909491,12.646751639,3.970873762,0.031981516
1609060465.780047178,-7.718615054,12.696647296,3.967901103,-7.696461117,12.709271298,3.966087151,0.025562722
1609060465.828760147,-7.707930012,12.763606520,3.963708710,-7.687496435,12.768804120,3.962030878,0.021150915
1609060465.880266190,-7.699809406,12.840475908,3.957976859,-7.674787331,12.881585400,3.955320544,0.048199072
1609060465.932221174,-7.689418252,12.914419678,3.953234974,-7.670386890,12.939271095,3.950884241,0.031389674
1609060465.979675055,-7.684191449,12.982916243,3.946703608,-7.664354875,12.998160751,3.947374503,0.025026682
1609060466.027986050,-7.675364752,13.053202353,3.942424511,-7.658058977,13.055317076,3.945342414,0.017676992
1609060466.079845190,-7.674376653,13.125416085,3.940397755,-7.655478246,13.113152937,3.942266948,0.022605939
1609060466.161890984,-7.668008119,13.244346330,3.939120794,-7.649647715,13.225076472,3.938728446,0.026619275
1609060466.229519129,-7.662461748,13.342088287,3.940423182,-7.644238094,13.340409802,3.940491218,0.018300915
1609060466.280148983,-7.661225898,13.412965780,3.942652382,-7.642065603,13.402334862,3.941853645,0.021926498
1609060466.328636169,-7.659262548,13.483849991,3.943910094,-7.637892520,13.523221598,3.944831944,0.044806823
1609060466.378987074,-7.660936641,13.556417041,3.945163720,-7.638837449,13.581336996,3.945451341,0.033308575
1609060466.429597139,-7.660641270,13.629882713,3.946499436,-7.640327205,13.641644456,3.946415281,0.023473537
1609060466.479005098,-7.662582535,13.699691010,3.947544652,-7.640287330,13.702653982,3.947766746,0.022492325
1609060466.527721167,-7.661982693,13.770570071,3.948644680,-7.640276970,13.763592017,3.949050095,0.022803420
1609060466.581521034,-7.666802598,13.846675016,3.951989809,-7.643348383,13.825623907,3.950002201,0.031578473
1609060466.628607988,-7.667533664,13.915280835,3.953410001,-7.648655742,13.946375672,3.952036450,0.036402631
1609060466.679336071,-7.673229703,13.985982146,3.953383297,-7.651214824,14.005348979,3.953010481,0.029323507
1609060466.727976084,-7.675247894,14.056310414,3.954347367,-7.655654503,14.072314747,3.953670839,0.025308049
1609060466.779019117,-7.682096419,14.127769912,3.957687901,-7.661941593,14.139831346,3.954052529,0.023767859
1609060466.829914093,-7.685093717,14.201649660,3.958691356,-7.666365117,14.202213109,3.954297572,0.019245344
1609060466.880611181,-7.694154617,14.272984101,3.957899768,-7.675600331,14.323181295,3.956183963,0.053544036
1609060466.928917170,-7.698969363,14.343166221,3.958169088,-7.682904483,14.384827132,3.956589413,0.044678935
1609060466.979152203,-7.708785778,14.424721663,3.958239798,-7.690395085,14.445699268,3.956917654,0.027928937
1609060467.028021097,-7.714948277,14.498309508,3.958424393,-7.695723169,14.504413534,3.957789793,0.020180848
1609060467.080524206,-7.727582857,14.579241325,3.958048318,-7.704941107,14.566309023,3.957960188,0.026074912
1609060467.126882076,-7.734793970,14.650892869,3.958004325,-7.723285108,14.683202142,3.957692557,0.034299275
1609060467.180591106,-7.753516180,14.726725901,3.959062370,-7.732559487,14.744790989,3.957563571,0.027708786
1609060467.226670980,-7.765743760,14.794927688,3.960411527,-7.742253432,14.806747022,3.957166336,0.026495725
1609060467.279661179,-7.778264655,14.876022682,3.959703505,-7.754039387,14.864952461,3.955612438,0.026947175
1609060467.329204082,-7.791214599,14.950919285,3.957967054,-7.776893914,14.987524078,3.953406659,0.039570065
1609060467.379631042,-7.806642237,15.024380833,3.955461602,-7.789316840,15.048604160,3.952736309,0.029905955
1609060467.427987099,-7.820863073,15.096954708,3.953746653,-7.804026454,15.109519347,3.950657393,0.021234063
1609060467.479583025,-7.840451270,15.169637267,3.951642411,-7.818285332,15.170692167,3.949341389,0.022310005
1609060467.528842211,-7.856470489,15.242036576,3.949729124,-7.833008849,15.233021650,3.948023730,0.025191780
1609060467.580595016,-7.875826956,15.315593272,3.946945630,-7.848872320,15.295756716,3.946809462,0.033467296
1609060467.627780199,-7.891871328,15.384411302,3.945483030,-7.883060313,15.415574873,3.944511322,0.032399789
1609060467.693520069,-7.921272203,15.475793172,3.941428368,-7.899339063,15.474197177,3.943121133,0.022056185
1609060467.770143986,-7.957612965,15.583004529,3.939072555,-7.942621700,15.607356407,3.939900943,0.028608359
1609060467.835719109,-7.986664977,15.675308864,3.936450858,-7.982528999,15.726526662,3.937452147,0.051394277
1609060467.886023998,-8.014375507,15.741938945,3.936260385,-8.003724186,15.782830398,3.936972877,0.042261912
1609060467.932846069,-8.036928855,15.806786394,3.936882521,-8.026640437,15.843592727,3.937923513,0.038231419
1609060467.978756189,-8.062452249,15.868191847,3.938007514,-8.049428659,15.900782745,3.938458968,0.035099635
1609060468.027256012,-8.087355100,15.933940067,3.939220275,-8.070637366,15.955357287,3.939989159,0.027180344
1609060468.081122160,-8.118524991,16.022077650,3.941327160,-8.095741676,16.013098510,3.940697170,0.024496964
1609060468.129112005,-8.144987092,16.089959649,3.943138354,-8.146207499,16.125404538,3.943836765,0.035472769
1609060468.179625988,-8.178687374,16.156662752,3.945916870,-8.173937808,16.182400761,3.945090583,0.026185611
1609060468.227814198,-8.207281494,16.223870657,3.948024373,-8.202065866,16.238326226,3.946439385,0.015449222
1609060468.278457165,-8.247825789,16.273186638,3.947809799,-8.229395024,16.292596072,3.948328750,0.026771039
1609060468.327484131,-8.282208143,16.336027365,3.949667696,-8.257771326,16.345503004,3.951072205,0.026247255
1609060468.380009174,-8.318162642,16.404227140,3.952716281,-8.287505127,16.398878153,3.952520259,0.031121268
1609060468.427757025,-8.352176180,16.464203760,3.955096772,-8.347240913,16.500980457,3.958715848,0.037282436
1609060468.477749109,-8.390532813,16.522791576,3.955816187,-8.375608447,16.547492171,3.961599176,0.029432959
1609060468.527155161,-8.426321381,16.582781388,3.959063899,-8.409618949,16.601981928,3.964719228,0.026069421
1609060468.571753025,-8.460091028,16.632568448,3.963883776,-8.444928862,16.655764230,3.967760782,0.027981543
1609060468.623512030,-8.497847477,16.692433788,3.967401336,-8.477257715,16.703512758,3.970018770,0.023527278
1609060468.674556017,-8.538186080,16.747867091,3.970585492,-8.510518950,16.749574402,3.973029294,0.027827273
1609060468.722122192,-8.575050652,16.801301495,3.973211536,-8.580714052,16.840959433,3.976876549,0.040227583
1609060468.779278040,-8.623454849,16.859805309,3.977543496,-8.614430740,16.882049396,3.979635063,0.024095822
1609060468.825678110,-8.661078604,16.908514414,3.980404878,-8.650507965,16.924926380,3.981492648,0.019551836
1609060468.881869078,-8.709715386,16.962323371,3.981183708,-8.689894954,16.967036524,3.984392925,0.020624316
1609060468.928879976,-8.750154111,17.009487975,3.983572184,-8.767666502,17.046089394,3.987895346,0.040804870
1609060468.978708029,-8.796726742,17.053086962,3.987161727,-8.807324779,17.086239770,3.990137175,0.034932512
1609060469.026169062,-8.840567945,17.097985392,3.989377875,-8.848862446,17.125311396,3.991852956,0.028664181
1609060469.079028130,-8.893811706,17.143787403,3.990638869,-8.891653811,17.162849390,3.993485508,0.019393793
1609060469.128238201,-8.942048574,17.187367033,3.992215118,-8.933983797,17.196315838,3.995579928,0.012507744
1609060469.179890156,-9.001611630,17.239377609,3.996703088,-9.025731756,17.269583474,3.998841166,0.038713642
1609060469.227359056,-9.053184539,17.281891836,3.998657863,-9.072683868,17.300127417,4.001264338,0.026824503
1609060469.277248144,-9.114828877,17.321213427,4.000405762,-9.123354334,17.332769529,4.002631380,0.014532043
1609060469.330085039,-9.178648931,17.366449570,4.002685473,-9.173423211,17.363379052,4.004962384,0.006474608
1609060469.379516125,-9.241219094,17.394324255,4.004060163,-9.222018333,17.394228995,4.007545634,0.019514785
1609060469.428099155,-9.307134194,17.428189791,4.007435157,-9.330857603,17.451431012,4.014023302,0.033857910
1609060469.478720188,-9.375315024,17.464737799,4.012205834,-9.385592341,17.478766272,4.017061037,0.018055312
1609060469.527437210,-9.442728193,17.497932701,4.016990020,-9.442576240,17.506771468,4.022325024,0.010325170
1609060469.582027197,-9.518397066,17.530414605,4.023136341,-9.498105375,17.533058604,4.025753148,0.020629859
1609060469.630171061,-9.587931765,17.558782755,4.026329786,-9.620467704,17.578344432,4.032214717,0.038417170
1609060469.679854155,-9.661263134,17.585498716,4.028993933,-9.681520272,17.602320852,4.036624922,0.027414739
1609060469.728006124,-9.732915425,17.611459976,4.033344416,-9.743326076,17.624550244,4.040974455,0.018383532
1609060469.779536009,-9.810712447,17.635881645,4.038098125,-9.807843472,17.646027804,4.043724167,0.011951063
1609060469.828714132,-9.886135739,17.659568024,4.042115915,-9.872459139,17.663303392,4.046628384,0.014878332
1609060469.880279064,-9.966288189,17.681765174,4.045693172,-10.002519870,17.702155725,4.054488997,0.042495597
1609060469.928411007,-10.040884636,17.702862921,4.049540304,-10.070469049,17.718933949,4.057182746,0.034524229
1609060469.979132175,-10.121114168,17.719117854,4.054358960,-10.136687754,17.733080092,4.059388374,0.021512221
1609060470.027426004,-10.197110397,17.737054185,4.058358272,-10.203654577,17.747458362,4.062130100,0.012856900
1609060470.081245184,-10.282995029,17.752741132,4.060773695,-10.272969228,17.762230163,4.066985671,0.015137603
1609060470.129621983,-10.359301025,17.768049315,4.064172673,-10.408504297,17.786891993,4.071722148,0.053225962
1609060470.178888083,-10.435462516,17.780986630,4.070402339,-10.479382317,17.798049073,4.073655571,0.047229857
1609060470.228217125,-10.513491525,17.794139577,4.073945505,-10.547146504,17.810588420,4.077489275,0.037626857
1609060470.278670073,-10.607240980,17.808388358,4.076252173,-10.615106743,17.819913283,4.080153564,0.014488443
1609060470.328602076,-10.689495199,17.820262798,4.079480952,-10.681661190,17.826144387,4.082318805,0.010198931
1609060470.379962206,-10.775381475,17.828743107,4.080772402,-10.815588995,17.842415057,4.084482464,0.042630170
1609060470.428395987,-10.855375535,17.838015935,4.082934033,-10.880400523,17.847006377,4.087472652,0.026975491
1609060470.478901148,-10.931136918,17.840790107,4.084185326,-10.948860664,17.852120538,4.087950110,0.021370153
1609060470.534272194,-11.021614069,17.844721546,4.083102882,-11.016807465,17.854097043,4.088975804,0.012062114
1609060470.579819202,-11.094706513,17.849340712,4.083427402,-11.075871464,17.859720220,4.088238406,0.022037218
1609060470.629103184,-11.172765896,17.852550547,4.083316198,-11.204413268,17.864848829,4.088532452,0.034351320
1609060470.679993153,-11.252186155,17.853391443,4.082573244,-11.266912865,17.864624762,4.087440618,0.019150843
1609060470.733728170,-11.334666625,17.853391579,4.081879434,-11.337105380,17.864640012,4.086209972,0.012297493
1609060470.778460979,-11.402018100,17.852769476,4.081052633,-11.405431186,17.865183825,4.085359581,0.013576266
1609060470.828742981,-11.476807156,17.851035339,4.079414470,-11.469384622,17.862278387,4.083692656,0.014135170
1609060470.881497145,-11.552961892,17.846745511,4.077146293,-11.588042915,17.854633814,4.080310450,0.036095920
1609060470.927678108,-11.617914720,17.842403110,4.075270814,-11.646757947,17.850746163,4.078345573,0.030182651
1609060471.020473003,-11.744192591,17.829454670,4.069671085,-11.763253446,17.837131612,4.074045685,0.021009253
1609060471.085931063,-11.832479705,17.817417137,4.065975527,-11.874762272,17.823032063,4.069285357,0.042781980
1609060471.133906126,-11.895603558,17.808450084,4.063381598,-11.932035811,17.813579609,4.067144687,0.036983536
1609060471.179148197,-11.955068245,17.796377520,4.062135270,-11.991399867,17.800347692,4.065184323,0.036674865
1609060471.228013039,-12.017780193,17.784154754,4.059891381,-12.045102960,17.788847231,4.063063685,0.027903699
1609060471.278729200,-12.080375547,17.769543182,4.056536067,-12.095900932,17.778153859,4.060980571,0.018301228
1609060471.328710079,-12.141560419,17.754219804,4.054828361,-12.150925121,17.763664088,4.059754289,0.014182980
1609060471.380196095,-12.219771813,17.734746022,4.059188825,-12.258816463,17.729000596,4.056445076,0.039560368
1609060471.428129196,-12.280397443,17.716709494,4.059584950,-12.305847346,17.712432268,4.055623410,0.026109118
1609060471.479714155,-12.344093238,17.690575744,4.056537416,-12.355290462,17.693469998,4.054570448,0.011731304
1609060471.529009104,-12.404307660,17.666978806,4.057270934,-12.407237475,17.669817704,4.053797808,0.005357776
1609060471.582780123,-12.463347725,17.630551811,4.048043985,-12.453881723,17.647530233,4.053129313,0.020093098
1609060471.629180193,-12.517013389,17.600617567,4.046541003,-12.546968084,17.597288060,4.051314386,0.030514825
1609060471.679857016,-12.576099409,17.567758052,4.044605721,-12.591980429,17.570100165,4.049418208,0.016758648
1609060471.727349043,-12.630057482,17.534423684,4.041873916,-12.643922713,17.536417986,4.047530657,0.015106971
1609060471.778539181,-12.685487681,17.495198726,4.038237852,-12.691808206,17.502626394,4.044888284,0.011804556
1609060471.828935146,-12.739775181,17.454565414,4.035325650,-12.735226475,17.468687474,4.042493025,0.016477092
1609060471.880558014,-12.794153861,17.410036602,4.032565763,-12.781383472,17.431120208,4.040470128,0.025885909
1609060471.928007126,-12.842580597,17.367404819,4.030469510,-12.865698634,17.355021569,4.035765813,0.026755174
1609060471.979415178,-12.892166085,17.318431374,4.029599814,-12.904153746,17.315089840,4.033690814,0.013099852
1609060472.028941154,-12.939201536,17.268359725,4.027592554,-12.943366789,17.272942420,4.030817875,0.006982343
1609060472.082103014,-12.987107337,17.211535371,4.025437724,-12.984040498,17.226792189,4.028791151,0.015919218
1609060472.129687071,-13.029239673,17.158908067,4.024014611,-13.058477580,17.132398251,4.024476668,0.039469470
1609060472.179258108,-13.070584202,17.102129866,4.020395181,-13.095002441,17.082018473,4.023289181,0.031766237
1609060472.227492094,-13.110471256,17.045614098,4.018582011,-13.129765215,17.031218419,4.020954650,0.024189292
1609060472.279079199,-13.149785932,16.982960298,4.014680197,-13.165804239,16.977267192,4.018565950,0.017438369
1609060472.329487085,-13.187880616,16.919913924,4.013005308,-13.198210148,16.923527987,4.016936766,0.011628287
1609060472.381889105,-13.227439082,16.852549796,4.011303338,-13.263027144,16.810728653,4.016176993,0.055129580
1609060472.429280996,-13.261514264,16.790381849,4.011000934,-13.295769871,16.752006054,4.014728638,0.051575615
1609060472.480375051,-13.307963650,16.715184247,4.007211614,-13.325890175,16.693925766,4.014050814,0.028636654
1609060472.526813030,-13.342699733,16.650361416,4.005869531,-13.357897318,16.628792163,4.013727130,0.027530730
1609060472.580457211,-13.381193316,16.570649831,4.007120039,-13.391863854,16.560793847,4.012284785,0.015416725
1609060472.628858089,-13.416227802,16.499094528,4.006339237,-13.419216977,16.503495159,4.010881634,0.006995291
1609060472.680225134,-13.444991126,16.422512159,4.007209474,-13.471836112,16.381297489,4.011099475,0.049339988
1609060472.726508141,-13.475220411,16.351744050,4.008185667,-13.500065536,16.316798384,4.010673743,0.042949626
1609060472.778885126,-13.509593255,16.271494239,4.007931686,-13.527138203,16.254659280,4.010037857,0.024406495
1609060472.828325987,-13.539630419,16.196706787,4.009268554,-13.550963834,16.194571055,4.009816986,0.011545926
1609060472.881620169,-13.572234417,16.117254371,4.009882544,-13.573186475,16.134299808,4.010820654,0.017097760
1609060472.928589106,-13.600065804,16.046668836,4.010655125,-13.622654266,16.010790353,4.013017523,0.042462749
1609060472.979053020,-13.627588242,15.973478123,4.012106081,-13.647296342,15.946717969,4.013580391,0.033266930
1609060473.028273106,-13.655225598,15.901606265,4.013335969,-13.669269812,15.885904316,4.016082454,0.021244630
1609060473.079199076,-13.682627076,15.829218276,4.013345759,-13.692742335,15.824451124,4.017837622,0.012050769
1609060473.127213001,-13.708343633,15.759509811,4.016278396,-13.716994343,15.763619272,4.020416241,0.010432843
1609060473.180847168,-13.735797729,15.682148899,4.022788448,-13.758835505,15.643297116,4.025682750,0.045261209
1609060473.228025198,-13.758658549,15.616197621,4.026626778,-13.778090577,15.588176855,4.028614797,0.034157272
1609060473.279670000,-13.783682713,15.544471601,4.028345734,-13.800297334,15.527322086,4.032037056,0.024161485
1609060473.329110146,-13.806412784,15.477712622,4.032204062,-13.820307195,15.469661751,4.034377734,0.016204815
1609060473.380846024,-13.827608032,15.410283141,4.035700336,-13.835462356,15.419139627,4.037724621,0.012009391
1609060473.428627014,-13.846856323,15.349609204,4.039001429,-13.870924459,15.309350387,4.043785290,0.047147988
1609060473.479654074,-13.866534302,15.285001585,4.045042365,-13.887641470,15.258384670,4.046199945,0.033989891
1609060473.528223991,-13.884234950,15.225257317,4.048055487,-13.903700121,15.201379134,4.049365516,0.030834667
1609060473.579666138,-13.905185155,15.156458664,4.052138659,-13.919691890,15.144488972,4.051641478,0.018813986
1609060473.629147053,-13.921909942,15.096946280,4.054757764,-13.935862675,15.092483908,4.053998730,0.014668594
1609060473.680805206,-13.937944273,15.034601200,4.056934593,-13.960110003,14.999357918,4.056254290,0.041639781
1609060473.728483200,-13.951582775,14.980550421,4.058101819,-13.971128108,14.953992888,4.057634593,0.032977885
1609060473.778892040,-13.961698629,14.928430166,4.059380679,-13.980155668,14.910468594,4.059712587,0.025756368
1609060473.832645178,-13.974161630,14.870992952,4.060686677,-13.991371917,14.869005473,4.061388272,0.017338867
1609060473.888217211,-13.985087892,14.815552286,4.063210062,-14.003847868,14.790641485,4.065875915,0.031298426
1609060473.933340073,-13.992707771,14.773246793,4.064592062,-14.010666967,14.753786209,4.067941392,0.026692041
1609060473.979749203,-13.999547174,14.731323008,4.066201963,-14.014951386,14.717729534,4.070527284,0.020994777
1609060474.028207064,-14.004616736,14.689783665,4.067823126,-14.019361168,14.682774786,4.072408931,0.016957366
1609060474.084556103,-14.008121571,14.643082889,4.069538928,-14.020854953,14.650138367,4.074540783,0.015392769
1609060474.137107134,-14.010334777,14.604287230,4.074174564,-14.025667367,14.586728158,4.077712373,0.023578070
1609060474.179860115,-14.011087770,14.574406309,4.076913150,-14.025748220,14.560825081,4.081759794,0.020563766
1609060474.228349209,-14.010740460,14.541857806,4.079839048,-14.023774947,14.533542733,4.084634951,0.016187618
1609060474.277875185,-14.009650532,14.509100320,4.082517853,-14.021794988,14.507206336,4.087198654,0.013152371
1609060474.327560186,-14.006934345,14.479374764,4.085557047,-14.021318301,14.482493515,4.089954925,0.015361189
1609060474.380293131,-14.004841265,14.452424467,4.084795884,-14.014118083,14.434949908,4.093484739,0.021608234
1609060474.427479029,-14.000990782,14.428046056,4.087053613,-14.011067223,14.414863738,4.098026221,0.019892368
1609060474.477905989,-13.994687283,14.402676271,4.091376427,-14.006580471,14.393281400,4.100027114,0.017451243
1609060474.528779030,-13.988589695,14.379446425,4.093499673,-14.001592375,14.373383812,4.102847727,0.017123407
1609060474.581426144,-13.984045168,14.357338924,4.107412679,-13.996619227,14.355016105,4.104752758,0.013060537
1609060474.629651070,-13.977693080,14.338012792,4.110541628,-13.985741648,14.319108007,4.107640755,0.020750552
1609060474.680217981,-13.972627723,14.313911127,4.114300709,-13.979259680,14.301975044,4.108063859,0.015011704
1609060474.727298021,-13.966324004,14.296034589,4.117025003,-13.973156151,14.286299390,4.109512838,0.014067158
1609060474.781194210,-13.959615198,14.275466653,4.115859888,-13.966073965,14.269666376,4.110045731,0.010448125
1609060474.828670979,-13.952560708,14.257912772,4.117564044,-13.959446714,14.254123271,4.110609511,0.010494900
1609060474.881358147,-13.943425266,14.237097923,4.112073986,-13.946497172,14.221354501,4.111294736,0.016059239
1609060474.929676056,-13.936408526,14.219805977,4.112565570,-13.940152222,14.209850945,4.111709085,0.010670122
1609060475.000697136,-13.926196264,14.197608118,4.112154587,-13.927692325,14.185228897,4.112121935,0.012469338
1609060475.084722042,-13.911459096,14.168287972,4.110451742,-13.913809988,14.157170993,4.111357928,0.011398907
1609060475.126618147,-13.904299974,14.153649265,4.108764794,-13.906987768,14.143604330,4.111925074,0.010867950
1609060475.178278208,-13.896848617,14.136834912,4.106969528,-13.899927570,14.130198845,4.106531561,0.007328653
1609060475.229041100,-13.888304706,14.119688950,4.103723812,-13.893415937,14.117573142,4.103348160,0.005544587
1609060475.281843185,-13.880102413,14.103040219,4.101555081,-13.886450919,14.104037815,4.100305618,0.006546746
1609060475.328446150,-13.872268685,14.088341104,4.098185367,-13.872566287,14.078903022,4.095108499,0.009931419
1609060475.379393101,-13.864235776,14.073457938,4.093873776,-13.864996003,14.065017876,4.091533965,0.008791320
1609060475.430552006,-13.855088531,14.055816625,4.089589985,-13.858167314,14.050639175,4.088238118,0.006173528
1609060475.480121136,-13.847213361,14.038894274,4.085298249,-13.851217722,14.037065779,4.084712554,0.004440871
1609060475.529694080,-13.838835289,14.022810113,4.081441434,-13.836492985,14.009301047,4.077397265,0.014294634
1609060475.580530167,-13.832334821,14.005738653,4.078181526,-13.829131243,13.995193174,4.074071857,0.011762628
1609060475.623762131,-13.824661780,13.990341730,4.074838102,-13.821099587,13.980387139,4.070606212,0.011388240
1609060475.681043148,-13.814289243,13.971733798,4.069368576,-13.812960156,13.965269965,4.067552596,0.006844370
1609060475.730020046,-13.804509335,13.953760140,4.065594431,-13.805288989,13.951080963,4.064461476,0.003011551
1609060475.781841040,-13.791641471,13.931957870,4.065342084,-13.786692525,13.918612815,4.059651236,0.015328676
1609060475.829219103,-13.780258961,13.912923436,4.062743730,-13.777532357,13.902365164,4.056302695,0.012664850
1609060475.878290176,-13.767080462,13.891725877,4.056828811,-13.766835206,13.884574033,4.053378562,0.007944384
1609060475.927850008,-13.753330963,13.869661092,4.053679697,-13.756450633,13.866844714,4.050601714,0.005209444
1609060475.980598211,-13.738215695,13.845450252,4.047007261,-13.745772104,13.849469621,4.049057521,0.008801034
1609060476.029070139,-13.725863239,13.823482186,4.045826674,-13.722482320,13.811143094,4.045190096,0.012809725
1609060476.079783201,-13.710998136,13.799498314,4.043446110,-13.711439925,13.792853923,4.043589279,0.006660601
1609060476.149460077,-13.689211194,13.765413582,4.041594283,-13.697187826,13.770470525,4.042618681,0.009499932
1609060476.228608131,-13.662024563,13.722592021,4.038732873,-13.667240857,13.724382841,4.040805668,0.005891794
1609060476.282281160,-13.644032800,13.693347170,4.036504413,-13.638727810,13.678953540,4.039677242,0.015664813
1609060476.327225208,-13.627530159,13.667389247,4.036025678,-13.623205095,13.654690131,4.039571715,0.013876171
1609060476.372508049,-13.610907317,13.642233896,4.035999364,-13.607269895,13.629670779,4.040197568,0.013736363
1609060476.429035187,-13.588938971,13.608472316,4.037049861,-13.591956210,13.606203374,4.040651530,0.005217647
1609060476.480401039,-13.568878442,13.577774647,4.038712232,-13.574212843,13.580121462,4.041312478,0.006381588
1609060476.533285141,-13.546857019,13.543370335,4.039408081,-13.540221131,13.524442421,4.043096911,0.020393832
1609060476.579155207,-13.529097998,13.514675004,4.041080524,-13.521607165,13.495613115,4.043690787,0.020646589
1609060476.628695011,-13.508284591,13.481966494,4.042108507,-13.502461155,13.466386335,4.044612284,0.016820304
1609060476.680046082,-13.486457283,13.446689153,4.042470138,-13.484326434,13.437246006,4.045007077,0.010007477
1609060476.728375196,-13.465327511,13.413675124,4.043958850,-13.465394304,13.408219112,4.046683240,0.006098756
1609060476.779676199,-13.443306655,13.380017935,4.046586621,-13.445834913,13.377282530,4.047813786,0.003921793
1609060476.828135014,-13.421527627,13.346223291,4.047607952,-13.408493156,13.317060955,4.049368529,0.031991232
1609060476.876777172,-13.397618928,13.308789427,4.047710386,-13.389349838,13.286905244,4.049056707,0.023433052
1609060476.927697182,-13.373542433,13.271097477,4.048495745,-13.367532244,13.253129591,4.049313102,0.018964055
1609060476.979966164,-13.349188138,13.229705617,4.045268316,-13.346476959,13.218031277,4.048948516,0.012537327
1609060477.029965162,-13.325117432,13.191497333,4.045309795,-13.326757907,13.186089671,4.049039504,0.006770871
1609060477.080779076,-13.301336527,13.151784941,4.046005205,-13.307588431,13.155507920,4.049000842,0.007868972
1609060477.126787186,-13.279677836,13.116161190,4.045636436,-13.269695624,13.095555300,4.049316368,0.023190282
1609060477.179460049,-13.254908360,13.076801146,4.045415785,-13.251035727,13.065034848,4.048691762,0.012813081
1609060477.227986097,-13.232632922,13.042387745,4.046663063,-13.232764614,13.035862598,4.048324713,0.006734683
1609060477.281500101,-13.207870113,13.002797315,4.046635711,-13.213933953,13.005124901,4.047846438,0.006607093
1609060477.332756996,-13.184754189,12.966635855,4.045430565,-13.178425963,12.948683142,4.048249867,0.019243046
1609060477.378741980,-13.163994156,12.933778652,4.044378658,-13.158464942,12.920159683,4.049062763,0.015426904
1609060477.428728104,-13.141317541,12.898618633,4.044043497,-13.142011634,12.889897579,4.048555569,0.009843645
1609060477.480911016,-13.118453534,12.863663837,4.044040245,-13.124095528,12.861472837,4.048564022,0.007556265
1609060477.529803991,-13.096482660,12.831655029,4.044539035,-13.086736172,12.807595241,4.048804166,0.026307010
1609060477.578423023,-13.075518611,12.801046134,4.045943885,-13.068913679,12.781215616,4.048482541,0.021055150
1609060477.627958059,-13.053606794,12.769655308,4.046181497,-13.051408999,12.754701386,4.049336104,0.015440259
1609060477.680728197,-13.032434198,12.737635057,4.044485916,-13.034108234,12.729321105,4.049325273,0.009764404
1609060477.723581076,-13.014385248,12.712290774,4.044832381,-13.016661228,12.704305508,4.049685741,0.009617674
1609060477.773975134,-12.992091839,12.683157329,4.047723213,-12.998556032,12.679148136,4.050447113,0.008079545
1609060477.828898191,-12.968258701,12.652802796,4.048627192,-12.962790049,12.633152081,4.050587946,0.020491493
1609060477.879162073,-12.948191438,12.624932437,4.048331957,-12.946304254,12.611192867,4.050575715,0.014048904
1609060477.927370071,-12.927184487,12.599535674,4.048069018,-12.926487979,12.587291644,4.050672430,0.012537111
1609060477.979067087,-12.902680413,12.569836449,4.049170752,-12.905966057,12.563435669,4.050821789,0.007381826
1609060478.028429985,-12.880138026,12.544998933,4.049701827,-12.887194338,12.542630954,4.050055023,0.007451417
1609060478.080372095,-12.856143220,12.519063531,4.046243894,-12.850452630,12.504634580,4.049879032,0.015930841
1609060478.126526117,-12.833753909,12.497061414,4.045996344,-12.830790247,12.485994047,4.049592386,0.012008389
1609060478.172044992,-12.812062462,12.476895235,4.045600717,-12.810763280,12.468266440,4.050430321,0.009973417
1609060478.225057125,-12.786094063,12.453964319,4.046059941,-12.792297177,12.452482472,4.050121739,0.007561264
1609060478.281713009,-12.757843009,12.430922537,4.045505481,-12.771696740,12.434932709,4.050130859,0.015146005
1609060478.329128027,-12.734881095,12.413653756,4.045116016,-12.729067523,12.404597432,4.048861101,0.011394749
1609060478.379383087,-12.709050038,12.395472154,4.043918602,-12.706260102,12.390376373,4.048958376,0.007690907
1609060478.427805185,-12.683586840,12.378802240,4.042629959,-12.683974610,12.375098946,4.047884458,0.006440070
1609060478.480800152,-12.656401661,12.362453127,4.041562910,-12.660937246,12.361446916,4.047180797,0.007290037
1609060478.528940201,-12.629297962,12.347978081,4.040930691,-12.636806545,12.349232098,4.046659183,0.009527171
1609060478.580368996,-12.600475334,12.334706520,4.040622324,-12.611739076,12.336910856,4.045987785,0.012669616
1609060478.629499197,-12.572316703,12.321625731,4.039488121,-12.565232527,12.313687250,4.044880984,0.011928454
1609060478.680297136,-12.543285155,12.308594713,4.037879505,-12.539439430,12.304697437,4.043483386,0.007834657
1609060478.728594065,-12.514946613,12.298173685,4.035810455,-12.512611304,12.293077109,4.041206115,0.007780868
1609060478.779266119,-12.485782397,12.289013648,4.033970129,-12.483619270,12.282879596,4.039334161,0.008430809
1609060478.829585075,-12.455142644,12.279214846,4.031593372,-12.456404595,12.274833860,4.037894997,0.007777920
1609060478.880124092,-12.422233736,12.269064976,4.028726578,-12.406298394,12.259198951,4.033978482,0.019464226
1609060478.926433086,-12.393044663,12.261171723,4.026534501,-12.380540210,12.251524632,4.032410905,0.016851108
1609060478.979730129,-12.361200501,12.251616432,4.025754826,-12.352502982,12.246555398,4.030510230,0.011129904
1609060479.029379129,-12.330227080,12.244515878,4.023336772,-12.325874502,12.240513587,4.028312538,0.007727969
1609060479.080957174,-12.297955197,12.234005570,4.022820723,-12.299375890,12.233971905,4.026122219,0.003594353
1609060479.130403042,-12.266400155,12.226347351,4.020953369,-12.244716054,12.225118620,4.022010482,0.021744597
1609060479.180795193,-12.232341970,12.220901010,4.018012868,-12.217955937,12.220069298,4.019848416,0.014526491
1609060479.228103161,-12.201290997,12.214294074,4.016297946,-12.192063963,12.214390387,4.018245618,0.009430846
1609060479.282148123,-12.166033866,12.213236473,4.013686854,-12.165310551,12.210257518,4.016957177,0.004482452
1609060479.328881025,-12.135544880,12.209412061,4.011108114,-12.137743665,12.207177523,4.015395613,0.005311352
1609060479.380424023,-12.101234849,12.204114504,4.009338590,-12.109821036,12.202916304,4.013807241,0.009753315
1609060479.428443193,-12.069632718,12.199200858,4.007377950,-12.056349523,12.193798852,4.010521044,0.014680054
1609060479.481338024,-12.035864891,12.193610320,4.005089257,-12.029657225,12.189946634,4.008790512,0.008102901
1609060479.528342009,-12.005157719,12.188735498,4.003670816,-11.999864816,12.184903280,4.006515303,0.007126838
1609060479.579895020,-11.971611151,12.183268951,4.002919556,-11.970346174,12.178705959,4.004582104,0.005018478
1609060479.629096031,-11.939021936,12.177320388,4.000600309,-11.942167231,12.173812753,4.003042781,0.005306793
1609060479.680663109,-11.905496822,12.171043230,3.996669601,-11.888098214,12.163276990,3.999959126,0.019335124
1609060479.729127169,-11.872872580,12.164044970,3.995585012,-11.860552175,12.156667313,3.998336642,0.014621684
1609060479.779810190,-11.839403776,12.156358583,3.995169194,-11.832197984,12.149453854,3.996981710,0.010143171
1609060479.828247070,-11.806291483,12.147763423,3.993704142,-11.803976178,12.143229362,3.995407244,0.005368325
1609060479.881755114,-11.770739154,12.136669208,3.989792826,-11.774767097,12.133774033,3.993221418,0.006030058
1609060479.928881168,-11.736667680,12.125264694,3.987684164,-11.713616673,12.114148324,3.988716143,0.025612255
1609060479.979612112,-11.701982088,12.114182227,3.986258455,-11.681226791,12.103789019,3.987157651,0.023229501
1609060480.028473139,-11.666462442,12.101272063,3.984604469,-11.650266735,12.091025486,3.985599621,0.019190717
1609060480.078821182,-11.630422030,12.086438042,3.983167196,-11.619391485,12.077898145,3.983951036,0.013972014
1609060480.128672123,-11.593040484,12.071145108,3.982444161,-11.586265950,12.065837707,3.982330912,0.008606720
1609060480.181447983,-11.550565443,12.051135420,3.979770121,-11.552848902,12.051269400,3.981925619,0.003142977
1609060480.227405071,-11.512955182,12.033521378,3.979189576,-11.485901127,12.019138439,3.979744655,0.030644721
1609060480.277834177,-11.470175906,12.012362168,3.977721768,-11.452397264,12.003614220,3.979871944,0.019930629
1609060480.328183174,-11.426503265,11.990245476,3.977367101,-11.413782370,11.984162039,3.979968862,0.014338708
1609060480.379876137,-11.382345277,11.970490561,3.977540175,-11.373318023,11.962508832,3.979407735,0.012193732
1609060480.429113150,-11.339176256,11.947691828,3.977672368,-11.336690707,11.941468307,3.979333334,0.006904272
1609060480.480789185,-11.291477167,11.921374338,3.977721605,-11.264264216,11.902556860,3.979370191,0.033126425
1609060480.532296181,-11.246974560,11.896135567,3.977732068,-11.226443903,11.880338978,3.978975391,0.025934262
1609060480.580609083,-11.202154473,11.870427103,3.977550849,-11.189014603,11.857173439,3.978992116,0.018718788
1609060480.629172087,-11.156464135,11.843440380,3.977441815,-11.149916284,11.834673324,3.979191980,0.011081457
1609060480.680544138,-11.109728071,11.814649305,3.977836017,-11.110430713,11.810585963,3.980010201,0.004661709
1609060480.729022980,-11.064760347,11.787395210,3.978496024,-11.033952981,11.762078436,3.980936791,0.039949846
1609060480.779507160,-11.018744948,11.759552402,3.979218192,-10.995165596,11.738581800,3.982083797,0.031685386
1609060480.830286980,-10.970479165,11.729380326,3.980914054,-10.954728211,11.713770087,3.983358097,0.022310210
1609060480.878767014,-10.924570327,11.700773638,3.982141162,-10.915174620,11.688267876,3.984199345,0.015776867
1609060480.928699017,-10.876553641,11.670703691,3.982723515,-10.875412905,11.662899551,3.984612285,0.008110076
1609060480.981075048,-10.830129674,11.641265266,3.981943788,-10.833068462,11.637851172,3.985626409,0.005818437
1609060481.028006077,-10.784664603,11.613115505,3.981771396,-10.754204915,11.586534758,3.985966879,0.040643951
1609060481.078581095,-10.738040353,11.583653242,3.982637330,-10.716089771,11.562247619,3.986463270,0.030897679
1609060481.128023148,-10.690280850,11.554407350,3.982980659,-10.671020045,11.534775818,3.987405565,0.027855977
1609060481.179006100,-10.644041181,11.526960581,3.985325382,-10.626166319,11.506887081,3.988011595,0.027012438
1609060481.229451180,-10.596398097,11.498252033,3.986230208,-10.586964763,11.480989307,3.988314277,0.019782135
1609060481.281218052,-10.543762298,11.463592432,3.987921176,-10.509069367,11.436273584,3.987731762,0.044158293
1609060481.326537132,-10.499362171,11.437412988,3.987710570,-10.470457059,11.411930148,3.987134415,0.038538456
1609060481.379728079,-10.447677162,11.406846926,3.985897187,-10.432287298,11.388210606,3.986330586,0.024173295
1609060481.444012165,-10.384343600,11.370822086,3.984355025,-10.354488964,11.345885585,3.983343141,0.038912110
1609060481.485725164,-10.349032958,11.353264525,3.981890095,-10.317274059,11.324303392,3.981890695,0.042981099
1609060481.527129173,-10.310401090,11.330772506,3.980847691,-10.280401860,11.303403995,3.980187773,0.040613110
1609060481.580744982,-10.257978659,11.302640914,3.978761594,-10.239581057,11.282504287,3.978230015,0.027280727
1609060481.628387213,-10.214314225,11.279604952,3.976383625,-10.201495082,11.262819917,3.977526421,0.021151213
1609060481.682008028,-10.163189581,11.253801029,3.974562878,-10.165845246,11.244474073,3.975859930,0.009784018
1609060481.727735043,-10.120164258,11.233012096,3.973442716,-10.089540556,11.207636776,3.973429811,0.039770820
1609060481.779087067,-10.074429014,11.211668181,3.972165591,-10.051577827,11.190682907,3.972825783,0.031032150
1609060481.828232050,-10.029916536,11.190979129,3.971384131,-10.015915614,11.172023363,3.972632710,0.023598852
1609060481.879717112,-9.986371623,11.170209872,3.970307351,-9.979683083,11.154517337,3.971584762,0.017106256
1609060481.933407068,-9.940166597,11.149157442,3.969911494,-9.944820724,11.139598803,3.970547652,0.010650501
1609060481.981904984,-9.899001636,11.130743513,3.968704808,-9.871339927,11.107118260,3.968944395,0.036378292
1609060482.028050184,-9.858915361,11.113532041,3.967259153,-9.837930347,11.092860865,3.967805235,0.029461273
1609060482.081947088,-9.815177912,11.096716418,3.964072196,-9.801905392,11.078169333,3.966951814,0.022987961
1609060482.128210068,-9.776313772,11.081536181,3.962214308,-9.764152717,11.065060708,3.965917835,0.020809819
1609060482.180625200,-9.736512592,11.065353958,3.963689192,-9.728698846,11.049866430,3.964520143,0.017366883
1609060482.228815079,-9.697364799,11.049874313,3.961582748,-9.662180914,11.024853684,3.961400033,0.043173731
1609060482.279059172,-9.659331595,11.035578545,3.960230224,-9.628162810,11.013073975,3.960015166,0.038444702
1609060482.327528000,-9.621257818,11.021312950,3.958234215,-9.597268154,10.999560327,3.958785578,0.032388031
1609060482.380026102,-9.576186586,11.001988760,3.955362606,-9.565082451,10.986979553,3.957169865,0.018757513
1609060482.429511070,-9.536513461,10.987083230,3.952985046,-9.533243198,10.976951878,3.955528093,0.010945592
1609060482.482517004,-9.497294443,10.971850992,3.948515066,-9.472221482,10.952889090,3.952312117,0.031664250
1609060482.527718067,-9.462215928,10.958839021,3.945946690,-9.442837814,10.941371723,3.950525407,0.026487402
1609060482.621788979,-9.402600692,10.936444272,3.944181277,-9.386381766,10.922005550,3.946547871,0.021843329
1609060482.734424114,-9.328060588,10.907869916,3.939273098,-9.304027480,10.890338275,3.940145934,0.029760890
1609060482.779277086,-9.298132728,10.896034043,3.937194588,-9.277087624,10.879728351,3.938491178,0.026654327
1609060482.828587055,-9.267449311,10.883456296,3.935406562,-9.251711446,10.868206859,3.937515106,0.022015260
1609060482.881298065,-9.237708972,10.871058801,3.933578246,-9.226499942,10.857520575,3.936725470,0.017855837
1609060482.930871010,-9.208799444,10.858144425,3.933393428,-9.201621414,10.846945156,3.936235651,0.013602425
1609060482.980209112,-9.181482718,10.844511070,3.933595610,-9.177094190,10.834469736,3.935823904,0.011182703
1609060483.028465986,-9.154177062,10.830304178,3.933850284,-9.131786665,10.810125296,3.936511697,0.030258888
1609060483.081049204,-9.127698600,10.815341611,3.934917265,-9.109259597,10.798393932,3.937307176,0.025158147
1609060483.128555059,-9.101364479,10.801520506,3.935862940,-9.087461944,10.785720743,3.938027021,0.021156471
1609060483.180977106,-9.077219621,10.787374346,3.937266724,-9.067135215,10.772056621,3.939717917,0.018502332
1609060483.230127096,-9.051687461,10.771435558,3.938551927,-9.025205234,10.745120661,3.941946260,0.037487380
1609060483.281493187,-9.029777383,10.753390351,3.940790913,-9.005315757,10.729472295,3.942899728,0.034276693
1609060483.328428030,-9.006252268,10.736330085,3.942140013,-8.985765768,10.713795537,3.943744573,0.030497166
1609060483.378969193,-8.983898499,10.716611932,3.944919039,-8.964424604,10.695402434,3.945595847,0.028801622
1609060483.430318117,-8.959203285,10.694615750,3.946504480,-8.944796429,10.676454110,3.946079115,0.023185849
1609060483.480869055,-8.934720059,10.668328508,3.948053764,-8.908422335,10.637174330,3.949090438,0.040782690
1609060483.528273106,-8.911169684,10.644248404,3.949838856,-8.889367281,10.615454339,3.950547590,0.036124026
1609060483.579897165,-8.888524999,10.614605414,3.950532781,-8.870676272,10.592916867,3.951510873,0.028105636
1609060483.628494024,-8.864691440,10.586425724,3.951395463,-8.853515021,10.570814673,3.952113491,0.019212830
1609060483.682538033,-8.843317608,10.551907308,3.952814935,-8.835253287,10.545678987,3.952385261,0.010198524
1609060483.730038166,-8.823755879,10.522332713,3.953535419,-8.799468317,10.492412999,3.952486464,0.038550944
1609060483.772054195,-8.804627364,10.493954665,3.953570298,-8.781147850,10.462740585,3.952861262,0.039065446
1609060483.822942019,-8.782628422,10.458529318,3.953792269,-8.763033657,10.432252508,3.952423104,0.032807014
1609060483.874164104,-8.761040046,10.420735507,3.953397886,-8.745532867,10.401142080,3.952214744,0.025015492
1609060483.923398018,-8.739219514,10.382519299,3.952688626,-8.728318705,10.368127975,3.951181701,0.018116530
1609060483.980666161,-8.718435362,10.337192391,3.950000002,-8.711051327,10.334463936,3.951132807,0.007953093
1609060484.028288126,-8.698324360,10.299404928,3.949596393,-8.677509631,10.267582986,3.948879237,0.038031609
1609060484.081130028,-8.676437584,10.256702779,3.950305389,-8.659976527,10.233109138,3.947452258,0.028909629
1609060484.131193161,-8.655842466,10.214672445,3.947391999,-8.641806082,10.197063361,3.946091134,0.022556422
1609060484.179687977,-8.637001006,10.172797702,3.943860347,-8.624951820,10.161546777,3.943471959,0.016489907
1609060484.229885101,-8.614523108,10.127470509,3.940546909,-8.591633182,10.085807498,3.937734296,0.047620017
1609060484.281463146,-8.595929226,10.083098037,3.936162636,-8.575615625,10.047517557,3.934838615,0.040992267
1609060484.329643011,-8.574111862,10.040333034,3.932203668,-8.557503770,10.010142557,3.931710434,0.034460658
1609060484.380283117,-8.553222015,9.994691608,3.927955993,-8.539726041,9.970428978,3.927744522,0.027764389
1609060484.429648161,-8.530385860,9.951052104,3.923416002,-8.520713214,9.932222818,3.923717974,0.021170575
1609060484.481362104,-8.508507530,9.906832958,3.917213542,-8.485348972,9.860284969,3.913487593,0.052124051
1609060484.534080029,-8.483012389,9.860930930,3.910657663,-8.465844048,9.823479896,3.909207882,0.041224189
1609060484.579492092,-8.459024044,9.817713211,3.908618478,-8.445874587,9.787289274,3.904641864,0.033381696
1609060484.629556179,-8.431330874,9.774514334,3.902390574,-8.426386134,9.752552591,3.899379014,0.022712069
1609060484.681941986,-8.403560346,9.726463206,3.892356602,-8.404538803,9.716727671,3.893120933,0.009814389
1609060484.730236053,-8.373639103,9.685344110,3.886190610,-8.358504373,9.648477993,3.882941262,0.039984109
1609060484.779811144,-8.345997516,9.644851299,3.879495421,-8.334155803,9.614862451,3.877498237,0.032303962
1609060484.828018188,-8.318848280,9.607919973,3.873337158,-8.310488819,9.583953244,3.872401643,0.025399997
1609060484.878533125,-8.286529826,9.568695423,3.866545006,-8.284659860,9.552438962,3.866270225,0.016365965
1609060484.930534124,-8.254904186,9.529833168,3.860174939,-8.258595598,9.522264639,3.860917812,0.008453462
1609060484.981159210,-8.220108833,9.493294404,3.853077776,-8.201685982,9.462780897,3.850185817,0.035760858
1609060485.028194189,-8.186010624,9.461329551,3.846325042,-8.173891837,9.437525537,3.844716398,0.026759742
1609060485.079768181,-8.150249178,9.429082214,3.838809930,-8.141601034,9.410360960,3.839558141,0.020635784
1609060485.129080057,-8.112306253,9.398401013,3.831824683,-8.111788502,9.384590871,3.834359764,0.014050435
1609060485.180635214,-8.073135499,9.368833209,3.824388818,-8.080096755,9.361291910,3.829773832,0.011590024
1609060485.228953123,-8.034336797,9.341547352,3.818824858,-8.012490530,9.315549947,3.820647946,0.034006590
1609060485.278696060,-7.994343320,9.314325152,3.813266954,-7.978540199,9.294278813,3.816176295,0.025691606
1609060485.329076052,-7.949576769,9.288967339,3.807263169,-7.939587888,9.270232055,3.811482029,0.021646879
1609060485.380200148,-7.909211468,9.264883182,3.800879442,-7.897551065,9.248075658,3.806257484,0.021151388
1609060485.430720091,-7.863076696,9.241758357,3.795460616,-7.858177151,9.229537444,3.801843100,0.014631896
1609060485.481105089,-7.819632356,9.221106696,3.791730617,-7.782924955,9.194484314,3.792221594,0.045347829
1609060485.527322054,-7.775249061,9.202333263,3.787294061,-7.742812601,9.177606777,3.788596222,0.040807091
1609060485.581003189,-7.727237173,9.182075313,3.782468566,-7.701232046,9.162221939,3.784463481,0.032778084
1609060485.629459143,-7.680066295,9.164494584,3.778301889,-7.662795330,9.148558324,3.779680847,0.023540436
1609060485.682391167,-7.624142151,9.144423110,3.767709034,-7.622143996,9.133002781,3.775263008,0.013837595
1609060485.728686094,-7.576154057,9.129164271,3.763082725,-7.538087038,9.107511194,3.768548534,0.044134212
1609060485.780714035,-7.523527846,9.111930761,3.757365321,-7.496793957,9.094202303,3.765007939,0.032975880
1609060485.828873158,-7.473203660,9.096837839,3.752671786,-7.459639856,9.080741964,3.762185005,0.023098816
1609060485.880715132,-7.424346110,9.079336661,3.753856949,-7.421341483,9.069009773,3.759105509,0.011967447
1609060485.935539007,-7.370688777,9.063742565,3.749491822,-7.337651989,9.045807272,3.752291114,0.037695360
1609060485.979164124,-7.325579095,9.050662896,3.745451728,-7.298118824,9.032985234,3.748203071,0.032774016
1609060486.027441025,-7.278614773,9.036333590,3.743101692,-7.256907813,9.020928261,3.744767139,0.026670020
1609060486.080199003,-7.226126310,9.020432261,3.738339314,-7.214522428,9.009527260,3.740916001,0.016130978
1609060486.128912210,-7.178738901,9.005828553,3.732461612,-7.173984392,8.997515567,3.735886716,0.010170665
1609060486.179495096,-7.132005242,8.991356188,3.724629371,-7.133882313,8.983960136,3.729284290,0.008938302
1609060486.228121042,-7.086130025,8.976249302,3.716300373,-7.054993860,8.959607415,3.715530383,0.035312973
1609060486.281726122,-7.038736685,8.957109692,3.706429379,-7.017325622,8.945290994,3.708584052,0.024551127
1609060486.327965021,-6.997535312,8.940982870,3.698263239,-6.979113830,8.929457382,3.699991166,0.021798477
1609060486.380213022,-6.953918860,8.922866536,3.689626150,-6.944426724,8.914316270,3.693488470,0.013346356
1609060486.428727150,-6.910841663,8.903233985,3.680300129,-6.868163707,8.880817030,3.677118050,0.048312042
1609060486.481432199,-6.868968235,8.882373820,3.670143776,-6.832778552,8.861580924,3.668698977,0.041762724
1609060486.527513027,-6.830513282,8.861703043,3.661456476,-6.799200688,8.842721579,3.661671039,0.036617217
1609060486.580152035,-6.790260164,8.837472114,3.655128007,-6.766059750,8.824531304,3.654215934,0.027458268
1609060486.629222155,-6.750757356,8.814137734,3.646162465,-6.732426155,8.803805581,3.646249966,0.021042670
1609060486.680812120,-6.712710618,8.790124578,3.639027914,-6.669589591,8.760030715,3.631139835,0.053172223
1609060486.728094101,-6.676172665,8.764428132,3.631075025,-6.636775732,8.735878215,3.623494883,0.049240986
1609060486.779956102,-6.635490004,8.730550596,3.622085266,-6.606423444,8.710487059,3.615797431,0.035874048
1609060486.829302073,-6.597929972,8.699471592,3.614179373,-6.577443845,8.684411453,3.608521320,0.026048086
1609060486.881893158,-6.558955725,8.662068017,3.602675387,-6.546452092,8.656970747,3.601030440,0.013602531
1609060486.933675051,-6.519741230,8.625157307,3.594192075,-6.491357201,8.601440790,3.588721826,0.037390506
1609060486.980293036,-6.489617887,8.590315599,3.586221286,-6.465132605,8.573442784,3.582909846,0.029919669
1609060487.030152082,-6.455430308,8.556596032,3.579437904,-6.438449333,8.545723325,3.575988339,0.020456510
1609060487.081585169,-6.419708154,8.517889900,3.571887372,-6.411760437,8.514482163,3.570225597,0.008805701
1609060487.134253025,-6.388688974,8.477388628,3.565290329,-6.358500440,8.450889116,3.558405280,0.040755069
1609060487.179390192,-6.358968570,8.441624152,3.558929059,-6.333220786,8.416318453,3.553241169,0.036546941
1609060487.229357004,-6.327917433,8.400439794,3.552210028,-6.307257259,8.380925521,3.548038221,0.028723746
1609060487.281926155,-6.297344441,8.356831740,3.545828815,-6.283241945,8.346868217,3.543570575,0.017414128
1609060487.332370996,-6.268370618,8.315560011,3.540632186,-6.260375088,8.313987289,3.539288777,0.008258735
1609060487.381510019,-6.241302659,8.274323967,3.535687531,-6.212722579,8.241729897,3.531655996,0.043536739
1609060487.429805994,-6.214195309,8.233759556,3.530808597,-6.191704918,8.208291041,3.527330246,0.034154968
1609060487.481407166,-6.186542776,8.190608956,3.525283418,-6.169244574,8.171961269,3.523854794,0.025475576
1609060487.531018019,-6.158625197,8.148135268,3.519824825,-6.147733047,8.136014923,3.519448095,0.016299803
1609060487.573276997,-6.138995251,8.114366916,3.514953822,-6.127121995,8.101388417,3.516156076,0.017631251
1609060487.623480082,-6.111362225,8.071638194,3.509113019,-6.085312408,8.029205903,3.506886530,0.049840241
1609060487.680495024,-6.084572771,8.020988678,3.504111696,-6.065334830,7.994335525,3.502491355,0.032910704
1609060487.728843212,-6.058627069,7.980135870,3.498258280,-6.043692740,7.954510652,3.497820199,0.029662736
1609060487.780599117,-6.037516949,7.937579004,3.492585747,-6.021345708,7.913220648,3.492399990,0.029238212
1609060487.831240177,-6.012420528,7.894583167,3.486340499,-6.001011372,7.876785315,3.488004589,0.021206168
1609060487.881911993,-5.984921067,7.848027996,3.479297269,-5.965532057,7.807299020,3.477871129,0.045131109
1609060487.928303003,-5.961265413,7.808022564,3.473098373,-5.946384743,7.771130320,3.472727495,0.039782026
1609060487.979984045,-5.940628435,7.759818538,3.465234840,-5.928009516,7.735311417,3.467588960,0.027665466
1609060488.029487133,-5.915998416,7.716390737,3.458338743,-5.911495457,7.701105023,3.462062055,0.016364374
1609060488.082446098,-5.898352960,7.669547419,3.450113455,-5.893041116,7.665715801,3.455951502,0.008773811
1609060488.130092144,-5.879536511,7.629326001,3.444468365,-5.859080849,7.597848177,3.443749693,0.037547357
1609060488.181658030,-5.856758660,7.584830574,3.436093424,-5.842178755,7.561548312,3.436836036,0.027480699
1609060488.228613138,-5.838550669,7.546297760,3.427305042,-5.825536470,7.527431117,3.430766567,0.023179770
1609060488.281764984,-5.815964082,7.501796063,3.418504714,-5.810332436,7.495488853,3.424337589,0.010272233
1609060488.328850031,-5.797184031,7.462886353,3.411755048,-5.778542129,7.427676684,3.410820844,0.039851149
1609060488.380331039,-5.778704235,7.421126868,3.405678985,-5.763198586,7.394705826,3.404531221,0.030656385
1609060488.429883003,-5.759518518,7.381814906,3.398132907,-5.747615781,7.360990016,3.398553666,0.023990169
1609060488.480764151,-5.740505412,7.342223342,3.390164496,-5.732062451,7.327814694,3.392068875,0.016808313
1609060488.535542011,-5.721368084,7.299476945,3.379642189,-5.716439310,7.294587994,3.385679762,0.009200378
1609060488.580343008,-5.705078636,7.264616382,3.372322699,-5.701216954,7.260835100,3.379015028,0.008602206
1609060488.629785061,-5.685053573,7.227339189,3.365236040,-5.669968747,7.196793478,3.367269662,0.034128113
1609060488.681182146,-5.668586603,7.190587817,3.361544838,-5.654970632,7.167440152,3.362475348,0.026871452
1609060488.733952999,-5.647064354,7.153098583,3.355328386,-5.638226826,7.136649964,3.357135765,0.018759680
1609060488.780320168,-5.628433437,7.119666149,3.348483598,-5.621209410,7.108034582,3.351963283,0.014127566
1609060488.830223083,-5.605927066,7.085893785,3.342249461,-5.588601716,7.051426909,3.341553805,0.038582602
1609060488.878646135,-5.590379304,7.053344614,3.336165206,-5.572802076,7.022984039,3.336429022,0.035082660
1609060488.926599026,-5.570726422,7.019778216,3.330604563,-5.556392503,6.993312027,3.331676372,0.030117589
1609060488.980388165,-5.547992990,6.981517745,3.322278216,-5.538552151,6.961617749,3.327407359,0.022615202
1609060489.026468992,-5.527341943,6.950310129,3.317243728,-5.521296244,6.932821950,3.323077537,0.019401552
1609060489.085741043,-5.502297207,6.905868512,3.310954116,-5.487245798,6.878157334,3.316173304,0.031963951
1609060489.127518177,-5.482508137,6.876731019,3.307953820,-5.471245054,6.848236076,3.314171235,0.031264597
1609060489.181252003,-5.462558366,6.840099577,3.310032723,-5.449637553,6.821695288,3.312409112,0.022612220
1609060489.229586124,-5.441772375,6.805182287,3.307523276,-5.431805035,6.795126939,3.309816691,0.014342860
1609060489.282239199,-5.415968925,6.767972239,3.304848609,-5.412671658,6.766252711,3.307865452,0.004788537
1609060489.327752113,-5.394790845,6.737852235,3.302239485,-5.374285211,6.712195045,3.304337097,0.032911584
1609060489.379934072,-5.367753484,6.702094831,3.299709832,-5.352958623,6.684064009,3.302681403,0.023512309
1609060489.424185991,-5.343703729,6.672726770,3.297664851,-5.331821177,6.657719900,3.301335282,0.019490338
1609060489.474608183,-5.318190040,6.641626879,3.295736226,-5.310724730,6.632402964,3.299747721,0.012526115
1609060489.524008036,-5.290817628,6.608786616,3.293563188,-5.288378829,6.605264092,3.298176471,0.006295896
1609060489.573360205,-5.266666479,6.576200289,3.291169177,-5.244007017,6.552198943,3.293848156,0.033116351
1609060489.623059988,-5.237434453,6.544049520,3.288610454,-5.220853251,6.525239291,3.292310368,0.025346604
1609060489.680881023,-5.206243842,6.508882006,3.287127490,-5.196836090,6.498616568,3.290439871,0.014312822
1609060489.728197098,-5.176075956,6.479571804,3.284616719,-5.171072675,6.472104797,3.288377159,0.009743199
1609060489.780966043,-5.148117396,6.448410680,3.282108121,-5.145556105,6.445607461,3.287110909,0.006280616
1609060489.828963041,-5.117286010,6.419676697,3.279876404,-5.094206085,6.394548398,3.283454418,0.034306216
1609060489.879400015,-5.089048255,6.390899938,3.275943996,-5.069356790,6.371914698,3.281176441,0.027849086
1609060489.928678036,-5.056457347,6.363233269,3.273075660,-5.039568910,6.345237581,3.278820593,0.025339068
1609060489.979420185,-5.025555955,6.337002767,3.273758617,-5.008979415,6.319112248,3.276149091,0.024506463
1609060490.031026125,-4.989141198,6.310365890,3.271898893,-4.979154948,6.296846912,3.274506050,0.017008387
1609060490.081745148,-4.949177798,6.281614710,3.268370203,-4.920770405,6.256461726,3.271319901,0.038057238
1609060490.129084110,-4.911768694,6.258655956,3.266360696,-4.890651640,6.235903862,3.269643582,0.031214821
1609060490.180391073,-4.872845277,6.231710341,3.263950646,-4.858946253,6.216551980,3.267923294,0.020946138
1609060490.229308128,-4.833204223,6.208285385,3.261652873,-4.829154879,6.198588310,3.265969124,0.011360479
1609060490.280956984,-4.798916064,6.185324053,3.261481833,-4.798127351,6.179117359,3.263906102,0.006709858
1609060490.329324007,-4.764620718,6.164551097,3.260147586,-4.737125996,6.144259623,3.260644500,0.034175292
1609060490.380764008,-4.722936058,6.141849147,3.257876031,-4.704578608,6.126366826,3.258999347,0.024040800
1609060490.429780006,-4.686838388,6.121256298,3.255747333,-4.673989428,6.108368636,3.256992770,0.018241127
1609060490.481692076,-4.645504713,6.098986378,3.253279432,-4.643974691,6.092063533,3.255103839,0.007320874
1609060490.529579163,-4.609106381,6.078384442,3.250905939,-4.580072168,6.057053776,3.250287925,0.036032829
1609060490.579999208,-4.571486402,6.057045284,3.247376381,-4.549908138,6.038775231,3.247173730,0.028274678
1609060490.629163027,-4.534321605,6.035962441,3.243635887,-4.518577763,6.019855401,3.244313015,0.022533614
1609060490.681888103,-4.497704849,6.013152845,3.239415525,-4.486513198,6.001656765,3.241067926,0.016128960
1609060490.728027105,-4.463281829,5.991732460,3.235569793,-4.455806323,5.981659797,3.237316481,0.012664622
1609060490.781954050,-4.425628105,5.964878443,3.230944023,-4.424475296,5.960417708,3.233262668,0.005157832
1609060490.830234051,-4.389818878,5.940370899,3.226124332,-4.364142444,5.918985058,3.225773398,0.033417909
1609060490.882236004,-4.355336233,5.913222492,3.221412239,-4.335407688,5.896364443,3.221238267,0.026103084
1609060490.927493095,-4.323114795,5.886451375,3.216906847,-4.306368236,5.871916528,3.217383432,0.022179634
1609060490.979726076,-4.291378849,5.854596637,3.212343822,-4.277817629,5.846718609,3.213480964,0.015724603
1609060491.030094147,-4.256292376,5.821893916,3.208508845,-4.222620811,5.793021374,3.206499970,0.044400828
1609060491.081507206,-4.225148532,5.789013741,3.206144338,-4.195774182,5.764389555,3.203693240,0.038408474
1609060491.128799200,-4.193180696,5.755676629,3.203603297,-4.169106391,5.734753238,3.201251134,0.031982701
1609060491.179252148,-4.159713029,5.714884088,3.203034853,-4.142169490,5.701667794,3.199336802,0.022273791
1609060491.237707138,-4.120951809,5.667351643,3.201267121,-4.090340021,5.634459026,3.195204551,0.045340495
1609060491.285046101,-4.092936297,5.625205604,3.198268632,-4.064113771,5.597913761,3.192980909,0.040044259
1609060491.327813148,-4.064272521,5.587167459,3.196658123,-4.038490509,5.560351065,3.192400220,0.037442767
1609060491.379707098,-4.034123846,5.539976996,3.193612434,-4.013500261,5.522034509,3.191378276,0.027427296
1609060491.431063175,-4.003525790,5.491135137,3.194150769,-3.990229863,5.485691272,3.190550282,0.014811510
1609060491.483215094,-3.970803413,5.439471946,3.194207225,-3.965973521,5.445483800,3.191148958,0.008295978
1609060491.534535170,-3.942041807,5.387451087,3.195768510,-3.919041186,5.361370827,3.191977099,0.034979756
1609060491.580775023,-3.914011526,5.339675824,3.196417677,-3.895304886,5.317450666,3.193192675,0.029228353
1609060491.630144119,-3.886114416,5.289136167,3.196714295,-3.871596516,5.273114523,3.194094456,0.021779027
1609060491.681989193,-3.859287958,5.235810301,3.196752113,-3.849766553,5.228901869,3.195929593,0.011792375
1609060491.729292154,-3.833606610,5.186023846,3.197390216,-3.829133901,5.187650558,3.196400448,0.004861168
1609060491.782570124,-3.805843025,5.130751581,3.198101905,-3.784858974,5.098009120,3.199630126,0.038919591
1609060491.829774141,-3.779675090,5.082186734,3.199415849,-3.763925618,5.056209410,3.201103976,0.030425599
1609060491.882502079,-3.752028837,5.028763456,3.201411949,-3.741759376,5.011577996,3.203013489,0.020083994
1609060491.929095984,-3.726057785,4.980964309,3.202107284,-3.720992311,4.969665736,3.203921009,0.012514247
1609060491.981079102,-3.701421197,4.928370602,3.201682738,-3.700487900,4.928558717,3.204745271,0.003207107
1609060492.029659986,-3.673403710,4.880180322,3.201687890,-3.655129652,4.843308350,3.207089595,0.041504963
1609060492.080188990,-3.649895737,4.831224159,3.204093447,-3.633943006,4.803434333,3.207944615,0.032273759
1609060492.128679991,-3.622752491,4.784740828,3.204337423,-3.611002685,4.761478332,3.208347344,0.026368183
1609060492.182240009,-3.595356272,4.734257894,3.203803714,-3.589180966,4.723560605,3.208270828,0.013134744
1609060492.230466127,-3.567827037,4.690227704,3.203773419,-3.542692384,4.647225290,3.207833778,0.049974443
1609060492.279041052,-3.537893359,4.646189967,3.205313232,-3.518365525,4.610372105,3.208062725,0.040887838
1609060492.328356028,-3.506223815,4.603850050,3.205413147,-3.493402829,4.574662235,3.207848599,0.031972452
1609060492.380124092,-3.474039058,4.556302787,3.203584924,-3.466819070,4.539121285,3.207841168,0.019116690
1609060492.428395033,-3.439944457,4.517151618,3.203961137,-3.439471868,4.504566067,3.208018658,0.013231891
1609060492.484305143,-3.404910765,4.474213257,3.205021467,-3.385992000,4.443769429,3.209911273,0.036175359
1609060492.534708023,-3.368711792,4.438892163,3.207397068,-3.356648628,4.414114568,3.211132559,0.027810125
1609060492.579715014,-3.334859146,4.407259333,3.209510348,-3.326930996,4.384746394,3.213330199,0.024171869
1609060492.630504131,-3.299139842,4.373639356,3.211332223,-3.298351328,4.360258222,3.214631762,0.013804473
1609060492.682944059,-3.258282568,4.339886269,3.214235468,-3.266403364,4.332971734,3.216635948,0.010932540
1609060492.730010033,-3.221691836,4.311775881,3.216660798,-3.201103353,4.284853059,3.220585444,0.034119303
1609060492.779417038,-3.184554768,4.283496994,3.219258404,-3.167986267,4.261301456,3.222875498,0.027932786
1609060492.828896046,-3.145058813,4.256777779,3.222381626,-3.134825952,4.238559232,3.225500692,0.021127126
1609060492.881380081,-3.104981953,4.230093614,3.225470149,-3.100137384,4.216246976,3.229099918,0.015112063
1609060492.929259062,-3.065803401,4.205506806,3.229488532,-3.064866152,4.195713653,3.232641618,0.010330839
1609060492.980987072,-3.024146419,4.179983935,3.233878494,-3.028526560,4.174427889,3.236056913,0.007402756
1609060493.029018164,-2.981828001,4.157692499,3.237587768,-2.958571463,4.135057385,3.242188162,0.032777714
1609060493.079579115,-2.941494544,4.134539650,3.243276568,-2.922918644,4.116735716,3.245304397,0.025810002
1609060493.128925085,-2.898958642,4.111944573,3.246989775,-2.886407097,4.097187428,3.248131554,0.019406656
1609060493.180499077,-2.858722820,4.087511788,3.248708161,-2.851639131,4.078082054,3.249714198,0.011836834
1609060493.228688002,-2.816144369,4.065544037,3.250177025,-2.781173357,4.041390048,3.252356812,0.042557470
1609060493.280271053,-2.776637794,4.041441173,3.250550547,-2.745748712,4.021707744,3.252869983,0.036727692
1609060493.328587055,-2.735302761,4.017395203,3.250742632,-2.710321055,3.999935933,3.252744508,0.030543727
1609060493.380046129,-2.691850446,3.988113095,3.245560837,-2.672423585,3.975660834,3.252795997,0.024182830
1609060493.428469181,-2.649827597,3.960909655,3.244410549,-2.635112776,3.952465592,3.253031316,0.019030128
1609060493.480937004,-2.604321924,3.929837965,3.249571128,-2.567651824,3.905626464,3.251602512,0.043988857
1609060493.529367208,-2.561353491,3.899108950,3.249144971,-2.532539672,3.878478870,3.251280253,0.035502053
1609060493.579791069,-2.520444798,3.862120966,3.250390610,-2.496910515,3.850924507,3.250728555,0.026064102
1609060493.628499031,-2.479604757,3.828986513,3.248924402,-2.463239674,3.824049623,3.249206015,0.017095851
1609060493.682790041,-2.432746273,3.787845275,3.246725530,-2.428404229,3.792664809,3.247636454,0.006550652
1609060493.728916168,-2.395899078,3.752722449,3.245464146,-2.361029762,3.729210011,3.244788498,0.042061389
1609060493.780441999,-2.351095455,3.709390261,3.242951789,-2.325410757,3.693198186,3.243257351,0.030364130
1609060493.829635143,-2.310368784,3.666570780,3.240515373,-2.292081848,3.657052042,3.241448752,0.020637093
1609060493.883442163,-2.267235192,3.618882948,3.237745751,-2.259343047,3.622228898,3.238913895,0.008651352
1609060493.929495096,-2.229125260,3.575137177,3.235757882,-2.191568300,3.542221051,3.235737674,0.049939934
1609060493.978958130,-2.190407676,3.525156460,3.233595890,-2.159084841,3.499883402,3.234381800,0.040255001
1609060494.028350115,-2.149393770,3.473954520,3.231648907,-2.125415477,3.454313186,3.234099123,0.031092509
1609060494.082203150,-2.106844235,3.417098224,3.230560966,-2.090688389,3.409114652,3.232799628,0.018159306
1609060494.129577160,-2.066836317,3.363731489,3.228856387,-2.058871205,3.364294182,3.230420373,0.008136687
1609060494.183086157,-2.026213311,3.303751176,3.226926439,-1.991515558,3.264740085,3.229604412,0.052277824
1609060494.228484154,-1.988439749,3.250049761,3.225850267,-1.960718796,3.217288761,3.228997738,0.043030697
1609060494.280737162,-1.950922923,3.187571685,3.224769708,-1.926748641,3.163868435,3.227845597,0.033995604
1609060494.329248190,-1.910833272,3.127826832,3.224051913,-1.893656536,3.111677271,3.226773194,0.023732972
1609060494.374109983,-1.878698055,3.072659400,3.222131015,-1.862042060,3.059907569,3.226303853,0.021387940
1609060494.429419041,-1.834063428,3.002273546,3.220963414,-1.796710871,2.950190359,3.224332308,0.064181160
1609060494.481046200,-1.786114017,2.926770696,3.224059506,-1.765327827,2.896246124,3.224341653,0.036930946
1609060494.533081055,-1.740983702,2.855581315,3.224225536,-1.730076865,2.837573805,3.223563262,0.021063430
1609060494.580868006,-1.702887991,2.786663282,3.221306182,-1.697214749,2.780494806,3.223064885,0.008563225
1609060494.630129099,-1.660188737,2.717515393,3.221424941,-1.633088229,2.667181617,3.221314744,0.057165888
1609060494.679522991,-1.624920863,2.644684360,3.216925843,-1.600595119,2.608029371,3.220332261,0.044124072
1609060494.730046988,-1.585286549,2.572626172,3.215225307,-1.567574717,2.549367349,3.220536377,0.029713453
1609060494.779560089,-1.543604874,2.500598131,3.214768372,-1.534147918,2.488909696,3.220489774,0.016086888
1609060494.830006123,-1.504896393,2.426618195,3.216213141,-1.503404247,2.431117246,3.220670708,0.006506755
1609060494.881098986,-1.461729327,2.350666478,3.216642115,-1.435695247,2.307606769,3.221762066,0.050577918
1609060494.928388119,-1.423569723,2.280909305,3.217371037,-1.402540359,2.244393296,3.221081630,0.042301556
1609060494.981044054,-1.383496198,2.204325929,3.218636377,-1.370315429,2.183008123,3.221011268,0.025175815
1609060495.029597044,-1.344163802,2.131952827,3.218625327,-1.338951074,2.124635702,3.220376968,0.009153201
1609060495.082610130,-1.302922483,2.052399509,3.217621396,-1.304259948,2.061595074,3.221049786,0.009904599
1609060495.129621983,-1.264742417,1.983037028,3.218326041,-1.237795808,1.936062033,3.221006990,0.054221374
1609060495.180171013,-1.225776916,1.909490565,3.220239311,-1.202918384,1.871570894,3.222882980,0.044355417
1609060495.229920149,-1.183585601,1.834419343,3.221925970,-1.167532852,1.805522412,3.223792771,0.033109037
1609060495.281436205,-1.145027143,1.758471133,3.223930097,-1.134313002,1.741766178,3.225028440,0.019875983
1609060495.335170031,-1.100884387,1.679090559,3.226165904,-1.101136290,1.679511269,3.226810097,0.000809591
1609060495.382240057,-1.067903535,1.611316411,3.227865171,-1.065809835,1.612928732,3.227376389,0.002687390
1609060495.429296017,-1.028961210,1.541535713,3.230031518,-1.000211104,1.486879204,3.231467122,0.061773485
1609060495.483244181,-0.990482404,1.462008980,3.232403571,-0.967205642,1.424889304,3.233416363,0.043825835
1609060495.528154135,-0.954714182,1.395990890,3.235064798,-0.933704499,1.361103850,3.235569885,0.040727968
1609060495.580590010,-0.908714791,1.310807811,3.237488454,-0.901207160,1.296931098,3.236480045,0.015809636
1609060495.628806114,-0.868144769,1.237655717,3.240460975,-0.837113574,1.172769303,3.241678384,0.071935136
1609060495.681596041,-0.827091345,1.149203753,3.243527421,-0.805307655,1.110413621,3.243975734,0.044490498
1609060495.728053093,-0.788107087,1.076471969,3.246885008,-0.775228782,1.050720609,3.246988666,0.028792256
1609060495.781130075,-0.748556535,0.993603369,3.249795939,-0.745857485,0.991173127,3.249720354,0.003632720
1609060495.830497026,-0.711455134,0.918717813,3.253956940,-0.683124295,0.868421135,3.254519745,0.057729619
1609060495.881890059,-0.670164801,0.839126545,3.257414613,-0.652257294,0.805430910,3.257045853,0.038160327
1609060495.929169178,-0.637162379,0.767953039,3.260052945,-0.623170721,0.745758375,3.260086996,0.026236821
1609060495.979615211,-0.598360357,0.690710750,3.263270441,-0.591049538,0.681773144,3.262922529,0.011552053
1609060496.030449152,-0.560930571,0.615032512,3.266592827,-0.560611592,0.620334410,3.265620562,0.005399738
1609060496.082633018,-0.524846140,0.538828403,3.270132140,-0.499661366,0.493562529,3.271095501,0.051809268
1609060496.130023003,-0.490462528,0.470431208,3.272420860,-0.469570200,0.433154098,3.274114971,0.042766135
1609060496.181450129,-0.455158691,0.396804041,3.274697454,-0.440845864,0.372602337,3.277456459,0.028252286
1609060496.229318142,-0.423003912,0.328925813,3.278311824,-0.414741500,0.316836397,3.280386927,0.014789438
1609060496.281906128,-0.389564650,0.256342728,3.282585390,-0.386991772,0.256650381,3.284046962,0.002974986
1609060496.329352140,-0.356764927,0.191198890,3.286334999,-0.334255418,0.148136035,3.292019429,0.048922390
1609060496.380367041,-0.326946947,0.125140984,3.293236337,-0.309930181,0.095996610,3.294562718,0.033774608
1609060496.429882050,-0.295354677,0.062064654,3.297357519,-0.284939612,0.041553059,3.297386038,0.023004346
1609060496.482614040,-0.265664568,-0.003557861,3.301865776,-0.258637283,-0.013177068,3.300757036,0.011964162
1609060496.530198097,-0.236193478,-0.061004937,3.304715526,-0.210631409,-0.116113964,3.306498570,0.060775024
1609060496.579577208,-0.210342065,-0.119126877,3.306070957,-0.187430686,-0.167036459,3.308461700,0.053159900
1609060496.629139185,-0.180869932,-0.178199646,3.309421571,-0.163613048,-0.217272934,3.311504005,0.042765154
1609060496.680529118,-0.151866824,-0.242251319,3.309152407,-0.141382721,-0.266433336,3.313924211,0.026785378
1609060496.729876995,-0.123712602,-0.297920358,3.311358956,-0.119887506,-0.314175011,3.316544079,0.017485155
1609060496.781874180,-0.098138861,-0.357442994,3.314367235,-0.098299298,-0.362419990,3.318586986,0.006527061
1609060496.830726147,-0.071241602,-0.410192221,3.315868027,-0.057081996,-0.451065930,3.321169145,0.043580459
1609060496.879760027,-0.049925979,-0.463619940,3.320966350,-0.038959558,-0.491149925,3.321262613,0.029635287
1609060496.931555986,-0.027152275,-0.515799316,3.321734939,-0.018386848,-0.536647688,3.321388132,0.022618745
1609060496.979130030,-0.003587897,-0.563158855,3.321522533,0.002798505,-0.581568063,3.320808969,0.019498570
1609060497.030738115,0.017971128,-0.614219637,3.319690514,0.021536078,-0.621414183,3.320352940,0.008056623
1609060497.082527161,0.042385354,-0.663955437,3.318008782,0.055830229,-0.695718915,3.317330175,0.034498460
1609060497.128504992,0.063288952,-0.705380780,3.315898940,0.073792077,-0.733090481,3.315870689,0.029633495
1609060497.180168152,0.084700214,-0.750314087,3.312371510,0.091132686,-0.769152604,3.313450407,0.019935658
1609060497.229369164,0.105565181,-0.793583731,3.309695690,0.106370274,-0.803048078,3.310915316,0.009576509
1609060497.282119989,0.125427790,-0.838343819,3.306488191,0.123442517,-0.839577249,3.307996109,0.002781452
1609060497.331099033,0.144800957,-0.878994864,3.303555252,0.155815628,-0.908944826,3.300499561,0.032057143
1609060497.379763126,0.162548794,-0.917949197,3.300081446,0.172546617,-0.943541423,3.296483047,0.027710412
1609060497.430797100,0.184475578,-0.958083460,3.295016332,0.188564341,-0.976454909,3.292615384,0.018973473
1609060497.479521990,0.200425927,-0.995672964,3.289200799,0.204139743,-1.010155358,3.287844360,0.015012398
1609060497.539794207,0.223801235,-1.042300604,3.281557063,0.235044667,-1.075728058,3.278412434,0.035407600
1609060497.585959196,0.240350854,-1.077763881,3.274255546,0.251135148,-1.107690187,3.273065840,0.031832377
1609060497.628929138,0.258013512,-1.111004825,3.267964251,0.266199512,-1.138513539,3.268508030,0.028706021
1609060497.679800987,0.274312005,-1.148979289,3.262515087,0.282451264,-1.172252752,3.262130762,0.024658657
1609060497.728677988,0.294974780,-1.186911387,3.255700565,0.298506463,-1.204324963,3.256194411,0.017774963
1609060497.782530069,0.318407269,-1.231780164,3.248109847,0.314620593,-1.235499023,3.250150742,0.005686306
1609060497.828576088,0.339366867,-1.267104551,3.242020019,0.348055942,-1.299843965,3.237289541,0.034201559
1609060497.881426096,0.359256144,-1.311394386,3.233400522,0.364203626,-1.330343563,3.232067036,0.019629749
1609060497.928340197,0.380810129,-1.348770179,3.227560936,0.382777432,-1.366105469,3.226017563,0.017514695
1609060497.980730057,0.398677020,-1.392141549,3.219274488,0.401406560,-1.402633319,3.219736480,0.010850855
1609060498.030624151,0.417679092,-1.432671995,3.211992418,0.418626662,-1.435508598,3.214974384,0.004223308
1609060498.081089020,0.440538580,-1.474293811,3.206232280,0.451847201,-1.500109200,3.207053620,0.028195634
1609060498.129364014,0.459299934,-1.512193424,3.202864434,0.469733985,-1.532517544,3.205384221,0.022984530
1609060498.179213047,0.481738425,-1.553048427,3.199040568,0.488028155,-1.566068542,3.202800150,0.014940501
1609060498.229629040,0.504169844,-1.593919694,3.195739776,0.504650558,-1.598114643,3.200512090,0.006372100
1609060498.282165051,0.525903772,-1.635687909,3.193220915,0.523496433,-1.631570006,3.197928202,0.006701564
1609060498.330411196,0.548330993,-1.672025329,3.191751820,0.560594924,-1.696362574,3.196577976,0.027676656
1609060498.380028009,0.570807111,-1.710331704,3.190875909,0.579103814,-1.730486854,3.195990700,0.022388087
1609060498.428318977,0.592046977,-1.749794851,3.190308836,0.598085001,-1.763263175,3.195829693,0.015758596
1609060498.482119083,0.614264182,-1.791835415,3.190132260,0.616225576,-1.795394515,3.195500316,0.006732777
1609060498.530372143,0.638082219,-1.830690003,3.189276753,0.636340672,-1.830204000,3.194826871,0.005837208
1609060498.580444098,0.658566148,-1.870176441,3.193788973,0.675411420,-1.899004356,3.193846242,0.033388848
1609060498.629819155,0.682830137,-1.909896607,3.193444808,0.695225138,-1.933949241,3.193127648,0.027060410
1609060498.681581020,0.702397397,-1.950847152,3.190384458,0.714873379,-1.970383204,3.192855119,0.023311191
1609060498.728110075,0.725310317,-1.989333700,3.189728788,0.735261492,-2.006046526,3.191339901,0.019517687
1609060498.786158085,0.749695187,-2.041373998,3.189143987,0.774662945,-2.078536311,3.188508770,0.044775328
1609060498.829328060,0.770632463,-2.080270274,3.187701208,0.793086814,-2.117108541,3.187203392,0.043145146
1609060498.881321192,0.796561471,-2.131202901,3.186633829,0.812392514,-2.154024829,3.185371746,0.027803870
1609060498.928911209,0.821532381,-2.176039723,3.184938340,0.833828395,-2.195656532,3.183215617,0.023215919
1609060498.980941057,0.845580418,-2.229397274,3.181465446,0.854665039,-2.235844598,3.180585920,0.011174610
1609060499.029283047,0.872187376,-2.276217056,3.179747461,0.875196330,-2.277531282,3.177600593,0.003923013
1609060499.083007097,0.897690979,-2.329982519,3.175552366,0.918051659,-2.362276772,3.173779257,0.038218058
1609060499.128166199,0.918621307,-2.375808842,3.172392023,0.938644391,-2.404922256,3.172494595,0.035334477
1609060499.180455208,0.946783137,-2.430408417,3.169863935,0.957290314,-2.446111225,3.170533068,0.018905731
1609060499.228965044,0.969761735,-2.480442534,3.170660867,0.978292701,-2.489510503,3.169128772,0.012544033
1609060499.279461145,0.996468338,-2.535195955,3.168775223,0.999394010,-2.532796268,3.168082031,0.003846891
1609060499.330644131,1.022652856,-2.590453437,3.166689522,1.042146209,-2.626644836,3.165356811,0.041128874
1609060499.381079197,1.047662829,-2.645126830,3.164467842,1.064241826,-2.673838470,3.164834574,0.033156537
1609060499.429335117,1.072997332,-2.697951706,3.163201264,1.084904091,-2.717344362,3.164096649,0.022773839
1609060499.481731176,1.098518113,-2.755221506,3.162832644,1.105016195,-2.763968826,3.163326733,0.010908016
1609060499.528813124,1.122471461,-2.806832912,3.162294126,1.124735219,-2.809377011,3.162861648,0.003452408
1609060499.632210016,1.173888326,-2.916756481,3.162310000,1.187770824,-2.950116038,3.161000473,0.036156585
1609060499.673256159,1.190306084,-2.959721312,3.163158728,1.206800512,-2.993947799,3.160523285,0.038084960
1609060499.721397161,1.215221564,-3.010691472,3.163118477,1.226380554,-3.040015523,3.159493533,0.031584225
1609060499.790719032,1.244341950,-3.081659497,3.160478832,1.265266504,-3.128293905,3.159222049,0.051129095
1609060499.834521055,1.265609021,-3.126145179,3.159894861,1.284326081,-3.174698080,3.158607495,0.052051608
1609060499.881643057,1.284900408,-3.174166577,3.159165659,1.302470931,-3.218113242,3.158249873,0.047337842
1609060499.929025173,1.306009178,-3.221407279,3.157961823,1.320014983,-3.257837555,3.158504897,0.039033608
1609060499.979601145,1.331829843,-3.275025129,3.159058312,1.338005211,-3.299189578,3.157511995,0.024988934
1609060500.030206203,1.356986712,-3.323412968,3.157688173,1.354948048,-3.339277395,3.155804845,0.016105376
1609060500.082598209,1.377449712,-3.376449928,3.155290916,1.372929120,-3.380834588,3.154294448,0.006376045
1609060500.131497145,1.399990481,-3.420897863,3.153330989,1.407341831,-3.458257745,3.149749377,0.038244360
1609060500.180402040,1.414821825,-3.466495559,3.147050894,1.421589136,-3.492261742,3.145584250,0.026680399
1609060500.229773998,1.433597581,-3.508621422,3.143084228,1.437404597,-3.527880031,3.140470138,0.019804566
1609060500.278079033,1.453320267,-3.548608633,3.136484483,1.452683628,-3.560550785,3.135748733,0.011981721
1609060500.330481052,1.469070809,-3.589373978,3.128436902,1.466991840,-3.593602264,3.128545511,0.004712993
1609060500.384297132,1.489184712,-3.629782067,3.119139121,1.495986430,-3.658248757,3.112539869,0.030002766
1609060500.430405140,1.504442379,-3.662341232,3.110555384,1.510504367,-3.687486119,3.104255764,0.026621388
1609060500.481509209,1.519640672,-3.696839055,3.099389844,1.523348550,-3.713684257,3.094869053,0.017831061
1609060500.528917074,1.535322624,-3.726763641,3.086740093,1.536279054,-3.740406006,3.082876498,0.014211132
1609060500.580059052,1.550327832,-3.757046748,3.071539187,1.548835110,-3.764451528,3.070365887,0.007644319
1609060500.630463123,1.565108355,-3.785364737,3.054964189,1.573627832,-3.811679199,3.041276756,0.030860626
1609060500.682104111,1.579397823,-3.813092756,3.037176280,1.585106289,-3.832768592,3.026873700,0.022931817
1609060500.730499029,1.594156962,-3.838462159,3.020577532,1.595903317,-3.854930496,3.011753347,0.018764917
1609060500.779981136,1.602065861,-3.863856646,3.004731649,1.605706461,-3.875862683,2.996498489,0.015006126
1609060500.830636978,1.615449283,-3.888289558,2.987715677,1.616179586,-3.896660228,2.981851546,0.010246438
1609060500.879229069,1.624622824,-3.910288854,2.964876647,1.634981431,-3.936735734,2.950692225,0.031748008
1609060500.929196119,1.636808951,-3.933476638,2.945151160,1.643560054,-3.955311500,2.935289826,0.024891454
1609060500.980226994,1.643740859,-3.957786483,2.924951425,1.651979785,-3.973264996,2.920011838,0.018217129
1609060501.030568123,1.654638502,-3.979501669,2.907292714,1.660450400,-3.990549418,2.905599035,0.012597597
1609060501.082099199,1.666568232,-4.001992560,2.892483562,1.669043758,-4.008770463,2.892024796,0.007230399
1609060501.130629063,1.678263274,-4.022282697,2.879976543,1.685280341,-4.044226078,2.868670499,0.025662771
1609060501.181288004,1.686521789,-4.045446686,2.866014111,1.692215348,-4.060390321,2.858543936,0.017650279
1609060501.229866028,1.697282421,-4.066783302,2.853848514,1.698273766,-4.078063103,2.848806990,0.012394903
1609060501.279139996,1.702149099,-4.091858025,2.840652912,1.704442747,-4.094989274,2.839058625,0.004196105
1609060501.331067085,1.708135460,-4.114436645,2.827688415,1.710206641,-4.113678458,2.828942473,0.002537184
1609060501.383850098,1.717758102,-4.140064700,2.811964212,1.723253554,-4.153280315,2.803293118,0.016734406
1609060501.428828001,1.723516950,-4.160728805,2.796568226,1.729516336,-4.173094190,2.788991298,0.015694113
1609060501.481386185,1.733267741,-4.187166010,2.776587664,1.735739741,-4.192130285,2.774240043,0.006022138
1609060501.528599024,1.741261377,-4.209990467,2.759018983,1.741968008,-4.212664702,2.758640250,0.002791827
1609060501.581145048,1.747729243,-4.234741618,2.741381246,1.748291162,-4.232697575,2.744467033,0.003743787
1609060501.629769087,1.756541336,-4.259556888,2.724885132,1.762380132,-4.274994108,2.716278272,0.018613902
1609060501.678136110,1.763979783,-4.284272714,2.709226244,1.768981116,-4.296033736,2.702940701,0.014242297
1609060501.729612112,1.772932215,-4.311048715,2.692867549,1.777551096,-4.316403409,2.689973841,0.007640704
1609060501.791958094,1.782196916,-4.342886235,2.674463997,1.790370331,-4.358932917,2.666102011,0.019855062
1609060501.833837032,1.791518226,-4.363868848,2.662923779,1.797908308,-4.381429826,2.653239880,0.021047541
1609060501.881379128,1.798560728,-4.387810952,2.648911172,1.805084512,-4.401128735,2.640890758,0.016859720
1609060501.927842140,1.808989882,-4.410481271,2.634239030,1.812226884,-4.422244135,2.627442357,0.013965598
1609060501.979767084,1.815561785,-4.434289166,2.616053682,1.825054556,-4.438562150,2.611524716,0.011352648
1609060502.030068159,1.827001322,-4.458399413,2.598305794,1.827800200,-4.463356763,2.598046002,0.005028023
1609060502.081687212,1.835034618,-4.482032844,2.583011300,1.843388201,-4.503028009,2.571089873,0.025547989
1609060502.129033089,1.845876590,-4.503524642,2.568603341,1.851217309,-4.522968999,2.557784611,0.022883427
1609060502.177217007,1.855769610,-4.526413245,2.553019233,1.858268396,-4.541673740,2.545176453,0.017338853
1609060502.228680134,1.868299175,-4.549047114,2.535584403,1.866207391,-4.561311068,2.530079985,0.013604365
1609060502.281580210,1.877044139,-4.572923041,2.515118436,1.874370041,-4.580009990,2.513603691,0.007724643
1609060502.331065178,1.888738740,-4.593045856,2.497702134,1.881955459,-4.598176492,2.497798745,0.008505625
1609060502.379868984,1.893620231,-4.612469650,2.479959531,1.896324288,-4.630264915,2.469318897,0.020909483
1609060502.429216146,1.899898585,-4.630762209,2.467636924,1.903005225,-4.645504936,2.456424674,0.018780676
1609060502.478612185,1.909079135,-4.647884048,2.453496654,1.909194679,-4.658640443,2.445465323,0.013424443
1609060502.529726028,1.917408829,-4.663929448,2.437673661,1.915735964,-4.672265867,2.432909506,0.009746360
1609060502.581580162,1.925997978,-4.679759895,2.421900681,1.922228836,-4.685122498,2.419888843,0.006856489
1609060502.628553152,1.933724414,-4.691755218,2.408233765,1.934614586,-4.705594494,2.397796479,0.017356696
1609060502.679982185,1.939155386,-4.704676367,2.393917061,1.940349513,-4.715312269,2.387783267,0.012335792
1609060502.729335070,1.945682015,-4.716672457,2.381962651,1.945905371,-4.724189657,2.378431082,0.008308440
1609060502.779874086,1.951369303,-4.727078002,2.369966865,1.951917065,-4.732926576,2.367916740,0.006221646
1609060502.831654072,1.958189317,-4.736651847,2.356451046,1.957777822,-4.741222748,2.356534268,0.004590140
1609060502.876046181,1.962941808,-4.744370492,2.344423102,1.967535255,-4.754052077,2.332783973,0.015820941
1609060502.925194979,1.970788603,-4.752300278,2.329578090,1.973602540,-4.761593341,2.319560346,0.013951146
1609060502.972741127,1.975404573,-4.759885460,2.312358926,1.978939358,-4.767139541,2.306380142,0.010043020
1609060503.024496078,1.984483969,-4.767069484,2.294297011,1.984531290,-4.772492103,2.291925556,0.005918684
1609060503.074285984,1.988610626,-4.774162303,2.279251112,1.989905706,-4.776998206,2.277965558,0.003372273
1609060503.123784065,1.996954970,-4.780089006,2.262407714,2.001895641,-4.786329638,2.249926267,0.014803454
1609060503.173135042,2.002130668,-4.786791702,2.245213614,2.008139990,-4.791332266,2.234913642,0.012760020
1609060503.222823143,2.011365907,-4.793440980,2.226113761,2.014414780,-4.796226762,2.218758307,0.008435574
1609060503.283221006,2.022084046,-4.800982012,2.199344628,2.020541485,-4.801181930,2.202482354,0.003502112
1609060503.329416037,2.031763931,-4.807909270,2.179846950,2.033505407,-4.812048320,2.168373006,0.012321358
1609060503.379991055,2.038118888,-4.816598001,2.155910256,2.033505367,-4.812047471,2.168374356,0.014047979
1609060503.429008007,2.049698675,-4.824316862,2.134303748,2.048794616,-4.823419146,2.132056423,0.002583348
1609060503.478389978,2.054211244,-4.830811048,2.116106879,2.055578919,-4.829078665,2.115369677,0.002327049
1609060503.532170057,2.063388224,-4.838423514,2.094524976,2.062853630,-4.834688989,2.098448637,0.005443122
1609060503.583558083,2.074358270,-4.846921814,2.072956981,2.078887706,-4.848114194,2.063939490,0.010161334
1609060503.628724098,2.081322712,-4.854708749,2.055055244,2.086496528,-4.855307463,2.047513469,0.009165435
1609060503.681049109,2.092161394,-4.864607236,2.033849310,2.093956935,-4.863170865,2.031962962,0.002974129
1609060503.730980158,2.100823692,-4.874685843,2.014849270,2.102212998,-4.871639815,2.016125590,0.003582938
1609060503.781499147,2.108683742,-4.885931289,1.997903494,2.109895162,-4.879423758,2.003262249,0.008516557
1609060503.830842018,2.118239312,-4.895796950,1.984470713,2.126867848,-4.899106965,1.978080339,0.011235868
1609060503.876079082,2.126038123,-4.904983153,1.972792921,2.134292528,-4.908698156,1.967278370,0.010599374
1609060503.923665047,2.136047063,-4.916388998,1.958799734,2.142161754,-4.919246032,1.955194536,0.007651767
1609060503.973829985,2.143778162,-4.928870146,1.943519985,2.149879764,-4.930112080,1.941969634,0.006416817
1609060504.025320053,2.155156157,-4.941442347,1.927418780,2.157417400,-4.940665039,1.929012164,0.002873378
1609060504.075659990,2.159242960,-4.951337513,1.912123159,2.165037356,-4.952413106,1.914822228,0.006482045
1609060504.124380112,2.168249387,-4.963668329,1.897411304,2.176832004,-4.974772111,1.890508764,0.015639705
1609060504.175167084,2.172888653,-4.977600524,1.880956025,2.181283235,-4.986006525,1.878297295,0.012173689
1609060504.224220037,2.180059680,-4.989589298,1.865416521,2.186339672,-4.996163101,1.866003159,0.009110288
1609060504.273495197,2.183484860,-5.002319129,1.850306579,2.191555814,-5.006360492,1.853701466,0.009643556
1609060504.325726032,2.191251408,-5.014930119,1.833834186,2.201105382,-5.028193526,1.829016547,0.017211287
1609060504.372953176,2.199608893,-5.024927455,1.820646668,2.205538876,-5.038947114,1.816161367,0.015869261
1609060504.428673029,2.208855781,-5.037395920,1.803789249,2.209739791,-5.048827840,1.804245642,0.011475128
1609060504.478152037,2.209970615,-5.052070900,1.791616679,2.213741732,-5.057878791,1.792746741,0.007016406
1609060504.529919147,2.218150504,-5.062741473,1.776625377,2.218180541,-5.066767637,1.780611415,0.005665633
1609060504.581017017,2.218244234,-5.074429768,1.760981048,2.224229530,-5.084263047,1.755061660,0.012944353
1609060504.631231070,2.221134647,-5.085213534,1.745290928,2.227282661,-5.092436384,1.742189888,0.009979183
1609060504.682337999,2.226361849,-5.095041876,1.728894344,2.229689811,-5.100100306,1.729740215,0.006113799
1609060504.729389191,2.227105955,-5.104470380,1.713157692,2.231868833,-5.107703037,1.716600027,0.006707067
1609060504.781613111,2.228269705,-5.114807579,1.697682900,2.232605624,-5.115397426,1.704476617,0.008081009
1609060504.830829144,2.228611275,-5.123289713,1.684084627,2.232912142,-5.129815051,1.680873793,0.008449080
1609060504.881592989,2.227339668,-5.131632542,1.670350435,2.232458809,-5.136552181,1.669604291,0.007138991
1609060504.929919004,2.227046594,-5.139100719,1.657432880,2.231508891,-5.143125380,1.658911742,0.006188458
1609060504.979718208,2.225258490,-5.145916638,1.643960071,2.230089493,-5.149392448,1.647730544,0.007045305
1609060505.031477213,2.222449917,-5.153032387,1.629799622,2.228025662,-5.155438672,1.637366654,0.009702532
1609060505.083100080,2.218822406,-5.159596794,1.615698054,2.222447071,-5.167626639,1.615805945,0.008810689
1609060505.129166126,2.215909339,-5.165738357,1.603972938,2.218833393,-5.173024941,1.606420973,0.008224189
1609060505.179536104,2.207828333,-5.172072205,1.591669922,2.214019420,-5.179113933,1.596495301,0.010545130
1609060505.229914188,2.202745381,-5.178659651,1.578870718,2.208788005,-5.185298527,1.587093144,0.012173589
1609060505.288335085,2.195456828,-5.188534901,1.565661322,2.196975499,-5.196991064,1.568267868,0.008978148
1609060505.329346180,2.190088017,-5.194416673,1.557000375,2.189959832,-5.203088405,1.559896877,0.009143582
1609060505.378872156,2.179881578,-5.201779185,1.550969037,2.182170065,-5.209262077,1.551427438,0.007838430
1609060505.430555105,2.173353275,-5.208714932,1.541265900,2.174908205,-5.214993430,1.543457146,0.006829268
1609060505.479947090,2.164513628,-5.215606790,1.530680985,2.167630549,-5.220849735,1.534713497,0.007311964
1609060505.532739162,2.158394775,-5.222917524,1.520557492,2.159774396,-5.227257937,1.525592767,0.006789443
1609060505.582180977,2.144865301,-5.229920051,1.510648782,2.142667173,-5.239890272,1.508934878,0.010352514
1609060505.672855139,2.128072083,-5.244394931,1.488995227,2.127134200,-5.251997530,1.490778222,0.007864999
1609060505.743427038,2.114932024,-5.256621904,1.472438449,2.111749490,-5.264329664,1.469306137,0.008907831
1609060505.785398006,2.109474536,-5.262720618,1.461178223,2.105622276,-5.269352277,1.458356963,0.008171799
1609060505.830541134,2.100937120,-5.268064786,1.449236481,2.099587683,-5.274465517,1.446778556,0.006987970
1609060505.880026102,2.095523420,-5.274292295,1.434793133,2.094147937,-5.279075014,1.435299732,0.005002299
1609060505.928045988,2.090823165,-5.280335809,1.420648201,2.089004406,-5.283706028,1.422459917,0.004236576
1609060505.980888128,2.082373564,-5.288580673,1.404587577,2.084048041,-5.287981753,1.408917819,0.004681194
1609060506.030166149,2.077713378,-5.294232744,1.388714020,2.079702151,-5.292415089,1.395330002,0.007143550
1609060506.082507133,2.072811235,-5.299893223,1.371090140,2.075404168,-5.296871806,1.380647769,0.010353769
1609060506.131301165,2.069887062,-5.304688530,1.353796281,2.070236269,-5.303733037,1.350404762,0.003540808
1609060506.181574106,2.067559060,-5.309332972,1.335092049,2.068540886,-5.307173654,1.334855021,0.002383867
1609060506.229834080,2.068060853,-5.313301866,1.316566159,2.067620044,-5.309989181,1.318572406,0.003897848
1609060506.283174038,2.063618122,-5.315731761,1.296482828,2.066595555,-5.312673865,1.303211049,0.007967735
1609060506.329013109,2.064931183,-5.318778296,1.279829227,2.065768412,-5.315564746,1.286953986,0.007860665
1609060506.381528139,2.061969286,-5.321610151,1.260873789,2.066810378,-5.321458667,1.256959631,0.006227339
1609060506.429151058,2.064446622,-5.325146656,1.246074291,2.067743253,-5.324013964,1.244029942,0.004041055
1609060506.479460001,2.061269949,-5.328040898,1.231367422,2.068418454,-5.326436365,1.231975622,0.007351568
1609060506.528196096,2.063508964,-5.331139536,1.217487617,2.069284775,-5.329207694,1.219640627,0.006459679
1609060506.575851202,2.064897480,-5.332817877,1.203004817,2.070615229,-5.331903075,1.208148772,0.007745308
1609060506.625441074,2.069063294,-5.335666423,1.189824917,2.073517564,-5.337746999,1.186320255,0.006037548
1609060506.676068068,2.069064898,-5.339300467,1.175987569,2.074891216,-5.340844543,1.176667130,0.006065637
1609060506.725394011,2.073072541,-5.343267838,1.164213098,2.076531009,-5.344410528,1.167091903,0.004642657
1609060506.773559093,2.072576652,-5.348204455,1.152572195,2.077910283,-5.347837600,1.157588037,0.007330817
1609060506.823841095,2.074157508,-5.353390662,1.139884948,2.079933314,-5.351790695,1.147887331,0.009997898
1609060506.874558210,2.077594131,-5.358509805,1.126516868,2.084317462,-5.360438414,1.127112343,0.007019779
1609060506.971599102,2.083306294,-5.370461731,1.101448645,2.088456419,-5.370377066,1.104817623,0.006154752
1609060507.042611122,2.083177621,-5.377470493,1.079221099,2.093177063,-5.380624646,1.078706807,0.010497715
1609060507.086133003,2.086147803,-5.383331129,1.064070852,2.094926008,-5.386581589,1.063938364,0.009361620
1609060507.130787134,2.087703291,-5.389054666,1.048766555,2.096764115,-5.392497455,1.049551430,0.009724575
1609060507.178247213,2.088336413,-5.395611917,1.031802207,2.098298228,-5.398486868,1.034590930,0.010736856
1609060507.229111195,2.091038007,-5.402561095,1.011936703,2.099973296,-5.405005621,1.017961896,0.011050703
1609060507.282870054,2.092784295,-5.409003520,0.990542160,2.101556902,-5.411370920,1.001660368,0.014358891
1609060507.330032110,2.096465332,-5.415889532,0.971109544,2.103538949,-5.418065166,0.984308004,0.015131715
1609060507.381578207,2.096237248,-5.425891620,0.949363173,2.106294911,-5.432747442,0.948925975,0.012179902
1609060507.430997133,2.099982547,-5.434327289,0.929254639,2.107967864,-5.439937345,0.931670940,0.010053682
1609060507.480647087,2.101357300,-5.445824595,0.908818503,2.108885628,-5.446370808,0.916857655,0.011027332
1609060507.532473087,2.104786669,-5.456172629,0.888996375,2.109153992,-5.454284482,0.900490467,0.012439967
1609060507.581765175,2.103578468,-5.463959050,0.874866337,2.110682339,-5.468657404,0.871576397,0.009130346
1609060507.629183054,2.106688525,-5.473047651,0.860254275,2.111255072,-5.475736420,0.858480166,0.005588406
1609060507.678351164,2.105822035,-5.481712909,0.844394527,2.111666371,-5.482600002,0.847247698,0.006563823
1609060507.730005980,2.108903663,-5.491691236,0.831047662,2.111370104,-5.490156770,0.835603933,0.005403473
1609060507.781391144,2.107261420,-5.505339157,0.816033558,2.111037180,-5.498230371,0.824689110,0.011819890
1609060507.829667091,2.110057640,-5.515216268,0.804487238,2.110277045,-5.505700814,0.815048489,0.014217314
1609060507.882309198,2.106868095,-5.522782649,0.790239683,2.109129957,-5.520064653,0.796793649,0.007447013
1609060507.930590153,2.103887125,-5.530924570,0.780181183,2.107549708,-5.526921568,0.788262900,0.009734099
1609060507.981079102,2.103751314,-5.540203753,0.769003930,2.105950804,-5.533665896,0.780505035,0.013411068
1609060508.029278040,2.100436169,-5.548697345,0.761022877,2.104100821,-5.540358613,0.772093272,0.014335891
1609060508.088443995,2.099471433,-5.558731442,0.748976684,2.099295121,-5.553662293,0.755348921,0.008144493
1609060508.131664038,2.097394510,-5.564842762,0.740241730,2.097304635,-5.559332980,0.747504908,0.009116991
1609060508.179089069,2.095938677,-5.570422703,0.730407746,2.095029141,-5.564894733,0.739120012,0.010358054
1609060508.230317116,2.093951355,-5.577502987,0.719638819,2.092889920,-5.570005486,0.731214191,0.013832151
1609060508.283871174,2.090278787,-5.584466435,0.708414919,2.090782768,-5.574866196,0.722832211,0.017328499
1609060508.331052065,2.088214537,-5.587369599,0.699237043,2.089028555,-5.579449623,0.714471511,0.017189464
1609060508.379541159,2.084713105,-5.589966805,0.690086074,2.084868127,-5.587774672,0.699176808,0.009352589
1609060508.430205107,2.085158255,-5.593451333,0.680163129,2.083191712,-5.591582701,0.691210792,0.011375849
1609060508.482200146,2.080317715,-5.597148927,0.670287301,2.081053181,-5.595160971,0.683637531,0.013517452
1609060508.530605078,2.079561483,-5.600207273,0.659959457,2.079040936,-5.598745720,0.674359027,0.014482911
1609060508.584336042,2.074221791,-5.603900326,0.648385110,2.076390585,-5.603722020,0.655022258,0.006984782
1609060508.630553007,2.074625309,-5.606016473,0.637037010,2.075414083,-5.605966545,0.644746777,0.007750172
1609060508.680194139,2.071755254,-5.605957599,0.623470259,2.074868178,-5.607285105,0.633325085,0.010419701
1609060508.729096174,2.073436788,-5.606812191,0.610324351,2.074331996,-5.608700132,0.621574093,0.011442133
1609060508.780822039,2.071951316,-5.608777052,0.597425944,2.074268861,-5.609514704,0.610940735,0.013731887
1609060508.873443127,2.073920382,-5.609653769,0.569353774,2.075651890,-5.610539071,0.587602717,0.018352269
1609060508.941129208,2.078911109,-5.610410726,0.548943907,2.077570081,-5.611849200,0.561998202,0.013201598
1609060508.986562014,2.076523734,-5.611149066,0.535050186,2.078481596,-5.612329133,0.549100015,0.014234587
1609060509.031994104,2.074670292,-5.611188641,0.520572309,2.078947145,-5.612611181,0.536534692,0.016586524
1609060509.076798201,2.076856075,-5.611618776,0.507708859,2.081054369,-5.612893020,0.513152367,0.006991506
1609060509.122907162,2.076420170,-5.611627031,0.495816726,2.082524033,-5.613001176,0.502947282,0.009486319
1609060509.176576138,2.077388844,-5.611404630,0.482425450,2.083671370,-5.612734658,0.492208300,0.011702277
1609060509.223483086,2.079710148,-5.611422829,0.470594552,2.084468902,-5.612635787,0.481213679,0.011699695
1609060509.276262999,2.077803013,-5.610529413,0.457280797,2.085186029,-5.612933584,0.470555306,0.015378607
1609060509.324488163,2.079836596,-5.610633269,0.444309059,2.086388171,-5.613250793,0.448497319,0.008204638
1609060509.372967005,2.079105780,-5.611787546,0.430041964,2.086746301,-5.613467937,0.435990786,0.009828009
1609060509.424610138,2.080153467,-5.612727334,0.415266279,2.086316458,-5.613762499,0.423790171,0.010569332
1609060509.473656178,2.078923938,-5.613431583,0.401610801,2.085822491,-5.614524517,0.411039444,0.011733877
1609060509.524735212,2.079454285,-5.615174143,0.386162435,2.084409384,-5.615120250,0.398467103,0.013265021
1609060509.575262070,2.075102759,-5.617732814,0.370131716,2.082717235,-5.616834432,0.384891555,0.016632505
1609060509.623697042,2.074914471,-5.619988269,0.355055799,2.078969137,-5.619701222,0.357711249,0.004855320
1609060509.675162077,2.069685365,-5.621004898,0.337593197,2.076782586,-5.620972570,0.344272964,0.009746327
1609060509.723975182,2.069798291,-5.622342620,0.322297135,2.074739287,-5.621943460,0.331290241,0.010268823
1609060509.774631023,2.067107644,-5.625265595,0.307076083,2.072798286,-5.622852202,0.318681572,0.013148964
1609060509.830249071,2.066490474,-5.627270601,0.289632222,2.067091159,-5.625466086,0.293287299,0.004120278
1609060509.879842043,2.062837267,-5.628272439,0.273379596,2.064497159,-5.627194447,0.280076865,0.006983604
1609060509.929027081,2.062662933,-5.629785232,0.258265608,2.062442927,-5.627450991,0.267502748,0.009530049
1609060509.978571177,2.056087121,-5.631315619,0.239381455,2.059435242,-5.628648853,0.255802110,0.016969368
1609060510.031541109,2.053224089,-5.634047062,0.222896112,2.054746786,-5.630608844,0.243812767,0.021251974
1609060510.084635019,2.044330050,-5.637007422,0.209118722,2.045230007,-5.634931152,0.220813650,0.011911850
1609060510.131839991,2.036978469,-5.637208217,0.194265182,2.040934944,-5.636895434,0.209410775,0.015656964
1609060510.181102991,2.034084440,-5.639263281,0.179559105,2.036871578,-5.639278951,0.197042624,0.017704289
1609060510.229454041,2.027537548,-5.642117412,0.165052574,2.032917117,-5.640920399,0.184968453,0.020664337
1609060510.282863140,2.023955876,-5.643796774,0.147626597,2.029363045,-5.642651566,0.172578806,0.025557029
1609060510.329972982,2.019732479,-5.645165904,0.132974556,2.021167897,-5.646106310,0.147754915,0.014879643
1609060510.380298138,2.013578265,-5.647180422,0.117958933,2.017516178,-5.647085295,0.135121015,0.017608330
1609060510.428771019,2.010162205,-5.648050349,0.103813389,2.014008994,-5.648325625,0.123160827,0.019728074
1609060510.478412151,2.003143112,-5.649435497,0.090960279,2.010195343,-5.650253201,0.111573074,0.021801145
1609060510.531696081,1.998385869,-5.653318758,0.073751806,2.005969609,-5.652004616,0.100053423,0.027404655
1609060510.584844112,1.993464592,-5.657442028,0.055268864,1.997106833,-5.656401343,0.076851155,0.021912193
1609060510.630853176,1.990947664,-5.660800492,0.040813521,1.992032837,-5.659060010,0.065392139,0.024664049
1609060510.681565046,1.983129428,-5.662243121,0.033227112,1.988080387,-5.661771706,0.053146892,0.020531241
1609060510.728801012,1.980908183,-5.665251171,0.020295938,1.984336306,-5.664557948,0.041945150,0.021929910
1609060510.782432079,1.977904553,-5.669452259,0.005420614,1.981874480,-5.667152143,0.032409660,0.027376258
1609060510.829675198,1.986245755,-5.663539635,0.009560025,1.988051513,-5.662985488,0.033439670,0.023954233
1609060510.881379128,1.986140830,-5.662201787,0.008824141,1.989558554,-5.662504261,0.028374574,0.019849226
1609060510.930631161,1.990366754,-5.660765023,0.003827209,1.992795235,-5.661190194,0.024978329,0.021294323
1609060510.983911991,1.996987518,-5.651728590,0.008237542,1.995167153,-5.656531266,0.026195738,0.018678228
1609060511.029888153,2.001079484,-5.649212817,0.007482705,1.996506724,-5.652999599,0.025823881,0.019278190
1609060511.082311153,1.994666948,-5.646928184,0.004100314,1.997334809,-5.645216069,0.024017111,0.020167489
1609060511.128465176,1.997459412,-5.644721542,0.003722449,1.994387077,-5.643668134,0.024149949,0.020684093
1609060511.178915977,1.995308968,-5.642543813,0.003100130,1.993796987,-5.642053609,0.024149340,0.021109136
1609060511.230607033,1.993848366,-5.642435932,0.003182709,1.994393331,-5.640481380,0.024072053,0.020987662
1609060511.283373117,1.995148860,-5.643180081,0.002629965,1.995036974,-5.640329502,0.024208418,0.021766211
1609060511.330246210,1.993750616,-5.642302658,0.002947216,1.994532430,-5.642142627,0.024073979,0.021141830
1609060511.382980108,1.995719214,-5.644234241,0.001628330,1.995380163,-5.643085298,0.024118753,0.022522303
1609060511.424667120,1.998177983,-5.645129854,0.000959726,1.996135075,-5.644282700,0.024306823,0.023451612
1609060511.474285126,1.995555249,-5.644606929,0.002264734,1.995889021,-5.645291175,0.024388039,0.022136400
1609060511.522655010,1.998109616,-5.645053507,0.001830236,1.996064824,-5.646020363,0.024607022,0.022888817
1609060511.576474190,1.995365764,-5.645372531,-0.000639278,1.996853870,-5.646895609,0.024414930,0.025144533
1609060511.625574112,1.996897502,-5.645441827,-0.001126977,1.996648570,-5.647257669,0.024338779,0.025531627
1609060511.672990084,1.996099047,-5.645064932,-0.001416835,1.996332803,-5.646972234,0.024637620,0.026125219
1609060511.724516153,1.998317882,-5.644933929,-0.001702106,1.996448760,-5.646883178,0.024638888,0.026479070
1609060511.774074078,1.997444487,-5.645171286,-0.003070424,1.996756005,-5.646754286,0.024694503,0.027818538
1609060511.824729204,2.000133990,-5.645369999,-0.003155518,1.996695135,-5.647102481,0.024494105,0.027916462
1609060511.873460054,1.996527443,-5.645814075,-0.002796612,1.996638831,-5.647356409,0.024411421,0.027251941
1609060511.923904181,1.999062849,-5.646337648,-0.002880336,1.996852009,-5.647405194,0.024520381,0.027510485
1609060511.975442171,1.997034954,-5.646382005,-0.002587943,1.996976911,-5.647631830,0.024485706,0.027102545
1609060512.022669077,1.998781277,-5.647092617,-0.002240914,1.996893873,-5.647979673,0.024498660,0.026820775
1609060512.075103045,2.000993725,-5.645817354,-0.003233062,1.996965569,-5.648194747,0.024531368,0.028155668
1609060512.126736164,2.003865893,-5.646117449,-0.002931601,1.997159648,-5.648309710,0.024382292,0.028210433
1609060512.173801184,2.001706215,-5.645530226,-0.004152601,1.997159300,-5.648317929,0.024371981,0.029018917
1609060512.223273039,2.004290759,-5.645677774,-0.004209027,1.997090612,-5.648386167,0.024351159,0.029578062
1609060512.274697065,2.000942863,-5.644663970,-0.003396260,1.997140660,-5.648485465,0.024555260,0.028466613
1609060512.323801994,1.999851080,-5.644686302,-0.001939220,1.997202819,-5.648722068,0.024569451,0.026944579
1609060512.374632120,1.999997365,-5.644780432,-0.000967937,1.997118797,-5.648791186,0.024562588,0.026003461
1609060512.423748016,1.998934445,-5.644365010,0.000455100,1.997266055,-5.648996546,0.024533488,0.024576481
1609060512.475403070,1.999187512,-5.644760639,0.001495099,1.997362071,-5.649115691,0.024475553,0.023460605
1609060512.522479057,2.001257904,-5.644469340,0.002034072,1.997313400,-5.649045040,0.024424010,0.023190634
1609060512.575136185,1.997960673,-5.642433077,0.001591143,1.996859013,-5.647956271,0.024563323,0.023652492
1609060512.624689102,1.998999520,-5.641051861,0.002423497,1.995671465,-5.644375918,0.024260348,0.022337712
1609060512.673336029,1.996624483,-5.639438379,0.004485707,1.994954831,-5.642458604,0.024012629,0.019829528
1609060512.723724127,1.997757733,-5.637623970,0.005217869,1.994292615,-5.640429225,0.023856694,0.019164611
1609060512.773655176,1.994659255,-5.634144544,0.005341375,1.993592640,-5.639008097,0.023713618,0.019034998
1609060512.826208115,1.995871416,-5.633014206,0.005925216,1.993180814,-5.637650445,0.023777772,0.018639952
1609060512.874486208,1.991936245,-5.632333408,0.004956341,1.992937112,-5.636928212,0.023807826,0.019429166
1609060512.923703194,1.993874766,-5.632742488,0.005229853,1.993122488,-5.637137427,0.023736133,0.019035856
1609060512.974423170,1.992102406,-5.633431018,0.006451414,1.993267576,-5.637788002,0.023896132,0.018018299
1609060513.023060083,1.994063748,-5.634346465,0.007095323,1.993707452,-5.638602929,0.023934877,0.017372824
1609060513.077083111,1.990665245,-5.634426286,0.007426272,1.994011881,-5.639532840,0.023766825,0.017443926
1609060513.125016212,1.992834744,-5.635414614,0.007811483,1.994523582,-5.640728043,0.023815022,0.016946916
1609060513.173258066,1.993720317,-5.636061848,0.007858421,1.994662410,-5.641182944,0.023852781,0.016820604
1609060513.225908041,1.997209839,-5.636718786,0.007940663,1.994850951,-5.641422861,0.023929267,0.016832354
1609060513.277425051,1.993500088,-5.637384269,0.007171506,1.994747128,-5.641276095,0.023839651,0.017161832
1609060513.376724005,1.994925156,-5.636955670,0.007619316,1.994324512,-5.640257712,0.023856600,0.016580520
1609060513.424143076,1.993979179,-5.637525794,0.007853528,1.994255890,-5.639853782,0.023874703,0.016191792
1609060513.474897146,1.995048539,-5.637855100,0.007402059,1.994074367,-5.639613213,0.023792155,0.016512881
1609060513.524019003,1.994003095,-5.637110187,0.008410413,1.993925727,-5.639370653,0.023679807,0.015436000
1609060513.574426174,1.994249306,-5.636653549,0.008433946,1.994041769,-5.639066676,0.023577537,0.015336056
1609060513.626206160,1.996038662,-5.636656371,0.008255876,1.993853444,-5.638898760,0.023789656,0.015846193
1609060513.674419165,1.993010727,-5.634926531,0.006892269,1.993749668,-5.638811920,0.023622284,0.017191151
1609060513.723834038,1.995258246,-5.634635589,0.006737935,1.993568985,-5.638445677,0.023701885,0.017468427
1609060513.774116993,1.993343690,-5.633757649,0.007269742,1.993357313,-5.637884475,0.023682645,0.016923778
1609060513.823392153,1.995426228,-5.632848448,0.007335862,1.993333066,-5.637091844,0.023778967,0.017110331
1609060513.879414082,1.992755585,-5.630191135,0.006661869,1.992379657,-5.635314080,0.023965912,0.018050369
1609060513.923260212,1.994852459,-5.629013250,0.006556745,1.992304750,-5.634453268,0.024009509,0.018457616
1609060513.974857092,1.993574940,-5.625721720,0.005420040,1.992098671,-5.633905100,0.024159026,0.020501138
1609060514.024241209,1.996045718,-5.624584165,0.005042701,1.991760906,-5.633522798,0.023840866,0.021251583
1609060514.073918104,1.991619321,-5.623743662,0.005176249,1.991636191,-5.633097941,0.023750306,0.020796596
1609060514.127549171,1.994073526,-5.623240086,0.004860643,1.991584269,-5.632920093,0.023841015,0.021451188
1609060514.172559023,1.990329670,-5.625544479,0.005374949,1.991679525,-5.633268241,0.023868968,0.020087492
1609060514.223515034,1.992470359,-5.626251760,0.005170672,1.991707083,-5.633700620,0.024045464,0.020305809
