timestamp,estimate_x,estimate_y,estimate_z,truth_x,truth_y,truth_z,error_m
1609060363.469352007,0.049503501,-0.021477173,-0.026213787,0.000352647,-0.000128288,-0.000155817,0.059586904
1609060363.517702103,0.049395951,-0.021085473,-0.026060742,0.000266305,0.000024604,-0.000032764,0.059471112
1609060363.568032980,0.049464477,-0.021566989,-0.025341808,0.000273958,0.000023288,-0.000043316,0.059378960
1609060363.616620064,0.049337949,-0.021119890,-0.025076449,0.000455122,0.000045726,-0.000206092,0.058788169
1609060363.669232130,0.049365252,-0.021818683,-0.025676007,0.000322824,-0.000048357,0.000006751,0.059487065
1609060363.717437983,0.049187245,-0.021364457,-0.025524510,0.000309158,-0.000056917,0.000007880,0.059118369
1609060363.769133091,0.048705251,-0.021097619,-0.025659041,0.000313077,-0.000056831,0.000003710,0.058677884
1609060363.816621065,0.048433515,-0.020666693,-0.025462846,0.000357567,-0.000119010,-0.000146163,0.058089916
1609060363.869219065,0.048585571,-0.021357037,-0.025722363,0.000265599,0.000019840,-0.000039722,0.058748520
1609060363.918718100,0.048398410,-0.020955342,-0.025585876,0.000450987,0.000034525,0.000000389,0.058259651
1609060363.968429089,0.048409457,-0.020101504,-0.025209982,0.000272345,0.000020770,-0.000045630,0.057925229
1609060364.018787146,0.048189879,-0.019371761,-0.025027745,0.000364012,-0.000124076,-0.000161475,0.057237386
1609060364.067788124,0.047610523,-0.019436535,-0.024590684,0.000268084,0.000022409,-0.000038284,0.056769511
1609060364.119420052,0.047300352,-0.018732622,-0.024283169,0.000327210,-0.000044406,0.000008343,0.056087459
1609060364.166568995,0.047095200,-0.019466956,-0.023887133,0.000259032,0.000018830,-0.000034140,0.056056113
1609060364.220535994,0.046786151,-0.018963503,-0.023440531,0.000351740,-0.000123126,-0.000146439,0.055260557
1609060364.269806147,0.047491423,-0.019817085,-0.023064596,0.000449516,0.000065556,-0.000167732,0.055968981
1609060364.317873001,0.047403636,-0.019555871,-0.022660918,0.000410911,0.000120631,-0.000035863,0.055743825
1609060364.369445086,0.047674003,-0.019707799,-0.022515760,0.000506974,-0.000022317,-0.000153461,0.055788164
1609060364.418934107,0.047643370,-0.019365450,-0.022008824,0.000302656,-0.000052806,-0.000198416,0.055586107
1609060364.470550060,0.047891672,-0.019425487,-0.021748810,0.000306290,-0.000059472,-0.000213235,0.055706302
1609060364.516581059,0.048065991,-0.019362821,-0.021349876,0.000320215,-0.000061600,-0.000232001,0.055661125
1609060364.568826199,0.047944549,-0.020342981,-0.021973778,0.000270386,0.000004300,-0.000070217,0.056272583
1609060364.618486166,0.048016597,-0.020140927,-0.021830332,0.000364372,-0.000146097,0.000022496,0.056107699
1609060364.666870117,0.049044894,-0.020277407,-0.021409102,0.000403415,0.000091364,-0.000075138,0.056886012
1609060364.718618155,0.049234248,-0.019783996,-0.021100207,0.000473405,0.000031166,-0.000029715,0.056694145
1609060364.766618013,0.049137027,-0.021197618,-0.022545833,0.000310503,-0.000046424,-0.000196683,0.057713837
1609060364.816910982,0.049235250,-0.020552308,-0.022547881,0.000388377,0.000111313,-0.000026214,0.057621417
1609060364.866990089,0.048857373,-0.021496473,-0.022647933,0.000290333,-0.000033732,-0.000153898,0.057666180
1609060364.917939186,0.048709662,-0.021500583,-0.022468731,0.000317779,-0.000033161,0.000036970,0.057525047
1609060364.968490124,0.048380115,-0.021100010,-0.022746560,0.000252330,0.000033302,-0.000003276,0.057272659
1609060365.018791199,0.048191135,-0.020846339,-0.022563907,0.000348575,-0.000112449,-0.000125624,0.056765141
1609060365.069586039,0.047793391,-0.020728376,-0.022648111,0.000349153,-0.000110341,-0.000122836,0.056422045
1609060365.116973162,0.047568656,-0.020505488,-0.022450090,0.000294942,-0.000041077,-0.000170892,0.056124493
1609060365.167543173,0.047901936,-0.021224693,-0.023199712,0.000457233,-0.000050459,-0.000144457,0.056840943
1609060365.216737032,0.047890186,-0.021125419,-0.023041068,0.000484481,-0.000056316,-0.000183928,0.056689124
1609060365.269127131,0.048490306,-0.021311084,-0.023327497,0.000390576,0.000110343,-0.000250328,0.057489280
1609060365.317117214,0.048575956,-0.021135502,-0.023153010,0.000114216,-0.000083058,-0.000040323,0.057670980
1609060365.368606091,0.049366283,-0.022365025,-0.023283013,0.000065035,-0.000000712,-0.000072669,0.058902424
1609060365.419071198,0.049543557,-0.022265735,-0.023102455,0.000064369,-0.000013130,-0.000092099,0.058930849
1609060365.467614174,0.049041768,-0.022821662,-0.023643413,0.000111060,-0.000089327,-0.000047031,0.058887711
1609060365.520151138,0.049277727,-0.022684254,-0.023396153,0.000099009,-0.000060148,0.000013594,0.058978071
1609060365.568042040,0.050141252,-0.022672961,-0.024004709,0.000672148,0.000008775,-0.000064483,0.059454082
1609060365.618832111,0.050592931,-0.022528028,-0.023767055,0.000682031,0.000012436,-0.000069406,0.059672012
1609060365.668703079,0.050841682,-0.022293513,-0.024456438,0.000390677,0.000124731,-0.000006958,0.060379290
1609060365.716791153,0.050791891,-0.021774360,-0.024408445,0.000166939,0.000084516,-0.000046349,0.060284392
1609060365.768277168,0.051323408,-0.021198003,-0.023764500,0.000053714,-0.000000496,-0.000059871,0.060330965
1609060365.817838192,0.051660083,-0.020527384,-0.023270100,0.000162657,-0.000157149,0.000006238,0.060072616
1609060365.869102001,0.050389760,-0.021752526,-0.024821498,-0.000130988,-0.000041771,-0.000143903,0.060271773
1609060365.915625095,0.050269316,-0.020873335,-0.024712648,0.000119453,-0.000087053,-0.000052568,0.059625480
1609060365.967102051,0.049781157,-0.020527385,-0.024896493,0.000205407,-0.000232716,-0.000163459,0.059002979
1609060366.017361164,0.049289675,-0.019176033,-0.024769575,0.000354080,-0.000118558,-0.000141596,0.058003595
1609060366.071130037,0.049683922,-0.020679482,-0.024822129,0.000544710,-0.000089497,-0.000083907,0.058741717
1609060366.166268110,0.049871982,-0.020461556,-0.024961451,0.000384117,-0.000176545,-0.000048651,0.059001509
1609060366.217751026,0.049689244,-0.021091403,-0.024647587,0.000087884,-0.000368910,-0.000035229,0.059122625
1609060366.266285181,0.048318796,-0.020628612,-0.025397224,0.000092678,-0.000059805,0.000021112,0.058265993
1609060366.319833040,0.047841632,-0.021691625,-0.025039447,-0.000047252,0.000040180,0.000117196,0.058296426
1609060366.368166208,0.048625932,-0.021456289,-0.024905602,-0.000108373,-0.000091024,-0.000028616,0.058739863
1609060366.417719126,0.048481108,-0.021582874,-0.024396237,0.000242615,-0.000287834,0.000146380,0.058161593
1609060366.467580080,0.047950833,-0.023260965,-0.024143377,-0.000034002,-0.000166907,-0.000013477,0.058464792
1609060366.517288208,0.048398897,-0.022634253,-0.023381003,0.000236429,-0.000296243,-0.000080591,0.057978610
1609060366.569877148,0.048953014,-0.022748931,-0.024480365,0.000393389,0.000124568,-0.000010204,0.058991719
1609060366.617144108,0.048089350,-0.022040424,-0.023935105,0.000385275,-0.000309961,0.000173706,0.057698583
1609060366.668351173,0.050650406,-0.022358490,-0.023825361,0.000403792,0.000110579,0.000175767,0.060046944
1609060366.715952158,0.052352201,-0.021819243,-0.023153787,-0.000613854,-0.000060705,0.000356339,0.061899620
1609060366.768293142,0.053018787,-0.021755097,-0.023448352,-0.000306125,-0.000446384,0.000052128,0.062047402
1609060366.818122149,0.052121346,-0.021485960,-0.023768131,0.001024256,0.000137844,-0.000021976,0.060352145
1609060366.867343187,0.052858633,-0.022495515,-0.022914016,0.000418142,0.000152065,0.000227344,0.061631490
1609060366.917598009,0.050363475,-0.021726923,-0.023163229,-0.000325635,-0.000062576,0.000476609,0.059979761
1609060366.967342138,0.048756895,-0.021955268,-0.023353526,0.001656293,-0.000071272,0.000044147,0.056963383
1609060367.018635988,0.047534816,-0.021792847,-0.023769099,0.000802165,0.000341478,0.000332733,0.057050568
1609060367.066863060,0.048021967,-0.021631360,-0.023417822,-0.000590914,0.000086231,0.001009948,0.058579706
1609060367.120592117,0.047484289,-0.021771664,-0.023772488,0.000176782,-0.000147327,0.000446900,0.057377617
1609060367.168382168,0.047495218,-0.021706179,-0.023838612,0.000698040,0.000075106,0.000454988,0.057048920
1609060367.220067024,0.046859998,-0.021006016,-0.023886897,-0.000617461,0.000036455,0.000738189,0.057474251
1609060367.268805027,0.047222007,-0.020947473,-0.023525881,-0.000389047,-0.000109275,0.000690649,0.057336580
1609060367.316627979,0.046760409,-0.020664127,-0.022982851,0.000459081,-0.000069937,0.000482253,0.055843932
1609060367.374567032,0.045135040,-0.021160441,-0.023499089,-0.000013172,-0.000190865,0.000585093,0.055300380
1609060367.419722080,0.044748930,-0.020866221,-0.022916408,0.000071738,-0.000023967,0.000762706,0.054691421
1609060367.468986034,0.044811905,-0.021115179,-0.022835874,0.000775383,0.000165729,0.000517080,0.054198273
1609060367.518623114,0.044852454,-0.020441687,-0.021847653,0.001005300,0.000191045,0.000525492,0.053374528
1609060367.566896200,0.046211898,-0.021442279,-0.021715783,0.000889959,-0.000018374,0.000532424,0.054845643
1609060367.616783142,0.046285581,-0.021248218,-0.021175025,0.001010969,0.000152422,0.000676674,0.054637666
1609060367.668950081,0.046117402,-0.020600207,-0.022155104,0.000730315,-0.000085094,0.000379515,0.054668698
1609060367.718545198,0.045468700,-0.020417468,-0.021849720,0.000397581,-0.000209806,0.000542911,0.054232696
1609060367.765889168,0.047317226,-0.021364913,-0.023562898,0.000105201,-0.000078862,0.000416649,0.057070920
1609060367.817234993,0.047605469,-0.021251983,-0.023240141,0.000242984,0.000010138,0.000409641,0.057049058
1609060367.868952990,0.046034263,-0.021010887,-0.023799946,0.000339713,-0.000142813,0.000495190,0.055800735
1609060367.922713995,0.046594201,-0.020473125,-0.023530220,-0.000142040,-0.000038417,0.000754198,0.056494127
1609060367.968739033,0.041742773,-0.019171862,-0.022007061,-0.001113061,-0.000305982,0.001167478,0.052245604
1609060368.018198013,0.039262234,-0.018512105,-0.021268230,-0.002591340,-0.000469840,0.001426557,0.050914619
1609060368.068567038,0.032062081,-0.018358345,-0.022642938,-0.004485227,-0.001351842,0.001637312,0.047058021
1609060368.117814064,0.027699874,-0.017846767,-0.022394105,-0.007008597,-0.002171046,0.001762192,0.045099145
1609060368.170260191,0.021212608,-0.018997524,-0.023475472,-0.008981754,-0.002686339,0.001555349,0.042477008
1609060368.217667103,0.016945108,-0.018555297,-0.022959482,-0.011817858,-0.003851114,0.001463996,0.040497253
1609060368.267811060,0.013985759,-0.018319490,-0.023265695,-0.012638625,-0.003852636,0.001484095,0.039124159
1609060368.318669081,0.010517533,-0.017158256,-0.022652437,-0.012800729,-0.003916812,0.001998616,0.036424602
1609060368.367310047,0.008033466,-0.016872509,-0.024350178,-0.012701319,-0.003757035,0.002368789,0.036274649
1609060368.424607038,0.006101144,-0.015356167,-0.023886238,-0.012259085,-0.003807545,0.002900941,0.034467689
1609060368.476238012,0.009398737,-0.011964444,-0.023400038,-0.010112976,-0.002952009,0.004130070,0.034926176
1609060368.523241997,0.009528952,-0.010001371,-0.022232763,-0.009622581,-0.003024745,0.005233767,0.034203286
1609060368.573940992,0.010726925,-0.009565886,-0.020046645,-0.008666150,-0.002535391,0.006737470,0.033806923
1609060368.625032187,0.011658215,-0.007476526,-0.016751969,-0.008485328,-0.001808579,0.009260493,0.033384670
1609060368.676413059,0.008796756,-0.007714161,-0.011849065,-0.008426871,-0.000540116,0.013900029,0.031798367
1609060368.725769997,0.009731155,-0.005485442,-0.002368264,-0.006980668,0.001387151,0.020947916,0.029498505
1609060368.777173996,0.011747059,-0.003612590,0.008651243,-0.003863052,0.003164326,0.043774036,0.039028359
1609060368.824648142,0.013146700,-0.000722254,0.026868885,-0.003041256,0.004224189,0.062690524,0.039619528
1609060368.875344992,0.016819279,-0.000421133,0.051053635,-0.001104869,0.005573438,0.083074624,0.037182708
1609060368.923364162,0.018871497,0.001781712,0.079602974,0.001111218,0.008267013,0.110012053,0.035807802
1609060368.974891186,0.018357662,0.007084826,0.112141900,0.001616823,0.009225935,0.139364636,0.032029946
1609060369.023996115,0.020114623,0.009166118,0.152066585,0.006026772,0.014035969,0.208056706,0.057940286
1609060369.076563120,0.021120236,0.011370719,0.205979064,0.005645943,0.016277352,0.250225514,0.047130427
1609060369.122320175,0.021335851,0.014700682,0.254690988,0.006525430,0.018601496,0.295004927,0.043125150
1609060369.175933123,0.019007023,0.018726742,0.322929701,0.005475035,0.021591195,0.345836221,0.026758708
1609060369.225181103,0.017023630,0.022531267,0.386834221,0.004460880,0.025012164,0.400167667,0.018486706
1609060369.277878046,0.014667170,0.026513383,0.457511805,0.003670517,0.031544681,0.514357305,0.058117563
1609060369.325048208,0.012539523,0.030655868,0.526622732,0.002224844,0.035987753,0.576799261,0.051502482
1609060369.375655174,0.015055621,0.033566397,0.602423197,0.000986345,0.039151329,0.639772380,0.040300092
1609060369.423925161,0.012641817,0.037116447,0.678812724,-0.001116003,0.042314623,0.705078997,0.030103418
1609060369.476325035,0.007627870,0.039075216,0.762532705,-0.004156337,0.045257470,0.774513121,0.017905814
1609060369.526211023,0.003998114,0.041481191,0.845328425,-0.010900538,0.050291649,0.909076917,0.066056523
1609060369.576457024,-0.001593815,0.046196997,0.931436201,-0.016939148,0.051896956,0.979990540,0.051239561
1609060369.624904156,-0.006563024,0.048778859,1.010968995,-0.022175154,0.051526789,1.047043231,0.039403556
1609060369.676457167,-0.009827961,0.046730136,1.092711039,-0.027673429,0.050771761,1.113042541,0.027352613
1609060369.724966049,-0.014687864,0.045571534,1.168561231,-0.032117921,0.050163012,1.177115361,0.019951484
1609060369.776529074,-0.020792535,0.041936580,1.248657172,-0.035790958,0.046619757,1.239326189,0.018274356
1609060369.824362040,-0.026135208,0.038753211,1.318826332,-0.048315656,0.041410133,1.362549445,0.049099309
1609060369.874984980,-0.035118675,0.034413069,1.386068215,-0.053330903,0.036474501,1.420254690,0.038789817
1609060369.922994137,-0.041006475,0.027849463,1.450986910,-0.058678361,0.032198394,1.477099828,0.031829126
1609060369.973376989,-0.047376110,0.019938547,1.523331050,-0.065083831,0.023966201,1.532618070,0.020396915
1609060370.024846077,-0.054296930,0.009238449,1.589412672,-0.072377628,0.016004412,1.588192475,0.019343702
1609060370.077591181,-0.061710264,-0.001638512,1.652150774,-0.083431370,-0.004630554,1.692531060,0.045949171
1609060370.131295204,-0.069316505,-0.015262940,1.718863455,-0.089787416,-0.014949260,1.745325643,0.033457495
1609060370.176069021,-0.075760487,-0.027090527,1.777840938,-0.096869567,-0.026482980,1.797683407,0.028977336
1609060370.225593090,-0.083462819,-0.041703236,1.839287112,-0.103631683,-0.038952007,1.850505250,0.023242181
1609060370.274984121,-0.087814310,-0.059836656,1.903859393,-0.110097413,-0.052760272,1.902116488,0.023444608
1609060370.332502127,-0.096518625,-0.078202942,1.976439927,-0.125957451,-0.082164741,2.012235544,0.046515229
1609060370.379465103,-0.105970584,-0.091245407,2.034385700,-0.132146366,-0.097639112,2.064290997,0.040253917
1609060370.424487114,-0.113640121,-0.107074849,2.090909671,-0.138970158,-0.113620467,2.114148903,0.034993110
1609060370.475898027,-0.127584761,-0.122667878,2.153803882,-0.146695647,-0.130204811,2.165147451,0.023467166
1609060370.524448156,-0.136996973,-0.140249877,2.215532324,-0.153378897,-0.146180621,2.218056271,0.017604302
1609060370.576019049,-0.145893117,-0.158512953,2.281485130,-0.160283271,-0.161757085,2.271150443,0.018011293
1609060370.625375986,-0.155562951,-0.175601689,2.344753844,-0.176451613,-0.193992806,2.375328685,0.041344773
1609060370.675712109,-0.165503837,-0.192788426,2.409364534,-0.184377598,-0.209235434,2.429577604,0.032175941
1609060370.723781109,-0.174869515,-0.208536707,2.469914081,-0.191083444,-0.223693645,2.478888960,0.023941026
1609060370.775207043,-0.185724872,-0.226418689,2.533662461,-0.200568808,-0.238917265,2.530510875,0.019659332
1609060370.824608088,-0.195803772,-0.241433726,2.591064914,-0.210445223,-0.252993012,2.579952839,0.021713299
1609060370.877348185,-0.208619529,-0.261459402,2.646178753,-0.223900228,-0.280567611,2.665764053,0.031340188
1609060370.923455000,-0.218346792,-0.275717542,2.692425994,-0.232597663,-0.294021379,2.705369191,0.026563963
1609060370.976181030,-0.225608781,-0.292559556,2.740226530,-0.240827341,-0.306444307,2.742874947,0.020770291
1609060371.024459124,-0.234025019,-0.307122929,2.782689196,-0.248395824,-0.318086171,2.778800117,0.018488853
1609060371.076410055,-0.241355130,-0.320970907,2.823891612,-0.255354368,-0.329789166,2.812602268,0.020029720
1609060371.125555992,-0.248393743,-0.334586830,2.862335706,-0.262940383,-0.341479720,2.843007667,0.025153325
1609060371.175806999,-0.253574421,-0.348398353,2.897856124,-0.276828065,-0.363164403,2.904519843,0.028340313
1609060371.226459980,-0.259110675,-0.361150965,2.933109320,-0.282855212,-0.373743247,2.931824766,0.026907595
1609060371.275564194,-0.265442212,-0.376194387,2.963267945,-0.290110462,-0.384411233,2.959635318,0.026253288
1609060371.322875023,-0.270067816,-0.387700657,2.993659026,-0.295871900,-0.394180165,2.985678750,0.027776242
1609060371.381882191,-0.276008291,-0.401735778,3.029124192,-0.306265603,-0.414011999,3.035787875,0.033325894
1609060371.425695181,-0.279539937,-0.412628818,3.055413507,-0.312094368,-0.424202563,3.060710134,0.034954210
1609060371.476238012,-0.286581996,-0.424930724,3.087995429,-0.316266270,-0.433729930,3.084963488,0.031109080
1609060371.523342133,-0.290742779,-0.436062902,3.115961594,-0.320262403,-0.442943325,3.108590964,0.031194144
1609060371.576235056,-0.296589770,-0.449485666,3.149360362,-0.324850774,-0.453096609,3.133294628,0.032708272
1609060371.625576019,-0.301748054,-0.461176609,3.179510664,-0.329130857,-0.462328652,3.157601878,0.035087605
1609060371.677156210,-0.312346854,-0.473050918,3.208422263,-0.336091099,-0.481092748,3.210284976,0.025138215
1609060371.723249197,-0.317946720,-0.483716867,3.236607257,-0.338919177,-0.490106751,3.231828442,0.022439065
1609060371.773763180,-0.326377374,-0.494511152,3.264110840,-0.341977641,-0.499358827,3.255331405,0.018545802
1609060371.824518204,-0.332662135,-0.506443793,3.291923255,-0.344228459,-0.507845517,3.276648967,0.019210637
1609060371.877555132,-0.336647178,-0.517146875,3.320608266,-0.346992589,-0.517474066,3.298539234,0.024375741
1609060371.924982071,-0.341956661,-0.528263371,3.347493395,-0.352742980,-0.534766093,3.344503812,0.012944792
1609060371.975533009,-0.344625501,-0.540362153,3.379141900,-0.355778269,-0.542945984,3.369988573,0.014657552
1609060372.022653103,-0.348423190,-0.550377770,3.411788508,-0.358431258,-0.550976755,3.397110261,0.017775577
1609060372.076374054,-0.354268828,-0.562275917,3.442953704,-0.360854492,-0.559106565,3.430592133,0.014360508
1609060372.125910997,-0.358849012,-0.572010739,3.483179463,-0.363383761,-0.566907763,3.463888234,0.020463525
1609060372.175580978,-0.360236855,-0.581303096,3.513059714,-0.369859639,-0.585870174,3.527273491,0.017761971
1609060372.223182201,-0.364554993,-0.591923955,3.545014484,-0.374836193,-0.595417886,3.557009098,0.016179660
1609060372.275930166,-0.369118019,-0.603753541,3.576343001,-0.380866921,-0.604897358,3.582063065,0.013117323
1609060372.325079203,-0.374836725,-0.615065703,3.603502495,-0.388001282,-0.615304958,3.606595967,0.013525249
1609060372.376758099,-0.383549046,-0.628946665,3.632201649,-0.394522127,-0.625191931,3.628419746,0.012198743
1609060372.429697990,-0.389047852,-0.641055335,3.650919687,-0.406105729,-0.643790196,3.659128772,0.019126937
1609060372.476099014,-0.399117237,-0.651137071,3.674013925,-0.413418562,-0.653739830,3.670040610,0.015069488
1609060372.524174213,-0.407890551,-0.662713057,3.684626710,-0.421934081,-0.663588713,3.679157219,0.015096451
1609060372.576766014,-0.421167066,-0.675632691,3.689825760,-0.432160168,-0.674308577,3.687114134,0.011399758
1609060372.625241041,-0.434886721,-0.688835558,3.694716143,-0.444138523,-0.685748881,3.692944703,0.009912690
1609060372.677778006,-0.453535882,-0.703000374,3.694322354,-0.472182362,-0.709984860,3.700863736,0.020958624
1609060372.722868204,-0.469476163,-0.716299950,3.694780680,-0.487270871,-0.721973900,3.702916409,0.020372418
1609060372.775847197,-0.490937600,-0.733770737,3.692815398,-0.505848083,-0.735761744,3.704256272,0.018899211
1609060372.825339079,-0.514016566,-0.749836108,3.690426376,-0.526069984,-0.750295347,3.704633878,0.018637299
1609060372.877873182,-0.540671383,-0.766682347,3.688725167,-0.547754742,-0.764950797,3.704518656,0.017395589
1609060372.926480055,-0.567065644,-0.784429214,3.686305969,-0.593420072,-0.795760926,3.703677042,0.033536812
1609060372.973802090,-0.592637469,-0.802084872,3.687981053,-0.620897279,-0.813488992,3.702993153,0.033971076
1609060373.024542093,-0.623733699,-0.822240143,3.685338476,-0.646525992,-0.828963408,3.701829861,0.028925019
1609060373.076001167,-0.658942672,-0.841455465,3.684718005,-0.675289520,-0.846026815,3.700759306,0.023354657
1609060373.124036074,-0.693084498,-0.861733878,3.682353013,-0.709971378,-0.867345766,3.699576746,0.024765238
1609060373.180086136,-0.738154932,-0.888190991,3.682632306,-0.776686276,-0.905831842,3.697216106,0.044816865
1609060373.223744154,-0.773088819,-0.908577019,3.681420530,-0.809920388,-0.924243835,3.696345570,0.042717331
1609060373.277434111,-0.815944655,-0.932926556,3.685350537,-0.848077978,-0.945595600,3.695309579,0.035947708
1609060373.323575020,-0.856270018,-0.955602977,3.684844659,-0.886660876,-0.966654444,3.694019147,0.033614140
1609060373.374325037,-0.899194213,-0.980175087,3.688196694,-0.927886646,-0.989412251,3.693097253,0.030538442
1609060373.424693108,-0.944576188,-1.006450072,3.688295000,-0.968898001,-1.011800549,3.691689048,0.025133598
1609060373.477025032,-1.001727852,-1.036930153,3.693921712,-1.051879550,-1.056883816,3.688286607,0.054268739
1609060373.523668051,-1.048802349,-1.062549985,3.694900246,-1.094512317,-1.079666570,3.687373345,0.049386566
1609060373.575177193,-1.103644359,-1.092971494,3.692554496,-1.137913341,-1.101731043,3.686523392,0.035881292
1609060373.624744177,-1.156567951,-1.121851248,3.694241184,-1.181115114,-1.125059384,3.685982054,0.026097290
1609060373.678225040,-1.216851250,-1.152191988,3.694406946,-1.226890779,-1.149619172,3.685943546,0.013380607
1609060373.725805044,-1.266847167,-1.179519514,3.695106227,-1.313001936,-1.195014514,3.686210798,0.049492286
1609060373.776236057,-1.317641942,-1.206923132,3.691701562,-1.355729032,-1.218154311,3.685770352,0.040149036
1609060373.823961020,-1.366594968,-1.234085318,3.692287096,-1.399104199,-1.240364988,3.687241233,0.033492463
1609060373.877856016,-1.421756437,-1.262193430,3.690890123,-1.442353008,-1.262900504,3.687784823,0.020841342
1609060373.925863981,-1.470216402,-1.288305239,3.690255106,-1.484444625,-1.285211253,3.687999352,0.014734433
1609060373.976363182,-1.520217253,-1.315666957,3.688145746,-1.567414308,-1.328708289,3.687688001,0.048967825
1609060374.024655104,-1.567082697,-1.340545749,3.687471978,-1.607214129,-1.348391728,3.687128827,0.040892651
1609060374.074808121,-1.614105709,-1.363729667,3.688346674,-1.649023558,-1.369894380,3.686998311,0.035483488
1609060374.125483036,-1.659821933,-1.388682642,3.687545503,-1.685574068,-1.388050797,3.686381721,0.025786161
1609060374.175988197,-1.704889798,-1.409052620,3.686832868,-1.723239004,-1.407546138,3.686835862,0.018410944
1609060374.224302053,-1.745891044,-1.430519267,3.686767228,-1.797917876,-1.444865798,3.687996877,0.053982647
1609060374.275952101,-1.790027611,-1.450433679,3.689941294,-1.835056586,-1.463849366,3.689566788,0.046986483
1609060374.324405193,-1.828982098,-1.469751745,3.691158603,-1.868965925,-1.481263362,3.690706180,0.041610437
1609060374.377850056,-1.870559974,-1.489686138,3.693576664,-1.903570178,-1.499197235,3.691736314,0.034402346
1609060374.432549000,-1.911312385,-1.509474462,3.695648627,-1.968480002,-1.532020744,3.694499846,0.061463737
1609060374.480001211,-1.950396394,-1.528411582,3.703831137,-1.997598120,-1.546545850,3.695615118,0.051228484
1609060374.523640156,-1.981941163,-1.543310450,3.706978932,-2.026025194,-1.561168729,3.696887070,0.048622687
1609060374.575245142,-2.021567817,-1.564243495,3.700326127,-2.057039284,-1.576932262,3.697876191,0.037752245
1609060374.626283169,-2.056369319,-1.582522124,3.701860016,-2.083748279,-1.590910205,3.698962254,0.028781319
1609060374.675654173,-2.092994295,-1.602056735,3.698896589,-2.110778832,-1.604898674,3.700056864,0.018047510
1609060374.723823071,-2.128272450,-1.620792361,3.700033985,-2.167963863,-1.634482676,3.703121748,0.042099492
1609060374.773189068,-2.163856852,-1.638455099,3.705297314,-2.196033545,-1.648792723,3.705156372,0.033796833
1609060374.824628115,-2.197954537,-1.658123839,3.708072088,-2.222148694,-1.662712311,3.706574629,0.024670908
1609060374.877428055,-2.232063767,-1.675723288,3.708949880,-2.248622865,-1.676677161,3.708262757,0.016600776
1609060374.925567150,-2.263286032,-1.692651037,3.710598429,-2.274520340,-1.689974631,3.709869223,0.011571713
1609060374.975277185,-2.298741952,-1.709666778,3.713811245,-2.328953165,-1.719049486,3.712064275,0.031682874
1609060375.024696112,-2.332089462,-1.727814427,3.714606546,-2.355256542,-1.733483718,3.712563843,0.023937984
1609060375.075798035,-2.363221895,-1.745752396,3.713789331,-2.380948414,-1.747895274,3.713015132,0.017872347
1609060375.126281977,-2.393330026,-1.763985767,3.713683950,-2.406225117,-1.761805666,3.712766709,0.013110207
1609060375.176793098,-2.423499577,-1.780288028,3.713943201,-2.430835217,-1.775682049,3.712397488,0.008798631
1609060375.225218058,-2.452753545,-1.796787000,3.713815337,-2.482020377,-1.803589936,3.712223930,0.030089199
1609060375.275624990,-2.486186710,-1.814405054,3.713301401,-2.508467546,-1.817974345,3.711809752,0.022614166
1609060375.323940992,-2.517323225,-1.830941954,3.712937723,-2.535161045,-1.832814682,3.711240269,0.018016001
1609060375.377138138,-2.552881882,-1.849605345,3.713853165,-2.562666614,-1.848045568,3.710737090,0.010386713
1609060375.425173998,-2.583794505,-1.866295990,3.713640447,-2.589021184,-1.862751002,3.710833725,0.006911064
1609060375.476772070,-2.618013512,-1.881841444,3.716924730,-2.644489253,-1.893887234,3.710146747,0.029866486
1609060375.524785042,-2.648543669,-1.898210839,3.717539576,-2.668875146,-1.907398328,3.710139740,0.023506094
1609060375.575093031,-2.680360157,-1.915150986,3.717250855,-2.695181908,-1.921734615,3.709786963,0.017853239
1609060375.626551151,-2.712755026,-1.932756104,3.717359530,-2.721371946,-1.936574402,3.709420999,0.012322783
1609060375.677131176,-2.746761216,-1.952105818,3.718560080,-2.748409146,-1.951941765,3.708925636,0.009775741
1609060375.728677988,-2.779575543,-1.969652570,3.718548579,-2.799819626,-1.979743185,3.707335200,0.025246451
1609060375.773073196,-2.806230281,-1.984884847,3.715763636,-2.826089864,-1.994085182,3.706154032,0.023903843
1609060375.823648214,-2.836955103,-2.002100505,3.714803317,-2.850103619,-2.006685726,3.705280717,0.016869725
1609060375.876316071,-2.867736060,-2.021200275,3.711006933,-2.877909843,-2.022328085,3.704206825,0.012288991
1609060375.925800085,-2.896825910,-2.038501218,3.709021963,-2.904726782,-2.037382587,3.702733379,0.010159793
1609060375.977324009,-2.927303993,-2.055701587,3.706576224,-2.955760727,-2.064794138,3.699322032,0.030742211
1609060376.024099112,-2.954381152,-2.071158739,3.704050058,-2.980660314,-2.077920130,3.697273739,0.027968361
1609060376.076449156,-2.984152943,-2.088688675,3.700781448,-3.006103080,-2.091799089,3.694722973,0.022982348
1609060376.129225016,-3.013655918,-2.105406150,3.698286679,-3.030186680,-2.105079179,3.691977757,0.017696765
1609060376.176424026,-3.040725087,-2.119590340,3.697010156,-3.054685928,-2.118329044,3.688399529,0.016451105
1609060376.224507093,-3.067872938,-2.134961251,3.692672469,-3.103212274,-2.145148339,3.680569513,0.038718561
1609060376.275020123,-3.099249093,-2.149803460,3.691403569,-3.127546632,-2.158452461,3.676513946,0.033124867
1609060376.324153185,-3.125937309,-2.164885978,3.686178927,-3.149416054,-2.170676780,3.671895928,0.028085386
1609060376.376890182,-3.155579435,-2.181447217,3.679868260,-3.172692456,-2.183860340,3.666715960,0.021717773
1609060376.425126076,-3.181506437,-2.195373591,3.674372342,-3.193773460,-2.195910726,3.662583117,0.017022168
1609060376.479104042,-3.210167219,-2.212156851,3.667476600,-3.216467049,-2.208941268,3.657648730,0.012108462
1609060376.524039984,-3.233254100,-2.224661375,3.662210189,-3.258545551,-2.232089381,3.648034271,0.029929742
1609060376.576709032,-3.260263702,-2.240142299,3.657263259,-3.278799675,-2.244184290,3.642903744,0.023793185
1609060376.624075174,-3.282942731,-2.253950334,3.651969066,-3.298004064,-2.255987085,3.638533976,0.020285308
1609060376.677000999,-3.307442614,-2.267962889,3.649000407,-3.316517064,-2.267522119,3.633843567,0.017671155
1609060376.726062059,-3.328768291,-2.281357925,3.644603248,-3.352388587,-2.288325418,3.626146245,0.030775401
1609060376.776576996,-3.352102919,-2.294834481,3.640202329,-3.370317540,-2.299898488,3.621333897,0.026710191
1609060376.825327158,-3.372048551,-2.307810614,3.635725529,-3.386066999,-2.310452681,3.617051302,0.023499450
1609060376.875717163,-3.392852305,-2.320874450,3.629763958,-3.401729827,-2.320645697,3.612256467,0.019630970
1609060376.923955202,-3.411035282,-2.332539016,3.623663156,-3.417441578,-2.330508790,3.606843174,0.018112819
1609060376.978782177,-3.431752698,-2.344693827,3.615877966,-3.432538953,-2.340990975,3.600895367,0.015453400
1609060377.024703026,-3.447279659,-2.355230394,3.609445992,-3.458459683,-2.358509477,3.589866174,0.022784086
1609060377.076284170,-3.463153162,-2.365247246,3.603307465,-3.472314873,-2.368717367,3.583267167,0.022306776
1609060377.125343084,-3.477443660,-2.375476436,3.596714336,-3.484576842,-2.378104360,3.576954321,0.021171831
1609060377.175764084,-3.491455300,-2.385807801,3.588117610,-3.495520744,-2.386644702,3.570616448,0.017986631
1609060377.224970102,-3.503451298,-2.395484678,3.580612480,-3.506474491,-2.395227126,3.564232376,0.016658746
1609060377.276504040,-3.514504703,-2.405327493,3.569206675,-3.526659296,-2.411309117,3.550972061,0.022715965
1609060377.323620081,-3.524415359,-2.414137994,3.561995694,-3.535962196,-2.419298588,3.543831965,0.022133283
1609060377.372981071,-3.534699549,-2.423126022,3.555121802,-3.544358330,-2.426236397,3.536641204,0.021083145
1609060377.424736977,-3.543296748,-2.431979075,3.546460386,-3.552618105,-2.433840036,3.529068177,0.019820186
1609060377.477060080,-3.553760532,-2.440938906,3.536221706,-3.561006192,-2.441770593,3.520841907,0.017021443
1609060377.525356054,-3.561948028,-2.449984269,3.526512403,-3.575741190,-2.456745999,3.503795010,0.027423572
1609060377.573468208,-3.569520634,-2.459830794,3.517854192,-3.583006782,-2.464307190,3.494719475,0.027150127
1609060377.624278069,-3.576530126,-2.469475978,3.507275726,-3.589691702,-2.472017367,3.485496389,0.025573918
1609060377.676570177,-3.583636079,-2.479182399,3.494495336,-3.595347052,-2.479632415,3.475841473,0.022029889
1609060377.724879026,-3.589066519,-2.488908746,3.484166043,-3.601147778,-2.487659132,3.466743263,0.021238447
1609060377.775535107,-3.595179449,-2.498673319,3.474547771,-3.612022971,-2.503880428,3.448951098,0.031080668
1609060377.825145006,-3.600155536,-2.508296766,3.464624160,-3.616436032,-2.511374594,3.440199978,0.029513865
1609060377.875771999,-3.608099843,-2.521693754,3.453209472,-3.621723694,-2.520843700,3.431377603,0.025748057
1609060377.924765110,-3.612661999,-2.533323293,3.442955605,-3.625965874,-2.529677064,3.423360289,0.023963817
1609060377.975740194,-3.618579443,-2.546451582,3.433041440,-3.629583207,-2.539261014,3.414810762,0.022475424
1609060378.024561167,-3.622984643,-2.559750539,3.422615268,-3.635860906,-2.560492228,3.399032013,0.026879698
1609060378.075357199,-3.627909393,-2.573326345,3.409530024,-3.638464313,-2.572334033,3.390821827,0.021503201
1609060378.124582052,-3.631301173,-2.588513647,3.398204038,-3.640176363,-2.583481522,3.382709075,0.018552228
1609060378.174213171,-3.633463755,-2.603434036,3.386523768,-3.642342880,-2.596753939,3.373047560,0.017466274
1609060378.226052046,-3.635921310,-2.620489710,3.373713668,-3.644498447,-2.609967504,3.363759306,0.016833699
1609060378.276415110,-3.638351545,-2.636349786,3.361722450,-3.645400001,-2.639069770,3.345635012,0.017773146
1609060378.324060202,-3.638684614,-2.654873362,3.350462646,-3.645720149,-2.654334232,3.336803951,0.015373658
1609060378.373277187,-3.639274434,-2.674425582,3.340270444,-3.645522240,-2.671898504,3.327975135,0.014021264
1609060378.423891068,-3.638512190,-2.695172841,3.330071668,-3.644404456,-2.687688442,3.320635545,0.013408036
1609060378.477568150,-3.638829129,-2.717499500,3.322207676,-3.642555575,-2.706188321,3.312997820,0.015054919
1609060378.526171207,-3.636292539,-2.740468682,3.313740972,-3.638592069,-2.746037331,3.298765928,0.016141551
1609060378.574408054,-3.632308236,-2.759826264,3.303749479,-3.635136457,-2.766203155,3.292665219,0.013096731
1609060378.623176098,-3.628073639,-2.783610068,3.296114901,-3.631790212,-2.787288031,3.286938559,0.010561514
1609060378.676959991,-3.622963746,-2.810174229,3.289961565,-3.628051809,-2.809903296,3.281245434,0.010096173
1609060378.726022005,-3.617088864,-2.834934310,3.283971749,-3.623568807,-2.832183282,3.276283789,0.010424133
1609060378.776993036,-3.611145925,-2.861783156,3.279447329,-3.612134117,-2.879055276,3.270310031,0.019565093
1609060378.824391127,-3.603412334,-2.888126153,3.278301513,-3.606332511,-2.903467852,3.270953813,0.017259312
1609060378.877188206,-3.595360668,-2.917947332,3.281525734,-3.599050066,-2.928265005,3.274280360,0.013136266
1609060378.925369024,-3.586704917,-2.945679472,3.287467394,-3.591554965,-2.953193378,3.279915293,0.011705382
1609060378.976911068,-3.575717768,-2.978571538,3.295101383,-3.584765791,-2.980489258,3.286378578,0.012713446
1609060379.027352095,-3.565275149,-3.009702632,3.305154248,-3.568360535,-3.033709838,3.303497641,0.024261283
1609060379.074259043,-3.554180515,-3.042014088,3.315714431,-3.559230228,-3.061752849,3.313754022,0.020468548
1609060379.123567104,-3.542444201,-3.074467863,3.327852403,-3.550707795,-3.087903100,3.323951413,0.016248394
1609060379.172895193,-3.531867219,-3.109141665,3.341055587,-3.541803219,-3.115573310,3.334738512,0.013416243
1609060379.223832130,-3.519458448,-3.144313121,3.355015136,-3.531975395,-3.142700997,3.345793660,0.015630372
1609060379.278740168,-3.505345696,-3.182817228,3.369658384,-3.512527135,-3.199744317,3.366417698,0.018670872
1609060379.324427128,-3.492642939,-3.215166426,3.380371840,-3.501339204,-3.228234457,3.375471175,0.016444300
1609060379.373706102,-3.479856631,-3.247140261,3.390706054,-3.490688696,-3.256363844,3.383699164,0.015858897
1609060379.424789190,-3.465508909,-3.282734461,3.401499663,-3.480199038,-3.283754894,3.391948661,0.017551718
1609060379.477308035,-3.452486899,-3.315774718,3.411184567,-3.469626181,-3.312719800,3.399875350,0.020760200
1609060379.527546167,-3.437697224,-3.349846760,3.420400576,-3.445473909,-3.368499892,3.414188324,0.021142569
1609060379.574175119,-3.426648672,-3.378877253,3.424381642,-3.433834449,-3.397773421,3.419863877,0.020714989
1609060379.624490023,-3.411619489,-3.411874628,3.431480392,-3.421996474,-3.424865858,3.425197845,0.017774258
1609060379.676283121,-3.396707701,-3.445008474,3.436719926,-3.409041724,-3.453201545,3.431210157,0.015799117
1609060379.725444078,-3.381327417,-3.476557343,3.442162860,-3.395672599,-3.481638167,3.436119408,0.016374442
1609060379.778115034,-3.366786752,-3.508531818,3.449742043,-3.382979504,-3.509900341,3.440361359,0.018763670
1609060379.825517178,-3.351317837,-3.538578660,3.454063332,-3.355377424,-3.564908042,3.447713046,0.027386907
1609060379.876507998,-3.335986764,-3.571280693,3.457722706,-3.340890308,-3.593946441,3.451345161,0.024051070
1609060379.924851179,-3.319638738,-3.602177036,3.461316376,-3.326349393,-3.622011318,3.454544537,0.022006577
1609060379.976315022,-3.303017435,-3.635863502,3.464922827,-3.311436577,-3.649173145,3.457969100,0.017215774
1609060380.025951147,-3.285974432,-3.667060412,3.468762493,-3.296229397,-3.677216660,3.461186584,0.016300554
1609060380.076279163,-3.270420091,-3.702882061,3.472811265,-3.263981169,-3.732791610,3.467145278,0.031115016
1609060380.126965046,-3.251526336,-3.736290781,3.476823750,-3.247626910,-3.759228811,3.469813466,0.024300264
1609060380.175324202,-3.233163840,-3.769013702,3.479534080,-3.230427052,-3.787593504,3.472912172,0.019913531
1609060380.224295139,-3.213647479,-3.801533592,3.483052181,-3.212793666,-3.813505725,3.475750415,0.014049084
1609060380.282178164,-3.190294595,-3.840167705,3.484352606,-3.177083283,-3.868931274,3.480877934,0.031842660
1609060380.327114105,-3.170418565,-3.870482932,3.486917257,-3.158766849,-3.893596025,3.483020459,0.026175611
1609060380.418756008,-3.128849943,-3.931051549,3.492205895,-3.118877583,-3.948070041,3.487788216,0.020213681
1609060380.497653008,-3.092025735,-3.982325963,3.495583325,-3.077827159,-4.001126249,3.492175005,0.023804768
1609060380.579474211,-3.050476734,-4.033730071,3.500749850,-3.033666037,-4.055302445,3.496600571,0.027661948
1609060380.613731146,-3.032567662,-4.055410334,3.502866626,-3.012459704,-4.080141876,3.497979175,0.032246959
1609060380.665153980,-3.004375167,-4.086758555,3.505331953,-2.989451526,-4.106792482,3.500006431,0.025542797
1609060380.732620001,-2.966008074,-4.129122999,3.509530165,-2.943221282,-4.158447404,3.504301888,0.037503247
1609060380.775574207,-2.941877530,-4.155224335,3.513683704,-2.918925174,-4.184842992,3.506794514,0.038099034
1609060380.818601131,-2.916660304,-4.181557044,3.517162417,-2.895610243,-4.209410306,3.509168692,0.035816322
1609060380.869970083,-2.887613445,-4.210839209,3.518769840,-2.869744284,-4.235720658,3.511628346,0.031454640
1609060380.919371128,-2.857180662,-4.240509813,3.522373305,-2.843757789,-4.261059535,3.514565625,0.025757028
1609060380.983446121,-2.817474781,-4.276882418,3.523886941,-2.792390890,-4.311074121,3.520282423,0.042558979
1609060381.026141167,-2.790295584,-4.301475486,3.526503976,-2.763708190,-4.338202091,3.524039633,0.045407114
1609060381.072177172,-2.762172582,-4.327775206,3.529867345,-2.739038107,-4.361036134,3.527310100,0.040595970
1609060381.118996143,-2.731648804,-4.354029182,3.533380126,-2.712726349,-4.385275458,3.530657534,0.036630610
1609060381.169764996,-2.694985034,-4.385648583,3.536947210,-2.684748270,-4.410169573,3.533811099,0.026756410
1609060381.224285126,-2.656234886,-4.417020793,3.541181561,-2.657599471,-4.433790021,3.537173777,0.017295417
1609060381.276952028,-2.619507205,-4.446878014,3.543691033,-2.629382162,-4.458193694,3.541575801,0.015166859
1609060381.325170040,-2.583844470,-4.474241194,3.546555325,-2.571749853,-4.505301022,3.549664122,0.033476219
1609060381.373531103,-2.552297175,-4.500449941,3.551392032,-2.542969473,-4.527967815,3.553401424,0.029125197
1609060381.423969030,-2.516321849,-4.527967771,3.555827336,-2.515737271,-4.550046094,3.557554501,0.022153492
1609060381.474560022,-2.482737105,-4.556077628,3.561654821,-2.485870048,-4.572658524,3.561217156,0.016879958
1609060381.525918007,-2.445268656,-4.583904354,3.566481845,-2.456656413,-4.594424898,3.565090522,0.015565944
1609060381.576167107,-2.410840353,-4.611050581,3.572652561,-2.397126210,-4.639917976,3.573348638,0.031966994
1609060381.623407125,-2.376435257,-4.636135680,3.576525905,-2.369739059,-4.659006717,3.576110427,0.023834765
1609060381.675836086,-2.341380947,-4.662560880,3.580493584,-2.338990918,-4.680719163,3.579742630,0.018330287
1609060381.724457979,-2.307019847,-4.687131934,3.584086988,-2.311621641,-4.699898773,3.582150207,0.013708384
1609060381.777621031,-2.272974052,-4.712133309,3.589064413,-2.281600236,-4.720668621,3.585277094,0.012712450
1609060381.825805187,-2.239001148,-4.735255713,3.592913080,-2.224228243,-4.758817721,3.590440605,0.027919887
1609060381.875913143,-2.205442450,-4.756499936,3.593434489,-2.194593620,-4.778610047,3.592860218,0.024635013
1609060381.926110029,-2.169833385,-4.779375899,3.596610437,-2.164925351,-4.796517304,3.595186120,0.017887013
1609060381.974575043,-2.137440704,-4.800298944,3.599422713,-2.135529153,-4.814622067,3.597363290,0.014596133
1609060382.023908138,-2.102601478,-4.821217046,3.601991631,-2.106703127,-4.832500303,3.598818839,0.012417812
1609060382.077841043,-2.066594711,-4.841544179,3.608359934,-2.076244035,-4.850059419,3.600061920,0.015312603
1609060382.126087189,-2.032221102,-4.860646277,3.609993343,-2.017364729,-4.883191294,3.601616482,0.028269443
1609060382.172864199,-2.001366160,-4.877202935,3.610277599,-1.987544429,-4.900079459,3.601291222,0.028198060
1609060382.224690199,-1.964956543,-4.896344307,3.611453659,-1.956068547,-4.915043538,3.601451123,0.022993661
1609060382.276548147,-1.924188355,-4.919153961,3.610720784,-1.926799166,-4.929882036,3.601992239,0.014074638
1609060382.326167107,-1.887966339,-4.937095228,3.611403198,-1.897272794,-4.944477442,3.601574727,0.015417719
1609060382.376545191,-1.852139559,-4.953388690,3.609062333,-1.866812881,-4.958932058,3.601731780,0.017313935
1609060382.423995018,-1.816894142,-4.968933015,3.609063126,-1.806799975,-4.983947707,3.601621597,0.019562963
1609060382.475164175,-1.782899436,-4.982850167,3.606329510,-1.777145457,-4.996343516,3.600342217,0.015843813
1609060382.524759054,-1.746676163,-4.996561524,3.604855025,-1.747638869,-5.007359531,3.599902901,0.011918359
1609060382.573063135,-1.714160210,-5.007743584,3.602216457,-1.717312518,-5.017600173,3.599550762,0.010686221
1609060382.623972178,-1.675627748,-5.020295280,3.600791239,-1.687691648,-5.027547018,3.598314213,0.014291992
1609060382.680236101,-1.636039053,-5.031464037,3.599840297,-1.626876389,-5.045476120,3.596852331,0.017006494
1609060382.726361990,-1.601614853,-5.040591146,3.599278829,-1.596278161,-5.053008703,3.596804589,0.013740373
1609060382.773458004,-1.568435637,-5.047835928,3.599623497,-1.566627308,-5.060709682,3.596698090,0.013325224
1609060382.823677063,-1.530954153,-5.055752473,3.599862855,-1.536866506,-5.067721532,3.596379724,0.013796612
1609060382.877391100,-1.493609121,-5.062677690,3.599925034,-1.506930902,-5.071915734,3.596124881,0.016650899
1609060382.927017212,-1.455811566,-5.068486865,3.601066737,-1.443683911,-5.081787712,3.597529722,0.018344019
1609060382.974920034,-1.423535346,-5.072933944,3.603685623,-1.443684163,-5.081784511,3.597535476,0.022850201
1609060383.024443150,-1.385759669,-5.077319075,3.605419733,-1.376126810,-5.087463838,3.598708603,0.015516039
1609060383.076413155,-1.348761651,-5.079759888,3.608571432,-1.344022801,-5.090456853,3.600129215,0.014427500
1609060383.125964165,-1.310337101,-5.082082239,3.610583435,-1.311826945,-5.093018510,3.600949906,0.014650138
1609060383.175229073,-1.275744479,-5.082431983,3.611745607,-1.249139142,-5.094437498,3.603369662,0.030366639
1609060383.222527981,-1.238635643,-5.082762293,3.613229428,-1.217402464,-5.092801689,3.604199361,0.025163058
1609060383.276117086,-1.198311238,-5.081229670,3.614396973,-1.183891841,-5.092141288,3.605719004,0.020057157
1609060383.323568106,-1.160290552,-5.079593092,3.616771842,-1.150619529,-5.090775835,3.607602327,0.017397197
1609060383.377740145,-1.112906317,-5.073747964,3.620191139,-1.115081411,-5.086617119,3.609911233,0.016613929
1609060383.424261093,-1.072739789,-5.070054242,3.623105170,-1.045434165,-5.079785467,3.614086761,0.030358286
1609060383.476530075,-1.027859114,-5.063628687,3.624822094,-1.010411449,-5.075321877,3.615904339,0.022818372
1609060383.524501085,-0.984846746,-5.057764005,3.627540870,-0.974428694,-5.068929856,3.618159820,0.017922504
1609060383.580219984,-0.937154167,-5.049926039,3.629984573,-0.936789178,-5.062412913,3.619499087,0.016309526
1609060383.625110149,-0.895849410,-5.042688200,3.630961744,-0.901807043,-5.056384201,3.621291112,0.017793115
1609060383.677712202,-0.850649676,-5.032359568,3.629967039,-0.825106100,-5.039962241,3.620932975,0.028140527
1609060383.726248026,-0.805375884,-5.023110282,3.630117096,-0.789548506,-5.032055384,3.621140575,0.020275568
1609060383.775644064,-0.761492253,-5.013168030,3.630178263,-0.752495275,-5.023039522,3.620643003,0.016410763
1609060383.826225996,-0.713803906,-5.001910423,3.630357058,-0.717050131,-5.014585277,3.621125962,0.016012590
1609060383.877563000,-0.668680749,-4.989421003,3.629540186,-0.642546503,-4.993610409,3.621801559,0.027576009
1609060383.925773144,-0.622896671,-4.977415378,3.628984645,-0.604845983,-4.982675121,3.621539949,0.020221665
1609060383.977313995,-0.576973012,-4.964051600,3.626553498,-0.565821007,-4.971280485,3.621468142,0.014229717
1609060384.025890112,-0.530717806,-4.951128866,3.627139702,-0.529310211,-4.960029918,3.622914636,0.009952951
1609060384.082066059,-0.481822385,-4.935878873,3.628919701,-0.487529747,-4.945878753,3.624015426,0.012514930
1609060384.127351046,-0.438222622,-4.922676426,3.630567515,-0.409261543,-4.920282804,3.627604520,0.029210492
1609060384.179015160,-0.392495593,-4.906083400,3.634981883,-0.368093867,-4.905713296,3.629676981,0.024974452
1609060384.225046158,-0.348430002,-4.891660133,3.637391053,-0.327854838,-4.891660730,3.632071767,0.021251639
1609060384.277572155,-0.302161548,-4.874028778,3.640139896,-0.288070222,-4.877472304,3.634003163,0.015750645
1609060384.326673985,-0.254673693,-4.857729691,3.642669744,-0.247175737,-4.862935998,3.635802841,0.011422756
1609060384.378116131,-0.208552437,-4.839584785,3.646970956,-0.206330605,-4.846690410,3.637551218,0.012006578
1609060384.426213980,-0.163320189,-4.822790048,3.650050061,-0.126514290,-4.814888516,3.641927355,0.038510866
1609060384.477639198,-0.109764856,-4.802549894,3.652560174,-0.086727994,-4.798607805,3.643666446,0.025006709
1609060384.526020050,-0.061444669,-4.783962933,3.655215626,-0.047144213,-4.782339957,3.645308009,0.017472778
1609060384.577697992,-0.010790186,-4.760997371,3.657175679,-0.006248386,-4.764230152,3.646935822,0.011659052
1609060384.627104044,0.038483638,-4.740743244,3.659197407,0.031113179,-4.747740738,3.648676720,0.014627830
1609060384.679548025,0.083771190,-4.717680615,3.659153559,0.111394155,-4.712075411,3.651084487,0.029318192
1609060384.725043058,0.128080769,-4.698048334,3.660595671,0.151738760,-4.693003602,3.652031775,0.025661063
1609060384.780750990,0.177135887,-4.671779657,3.662864999,0.190024738,-4.674755365,3.653583972,0.016159046
1609060384.825978994,0.221354102,-4.650357708,3.663980438,0.227295921,-4.656899314,3.654295460,0.013110935
1609060384.879726171,0.272102942,-4.624574931,3.663444361,0.264216777,-4.638107881,3.656008833,0.017338380
1609060384.927287102,0.315898471,-4.602395753,3.665379776,0.341314471,-4.598897150,3.661040918,0.026019973
1609060384.978001118,0.360493770,-4.578239865,3.667813928,0.379321240,-4.578131162,3.662872408,0.019465459
1609060385.025215149,0.403225404,-4.555182960,3.669899720,0.414480397,-4.559261101,3.664975289,0.012944347
1609060385.078049183,0.446983964,-4.529707896,3.672669243,0.452318446,-4.537450547,3.666925012,0.011018237
1609060385.128671169,0.491269288,-4.503706353,3.675029886,0.486790870,-4.517020633,3.668790854,0.015370485
1609060385.178465128,0.532215879,-4.478994871,3.678087472,0.560219358,-4.473693369,3.671306412,0.029296476
1609060385.225788116,0.573233058,-4.455103006,3.678151915,0.595879482,-4.452849431,3.670229429,0.024097820
1609060385.277276993,0.612913073,-4.427742185,3.675567279,0.632087112,-4.429403463,3.669671947,0.020128551
1609060385.324550152,0.652627768,-4.402910603,3.674325870,0.666601723,-4.407614877,3.668171096,0.015977573
1609060385.378527164,0.693473796,-4.373764844,3.674781000,0.701512871,-4.385117380,3.667009320,0.015934423
1609060385.428066015,0.733716027,-4.347536132,3.673889753,0.735816357,-4.362172577,3.665637371,0.016933361
1609060385.478852987,0.769898975,-4.322985117,3.671591485,0.806388871,-4.313926343,3.663785917,0.038399229
1609060385.527404070,0.808267203,-4.297264326,3.670538621,0.841749469,-4.289042630,3.662118136,0.035490323
1609060385.578270197,0.852837517,-4.265367883,3.668407411,0.873842456,-4.266309107,3.660703231,0.022393029
1609060385.624525070,0.890329542,-4.239854678,3.666513576,0.907968453,-4.241627806,3.659139687,0.019200245
1609060385.679279089,0.934477298,-4.206858555,3.662345945,0.938842373,-4.218929519,3.657346417,0.013775243
1609060385.728085995,0.974577726,-4.178443570,3.660148255,1.000423313,-4.172642346,3.653697080,0.027262909
1609060385.780771017,1.011418018,-4.148595753,3.656964454,1.033561134,-4.147848299,3.651231718,0.022885379
1609060385.825530052,1.047305153,-4.121974151,3.654562600,1.065329401,-4.123028548,3.649536773,0.018741510
1609060385.878072977,1.086630245,-4.090425378,3.651508258,1.096268176,-4.097349713,3.647909624,0.012401060
1609060385.927165031,1.125615900,-4.060726417,3.649350073,1.128496204,-4.072365182,3.645658743,0.012545235
1609060385.979855061,1.165210715,-4.028535940,3.647322267,1.159984493,-4.047253696,3.643758888,0.019757668
1609060386.026208162,1.201762257,-4.000084151,3.645580260,1.223580025,-3.995188369,3.640350835,0.022963679
1609060386.077979088,1.239097690,-3.970117637,3.644258696,1.255036599,-3.969007400,3.638575366,0.016958233
1609060386.127557993,1.276285472,-3.939974905,3.643031216,1.283067330,-3.945007179,3.636797599,0.010496445
1609060386.179339170,1.310972948,-3.907908321,3.641909800,1.314809186,-3.917867196,3.634654434,0.012904892
1609060386.225568056,1.346322915,-3.878922352,3.639897076,1.347109013,-3.890868784,3.632148324,0.014261078
1609060386.277292013,1.378829983,-3.847840687,3.635094996,1.378408843,-3.863102740,3.629773900,0.016168540
1609060386.327005148,1.415135602,-3.816268099,3.632420251,1.439526831,-3.806389863,3.625316033,0.027257687
1609060386.378152132,1.448408089,-3.784874531,3.628451450,1.469798219,-3.778320631,3.623015060,0.023022720
1609060386.426437140,1.482859656,-3.754021395,3.626099842,1.499270653,-3.750463033,3.620762662,0.017620109
1609060386.479035139,1.514972974,-3.721354670,3.624082037,1.528727945,-3.722053707,3.618667704,0.014798747
1609060386.526904106,1.548381445,-3.689915682,3.622193109,1.558837027,-3.693008254,3.616754708,0.012184392
1609060386.578626156,1.580828398,-3.657329731,3.620538312,1.587611721,-3.663722467,3.615411451,0.010637916
1609060386.626856089,1.614353184,-3.624859071,3.619296986,1.644431950,-3.605338944,3.611989082,0.036594713
1609060386.678795099,1.652784702,-3.585764847,3.617521892,1.674413833,-3.574101532,3.610076531,0.025676557
1609060386.726828098,1.687407423,-3.551636315,3.616498625,1.703207324,-3.543777721,3.609370291,0.019031750
1609060386.777306080,1.721786421,-3.513215793,3.616265242,1.733399784,-3.511794066,3.607829309,0.014424162
1609060386.826637030,1.757713573,-3.476877924,3.615056482,1.762411781,-3.480483801,3.607187248,0.009848876
1609060386.879197121,1.791283006,-3.437188761,3.613586543,1.818887119,-3.417871745,3.605083517,0.034748174
1609060386.927596092,1.825352544,-3.400841502,3.612356897,1.848399636,-3.383942546,3.603368485,0.029958883
1609060386.977253199,1.857592122,-3.363759644,3.611079866,1.876550421,-3.350258176,3.602333483,0.024863747
1609060387.024797201,1.891706029,-3.325497195,3.609828792,1.905357162,-3.315529513,3.601534615,0.018828210
1609060387.077081203,1.923544823,-3.285152425,3.607082969,1.932391820,-3.282234559,3.600974432,0.011139906
1609060387.128638983,1.958664572,-3.242883056,3.605867492,1.960289894,-3.248117435,3.600472542,0.007690635
1609060387.178961039,1.989976441,-3.200959407,3.604193903,1.987603849,-3.212588256,3.599285002,0.012843544
1609060387.228384018,2.022344809,-3.159552280,3.602665053,2.043142011,-3.139247342,3.596958027,0.029620673
1609060387.279007196,2.051405897,-3.117084449,3.600966709,2.069903856,-3.102405538,3.595630281,0.024209965
1609060387.325957060,2.081654772,-3.076923965,3.598918034,2.094675767,-3.066673452,3.593902940,0.017313882
1609060387.378004074,2.107728204,-3.032002306,3.598429302,2.121636529,-3.028572812,3.592234829,0.015606871
1609060387.428513050,2.139130376,-2.986489250,3.596397533,2.147050238,-2.990191831,3.590462647,0.010566750
1609060387.478980064,2.164541898,-2.942833813,3.595317558,2.172680022,-2.949591707,3.589237782,0.012200896
1609060387.526018143,2.190365814,-2.900776034,3.594336210,2.216627874,-2.871601663,3.587369339,0.039866991
1609060387.578428984,2.215825800,-2.855323926,3.592394393,2.239332053,-2.830664958,3.586630990,0.034551779
1609060387.626721144,2.241180182,-2.811720250,3.590482646,2.260217339,-2.790335411,3.585427508,0.029073684
1609060387.678171158,2.261322919,-2.764524299,3.587491443,2.279956365,-2.750059407,3.584187240,0.023819240
1609060387.728655100,2.285280503,-2.718043206,3.584590998,2.299523538,-2.708676191,3.582646263,0.017157711
1609060387.779019117,2.306857069,-2.663423122,3.581740914,2.335235326,-2.625858578,3.578332674,0.047202082
1609060387.827759981,2.328537025,-2.615215652,3.578098914,2.351355947,-2.584567028,3.575550585,0.038295370
1609060387.878028154,2.345915273,-2.562198792,3.573682664,2.366754904,-2.542755674,3.573250981,0.028504586
1609060387.927401066,2.365423976,-2.510637650,3.569600081,2.380939024,-2.499423057,3.570483497,0.019164139
1609060387.978938103,2.377744436,-2.458857196,3.566448295,2.395443900,-2.455051349,3.568147552,0.018183591
1609060388.028403044,2.392733689,-2.407718153,3.563849821,2.407520080,-2.412453426,3.565291712,0.015592921
1609060388.080017090,2.404139196,-2.356871837,3.562340562,2.418562520,-2.369014510,3.562172453,0.018854841
1609060388.127521992,2.416475407,-2.307372540,3.559319924,2.438249639,-2.283334705,3.556590870,0.032548155
1609060388.177268982,2.425905459,-2.256466400,3.556898436,2.447355418,-2.240133094,3.553654297,0.027155148
1609060388.226025105,2.437075628,-2.205676249,3.553998448,2.456339649,-2.196353044,3.551542979,0.021541913
1609060388.279821157,2.445170963,-2.151832029,3.551269633,2.461196393,-2.154512246,3.547389592,0.016704871
1609060388.327994108,2.453119784,-2.103597160,3.549195110,2.468012016,-2.114168388,3.544978544,0.018743236
1609060388.378304005,2.457678073,-2.055432632,3.547620262,2.480309923,-2.023117502,3.539722042,0.040234938
1609060388.427662134,2.464882742,-2.006418138,3.545585983,2.483405882,-1.980877640,3.536727495,0.032770361
1609060388.479194164,2.466678401,-1.957950997,3.542279714,2.487366183,-1.940957230,3.534986254,0.027748279
1609060388.525289059,2.471819483,-1.912633952,3.541659949,2.490149307,-1.898126140,3.533358223,0.024806808
1609060388.588790178,2.473535241,-1.851274938,3.541505652,2.493778899,-1.814857089,3.531487022,0.042853685
1609060388.632841110,2.476334208,-1.808416005,3.541841160,2.495372105,-1.771266485,3.531182640,0.043082855
1609060388.684895992,2.476177659,-1.759652138,3.540289418,2.496257615,-1.729742659,3.530546057,0.037319092
1609060388.727123022,2.478073272,-1.718427427,3.540395745,2.496067849,-1.689466572,3.529351928,0.035839947
1609060388.777594090,2.478320594,-1.671668695,3.539488664,2.496002220,-1.647843327,3.528909470,0.031499324
1609060388.826026201,2.479899519,-1.626363967,3.539736675,2.496319809,-1.608911984,3.529072806,0.026228148
1609060388.879713058,2.478604275,-1.568416778,3.538949406,2.494857608,-1.569134433,3.528334425,0.019425852
1609060388.928493023,2.479809689,-1.520703071,3.539315175,2.493272984,-1.529060946,3.528356355,0.019266814
1609060388.978852034,2.476110416,-1.472956289,3.537955455,2.490272685,-1.446778124,3.528980195,0.031087321
1609060389.026794195,2.475988183,-1.426502423,3.538177824,2.487127478,-1.407571053,3.529079949,0.023775029
1609060389.078282118,2.470232760,-1.379482103,3.538598216,2.483989415,-1.368908137,3.529898068,0.019409968
1609060389.127646208,2.467831061,-1.333323697,3.539218726,2.481967267,-1.332057144,3.530630301,0.016589079
1609060389.177092075,2.463550722,-1.289565505,3.540469517,2.477957750,-1.294272042,3.531111384,0.017812597
1609060389.227483988,2.460204221,-1.243227320,3.542591962,2.469142848,-1.219703367,3.535183685,0.026232765
1609060389.277998209,2.453274920,-1.199445590,3.544802270,2.465066735,-1.182515038,3.536686726,0.022170985
1609060389.327522993,2.448981916,-1.154363116,3.546285748,2.460405461,-1.144387017,3.537510293,0.017522230
1609060389.378243208,2.440885095,-1.109727022,3.547075898,2.453938759,-1.104479062,3.538011276,0.016736386
1609060389.425644159,2.436349743,-1.066318025,3.546765081,2.449458665,-1.068306160,3.538360121,0.015698404
1609060389.480804205,2.425236531,-1.018732577,3.544290131,2.443637368,-1.028556821,3.538592319,0.021623405
1609060389.530208111,2.419552721,-0.973959968,3.544055833,2.430054209,-0.951871000,3.537962868,0.025205714
1609060389.578667164,2.411662259,-0.934107871,3.547562374,2.422929383,-0.913661744,3.538587465,0.025010821
1609060389.625934124,2.405572559,-0.892572765,3.548674218,2.416796052,-0.879063620,3.538976324,0.020062725
1609060389.678423166,2.393181762,-0.848154869,3.549448729,2.408812961,-0.840848080,3.539444196,0.019945281
1609060389.727277040,2.386384984,-0.804315066,3.550257002,2.401143650,-0.806133503,3.539442063,0.018387166
1609060389.779801130,2.371468164,-0.761501256,3.551280090,2.382977274,-0.725363482,3.539394201,0.039745097
1609060389.824541092,2.363711161,-0.721273657,3.552134171,2.374341012,-0.689962896,3.539213918,0.035500569
1609060389.877240181,2.350759385,-0.677558743,3.549982157,2.364396683,-0.651866225,3.538910562,0.031123329
1609060389.926560163,2.341598855,-0.634425163,3.550376466,2.355362312,-0.614141598,3.539074170,0.026992549
1609060389.978195190,2.328029837,-0.582504391,3.547778830,2.345447542,-0.577189881,3.538529059,0.020424954
1609060390.027326107,2.318548092,-0.536753662,3.546908801,2.324646729,-0.503072840,3.538349925,0.035282368
1609060390.076764107,2.302673695,-0.491468122,3.543970669,2.315361014,-0.466552583,3.538028578,0.028584271
1609060390.127235174,2.292050166,-0.443429558,3.541217659,2.304416062,-0.428608568,3.536479968,0.019875182
1609060390.177085161,2.276551736,-0.398812594,3.539344557,2.292974930,-0.391536744,3.534565175,0.018587678
1609060390.226591110,2.264783611,-0.353200492,3.536010624,2.281588373,-0.353040110,3.532662123,0.017135875
1609060390.280389071,2.249111805,-0.304426889,3.531393155,2.270467026,-0.314987946,3.530071114,0.023860620
1609060390.326570988,2.237942588,-0.261945417,3.527898137,2.246741773,-0.242240677,3.524830851,0.021797034
1609060390.378979206,2.221939976,-0.217009848,3.523984974,2.235012807,-0.204070402,3.522247070,0.018475618
1609060390.426268101,2.210268592,-0.173819328,3.519620487,2.223562176,-0.167638001,3.518642353,0.014693022
1609060390.477884054,2.194543653,-0.130229118,3.515329735,2.210603587,-0.130276165,3.513636281,0.016149039
1609060390.528004169,2.180845627,-0.086364842,3.509856174,2.186221161,-0.058122523,3.504026700,0.029334412
1609060390.577238083,2.163407078,-0.046793914,3.505101115,2.174123030,-0.023592317,3.499455133,0.026172941
1609060390.625013113,2.151353899,-0.004575798,3.499578476,2.160438397,0.013042841,3.494420111,0.020482999
1609060390.676635027,2.133387978,0.037175203,3.492246037,2.147209595,0.049302019,3.488845793,0.018699156
1609060390.726636171,2.120271641,0.081004851,3.485832860,2.134311649,0.086783208,3.483565988,0.015350894
1609060390.780335188,2.097559875,0.123393326,3.476690300,2.105397098,0.162159933,3.472537678,0.039768281
1609060390.825442076,2.084814708,0.162178370,3.471076385,2.091274434,0.196874403,3.466490193,0.035588986
1609060390.878334045,2.063925508,0.204797688,3.467348235,2.077631015,0.230117694,3.462026279,0.029279119
1609060390.928623199,2.048424279,0.247112663,3.461912641,2.061179588,0.270057506,3.456876784,0.026730574
1609060390.978664160,2.024964091,0.286751921,3.456542728,2.043378352,0.311812398,3.451938707,0.031437391
1609060391.025667191,2.009067250,0.326366723,3.452247298,2.026826383,0.348986030,3.446960751,0.029239826
1609060391.085714102,1.983077799,0.381218195,3.448333705,1.993473650,0.420492549,3.438767687,0.041737960
1609060391.125485182,1.968591266,0.415522462,3.445330729,1.976906656,0.454493306,3.435100250,0.041140432
1609060391.175955057,1.943404140,0.459575398,3.441074544,1.960028664,0.489411793,3.432679114,0.035171984
1609060391.225903988,1.923405971,0.502959241,3.438058959,1.941535418,0.523617197,3.431048272,0.028365079
1609060391.278138161,1.896377617,0.543955865,3.434602172,1.923026939,0.558312484,3.428376198,0.030904071
1609060391.328149080,1.874366302,0.586610956,3.432517166,1.904285768,0.592502415,3.426784236,0.031028217
1609060391.378519058,1.851044047,0.628747761,3.431068796,1.864604681,0.661542419,3.424593501,0.036073673
1609060391.420211077,1.832443333,0.664695758,3.429887801,1.843532683,0.695955606,3.423253202,0.033825577
1609060391.470527172,1.805017206,0.702825218,3.427316413,1.820488341,0.731209049,3.422716098,0.032652118
1609060391.521433115,1.779996253,0.746444508,3.425879117,1.797678309,0.765705004,3.420852145,0.026625031
1609060391.570142031,1.754303113,0.780194479,3.423246470,1.774204487,0.800049851,3.420301417,0.028266125
1609060391.619429111,1.730797800,0.818695401,3.422245388,1.751948241,0.831761374,3.419588399,0.025002408
1609060391.671687126,1.700703678,0.857246820,3.422508410,1.728466143,0.864278681,3.419208956,0.028828595
1609060391.722023010,1.675879729,0.896842023,3.421718867,1.681110070,0.927864948,3.419648523,0.031528791
1609060391.775783062,1.644428255,0.934225903,3.421773710,1.658519970,0.957679157,3.420453305,0.027392974
1609060391.826857090,1.618315764,0.973144586,3.421444573,1.631132596,0.991103139,3.420339179,0.022090783
1609060391.878179073,1.586594805,1.007648224,3.423789331,1.603833520,1.026856337,3.420535213,0.026013731
1609060391.928951025,1.559335432,1.045725705,3.424505178,1.577221235,1.057574433,3.421210073,0.021706036
1609060391.978355169,1.527396204,1.079352178,3.427451572,1.526878547,1.116799840,3.422285031,0.037805933
1609060392.025657177,1.501268517,1.113999747,3.428786491,1.503857720,1.144788439,3.422282047,0.031574599
1609060392.078227043,1.467181733,1.146937296,3.429233910,1.477818973,1.171911895,3.423488769,0.027746858
1609060392.128297091,1.438907776,1.182042626,3.430446852,1.453289738,1.199303706,3.424701272,0.023190459
1609060392.181913137,1.402381383,1.226227167,3.432959599,1.399331982,1.257368000,3.425969096,0.032061152
1609060392.225656033,1.376763668,1.258724997,3.434194091,1.372859943,1.284113606,3.426476475,0.026821300
1609060392.277301073,1.340578015,1.294043713,3.434435583,1.345674747,1.313052909,3.427497017,0.020867915
1609060392.326452017,1.309853285,1.330990215,3.436272947,1.317443786,1.341979586,3.429047430,0.015185192
1609060392.380200148,1.271785984,1.365860196,3.436863805,1.289769211,1.369908479,3.430732372,0.019426259
1609060392.427337170,1.241238496,1.398626889,3.438199050,1.236294964,1.422877532,3.431777071,0.025569005
1609060392.477635145,1.205621544,1.431922357,3.438633794,1.210851041,1.447682768,3.433124580,0.017495418
1609060392.527090073,1.172979596,1.465309818,3.439386881,1.182831939,1.474831451,3.433677946,0.014843251
1609060392.578356028,1.136361816,1.495417054,3.439184407,1.154180347,1.500444567,3.433669253,0.019318200
1609060392.627631187,1.103398999,1.527082181,3.440844949,1.125893044,1.526895759,3.435276236,0.023173852
1609060392.678007126,1.067801917,1.554828016,3.445442735,1.066970470,1.580042886,3.440517657,0.025704813
1609060392.726713181,1.035934654,1.584106847,3.449550116,1.038070221,1.604938546,3.443984052,0.021667980
1609060392.778137207,0.998159308,1.610355770,3.453962129,1.010750078,1.628683335,3.448088964,0.022998287
1609060392.825527191,0.966985808,1.638231922,3.458737831,0.982409866,1.653651083,3.452123488,0.022790384
1609060392.879384995,0.926742388,1.665977740,3.463773572,0.952964794,1.677779411,3.456366077,0.029694528
1609060392.928017139,0.895042209,1.692949028,3.468371842,0.899804983,1.720468544,3.463616576,0.028330555
1609060392.978950024,0.858949399,1.717282438,3.471972083,0.872637225,1.742579308,3.467126421,0.029167938
1609060393.025929213,0.828352331,1.742166999,3.475752243,0.845759111,1.762417962,3.470267480,0.027261330
1609060393.078571081,0.792859849,1.766008308,3.479230263,0.817762558,1.782062581,3.474762651,0.029964048
1609060393.127781153,0.761951783,1.790231785,3.483002726,0.789539904,1.804096870,3.478492772,0.031203921
1609060393.179360151,0.726611781,1.813062410,3.485071919,0.729634396,1.846752353,3.484827323,0.033826148
1609060393.225460052,0.698188218,1.834979482,3.488172701,0.702777694,1.864311494,3.488327333,0.029689293
1609060393.278164148,0.661241058,1.864176322,3.493180757,0.675633345,1.884195868,3.491818130,0.024693661
1609060393.326492071,0.631811406,1.887383105,3.496386788,0.648428717,1.902407483,3.494790404,0.022459194
1609060393.378987074,0.596814924,1.909036371,3.501652350,0.619258318,1.919989385,3.497945025,0.025247152
1609060393.427626133,0.567325747,1.931580986,3.505186500,0.565936893,1.953996858,3.504173898,0.022481673
1609060393.477944136,0.532030525,1.947359909,3.506792725,0.565937008,1.953994725,3.504169086,0.034649009
1609060393.526420116,0.502774232,1.966281262,3.510489570,0.511919333,1.984538670,3.510480509,0.020419743
1609060393.577835083,0.468674447,1.982896844,3.515401721,0.484190165,1.999827060,3.514271811,0.022992312
1609060393.627587080,0.437611571,2.001576608,3.519302301,0.460133986,2.014345953,3.517524180,0.025951437
1609060393.681843996,0.402497193,2.019071798,3.523915663,0.405087363,2.043094685,3.523175687,0.024173450
1609060393.726659060,0.374982474,2.034482475,3.527629518,0.380006459,2.054977614,3.525981473,0.021166180
1609060393.777696133,0.342347624,2.047971728,3.532043549,0.354244793,2.068484083,3.529149126,0.023888847
1609060393.825637102,0.313289697,2.064065232,3.535725734,0.328303651,2.081269581,3.532666179,0.023038431
1609060393.880216122,0.280165278,2.078366433,3.540347292,0.301356322,2.093710393,3.534883380,0.026727360
1609060393.929346085,0.251110355,2.092946624,3.543862270,0.273918946,2.105199625,3.537647527,0.026626883
1609060393.978819132,0.219506893,2.104131283,3.546549612,0.220665065,2.129383795,3.542593270,0.025586781
1609060394.025839090,0.191711614,2.117158491,3.549565966,0.193215754,2.139655732,3.545007581,0.023003633
1609060394.078690052,0.158435339,2.128062871,3.551797973,0.166283736,2.150408342,3.546410822,0.024288655
1609060394.127166986,0.129645788,2.140955703,3.554393984,0.139656415,2.161683942,3.548576892,0.023742601
1609060394.178130150,0.098702465,2.150612143,3.555513614,0.113566380,2.171057518,3.550850880,0.025703899
1609060394.227622032,0.069910759,2.162641420,3.558121498,0.058388046,2.190898020,3.554230615,0.030762759
1609060394.277701139,0.037081118,2.171887505,3.561286080,0.033303878,2.200531756,3.556613655,0.029267596
1609060394.327140093,0.007491677,2.183368694,3.564239007,0.005952082,2.210326457,3.558890353,0.027526341
1609060394.378655195,-0.030266342,2.196313610,3.567459095,-0.020693242,2.218190860,3.560702251,0.024817600
1609060394.428137064,-0.062365410,2.208550095,3.570177071,-0.049448468,2.227326913,3.562137538,0.024167134
1609060394.480125189,-0.099152923,2.219376855,3.571006223,-0.106217160,2.246517919,3.564710579,0.028743276
1609060394.526715040,-0.130289836,2.230852298,3.572695599,-0.134552503,2.253490591,3.565915706,0.024013113
1609060394.578184128,-0.167527179,2.240379937,3.571980496,-0.164133577,2.261640493,3.567020493,0.022093651
1609060394.625958204,-0.199424229,2.250739743,3.572703359,-0.192773175,2.270488364,3.567828169,0.021401216
1609060394.678415060,-0.234906759,2.259744871,3.573282163,-0.219252106,2.278031382,3.568078363,0.024628118
1609060394.727630138,-0.269583044,2.269627012,3.573219228,-0.250295528,2.284804137,3.567729627,0.025149337
1609060394.778980017,-0.306516327,2.276569915,3.572389274,-0.310616741,2.299864523,3.567183387,0.024218865
1609060394.825003147,-0.338944722,2.285207890,3.571843870,-0.338424966,2.306638486,3.566327817,0.022135208
1609060394.878548145,-0.376737578,2.291641060,3.570092788,-0.370573248,2.312378021,3.564844627,0.022261260
1609060394.926192045,-0.410420799,2.299766659,3.568145651,-0.400573020,2.317893601,3.563245152,0.021203293
1609060394.979655027,-0.448707241,2.306723849,3.565116230,-0.429814236,2.324179840,3.560064512,0.026214063
1609060395.028001070,-0.483019528,2.314905541,3.562174982,-0.494363757,2.335963887,3.554205340,0.025212311
1609060395.079689980,-0.521413968,2.319802210,3.560328910,-0.524853895,2.340122007,3.551015410,0.022615671
1609060395.126984119,-0.555574702,2.326939732,3.557728129,-0.558063264,2.346320630,3.548093155,0.021786346
1609060395.178426981,-0.595915373,2.330989005,3.554460649,-0.593669141,2.351540003,3.545058781,0.022710882
1609060395.228995085,-0.633780554,2.337930845,3.551168369,-0.625903269,2.355068018,3.541689219,0.021108970
1609060395.278118134,-0.671236492,2.340858546,3.546519277,-0.659766009,2.359212682,3.537833668,0.023321366
1609060395.330049992,-0.710427682,2.347318060,3.543470402,-0.726717621,2.368362724,3.531638943,0.029124275
1609060395.379475117,-0.748459953,2.350273066,3.539977576,-0.762629242,2.370736465,3.528655776,0.027344151
1609060395.425306082,-0.783259535,2.355374615,3.537587152,-0.796234335,2.374409475,3.526137854,0.025724653
1609060395.477863073,-0.829306825,2.360272628,3.531824907,-0.830103857,2.378614508,3.522404734,0.020634909
1609060395.528144121,-0.869946837,2.365559595,3.528864788,-0.864174240,2.380104480,3.520917828,0.017550803
1609060395.580636978,-0.916079876,2.367253402,3.524138401,-0.938008368,2.383754128,3.515690498,0.028714104
1609060395.628876209,-0.955971332,2.371341707,3.521358521,-0.972413786,2.386399076,3.513468666,0.023650126
1609060395.679280996,-0.998348376,2.370220542,3.516457338,-1.009772907,2.387209943,3.511824033,0.020991121
1609060395.726664066,-1.037373917,2.371621511,3.513585364,-1.045713195,2.387367174,3.509001218,0.018397931
1609060395.777697086,-1.081699128,2.369765140,3.511437107,-1.083558727,2.387457281,3.506895595,0.018360155
1609060395.827297211,-1.124617985,2.370314592,3.508813922,-1.116987504,2.388005752,3.505089551,0.019623260
1609060395.878175020,-1.168860321,2.368383889,3.506458177,-1.194038769,2.385360893,3.500951638,0.030862516
1609060395.926741123,-1.211663846,2.367579571,3.503128819,-1.231421880,2.384089220,3.499423516,0.026013028
1609060395.978080988,-1.257234053,2.363936697,3.496603443,-1.267818379,2.383294837,3.497005905,0.022066434
1609060396.025374174,-1.299003977,2.362083498,3.493629865,-1.304132709,2.380573230,3.495388339,0.019268272
1609060396.079258204,-1.347447411,2.356418455,3.491459074,-1.343326503,2.377317293,3.494079240,0.021461793
1609060396.127947092,-1.390950536,2.353340959,3.488446748,-1.380025257,2.374061735,3.490300804,0.023497867
1609060396.179615021,-1.437049053,2.346031773,3.487290212,-1.457607850,2.364802360,3.486249674,0.027858244
1609060396.226527214,-1.478781098,2.341720238,3.485613576,-1.497373333,2.359701870,3.484627037,0.025884041
1609060396.277954102,-1.523592416,2.332036146,3.485225316,-1.535574593,2.354651339,3.483154359,0.025677001
1609060396.329421043,-1.569167364,2.325214981,3.483862385,-1.570666890,2.349163394,3.480999755,0.024165466
1609060396.378897190,-1.612561983,2.319582534,3.482003891,-1.609120025,2.341570899,3.479590449,0.022386602
1609060396.428141117,-1.655579553,2.312395588,3.481307005,-1.685299003,2.324661401,3.476439453,0.032517518
1609060396.478668213,-1.699500581,2.298037335,3.480678086,-1.720688178,2.316777396,3.474343017,0.028986846
1609060396.527477026,-1.742006998,2.288365937,3.479981464,-1.762324488,2.305591626,3.473042299,0.027525928
1609060396.578049183,-1.794388896,2.276232868,3.478921852,-1.804750223,2.293479309,3.472155565,0.021226857
1609060396.627701998,-1.839659597,2.264741295,3.478679931,-1.840825096,2.282445315,3.471294628,0.019218049
1609060396.680634022,-1.888106885,2.246602148,3.478970513,-1.878176100,2.270869871,3.470129905,0.027671271
1609060396.727077007,-1.930155738,2.233565240,3.478799811,-1.956144735,2.243156028,3.468466413,0.029566709
1609060396.779548168,-1.977803726,2.213986155,3.476310544,-1.992151123,2.229202380,3.466629350,0.023045755
1609060396.826028109,-2.019136335,2.198539172,3.475661003,-2.028181034,2.214719744,3.465482615,0.021147507
1609060396.878423214,-2.067239658,2.178438744,3.473824214,-2.067998980,2.197125892,3.464259418,0.021006461
1609060396.928431988,-2.112088724,2.158580073,3.472510785,-2.142044792,2.162665288,3.462657496,0.031798464
1609060396.978091002,-2.155937698,2.135371374,3.469794021,-2.176581843,2.145372981,3.461220805,0.024489036
1609060397.067896128,-2.235971913,2.094321817,3.466174305,-2.251937954,2.104837773,3.458476464,0.020609623
1609060397.143000126,-2.302283632,2.054539445,3.464707158,-2.322990791,2.063200891,3.454910853,0.024490298
1609060397.190607071,-2.343042041,2.030490803,3.463338915,-2.360913804,2.039803778,3.453683674,0.022346254
1609060397.238964081,-2.384881684,2.004392781,3.461605477,-2.398070800,2.015432943,3.452146197,0.019629466
1609060397.285953045,-2.425891059,1.977222773,3.459496686,-2.433479178,1.991935735,3.451080042,0.018571233
1609060397.333422184,-2.466426202,1.950050583,3.458135292,-2.469728796,1.967007900,3.450341386,0.018952644
1609060397.386152983,-2.508156003,1.916621267,3.456409831,-2.540664720,1.915514890,3.447574028,0.033706263
1609060397.430253983,-2.544499923,1.889949298,3.455253487,-2.575161775,1.889146332,3.445959789,0.032049442
1609060397.477351189,-2.587638063,1.861063492,3.454793050,-2.610193035,1.861850697,3.444452561,0.024824830
1609060397.527691126,-2.630428204,1.828508231,3.453029942,-2.648270411,1.831797725,3.442754605,0.020850603
1609060397.579995155,-2.673286618,1.792322648,3.449241307,-2.684021634,1.802342110,3.440577348,0.017049762
1609060397.697091103,-2.777359338,1.709604338,3.445155692,-2.786411689,1.715809810,3.437251733,0.013524995
1609060397.745933056,-2.819740440,1.673399845,3.443228903,-2.823099435,1.683672389,3.434811846,0.013698718
1609060397.824478149,-2.889694259,1.608588225,3.439311718,-2.897666722,1.615755322,3.432215943,0.012856029
1609060397.878262997,-2.935721543,1.564798960,3.436592903,-2.938329343,1.577786469,3.431238325,0.014288020
1609060397.926575184,-2.976826303,1.525789510,3.435303787,-2.975094090,1.542112671,3.430336159,0.017150028
1609060397.980239153,-3.021078003,1.481135500,3.433915112,-3.011246735,1.506189430,3.429537880,0.027267442
1609060398.027523994,-3.061058165,1.440700190,3.433202102,-3.082490467,1.435328532,3.430044339,0.022319716
1609060398.078239202,-3.102859987,1.394497481,3.432648452,-3.117509248,1.398973716,3.430479892,0.015470623
1609060398.126496077,-3.143189423,1.352458729,3.432918363,-3.152529242,1.361734850,3.430355646,0.013410673
1609060398.178829193,-3.185833841,1.306855798,3.433909743,-3.184481911,1.327116814,3.430776344,0.020546403
1609060398.226239204,-3.224398049,1.265215511,3.434367593,-3.250387608,1.255171239,3.432125558,0.027953019
1609060398.277672052,-3.266019812,1.219379858,3.434684237,-3.284379509,1.217589850,3.433170750,0.018508734
1609060398.326209068,-3.305050786,1.176005730,3.435829412,-3.317289229,1.180208802,3.433640504,0.013123895
1609060398.377545118,-3.345850868,1.126935045,3.438674208,-3.351859805,1.140228587,3.435178049,0.015001624
1609060398.433663130,-3.389676446,1.075766645,3.441296005,-3.421399412,1.058849202,3.438486412,0.036061617
1609060398.484022141,-3.428186603,1.028537186,3.442043106,-3.452739964,1.021219549,3.440592000,0.025661666
1609060398.527798176,-3.461974067,0.987803977,3.443783859,-3.486030177,0.979960817,3.441821502,0.025378386
1609060398.578746080,-3.500537462,0.937561679,3.446407104,-3.518669857,0.940086813,3.443954820,0.018470889
1609060398.628152132,-3.537910848,0.890857064,3.448190329,-3.551841540,0.898370941,3.445268280,0.016095369
1609060398.678184032,-3.575332900,0.843813504,3.449959984,-3.583204684,0.858222662,3.447383798,0.016620035
1609060398.726467133,-3.611377045,0.797758489,3.451749756,-3.648897426,0.773869633,3.449401363,0.044541793
1609060398.774976015,-3.653303817,0.745780417,3.454783803,-3.680871589,0.731153660,3.451126342,0.031421348
1609060398.825124025,-3.691559398,0.696143831,3.456930408,-3.710646508,0.690172307,3.452752111,0.020431227
1609060398.878898144,-3.734508975,0.637286756,3.457711738,-3.739277238,0.650560493,3.453244031,0.014794892
1609060398.929849148,-3.773417173,0.584472307,3.459781886,-3.801102044,0.563809196,3.455155015,0.034854328
1609060398.978372097,-3.808116588,0.531095474,3.459385333,-3.831316811,0.520888850,3.455336374,0.025667481
1609060399.025608063,-3.842402486,0.480974035,3.459797997,-3.860297576,0.477177876,3.455706452,0.018745288
1609060399.079013109,-3.880312339,0.421812405,3.458999511,-3.890493147,0.431176173,3.455814428,0.014194145
1609060399.128398180,-3.914540212,0.368573749,3.458494480,-3.917501121,0.388658527,3.454891783,0.020619037
1609060399.178855181,-3.948502291,0.314515339,3.457740839,-3.974076838,0.297755135,3.454248049,0.030775989
1609060399.226141214,-3.980071460,0.263802097,3.457310535,-3.999204819,0.256549412,3.453972696,0.020732295
1609060399.278860092,-4.014305624,0.208122671,3.455903106,-4.026326754,0.210945074,3.453258728,0.012627995
1609060399.326719999,-4.043216769,0.157566411,3.455927939,-4.051861689,0.165622164,3.453193101,0.012128856
1609060399.378432035,-4.072188234,0.102540313,3.456869250,-4.079156575,0.117997378,3.452678932,0.017465320
1609060399.471894026,-4.122823652,0.004884598,3.456376312,-4.126477002,0.027909356,3.451951968,0.023728912
1609060399.544891119,-4.159870316,-0.072216395,3.453831307,-4.169692295,-0.059772946,3.450424417,0.016214735
1609060399.593710184,-4.183144617,-0.122872885,3.452415574,-4.190379297,-0.102665531,3.449271291,0.021692494
1609060399.632601023,-4.200830506,-0.162331531,3.451530477,-4.211588543,-0.147740905,3.448103867,0.018448941
1609060399.681473017,-4.222024580,-0.212857349,3.448239839,-4.247713958,-0.232079711,3.446204676,0.032149420
1609060399.727986097,-4.240831868,-0.259787015,3.447192719,-4.265049713,-0.273438252,3.445007450,0.027886121
1609060399.779188156,-4.261699809,-0.310290720,3.444137832,-4.279902759,-0.313162531,3.444988294,0.018447709
1609060399.827403069,-4.278981896,-0.357199963,3.443737117,-4.296510665,-0.354417933,3.444685072,0.017773465
1609060399.879662991,-4.300934737,-0.416138894,3.443177440,-4.310386889,-0.396133813,3.445410569,0.022238105
1609060399.926999092,-4.316318302,-0.463627038,3.443284876,-4.338541748,-0.481734625,3.446053493,0.028799853
1609060399.977424145,-4.332662825,-0.516443424,3.444272905,-4.350508010,-0.521264273,3.446268467,0.018592297
1609060400.026029110,-4.346277907,-0.565176013,3.444089025,-4.363313211,-0.563567667,3.446673513,0.017305142
1609060400.078128099,-4.358131203,-0.612562330,3.443254742,-4.373012557,-0.603017734,3.447031515,0.018078109
1609060400.129971981,-4.368742412,-0.659944998,3.443907679,-4.382564616,-0.642795595,3.447132350,0.022261039
1609060400.179473162,-4.378050395,-0.706703357,3.444954877,-4.398903018,-0.725335649,3.446762840,0.028022543
1609060400.227545977,-4.386025306,-0.750417664,3.444949416,-4.405642600,-0.762548956,3.446576592,0.023122590
1609060400.278501987,-4.394315844,-0.794681662,3.444730917,-4.411701530,-0.798645351,3.446112898,0.017885267
1609060400.328487158,-4.401056999,-0.836238824,3.445773772,-4.416868957,-0.832872471,3.445653044,0.016166784
1609060400.381268978,-4.406305456,-0.876534977,3.448750475,-4.421442698,-0.865175081,3.444686003,0.019357254
1609060400.428768158,-4.409572008,-0.910079306,3.447977891,-4.425184629,-0.896628550,3.443468146,0.021095368
1609060400.479042053,-4.411673967,-0.943756763,3.444743263,-4.428901321,-0.955885511,3.439982319,0.021599880
1609060400.529211998,-4.412569218,-0.975367321,3.442338255,-4.429243757,-0.981446411,3.437437676,0.018412259
1609060400.578112125,-4.414548224,-1.004716889,3.439834583,-4.429364328,-1.005410825,3.434335307,0.015818992
1609060400.626744986,-4.414125863,-1.029962834,3.437316801,-4.428406001,-1.027307220,3.431803524,0.015536114
1609060400.680422068,-4.414384507,-1.055464481,3.433798786,-4.427251840,-1.048595934,3.429035551,0.015343846
1609060400.728835106,-4.412430535,-1.076056399,3.431584880,-4.425667140,-1.068161318,3.426422448,0.016253944
1609060400.779316187,-4.409745425,-1.096298643,3.428374477,-4.419836540,-1.100997335,3.421512010,0.013076764
1609060400.825790167,-4.406799474,-1.110572761,3.426470079,-4.416497297,-1.114051207,3.419226422,0.012594360
1609060400.879508018,-4.403464868,-1.125533713,3.419709018,-4.412829189,-1.125366209,3.417282057,0.009675159
1609060400.927040100,-4.398668314,-1.136400331,3.417157410,-4.407908758,-1.135572262,3.415653543,0.009398570
1609060400.978569984,-4.396249663,-1.153564665,3.418918667,-4.403031139,-1.144823330,3.414297512,0.011989763
1609060401.028685093,-4.390600701,-1.163303241,3.417570733,-4.391226775,-1.159905409,3.411451096,0.007027602
1609060401.079002142,-4.382325444,-1.173594503,3.416766846,-4.384845500,-1.166497762,3.410509488,0.009791269
1609060401.127573013,-4.374861411,-1.182939245,3.415268933,-4.377680883,-1.172660058,3.409631786,0.012057718
1609060401.169844151,-4.368195730,-1.187031646,3.412250130,-4.369988570,-1.177949011,3.408730089,0.009904505
1609060401.221971035,-4.359151917,-1.193073806,3.410876151,-4.362320545,-1.182239496,3.407876031,0.011680035
1609060401.271665096,-4.346933103,-1.197296784,3.411163781,-4.354010928,-1.186050023,3.406871143,0.013964669
1609060401.327571154,-4.334844566,-1.203002329,3.410905393,-4.336220826,-1.194462634,3.407149273,0.009430214
1609060401.378626108,-4.325041359,-1.206731745,3.411393021,-4.326900328,-1.197190224,3.407372220,0.010519660
1609060401.426519156,-4.313367459,-1.210023172,3.412386098,-4.316288638,-1.200436089,3.408551565,0.010730754
1609060401.480786085,-4.299574911,-1.213181962,3.413152284,-4.305714835,-1.203432848,3.408626620,0.012378430
1609060401.529177189,-4.285554698,-1.216367876,3.414621683,-4.283346545,-1.209700035,3.411160858,0.007830285
1609060401.579622984,-4.270565065,-1.218245726,3.417360444,-4.272202640,-1.212960794,3.411427739,0.008112284
1609060401.625693083,-4.256269322,-1.220597065,3.418845167,-4.259487862,-1.214645167,3.412661578,0.009166290
1609060401.678419113,-4.241567071,-1.221437694,3.418669108,-4.246847691,-1.215598083,3.413241026,0.009562954
1609060401.727393150,-4.227058740,-1.218689982,3.420348174,-4.235515013,-1.213628762,3.414529393,0.011444768
1609060401.778926134,-4.212503894,-1.214300291,3.422830021,-4.211614181,-1.206915593,3.416302952,0.009895858
1609060401.830302000,-4.196673269,-1.209714311,3.424380935,-4.199002694,-1.202679517,3.417662288,0.010002737
1609060401.879027128,-4.182494412,-1.205102737,3.425240015,-4.186739951,-1.197305086,3.419073376,0.010809968
1609060401.925945044,-4.168199761,-1.196704151,3.425975203,-4.174713184,-1.190468945,3.420150062,0.010734745
1609060401.979689121,-4.152241342,-1.184953404,3.429869994,-4.161591807,-1.180036250,3.420882330,0.013870390
1609060402.027944088,-4.138066324,-1.170082868,3.431195756,-4.139206953,-1.155086547,3.423039331,0.017109002
1609060402.077647209,-4.123557168,-1.150146225,3.433502079,-4.127443335,-1.138088929,3.424002002,0.015834523
1609060402.128281116,-4.109501392,-1.128023288,3.435446397,-4.115723031,-1.117369672,3.424873562,0.016247867
1609060402.178361177,-4.095884697,-1.100812674,3.438437647,-4.105341131,-1.095957156,3.425789565,0.016521930
1609060402.225638151,-4.082536882,-1.074851035,3.440648179,-4.095129930,-1.073835601,3.427307241,0.018373802
1609060402.278110027,-4.069099788,-1.048219924,3.439665319,-4.071441841,-1.024761700,3.430853175,0.025167983
1609060402.327462196,-4.055952131,-1.017023328,3.440764856,-4.062771173,-0.997223070,3.431036469,0.023090930
1609060402.377845049,-4.044520923,-0.981845730,3.441007320,-4.053918580,-0.970758060,3.433277316,0.016462240
1609060402.425198078,-4.033700993,-0.948482151,3.442102344,-4.043049378,-0.937153000,3.435701940,0.016022082
1609060402.478965998,-4.027088272,-0.909175307,3.442662422,-4.033820351,-0.903288907,3.437020663,0.010573554
1609060402.526862144,-4.019613331,-0.871900991,3.442898628,-4.027324431,-0.870478569,3.437573468,0.009478485
1609060402.579752207,-4.012202366,-0.830779167,3.443534931,-4.014702753,-0.799884992,3.438465725,0.031406987
1609060402.628553152,-4.006632075,-0.791061495,3.443639555,-4.009579352,-0.765100000,3.439002806,0.026536486
1609060402.678928137,-4.001850325,-0.750253230,3.443733604,-4.006589890,-0.732062113,3.438313018,0.019564329
1609060402.729631186,-3.997987197,-0.709514329,3.443002650,-4.003294751,-0.697160049,3.437519538,0.014521118
1609060402.777162075,-3.996266215,-0.672016026,3.442059586,-4.001564888,-0.664754812,3.436379796,0.010633023
1609060402.827563047,-3.994343203,-0.632170663,3.441847054,-3.998939247,-0.598003049,3.435853359,0.034992482
1609060402.879329205,-3.993310658,-0.591578864,3.443323064,-3.998386779,-0.566647337,3.434710110,0.026861329
1609060402.968847036,-3.994877498,-0.525148899,3.440922954,-3.999784486,-0.499536591,3.433774874,0.027040042
1609060403.036223173,-4.000830002,-0.476176144,3.440003509,-4.010445139,-0.437376235,3.431847548,0.040797102
1609060403.130094051,-4.015940273,-0.411221774,3.436506381,-4.027179808,-0.377050223,3.427821227,0.037006134
1609060403.172846079,-4.029180453,-0.379829223,3.433666653,-4.037755225,-0.350366110,3.425199927,0.031832172
1609060403.219709158,-4.041727052,-0.349327444,3.430871469,-4.049685318,-0.322317034,3.421998192,0.029523402
1609060403.290386200,-4.063834376,-0.300914534,3.426020936,-4.076260817,-0.270441399,3.415593948,0.034521739
1609060403.333377123,-4.078820610,-0.273651596,3.423281895,-4.090561741,-0.246691494,3.413335436,0.031042444
1609060403.376505136,-4.097229862,-0.249586482,3.418682307,-4.108065650,-0.221059114,3.410423018,0.031613934
1609060403.426532984,-4.119081989,-0.219778681,3.414779714,-4.127233511,-0.197225041,3.406961181,0.025223866
1609060403.479250193,-4.143438215,-0.189760847,3.410179897,-4.146854035,-0.174651989,3.404524892,0.016490133
1609060403.529406071,-4.167760357,-0.161658971,3.406832662,-4.169133129,-0.150258161,3.401801581,0.012536935
1609060403.586101055,-4.195033245,-0.130195522,3.403672454,-4.214534946,-0.103441026,3.396902748,0.033792727
1609060403.673426151,-4.241375497,-0.083628367,3.399568189,-4.260174799,-0.060839287,3.393474944,0.030164276
1609060403.719946146,-4.267181272,-0.060150029,3.397725674,-4.284325877,-0.039145661,3.391851186,0.027742217
1609060403.767722130,-4.295156841,-0.038545681,3.395545163,-4.309951331,-0.021936185,3.390406446,0.022828902
1609060403.816894054,-4.323330558,-0.015721207,3.393636923,-4.335405918,0.001222472,3.389173323,0.021279716
1609060403.884765148,-4.361833422,0.017019610,3.391660929,-4.389028272,0.041513919,3.387008767,0.036894086
1609060403.930885077,-4.388686954,0.038271293,3.390616073,-4.415808265,0.061528791,3.386473952,0.035967123
1609060403.979072094,-4.418339436,0.059766433,3.393578949,-4.441282033,0.080960008,3.386229950,0.032086417
1609060404.027512074,-4.446644827,0.083219369,3.394131324,-4.467578733,0.102445450,3.386474033,0.029436452
1609060404.078886032,-4.476190732,0.108763841,3.394666766,-4.493536644,0.123507789,3.385863205,0.024408346
1609060404.128934145,-4.503973710,0.132664965,3.394930796,-4.518539360,0.142746892,3.386447740,0.019640918
1609060404.179248095,-4.531613364,0.156174745,3.390283162,-4.564014117,0.183831750,3.386104422,0.042803978
1609060404.229568005,-4.558287121,0.181711657,3.389681616,-4.588078801,0.206272764,3.385407332,0.038846643
1609060404.280018091,-4.587088186,0.208879111,3.392591144,-4.610747053,0.228507973,3.384759726,0.031723261
1609060404.326958179,-4.610893863,0.233501374,3.392528823,-4.634033984,0.251218510,3.384157186,0.030322375
1609060404.377541065,-4.638218423,0.261851647,3.391876540,-4.655622398,0.274504731,3.384114160,0.022874733
1609060404.427803040,-4.661365740,0.288940043,3.391370571,-4.675741354,0.297316552,3.383445027,0.018429282
1609060404.481217146,-4.685806253,0.319069367,3.389109529,-4.713922327,0.345204064,3.381532527,0.039127318
1609060404.527707100,-4.705749374,0.345326272,3.388020273,-4.730028932,0.367221499,3.381224799,0.033392760
1609060404.571979046,-4.724239019,0.369619121,3.386867474,-4.746929920,0.391605784,3.380860447,0.032161696
1609060404.622480154,-4.743477200,0.399163346,3.386260008,-4.761497981,0.414466550,3.381085727,0.024201441
1609060404.672170162,-4.761979736,0.430307709,3.386550361,-4.776940342,0.439982977,3.381130321,0.018622765
1609060404.724748135,-4.780618782,0.462178951,3.386326302,-4.804756028,0.489999393,3.381321589,0.037170295
1609060404.777429104,-4.799091420,0.495434619,3.384432558,-4.817939917,0.517717139,3.381758443,0.029307465
1609060404.828528166,-4.813876364,0.527057309,3.385263510,-4.828646474,0.540685958,3.382768756,0.020251420
1609060404.878906012,-4.828184304,0.558033173,3.388269735,-4.840092325,0.567524408,3.383011082,0.016110181
1609060404.928469181,-4.840403077,0.589065362,3.388840030,-4.848750604,0.591703842,3.383876148,0.010063941
1609060404.978840113,-4.849953809,0.619332252,3.387430419,-4.866208488,0.644932813,3.384760026,0.030442311
1609060405.026875019,-4.859311706,0.650754881,3.387318265,-4.874323968,0.674298288,3.384546737,0.028059604
1609060405.079665184,-4.869013285,0.686233403,3.388477715,-4.882071775,0.702768820,3.384737974,0.021399295
1609060405.127121210,-4.876131191,0.717378985,3.388474513,-4.888130236,0.731767013,3.384567287,0.019137890
1609060405.180289030,-4.885640940,0.751322084,3.388600010,-4.894731192,0.760675200,3.384589266,0.013645494
1609060405.228845119,-4.892089978,0.784054339,3.388974334,-4.900996393,0.789972123,3.383995089,0.011795646
1609060405.281080008,-4.900166333,0.818673569,3.385029780,-4.910288928,0.851082551,3.383674409,0.033980083
1609060405.325997114,-4.905426305,0.849526051,3.383676273,-4.916017947,0.882210462,3.382284520,0.034385906
1609060405.378040075,-4.910900090,0.889042069,3.379884717,-4.920054141,0.913034701,3.380825906,0.025696865
1609060405.427482128,-4.915699609,0.925350315,3.376022096,-4.923778431,0.945421917,3.378941311,0.021832508
1609060405.480834007,-4.921512446,0.968742741,3.371711462,-4.928585614,0.976465610,3.375564401,0.011158744
1609060405.528052092,-4.925792690,1.004003545,3.367193025,-4.937346651,1.037431548,3.369970580,0.035477319
1609060405.577284098,-4.930695972,1.044238804,3.365850167,-4.941328983,1.070228773,3.367175309,0.028112194
1609060405.626881123,-4.937213803,1.085435551,3.362306799,-4.945905352,1.105248336,3.364305328,0.021727484
1609060405.678483009,-4.946662247,1.126629125,3.358448013,-4.951752903,1.138998125,3.361280519,0.013672236
1609060405.728350163,-4.953881745,1.167928828,3.354295506,-4.957110214,1.171267954,3.357800027,0.005818457
1609060405.780021191,-4.962090889,1.209839873,3.350414826,-4.968663755,1.238279619,3.350308871,0.029189604
1609060405.825129032,-4.970426469,1.246312305,3.345888527,-4.977456984,1.271137361,3.345358633,0.025806827
1609060405.879862070,-4.979664962,1.288222644,3.338414129,-4.985221059,1.303628664,3.340779490,0.016547223
1609060405.927932024,-4.988910593,1.327356534,3.334372900,-4.992859770,1.338746112,3.336900235,0.012316896
1609060405.978623152,-4.999506829,1.368428085,3.330903048,-5.000765494,1.372575224,3.332525446,0.004627654
1609060406.030205011,-5.012386912,1.410200107,3.325603506,-5.011129491,1.406599861,3.327593533,0.004301521
1609060406.079104185,-5.025905423,1.447003825,3.315909741,-5.035263960,1.470966464,3.316439318,0.025730735
1609060406.128489017,-5.040830052,1.484206919,3.308405353,-5.047961556,1.504027310,3.310043115,0.021127908
1609060406.177798986,-5.056195343,1.520991709,3.300372393,-5.062702906,1.536828260,3.303432197,0.017392732
1609060406.227044106,-5.073498801,1.557219100,3.292601910,-5.076851652,1.567351285,3.296798240,0.011467867
1609060406.280534029,-5.094562133,1.594028499,3.289150660,-5.093096241,1.600174926,3.290225278,0.006409540
1609060406.329967022,-5.114537609,1.627796097,3.283136560,-5.130363751,1.661111248,3.278551690,0.037167016
1609060406.378149986,-5.134884770,1.662049899,3.276123019,-5.149266502,1.688983738,3.273355724,0.030658177
1609060406.428543091,-5.158796657,1.695877356,3.270685253,-5.171520027,1.718707444,3.267974398,0.026276335
1609060406.480351210,-5.187766679,1.733826352,3.267750133,-5.193102693,1.745316012,3.263272531,0.013436304
1609060406.530244112,-5.215302871,1.765297961,3.264249350,-5.238683296,1.798298680,3.254349977,0.041637595
1609060406.578059196,-5.242508414,1.795652136,3.258911083,-5.260534521,1.822390728,3.251193659,0.033157977
1609060406.621797085,-5.267266836,1.822538762,3.255749262,-5.285687783,1.847737072,3.247376093,0.032317117
1609060406.670320034,-5.298183094,1.851563876,3.250526612,-5.312735616,1.871432221,3.243914818,0.025499860
1609060406.728110075,-5.335682751,1.883754128,3.245357712,-5.341216205,1.895887609,3.241060826,0.014010843
1609060406.779551983,-5.371474150,1.913633613,3.239648789,-5.368379952,1.919714113,3.238686529,0.006890028
1609060406.824823141,-5.401766785,1.938158809,3.237278471,-5.424739830,1.963734917,3.234139650,0.034521736
1609060406.878969193,-5.437988228,1.966477766,3.237415838,-5.451928441,1.984139435,3.233619171,0.022818387
1609060406.927206039,-5.470012028,1.991724001,3.235978657,-5.480224011,2.006372946,3.232202605,0.018251980
1609060406.980704069,-5.504293713,2.019758059,3.234529483,-5.507430190,2.027245513,3.231565480,0.008642035
1609060407.027716160,-5.534405899,2.042956666,3.232864947,-5.563415554,2.068366326,3.228798690,0.038778156
1609060407.079115152,-5.569649653,2.067950908,3.231276143,-5.592787187,2.088664260,3.227226119,0.031317585
1609060407.127367020,-5.601867523,2.092138464,3.229802286,-5.621257585,2.108585153,3.225930003,0.025718916
1609060407.177980185,-5.637048186,2.115458873,3.225323093,-5.651332130,2.129263871,3.224669684,0.019875511
1609060407.227697134,-5.669767413,2.139298850,3.223209739,-5.678667159,2.149298897,3.223125995,0.013387061
1609060407.280601978,-5.701990566,2.163197369,3.221992767,-5.733798819,2.189266897,3.219188798,0.041221930
1609060407.327654123,-5.731803266,2.185379455,3.219037500,-5.761771782,2.209109678,3.215727118,0.038369180
1609060407.378270149,-5.764790703,2.209467034,3.214176360,-5.787626004,2.227476236,3.212160492,0.029152119
1609060407.428651094,-5.794706254,2.232593653,3.208804141,-5.812437499,2.246020677,3.208030771,0.022254891
1609060407.481408119,-5.826090300,2.254443178,3.202201943,-5.837624346,2.266541310,3.202610716,0.016720231
1609060407.527852058,-5.852653020,2.276136864,3.196759803,-5.888118244,2.305519001,3.192290747,0.046271638
1609060407.578287125,-5.885883865,2.300531557,3.184701742,-5.913013302,2.325686420,3.187387745,0.037094313
1609060407.625300169,-5.913198354,2.322382375,3.178193659,-5.936303592,2.344866431,3.182854141,0.032574605
1609060407.681172132,-5.947557222,2.352840661,3.171126579,-5.962095751,2.365624670,3.177563950,0.020401947
1609060407.728523016,-5.975550299,2.377652063,3.165528106,-5.986885100,2.387628692,3.173488718,0.017069919
1609060407.779933214,-6.009343735,2.406611403,3.162571490,-6.038366670,2.430070916,3.164162334,0.037352514
1609060407.826332092,-6.038856233,2.431804696,3.158035267,-6.063224835,2.449893805,3.161159779,0.030509134
1609060407.879067183,-6.071742630,2.459138978,3.153136200,-6.089315578,2.473775290,3.156644736,0.023137414
1609060407.927498102,-6.102052039,2.486727784,3.149280725,-6.118331048,2.498319845,3.152829948,0.020297265
1609060407.977844000,-6.133982816,2.513508232,3.144861410,-6.146100066,2.523450317,3.149262014,0.016279991
1609060408.026247978,-6.163783838,2.538537884,3.141088638,-6.172948903,2.545311123,3.145317229,0.012155500
1609060408.080068111,-6.198654350,2.566473010,3.135378336,-6.226026967,2.588980424,3.139214202,0.035644883
1609060408.129019022,-6.230500265,2.592160002,3.132026547,-6.251462730,2.609626966,3.136697290,0.027682768
1609060408.178281069,-6.262810575,2.616843549,3.129303276,-6.277666828,2.630686350,3.134071326,0.020858228
1609060408.225942135,-6.294025069,2.641418219,3.126052786,-6.306603188,2.654550454,3.130489766,0.018717678
1609060408.279213190,-6.327590527,2.667270440,3.125866853,-6.337786167,2.678065475,3.128097626,0.015015332
1609060408.328937054,-6.360649698,2.692255658,3.123814264,-6.366294200,2.701039791,3.125723531,0.010614457
1609060408.380493164,-6.393505050,2.718255976,3.123631257,-6.423366729,2.744613754,3.121631531,0.039880462
1609060408.428739071,-6.424178129,2.742144732,3.122367543,-6.449945869,2.765452127,3.119557336,0.034858405
1609060408.479394197,-6.456986738,2.765071326,3.117949360,-6.476059599,2.785988954,3.116895597,0.028327224
1609060408.527713060,-6.486546934,2.787578430,3.114749077,-6.503378329,2.806696823,3.113186364,0.025519617
1609060408.579924107,-6.517385661,2.812303636,3.110905814,-6.531505124,2.827133102,3.110353296,0.020483592
1609060408.628437996,-6.546157998,2.834189789,3.109444803,-6.557415999,2.846757298,3.109568086,0.016873057
1609060408.681055069,-6.576194354,2.857312632,3.110411104,-6.582794858,2.865024819,3.109981177,0.010160184
1609060408.727375984,-6.602885389,2.876413038,3.114976876,-6.633230136,2.898883356,3.119173239,0.037991161
1609060408.778818130,-6.635801475,2.898269783,3.125419277,-6.656962401,2.915823432,3.126706219,0.027524019
1609060408.827222109,-6.662607229,2.916763576,3.134705138,-6.680223255,2.931474342,3.135410274,0.022961451
1609060408.878816128,-6.691533334,2.938173710,3.145142353,-6.702481243,2.947167003,3.143612393,0.014250502
1609060408.928865194,-6.718594316,2.957553436,3.155403486,-6.723903034,2.963157463,3.151873866,0.008487982
1609060408.979489088,-6.746475462,2.976537402,3.167393770,-6.769146314,2.992935079,3.169215655,0.028038734
1609060409.026559114,-6.772165228,2.993275249,3.177469595,-6.791638032,3.007752503,3.178743291,0.024298215
1609060409.079119205,-6.801466660,3.012269537,3.187402505,-6.813870670,3.022184125,3.188490096,0.015916700
1609060409.129620075,-6.827238656,3.030655307,3.198699644,-6.835948577,3.036958089,3.197517062,0.010816019
1609060409.179974079,-6.854313445,3.049831905,3.209430945,-6.858609976,3.052069021,3.206560369,0.005630726
1609060409.227297068,-6.881219764,3.067895786,3.219008532,-6.903846950,3.082189643,3.220670293,0.026815394
1609060409.280170202,-6.911001657,3.085534145,3.231345358,-6.927387957,3.096985893,3.227347720,0.020387116
1609060409.327556133,-6.937679650,3.102982669,3.239493154,-6.951736137,3.113318122,3.233138758,0.018568380
1609060409.378501177,-6.968675889,3.123642339,3.245275276,-6.978315963,3.131276224,3.240273470,0.013274988
1609060409.429986000,-7.000714340,3.143645196,3.252776459,-7.004722420,3.147678654,3.245486713,0.009245208
1609060409.481420994,-7.032708437,3.165607997,3.258767537,-7.033066783,3.165772052,3.250727319,0.008049871
1609060409.528619051,-7.063533083,3.185437824,3.264072761,-7.089180742,3.202535543,3.259033863,0.031233394
1609060409.578970194,-7.098296365,3.206893429,3.266492248,-7.121133372,3.221162893,3.261807630,0.027332986
1609060409.628424168,-7.134184520,3.229205369,3.268282565,-7.152734609,3.240158063,3.263846425,0.021994241
1609060409.680056095,-7.172621242,3.252255526,3.272098511,-7.185814859,3.261052586,3.265834367,0.017049906
1609060409.729544163,-7.210591242,3.275942274,3.273646546,-7.220417118,3.281777866,3.268471085,0.012545412
1609060409.781149149,-7.256434958,3.303077335,3.280938153,-7.289729631,3.323050794,3.270537568,0.040195105
1609060409.829326153,-7.296580702,3.327055316,3.284215111,-7.325848084,3.346346740,3.272284022,0.037028227
1609060409.878853083,-7.342337870,3.355446763,3.286023110,-7.360631888,3.368405922,3.274030012,0.025425288
1609060409.927361012,-7.386068272,3.382911295,3.289264563,-7.399310881,3.391227030,3.276189855,0.020382986
1609060409.980737209,-7.430653020,3.412883810,3.290591019,-7.436118839,3.414549071,3.278453783,0.013414946
1609060410.028295040,-7.473930887,3.439958010,3.292228161,-7.511405847,3.461954158,3.282356924,0.044560571
1609060410.078970194,-7.522384920,3.469953927,3.292848259,-7.551601892,3.485580779,3.283740177,0.034362584
1609060410.128543139,-7.569551794,3.498266640,3.294104931,-7.590299923,3.508848998,3.285549804,0.024812524
1609060410.179124117,-7.619896053,3.527541256,3.295049724,-7.631817139,3.534098334,3.287257931,0.015678635
1609060410.228488207,-7.668430268,3.556649834,3.295992972,-7.672476268,3.556881296,3.288971447,0.008107126
1609060410.279890060,-7.716956977,3.586300556,3.296334597,-7.715593526,3.582827181,3.289759814,0.007559835
1609060410.329349995,-7.764084748,3.615717838,3.297676284,-7.795583176,3.634384330,3.292179142,0.037024417
1609060410.377452135,-7.810485396,3.644260900,3.299151878,-7.833840081,3.657581047,3.293491204,0.027475641
1609060410.427040100,-7.856449418,3.673871008,3.300406050,-7.874911812,3.682738301,3.294341723,0.021360359
1609060410.481698990,-7.908379720,3.708220529,3.303323888,-7.913724946,3.709000319,3.295267355,0.009699858
1609060410.527576208,-7.949501185,3.736916000,3.304637961,-7.952092610,3.736517150,3.295382032,0.009620125
1609060410.578217983,-7.995938552,3.768630000,3.301933658,-7.993897067,3.765899529,3.295706903,0.007098988
1609060410.627376080,-8.040572097,3.801439845,3.302127512,-8.074512376,3.823435100,3.297940019,0.040660409
1609060410.679148197,-8.087221437,3.835982117,3.306633413,-8.113471599,3.853113912,3.298560368,0.032368865
1609060410.726834059,-8.129705688,3.869380857,3.307607554,-8.153757664,3.883262601,3.299065795,0.029054467
1609060410.779208183,-8.177429514,3.903376277,3.308114729,-8.192296729,3.913573640,3.299098139,0.020157360
1609060410.828528166,-8.220269820,3.937302571,3.309857627,-8.230586261,3.944176375,3.300923532,0.015280582
1609060410.879283190,-8.269479745,3.977809496,3.314188566,-8.307347926,4.008860388,3.302188325,0.050419866
1609060410.928606033,-8.313411902,4.015808812,3.316870845,-8.344833882,4.042261987,3.304494531,0.042898537
1609060410.978766203,-8.359948328,4.056249498,3.316668953,-8.381844754,4.074291528,3.306239896,0.030228026
1609060411.025828123,-8.401886957,4.093941039,3.318378259,-8.418739799,4.108837422,3.307518514,0.024977082
1609060411.080110073,-8.450312632,4.135989385,3.313202838,-8.457160598,4.143789499,3.308290638,0.011483298
1609060411.129387140,-8.493618105,4.177404492,3.313036517,-8.527240010,4.212174116,3.308076261,0.048620607
1609060411.176635981,-8.535006932,4.218371492,3.312636764,-8.560219373,4.246024466,3.307775636,0.037735722
1609060411.226155996,-8.576835289,4.260328226,3.311710696,-8.594956696,4.281689547,3.307478726,0.028330214
1609060411.277624130,-8.619625093,4.304125441,3.308892579,-8.629288075,4.317966895,3.307172625,0.016968127
1609060411.326937199,-8.660530712,4.346782975,3.308159990,-8.663829321,4.354356281,3.307561404,0.008282156
1609060411.379705191,-8.702780003,4.390823282,3.307569989,-8.695954199,4.388849587,3.306800911,0.007146926
1609060411.427775145,-8.740549954,4.430839900,3.306830182,-8.760647549,4.458088175,3.305826729,0.033873127
1609060411.470930099,-8.773392556,4.466344946,3.306559108,-8.791361406,4.492070276,3.306591489,0.031379503
1609060411.521054029,-8.811061778,4.507730623,3.307419587,-8.823911192,4.528168414,3.307903280,0.024146319
1609060411.580197096,-8.854245964,4.556070563,3.311000620,-8.854979278,4.562859237,3.310098431,0.006887510
1609060411.626838207,-8.887508338,4.593288296,3.312701852,-8.914551498,4.631110544,3.312916850,0.046496249
1609060411.679201126,-8.923957402,4.635811843,3.314150947,-8.942901831,4.662802358,3.315008690,0.032986588
1609060411.728243113,-8.957827689,4.675016137,3.316370197,-8.973812275,4.697414630,3.316451012,0.027517377
1609060411.778196096,-8.992433657,4.715677936,3.318095444,-9.002611575,4.731784318,3.318297857,0.019053780
1609060411.838414192,-9.033107015,4.765774079,3.321939385,-9.064189697,4.805679204,3.324626700,0.050653468
1609060411.878583193,-9.059417761,4.798041789,3.323718204,-9.092052647,4.839513333,3.327946300,0.052941491
1609060411.925848007,-9.089989491,4.836385175,3.326823920,-9.120851046,4.874568944,3.330182574,0.049210937
1609060411.970710993,-9.122708331,4.875152518,3.329838908,-9.148542273,4.908376065,3.333784305,0.042270117
1609060412.021212101,-9.155399605,4.916692477,3.332963076,-9.176797671,4.944046389,3.336087880,0.034869444
1609060412.070445061,-9.189068006,4.961123685,3.336758816,-9.203205317,4.977344834,3.338539435,0.021590735
1609060412.129059076,-9.227494411,5.012526750,3.340759509,-9.258096670,5.049297038,3.344359244,0.047974059
1609060412.171797991,-9.258136728,5.050638746,3.346339641,-9.283635795,5.082999536,3.347704886,0.041222409
1609060412.220314980,-9.290788461,5.093486055,3.350764954,-9.310968204,5.119076352,3.350838966,0.032589735
1609060412.280927181,-9.330862956,5.145926925,3.357485135,-9.337447829,5.154887614,3.354586863,0.011491496
1609060412.328114033,-9.360718960,5.186495314,3.361978237,-9.365246384,5.191334963,3.358942910,0.007289237
1609060412.381548166,-9.392582332,5.232305918,3.366170263,-9.415811768,5.264211902,3.367965506,0.039507233
1609060412.426798105,-9.419811125,5.271708582,3.370584869,-9.441502158,5.299788315,3.370944971,0.035483827
1609060412.481037140,-9.451413170,5.319862619,3.376757093,-9.464695819,5.334142852,3.374834381,0.019597210
1609060412.528138161,-9.478637500,5.360922852,3.381541638,-9.492153734,5.374312812,3.378606071,0.019250901
1609060412.578795195,-9.506557221,5.404410124,3.387550694,-9.518749157,5.413705582,3.381745149,0.016393694
1609060412.628405094,-9.533214974,5.446838436,3.391640099,-9.543198977,5.450949754,3.385282549,0.012530032
1609060412.680060148,-9.562109172,5.489232416,3.392784351,-9.590949967,5.523176545,3.389575903,0.044657468
1609060412.727285147,-9.586954302,5.529497973,3.395490719,-9.613563769,5.558644480,3.391082600,0.039711638
1609060412.778535128,-9.614868591,5.571067108,3.398501116,-9.635515287,5.592455047,3.393229012,0.030191473
1609060412.828056097,-9.639889748,5.610993316,3.401044339,-9.657599551,5.626674465,3.394317328,0.024592443
1609060412.880711079,-9.667773378,5.651515918,3.402295243,-9.679991496,5.658382286,3.395304440,0.015662080
1609060412.929073095,-9.690490009,5.687117288,3.403660767,-9.719199243,5.721520222,3.399489244,0.045002040
1609060412.978442192,-9.712959579,5.722480121,3.406530031,-9.736752146,5.751413558,3.401142069,0.037845213
1609060413.026663065,-9.734000661,5.756116284,3.408639096,-9.756335749,5.780950163,3.401452337,0.034164707
1609060413.079564095,-9.759767162,5.795459424,3.408354052,-9.774241999,5.810991576,3.403553904,0.021767178
1609060413.128509045,-9.780924666,5.828932262,3.410268090,-9.793521675,5.842402056,3.404811657,0.019232593
1609060413.179367065,-9.804474162,5.864287060,3.411479735,-9.829280507,5.897996061,3.408745226,0.041941972
1609060413.225435019,-9.823800630,5.894475759,3.413414222,-9.845538880,5.924289762,3.410064483,0.037049252
1609060413.280374050,-9.848104825,5.929877513,3.416216186,-9.861620072,5.949624334,3.411366988,0.024415438
1609060413.327057123,-9.867179493,5.958349215,3.417332972,-9.877444592,5.974007345,3.412166020,0.019422840
1609060413.379295111,-9.888086549,5.988938775,3.419677478,-9.893091007,5.999527880,3.414048336,0.012994652
1609060413.429748058,-9.907830726,6.018199818,3.421702659,-9.923353379,6.044215240,3.417961897,0.030524551
1609060413.477909088,-9.926643164,6.045814908,3.423338898,-9.937612143,6.066609172,3.419750626,0.023782254
1609060413.527525187,-9.944264340,6.072521863,3.425918447,-9.951776407,6.088334729,3.421732345,0.018000037
1609060413.577910185,-9.960599117,6.098367102,3.429014775,-9.965398880,6.109496445,3.423565846,0.013288748
1609060413.626291037,-9.976987062,6.121832065,3.431566828,-9.979675845,6.129876718,3.426205620,0.010034368
1609060413.681443214,-9.996378772,6.145472159,3.434801227,-9.994041701,6.150071149,3.427559657,0.008891173
1609060413.729362011,-10.012650967,6.167261031,3.436999072,-10.021546810,6.188077148,3.430981574,0.023423429
1609060413.778925180,-10.027734720,6.188941583,3.438634178,-10.034673459,6.205842104,3.432566473,0.019250734
1609060413.825621128,-10.042007403,6.208883428,3.440543448,-10.047386310,6.223604830,3.434300869,0.016870748
1609060413.870529175,-10.055120042,6.225223614,3.440226439,-10.060391991,6.241308128,3.435146419,0.017672341
1609060413.926827192,-10.071048765,6.246850208,3.442304528,-10.073031665,6.257961945,3.436366051,0.012754141
1609060413.980643988,-10.086509251,6.266942415,3.446611716,-10.086426228,6.274578129,3.438065361,0.011460856
1609060414.029057980,-10.099025655,6.283737106,3.449401544,-10.110456767,6.305484886,3.442153971,0.025615690
1609060414.078119040,-10.109883023,6.301721523,3.453357203,-10.122192590,6.320094663,3.445271001,0.023547491
1609060414.129755020,-10.122363864,6.318762224,3.458295651,-10.133808759,6.333925897,3.448592346,0.021332527
1609060414.178076982,-10.136117869,6.335245597,3.460940319,-10.145359824,6.347853656,3.452021990,0.017997596
1609060414.237054110,-10.149767222,6.353566244,3.466775259,-10.167206683,6.374418483,3.459520838,0.028134984
1609060414.278896093,-10.161618909,6.367725276,3.469382849,-10.177966839,6.386555360,3.464009824,0.025508749
1609060414.326367140,-10.172177412,6.381545337,3.474157236,-10.188234498,6.398240264,3.468043668,0.023956760
1609060414.372323990,-10.185173884,6.394466601,3.478483951,-10.197489494,6.408864935,3.472082471,0.019999131
1609060414.422741175,-10.196728063,6.408133325,3.483336376,-10.207347295,6.419573154,3.476242559,0.017145262
1609060414.469741106,-10.208048162,6.419209837,3.488356980,-10.216558605,6.428823310,3.480188256,0.015217574
1609060414.523486137,-10.220431699,6.431606034,3.493770184,-10.225726554,6.438636039,3.484769405,0.012588506
1609060414.571552992,-10.232817304,6.442743734,3.498514642,-10.243232714,6.457982797,3.493200236,0.019208142
1609060414.619873047,-10.243291817,6.453018992,3.503074342,-10.252068980,6.466961590,3.497059684,0.017538835
1609060414.671653986,-10.254412141,6.463485109,3.506465326,-10.260164261,6.475381868,3.500694866,0.014419360
1609060414.721688986,-10.264190832,6.472727418,3.510727349,-10.268517043,6.483702097,3.504631358,0.013278583
1609060414.773606062,-10.273474211,6.481178520,3.515811195,-10.276112772,6.490940425,3.508715708,0.012353248
1609060414.820553064,-10.282191116,6.488992656,3.520085766,-10.284151412,6.498414104,3.512617359,0.012181279
1609060414.871097088,-10.292636431,6.496254395,3.523583750,-10.299617509,6.513045558,3.520400265,0.018461126
1609060414.921655178,-10.301864978,6.504201592,3.528111336,-10.306968768,6.520358333,3.524163557,0.017397526
1609060414.970494986,-10.310387980,6.515858094,3.532864506,-10.314818272,6.527673072,3.528656075,0.013301582
1609060415.021867990,-10.319542842,6.524211367,3.537791184,-10.321796816,6.534432495,3.532651997,0.011660322
1609060415.071359158,-10.327826005,6.533449886,3.543564156,-10.329501543,6.541301761,3.536063077,0.010987518
1609060415.122093201,-10.335163346,6.540369863,3.548875728,-10.343528413,6.552949671,3.544686316,0.015677279
1609060415.169690132,-10.341463251,6.548419532,3.550924000,-10.349530082,6.558146521,3.548536783,0.012860282
1609060415.270138025,-10.354344147,6.562683623,3.562802013,-10.363206947,6.570112975,3.559661959,0.011983507
1609060415.335822105,-10.361919312,6.571235433,3.570582119,-10.374889660,6.580950293,3.569555413,0.016237690
1609060415.385161161,-10.369279222,6.577756470,3.576526013,-10.380185134,6.586508847,3.574555470,0.014121829
1609060415.426522017,-10.373228702,6.582577040,3.581589577,-10.385507975,6.590662524,3.579529241,0.014845895
1609060415.478945017,-10.381553001,6.588665505,3.586591578,-10.390721166,6.595229971,3.584624919,0.011446187
1609060415.527222157,-10.386539465,6.593781360,3.593023144,-10.395086073,6.599065501,3.589514604,0.010643144
1609060415.579497099,-10.391361051,6.596690510,3.600287425,-10.399315209,6.601633383,3.594373820,0.011075710
1609060415.625437021,-10.395160099,6.599474755,3.605832576,-10.407075346,6.605830931,3.604038523,0.013623241
1609060415.671557188,-10.398898025,6.603785745,3.609550720,-10.410777621,6.607541792,3.609420306,0.012459923
1609060415.721713066,-10.402469097,6.606042839,3.615514269,-10.414446842,6.609573560,3.614156059,0.012560935
1609060415.778937101,-10.409497166,6.607837876,3.621752603,-10.417673130,6.612020450,3.619341866,0.009494839
1609060415.826449156,-10.413601808,6.609519354,3.627914725,-10.421627457,6.613170870,3.625245902,0.009212341
1609060415.880214214,-10.418660257,6.610005571,3.636586422,-10.424834853,6.613691147,3.630722769,0.009278552
1609060415.929654121,-10.422484953,6.610292923,3.642920434,-10.430126654,6.613673511,3.640045956,0.008836662
1609060415.978931189,-10.428140565,6.609817433,3.648734792,-10.432765786,6.612973346,3.644330168,0.007124126
1609060416.026129007,-10.431337379,6.608192798,3.654972707,-10.435239915,6.611798425,3.650192584,0.007147020
1609060416.071283102,-10.434860862,6.606777778,3.660329255,-10.437689939,6.610717505,3.655546343,0.006811855
1609060416.132973194,-10.439533399,6.605136639,3.668319332,-10.440474579,6.609763044,3.661252584,0.008498727
1609060416.179527044,-10.443655004,6.604656081,3.671682990,-10.443613860,6.608260705,3.666682625,0.006164305
1609060416.224436998,-10.446890903,6.603557867,3.676329432,-10.449591663,6.605761003,3.676437735,0.003487068
1609060416.281552076,-10.451582471,6.601153395,3.684088766,-10.453500432,6.604559294,3.681166333,0.004880506
1609060416.327483177,-10.455529121,6.599389774,3.689327586,-10.457605830,6.603137691,3.686113786,0.005356129
1609060416.379132032,-10.461623052,6.595488400,3.696087036,-10.461793922,6.600858050,3.691152503,0.007294652
1609060416.428481102,-10.465222583,6.592160967,3.703286791,-10.464483500,6.599204189,3.696635623,0.009715516
1609060416.478361130,-10.469779511,6.589953925,3.710025291,-10.473109436,6.593190664,3.708463675,0.004899339
1609060416.527779102,-10.474899841,6.587052076,3.717769560,-10.478351268,6.590777317,3.714772194,0.005896946
1609060416.578441143,-10.481924635,6.583713038,3.723838957,-10.482976894,6.588346166,3.720397259,0.005866721
1609060416.625756025,-10.487398194,6.580415420,3.730462338,-10.487869569,6.585217097,3.725875031,0.006657453
1609060416.688992977,-10.493892268,6.575264283,3.738693244,-10.499874077,6.577980873,3.739542448,0.006624428
1609060416.735008001,-10.498215212,6.571112837,3.743966496,-10.504487177,6.574561229,3.746493768,0.007590524
1609060416.779157162,-10.503193631,6.566887384,3.750574896,-10.509224206,6.570949464,3.752877012,0.007626799
1609060416.830991983,-10.509635722,6.560356787,3.759513590,-10.515453130,6.565777730,3.759586200,0.007951989
1609060416.901623011,-10.518281725,6.549550953,3.771634558,-10.526250767,6.553616806,3.773877799,0.009223282
1609060416.940310001,-10.522778316,6.543136234,3.779306272,-10.531003380,6.546871059,3.779668487,0.009040565
1609060416.983126163,-10.528125740,6.536338876,3.786122355,-10.536795236,6.538796460,3.786449909,0.009017049
1609060417.031743050,-10.533729942,6.527197304,3.793692652,-10.542507823,6.531103878,3.794049345,0.009614559
1609060417.080188990,-10.540861247,6.519448679,3.802291792,-10.547069218,6.523016706,3.799520896,0.007677733
1609060417.128481150,-10.546095735,6.508816158,3.810286079,-10.552532174,6.512982331,3.806566145,0.008521892
1609060417.178506136,-10.550851896,6.497275017,3.815604919,-10.556291256,6.503639663,3.813060263,0.008750465
1609060417.229984999,-10.555053041,6.484063448,3.823353279,-10.560030568,6.493156084,3.819762286,0.010970280
1609060417.281683207,-10.558812179,6.470824248,3.832157985,-10.566672683,6.467821481,3.830707589,0.008538605
1609060417.327920198,-10.561235679,6.457247069,3.838952262,-10.568988304,6.454998208,3.838170370,0.008109990
1609060417.380889177,-10.566219476,6.441089494,3.844421708,-10.571036873,6.441146152,3.843463581,0.004912080
1609060417.427345037,-10.567662567,6.426044213,3.850666917,-10.573082598,6.426725769,3.846941619,0.006612043
1609060417.482033014,-10.571768320,6.400854301,3.857524101,-10.574211160,6.411461458,3.852597078,0.011948005
1609060417.528115988,-10.572804678,6.382897388,3.863404148,-10.574812618,6.381749326,3.864496236,0.002557836
1609060417.578565121,-10.572260256,6.363438963,3.869317138,-10.575385072,6.363429303,3.867805303,0.003471342
1609060417.628115177,-10.571924756,6.342841962,3.875161282,-10.574400493,6.347455226,3.871236271,0.006543485
1609060417.680741072,-10.572316478,6.322413361,3.880951368,-10.572791039,6.329853086,3.875472404,0.009251690
1609060417.728932142,-10.571485445,6.302435323,3.885458837,-10.571486899,6.311863240,3.879749737,0.011021772
1609060417.780569077,-10.569739785,6.280148041,3.889510752,-10.566963204,6.274797725,3.888370413,0.006134790
1609060417.827723026,-10.566685592,6.258693558,3.894639499,-10.563505754,6.256993976,3.892623286,0.004130988
1609060417.878182173,-10.562380166,6.235627088,3.901393904,-10.559479815,6.237101755,3.896270029,0.006069661
1609060417.928631067,-10.556619352,6.212216966,3.905997423,-10.555517511,6.217211965,3.898656047,0.008947618
1609060417.978594065,-10.550250884,6.190088573,3.909714138,-10.549839448,6.195870110,3.900944343,0.010512124
1609060418.027911186,-10.543054792,6.166175546,3.913561370,-10.538854060,6.154896101,3.908986879,0.012876257
1609060418.080447197,-10.534765295,6.140622573,3.916193433,-10.532453511,6.131367463,3.910449398,0.011135320
1609060418.127730131,-10.525834594,6.117031486,3.919702337,-10.524484270,6.111345071,3.914250539,0.007992545
1609060418.178858995,-10.517328644,6.089955652,3.924791031,-10.517049468,6.088855874,3.917159653,0.007715270
1609060418.229143143,-10.506138024,6.063070306,3.928247361,-10.509626562,6.067229424,3.917718774,0.011845645
1609060418.278476000,-10.497003298,6.039469423,3.928878727,-10.489664297,6.021884973,3.923700466,0.019745587
1609060418.327845097,-10.484278742,6.012671875,3.931432223,-10.478670679,5.998035522,3.924089730,0.017308535
1609060418.379217148,-10.470824311,5.982975703,3.931951499,-10.468606525,5.974056173,3.927273415,0.010313149
1609060418.427738190,-10.456652220,5.955375850,3.933981318,-10.456091056,5.950399441,3.926559964,0.008952991
1609060418.479364157,-10.441645472,5.926410148,3.939526017,-10.443737338,5.923597127,3.931224481,0.009011354
1609060418.530038118,-10.424831036,5.896709276,3.942459000,-10.430318986,5.898947648,3.934096923,0.010249499
1609060418.580530167,-10.409710743,5.864930668,3.945524363,-10.400687955,5.845932592,3.936520902,0.022877935
1609060418.627577066,-10.392042175,5.835543101,3.948448818,-10.385785101,5.818245606,3.937185044,0.021569119
1609060418.679231167,-10.374135838,5.799528243,3.949373720,-10.370237672,5.792265310,3.939369378,0.012962745
1609060418.727707148,-10.354970872,5.767663544,3.952946988,-10.353086870,5.765920286,3.942008232,0.011235871
1609060418.779791117,-10.334733311,5.734861798,3.953892042,-10.336896116,5.739734153,3.944717338,0.010610974
1609060418.826940060,-10.314899130,5.703756152,3.956613292,-10.319781490,5.711526541,3.948332253,0.012360906
1609060418.877894163,-10.292532281,5.670635096,3.957755379,-10.282068726,5.657161959,3.954143942,0.017437141
1609060418.928442001,-10.269215217,5.636690128,3.960234267,-10.265350019,5.631354853,3.958421583,0.006833062
1609060418.980247021,-10.245215345,5.603364883,3.962172558,-10.245467733,5.602675752,3.958610580,0.003636797
1609060419.028758049,-10.221793585,5.571202614,3.965697929,-10.227476738,5.577855323,3.962240211,0.009408113
1609060419.080204010,-10.196623804,5.537452858,3.970641209,-10.187113455,5.521172028,3.967241198,0.019159129
1609060419.127290010,-10.172837201,5.506038696,3.973702258,-10.166400840,5.491617617,3.969712230,0.016288480
1609060419.179020166,-10.147402493,5.472211675,3.976952285,-10.146453425,5.464052880,3.972256729,0.009461232
1609060419.227241039,-10.122618175,5.440534537,3.980320592,-10.125975991,5.435881822,3.976303047,0.007004524
1609060419.280115128,-10.098437303,5.406816875,3.986646770,-10.106768837,5.408621772,3.979505953,0.011120404
1609060419.327326059,-10.073802805,5.375648286,3.992135124,-10.064809287,5.353212512,3.989507129,0.024313652
1609060419.378854990,-10.048629960,5.345310390,4.000768892,-10.043651240,5.325573684,3.997252146,0.020656542
1609060419.471464157,-10.003586422,5.284533404,4.011400885,-10.000273734,5.268369608,4.009397821,0.016620905
1609060419.537253141,-9.970564543,5.242381590,4.021055491,-9.958603231,5.212972437,4.020084791,0.031763399
1609060419.585476160,-9.946657775,5.212591726,4.028856320,-9.937848766,5.185379365,4.027093882,0.028656891
1609060419.629018068,-9.924835484,5.185259124,4.035113299,-9.917568584,5.157872476,4.030832359,0.028655938
1609060419.673011065,-9.903400620,5.155479528,4.040836915,-9.895726963,5.130354288,4.038435684,0.026380459
1609060419.726917028,-9.875981829,5.120506103,4.048185360,-9.875406267,5.102208725,4.041181885,0.019600356
1609060419.777944088,-9.849553176,5.085303156,4.053925055,-9.855991803,5.075945628,4.047514232,0.013042925
1609060419.829607010,-9.823095514,5.050944118,4.060428568,-9.814036285,5.022868433,4.057518647,0.029644247
1609060419.879155159,-9.798885192,5.018253864,4.065397518,-9.794930926,4.996020529,4.064803051,0.022590060
1609060419.928565025,-9.773821392,4.986236031,4.072289699,-9.774287993,4.967847767,4.066096926,0.019408668
1609060419.977845192,-9.748376102,4.953178872,4.077427821,-9.752928294,4.939808002,4.072067045,0.015107632
1609060420.026153088,-9.723057930,4.920427786,4.081584068,-9.731066488,4.910087413,4.074814391,0.014727147
1609060420.080102205,-9.696820683,4.883979642,4.084557046,-9.709219014,4.880888626,4.078904588,0.013972232
1609060420.127996206,-9.673002997,4.852551992,4.088049750,-9.668802405,4.826559536,4.085359276,0.026466799
1609060420.178651094,-9.649606327,4.821073793,4.091758361,-9.649618262,4.801585930,4.087813000,0.019883229
1609060420.225896120,-9.626376777,4.789957561,4.094957671,-9.628757826,4.773464033,4.091219596,0.017078615
1609060420.278553009,-9.603281972,4.755191338,4.099676465,-9.609113624,4.746672054,4.092985843,0.012302472
1609060420.329905987,-9.577887826,4.721096399,4.102001238,-9.588210415,4.719030231,4.096467656,0.011893083
1609060420.379353046,-9.555597139,4.690056120,4.102448202,-9.547532729,4.665121219,4.101721019,0.026216652
1609060420.425460100,-9.533433292,4.660188439,4.103949552,-9.525507892,4.637493367,4.102810315,0.024066078
1609060420.478222132,-9.509565940,4.626768996,4.109043167,-9.507143247,4.610391307,4.104886396,0.017069765
1609060420.527751207,-9.485580435,4.593854086,4.111201764,-9.485237705,4.583495396,4.107031649,0.011171830
1609060420.579862118,-9.464603954,4.559208993,4.115199304,-9.464758035,4.555146001,4.109011933,0.007403730
1609060420.629007101,-9.440922906,4.526968640,4.117532057,-9.423079666,4.501279520,4.112258604,0.031719417
1609060420.681604147,-9.415323322,4.494504311,4.119506049,-9.400918253,4.472320381,4.114261891,0.026965422
1609060420.727938175,-9.393066358,4.465064526,4.121689871,-9.379640627,4.445614952,4.115858110,0.024342260
1609060420.778449059,-9.366040021,4.431550421,4.127735099,-9.357730255,4.418451481,4.116675155,0.019051425
1609060420.827750206,-9.340037012,4.399834529,4.130486642,-9.335015807,4.392347147,4.117349168,0.015933192
1609060420.880737066,-9.309619166,4.366378780,4.129533332,-9.312129174,4.364373845,4.119559721,0.010478207
1609060420.928517103,-9.281776356,4.336250618,4.131162369,-9.265412670,4.313055849,4.120017024,0.030495677
1609060420.978013039,-9.253832943,4.307340589,4.128359792,-9.242721869,4.288846785,4.120990191,0.022798855
1609060421.026174068,-9.225353438,4.277458856,4.129432642,-9.218267301,4.262972315,4.121253125,0.018082525
1609060421.073661089,-9.198160829,4.248782547,4.128757095,-9.193227389,4.238037255,4.121892996,0.013671723
1609060421.120455027,-9.168531327,4.220228802,4.130320752,-9.167288102,4.212744130,4.122801020,0.010682335
1609060421.172883987,-9.138112484,4.190666854,4.133125028,-9.140743431,4.187798402,4.124294625,0.009650177
1609060421.224383116,-9.104247596,4.159995224,4.134857467,-9.087015702,4.138527723,4.125412878,0.029103127
1609060421.280524015,-9.069643967,4.129854967,4.135253209,-9.061320783,4.115286671,4.125777573,0.019269103
1609060421.327854156,-9.038459425,4.103588105,4.135892018,-9.032942533,4.092857448,4.125801413,0.015729063
1609060421.378944159,-9.006060577,4.076960964,4.135738390,-9.004425280,4.071725980,4.124296107,0.012688778
1609060421.427192211,-8.972479280,4.051125081,4.135712390,-8.976530148,4.048318947,4.125702742,0.011156924
1609060421.479579210,-8.937840517,4.024759319,4.133842926,-8.917454569,4.005062024,4.123785249,0.030078682
1609060421.527832985,-8.902981178,3.999254085,4.132769214,-8.886544409,3.983085869,4.122638506,0.025183523
1609060421.580437183,-8.866104256,3.973860707,4.129964471,-8.855689370,3.960513859,4.121865730,0.018766934
1609060421.629995108,-8.828536786,3.949351308,4.128567359,-8.825868652,3.941445887,4.120003438,0.011956394
1609060421.681367159,-8.791802313,3.924913260,4.126384873,-8.759613775,3.899746610,4.116961787,0.041931573
1609060421.727432013,-8.756080561,3.902875082,4.124961256,-8.727202214,3.878345417,4.116152544,0.038900601
1609060421.778424025,-8.718571838,3.879766910,4.121019448,-8.692666247,3.858761638,4.114618082,0.033960250
1609060421.825348139,-8.681528016,3.858119971,4.119574655,-8.658243301,3.839099475,4.113831091,0.030609570
1609060421.880194187,-8.634950812,3.829895861,4.115790032,-8.624228369,3.819559408,4.111530706,0.015490478
1609060421.928580046,-8.594057732,3.807850496,4.112061882,-8.557401909,3.783331071,4.106032833,0.044510685
1609060421.978991032,-8.550697411,3.784136554,4.108810260,-8.521135168,3.764705440,4.102645123,0.035909655
1609060422.027255058,-8.508013340,3.761677754,4.103918037,-8.485499352,3.745497056,4.098196512,0.028309548
1609060422.079162121,-8.464557219,3.738756931,4.098708791,-8.450816201,3.726996795,4.094471779,0.018576023
1609060422.129970074,-8.421260944,3.715973406,4.095515959,-8.417383473,3.710514157,4.090902034,0.008131820
1609060422.180117130,-8.375463583,3.693160345,4.091167635,-8.343606561,3.674727975,4.083033190,0.037693386
1609060422.228345156,-8.332880744,3.672877997,4.086805564,-8.307847104,3.656838406,4.079007655,0.030736932
1609060422.279767036,-8.288358092,3.653236577,4.080641992,-8.269565161,3.639376220,4.073146119,0.024524923
1609060422.327003002,-8.245155022,3.634117394,4.072424976,-8.234578524,3.624697766,4.065875016,0.015604284
1609060422.379480124,-8.200577062,3.615637090,4.060822142,-8.199635565,3.607825904,4.058121351,0.008318372
1609060422.427206993,-8.157654428,3.597055100,4.050989548,-8.131446278,3.578643697,4.040930843,0.033571184
1609060422.478839159,-8.112705269,3.576626487,4.041610679,-8.095982555,3.564976690,4.032300295,0.022406476
1609060422.528550148,-8.067725653,3.557859309,4.031324795,-8.061412881,3.549794767,4.023913252,0.012641950
1609060422.580224037,-8.026869868,3.540542520,4.019337581,-7.992959187,3.521264445,4.007448084,0.040779145
1609060422.627099037,-7.984701429,3.523915047,4.010333828,-7.956900989,3.508230042,4.000294740,0.033461427
1609060422.677823067,-7.941392707,3.508765703,4.000435946,-7.919649740,3.494399264,3.991825797,0.027446054
1609060422.727541208,-7.896294091,3.492746756,3.990505556,-7.884344331,3.480621711,3.984533883,0.018040907
1609060422.783367157,-7.847072381,3.475527490,3.976161473,-7.811333006,3.457155656,3.968063269,0.040992781
1609060422.828356028,-7.806498066,3.462098133,3.966821880,-7.774814967,3.445246672,3.960939810,0.036364670
1609060422.880164146,-7.760828122,3.447825738,3.958646002,-7.737536877,3.432778691,3.953626081,0.028179697
1609060422.928488016,-7.716044880,3.434404568,3.949888688,-7.700714304,3.420937914,3.946482693,0.020687632
1609060422.979838133,-7.665225777,3.421212651,3.941685731,-7.662134075,3.411000073,3.940039966,0.010796477
1609060423.029355049,-7.617003424,3.408548708,3.934871165,-7.586169188,3.390101598,3.928933801,0.036418378
1609060423.080885172,-7.567096473,3.395257503,3.931098655,-7.547053297,3.379339178,3.924847595,0.026347633
1609060423.127178192,-7.521974360,3.384230507,3.927223083,-7.508207367,3.372020205,3.921038263,0.019413232
1609060423.179766178,-7.475855796,3.374966342,3.924653819,-7.468275476,3.363357301,3.918121428,0.015326552
1609060423.227312088,-7.431913295,3.365242198,3.921356990,-7.430754990,3.354830131,3.914863793,0.012325356
1609060423.280233145,-7.380138447,3.355027682,3.917831636,-7.352145789,3.340155191,3.910928203,0.032441290
1609060423.327131987,-7.335072480,3.346949494,3.915230899,-7.311944176,3.334699814,3.909120614,0.026875801
1609060423.378704071,-7.288679347,3.338693924,3.913914984,-7.272887339,3.327656649,3.907837432,0.020202614
1609060423.425829172,-7.244162885,3.331706241,3.913356109,-7.234739484,3.321842399,3.907743244,0.014751275
1609060423.477626085,-7.197316950,3.324355774,3.913826668,-7.193839861,3.317278206,3.908781073,0.009361631
1609060423.526779175,-7.150913027,3.318450613,3.915213088,-7.152968436,3.313586449,3.910058785,0.007379135
1609060423.580407143,-7.102452982,3.314470176,3.918450547,-7.075091256,3.304044035,3.912411320,0.029897169
1609060423.627583027,-7.058247086,3.309749927,3.920465401,-7.034768832,3.301712073,3.914294129,0.025571861
1609060423.678277016,-7.014390598,3.306719928,3.922786526,-6.994710498,3.298920469,3.916002158,0.022229835
1609060423.726454020,-6.969039884,3.302987786,3.924778506,-6.956289160,3.294833814,3.917279907,0.016890743
1609060423.779623032,-6.923400008,3.300677627,3.926528155,-6.917716423,3.291627380,3.919107196,0.013010794
1609060423.827763081,-6.879016484,3.298014260,3.928945009,-6.877441849,3.290786896,3.921004134,0.010852270
1609060423.881376028,-6.831844566,3.295473437,3.931766998,-6.801873571,3.288109442,3.924951074,0.031606104
1609060423.927520037,-6.789682289,3.293972085,3.934190879,-6.763580798,3.287310221,3.926501822,0.028014101
1609060423.978104115,-6.745731846,3.293924721,3.935858640,-6.723181360,3.288271633,3.928830491,0.024287378
1609060424.026549101,-6.700905300,3.293935140,3.937959132,-6.683980374,3.288756854,3.931149410,0.018964179
1609060424.079257011,-6.649436499,3.293946008,3.941432579,-6.646065927,3.288744786,3.933249837,0.010265025
1609060424.131283998,-6.599433314,3.294157828,3.943862361,-6.568201628,3.290737008,3.936886019,0.032183685
1609060424.180812120,-6.552034665,3.296783849,3.944684079,-6.528906670,3.292815045,3.937947227,0.024413946
1609060424.269929171,-6.470317401,3.302069116,3.946639580,-6.452838688,3.295056224,3.939345850,0.020196152
1609060424.338038206,-6.406971933,3.308469881,3.947122534,-6.374934007,3.302718582,3.940721846,0.033173407
1609060424.385066986,-6.361040743,3.312284139,3.947485153,-6.338024407,3.305232587,3.941047544,0.024918244
1609060424.427415133,-6.320354433,3.316229786,3.947491184,-6.300469129,3.308389510,3.940455516,0.022503242
1609060424.479503155,-6.273867096,3.321741344,3.946060957,-6.261744527,3.313099493,3.940104323,0.016034954
1609060424.528802156,-6.226954503,3.326072253,3.944052151,-6.223631666,3.317596021,3.938903085,0.010459477
1609060424.580688000,-6.179072150,3.330695141,3.940737423,-6.150094424,3.325881142,3.933482468,0.030257520
1609060424.627767086,-6.134279701,3.336590486,3.937391507,-6.114649061,3.329911072,3.931374987,0.021591089
1609060424.678000212,-6.089450149,3.343903587,3.933733965,-6.076110108,3.335551060,3.929212500,0.016375746
1609060424.727902174,-6.041840790,3.350863911,3.929926247,-6.037450033,3.342189484,3.926088324,0.010452468
1609060424.779567003,-5.995588002,3.357576277,3.924119204,-6.001319758,3.347073787,3.922723676,0.012045863
1609060424.828402996,-5.949007738,3.364596523,3.919877943,-5.918938725,3.361877297,3.916453305,0.030385324
1609060424.880347013,-5.903425224,3.373788699,3.917124835,-5.878278648,3.369604700,3.913179703,0.025795740
1609060424.927685022,-5.858491946,3.381660609,3.913438783,-5.837248711,3.377071593,3.908710082,0.022241735
1609060424.979326010,-5.813745041,3.391630245,3.908065450,-5.796749949,3.385488276,3.905045856,0.018321432
1609060425.028661013,-5.766905173,3.401014939,3.903711222,-5.757514604,3.395080401,3.901863839,0.011261188
1609060425.080376148,-5.721358430,3.413233482,3.898596603,-5.681571742,3.411533733,3.893744774,0.040117452
1609060425.127739191,-5.676604994,3.423152372,3.894338535,-5.645526857,3.419956479,3.890854404,0.031435704
1609060425.178142071,-5.623871964,3.434872965,3.889811174,-5.604057965,3.431313078,3.888123306,0.020201887
1609060425.225172997,-5.577444656,3.446145209,3.885885933,-5.563514774,3.441958247,3.884910642,0.014578184
1609060425.281213045,-5.523046340,3.462065517,3.880894355,-5.525452698,3.451467871,3.880858070,0.010867473
1609060425.331796169,-5.471440281,3.475827709,3.876658479,-5.446649786,3.474383647,3.874199217,0.024953997
1609060425.382135153,-5.429850761,3.490469472,3.873991235,-5.408059635,3.485921764,3.871139149,0.022442575
1609060425.428689003,-5.386862568,3.502794334,3.871000044,-5.371907901,3.495785948,3.867429328,0.016897028
1609060425.480192184,-5.335854094,3.518015666,3.866839114,-5.335149302,3.507052513,3.863817953,0.011393632
1609060425.529694080,-5.288493147,3.533025481,3.862652486,-5.296028308,3.520393101,3.860909329,0.014811964
1609060425.580114126,-5.242030594,3.548711735,3.858108621,-5.215648729,3.546728791,3.853901608,0.026788688
1609060425.627465010,-5.196378645,3.563302133,3.853933652,-5.178144529,3.558478583,3.850206466,0.019226064
1609060425.680615187,-5.149184332,3.579571014,3.848862883,-5.137163873,3.573099052,3.847126669,0.013761982
1609060425.728845119,-5.103986058,3.594597674,3.845011277,-5.097259633,3.587459927,3.843937276,0.009866392
1609060425.781431198,-5.056658364,3.611287365,3.841121667,-5.057439027,3.601431424,3.840731224,0.009894517
1609060425.828500986,-5.011653387,3.626705735,3.837712933,-4.981933044,3.629006498,3.834029473,0.030035981
1609060425.879981995,-4.967615338,3.644943097,3.832681019,-4.940998023,3.645894755,3.831087239,0.026681966
1609060425.928338051,-4.922749367,3.661421566,3.829740649,-4.906540890,3.658018723,3.829510072,0.016563431
1609060425.981427193,-4.876997557,3.679235426,3.828735681,-4.870151350,3.672332211,3.826638238,0.009946064
1609060426.028719187,-4.833304902,3.695826389,3.826696173,-4.793779362,3.703827746,3.823196675,0.040478840
1609060426.080445051,-4.789495148,3.716272890,3.826804176,-4.755610989,3.719496177,3.821345775,0.034472017
1609060426.133275986,-4.741485238,3.735952801,3.824600974,-4.719273033,3.734408951,3.818878959,0.022989280
1609060426.178623199,-4.704136755,3.754330897,3.822239475,-4.679700566,3.751846491,3.816171522,0.025300586
1609060426.229953051,-4.657901598,3.774100851,3.819143089,-4.641700174,3.769083637,3.813399810,0.017906530
1609060426.279983997,-4.608611115,3.794599009,3.814973496,-4.605991107,3.784397866,3.810225605,0.011552931
1609060426.327455997,-4.564324311,3.814125875,3.810665917,-4.533414375,3.818262215,3.802065962,0.032349539
1609060426.379871130,-4.517064028,3.837645739,3.801907711,-4.496356728,3.836164342,3.797096391,0.021310458
1609060426.428410053,-4.471569449,3.858559518,3.795913943,-4.459240602,3.854360332,3.791915040,0.013624421
1609060426.480945110,-4.431824333,3.880836245,3.788884777,-4.423615569,3.871800737,3.786732880,0.012395761
1609060426.528591156,-4.390966668,3.902744421,3.781614132,-4.351461768,3.909172614,3.775787012,0.040446435
1609060426.580346107,-4.344773100,3.926471661,3.773893006,-4.318555476,3.926886567,3.771044846,0.026375139
1609060426.628355980,-4.302311147,3.949591515,3.767243463,-4.282507140,3.946799360,3.764956765,0.020130172
1609060426.678764105,-4.259022525,3.974199268,3.761008947,-4.248636470,3.966137874,3.759529364,0.013230471
1609060426.727844000,-4.217415677,3.997804177,3.753147244,-4.213373906,3.986466279,3.752932244,0.012038691
1609060426.780528069,-4.176260389,4.022513663,3.744036497,-4.142777762,4.028156581,3.740283852,0.034161545
1609060426.828762054,-4.136318559,4.046238358,3.737064857,-4.109181208,4.048587933,3.734068524,0.027403181
1609060426.880460024,-4.096224649,4.071641550,3.730756219,-4.076039639,4.069436616,3.727884345,0.020507170
1609060426.927973032,-4.056159724,4.095742465,3.722925365,-4.042596823,4.090325004,3.721088679,0.014719871
1609060426.980300188,-4.017255374,4.122725679,3.711347673,-4.007285347,4.113385290,3.713306941,0.013801559
1609060427.028684139,-3.977638258,4.147846211,3.701587409,-3.973768442,4.135595565,3.704834095,0.013251219
1609060427.080138206,-3.938288303,4.173895607,3.693494408,-3.939050190,4.159461051,3.696535845,0.014771161
1609060427.128703117,-3.898918092,4.199610967,3.683778587,-3.874178975,4.204919914,3.679562558,0.025651193
1609060427.179259062,-3.863232650,4.228128316,3.672481371,-3.841412849,4.228310978,3.670734501,0.021890378
1609060427.228806019,-3.824253834,4.255391048,3.662221292,-3.806681713,4.253674399,3.661267214,0.017681533
1609060427.281520128,-3.788439599,4.282465497,3.650027694,-3.773228565,4.278787364,3.651642210,0.015732478
1609060427.329280138,-3.752584659,4.308646558,3.638922843,-3.741387820,4.303064130,3.642244275,0.012944675
1609060427.381112099,-3.708867060,4.341983200,3.625760595,-3.676372987,4.353420920,3.621281260,0.034738317
1609060427.429231167,-3.671208088,4.369941309,3.613288250,-3.645435949,4.378519544,3.610806402,0.027275425
1609060427.478861094,-3.634369862,4.401193164,3.600336780,-3.613568829,4.403924871,3.599641549,0.020991154
1609060427.529126167,-3.594135769,4.432349833,3.586546816,-3.583666536,4.429017969,3.588660684,0.011188146
1609060427.579799175,-3.560963918,4.463509990,3.574433077,-3.554393800,4.453456267,3.577891610,0.012498210
1609060427.630326033,-3.524934060,4.496100286,3.561358232,-3.522219408,4.480798751,3.565996134,0.016217782
1609060427.681500196,-3.486180053,4.529026987,3.547640728,-3.461573323,4.535210669,3.543451275,0.025715377
1609060427.727840185,-3.451576527,4.559395113,3.535352572,-3.432981055,4.562179184,3.532648542,0.018996169
1609060427.779484987,-3.416297089,4.592325130,3.521971106,-3.402758875,4.590949639,3.521143640,0.013633045
1609060427.829073191,-3.381554492,4.625110705,3.509905172,-3.372430666,4.620009807,3.509674776,0.010455451
1609060427.880336046,-3.348605705,4.659681660,3.498760380,-3.340812170,4.651095143,3.497702933,0.011644125
1609060427.928755045,-3.315362922,4.692073654,3.487701648,-3.311325873,4.680163125,3.487277463,0.012583259
1609060427.980607986,-3.281924082,4.726601128,3.476428923,-3.283162307,4.708133743,3.477420948,0.018535415
1609060428.028478146,-3.248732421,4.759460757,3.465953559,-3.229518517,4.765156736,3.458256532,0.021467709
1609060428.077799082,-3.220067380,4.790209879,3.456016133,-3.201209659,4.795862870,3.449541011,0.020724312
1609060428.129625082,-3.185083987,4.825776911,3.445888708,-3.173519890,4.826224371,3.440817140,0.012635242
1609060428.179145098,-3.158715460,4.861405450,3.436406247,-3.146604421,4.856255412,3.432057156,0.013860547
1609060428.230478048,-3.125907796,4.897255346,3.427443289,-3.121116760,4.884801853,3.424589479,0.013645062
1609060428.281023979,-3.098840832,4.930414420,3.415218488,-3.067059799,4.949180115,3.410569000,0.037199504
1609060428.327894211,-3.069788286,4.963621515,3.407385422,-3.043926117,4.977571585,3.404066100,0.029571509
1609060428.378302097,-3.042484174,4.999628899,3.404004084,-3.017423229,5.009192804,3.396968959,0.027731070
1609060428.427620173,-3.013458208,5.035072877,3.397787474,-2.991314957,5.041487576,3.391310745,0.023946189
1609060428.481490135,-2.979650955,5.077796982,3.387242872,-2.966775931,5.072721694,3.386325884,0.013869594
1609060428.530129194,-2.949077461,5.115258725,3.381171436,-2.941731102,5.103867079,3.381646561,0.013563346
1609060428.580730200,-2.921059662,5.154901104,3.375402010,-2.893059914,5.167615041,3.372256844,0.030911521
1609060428.626178026,-2.892880882,5.189689646,3.370675336,-2.867779381,5.200651635,3.368711728,0.027460997
1609060428.678228140,-2.866858510,5.228550154,3.368506824,-2.845787019,5.229926656,3.365380687,0.021346550
1609060428.727977991,-2.841852447,5.266709426,3.366016479,-2.822460518,5.260860023,3.361587977,0.020733405
1609060428.780537128,-2.810963621,5.308138206,3.362103988,-2.797032651,5.293871569,3.358065269,0.020345026
1609060428.829004049,-2.782745202,5.346032814,3.358372579,-2.752509523,5.357217213,3.353310171,0.032633036
1609060428.879436016,-2.755289610,5.383422336,3.354123754,-2.727894389,5.390278780,3.350280337,0.028500540
1609060428.929301977,-2.727068906,5.420889495,3.350338669,-2.701880397,5.423839131,3.346072164,0.025717006
1609060428.979768991,-2.700362821,5.458074030,3.346389620,-2.680052827,5.454984482,3.342989753,0.020823071
1609060429.027988195,-2.672785866,5.494163827,3.342050468,-2.655287632,5.488336280,3.340137753,0.018542032
1609060429.080878019,-2.644459898,5.533066772,3.337089718,-2.631125889,5.522000768,3.336655957,0.017333216
1609060429.129002094,-2.615775873,5.570825403,3.333367482,-2.583075754,5.589422649,3.330968327,0.037694977
1609060429.179460049,-2.591023637,5.608707688,3.330187668,-2.561337643,5.621674452,3.329665811,0.032398573
1609060429.226698160,-2.562808095,5.645934097,3.327181703,-2.538303730,5.654773062,3.327589525,0.026052975
1609060429.280256987,-2.537659703,5.684922884,3.323558213,-2.512295158,5.690082923,3.324247582,0.025893269
1609060429.328555107,-2.508628543,5.724029837,3.319610224,-2.490069218,5.724044208,3.321155849,0.018623580
1609060429.381138086,-2.480470155,5.765581296,3.316019164,-2.467142657,5.759518298,3.318321293,0.014821672
1609060429.428529024,-2.452465995,5.804451070,3.312683244,-2.416260387,5.833174006,3.311524891,0.046229805
1609060429.478585005,-2.427393541,5.844286183,3.310307514,-2.396442381,5.867180755,3.308092741,0.038562170
1609060429.529040098,-2.397474084,5.888246235,3.306919795,-2.373248251,5.904935118,3.305047472,0.029477370
1609060429.579662085,-2.367995960,5.939918258,3.301638018,-2.348503968,5.944342058,3.302860154,0.020025019
1609060429.628737211,-2.337071690,5.986857023,3.298494183,-2.323349485,5.981553820,3.300913113,0.014908860
1609060429.681184053,-2.305569840,6.037900244,3.296687552,-2.276360810,6.062257195,3.296454994,0.038032651
1609060429.727297068,-2.275380061,6.085651185,3.294936395,-2.250980680,6.106360834,3.293098734,0.032056144
1609060429.779306173,-2.248573099,6.138199955,3.293578214,-2.225417381,6.151680558,3.293203755,0.026796533
1609060429.828670979,-2.222241264,6.190154309,3.294212303,-2.203120043,6.193798077,3.292701538,0.019523846
1609060429.881679058,-2.189104136,6.249525793,3.293841825,-2.177408609,6.240380764,3.292006984,0.014959397
1609060429.928592205,-2.160813177,6.304037707,3.293374067,-2.127325537,6.336236161,3.292410125,0.046466027
1609060429.979950190,-2.132535710,6.365137283,3.292934881,-2.105030509,6.385439538,3.292499236,0.034189288
1609060430.029108047,-2.103903293,6.425898656,3.293584536,-2.083062064,6.435731741,3.291940402,0.023103021
1609060430.079665184,-2.077145432,6.487147319,3.294722036,-2.057805377,6.487848938,3.293239494,0.019409480
1609060430.139734030,-2.046575840,6.560584183,3.297341826,-2.034164141,6.542315821,3.294693549,0.022244025
1609060430.179250002,-2.025037337,6.610970925,3.299898615,-2.012914254,6.594250093,3.296709422,0.020897998
1609060430.227625132,-1.998000943,6.674509204,3.303750316,-1.972701050,6.702002483,3.301408848,0.037435912
1609060430.279911041,-1.975715515,6.740875319,3.307389101,-1.950135427,6.758600664,3.306488586,0.031134220
1609060430.329241037,-1.949879005,6.805521826,3.313547868,-1.930486887,6.812199111,3.310789293,0.020694205
1609060430.379837036,-1.929868955,6.868878323,3.320889362,-1.909611605,6.869654075,3.318140047,0.020457779
1609060430.429674149,-1.905401249,6.935275658,3.330186692,-1.889075998,6.927422111,3.326049396,0.018582498
1609060430.481505156,-1.887682246,7.002077898,3.338653163,-1.853295841,7.042119358,3.342670439,0.052932805
1609060430.528452158,-1.868504803,7.065011972,3.348583438,-1.839912186,7.098584825,3.351415952,0.044189335
1609060430.580064058,-1.853120318,7.131884214,3.360284821,-1.825742607,7.152640579,3.360490465,0.034357067
1609060430.628176212,-1.835167904,7.195508157,3.369853366,-1.808340557,7.212218535,3.370803887,0.031620353
1609060430.679733992,-1.818842395,7.267455290,3.385616675,-1.793912366,7.269122180,3.380507900,0.025502636
1609060430.730561018,-1.801610847,7.334982555,3.397714422,-1.771377784,7.379790624,3.397456739,0.054054302
1609060430.780865192,-1.791335266,7.401194523,3.406995264,-1.762837840,7.433901057,3.405519113,0.043405066
1609060430.828189135,-1.780065774,7.463344426,3.416537268,-1.754156940,7.486656400,3.413774409,0.034962111
1609060430.877870083,-1.774306822,7.527007730,3.423584950,-1.748722329,7.536023201,3.420488476,0.027302622
1609060430.929910183,-1.766648449,7.591086267,3.432621420,-1.741104849,7.588775249,3.429290840,0.025863277
1609060430.981590033,-1.757860784,7.654993507,3.441031717,-1.734926171,7.640820008,3.436329834,0.027367723
1609060431.028035164,-1.752488362,7.712573061,3.448104892,-1.727508837,7.737673055,3.449460428,0.035437605
1609060431.080696106,-1.750659133,7.775276232,3.455783904,-1.726140905,7.782302422,3.455171048,0.025512476
1609060431.127861023,-1.748424503,7.829917719,3.463346192,-1.725465701,7.830697782,3.461653582,0.023034323
1609060431.179397106,-1.752891423,7.886016855,3.472517557,-1.727140523,7.878096574,3.468189447,0.027286852
1609060431.228162050,-1.756802980,7.941155544,3.480183256,-1.738289323,7.969021094,3.480507929,0.033456685
1609060431.281984091,-1.766548767,7.998968232,3.487241611,-1.746383231,8.015592433,3.487395292,0.026134968
1609060431.327632189,-1.775058985,8.049602275,3.493661988,-1.755829417,8.061872011,3.494010559,0.022813247
1609060431.380648136,-1.793623293,8.100328084,3.504725023,-1.770009619,8.106516361,3.499683090,0.024926321
1609060431.441133022,-1.814739162,8.162849084,3.512986273,-1.804857646,8.197958517,3.509662295,0.036624657
1609060431.487370014,-1.834351016,8.210507993,3.518238945,-1.823377365,8.241791763,3.514417202,0.033372160
1609060431.531643152,-1.851287041,8.256346112,3.522234833,-1.839726685,8.283065340,3.518764515,0.029318971
1609060431.578772068,-1.871718292,8.300110811,3.526004934,-1.857584986,8.324147769,3.524280884,0.027937395
1609060431.629288197,-1.891184266,8.349128379,3.531144723,-1.876095593,8.363631582,3.527536680,0.021237442
1609060431.681290150,-1.918413488,8.394517512,3.536651065,-1.896385915,8.403949947,3.530908015,0.024640768
1609060431.728561163,-1.937901306,8.438003294,3.541575833,-1.916080117,8.442082087,3.534670945,0.023248190
1609060431.780210018,-1.964669036,8.491252227,3.546211967,-1.960025753,8.517901978,3.541893317,0.027393795
1609060431.826713085,-1.987006440,8.534305778,3.551268494,-1.983650453,8.555176186,3.543935595,0.022374270
1609060431.878309011,-2.020117926,8.579806338,3.553247001,-2.006900748,8.591179528,3.546560082,0.018675067
1609060431.923537016,-2.042866037,8.623265428,3.557609340,-2.031945013,8.630382748,3.548196269,0.016078896
1609060431.972276211,-2.072946887,8.667408646,3.557733313,-2.056258949,8.667563159,3.550776258,0.018080701
1609060432.020538092,-2.097513790,8.711834218,3.561136190,-2.104189298,8.742733687,3.556772318,0.031912114
1609060432.079569101,-2.132536298,8.764583585,3.565870871,-2.125121253,8.776491860,3.560303098,0.015092714
1609060432.129607201,-2.156409481,8.809812526,3.569035942,-2.145570419,8.810323107,3.562323027,0.012759671
1609060432.185536146,-2.181057584,8.858219436,3.572312782,-2.182364945,8.878514047,3.567694859,0.020854392
1609060432.231467009,-2.203234274,8.896016947,3.574906193,-2.200919052,8.914056295,3.570795531,0.018646069
1609060432.277867079,-2.224418581,8.932723434,3.577350461,-2.217940760,8.948309326,3.573943624,0.017218849
1609060432.328068018,-2.241861963,8.973138152,3.579863622,-2.232758472,8.981059191,3.576498609,0.012527559
1609060432.376345158,-2.260294832,9.008756939,3.582527874,-2.247424503,9.015709771,3.579065247,0.015032532
1609060432.422329187,-2.272586546,9.046813668,3.585088577,-2.260140659,9.048605003,3.581732818,0.013014226
1609060432.479573011,-2.294620801,9.090527247,3.588571846,-2.284338977,9.117396105,3.585128501,0.028974266
1609060432.527909040,-2.305362621,9.130546177,3.590564249,-2.296349556,9.152608269,3.586794295,0.024128485
1609060432.578797102,-2.316136676,9.171146224,3.590923763,-2.305300063,9.186390821,3.587717179,0.018976620
1609060432.628079176,-2.324178150,9.213249366,3.592196315,-2.316126348,9.222034610,3.589404521,0.012239532
1609060432.681718111,-2.339202223,9.255465868,3.591513846,-2.322997783,9.258927202,3.590991511,0.016578225
1609060432.729138136,-2.345555707,9.296970253,3.592040112,-2.338843948,9.331186350,3.592674393,0.034873935
1609060432.780515194,-2.357015947,9.338185298,3.594186067,-2.346722152,9.368149993,3.592780707,0.031714669
1609060432.828166008,-2.362233185,9.380023163,3.594386652,-2.352884701,9.406997070,3.593405964,0.028564796
1609060432.878829002,-2.368922928,9.432252347,3.596746867,-2.358877969,9.447848921,3.593662551,0.018806045
1609060432.928115129,-2.372490361,9.479941014,3.595792359,-2.365756914,9.486116839,3.592868326,0.009593231
1609060432.980693102,-2.383655321,9.527518026,3.592807255,-2.369966569,9.525622940,3.591659502,0.013866889
1609060433.027698994,-2.386565521,9.573465378,3.590631054,-2.379583482,9.602326587,3.588813964,0.029749287
1609060433.081295013,-2.399062392,9.617426098,3.587265807,-2.386156891,9.640816891,3.586242923,0.026734387
1609060433.129487038,-2.404690469,9.664904701,3.585816174,-2.387085785,9.681502322,3.585585539,0.024196263
1609060433.178853035,-2.411995993,9.713724495,3.585949915,-2.392462032,9.721955622,3.584283224,0.021262759
1609060433.229087114,-2.417040702,9.763391664,3.585449741,-2.395106194,9.760305935,3.584576632,0.022167694
1609060433.281847000,-2.423134350,9.814281382,3.585560829,-2.402104084,9.845412035,3.585539284,0.037568472
1609060433.328270197,-2.427106110,9.861204120,3.586646465,-2.407319697,9.886656894,3.585961090,0.032246172
1609060433.378964186,-2.433194093,9.910272482,3.588272932,-2.408960127,9.926220773,3.587844480,0.029014077
1609060433.429242134,-2.438094837,9.962440203,3.590414946,-2.414582023,9.973421194,3.589814803,0.025957558
1609060433.479380131,-2.445971651,10.012679807,3.592519266,-2.419090767,10.021055688,3.592298097,0.028156459
1609060433.528609991,-2.449733505,10.063591939,3.594927973,-2.424545378,10.065100623,3.595008175,0.025233397
1609060433.579957008,-2.458340975,10.112775616,3.597707157,-2.430389834,10.108406995,3.597980980,0.028291803
1609060433.628313065,-2.461879428,10.163144975,3.599842195,-2.441206891,10.194968843,3.601509160,0.037985406
1609060433.678635120,-2.472060090,10.213107360,3.600728200,-2.446419459,10.235574745,3.603085257,0.034172812
1609060433.728372097,-2.478140296,10.265572624,3.602199079,-2.455473338,10.278976555,3.604086903,0.026401141
1609060433.782214165,-2.491733046,10.314176123,3.608795016,-2.464091984,10.321197834,3.605496263,0.028709136
1609060433.829161167,-2.500321302,10.361797798,3.610860120,-2.483929056,10.405934056,3.609257036,0.047109286
1609060433.880794048,-2.515196807,10.412009697,3.611917988,-2.495364391,10.445397601,3.609759941,0.038893881
1609060433.926801205,-2.525595607,10.458975505,3.613749515,-2.508385615,10.488781138,3.611329682,0.034502394
1609060433.981521130,-2.548862452,10.518751174,3.617537106,-2.521115839,10.531269012,3.613658652,0.030685717
1609060434.028669119,-2.563226790,10.567766077,3.620410139,-2.537095821,10.573911379,3.616147443,0.027180192
1609060434.082746029,-2.587337431,10.621728602,3.623357426,-2.571780904,10.657746143,3.622401515,0.039245159
1609060434.128036022,-2.605185733,10.668686570,3.627206897,-2.590254046,10.696102450,3.625222559,0.031281358
1609060434.179499149,-2.634542546,10.712695968,3.630051420,-2.610009531,10.733339947,3.628271066,0.032112495
1609060434.227372169,-2.659774133,10.760446730,3.634921440,-2.635943838,10.777353640,3.632823940,0.029293789
1609060434.278692007,-2.692004537,10.808101293,3.641602813,-2.665111405,10.823013024,3.636648408,0.031147173
1609060434.329144001,-2.723157334,10.855344151,3.647063052,-2.691334448,10.859961229,3.641359405,0.032658002
1609060434.378516197,-2.756935085,10.898351940,3.652347066,-2.721814850,10.900113319,3.646984978,0.035570850
1609060434.427966118,-2.790911854,10.942188449,3.659037573,-2.751235824,10.936183979,3.652285167,0.040691965
1609060434.478496075,-2.829443093,10.983001552,3.666459579,-2.814675341,11.005591281,3.661798959,0.027388022
1609060434.527953148,-2.866661636,11.024184188,3.674096374,-2.849699724,11.040642045,3.669474075,0.024081801
1609060434.579734087,-2.909905621,11.063591168,3.683324523,-2.883244760,11.072718011,3.675549531,0.029232709
1609060434.638806105,-2.958782708,11.109293961,3.691641845,-2.963387915,11.140408160,3.689065416,0.031558507
1609060434.685126066,-3.000759114,11.142930054,3.695999044,-3.003520023,11.171163785,3.696247387,0.028369489
1609060434.728393078,-3.038895207,11.175105888,3.702349473,-3.044664126,11.201326067,3.702720120,0.026849871
1609060434.779199123,-3.089013521,11.206614614,3.708535377,-3.087575642,11.229441302,3.709322441,0.022885468
1609060434.828484058,-3.135363351,11.240066147,3.715389280,-3.131126275,11.257756336,3.715530693,0.018191086
1609060434.881369114,-3.194097582,11.272208212,3.723728919,-3.175240035,11.284785069,3.722126813,0.022723361
1609060434.930052042,-3.242733122,11.301852418,3.730629361,-3.265545043,11.333078172,3.734385605,0.038852810
1609060434.979966164,-3.296892213,11.327538590,3.740978031,-3.310831016,11.355477566,3.740830939,0.031223360
1609060435.028119087,-3.346719219,11.353985798,3.747482161,-3.357219046,11.379357142,3.747554046,0.027458271
1609060435.079649210,-3.410095595,11.385023499,3.753153746,-3.402711440,11.401639223,3.753115789,0.018182669
1609060435.130227089,-3.465798357,11.412186558,3.760638385,-3.448592062,11.420081151,3.759052058,0.018997306
1609060435.181203127,-3.528907345,11.434458807,3.767896075,-3.545259162,11.461106055,3.772889576,0.031660587
1609060435.226970196,-3.579797115,11.457459795,3.775273779,-3.587111533,11.480048367,3.777703617,0.023867309
1609060435.280694008,-3.643026842,11.477882734,3.782667222,-3.636081210,11.496766042,3.784482464,0.020201887
1609060435.329034090,-3.700058932,11.499057675,3.793496491,-3.691595496,11.516593588,3.791403727,0.019583607
1609060435.379420996,-3.757741621,11.521064261,3.801207964,-3.742570738,11.536627396,3.798476415,0.021904982
1609060435.429876089,-3.813929043,11.541960208,3.807492559,-3.785710480,11.552834329,3.804138087,0.030426736
1609060435.481629133,-3.870292351,11.562613727,3.811829094,-3.878652602,11.585219522,3.813468131,0.024157861
1609060435.527260065,-3.918689577,11.581115148,3.815662366,-3.922608107,11.603000292,3.817607019,0.022318067
1609060435.578764200,-3.974272077,11.599462542,3.819301875,-3.964550346,11.620025071,3.821485113,0.022849424
1609060435.627921104,-4.023957951,11.619350480,3.822876221,-4.013370000,11.637706694,3.824559463,0.021257672
1609060435.678073168,-4.074725338,11.638528759,3.827314071,-4.061516154,11.655398190,3.828031163,0.021437688
1609060435.729574203,-4.126142674,11.659865900,3.831560520,-4.104392789,11.673149857,3.831984671,0.025489231
1609060435.779999018,-4.181602092,11.677169184,3.833820699,-4.147466098,11.690273943,3.834847264,0.036579428
1609060435.828428030,-4.228547158,11.697375627,3.837528845,-4.231249939,11.722987572,3.838944787,0.025793054
1609060435.881323099,-4.277178194,11.716543205,3.837910788,-4.268742816,11.739908951,3.842125584,0.025196789
1609060435.928601027,-4.319589998,11.736539569,3.840930129,-4.307876342,11.757853706,3.845518447,0.024749845
1609060435.979134083,-4.368233803,11.755103007,3.844347107,-4.348500304,11.775384390,3.848180983,0.028555981
1609060436.028963089,-4.412136095,11.777751571,3.847495424,-4.427813509,11.810442321,3.854617357,0.036948457
1609060436.079155207,-4.461418932,11.797146164,3.849599476,-4.467105504,11.830335803,3.857856829,0.034670926
1609060436.128490210,-4.506122732,11.820410406,3.852734348,-4.507230569,11.849616526,3.860426402,0.030222383
1609060436.178976059,-4.557759020,11.848164772,3.859811539,-4.548870258,11.868069521,3.862165901,0.021926061
1609060436.229210138,-4.604793328,11.873870270,3.864279638,-4.585625893,11.886268815,3.865792409,0.022878001
1609060436.281616211,-4.659131422,11.897594109,3.872589565,-4.670620887,11.925907002,3.875002960,0.030650485
1609060436.328548193,-4.705038559,11.922258279,3.879304377,-4.709804617,11.942609044,3.879347190,0.020901454
1609060436.378961086,-4.753836934,11.941378139,3.884338029,-4.749395044,11.960102096,3.884672679,0.019246530
1609060436.429300070,-4.805721341,11.963034457,3.892199735,-4.788878938,11.978312866,3.890937556,0.022774754
1609060436.481732130,-4.858964586,11.989273786,3.899968903,-4.871818607,12.015349567,3.899154751,0.029083243
1609060436.530310154,-4.910035724,12.012253698,3.905736880,-4.914952342,12.031625530,3.904155118,0.020048516
1609060436.580796003,-4.964145399,12.034912428,3.910792554,-4.957226884,12.049930327,3.909422534,0.016591567
1609060436.628488064,-5.015564253,12.056535918,3.916130607,-5.001849622,12.068743122,3.913587143,0.018535807
1609060436.680999994,-5.073319710,12.077158463,3.920404750,-5.049633572,12.086142415,3.917813433,0.025464867
1609060436.731419086,-5.129176488,12.098237629,3.924813149,-5.140343577,12.120907630,3.926426069,0.025322606
1609060436.778729200,-5.182315001,12.117299156,3.928617175,-5.186170236,12.138951295,3.930414137,0.022065970
1609060436.828267097,-5.236602569,12.138197905,3.933287502,-5.235708529,12.154813281,3.934649348,0.016695048
1609060436.880110025,-5.294805567,12.155321690,3.939229449,-5.285745630,12.171349307,3.937899435,0.018459034
1609060436.929759979,-5.350028299,12.174543974,3.943457039,-5.333234951,12.186954024,3.941491847,0.020973504
1609060436.981503010,-5.408458193,12.190367812,3.949925279,-5.428496048,12.218924999,3.947736060,0.034954559
1609060437.028449059,-5.460434938,12.207309931,3.954113595,-5.475191943,12.231561635,3.951100900,0.028548041
1609060437.082385063,-5.521019620,12.223069042,3.958941085,-5.523356526,12.245740112,3.953833898,0.023356410
1609060437.128386021,-5.571675650,12.238610360,3.962899924,-5.570492162,12.260004033,3.957238194,0.022161793
1609060437.181104183,-5.631744128,12.252053575,3.965747064,-5.619813046,12.273187325,3.960395929,0.024851976
1609060437.229670048,-5.685254392,12.266779635,3.969262942,-5.716446949,12.296011042,3.965109117,0.042950030
1609060437.279520988,-5.748717207,12.283450151,3.969015341,-5.760260989,12.308128894,3.967670351,0.027278348
1609060437.328559160,-5.804288317,12.298373286,3.971380482,-5.809289441,12.319254673,3.968880810,0.021616935
1609060437.379776001,-5.865505750,12.309821718,3.973748374,-5.858147002,12.328179575,3.970229480,0.020088422
1609060437.437894106,-5.933037071,12.326431768,3.974823720,-5.953724271,12.348903358,3.973163267,0.030589045
1609060437.484019995,-5.981920091,12.335118261,3.976661519,-6.002846764,12.357961887,3.973883037,0.031104289
1609060437.532320023,-6.037783383,12.344615801,3.978328940,-6.051729922,12.365802248,3.973525681,0.025815553
1609060437.579575062,-6.092719859,12.355639190,3.979200692,-6.100843897,12.373422206,3.974162831,0.020189495
1609060437.628848076,-6.149341687,12.365922894,3.979892668,-6.149261124,12.382359361,3.975374327,0.017046388
1609060437.681441069,-6.208446681,12.375125610,3.980261215,-6.197300445,12.389491899,3.976439024,0.018580581
1609060437.729734182,-6.263510385,12.383016196,3.981237797,-6.245033827,12.394081253,3.976363253,0.022081210
1609060437.780804157,-6.321225897,12.389151988,3.982304594,-6.338829442,12.405688985,3.978534885,0.024445200
1609060437.827929020,-6.374824705,12.395695102,3.984039877,-6.387489804,12.410882135,3.979048926,0.020395104
1609060437.880667210,-6.433995335,12.400317330,3.986643972,-6.433938820,12.413628975,3.980318106,0.014738375
1609060437.929320097,-6.487934062,12.406625521,3.988397952,-6.480615700,12.418327874,3.980236853,0.016034557
1609060437.980836153,-6.545375956,12.408067531,3.988509821,-6.571256249,12.427007231,3.982718795,0.032588921
1609060438.029119015,-6.599090823,12.412441260,3.989712368,-6.617515351,12.428296124,3.982984920,0.025220993
1609060438.079920053,-6.653971474,12.414627603,3.992705583,-6.664364715,12.430640562,3.983231439,0.021311821
1609060438.129821062,-6.708487193,12.418290571,3.993493503,-6.709647075,12.432922960,3.982992289,0.018047926
1609060438.180252075,-6.763498853,12.418601317,3.990990774,-6.757967465,12.435035331,3.982985449,0.019098646
1609060438.228499174,-6.815098406,12.421005078,3.990516002,-6.853154772,12.434965034,3.982423613,0.041335870
1609060438.280722141,-6.870553690,12.421389761,3.989007949,-6.898395451,12.436802841,3.981574724,0.032679955
1609060438.328006983,-6.920572540,12.423121019,3.987873778,-6.942258535,12.437451731,3.980902735,0.026911840
1609060438.379569054,-6.983711635,12.423073782,3.987677153,-6.991522316,12.436298372,3.979768272,0.017275616
1609060438.429699183,-7.038739761,12.424372955,3.987223185,-7.037603020,12.434505609,3.979229405,0.012956210
1609060438.481365204,-7.097513832,12.421441861,3.984343545,-7.083557280,12.434812533,3.977817164,0.020399850
1609060438.528198004,-7.149141321,12.421661273,3.983500713,-7.172689865,12.433250204,3.976410649,0.027186508
1609060438.580866098,-7.200861561,12.415767757,3.981104048,-7.216762421,12.430710938,3.975753974,0.022466849
1609060438.628835201,-7.255037666,12.413642111,3.981883859,-7.263250399,12.428829294,3.974831397,0.018650381
1609060438.681217194,-7.312972503,12.411715856,3.980383895,-7.305885055,12.427593837,3.973647050,0.018647447
1609060438.729390144,-7.365979793,12.408826008,3.978911627,-7.399709107,12.419950223,3.972444449,0.036100404
1609060438.779657125,-7.420332984,12.404333169,3.977069796,-7.441733736,12.417645736,3.971652180,0.025779201
1609060438.827876091,-7.473671757,12.400861575,3.974785644,-7.485562855,12.415052914,3.970282020,0.019054525
1609060438.878496170,-7.528807128,12.395980039,3.971097324,-7.531473234,12.411586558,3.969007779,0.015969901
1609060438.928888083,-7.583155651,12.391347737,3.968534018,-7.576632246,12.406833874,3.966969318,0.016876716
1609060438.980331182,-7.638447437,12.384664525,3.966700994,-7.665601839,12.398764276,3.964176639,0.030700764
1609060439.027786016,-7.689123314,12.380563771,3.964623322,-7.707291075,12.394991591,3.961538754,0.023403933
1609060439.079364061,-7.740067285,12.373012804,3.962383721,-7.751289662,12.388380796,3.959934558,0.019186332
1609060439.130916119,-7.793783125,12.367598137,3.959973022,-7.794065845,12.382791249,3.958340504,0.015283184
1609060439.180733204,-7.843719347,12.360517659,3.957235590,-7.875076673,12.373313919,3.953378944,0.034086652
1609060439.228211164,-7.892278783,12.354784328,3.955256799,-7.917569324,12.366472171,3.953036174,0.027949031
1609060439.281038046,-7.947859720,12.345693057,3.952964813,-7.961580111,12.360627355,3.953238681,0.020281947
1609060439.327913046,-7.995046493,12.339596179,3.950979268,-8.000543595,12.354232283,3.949211696,0.015733975
1609060439.379565001,-8.046343009,12.329783528,3.949628458,-8.045294231,12.347035470,3.948176705,0.017344654
1609060439.429732084,-8.096038364,12.322513692,3.947730606,-8.131283413,12.331487948,3.943026439,0.036672604
1609060439.481400013,-8.155875629,12.313583302,3.944178720,-8.171640797,12.324674808,3.941007632,0.019535041
1609060439.539367199,-8.215784317,12.304258578,3.941809330,-8.210948653,12.317295637,3.939783229,0.014051820
1609060439.587499142,-8.269123450,12.291792784,3.938877993,-8.295865819,12.298561476,3.935850767,0.027751281
1609060439.636876106,-8.320818798,12.282541791,3.936939744,-8.336077537,12.291228436,3.935433471,0.017622593
1609060439.681042194,-8.361083836,12.269753882,3.936945477,-8.375908248,12.282761801,3.932798673,0.020153539
1609060439.728736162,-8.410308545,12.258216978,3.935071111,-8.419225850,12.273483739,3.931960094,0.017951901
1609060439.779679060,-8.462014862,12.247277154,3.932761002,-8.462383077,12.262436265,3.928975334,0.015628996
1609060439.829038143,-8.511773198,12.235719167,3.929852620,-8.500990989,12.254341121,3.926803516,0.021733160
1609060439.881503105,-8.563969417,12.222035130,3.926331618,-8.582608321,12.235360108,3.921152984,0.023490041
1609060439.928616047,-8.609334303,12.211555623,3.922810129,-8.622909806,12.225190384,3.918054688,0.019819566
1609060439.981040001,-8.658863236,12.200049140,3.919187870,-8.660759815,12.215863294,3.915188485,0.016421923
1609060440.027599096,-8.702552359,12.189795503,3.915820662,-8.696939363,12.207971560,3.912146497,0.019374577
1609060440.081411123,-8.751704782,12.176298532,3.912190403,-8.738863665,12.196639608,3.908858414,0.024284889
1609060440.128535032,-8.795045604,12.166101443,3.908998994,-8.813828547,12.177357898,3.902314139,0.022895283
1609060440.180097103,-8.840202368,12.154651662,3.904074404,-8.850008172,12.168000287,3.899035348,0.017312759
1609060440.225985050,-8.880397076,12.144726071,3.900361615,-8.886977064,12.158726090,3.896991513,0.015832067
1609060440.279961109,-8.925662453,12.130689265,3.891633957,-8.925069388,12.147628443,3.891517700,0.016949956
1609060440.329184055,-8.966441163,12.120501886,3.886458835,-8.996413908,12.127530086,3.883895431,0.030892266
1609060440.378593206,-9.007817030,12.108230892,3.883841358,-9.032391001,12.116843850,3.880848000,0.026211129
1609060440.426942110,-9.046782051,12.098026443,3.879569359,-9.066610822,12.107626023,3.877096535,0.022168604
1609060440.478640079,-9.086253662,12.085870753,3.874666700,-9.103255596,12.096308598,3.873741432,0.019971742
1609060440.528146982,-9.124628800,12.075018408,3.871007487,-9.133601345,12.088091923,3.870718158,0.015858975
1609060440.580146074,-9.172924844,12.061652229,3.865516273,-9.203542026,12.067012972,3.864735669,0.031092744
1609060440.629389048,-9.211472229,12.051442619,3.862632508,-9.234939533,12.057256873,3.862197479,0.024180760
1609060440.676387072,-9.249723699,12.040908335,3.861547623,-9.265478887,12.047573466,3.860038250,0.017173471
1609060440.727923155,-9.289658846,12.029418463,3.858831164,-9.294957424,12.038777329,3.857603340,0.010824549
1609060440.786754131,-9.330247952,12.015200293,3.854612802,-9.357044099,12.019582368,3.853618383,0.027170295
1609060440.827316999,-9.358739370,12.005020972,3.852738513,-9.383720641,12.012456027,3.851959003,0.026075881
1609060440.875877142,-9.393369805,11.994416920,3.851123624,-9.412767253,12.003011544,3.851107126,0.021216240
1609060440.931124210,-9.432268953,11.981896988,3.849424934,-9.441970379,11.993686888,3.849869016,0.015274705
1609060440.979609013,-9.465781091,11.970976191,3.848564812,-9.471253918,11.984465138,3.849935816,0.014621326
1609060441.028758049,-9.498969634,11.960153269,3.849425690,-9.525211032,11.967515170,3.850990856,0.027299420
1609060441.129243135,-9.565279332,11.937835883,3.851500839,-9.554205702,11.957531856,3.851012649,0.022600773
1609060441.182025194,-9.598413462,11.926229879,3.851210346,-9.605034982,11.941310439,3.854372272,0.016770975
1609060441.228152037,-9.626627383,11.916650068,3.851830291,-9.631794921,11.931376420,3.854889203,0.015903642
1609060441.280858994,-9.656967219,11.903264955,3.853161826,-9.681577607,11.912874056,3.856352544,0.026611777
1609060441.329025030,-9.685266729,11.893042229,3.854599313,-9.705555112,11.904379323,3.859555278,0.023763623
1609060441.378175020,-9.712484407,11.882174055,3.857870386,-9.730187151,11.894131874,3.860117461,0.021480827
1609060441.428585052,-9.740942921,11.870491435,3.860069707,-9.757245286,11.882557490,3.862368963,0.020411843
1609060441.478903055,-9.769815169,11.857259272,3.861261258,-9.781497512,11.871561057,3.863799913,0.018640359
1609060441.537096977,-9.802490121,11.843631996,3.864347837,-9.831071776,11.849777423,3.867460617,0.029400113
1609060441.583423138,-9.828300330,11.832521035,3.868465135,-9.855486184,11.836962246,3.869696983,0.027573764
1609060441.627671003,-9.852470373,11.820774801,3.871751759,-9.876818269,11.824717799,3.871993626,0.024666288
1609060441.680040121,-9.887628360,11.799909815,3.876740711,-9.900562211,11.809902413,3.873792472,0.016608089
1609060441.728864193,-9.916481589,11.782134059,3.880208603,-9.924873037,11.793486411,3.875541122,0.014868681
1609060441.781987190,-9.947050714,11.758750770,3.883331020,-9.951138609,11.774670770,3.878257984,0.017201540
1609060441.830039978,-9.975571519,11.737319304,3.886679778,-9.998583556,11.736797988,3.882856553,0.023333295
1609060441.894683123,-10.010166757,11.707259118,3.886240302,-10.024627760,11.713203178,3.883309320,0.015907329
1609060441.930989981,-10.031149622,11.685105496,3.888001493,-10.049610093,11.689545831,3.885560810,0.019143210
1609060441.978468180,-10.059381643,11.658124041,3.890447096,-10.073495403,11.665859356,3.887333235,0.016392970
1609060442.026913166,-10.088823917,11.627273227,3.893136565,-10.098497308,11.638895118,3.889518407,0.015547795
1609060442.082087994,-10.122487684,11.591281938,3.897056885,-10.125765232,11.608507917,3.891542420,0.018381675
1609060442.129801989,-10.151338811,11.556054930,3.898851466,-10.174657646,11.547086709,3.895820386,0.025167131
1609060442.180477142,-10.181254444,11.516829061,3.900277960,-10.198155769,11.514079188,3.898209529,0.017248043
1609060442.228999138,-10.210997769,11.474943942,3.903994173,-10.225802445,11.476279163,3.901329104,0.015101782
1609060442.280194044,-10.241654424,11.428208848,3.908685878,-10.252962325,11.436877277,3.904898019,0.014743072
1609060442.330140114,-10.272138205,11.379966601,3.912039898,-10.276869282,11.396752684,3.908882968,0.017723484
1609060442.380113125,-10.302947216,11.329881152,3.918086273,-10.328019975,11.309389666,3.915054584,0.032522844
1609060442.429234982,-10.332661492,11.276875761,3.922369495,-10.355793422,11.261056678,3.918665363,0.028267475
1609060442.480772018,-10.363531456,11.220479922,3.929106916,-10.378909022,11.215222607,3.922996779,0.017362104
1609060442.528684139,-10.391539357,11.165218579,3.934335201,-10.403611974,11.165830751,3.927382289,0.013945101
1609060442.580502987,-10.419588240,11.103724652,3.939592625,-10.426366943,11.117451548,3.931767976,0.017193128
1609060442.628773212,-10.446467720,11.044868146,3.945102151,-10.475658597,11.010039092,3.941398524,0.045594815
1609060442.681797981,-10.474528424,10.979477802,3.948332230,-10.499406344,10.957387914,3.946288858,0.033332408
1609060442.728772163,-10.498988156,10.920906802,3.953656599,-10.522223912,10.903445191,3.951238587,0.029165990
1609060442.780261040,-10.530503116,10.844335129,3.959503077,-10.545953130,10.846012357,3.957340473,0.015690536
1609060442.829646111,-10.556236077,10.777206539,3.965524926,-10.567463445,10.790472819,3.963111508,0.017546297
1609060442.881582022,-10.584839236,10.700515141,3.974754194,-10.610120844,10.674202404,3.974890712,0.036490252
1609060442.927739143,-10.608194306,10.634823399,3.981108024,-10.630486107,10.615388554,3.982863305,0.029626316
1609060442.978944063,-10.632045373,10.566093080,3.989473368,-10.650354777,10.557483356,3.988765973,0.020245049
1609060443.029739141,-10.656707578,10.494527510,3.999211212,-10.667640179,10.501225844,3.996540108,0.013096726
1609060443.082411051,-10.680335162,10.419971489,4.009154532,-10.703222800,10.388260227,4.012055141,0.039215579
1609060443.127682209,-10.699189576,10.357012396,4.018283767,-10.719061465,10.333461905,4.020962599,0.030930466
1609060443.179086208,-10.718653427,10.288191381,4.028604104,-10.734504564,10.276022144,4.030612916,0.020084427
1609060443.228727102,-10.736681708,10.221422567,4.039063078,-10.747671477,10.223435635,4.039856132,0.011200732
1609060443.281817198,-10.755120803,10.152895092,4.049531054,-10.761300619,10.169887328,4.049017210,0.018088401
1609060443.328857183,-10.769482764,10.091862783,4.059015312,-10.787473434,10.060306800,4.067649139,0.037336139
1609060443.380503178,-10.783397629,10.026072832,4.069063749,-10.799230244,10.005679393,4.077120370,0.027045761
1609060443.427570105,-10.795413060,9.967083166,4.078819694,-10.809462319,9.951704572,4.086682739,0.022264552
1609060443.482220173,-10.807634177,9.901148983,4.089820291,-10.819844471,9.897426469,4.095459523,0.013955262
1609060443.528699160,-10.816717860,9.845652001,4.099171249,-10.828028378,9.845254000,4.103926195,0.012275819
1609060443.588477135,-10.828081764,9.776472518,4.113838069,-10.843211467,9.745925654,4.120020807,0.034644553
1609060443.632436991,-10.834327911,9.725985071,4.123098698,-10.850036836,9.697952827,4.128303564,0.032552537
1609060443.679489136,-10.841133714,9.672551769,4.129922715,-10.854300629,9.651834597,4.135414555,0.025154108
1609060443.728943110,-10.846379156,9.616986876,4.139369873,-10.858134278,9.604181995,4.144060026,0.018004039
1609060443.781625986,-10.852524557,9.558813109,4.150974598,-10.862472214,9.556853065,4.151824761,0.010174499
1609060443.830082178,-10.855769618,9.507367542,4.160144926,-10.867187144,9.463810251,4.166983835,0.045545231
1609060443.879235983,-10.859445323,9.449743602,4.167870943,-10.869194680,9.421396587,4.174246267,0.030647153
1609060443.928887129,-10.860914984,9.397039852,4.177631252,-10.870814716,9.377569491,4.183476393,0.022611177
1609060443.980231047,-10.861921237,9.341701961,4.186127445,-10.872353538,9.334617832,4.190146337,0.013235154
1609060444.029864073,-10.861324068,9.290756931,4.195212299,-10.871406638,9.291868606,4.197081334,0.010314424
1609060444.080605030,-10.859721048,9.244586351,4.204856457,-10.869179195,9.251399366,4.203475239,0.011738036
1609060444.129366159,-10.858762581,9.198341505,4.212779485,-10.866086532,9.171810422,4.216538048,0.027778866
1609060444.179435015,-10.856013064,9.151145959,4.220652324,-10.863028584,9.136099469,4.222592110,0.016714580
1609060444.228093147,-10.852309072,9.104563034,4.228535828,-10.859069624,9.101361487,4.229006775,0.007495116
1609060444.281483173,-10.848426583,9.055495946,4.237751839,-10.856393835,9.065777780,4.235223115,0.013250949
1609060444.331593037,-10.843678622,9.010800193,4.246769991,-10.846400506,8.990729536,4.248414762,0.020321053
1609060444.387536049,-10.837849227,8.962004191,4.256030814,-10.841249659,8.957035231,4.255177032,0.006081319
1609060444.432651043,-10.831946879,8.926844230,4.262293756,-10.837198822,8.921121633,4.260066668,0.008080281
1609060444.485102177,-10.824950694,8.886864609,4.269314114,-10.831979040,8.887524035,4.265475358,0.008035455
1609060444.534483194,-10.817962638,8.849774939,4.275847339,-10.825267407,8.856433118,4.271192556,0.010925108
1609060444.581612110,-10.810994196,8.816229988,4.281363344,-10.818583687,8.825321304,4.276551078,0.012783204
1609060444.630171061,-10.802475831,8.782474595,4.286899685,-10.805344289,8.766356835,4.285877199,0.016402918
1609060444.679744005,-10.794143400,8.750212592,4.288922863,-10.796832994,8.738668140,4.289594244,0.011872618
1609060444.729159117,-10.784830561,8.718964567,4.293194352,-10.788703236,8.710844542,4.293437971,0.008999543
1609060444.780722141,-10.776946821,8.688564302,4.301423838,-10.780894572,8.683689217,4.298414013,0.006957747
1609060444.830566168,-10.767823572,8.660449519,4.305912810,-10.772921298,8.658979272,4.301243259,0.007067753
1609060444.881223202,-10.758027119,8.632630794,4.310897889,-10.764651357,8.634372535,4.303689530,0.009943572
1609060444.930093050,-10.748291073,8.605654030,4.314529605,-10.748383022,8.588583374,4.309470633,0.017804745
1609060444.979432106,-10.736943605,8.579805001,4.311936781,-10.740321411,8.568639370,4.311621949,0.011669619
1609060445.028347015,-10.727231274,8.557083704,4.313279726,-10.731888316,8.547615868,4.314027655,0.010577682
1609060445.081011057,-10.716897225,8.533477603,4.315677049,-10.723676192,8.528563541,4.315716224,0.008372809
1609060445.129235029,-10.707548605,8.515163211,4.316401978,-10.716229643,8.513025182,4.315118523,0.009032100
1609060445.181812048,-10.701303291,8.499003478,4.322538242,-10.709005259,8.498945440,4.318408096,0.008739668
1609060445.228995085,-10.694335497,8.485990379,4.325035456,-10.695886965,8.475247390,4.317602439,0.013155555
1609060445.280653000,-10.687048515,8.474360306,4.325490130,-10.690046770,8.466669802,4.319224186,0.010363178
1609060445.329303980,-10.680172562,8.466435752,4.325769758,-10.684549583,8.460829567,4.318412402,0.010233196
1609060445.380624056,-10.673450159,8.462138111,4.326012357,-10.681217311,8.456423056,4.317563977,0.012820516
1609060445.430977106,-10.669844569,8.460452782,4.326239071,-10.678549465,8.454829020,4.315612931,0.014843071
1609060445.480096102,-10.668384010,8.462447009,4.326543589,-10.673994686,8.461780235,4.314207553,0.013568421
1609060445.528472185,-10.668027478,8.468688565,4.325578113,-10.674643132,8.468412485,4.312531232,0.014630933
1609060445.578977108,-10.670818974,8.477610675,4.324192964,-10.677512965,8.477178500,4.311037311,0.014767108
1609060445.621975183,-10.675544800,8.488355920,4.322804774,-10.684246471,8.487676918,4.308965039,0.016362102
1609060445.681045055,-10.691042452,8.504679130,4.320240955,-10.695299766,8.500391912,4.306086232,0.015390294
1609060445.731163979,-10.708835122,8.522588252,4.317456920,-10.708852575,8.515727215,4.305406082,0.013867113
1609060445.780709028,-10.728904486,8.543431084,4.310659818,-10.746134887,8.551189793,4.298670423,0.022379228
1609060445.828881025,-10.752386594,8.565661244,4.307690545,-10.768350377,8.572258392,4.297093013,0.020265054
1609060445.880499125,-10.777819365,8.591000657,4.306265096,-10.792578377,8.594063050,4.295049427,0.018788239
1609060445.927330017,-10.806673503,8.617015038,4.303929481,-10.820810407,8.619531360,4.293308938,0.017860007
1609060445.979900122,-10.840867221,8.646196117,4.306085098,-10.851604961,8.647640999,4.292093570,0.017696034
1609060446.029411077,-10.876951243,8.676505713,4.305696396,-10.881415610,8.672701561,4.291343696,0.015504907
1609060446.081185102,-10.925668699,8.711242210,4.314735902,-10.953772397,8.730169906,4.289711959,0.042122123
1609060446.131128073,-10.971647505,8.744129671,4.316340410,-10.993791774,8.759870618,4.288977784,0.038559815
1609060446.178665161,-11.020673360,8.777583320,4.309465400,-11.034327798,8.788470947,4.287095344,0.028379632
1609060446.228984118,-11.073469736,8.812286203,4.308046856,-11.079141575,8.819246099,4.287660674,0.022275689
1609060446.281457186,-11.128139138,8.848653201,4.289428760,-11.124886805,8.846997117,4.286385387,0.004752095
1609060446.328745127,-11.183587715,8.880265201,4.287548850,-11.219196782,8.902671747,4.281085219,0.042565684
1609060446.380972147,-11.246061447,8.914020657,4.283302276,-11.264809517,8.929133632,4.278986669,0.024464599
1609060446.428580046,-11.302958401,8.944818304,4.278812767,-11.316683974,8.957496139,4.275969685,0.018899788
1609060446.480714083,-11.365655303,8.979661085,4.273450641,-11.368412785,8.985004158,4.272898092,0.006038000
1609060446.528998137,-11.423333598,9.010350607,4.268480650,-11.419630348,9.013818649,4.270494245,0.005458565
1609060446.580425978,-11.482106563,9.042856297,4.262818787,-11.516659526,9.068718983,4.262173499,0.043164826
1609060446.628514051,-11.534170741,9.072588137,4.257185392,-11.563119600,9.095208820,4.257390994,0.036739271
1609060446.680069208,-11.588506374,9.103853615,4.251417647,-11.606448684,9.121007864,4.252498149,0.024846775
1609060446.731581211,-11.641472597,9.134915722,4.245017099,-11.649330588,9.148314080,4.248202018,0.015855842
1609060446.780048132,-11.688988060,9.164775338,4.246324511,-11.692640834,9.174227111,4.243259145,0.010586559
1609060446.829411983,-11.735305610,9.192964541,4.241655044,-11.735750319,9.199356664,4.239086918,0.006903063
1609060446.880906105,-11.784324996,9.224616077,4.232624466,-11.817039114,9.251696887,4.229726058,0.042567412
1609060446.930359125,-11.826079481,9.253196086,4.227654761,-11.854441348,9.276882011,4.224579134,0.037079348
1609060446.979737997,-11.867831149,9.280702591,4.216968356,-11.890800431,9.302618882,4.220096648,0.031901379
1609060447.028401136,-11.906932466,9.311033561,4.211796369,-11.925569533,9.330045440,4.215541429,0.026885262
1609060447.082936049,-11.946701449,9.342365072,4.213430265,-11.955594171,9.355604054,4.210560634,0.016204504
1609060447.130169153,-11.975734756,9.369700920,4.209043881,-12.007855030,9.405438105,4.201178190,0.048690117
1609060447.180736065,-12.007077435,9.403289651,4.200375315,-12.030735744,9.430845558,4.196537362,0.036520863
1609060447.229449034,-12.031251404,9.432273260,4.194811871,-12.051658063,9.455754064,4.192369416,0.031204895
1609060447.281094074,-12.057390452,9.466525690,4.188271054,-12.071835642,9.481591532,4.188326726,0.020872140
1609060447.330182076,-12.079047162,9.496392170,4.183214941,-12.091152186,9.506412782,4.185498864,0.015879564
1609060447.375482082,-12.099568375,9.523989195,4.182380043,-12.123978913,9.556675436,4.177846500,0.041046531
1609060447.423263073,-12.116710316,9.554833879,4.179493779,-12.137752105,9.582668600,4.176404410,0.035029598
1609060447.477159977,-12.133290770,9.590409609,4.176018721,-12.148720240,9.606702616,4.172307402,0.022744330
1609060447.528703213,-12.147071463,9.623021661,4.171393226,-12.159652369,9.633535533,4.167288206,0.016901831
1609060447.581300020,-12.160083240,9.654377779,4.165503901,-12.168241861,9.657991014,4.164941006,0.008940661
1609060447.628663063,-12.170723816,9.684802482,4.161741653,-12.184239516,9.708765045,4.159338568,0.027616179
1609060447.681246996,-12.181771744,9.719587287,4.158696129,-12.190399582,9.733236365,4.155138946,0.016534523
1609060447.728794098,-12.188945290,9.749524188,4.154491007,-12.197005013,9.759302400,4.151966027,0.012920839
1609060447.778280020,-12.194933965,9.779610871,4.149477659,-12.201710420,9.787162588,4.149457900,0.010146386
1609060447.830143213,-12.200947112,9.813032480,4.145447083,-12.205603751,9.813767714,4.144889103,0.004747230
1609060447.882296085,-12.206598672,9.848107994,4.144421045,-12.215940604,9.871106439,4.139471222,0.025312071
1609060447.928719997,-12.211884024,9.880145626,4.141239477,-12.219605768,9.898439333,4.134570997,0.020946447
1609060447.979175091,-12.219567363,9.914401906,4.131299477,-12.225640223,9.926629612,4.131997840,0.013670557
1609060448.028673172,-12.226237843,9.946640059,4.126486166,-12.231086071,9.951969307,4.130260604,0.008133423
1609060448.081704140,-12.235000951,9.981937687,4.122453216,-12.239608534,9.980692273,4.125477221,0.005650264
1609060448.130548000,-12.244669728,10.016496799,4.118187786,-12.254955532,10.037082020,4.121273354,0.023217877
1609060448.182169199,-12.257045940,10.049502886,4.122488421,-12.264050884,10.064378203,4.119192763,0.016769188
1609060448.228177071,-12.266826818,10.078907082,4.120540027,-12.272376535,10.093256339,4.116382381,0.015936955
1609060448.279637098,-12.279810088,10.114106179,4.116999707,-12.283666020,10.121992820,4.114404987,0.009154228
1609060448.330150127,-12.293475089,10.146099663,4.115280846,-12.295017452,10.148043479,4.113725377,0.002928616
1609060448.380889177,-12.310742299,10.181284668,4.111720133,-12.322679614,10.203464141,4.112076686,0.025190387
1609060448.430328131,-12.329392715,10.215305692,4.111158998,-12.339148587,10.232592940,4.111562189,0.019854182
1609060448.481029034,-12.348596329,10.251714466,4.110111188,-12.355979273,10.260904486,4.111095664,0.011829350
1609060448.528560162,-12.368150889,10.284155586,4.113276883,-12.373568396,10.290064334,4.112586442,0.008046080
1609060448.582046986,-12.392118636,10.320072852,4.114499966,-12.392242588,10.315744240,4.112371686,0.004825124
1609060448.629378080,-12.414330955,10.350809955,4.114536343,-12.432918091,10.369737257,4.114337638,0.026528548
1609060448.682945013,-12.441412770,10.385775743,4.114307595,-12.454346120,10.396261479,4.115780236,0.016714989
1609060448.728159189,-12.464527321,10.414493900,4.115576482,-12.475441418,10.421038557,4.116403035,0.012752774
1609060448.781961203,-12.493751368,10.446747602,4.117458582,-12.500005318,10.446947196,4.118883325,0.006417291
1609060448.830974102,-12.521693632,10.474875833,4.119477286,-12.523574585,10.470061022,4.120193754,0.005218594
1609060448.882435083,-12.550949119,10.502790831,4.121702233,-12.572886452,10.515109288,4.121854327,0.025159772
1609060448.929800034,-12.578577455,10.528645152,4.123755052,-12.599425823,10.538243207,4.123723934,0.022951647
1609060448.980499029,-12.610664842,10.555048826,4.126846513,-12.624608681,10.559193484,4.124953707,0.014669409
1609060449.029496193,-12.640914417,10.579373282,4.129280128,-12.652554709,10.583523525,4.126282791,0.012716327
1609060449.081385136,-12.674808136,10.603997461,4.132788512,-12.682939484,10.604695444,4.128546873,0.009197690
1609060449.129601002,-12.704418321,10.626287639,4.135636295,-12.710736261,10.624208179,4.130713865,0.008274710
1609060449.182257175,-12.740887809,10.650176780,4.140646347,-12.767039277,10.663093965,4.135610724,0.029599163
1609060449.229597092,-12.771592314,10.669471880,4.143865986,-12.792593344,10.680557555,4.136993587,0.024721758
1609060449.281344175,-12.806638299,10.689466065,4.144204915,-12.821144240,10.697588871,4.138063289,0.017723484
1609060449.328800201,-12.837796678,10.707612616,4.147330829,-12.850144373,10.716092455,4.141037690,0.016247364
1609060449.380174160,-12.875788296,10.728423700,4.150721082,-12.881815983,10.733346003,4.142872568,0.011052658
1609060449.429436207,-12.910818018,10.745832950,4.153614443,-12.912384404,10.748204934,4.144857782,0.009206465
1609060449.481356144,-12.949880626,10.765396873,4.153788441,-12.971840194,10.776922984,4.147379562,0.025615378
1609060449.530636072,-12.984018016,10.780108213,4.155722211,-13.001146482,10.790040247,4.148723499,0.021000277
1609060449.580252171,-13.018395571,10.795647477,4.154728869,-13.029499540,10.801588080,4.149456160,0.013652484
1609060449.629147053,-13.051451978,10.808596269,4.155814633,-13.057782111,10.814609535,4.150434557,0.010255494
1609060449.680668116,-13.087477905,10.822596100,4.156060713,-13.088774447,10.824323268,4.151041214,0.005464385
1609060449.730679035,-13.122108937,10.834920899,4.155733683,-13.115796077,10.835964348,4.151233898,0.007822343
1609060449.780331135,-13.157364932,10.846226798,4.155278366,-13.177453511,10.853978993,4.151955481,0.021787361
1609060449.829497099,-13.191649491,10.856194854,4.155282743,-13.207514554,10.862970596,4.152216333,0.017521808
1609060449.881090164,-13.226862282,10.865999614,4.155998669,-13.237319647,10.870305895,4.152932812,0.011717509
1609060449.932608128,-13.262698914,10.875676238,4.155031803,-13.269759377,10.877400723,4.152277593,0.007772366
1609060449.981177092,-13.296206638,10.883653730,4.154311459,-13.302207454,10.884130604,4.152990028,0.006163066
1609060450.029534101,-13.330153851,10.889393940,4.155394740,-13.331559016,10.889898523,4.153208877,0.002647090
1609060450.083388090,-13.368856734,10.894574646,4.158298441,-13.394222629,10.896181438,4.154714288,0.025668201
1609060450.135148048,-13.405822777,10.898487432,4.158893953,-13.424725471,10.898459132,4.153499124,0.019657488
1609060450.181058168,-13.440151410,10.900609255,4.153628601,-13.453131565,10.901180662,4.155647510,0.013148647
1609060450.228619099,-13.474498028,10.902354472,4.154076346,-13.485855793,10.901615493,4.156144239,0.011568107
1609060450.282606125,-13.514280930,10.906937454,4.160697063,-13.518695374,10.903315601,4.156738835,0.006947856
1609060450.330546141,-13.550944555,10.909512066,4.163164966,-13.581498267,10.907478475,4.156779562,0.031279996
1609060450.379955053,-13.586227402,10.909448786,4.163173997,-13.611913175,10.907490066,4.160075553,0.025946019
1609060450.428682089,-13.620538666,10.909455449,4.164939895,-13.644110414,10.907383925,4.160692907,0.024040704
1609060450.482573032,-13.665432156,10.912787991,4.164222480,-13.676141387,10.908629688,4.160553072,0.012060003
1609060450.531778097,-13.704445688,10.914380250,4.164513831,-13.710102204,10.909696283,4.161543229,0.007922134
1609060450.581305027,-13.747650581,10.915019344,4.164425039,-13.782273074,10.909636588,4.162177724,0.035110419
1609060450.629453182,-13.787709049,10.915544865,4.165207467,-13.817640933,10.911812412,4.164140068,0.030182582
1609060450.681060076,-13.833582874,10.920918765,4.166333369,-13.855848101,10.915112950,4.165378286,0.023029546
1609060450.728013039,-13.876322390,10.926023342,4.169720135,-13.894317255,10.917821763,4.165572428,0.020206052
1609060450.781613111,-13.926527147,10.934267332,4.172074288,-13.933096969,10.924568179,4.168173111,0.012347279
1609060450.828855038,-13.970187309,10.941782724,4.173385896,-13.970779122,10.930731312,4.166718219,0.012920599
1609060450.881541014,-14.019511875,10.952608561,4.173786843,-14.053824496,10.949161480,4.169715153,0.034724876
1609060450.930435181,-14.066733663,10.965493172,4.176523767,-14.093313337,10.960139577,4.170801788,0.027710667
1609060450.980435133,-14.115372952,10.981220479,4.180006587,-14.133494858,10.973869229,4.168965540,0.022457717
1609060451.032390118,-14.167704920,10.999952007,4.178847631,-14.177736031,10.990678875,4.170095946,0.016223630
1609060451.090063095,-14.225611517,11.021485412,4.178238207,-14.269042677,11.026748210,4.173653960,0.043988384
1609060451.134982109,-14.271974238,11.041749563,4.178493543,-14.312831816,11.046805931,4.173356386,0.041488540
1609060451.179135084,-14.320367216,11.063588220,4.171871630,-14.354738938,11.068656401,4.175284457,0.034910588
1609060451.228018999,-14.372280352,11.090269199,4.171864165,-14.400201626,11.091950462,4.176851653,0.028413012
1609060451.280712128,-14.427716987,11.115718761,4.177206776,-14.446085861,11.114829169,4.178296050,0.018422633
1609060451.330120087,-14.480374645,11.144140919,4.177540201,-14.490253687,11.139446243,4.179780274,0.011164827
1609060451.380979061,-14.533487095,11.172973005,4.182609825,-14.534993030,11.165670777,4.180257504,0.007818171
1609060451.428116083,-14.580006245,11.197732970,4.183388683,-14.621078292,11.215528269,4.183157972,0.044762026
1609060451.479802132,-14.632365023,11.227756323,4.184922981,-14.660264882,11.239860405,4.182926150,0.030477832
1609060451.530027151,-14.682630150,11.257214821,4.184726071,-14.707257889,11.269393241,4.183770822,0.027490944
1609060451.579686165,-14.736998806,11.286427850,4.187256414,-14.755177788,11.298785816,4.183758358,0.022258282
1609060451.630514145,-14.787578581,11.315399777,4.186898158,-14.795506789,11.323102111,4.182418996,0.011926664
1609060451.684009075,-14.841365949,11.349732653,4.185909414,-14.876474146,11.375267089,4.181839396,0.043602270
1609060451.728813171,-14.883179497,11.374164635,4.185527663,-14.913363349,11.397416207,4.181518496,0.038311539
1609060451.780947208,-14.929994823,11.404782896,4.184345900,-14.950218181,11.419476056,4.181270781,0.025185899
1609060451.828563213,-14.970000351,11.428138794,4.183199490,-14.983707903,11.439773782,4.180938636,0.018121297
1609060451.881102085,-15.012095569,11.452633823,4.182649661,-15.017127016,11.459528257,4.180442560,0.008815893
1609060451.930507183,-15.049544383,11.473901886,4.182243026,-15.077968808,11.492242523,4.179537506,0.033935921
1609060451.979911089,-15.085584397,11.494559126,4.182127478,-15.104692095,11.506758629,4.179124941,0.022868039
1609060452.030478001,-15.118110241,11.511789209,4.180748097,-15.132041879,11.520645398,4.178869324,0.016614825
1609060452.079850197,-15.147985316,11.527682329,4.179022259,-15.157452685,11.532543745,4.178256272,0.010670107
1609060452.141802073,-15.184114231,11.545784831,4.180858883,-15.182997355,11.544575081,4.177997091,0.003301631
1609060452.179795027,-15.205651606,11.556327755,4.181463083,-15.228089147,11.565679584,4.178021932,0.024550793
1609060452.229011059,-15.231381152,11.567929042,4.182507848,-15.249951686,11.573836163,4.178290366,0.019938555
1609060452.279659033,-15.256554697,11.578625644,4.179155494,-15.269802345,11.581464387,4.178299905,0.013575370
1609060452.328589201,-15.278129270,11.586468575,4.179667941,-15.289020485,11.588111444,4.179472105,0.011016167
1609060452.381144047,-15.301000765,11.594019082,4.179035958,-15.307897717,11.594071406,4.180569180,0.007065511
1609060452.430617094,-15.321777160,11.601232535,4.180071210,-15.343051780,11.604933488,4.181016165,0.021614797
1609060452.479754210,-15.341318527,11.607795809,4.182467560,-15.361310564,11.610027707,4.183685538,0.020153074
1609060452.529028177,-15.360731505,11.614360400,4.184498651,-15.378972753,11.614796867,4.186707954,0.018379735
1609060452.579004049,-15.381062665,11.618411820,4.190947334,-15.395855737,11.619722366,4.188574433,0.015039387
1609060452.630564213,-15.402191614,11.623845822,4.194458733,-15.414360477,11.624633989,4.191786932,0.012483627
1609060452.681979179,-15.428301558,11.633651977,4.192928573,-15.432051889,11.628544138,4.193135324,0.006340169
1609060452.729056120,-15.448872934,11.638931458,4.195995820,-15.469769155,11.639381424,4.201674956,0.021658881
1609060452.779504061,-15.473911097,11.647551784,4.200588686,-15.488116577,11.643879426,4.205757500,0.015556302
1609060452.830963135,-15.498710451,11.655223464,4.205954236,-15.509062661,11.649362499,4.209759100,0.012489842
1609060452.880644083,-15.523702256,11.661699496,4.214268056,-15.528778960,11.654603117,4.213521439,0.008757223
1609060452.931265116,-15.549116275,11.669384626,4.220666576,-15.571133702,11.666036633,4.224265380,0.022559422
1609060452.979619980,-15.573784008,11.676145411,4.226641277,-15.592154262,11.671047268,4.228759555,0.019181877
1609060453.028874159,-15.600132100,11.683406915,4.232658720,-15.614782549,11.678399776,4.234691544,0.015615360
1609060453.081588984,-15.630400741,11.691371914,4.238807268,-15.637368339,11.685097509,4.238526268,0.009380541
1609060453.129861116,-15.658483624,11.701637736,4.244575703,-15.662925472,11.692032076,4.244768319,0.010584698
1609060453.181578159,-15.689329680,11.712888700,4.250769162,-15.714336895,11.711202479,4.255513575,0.025509088
1609060453.228747129,-15.718874059,11.722515155,4.256180146,-15.740681646,11.720629227,4.261099146,0.022434887
1609060453.280352116,-15.753145441,11.733462151,4.261190316,-15.768381796,11.729234108,4.266986352,0.016840929
1609060453.330042124,-15.785458716,11.744986209,4.267799044,-15.796162682,11.738440477,4.272444573,0.013379179
1609060453.383922100,-15.818333295,11.757204758,4.276043219,-15.821796327,11.748079227,4.279367836,0.010311207
1609060453.429046154,-15.846877289,11.767458505,4.282380755,-15.876571447,11.766226052,4.287474839,0.030153137
1609060453.481620073,-15.881474682,11.778170300,4.290544130,-15.904351310,11.775736265,4.298611467,0.024379224
1609060453.530162096,-15.911333215,11.788408112,4.297060763,-15.930894707,11.787284551,4.303854233,0.020738023
1609060453.580815077,-15.944789839,11.798274967,4.301482144,-15.958363550,11.796486472,4.308190326,0.015246116
1609060453.629384041,-15.974941201,11.808475925,4.307608049,-15.986488409,11.806501419,4.315149195,0.013932177
1609060453.682363987,-16.006409907,11.819652773,4.316930882,-16.013924670,11.816059434,4.322242293,0.009879010
1609060453.732746124,-16.036565731,11.829483920,4.323784227,-16.040033231,11.824962814,4.327118496,0.006601614
1609060453.780745029,-16.067741016,11.839394299,4.329909920,-16.090585540,11.841230891,4.339523508,0.024852897
1609060453.828164101,-16.094854239,11.847592884,4.336874036,-16.113119661,11.848882228,4.346129680,0.020517188
1609060453.880906105,-16.127531061,11.857116862,4.345776688,-16.136748990,11.856985522,4.352048164,0.011149838
1609060453.931298018,-16.155965965,11.863256225,4.354316661,-16.162288919,11.862648268,4.359047990,0.007920533
1609060453.980770111,-16.182283193,11.869350452,4.361139491,-16.205893276,11.872385300,4.372850172,0.026528972
1609060454.029380083,-16.206853108,11.873084004,4.369588846,-16.226330925,11.875060733,4.378820884,0.021645400
1609060454.081245184,-16.231648466,11.876072444,4.377998512,-16.244493816,11.876505886,4.384554122,0.014427992
1609060454.129816055,-16.253133709,11.877157525,4.385670648,-16.262505686,11.877192280,4.390092535,0.010362830
1609060454.181892157,-16.275510618,11.876529549,4.394219127,-16.279026159,11.876745015,4.396135982,0.004009961
1609060454.230159998,-16.294344102,11.874605334,4.400918880,-16.311902462,11.871299927,4.407340676,0.018985816
1609060454.280667067,-16.313390651,11.872375756,4.407790692,-16.325084084,11.869477109,4.412352823,0.012882219
1609060454.327840090,-16.329142332,11.869349541,4.414926003,-16.338319818,11.867320173,4.417771121,0.009820351
1609060454.380474091,-16.345991506,11.866453249,4.422745000,-16.352058222,11.863918699,4.423283675,0.006596905
1609060454.430658102,-16.360604493,11.860871351,4.430078834,-16.364199007,11.859026064,4.428745014,0.004254961
1609060454.483566999,-16.374166633,11.854047846,4.435716886,-16.387558412,11.846547505,4.439052163,0.015707289
1609060454.531413078,-16.386477220,11.846147322,4.442338958,-16.398453520,11.838850004,4.443082946,0.014044078
1609060454.578727007,-16.398742364,11.839282479,4.444600870,-16.407805552,11.830139144,4.447844058,0.013276304
1609060454.627688169,-16.407177280,11.828305580,4.450495529,-16.415417812,11.821380331,4.454084266,0.011346562
1609060454.680584192,-16.416699328,11.816723536,4.453962669,-16.423564531,11.810056218,4.458538233,0.010607541
1609060454.731364012,-16.424415190,11.803385433,4.459969007,-16.430576477,11.797607045,4.462358244,0.008778364
1609060454.781885147,-16.431331228,11.787797008,4.466144703,-16.441101018,11.772282692,4.473168483,0.019633550
1609060454.831376076,-16.435893581,11.771745133,4.471653657,-16.445576225,11.758235358,4.480034833,0.018614825
1609060454.881854057,-16.440764418,11.752291962,4.479283351,-16.447891870,11.743078402,4.484318096,0.012690111
1609060454.934195042,-16.442982547,11.732023135,4.485269218,-16.449339954,11.728654893,4.488485993,0.007880947
1609060454.985146046,-16.445823482,11.710372880,4.492263232,-16.452291104,11.711356378,4.495191672,0.007167507
1609060455.032769203,-16.445832758,11.688680794,4.498056995,-16.451885256,11.677209674,4.503218143,0.013959111
1609060455.088777065,-16.446590430,11.663251614,4.503008653,-16.450795112,11.658726875,4.507904414,0.007881694
1609060455.134570122,-16.444306957,11.642179042,4.511074155,-16.448764892,11.638146958,4.512902542,0.006282825
1609060455.183914185,-16.441303130,11.617288409,4.516395167,-16.445223275,11.617394316,4.517028021,0.003972312
1609060455.233921051,-16.436963169,11.591304727,4.521644242,-16.441573479,11.597021454,4.521185369,0.007358430
1609060455.281438112,-16.431572473,11.565853266,4.527091437,-16.431255860,11.549690102,4.529829753,0.016396539
1609060455.329286098,-16.423923525,11.538252618,4.532432549,-16.431255808,11.549689206,4.529826815,0.013832851
1609060455.380719185,-16.414383137,11.508237221,4.538007198,-16.415795333,11.500663656,4.540816087,0.008200186
1609060455.428884983,-16.404766897,11.478291183,4.544242569,-16.407432843,11.472806416,4.546400200,0.006468795
1609060455.480583191,-16.394235355,11.445323104,4.550589467,-16.397893514,11.445595310,4.552441449,0.004109266
1609060455.532083988,-16.381916007,11.411663692,4.557229871,-16.388513102,11.417471797,4.558676906,0.008907842
1609060455.580499172,-16.371932999,11.380996847,4.562571936,-16.365968706,11.357033524,4.572077005,0.026460536
1609060455.628786087,-16.358616274,11.347400828,4.569200106,-16.353860533,11.326786666,4.578735111,0.023205109
1609060455.680741072,-16.344003357,11.310404164,4.580326966,-16.340782622,11.296881673,4.586335830,0.015143887
1609060455.731168985,-16.328495326,11.274327993,4.590051041,-16.327714231,11.266051679,4.594105581,0.009249150
1609060455.779289007,-16.314103397,11.242835908,4.600217872,-16.314509837,11.234181419,4.602571278,0.008977968
1609060455.829546213,-16.296328341,11.205874197,4.610256635,-16.299793202,11.202781824,4.610427676,0.004647288
1609060455.880892038,-16.279463084,11.169402654,4.619674573,-16.269110843,11.136057388,4.627673649,0.035819839
1609060455.928446054,-16.262327187,11.134574493,4.629020148,-16.253209242,11.103537868,4.636069117,0.033107355
1609060455.979711056,-16.243446180,11.089367361,4.639435017,-16.238871051,11.071772141,4.644312498,0.018823214
1609060456.029316187,-16.224745144,11.050645496,4.649217163,-16.223415436,11.039899689,4.652542963,0.011327022
1609060456.081103086,-16.205632999,11.009285516,4.658132387,-16.208156652,11.007679533,4.660683008,0.003931116
1609060456.132400036,-16.184879126,10.968428893,4.667366024,-16.191639183,10.975816571,4.668562270,0.010084997
1609060456.179992199,-16.168423751,10.937370701,4.676056872,-16.157796425,10.907496719,4.685450575,0.033070176
1609060456.229928017,-16.147623135,10.897253138,4.685239784,-16.140728603,10.875105786,4.693610322,0.024659799
1609060456.280745983,-16.126135534,10.856403245,4.693963784,-16.123735753,10.841431982,4.701016051,0.016722204
1609060456.328821182,-16.105705477,10.818315716,4.701615295,-16.104808157,10.804810708,4.706757848,0.014478821
1609060456.375164032,-16.086129677,10.782532878,4.708111149,-16.084498735,10.768000893,4.712347292,0.015224436
1609060456.426805019,-16.063491137,10.741438842,4.714390800,-16.066081783,10.734851889,4.717837341,0.007872613
1609060456.485151052,-16.037755405,10.694570361,4.720832356,-16.028463984,10.667867936,4.724941724,0.028569860
1609060456.528421164,-16.018085074,10.660321726,4.725866021,-16.008864522,10.634156633,4.728401650,0.027857855
1609060456.579080105,-15.996584606,10.620828287,4.732207934,-15.990670922,10.602741379,4.732610770,0.019033396
1609060456.627412081,-15.973358718,10.581770290,4.736814795,-15.972014553,10.570677111,4.735667267,0.011233086
1609060456.680670023,-15.949019764,10.539519881,4.741016681,-15.951357619,10.537472364,4.739038063,0.003684132
1609060456.726881981,-15.925376867,10.502027476,4.744960033,-15.911276502,10.472812250,4.743935631,0.032456111
1609060456.779075146,-15.898914230,10.462860422,4.746908502,-15.888008207,10.438981291,4.746652244,0.026252998
1609060456.827740192,-15.872088542,10.424380790,4.749629224,-15.864701641,10.407843630,4.748150770,0.018172226
1609060456.878676176,-15.846095553,10.386441160,4.746625995,-15.844909246,10.374689299,4.749419130,0.012137346
1609060456.929023027,-15.816569681,10.347177336,4.747422648,-15.794618072,10.309735200,4.751027926,0.043552092
1609060456.978980064,-15.788297063,10.310049943,4.752717157,-15.769524894,10.277798990,4.751943189,0.037324487
1609060457.027249098,-15.758344211,10.272973761,4.753249040,-15.742994135,10.244474693,4.751847094,0.032400419
1609060457.078922987,-15.721892752,10.227915420,4.752480960,-15.715706132,10.211430291,4.751787177,0.017621437
1609060457.129274130,-15.686503387,10.188126324,4.751952116,-15.687956111,10.179245100,4.751378746,0.009017499
1609060457.172206163,-15.659116866,10.153483114,4.749414665,-15.658115731,10.146042593,4.750561221,0.007594617
1609060457.221413136,-15.623494266,10.115520853,4.747772167,-15.599416833,10.084237104,4.748321554,0.039480343
1609060457.273039103,-15.584312103,10.078431073,4.742994804,-15.569527710,10.054360553,4.746943220,0.028522941
1609060457.322131157,-15.547390739,10.042952362,4.742087890,-15.534038794,10.020919174,4.745053148,0.025933156
1609060457.371599197,-15.508531098,10.006996949,4.740732357,-15.498056509,9.988150154,4.742591255,0.021641955
1609060457.428241014,-15.461585748,9.966090843,4.736988192,-15.463250915,9.958568815,4.740408152,0.008429106
1609060457.479582071,-15.418583769,9.929807807,4.732751095,-15.396926107,9.904329613,4.735617078,0.033561981
1609060457.528037071,-15.377031942,9.897132217,4.729187854,-15.361904715,9.873572028,4.733535370,0.028334015
1609060457.578487158,-15.334317462,9.865598193,4.725540398,-15.323927748,9.850318176,4.730504218,0.019132814
1609060457.627092123,-15.290644617,9.835092131,4.721827042,-15.288387265,9.824531773,4.728201030,0.012539718
1609060457.679813147,-15.244274704,9.803658863,4.717584225,-15.249872115,9.800057096,4.724672320,0.009723417
1609060457.727046013,-15.199608716,9.775393737,4.713925701,-15.175087915,9.752918041,4.718819197,0.033621018
1609060457.778679132,-15.153000507,9.747035382,4.712535724,-15.134251350,9.728387234,4.716406481,0.026725776
1609060457.827083111,-15.106574904,9.720243299,4.709573718,-15.095036583,9.707495415,4.713090766,0.017550243
1609060457.879731178,-15.057941495,9.694318364,4.709345965,-15.056877904,9.685121436,4.710308076,0.009308081
1609060457.929150105,-15.009356535,9.669151415,4.707317869,-14.973025071,9.643731436,4.704484350,0.044431739
1609060457.979729176,-14.963128956,9.645761985,4.703794791,-14.933762500,9.624220366,4.702403646,0.036446747
1609060458.026831150,-14.916465500,9.623706939,4.701550113,-14.892711920,9.603785413,4.699819938,0.031049852
1609060458.078697205,-14.867628896,9.601181384,4.698780156,-14.850685751,9.584674961,4.697362222,0.023696892
1609060458.137619019,-14.809298411,9.575671637,4.696124953,-14.806188932,9.568063047,4.694107117,0.008463520
1609060458.180298090,-14.761294301,9.553683142,4.693375352,-14.763728855,9.548085407,4.692951004,0.006118968
1609060458.226857185,-14.713012857,9.534211772,4.691562002,-14.679593987,9.513467176,4.688524362,0.039451063
1609060458.276430130,-14.661040632,9.513781353,4.687030749,-14.637982999,9.499937012,4.686689639,0.026896777
1609060458.327916145,-14.605992248,9.493654398,4.684265986,-14.591029902,9.482827091,4.683881660,0.018472955
1609060458.378300190,-14.556624087,9.477958204,4.679399326,-14.544414528,9.465144476,4.681151132,0.017785775
1609060458.428943157,-14.504526926,9.460988422,4.675743933,-14.500511561,9.451156009,4.677758356,0.010810060
1609060458.480785131,-14.449871314,9.442991841,4.670844553,-14.417867952,9.425696358,4.671379646,0.036381798
1609060458.527002096,-14.401523285,9.428036478,4.666387604,-14.374465707,9.412427499,4.667098710,0.031245134
1609060458.579663992,-14.348279935,9.413099313,4.661498797,-14.332550712,9.400114999,4.663915977,0.020538832
1609060458.628001213,-14.299090012,9.399036323,4.657296605,-14.290927671,9.390786726,4.660172111,0.011956095
1609060458.680536985,-14.247144667,9.384956957,4.654031487,-14.248446230,9.378475039,4.656425264,0.007031322
1609060458.733805180,-14.193663603,9.371207976,4.649501698,-14.165542234,9.355061536,4.649115840,0.032429428
1609060458.778982162,-14.148801696,9.359345567,4.645640576,-14.121778656,9.344435045,4.645939506,0.030865153
1609060458.827742100,-14.098906058,9.346522585,4.641525056,-14.081514865,9.334229124,4.641827115,0.021299625
1609060458.879104137,-14.049405733,9.334464788,4.637377623,-14.040624282,9.322846915,4.638355848,0.014596088
1609060458.930878162,-13.997207918,9.321300231,4.633454769,-13.997629350,9.312952424,4.634649096,0.008443335
1609060458.980327129,-13.950388077,9.309686022,4.632659851,-13.912954275,9.292428719,4.628690753,0.041410841
1609060459.026729107,-13.904316759,9.298001208,4.629932267,-13.874373684,9.282950993,4.624899749,0.033888390
1609060459.080546141,-13.853256427,9.286327267,4.627699617,-13.832300750,9.272429398,4.621580870,0.025879146
1609060459.127784014,-13.806289759,9.274708636,4.624272203,-13.787354526,9.264045380,4.617573826,0.022740192
1609060459.181243181,-13.754713245,9.263403528,4.619110199,-13.744319587,9.253481224,4.613787054,0.015323711
1609060459.227688074,-13.708640746,9.252589190,4.615373437,-13.664241669,9.233885836,4.605778938,0.049123802
1609060459.279424191,-13.652390099,9.237831624,4.609430149,-13.622607463,9.225626790,4.602073035,0.033016518
1609060459.328384161,-13.601802475,9.225886440,4.605265391,-13.580473672,9.216612176,4.598149290,0.024322186
1609060459.388609171,-13.539447046,9.210650897,4.600439231,-13.536532121,9.205174913,4.593804835,0.009082863
1609060459.433518171,-13.491254979,9.199864710,4.596880344,-13.493376982,9.196349766,4.589960429,0.008046301
1609060459.486275196,-13.440292541,9.192799086,4.589882979,-13.409527913,9.180518904,4.582862162,0.033860849
1609060459.533322096,-13.392552407,9.183596801,4.585279929,-13.367717740,9.170520362,4.579214058,0.028714957
1609060459.579319000,-13.343593637,9.173639497,4.581395453,-13.325809469,9.161142178,4.576396402,0.022303589
1609060459.627422094,-13.292254711,9.163914081,4.577408498,-13.283693429,9.154927585,4.573967391,0.012879980
1609060459.680034161,-13.239043230,9.154465316,4.572835515,-13.239950782,9.146375315,4.571436840,0.008260028
1609060459.728425026,-13.187890013,9.144758049,4.569388090,-13.153327753,9.129485623,4.566198986,0.037920538
1609060459.779250145,-13.136911593,9.134695231,4.566313595,-13.107856376,9.122257533,4.564577931,0.031653033
1609060459.827799082,-13.085669326,9.125902532,4.562886328,-13.062401589,9.114716482,4.562959683,0.025817061
1609060459.879274130,-13.032243549,9.116688280,4.559182743,-13.018979636,9.106370167,4.560599393,0.016864214
1609060459.927618980,-12.980436085,9.108180728,4.556176250,-12.972395304,9.099800095,4.557925888,0.011745229
1609060459.983558178,-12.922749433,9.098972618,4.553932752,-12.877701363,9.087123260,4.554346828,0.046582265
1609060460.025993109,-12.876786845,9.091903960,4.551263858,-12.835885915,9.078790160,4.552778567,0.042978508
1609060460.077687025,-12.821234003,9.085261070,4.546169003,-12.792757934,9.072175797,4.550619857,0.031653135
1609060460.131011009,-12.762198034,9.077246987,4.542798238,-12.743829666,9.067022551,4.549023320,0.021924590
1609060460.180317163,-12.712781849,9.071762730,4.541742166,-12.697677069,9.062403164,4.548077305,0.018865043
1609060460.228507996,-12.659277126,9.065321745,4.540073284,-12.608208510,9.049923071,4.546428084,0.053716908
1609060460.278956175,-12.604613876,9.059676045,4.542328469,-12.560107199,9.045792253,4.546281530,0.046789215
1609060460.329240084,-12.548517587,9.053802624,4.541934557,-12.512095174,9.041133180,4.546099615,0.038787300
1609060460.378509045,-12.484276882,9.043825318,4.541272829,-12.464203452,9.036152406,4.545371042,0.021877192
1609060460.428874016,-12.423781340,9.037655200,4.540935209,-12.418819552,9.031225254,4.544377065,0.008820993
1609060460.480195045,-12.362644805,9.032153102,4.541440863,-12.320331795,9.023729339,4.545093707,0.043297735
1609060460.526538134,-12.305488775,9.027058567,4.541574553,-12.272813456,9.018982064,4.544770325,0.033810048
1609060460.578445196,-12.249372967,9.024627341,4.540897065,-12.225891787,9.013911162,4.544275166,0.026031018
1609060460.625929117,-12.193119410,9.020336655,4.540987342,-12.179492860,9.011670397,4.543949672,0.016418352
1609060460.680358171,-12.126614027,9.015753772,4.540904991,-12.128949837,9.009682358,4.544934256,0.007651997
1609060460.727480173,-12.069003903,9.012677940,4.540834652,-12.035764900,9.003080532,4.545133176,0.034862858
1609060460.778958082,-12.009682195,9.010741472,4.540699947,-11.984997027,9.000636505,4.545347657,0.027075248
1609060460.828413010,-11.950023952,9.008439359,4.540891707,-11.935488093,8.999456692,4.546147266,0.017877371
1609060460.880685091,-11.890344561,9.007192290,4.541678040,-11.888334369,8.998749550,4.545921481,0.009660617
1609060460.929251194,-11.833689220,9.005998755,4.543012271,-11.792142997,8.995483228,4.547982001,0.043143518
1609060460.978983164,-11.777127833,9.005609666,4.544802010,-11.742670188,8.995525958,4.550137293,0.036297048
1609060461.027152061,-11.719032392,9.005202042,4.546922283,-11.693399797,8.994243896,4.553348213,0.028607751
1609060461.079848051,-11.659935535,9.005290222,4.550007287,-11.645428207,8.992801260,4.555419568,0.019892951
1609060461.127817154,-11.602596376,9.005600755,4.552721542,-11.599227557,8.992951808,4.557512231,0.013938993
1609060461.179355145,-11.544433174,9.005729413,4.557810683,-11.497081332,8.995387205,4.563185410,0.048765211
1609060461.226543188,-11.487824551,9.006888994,4.560818325,-11.450138308,8.995223896,4.566043509,0.039794849
1609060461.278989077,-11.431570156,9.009353860,4.565811859,-11.401073723,8.995902185,4.567937211,0.033399059
1609060461.327422142,-11.374179515,9.011800535,4.568672849,-11.342489845,9.001448335,4.569969760,0.033362931
1609060461.380146027,-11.315362550,9.016649043,4.570668129,-11.287440709,9.005351737,4.572328995,0.030166485
1609060461.428488016,-11.258584698,9.020679914,4.573275019,-11.238776944,9.007515813,4.574077218,0.023796727
1609060461.480466127,-11.189893317,9.023634163,4.575819942,-11.143168379,9.015799045,4.576046734,0.047377846
1609060461.526633978,-11.132557098,9.028181165,4.577879918,-11.091407636,9.022628286,4.577437840,0.041524789
1609060461.578130007,-11.068618797,9.036565709,4.578032182,-11.043087481,9.026911605,4.578532034,0.027300177
1609060461.628714085,-11.004296218,9.043851654,4.579649326,-10.997226174,9.031879182,4.579794723,0.013904918
1609060461.680414200,-10.948171691,9.053310747,4.580704236,-10.945904437,9.039598765,4.580599963,0.013898552
1609060461.726855993,-10.893738413,9.062676336,4.583504027,-10.849735766,9.055903674,4.582602763,0.044529924
1609060461.778423071,-10.830024681,9.073411812,4.584128200,-10.806187283,9.062003082,4.583041718,0.026449217
1609060461.826656103,-10.769578663,9.084402862,4.583782718,-10.758500796,9.072117279,4.582520387,0.016590605
1609060461.881693125,-10.703916038,9.097847577,4.581851162,-10.705757137,9.084210008,4.582690307,0.013786845
1609060461.929234982,-10.645188985,9.110873899,4.580631851,-10.605241593,9.107498079,4.581725524,0.040104693
1609060461.978337049,-10.587125338,9.125436532,4.578805552,-10.605241841,9.107502212,4.581738249,0.025660247
1609060462.026682138,-10.527337960,9.140832258,4.576945217,-10.499543131,9.136359237,4.579143498,0.028238146
1609060462.079570055,-10.465177071,9.158712241,4.574372415,-10.449736490,9.150396813,4.577297229,0.017779551
1609060462.129022121,-10.404288714,9.177059634,4.571367383,-10.403140093,9.164074111,4.574279709,0.013357574
1609060462.180023193,-10.343442817,9.197595698,4.568059902,-10.299234847,9.197678663,4.567741555,0.044209195
1609060462.227467060,-10.284049767,9.217249435,4.564344139,-10.249497302,9.215760842,4.563995056,0.034586278
1609060462.279769182,-10.224567864,9.240644824,4.559250197,-10.199299784,9.232864779,4.559997512,0.026449262
1609060462.330918074,-10.161291932,9.264361202,4.554459532,-10.147979367,9.252787359,4.555340813,0.017662245
1609060462.380113125,-10.104419764,9.286500928,4.549604057,-10.098462022,9.272314671,4.551181709,0.015467177
1609060462.427350998,-10.046473449,9.309724906,4.544473059,-9.997105912,9.314159380,4.541772460,0.049639818
1609060462.479017019,-9.987008561,9.334381413,4.540561507,-9.950902185,9.333420650,4.536553096,0.036340897
1609060462.527957201,-9.926612824,9.360806232,4.535209972,-9.896134576,9.358922602,4.531562784,0.030753432
1609060462.580631018,-9.855645387,9.390444471,4.527708723,-9.844711558,9.383487908,4.526681880,0.012999877
1609060462.628690004,-9.794354076,9.418402966,4.522258099,-9.749109204,9.429521348,4.516845201,0.046904332
1609060462.679250002,-9.732332286,9.453390695,4.515033299,-9.697789029,9.455791429,4.511401900,0.034816479
1609060462.727450132,-9.670202303,9.484213170,4.509015134,-9.645403320,9.484255630,4.506446312,0.024931711
1609060462.779249191,-9.615374353,9.517510996,4.503949350,-9.593004785,9.512704701,4.500926681,0.023078878
1609060462.828996181,-9.555817342,9.552305712,4.498163631,-9.544214309,9.539908826,4.495110005,0.017252183
1609060462.879943132,-9.493909777,9.588648062,4.491736161,-9.448470072,9.597545388,4.485194898,0.046762349
1609060462.929316998,-9.436153101,9.624023112,4.485381155,-9.401056274,9.626347987,4.480240280,0.035547446
1609060462.979207039,-9.380573268,9.659525413,4.478607564,-9.356378727,9.654168459,4.474878735,0.025059468
1609060463.027507067,-9.324984242,9.695210710,4.471470048,-9.311184796,9.682910415,4.469017219,0.018647744
1609060463.080178022,-9.268579499,9.733397656,4.461256023,-9.262582473,9.715455261,4.462872705,0.018987036
1609060463.129511118,-9.214263771,9.770049339,4.452258646,-9.215640307,9.747584797,4.455995941,0.022814860
1609060463.178997993,-9.162573006,9.806874984,4.443582142,-9.128551936,9.809874106,4.438759234,0.034491860
1609060463.226540089,-9.111309434,9.843896025,4.433862134,-9.081891484,9.845481418,4.430558539,0.029645286
1609060463.279219151,-9.060898773,9.885381259,4.422525108,-9.037535387,9.880672873,4.422249008,0.023834700
1609060463.330190182,-9.008606730,9.926742813,4.411746103,-8.995340987,9.914901300,4.413395270,0.017858363
1609060463.379824162,-8.963728391,9.965379267,4.400560092,-8.956491067,9.947599737,4.404486723,0.019593596
1609060463.427031994,-8.918149838,10.004173533,4.390581026,-8.872894099,10.021215480,4.387802177,0.048437918
1609060463.479870081,-8.872642812,10.049004531,4.381799513,-8.837047667,10.054831934,4.380023254,0.036112713
1609060463.529342175,-8.827881142,10.090449601,4.372543765,-8.799957494,10.090711609,4.371890689,0.027932514
1609060463.580952168,-8.784833516,10.131812717,4.366711272,-8.766469078,10.124438614,4.364592000,0.019902796
1609060463.628221035,-8.743768995,10.172229666,4.359128861,-8.693337220,10.199029115,4.350487878,0.057760202
1609060463.677978992,-8.699181865,10.219642404,4.349594869,-8.661278561,10.234466391,4.342395305,0.041330919
1609060463.732715130,-8.652156860,10.269127773,4.340343184,-8.629383090,10.271479908,4.334571952,0.023611105
1609060463.778750181,-8.614544192,10.313219825,4.329483936,-8.592216185,10.314234212,4.325883559,0.022639161
1609060463.828248024,-8.573030095,10.360350867,4.319203757,-8.559984482,10.353648576,4.316895800,0.014847066
1609060463.879996061,-8.539997909,10.409540546,4.306769454,-8.503135004,10.428398039,4.299374919,0.042061360
1609060463.933847189,-8.501731807,10.461626865,4.296201525,-8.471007226,10.471064804,4.290970667,0.032564343
1609060463.980240107,-8.466968499,10.507629355,4.285947855,-8.442146024,10.511778372,4.282359652,0.025421345
1609060464.028326035,-8.432420649,10.556196281,4.274608584,-8.415414465,10.550161621,4.274138378,0.018051275
1609060464.080262184,-8.399151594,10.607664426,4.261819942,-8.388438538,10.591867220,4.264469188,0.019270178
1609060464.130795002,-8.366121519,10.659273923,4.251022184,-8.331818360,10.676691667,4.246498772,0.038736879
1609060464.178006172,-8.337154682,10.707175957,4.241286161,-8.307782356,10.719516865,4.237019114,0.032144039
1609060464.226155043,-8.306064591,10.757544882,4.231077117,-8.281794575,10.763204698,4.226549380,0.025329185
1609060464.277084112,-8.277103900,10.810972778,4.222837396,-8.256148313,10.808389696,4.218787563,0.021499072
1609060464.328767061,-8.245005635,10.866980503,4.212060011,-8.230500970,10.853211247,4.210107369,0.020094540
1609060464.378328085,-8.221416631,10.918962351,4.201039797,-8.209204122,10.897970010,4.200284059,0.024298044
1609060464.427219152,-8.193218988,10.973086360,4.191490050,-8.166935052,10.983832849,4.183284881,0.029557691
1609060464.476723194,-8.169053139,11.025393513,4.179701605,-8.142596493,11.033523714,4.174765858,0.028114336
1609060464.528161049,-8.141064164,11.083066062,4.169342032,-8.122804849,11.079752996,4.165875224,0.018878500
1609060464.584477186,-8.115629191,11.145817598,4.158441613,-8.083694855,11.174034116,4.149290642,0.043585708
1609060464.627368212,-8.093511294,11.195584274,4.150345807,-8.061045879,11.224529869,4.141669070,0.044352412
1609060464.677657127,-8.072195128,11.251940895,4.143720746,-8.042875031,11.272085304,4.134258877,0.036810220
1609060464.725933075,-8.048822305,11.308876123,4.136016223,-8.024958124,11.325401178,4.125920108,0.030732851
1609060464.778755188,-8.022827166,11.376471250,4.122851959,-8.003377908,11.383061784,4.117966236,0.021108744
1609060464.829033136,-7.998102609,11.439357777,4.114389282,-7.984146109,11.436252210,4.110654516,0.014777582
1609060464.881244183,-7.978293579,11.506301365,4.105004277,-7.952501229,11.535664357,4.097062320,0.039881139
1609060464.926936150,-7.956938613,11.565431424,4.096950658,-7.936854613,11.589809618,4.089462846,0.032461219
1609060464.979433060,-7.943549015,11.631823457,4.087141693,-7.919013457,11.643376862,4.082956519,0.027440672
1609060465.026580095,-7.926596778,11.693383701,4.078594898,-7.903584049,11.695281048,4.075754333,0.023264876
1609060465.080960035,-7.905356884,11.765432683,4.067907500,-7.890021346,11.748477992,4.068841718,0.022880407
1609060465.131188154,-7.888196752,11.832089632,4.057460431,-7.861302520,11.858571288,4.053517633,0.037948959
1609060465.178850174,-7.872990148,11.895030221,4.047554935,-7.846624869,11.914823235,4.046420362,0.032987552
1609060465.228109121,-7.856119532,11.961122151,4.038451869,-7.836206744,11.966575783,4.039783978,0.020689024
1609060465.278582096,-7.841241449,12.027960396,4.030985282,-7.821003613,12.023263482,4.032075881,0.020804337
1609060465.329045057,-7.825536733,12.095417775,4.022159455,-7.805467119,12.081033542,4.025235728,0.024882906
1609060465.380448103,-7.812078579,12.162987611,4.014848890,-7.783841204,12.193283229,4.012419532,0.041485848
1609060465.427752018,-7.796835720,12.227524527,4.007800117,-7.773761400,12.249418469,4.005247448,0.031910580
1609060465.479211092,-7.785541207,12.295336629,4.002465535,-7.761162803,12.306129062,4.000168379,0.026759300
1609060465.529885054,-7.770760490,12.363877234,3.995610759,-7.749571712,12.362593189,3.995749367,0.021228101
1609060465.579433203,-7.760790242,12.428312621,3.988625428,-7.741682534,12.414029367,3.990021874,0.023896984
1609060465.628167152,-7.747410316,12.493808192,3.982458695,-7.721984373,12.527850298,3.979389696,0.042600026
1609060465.678918123,-7.738956744,12.560087513,3.975919047,-7.712487221,12.581983015,3.975575349,0.034353555
1609060465.726876020,-7.727029750,12.625138042,3.970781729,-7.702909491,12.646751639,3.970873762,0.032387388
1609060465.780047178,-7.719481142,12.695396189,3.966630230,-7.696461117,12.709271298,3.966087151,0.026883734
1609060465.828760147,-7.708622550,12.762319942,3.962182740,-7.687496435,12.768804120,3.962030878,0.022099330
1609060465.880266190,-7.700458131,12.840045268,3.956843064,-7.674787331,12.881585400,3.955320544,0.048855814
1609060465.932221174,-7.689941061,12.914201484,3.951972867,-7.670386890,12.939271095,3.950884241,0.031812515
1609060465.979675055,-7.685602477,12.982494022,3.946945350,-7.664354875,12.998160751,3.947374503,0.026402484
1609060466.027986050,-7.676895126,13.052923381,3.942825816,-7.658058977,13.055317076,3.945342414,0.019153682
1609060466.079845190,-7.675441987,13.125372559,3.941587636,-7.655478246,13.113152937,3.942266948,0.023416482
1609060466.161890984,-7.670113661,13.243430297,3.940513500,-7.649647715,13.225076472,3.938728446,0.027548217
1609060466.229519129,-7.664928458,13.341451486,3.941760072,-7.644238094,13.340409802,3.940491218,0.020755391
1609060466.280148983,-7.664025862,13.412839158,3.943505026,-7.642065603,13.402334862,3.941853645,0.024399187
1609060466.328636169,-7.661642406,13.483433752,3.944936639,-7.637892520,13.523221598,3.944831944,0.046337250
1609060466.378987074,-7.662006366,13.554723111,3.946564684,-7.638837449,13.581336996,3.945451341,0.035303500
1609060466.429597139,-7.661846868,13.628551535,3.947785510,-7.640327205,13.641644456,3.946415281,0.025226930
1609060466.479005098,-7.664209648,13.699223863,3.948343913,-7.640287330,13.702653982,3.947766746,0.024173873
1609060466.527721167,-7.663543154,13.770282427,3.949388355,-7.640276970,13.763592017,3.949050095,0.024211388
1609060466.581521034,-7.668355058,13.845798517,3.951703404,-7.643348383,13.825623907,3.950002201,0.032175189
1609060466.628607988,-7.668928960,13.914376470,3.952920319,-7.648655742,13.946375672,3.952036450,0.037891075
1609060466.679336071,-7.674938836,13.985281018,3.953918944,-7.651214824,14.005348979,3.953010481,0.031086607
1609060466.727976084,-7.676719051,14.055783292,3.954864309,-7.655654503,14.072314747,3.953670839,0.026803518
1609060466.779019117,-7.684979689,14.125692278,3.956931136,-7.661941593,14.139831346,3.954052529,0.027183699
1609060466.829914093,-7.688084629,14.199723572,3.957659109,-7.666365117,14.202213109,3.954297572,0.022118656
1609060466.880611181,-7.696192306,14.271258612,3.957706431,-7.675600331,14.323181295,3.956183963,0.055877655
1609060466.928917170,-7.700875204,14.341684421,3.957909645,-7.682904483,14.384827132,3.956589413,0.046754500
1609060466.979152203,-7.709616885,14.423004206,3.956738612,-7.690395085,14.445699268,3.956917654,0.029741814
1609060467.028021097,-7.715456453,14.496802101,3.956668851,-7.695723169,14.504413534,3.957789793,0.021180012
1609060467.080524206,-7.729819484,14.576455542,3.956287732,-7.704941107,14.566309023,3.957960188,0.026919929
1609060467.126882076,-7.737037555,14.647992367,3.955931387,-7.723285108,14.683202142,3.957692557,0.037841244
1609060467.180591106,-7.753663772,14.725999456,3.957217113,-7.732559487,14.744790989,3.957563571,0.028260089
1609060467.226670980,-7.765605710,14.794494304,3.958292158,-7.742253432,14.806747022,3.957166336,0.026395558
1609060467.279661179,-7.777810819,14.875818490,3.957148681,-7.754039387,14.864952461,3.955612438,0.026182276
1609060467.329204082,-7.790362997,14.951074343,3.955407931,-7.776893914,14.987524078,3.953406659,0.038910210
1609060467.379631042,-7.805391326,15.024652003,3.953273795,-7.789316840,15.048604160,3.952736309,0.028851063
1609060467.427987099,-7.819515896,15.097744424,3.951542884,-7.804026454,15.109519347,3.950657393,0.019477056
1609060467.479583025,-7.839579792,15.171786549,3.949836487,-7.818285332,15.170692167,3.949341389,0.021328310
1609060467.528842211,-7.856260906,15.244318337,3.947676556,-7.833008849,15.233021650,3.948023730,0.025853314
1609060467.580595016,-7.877296616,15.317697857,3.944454975,-7.848872320,15.295756716,3.946809462,0.035984690
1609060467.627780199,-7.893689474,15.386652353,3.942863576,-7.883060313,15.415574873,3.944511322,0.030857840
1609060467.693520069,-7.925613299,15.476094189,3.940764980,-7.899339063,15.474197177,3.943121133,0.026447790
1609060467.770143986,-7.962166620,15.582975020,3.939290926,-7.942621700,15.607356407,3.939900943,0.031254248
1609060467.835719109,-7.991570814,15.675005653,3.937037731,-7.982528999,15.726526662,3.937452147,0.052310042
1609060467.886023998,-8.017144392,15.741259299,3.937254981,-8.003724186,15.782830398,3.936972877,0.043684526
1609060467.932846069,-8.039701150,15.805770511,3.938130526,-8.026640437,15.843592727,3.937923513,0.040014311
1609060467.978756189,-8.064893663,15.867357528,3.938590150,-8.049428659,15.900782745,3.938458968,0.036829725
1609060468.027256012,-8.089493508,15.932816374,3.939940977,-8.070637366,15.955357287,3.939989159,0.029387909
1609060468.081122160,-8.120158940,16.020123570,3.942746798,-8.095741676,16.013098510,3.940697170,0.025490296
1609060468.129112005,-8.146182128,16.087665606,3.944822582,-8.146207499,16.125404538,3.943836765,0.037751814
1609060468.179625988,-8.181338861,16.154901390,3.946862509,-8.173937808,16.182400761,3.945090583,0.028532976
1609060468.227814198,-8.209670151,16.221916316,3.948951206,-8.202065866,16.238326226,3.946439385,0.018259779
1609060468.278457165,-8.250467226,16.272569458,3.947671995,-8.229395024,16.292596072,3.948328750,0.029078073
1609060468.327484131,-8.284364865,16.335135871,3.948379945,-8.257771326,16.345503004,3.951072205,0.028669532
1609060468.380009174,-8.319976956,16.403385435,3.950951043,-8.287505127,16.398878153,3.952520259,0.032820691
1609060468.427757025,-8.353348648,16.463824686,3.953668285,-8.347240913,16.500980457,3.958715848,0.037991231
1609060468.477749109,-8.390547109,16.523834227,3.956035498,-8.375608447,16.547492171,3.961599176,0.028527469
1609060468.527155161,-8.426275150,16.583903307,3.958946870,-8.409618949,16.601981928,3.964719228,0.025250459
1609060468.571753025,-8.460958918,16.633426275,3.962762999,-8.444928862,16.655764230,3.967760782,0.027945031
1609060468.623512030,-8.498616340,16.693520274,3.966066924,-8.477257715,16.703512758,3.970018770,0.023909364
1609060468.674556017,-8.539126437,16.748291683,3.969791749,-8.510518950,16.749574402,3.973029294,0.028818663
1609060468.722122192,-8.575989293,16.801574466,3.972377438,-8.580714052,16.840959433,3.976876549,0.039921686
1609060468.779278040,-8.623842923,16.859793780,3.976438193,-8.614430740,16.882049396,3.979635063,0.024374611
1609060468.825678110,-8.661286142,16.908318692,3.979203514,-8.650507965,16.924926380,3.981492648,0.019930493
1609060468.881869078,-8.710361000,16.962307808,3.980921270,-8.689894954,16.967036524,3.984392925,0.021290190
1609060468.928879976,-8.750661711,17.009273357,3.983404839,-8.767666502,17.046089394,3.987895346,0.040801325
1609060468.978708029,-8.797971651,17.053717181,3.987086694,-8.807324779,17.086239770,3.990137175,0.033978011
1609060469.026169062,-8.841944993,17.098548716,3.989287419,-8.848862446,17.125311396,3.991852956,0.027761019
1609060469.079028130,-8.893742553,17.143804854,3.991468402,-8.891653811,17.162849390,3.993485508,0.019264628
1609060469.128238201,-8.942008334,17.187243956,3.993264582,-8.933983797,17.196315838,3.995579928,0.012330979
1609060469.179890156,-9.000916427,17.239468078,3.997607796,-9.025731756,17.269583474,3.998841166,0.039041758
1609060469.227359056,-9.052454700,17.282008001,3.999708893,-9.072683868,17.300127417,4.001264338,0.027202056
1609060469.277248144,-9.115320277,17.320125765,3.999397322,-9.123354334,17.332769529,4.002631380,0.015325468
1609060469.330085039,-9.179183124,17.365325205,4.001309083,-9.173423211,17.363379052,4.004962384,0.007093004
1609060469.379516125,-9.241397870,17.393867618,4.003627965,-9.222018333,17.394228995,4.007545634,0.019774863
1609060469.428099155,-9.307403576,17.427961219,4.007962129,-9.330857603,17.451431012,4.014023302,0.033729221
1609060469.478720188,-9.375643289,17.464786700,4.012851040,-9.385592341,17.478766272,4.017061037,0.017667375
1609060469.527437210,-9.443095531,17.497961833,4.017036546,-9.442576240,17.506771468,4.022325024,0.010288213
1609060469.582027197,-9.519197820,17.529777373,4.020879474,-9.498105375,17.533058604,4.025753148,0.021895443
1609060469.630171061,-9.589011178,17.558176028,4.024656572,-9.620467704,17.578344432,4.032214717,0.038123524
1609060469.679854155,-9.662542832,17.584729906,4.028445984,-9.681520272,17.602320852,4.036624922,0.027138158
1609060469.728006124,-9.734327792,17.611075331,4.033016354,-9.743326076,17.624550244,4.040974455,0.018051974
1609060469.779536009,-9.811897654,17.636695478,4.038832532,-9.807843472,17.646027804,4.043724167,0.011289677
1609060469.828714132,-9.887444905,17.660409837,4.042699605,-9.872459139,17.663303392,4.046628384,0.015760114
1609060469.880279064,-9.967801077,17.682549255,4.045718072,-10.002519870,17.702155725,4.054488997,0.040825695
1609060469.928411007,-10.042514450,17.703696118,4.049581182,-10.070469049,17.718933949,4.057182746,0.032732780
1609060469.979132175,-10.121836014,17.719493814,4.053380846,-10.136687754,17.733080092,4.059388374,0.021005988
1609060470.027426004,-10.197845460,17.737466224,4.057260930,-10.203654577,17.747458362,4.062130100,0.012541830
1609060470.081245184,-10.283024524,17.751844595,4.060969894,-10.272969228,17.762230163,4.066985671,0.015657540
1609060470.129621983,-10.359209827,17.766957806,4.064530161,-10.408504297,17.786891993,4.071722148,0.053656698
1609060470.178888083,-10.436387698,17.779081907,4.068024160,-10.479382317,17.798049073,4.073655571,0.047328675
1609060470.228217125,-10.514643502,17.791909134,4.071402368,-10.547146504,17.810588420,4.077489275,0.037979091
1609060470.278670073,-10.607879722,17.807004986,4.073556304,-10.615106743,17.819913283,4.080153564,0.016198080
1609060470.328602076,-10.690114627,17.818831608,4.076526128,-10.681661190,17.826144387,4.082318805,0.012589378
1609060470.379962206,-10.775923115,17.826969827,4.080007618,-10.815588995,17.842415057,4.084482464,0.042801418
1609060470.428395987,-10.855636909,17.836168383,4.082389742,-10.880400523,17.847006377,4.087472652,0.027505175
1609060470.478901148,-10.931582442,17.839191418,4.082592172,-10.948860664,17.852120538,4.087950110,0.022235256
1609060470.534272194,-11.023574008,17.844260174,4.082966836,-11.016807465,17.854097043,4.088975804,0.013366293
1609060470.579819202,-11.096439035,17.849042269,4.083468202,-11.075871464,17.859720220,4.088238406,0.023660060
1609060470.629103184,-11.174404749,17.852473628,4.083195938,-11.204413268,17.864848829,4.088532452,0.032895823
1609060470.679993153,-11.254011986,17.853653880,4.081958097,-11.266912865,17.864624762,4.087440618,0.017800308
1609060470.733728170,-11.336258142,17.852928025,4.081442951,-11.337105380,17.864640012,4.086209972,0.012673316
1609060470.778460979,-11.403435407,17.852123042,4.080739265,-11.405431186,17.865183825,4.085359581,0.013996946
1609060470.828742981,-11.477877789,17.850215089,4.078791625,-11.469384622,17.862278387,4.083692656,0.015545969
1609060470.881497145,-11.553734280,17.845231444,4.075838168,-11.588042915,17.854633814,4.080310450,0.035853708
1609060470.927678108,-11.618636792,17.841230738,4.073862537,-11.646757947,17.850746163,4.078345573,0.030023995
1609060471.020473003,-11.744458988,17.829986552,4.068513047,-11.763253446,17.837131612,4.074045685,0.020854102
1609060471.085931063,-11.833480524,17.816933596,4.065863683,-11.874762272,17.823032063,4.069285357,0.041869820
1609060471.133906126,-11.896721302,17.808284185,4.063367269,-11.932035811,17.813579609,4.067144687,0.035908564
1609060471.179148197,-11.954202274,17.797998861,4.062718061,-11.991399867,17.800347692,4.065184323,0.037353184
1609060471.228013039,-12.016660796,17.786309373,4.060640661,-12.045102960,17.788847231,4.063063685,0.028657782
1609060471.278729200,-12.081752522,17.770112063,4.056069081,-12.095900932,17.778153859,4.060980571,0.016999138
1609060471.328710079,-12.143448150,17.754985831,4.054286403,-12.150925121,17.763664088,4.059754289,0.012693109
1609060471.380196095,-12.218118500,17.735749451,4.059936863,-12.258816463,17.729000596,4.056445076,0.041401254
1609060471.428129196,-12.278687186,17.717799290,4.060411731,-12.305847346,17.712432268,4.055623410,0.028096392
1609060471.479714155,-12.345017425,17.690234711,4.057863544,-12.355290462,17.693469998,4.054570448,0.011262631
1609060471.529009104,-12.405588312,17.666320884,4.058649683,-12.407237475,17.669817704,4.053797808,0.006203884
1609060471.582780123,-12.461254027,17.632195248,4.051366038,-12.453881723,17.647530233,4.053129313,0.017106191
1609060471.629180193,-12.516324225,17.602065910,4.049234630,-12.546968084,17.597288060,4.051314386,0.031083746
1609060471.679857016,-12.575471080,17.569065190,4.047217003,-12.591980429,17.570100165,4.049418208,0.016687572
1609060471.727349043,-12.629556583,17.535614917,4.044395849,-12.643922713,17.536417986,4.047530657,0.014726086
1609060471.778539181,-12.685148642,17.496293017,4.040343991,-12.691808206,17.502626394,4.044888284,0.010252417
1609060471.828935146,-12.739513379,17.455979648,4.036991482,-12.735226475,17.468687474,4.042493025,0.014495978
1609060471.880558014,-12.794232270,17.412225051,4.033195253,-12.781383472,17.431120208,4.040470128,0.023980041
1609060471.928007126,-12.842895012,17.369102351,4.031035571,-12.865698634,17.355021569,4.035765813,0.027214864
1609060471.979415178,-12.892647146,17.318529629,4.030479242,-12.904153746,17.315089840,4.033690814,0.012431741
1609060472.028941154,-12.939528649,17.268743973,4.028194396,-12.943366789,17.272942420,4.030817875,0.006264256
1609060472.082103014,-12.986739506,17.213117491,4.025525485,-12.984040498,17.226792189,4.028791151,0.014315956
1609060472.129687071,-13.028732171,17.160315512,4.023838392,-13.058477580,17.132398251,4.024476668,0.040799146
1609060472.179258108,-13.071186251,17.102696402,4.020898059,-13.095002441,17.082018473,4.023289181,0.031630763
1609060472.227492094,-13.111001800,17.046034863,4.019001891,-13.129765215,17.031218419,4.020954650,0.023987622
1609060472.279079199,-13.152530433,16.983404237,4.014929978,-13.165804239,16.977267192,4.018565950,0.015069092
1609060472.329487085,-13.190885809,16.920285545,4.013162334,-13.198210148,16.923527987,4.016936766,0.008854700
1609060472.381889105,-13.230514409,16.852600833,4.011681895,-13.263027144,16.810728653,4.016176993,0.053203038
1609060472.429280996,-13.264537354,16.790656379,4.011311470,-13.295769871,16.752006054,4.014728638,0.049809584
1609060472.480375051,-13.310604219,16.712539153,4.005822839,-13.325890175,16.693925766,4.014050814,0.025452273
1609060472.526813030,-13.345261122,16.647285179,4.004226726,-13.357897318,16.628792163,4.013727130,0.024329462
1609060472.580457211,-13.383084096,16.567475264,4.005469172,-13.391863854,16.560793847,4.012284785,0.012968348
1609060472.628858089,-13.417863986,16.495589652,4.004461036,-13.419216977,16.503495159,4.010881634,0.010273837
1609060472.680225134,-13.445520672,16.419342812,4.006645295,-13.471836112,16.381297489,4.011099475,0.046473527
1609060472.726508141,-13.476957670,16.348999283,4.007563382,-13.500065536,16.316798384,4.010673743,0.039756078
1609060472.778885126,-13.511605753,16.268955919,4.007346891,-13.527138203,16.254659280,4.010037857,0.021281264
1609060472.828325987,-13.541403427,16.194801823,4.008539342,-13.550963834,16.194571055,4.009816986,0.009648161
1609060472.881620169,-13.574066802,16.115595758,4.009251977,-13.573186475,16.134299808,4.010820654,0.018790348
1609060472.928589106,-13.601532169,16.045358223,4.009659195,-13.622654266,16.010790353,4.013017523,0.040649219
1609060472.979053020,-13.628329952,15.972563626,4.010057430,-13.647296342,15.946717969,4.013580391,0.032251095
1609060473.028273106,-13.655913235,15.900660929,4.011813356,-13.669269812,15.885904316,4.016082454,0.020356350
1609060473.079199076,-13.683340871,15.827312859,4.013502233,-13.692742335,15.824451124,4.017837622,0.010741166
1609060473.127213001,-13.709192600,15.757886176,4.016474837,-13.716994343,15.763619272,4.020416241,0.010453241
1609060473.180847168,-13.736899888,15.681141882,4.022883274,-13.758835505,15.643297116,4.025682750,0.043831891
1609060473.228025198,-13.759822996,15.615306247,4.026813912,-13.778090577,15.588176855,4.028614797,0.032755940
1609060473.279670000,-13.784678089,15.543892814,4.027544691,-13.800297334,15.527322086,4.032037056,0.023210584
1609060473.329110146,-13.807440396,15.477376394,4.031207762,-13.820307195,15.469661751,4.034377734,0.015333589
1609060473.380846024,-13.829106426,15.410936926,4.035782706,-13.835462356,15.419139627,4.037724621,0.010557140
1609060473.428627014,-13.848339745,15.350583258,4.038973624,-13.870924459,15.309350387,4.043785290,0.047258555
1609060473.479654074,-13.868189983,15.284130191,4.045006691,-13.887641470,15.258384670,4.046199945,0.032289566
1609060473.528223991,-13.885978877,15.224325945,4.047897409,-13.903700121,15.201379134,4.049365516,0.029030225
1609060473.579666138,-13.906025386,15.154566899,4.052958877,-13.919691890,15.144488972,4.051641478,0.017031544
1609060473.629147053,-13.922557786,15.094599345,4.055641921,-13.935862675,15.092483908,4.053998730,0.013571854
1609060473.680805206,-13.939183503,15.032568661,4.056736181,-13.960110003,14.999357918,4.056254290,0.039256899
1609060473.728483200,-13.952806827,14.978199286,4.057707043,-13.971128108,14.953992888,4.057634593,0.030358266
1609060473.778892040,-13.961722431,14.927125831,4.059618147,-13.980155668,14.910468594,4.059712587,0.024844652
1609060473.832645178,-13.974413004,14.871047629,4.060975903,-13.991371917,14.869005473,4.061388272,0.017086403
1609060473.888217211,-13.985367863,14.815708705,4.063472451,-14.003847868,14.790641485,4.065875915,0.031235441
1609060473.933340073,-13.992257237,14.772933333,4.064964786,-14.010666967,14.753786209,4.067941392,0.026728087
1609060473.979749203,-13.998541145,14.730565930,4.066616990,-14.014951386,14.717729534,4.070527284,0.021198100
1609060474.028207064,-14.003847184,14.689134771,4.068430500,-14.019361168,14.682774786,4.072408931,0.017232558
1609060474.084556103,-14.008474262,14.643016747,4.070901865,-14.020854953,14.650138367,4.074540783,0.014739088
1609060474.137107134,-14.010182086,14.604724682,4.073963179,-14.025667367,14.586728158,4.077712373,0.024035916
1609060474.179860115,-14.010939402,14.574992810,4.076392837,-14.025748220,14.560825081,4.081759794,0.021185605
1609060474.228349209,-14.010912238,14.542857950,4.079543032,-14.023774947,14.533542733,4.084634951,0.016677835
1609060474.277875185,-14.010824351,14.511376039,4.082983159,-14.021794988,14.507206336,4.087198654,0.012470433
1609060474.327560186,-14.008629216,14.482117670,4.085878221,-14.021318301,14.482493515,4.089954925,0.013333179
1609060474.380293131,-14.005367592,14.452701547,4.087264654,-14.014118083,14.434949908,4.093484739,0.020745632
1609060474.427479029,-14.001734343,14.428244732,4.089650521,-14.011067223,14.414863738,4.098026221,0.018338648
1609060474.477905989,-13.995207632,14.402753254,4.092274575,-14.006580471,14.393281400,4.100027114,0.016708062
1609060474.528779030,-13.989379255,14.379506675,4.094328734,-14.001592375,14.373383812,4.102847727,0.016100403
1609060474.581426144,-13.984884455,14.356701700,4.106449609,-13.996619227,14.355016105,4.104752758,0.011976035
1609060474.629651070,-13.978831290,14.337224216,4.109206348,-13.985741648,14.319108007,4.107640755,0.019452537
1609060474.680217981,-13.973205112,14.313541520,4.115936994,-13.979259680,14.301975044,4.108063859,0.015245571
1609060474.727298021,-13.967040156,14.295549342,4.118934494,-13.973156151,14.286299390,4.109512838,0.014551103
1609060474.781194210,-13.959722385,14.275131162,4.115463971,-13.966073965,14.269666376,4.110045731,0.009978165
1609060474.828670979,-13.952540814,14.257474423,4.117051864,-13.959446714,14.254123271,4.110609511,0.010021257
1609060474.881358147,-13.944506215,14.236076551,4.113217171,-13.946497172,14.221354501,4.111294736,0.014979934
1609060474.929676056,-13.937437659,14.219734755,4.112871428,-13.940152222,14.209850945,4.111709085,0.010315502
1609060475.000697136,-13.927394609,14.197551378,4.112495940,-13.927692325,14.185228897,4.112121935,0.012331750
1609060475.084722042,-13.912113637,14.166927328,4.111200209,-13.913809988,14.157170993,4.111357928,0.009903966
1609060475.126618147,-13.904820524,14.151933007,4.109554581,-13.906987768,14.143604330,4.111925074,0.008926536
1609060475.178278208,-13.896348481,14.134374067,4.107430765,-13.899927570,14.130198845,4.106531561,0.005572335
1609060475.229041100,-13.887666249,14.117485878,4.103841989,-13.893415937,14.117573142,4.103348160,0.005771517
1609060475.281843185,-13.879315445,14.101755241,4.100583695,-13.886450919,14.104037815,4.100305618,0.007496830
1609060475.328446150,-13.871415065,14.086641097,4.096955358,-13.872566287,14.078903022,4.095108499,0.008038284
1609060475.379393101,-13.863389772,14.070713362,4.092357738,-13.864996003,14.065017876,4.091533965,0.005974708
1609060475.430552006,-13.854303551,14.052807447,4.087883592,-13.858167314,14.050639175,4.088238118,0.004444745
1609060475.480121136,-13.848392597,14.037287166,4.084019710,-13.851217722,14.037065779,4.084712554,0.002917255
1609060475.529694080,-13.840371172,14.021059170,4.080034972,-13.836492985,14.009301047,4.077397265,0.012659040
1609060475.580530167,-13.831248835,14.005604503,4.076859690,-13.829131243,13.995193174,4.074071857,0.010984170
1609060475.623762131,-13.823407477,13.990487556,4.073414629,-13.821099587,13.980387139,4.070606212,0.010734617
1609060475.681043148,-13.814322269,13.970746166,4.069430603,-13.812960156,13.965269965,4.067552596,0.005947356
1609060475.730020046,-13.804691223,13.952835779,4.066012295,-13.805288989,13.951080963,4.064461476,0.002416969
1609060475.781841040,-13.791660014,13.932651236,4.064342821,-13.786692525,13.918612815,4.059651236,0.015612949
1609060475.829219103,-13.780348841,13.913812045,4.061822258,-13.777532357,13.902365164,4.056302695,0.013016499
1609060475.878290176,-13.767601912,13.891963251,4.055928553,-13.766835206,13.884574033,4.053378562,0.007854352
1609060475.927850008,-13.753993925,13.870030644,4.052743536,-13.756450633,13.866844714,4.050601714,0.004557737
1609060475.980598211,-13.738899251,13.846766015,4.045698693,-13.745772104,13.849469621,4.049057521,0.008113404
1609060476.029070139,-13.726137241,13.824249238,4.045446788,-13.722482320,13.811143094,4.045190096,0.013608651
1609060476.079783201,-13.711374653,13.800146554,4.043182448,-13.711439925,13.792853923,4.043589279,0.007304261
1609060476.149460077,-13.689239520,13.766495756,4.041534899,-13.697187826,13.770470525,4.042618681,0.008952594
1609060476.228608131,-13.662223954,13.723718226,4.038929783,-13.667240857,13.724382841,4.040805668,0.005397219
1609060476.282281160,-13.643984946,13.694214011,4.036937492,-13.638727810,13.678953540,4.039677242,0.016371490
1609060476.327225208,-13.627649523,13.668142481,4.036554585,-13.623205095,13.654690131,4.039571715,0.014485225
1609060476.372508049,-13.611915198,13.642635749,4.036572067,-13.607269895,13.629670779,4.040197568,0.014241262
1609060476.429035187,-13.590053139,13.608331699,4.037426663,-13.591956210,13.606203374,4.040651530,0.004307111
1609060476.480401039,-13.570009856,13.576396151,4.038770687,-13.574212843,13.580121462,4.041312478,0.006164718
1609060476.533285141,-13.548019214,13.541668375,4.039383262,-13.540221131,13.524442421,4.043096911,0.019270049
1609060476.579155207,-13.528953582,13.514524507,4.040139613,-13.521607165,13.495613115,4.043690787,0.020596636
1609060476.628695011,-13.507963842,13.481789047,4.041084083,-13.502461155,13.466386335,4.044612284,0.016732342
1609060476.680046082,-13.486710406,13.447550190,4.043296750,-13.484326434,13.437246006,4.045007077,0.010713765
1609060476.728375196,-13.465517467,13.414856951,4.044845526,-13.465394304,13.408219112,4.046683240,0.006888634
1609060476.779676199,-13.444284475,13.380447827,4.047594275,-13.445834913,13.377282530,4.047813786,0.003531452
1609060476.828135014,-13.422639735,13.346645272,4.048843997,-13.408493156,13.317060955,4.049368529,0.032796840
1609060476.876777172,-13.398145040,13.308651180,4.047394851,-13.389349838,13.286905244,4.049056707,0.023516017
1609060476.927697182,-13.374112863,13.270790480,4.048067365,-13.367532244,13.253129591,4.049313102,0.018888183
1609060476.979966164,-13.349542563,13.228931118,4.044274595,-13.346476959,13.218031277,4.048948516,0.012249489
1609060477.029965162,-13.325631423,13.190493610,4.044216482,-13.326757907,13.186089671,4.049039504,0.006627608
1609060477.080779076,-13.302092822,13.151796255,4.044418817,-13.307588431,13.155507920,4.049000842,0.008060591
1609060477.126787186,-13.280791640,13.116540683,4.044671705,-13.269695624,13.095555300,4.049316368,0.024188443
1609060477.179460049,-13.256226688,13.077416512,4.044511492,-13.251035727,13.065034848,4.048691762,0.014061520
1609060477.227986097,-13.234091276,13.042503107,4.045462858,-13.232764614,13.035862598,4.048324713,0.007351640
1609060477.281500101,-13.209321299,13.003002075,4.045182470,-13.213933953,13.005124901,4.047846438,0.005734082
1609060477.332756996,-13.185750733,12.966016586,4.043981553,-13.178425963,12.948683142,4.048249867,0.019295570
1609060477.378741980,-13.164725543,12.932660264,4.043004470,-13.158464942,12.920159683,4.049062763,0.015236882
1609060477.428728104,-13.142010528,12.897456127,4.042875074,-13.142011634,12.889897579,4.048555569,0.009455141
1609060477.480911016,-13.119260679,12.862255759,4.043674077,-13.124095528,12.861472837,4.048564022,0.006921004
1609060477.529803991,-13.096943627,12.829793663,4.044174116,-13.086736172,12.807595241,4.048804166,0.024867638
1609060477.578423023,-13.075401020,12.798354752,4.045482238,-13.068913679,12.781215616,4.048482541,0.018569798
1609060477.627958059,-13.053109886,12.766580722,4.045735351,-13.051408999,12.754701386,4.049336104,0.012529048
1609060477.680728197,-13.032866246,12.736371389,4.045916935,-13.034108234,12.729321105,4.049325273,0.007928796
1609060477.723581076,-13.014727372,12.711118832,4.046563533,-13.016661228,12.704305508,4.049685741,0.007740114
1609060477.773975134,-12.992612973,12.681717820,4.048097751,-12.998556032,12.679148136,4.050447113,0.006887868
1609060477.828898191,-12.968718453,12.651153274,4.048921538,-12.962790049,12.633152081,4.050587946,0.019025400
1609060477.879162073,-12.949253171,12.624889742,4.049527307,-12.946304254,12.611192867,4.050575715,0.014049899
1609060477.927370071,-12.928376162,12.599546753,4.049304221,-12.926487979,12.587291644,4.050672430,0.012474973
1609060477.979067087,-12.903496918,12.571485093,4.049796490,-12.905966057,12.563435669,4.050821789,0.008481811
1609060478.028429985,-12.881143420,12.547032409,4.050410773,-12.887194338,12.542630954,4.050055023,0.007490859
1609060478.080372095,-12.857185628,12.521493757,4.048746577,-12.850452630,12.504634580,4.049879032,0.018189216
1609060478.126526117,-12.835013270,12.499828679,4.048827624,-12.830790247,12.485994047,4.049592386,0.014485021
1609060478.172044992,-12.812198609,12.478114223,4.047283080,-12.810763280,12.468266440,4.050430321,0.010437630
1609060478.225057125,-12.786652799,12.455501066,4.047043636,-12.792297177,12.452482472,4.050121739,0.007102510
1609060478.281713009,-12.758627570,12.432854910,4.046177306,-12.771696740,12.434932709,4.050130859,0.013811264
1609060478.329128027,-12.735520084,12.413985379,4.045999875,-12.729067523,12.404597432,4.048861101,0.011745455
1609060478.379383087,-12.709875320,12.395616191,4.044822997,-12.706260102,12.390376373,4.048958376,0.007591236
1609060478.427805185,-12.684546230,12.379286762,4.043769724,-12.683974610,12.375098946,4.047884458,0.005898778
1609060478.480800152,-12.657360946,12.364092679,4.043443281,-12.660937246,12.361446916,4.047180797,0.005810250
1609060478.528940201,-12.630034547,12.349617234,4.042885535,-12.636806545,12.349232098,4.046659183,0.007762004
1609060478.580368996,-12.600373057,12.336164871,4.042603359,-12.611739076,12.336910856,4.045987785,0.011882644
1609060478.629499197,-12.572515367,12.323284480,4.041161568,-12.565232527,12.313687250,4.044880984,0.012608753
1609060478.680297136,-12.544109056,12.310530442,4.038956032,-12.539439430,12.304697437,4.043483386,0.008736492
1609060478.728594065,-12.515769495,12.300142043,4.036627918,-12.512611304,12.293077109,4.041206115,0.008991515
1609060478.779266119,-12.485824834,12.288464880,4.036252573,-12.483619270,12.282879596,4.039334161,0.006749525
1609060478.829585075,-12.454841067,12.278151264,4.033946873,-12.456404595,12.274833860,4.037894997,0.005388643
1609060478.880124092,-12.424379345,12.267648364,4.028982441,-12.406298394,12.259198951,4.033978482,0.020573619
1609060478.926433086,-12.395370230,12.259519698,4.026483008,-12.380540210,12.251524632,4.032410905,0.017860306
1609060478.979730129,-12.363187900,12.251163987,4.027671805,-12.352502982,12.246555398,4.030510230,0.011977614
1609060479.029379129,-12.332329302,12.244082657,4.025394813,-12.325874502,12.240513587,4.028312538,0.007931949
1609060479.080957174,-12.298885776,12.233479029,4.023604955,-12.299375890,12.233971905,4.026122219,0.002611466
1609060479.130403042,-12.267076602,12.225909483,4.021558504,-12.244716054,12.225118620,4.022010482,0.022379094
1609060479.180795193,-12.233224046,12.220592413,4.018516447,-12.217955937,12.220069298,4.019848416,0.015335024
1609060479.228103161,-12.202058160,12.214236032,4.016672922,-12.192063963,12.214390387,4.018245618,0.010118359
1609060479.282148123,-12.165077245,12.213631882,4.012711300,-12.165310551,12.210257518,4.016957177,0.005428466
1609060479.328881025,-12.134998544,12.209457893,4.011289974,-12.137743665,12.207177523,4.015395613,0.005439857
1609060479.380424023,-12.100691821,12.204368733,4.009539869,-12.109821036,12.202916304,4.013807241,0.010181482
1609060479.428443193,-12.068951315,12.199401132,4.007501535,-12.056349523,12.193798852,4.010521044,0.014117653
1609060479.481338024,-12.034910323,12.193206044,4.005228955,-12.029657225,12.189946634,4.008790512,0.007134667
1609060479.528342009,-12.004228433,12.188587063,4.003601802,-11.999864816,12.184903280,4.006515303,0.006410920
1609060479.579895020,-11.971006009,12.184058603,4.002296606,-11.970346174,12.178705959,4.004582104,0.005857446
1609060479.629096031,-11.938480424,12.177912280,4.000112241,-11.942167231,12.173812753,4.003042781,0.006243936
1609060479.680663109,-11.905281006,12.171002402,3.996821410,-11.888098214,12.163276990,3.999959126,0.019099100
1609060479.729127169,-11.873203437,12.164005295,3.995658919,-11.860552175,12.156667313,3.998336642,0.014868443
1609060479.779810190,-11.840627635,12.156220113,3.994973845,-11.832197984,12.149453854,3.996981710,0.010994217
1609060479.828247070,-11.807729740,12.147639121,3.993300486,-11.803976178,12.143229362,3.995407244,0.006162275
1609060479.881755114,-11.771847274,12.136396785,3.989777529,-11.774767097,12.133774033,3.993221418,0.005221548
1609060479.928881168,-11.737780557,12.125035722,3.987640094,-11.713616673,12.114148324,3.988716143,0.026525207
1609060479.979612112,-11.703294425,12.114366609,3.985748258,-11.681226791,12.103789019,3.987157651,0.024512288
1609060480.028473139,-11.667761240,12.101596668,3.983889763,-11.650266735,12.091025486,3.985599621,0.020511734
1609060480.078821182,-11.630877473,12.087712807,3.981281339,-11.619391485,12.077898145,3.983951036,0.015342190
1609060480.128672123,-11.593330659,12.072845589,3.980176390,-11.586265950,12.065837707,3.982330912,0.010181478
1609060480.181447983,-11.550646984,12.050111954,3.978691533,-11.552848902,12.051269400,3.981925619,0.004080127
1609060480.227405071,-11.512911884,12.032213825,3.978172552,-11.485901127,12.019138439,3.979744655,0.030050262
1609060480.277834177,-11.470653934,12.011680336,3.976319268,-11.452397264,12.003614220,3.979871944,0.020272882
1609060480.328183174,-11.427011804,11.989515528,3.975963315,-11.413782370,11.984162039,3.979968862,0.014823028
1609060480.379876137,-11.383179553,11.969662708,3.974834814,-11.373318023,11.962508832,3.979407735,0.013013045
1609060480.429113150,-11.339129173,11.946332098,3.975305601,-11.336690707,11.941468307,3.979333334,0.006769432
1609060480.480789185,-11.291465283,11.919838618,3.975263490,-11.264264216,11.902556860,3.979370191,0.032487262
1609060480.532296181,-11.247102273,11.894985603,3.977379026,-11.226443903,11.880338978,3.978975391,0.025374007
1609060480.580609083,-11.202552396,11.869418804,3.977598334,-11.189014603,11.857173439,3.978992116,0.018307469
1609060480.629172087,-11.156460410,11.842355882,3.977268449,-11.149916284,11.834673324,3.979191980,0.010273620
1609060480.680544138,-11.108606754,11.813556437,3.976774092,-11.110430713,11.810585963,3.980010201,0.004756358
1609060480.729022980,-11.063812211,11.786338999,3.977323775,-11.033952981,11.762078436,3.980936791,0.038641977
1609060480.779507160,-11.018506478,11.757886737,3.977775900,-10.995165596,11.738581800,3.982083797,0.030594694
1609060480.830286980,-10.970357909,11.728540307,3.979890379,-10.954728211,11.713770087,3.983358097,0.021782376
1609060480.878767014,-10.924650715,11.701067760,3.981830226,-10.915174620,11.688267876,3.984199345,0.016101122
1609060480.928699017,-10.876676408,11.671229471,3.982582359,-10.875412905,11.662899551,3.984612285,0.008666291
1609060480.981075048,-10.829506014,11.641351378,3.981326684,-10.833068462,11.637851172,3.985626409,0.006590153
1609060481.028006077,-10.784074212,11.613273493,3.981238023,-10.754204915,11.586534758,3.985966879,0.040367028
1609060481.078581095,-10.738396406,11.584516940,3.980508497,-10.716089771,11.562247619,3.986463270,0.032077530
1609060481.128023148,-10.690781365,11.555387340,3.980691478,-10.671020045,11.534775818,3.987405565,0.029332978
1609060481.179006100,-10.644514759,11.527356791,3.983677978,-10.626166319,11.506887081,3.988011595,0.027829023
1609060481.229451180,-10.596843431,11.498784304,3.984477764,-10.586964763,11.480989307,3.988314277,0.020711563
1609060481.281218052,-10.543439929,11.464016368,3.985945545,-10.509069367,11.436273584,3.987731762,0.044206201
1609060481.326537132,-10.498872270,11.437905036,3.985749422,-10.470457059,11.411930148,3.987134415,0.038523204
1609060481.379728079,-10.446856172,11.406190060,3.985416840,-10.432287298,11.388210606,3.986330586,0.023159184
1609060481.444012165,-10.383525457,11.370019878,3.984163535,-10.354488964,11.345885585,3.983343141,0.037765792
1609060481.485725164,-10.348767448,11.352494777,3.981262147,-10.317274059,11.324303392,3.981890695,0.042272720
1609060481.527129173,-10.310336651,11.330889311,3.978830720,-10.280401860,11.303403995,3.980187773,0.040661724
1609060481.580744982,-10.258042017,11.302985270,3.976580643,-10.239581057,11.282504287,3.978230015,0.027622421
1609060481.628387213,-10.213983728,11.279492088,3.976043826,-10.201495082,11.262819917,3.977526421,0.020883621
1609060481.682008028,-10.162943059,11.253619596,3.974650420,-10.165845246,11.244474073,3.975859930,0.009670895
1609060481.727735043,-10.120093836,11.232664348,3.973513985,-10.089540556,11.207636776,3.973429811,0.039495435
1609060481.779087067,-10.074731568,11.210693898,3.971779283,-10.051577827,11.190682907,3.972825783,0.030620755
1609060481.828232050,-10.030331554,11.190060128,3.970904250,-10.015915614,11.172023363,3.972632710,0.023154520
1609060481.879717112,-9.986961985,11.169763855,3.969480323,-9.979683083,11.154517337,3.971584762,0.017025492
1609060481.933407068,-9.940301151,11.149304500,3.969025711,-9.944820724,11.139598803,3.970547652,0.010814037
1609060481.981904984,-9.898803758,11.131193640,3.967902750,-9.871339927,11.107118260,3.968944395,0.036537254
1609060482.028050184,-9.858677540,11.113982388,3.966616692,-9.837930347,11.092860865,3.967805235,0.029630683
1609060482.081947088,-9.815863591,11.096269060,3.963642179,-9.801905392,11.078169333,3.966951814,0.023095132
1609060482.128210068,-9.777126708,11.081068322,3.961862215,-9.764152717,11.065060708,3.965917835,0.021000386
1609060482.180625200,-9.737587044,11.065285416,3.962099096,-9.728698846,11.049866430,3.964520143,0.017961255
1609060482.228815079,-9.698509942,11.049916835,3.959925554,-9.662180914,11.024853684,3.961400033,0.044160320
1609060482.279059172,-9.660938755,11.033705069,3.957635346,-9.628162810,11.013073975,3.960015166,0.038801652
1609060482.327528000,-9.622850154,11.019151270,3.955355523,-9.597268154,10.999560327,3.958785578,0.032403843
1609060482.380026102,-9.577310345,11.001661113,3.953718642,-9.565082451,10.986979553,3.957169865,0.019415987
1609060482.429511070,-9.537617877,10.986853783,3.951380186,-9.533243198,10.976951878,3.955528093,0.011592699
1609060482.482517004,-9.497875980,10.972303821,3.947839063,-9.472221482,10.952889090,3.952312117,0.032482199
1609060482.527718067,-9.462733823,10.959436603,3.945363890,-9.442837814,10.941371723,3.950525407,0.027364801
1609060482.621788979,-9.402592352,10.936419576,3.941615512,-9.386381766,10.922005550,3.946547871,0.022245796
1609060482.734424114,-9.328567334,10.907872328,3.937703004,-9.304027480,10.890338275,3.940145934,0.030259137
1609060482.779277086,-9.298893019,10.896192838,3.935475233,-9.277087624,10.879728351,3.938491178,0.027489098
1609060482.828587055,-9.268025381,10.883507655,3.933794873,-9.251711446,10.868206859,3.937515106,0.022673751
1609060482.881298065,-9.237670808,10.870487512,3.932465970,-9.226499942,10.857520575,3.936725470,0.017637263
1609060482.930871010,-9.208237346,10.857089030,3.932310454,-9.201621414,10.846945156,3.936235651,0.012730904
1609060482.980209112,-9.180281432,10.842864030,3.932521442,-9.177094190,10.834469736,3.935823904,0.009567076
1609060483.028465986,-9.152742416,10.829047442,3.932645421,-9.131786665,10.810125296,3.936511697,0.028498057
1609060483.081049204,-9.125649549,10.815500745,3.933257672,-9.109259597,10.798393932,3.937307176,0.024034810
1609060483.128555059,-9.099380290,10.801941991,3.934064320,-9.087461944,10.785720743,3.938027021,0.020515332
1609060483.180977106,-9.076780018,10.786853453,3.935593071,-9.067135215,10.772056621,3.939717917,0.018137883
1609060483.230127096,-9.051593028,10.770982454,3.936754705,-9.025205234,10.745120661,3.941946260,0.037310859
1609060483.281493187,-9.028026381,10.752292108,3.938307987,-9.005315757,10.729472295,3.942899728,0.032520769
1609060483.328428030,-9.004410559,10.735079955,3.939546304,-8.985765768,10.713795537,3.943744573,0.028605596
1609060483.378969193,-8.983506459,10.715664728,3.942624418,-8.964424604,10.695402434,3.945595847,0.027991197
1609060483.430318117,-8.959109862,10.693471330,3.944083100,-8.944796429,10.676454110,3.946079115,0.022325864
1609060483.480869055,-8.936453725,10.668687729,3.944904489,-8.908422335,10.637174330,3.949090438,0.042383668
1609060483.528273106,-8.913420770,10.644676803,3.946351563,-8.889367281,10.615454339,3.950547590,0.038080564
1609060483.579897165,-8.890706050,10.614063036,3.948880649,-8.870676272,10.592916867,3.951510873,0.029245009
1609060483.628494024,-8.867041663,10.585730765,3.949912932,-8.853515021,10.570814673,3.952113491,0.020255920
1609060483.682538033,-8.846533492,10.552376139,3.951238292,-8.835253287,10.545678987,3.952385261,0.013168540
1609060483.730038166,-8.824593333,10.522167872,3.951945424,-8.799468317,10.492412999,3.952486464,0.038947550
1609060483.772054195,-8.805057943,10.493648755,3.952162457,-8.781147850,10.462740585,3.952861262,0.039083191
1609060483.822942019,-8.783208904,10.457616457,3.951822675,-8.763033657,10.432252508,3.952423104,0.032414981
1609060483.874164104,-8.761491902,10.419305724,3.951022505,-8.745532867,10.401142080,3.952214744,0.024208061
1609060483.923398018,-8.739318584,10.381044175,3.950363654,-8.728318705,10.368127975,3.951181701,0.016985133
1609060483.980666161,-8.718397526,10.337501064,3.950133715,-8.711051327,10.334463936,3.951132807,0.008011802
1609060484.028288126,-8.698304761,10.299670870,3.949523617,-8.677509631,10.267582986,3.948879237,0.038242450
1609060484.081130028,-8.677052469,10.256841238,3.949168449,-8.659976527,10.233109138,3.947452258,0.029287295
1609060484.131193161,-8.655397858,10.214866203,3.946543298,-8.641806082,10.197063361,3.946091134,0.022402724
1609060484.179687977,-8.635358597,10.173098815,3.943368158,-8.624951820,10.161546777,3.943471959,0.015548677
1609060484.229885101,-8.612566103,10.127748092,3.940232721,-8.591633182,10.085807498,3.937734296,0.046940843
1609060484.281463146,-8.593288375,10.081596233,3.936791267,-8.575615625,10.047517557,3.934838615,0.038438198
1609060484.329643011,-8.571092281,10.038655396,3.933012233,-8.557503770,10.010142557,3.931710434,0.031612091
1609060484.380283117,-8.551095516,9.993919033,3.928023747,-8.539726041,9.970428978,3.927744522,0.026098384
1609060484.429648161,-8.528097179,9.950282385,3.923522381,-8.520713214,9.932222818,3.923717974,0.019511769
1609060484.481362104,-8.507555412,9.905622098,3.917586346,-8.485348972,9.860284969,3.913487593,0.050649590
1609060484.534080029,-8.482195393,9.859672711,3.911080663,-8.465844048,9.823479896,3.909207882,0.039759196
1609060484.579492092,-8.457478403,9.817032860,3.907238898,-8.445874587,9.787289274,3.904641864,0.032032391
1609060484.629556179,-8.429700268,9.773723632,3.900873824,-8.426386134,9.752552591,3.899379014,0.021480942
1609060484.681941986,-8.402466278,9.726443719,3.892513276,-8.404538803,9.716727671,3.893120933,0.009953200
1609060484.730236053,-8.372513892,9.685445304,3.886448765,-8.358504373,9.648477993,3.882941262,0.039688176
1609060484.779811144,-8.346165198,9.644085683,3.878207149,-8.334155803,9.614862451,3.877498237,0.031602617
1609060484.828018188,-8.317825772,9.607303212,3.872567601,-8.310488819,9.583953244,3.872401643,0.024476099
1609060484.878533125,-8.285325409,9.567981281,3.865787957,-8.284659860,9.552438962,3.866270225,0.015564036
1609060484.930534124,-8.253768211,9.529777844,3.860633390,-8.258595598,9.522264639,3.860917812,0.008934921
1609060484.981159210,-8.218967973,9.493146563,3.853761823,-8.201685982,9.462780897,3.850185817,0.035121627
1609060485.028194189,-8.184623794,9.461238113,3.846784299,-8.173891837,9.437525537,3.844716398,0.026110101
1609060485.079768181,-8.148545543,9.429255844,3.838365237,-8.141601034,9.410360960,3.839558141,0.020165958
1609060485.129080057,-8.110552028,9.398292937,3.831726244,-8.111788502,9.384590871,3.834359764,0.014007530
1609060485.180635214,-8.071169649,9.368105292,3.824982823,-8.080096755,9.361291910,3.829773832,0.012209388
1609060485.228953123,-8.032641444,9.340962724,3.819698520,-8.012490530,9.315549947,3.820647946,0.032446417
1609060485.278696060,-7.993576234,9.314464216,3.814741014,-7.978540199,9.294278813,3.816176295,0.025210968
1609060485.329076052,-7.949006522,9.289089563,3.808848374,-7.939587888,9.270232055,3.811482029,0.021242702
1609060485.380200148,-7.905664757,9.264471515,3.801120961,-7.897551065,9.248075658,3.806257484,0.019001053
1609060485.430720091,-7.859181560,9.241254882,3.795527291,-7.858177151,9.229537444,3.801843100,0.013349032
1609060485.481105089,-7.818148073,9.220192070,3.793316688,-7.782924955,9.194484314,3.792221594,0.043620592
1609060485.527322054,-7.773885277,9.201213345,3.788950527,-7.742812601,9.177606777,3.788596222,0.039024438
1609060485.581003189,-7.725752578,9.182026811,3.783064074,-7.701232046,9.162221939,3.784463481,0.031550718
1609060485.629459143,-7.678565952,9.164532675,3.778725338,-7.662795330,9.148558324,3.779680847,0.022467875
1609060485.682391167,-7.623464641,9.145473614,3.769096007,-7.622143996,9.133002781,3.775263008,0.013974894
1609060485.728686094,-7.575680113,9.130480544,3.764377005,-7.538087038,9.107511194,3.768548534,0.044251915
1609060485.780714035,-7.522932207,9.112301936,3.757816863,-7.496793957,9.094202303,3.765007939,0.032596264
1609060485.828873158,-7.472755915,9.097145988,3.752928534,-7.459639856,9.080741964,3.762185005,0.022952238
1609060485.880715132,-7.423374108,9.080518341,3.752216238,-7.421341483,9.069009773,3.759105509,0.013566163
1609060485.935539007,-7.370834646,9.065211213,3.750231460,-7.337651989,9.045807272,3.752291114,0.038494725
1609060485.979164124,-7.325801602,9.052085807,3.746119914,-7.298118824,9.032985234,3.748203071,0.033697295
1609060486.027441025,-7.279381781,9.037132128,3.742110474,-7.256907813,9.020928261,3.744767139,0.027833476
1609060486.080199003,-7.227084551,9.020861613,3.736779418,-7.214522428,9.009527260,3.740916001,0.017417974
1609060486.128912210,-7.179576737,9.006305670,3.730500709,-7.173984392,8.997515567,3.735886716,0.011728142
1609060486.179495096,-7.132327090,8.992400832,3.722149905,-7.133882313,8.983960136,3.729284290,0.011160802
1609060486.228121042,-7.086428125,8.977187744,3.713711794,-7.054993860,8.959607415,3.715530383,0.036062284
1609060486.281726122,-7.039537975,8.958329081,3.704199396,-7.017325622,8.945290994,3.708584052,0.026126721
1609060486.327965021,-6.998094814,8.941768782,3.696077732,-6.979113830,8.929457382,3.699991166,0.022960037
1609060486.380213022,-6.953707860,8.922562504,3.687427897,-6.944426724,8.914316270,3.693488470,0.013815586
1609060486.428727150,-6.910668393,8.902632683,3.678198744,-6.868163707,8.880817030,3.677118050,0.047788482
1609060486.481432199,-6.868981413,8.881511089,3.668861570,-6.832778552,8.861580924,3.668698977,0.041326567
1609060486.527513027,-6.830599662,8.860604645,3.660328056,-6.799200688,8.842721579,3.661671039,0.036159414
1609060486.580152035,-6.789766629,8.837894262,3.654342074,-6.766059750,8.824531304,3.654215934,0.027213979
1609060486.629222155,-6.750351267,8.814617901,3.645510246,-6.732426155,8.803805581,3.646249966,0.020946673
1609060486.680812120,-6.711834263,8.789559383,3.638275771,-6.669589591,8.760030715,3.631139835,0.052033414
1609060486.728094101,-6.675330924,8.763756630,3.630363418,-6.636775732,8.735878215,3.623494883,0.048071671
1609060486.779956102,-6.634393437,8.731303000,3.621970538,-6.606423444,8.710487059,3.615797431,0.035408066
1609060486.829302073,-6.596798165,8.700264582,3.614151528,-6.577443845,8.684411453,3.608521320,0.025643920
1609060486.881893158,-6.558929511,8.663153979,3.602778004,-6.546452092,8.656970747,3.601030440,0.014034683
1609060486.933675051,-6.520009620,8.626359003,3.594380706,-6.491357201,8.601440790,3.588721826,0.038391424
1609060486.980293036,-6.488686464,8.590795163,3.586475735,-6.465132605,8.573442784,3.582909846,0.029472104
1609060487.030152082,-6.455541318,8.556446666,3.579259886,-6.438449333,8.545723325,3.575988339,0.020440866
1609060487.081585169,-6.420053766,8.517563727,3.571643604,-6.411760437,8.514482163,3.570225597,0.008960251
1609060487.134253025,-6.388608948,8.476668621,3.565111813,-6.358500440,8.450889116,3.558405280,0.040200531
1609060487.179390192,-6.358967640,8.440777035,3.558636181,-6.333220786,8.416318453,3.553241169,0.035919756
1609060487.229357004,-6.327928989,8.399238744,3.551858028,-6.307257259,8.380925521,3.548038221,0.027879839
1609060487.281926155,-6.297196985,8.355181382,3.545407901,-6.283241945,8.346868217,3.543570575,0.016347098
1609060487.332370996,-6.267993580,8.313516613,3.539834834,-6.260375088,8.313987289,3.539288777,0.007652525
1609060487.381510019,-6.240803016,8.271882721,3.534641764,-6.212722579,8.241729897,3.531655996,0.041311239
1609060487.429805994,-6.213843364,8.231285697,3.529970567,-6.191704918,8.208291041,3.527330246,0.032028679
1609060487.481407166,-6.186656614,8.188163367,3.524877642,-6.169244574,8.171961269,3.523854794,0.023806161
1609060487.531018019,-6.158896789,8.145575526,3.519414357,-6.147733047,8.136014923,3.519448095,0.014698143
1609060487.573276997,-6.139609014,8.112484933,3.515095948,-6.127121995,8.101388417,3.516156076,0.016738643
1609060487.623480082,-6.112297489,8.069871064,3.509417727,-6.085312408,8.029205903,3.506886530,0.048869796
1609060487.680495024,-6.084265603,8.020662872,3.503293841,-6.065334830,7.994335525,3.502491355,0.032436822
1609060487.728843212,-6.058332706,7.980106735,3.497572159,-6.043692740,7.954510652,3.497820199,0.029488126
1609060487.780599117,-6.037430332,7.938410071,3.491040829,-6.021345708,7.913220648,3.492399990,0.029917712
1609060487.831240177,-6.012470984,7.895874293,3.484705214,-6.001011372,7.876785315,3.488004589,0.022507724
1609060487.881911993,-5.985273687,7.849302286,3.478535037,-5.965532057,7.807299020,3.477871129,0.046416022
1609060487.928303003,-5.961674804,7.809625227,3.472429677,-5.946384743,7.771130320,3.472727495,0.041421401
1609060487.979984045,-5.940811762,7.761928366,3.464365527,-5.928009516,7.735311417,3.467588960,0.029711108
1609060488.029487133,-5.916149255,7.718829689,3.457530304,-5.911495457,7.701105023,3.462062055,0.018877457
1609060488.082446098,-5.896966360,7.671724579,3.449762867,-5.893041116,7.665715801,3.455951502,0.009476927
1609060488.130092144,-5.877639348,7.631669690,3.444537225,-5.859080849,7.597848177,3.443749693,0.038586693
1609060488.181658030,-5.854621031,7.586985261,3.436412332,-5.842178755,7.561548312,3.436836036,0.028320101
1609060488.228613138,-5.836424060,7.548041001,3.426858703,-5.825536470,7.527431117,3.430766567,0.023634261
1609060488.281764984,-5.813838936,7.503193116,3.418044199,-5.810332436,7.495488853,3.424337589,0.010547890
1609060488.328850031,-5.795330419,7.464281987,3.410941507,-5.778542129,7.427676684,3.410820844,0.040271695
1609060488.380331039,-5.777440193,7.422895176,3.403963615,-5.763198586,7.394705826,3.404531221,0.031587735
1609060488.429883003,-5.758628225,7.383251092,3.396914615,-5.747615781,7.360990016,3.398553666,0.024890077
1609060488.480764151,-5.740271035,7.343152523,3.389871204,-5.732062451,7.327814694,3.392068875,0.017534526
1609060488.535542011,-5.720705666,7.300841502,3.378598253,-5.716439310,7.294587994,3.385679762,0.010366096
1609060488.580343008,-5.704482819,7.265964406,3.371012897,-5.701216954,7.260835100,3.379015028,0.010050361
1609060488.629785061,-5.684701872,7.228513499,3.363808135,-5.669968747,7.196793478,3.367269662,0.035145510
1609060488.681182146,-5.667814749,7.191339168,3.362577513,-5.654970632,7.167440152,3.362475348,0.027131987
1609060488.733952999,-5.646319720,7.153564808,3.356683750,-5.638226826,7.136649964,3.357135765,0.018756630
1609060488.780320168,-5.628279850,7.121590249,3.350137522,-5.621209410,7.108034582,3.351963283,0.015397423
1609060488.830223083,-5.605823558,7.087683845,3.344147094,-5.588601716,7.051426909,3.341553805,0.040222908
1609060488.878646135,-5.590154494,7.055055021,3.334290241,-5.572802076,7.022984039,3.336429022,0.036527096
1609060488.926599026,-5.570432109,7.021541760,3.328354551,-5.556392503,6.993312027,3.331676372,0.031702726
1609060488.980388165,-5.547619732,6.980087307,3.319984933,-5.538552151,6.961617749,3.327407359,0.021873225
1609060489.026468992,-5.526840984,6.948535133,3.314638473,-5.521296244,6.932821950,3.323077537,0.018677957
1609060489.085741043,-5.501150458,6.904581493,3.310784532,-5.487245798,6.878157334,3.316173304,0.030341632
1609060489.127518177,-5.481191016,6.875287215,3.307942624,-5.471245054,6.848236076,3.314171235,0.029486978
1609060489.181252003,-5.461917191,6.837421881,3.309094679,-5.449637553,6.821695288,3.312409112,0.020226238
1609060489.229586124,-5.439724311,6.804121741,3.306846424,-5.431805035,6.795126939,3.309816691,0.012346816
1609060489.282239199,-5.413647136,6.767072490,3.304040580,-5.412671658,6.766252711,3.307865452,0.004031531
1609060489.327752113,-5.394069984,6.737387984,3.302338420,-5.374285211,6.712195045,3.304337097,0.032095422
1609060489.379934072,-5.367260960,6.701928492,3.299759139,-5.352958623,6.684064009,3.302681403,0.023070246
1609060489.424185991,-5.343189055,6.672631981,3.297677691,-5.331821177,6.657719900,3.301335282,0.019104366
1609060489.474608183,-5.317214800,6.640421719,3.296765005,-5.310724730,6.632402964,3.299747721,0.010738623
1609060489.524008036,-5.289993862,6.607741633,3.294812299,-5.288378829,6.605264092,3.298176471,0.004479307
1609060489.573360205,-5.266056628,6.576726675,3.291677985,-5.244007017,6.552198943,3.293848156,0.033053058
1609060489.623059988,-5.236813947,6.544888015,3.289264407,-5.220853251,6.525239291,3.292310368,0.025496942
1609060489.680881023,-5.206442588,6.508766442,3.286264371,-5.196836090,6.498616568,3.290439871,0.014585594
1609060489.728197098,-5.176334508,6.479632758,3.283609680,-5.171072675,6.472104797,3.288377159,0.010348234
1609060489.780966043,-5.146884999,6.450923880,3.281921767,-5.145556105,6.445607461,3.287110909,0.007547017
1609060489.828963041,-5.115981420,6.422807506,3.279693316,-5.094206085,6.394548398,3.283454418,0.035873225
1609060489.879400015,-5.087086011,6.392609001,3.275496701,-5.069356790,6.371914698,3.281176441,0.027835928
1609060489.928678036,-5.054413140,6.365321712,3.272539219,-5.039568910,6.345237581,3.278820593,0.025752264
1609060489.979420185,-5.023171642,6.338057667,3.273692904,-5.008979415,6.319112248,3.276149091,0.023798762
1609060490.031026125,-4.986661061,6.311347413,3.271838585,-4.979154948,6.296846912,3.274506050,0.016544534
1609060490.081745148,-4.946077875,6.283661299,3.269230495,-4.920770405,6.256461726,3.271319901,0.037210892
1609060490.129084110,-4.908688735,6.260706461,3.267455124,-4.890651640,6.235903862,3.269643582,0.030745651
1609060490.180391073,-4.872097811,6.234477237,3.264997973,-4.858946253,6.216551980,3.267923294,0.022424001
1609060490.229308128,-4.833030411,6.211147043,3.262846853,-4.829154879,6.198588310,3.265969124,0.013508889
1609060490.280956984,-4.796691034,6.187529129,3.262111883,-4.798127351,6.179117359,3.263906102,0.008720098
1609060490.329324007,-4.761566344,6.166006014,3.260773796,-4.737125996,6.144259623,3.260644500,0.032714718
1609060490.380764008,-4.719990043,6.143033731,3.258398468,-4.704578608,6.126366826,3.258999347,0.022708128
1609060490.429780006,-4.684382549,6.122768839,3.255906487,-4.673989428,6.108368636,3.256992770,0.017792213
1609060490.481692076,-4.642997844,6.100356813,3.253283270,-4.643974691,6.092063533,3.255103839,0.008546765
1609060490.529579163,-4.607330465,6.079298114,3.250417959,-4.580072168,6.057053776,3.250287925,0.035182982
1609060490.579999208,-4.571143626,6.057167687,3.246051624,-4.549908138,6.038775231,3.247173730,0.028115610
1609060490.629163027,-4.533924053,6.035407919,3.242986616,-4.518577763,6.019855401,3.244313015,0.021889466
1609060490.681888103,-4.497110929,6.011535830,3.240700203,-4.486513198,6.001656765,3.241067926,0.014492862
1609060490.728027105,-4.462753679,5.990195635,3.237240594,-4.455806323,5.981659797,3.237316481,0.011006000
1609060490.781954050,-4.424895408,5.964201240,3.233676047,-4.424475296,5.960417708,3.233262668,0.003829163
1609060490.830234051,-4.389328409,5.939731912,3.229186253,-4.364142444,5.918985058,3.225773398,0.032808724
1609060490.882236004,-4.354069984,5.911668830,3.221419608,-4.335407688,5.896364443,3.221238267,0.024135833
1609060490.927493095,-4.321867309,5.884890303,3.216814381,-4.306368236,5.871916528,3.217383432,0.020220384
1609060490.979726076,-4.290838463,5.854922763,3.211060164,-4.277817629,5.846718609,3.213480964,0.015579170
1609060491.030094147,-4.255868292,5.822591061,3.206804636,-4.222620811,5.793021374,3.206499970,0.044495552
1609060491.081507206,-4.225359832,5.787653533,3.205111949,-4.195774182,5.764389555,3.203693240,0.037663458
1609060491.128799200,-4.193405647,5.754413989,3.202388730,-4.169106391,5.734753238,3.201251134,0.031277678
1609060491.179252148,-4.159741367,5.713336259,3.202378425,-4.142169490,5.701667794,3.199336802,0.021311391
1609060491.237707138,-4.120829252,5.665746781,3.200743707,-4.090340021,5.634459026,3.195204551,0.044036338
1609060491.285046101,-4.093123240,5.624279458,3.198770546,-4.064113771,5.597913761,3.192980909,0.039625990
1609060491.327813148,-4.064300427,5.586327539,3.197436656,-4.038490509,5.560351065,3.192400220,0.036963425
1609060491.379707098,-4.034593443,5.538367990,3.193037653,-4.013500261,5.522034509,3.191378276,0.026729355
1609060491.431063175,-4.003237864,5.490895961,3.193112839,-3.990229863,5.485691272,3.190550282,0.014243018
1609060491.483215094,-3.970336813,5.439377718,3.193160450,-3.965973521,5.445483800,3.191148958,0.007769726
1609060491.534535170,-3.943069588,5.389821833,3.194965418,-3.919041186,5.361370827,3.191977099,0.037359790
1609060491.580775023,-3.915350799,5.342456002,3.195567806,-3.895304886,5.317450666,3.193192675,0.032136377
1609060491.630144119,-3.886856246,5.291516954,3.196487174,-3.871596516,5.273114523,3.194094456,0.024025693
1609060491.681989193,-3.858798108,5.237332363,3.197563701,-3.849766553,5.228901869,3.195929593,0.012462445
1609060491.729292154,-3.833125047,5.187306186,3.198085634,-3.829133901,5.187650558,3.196400448,0.004345997
1609060491.782570124,-3.805057303,5.131467322,3.198417710,-3.784858974,5.098009120,3.199630126,0.039101071
1609060491.829774141,-3.779163220,5.082802600,3.200040164,-3.763925618,5.056209410,3.201103976,0.030667800
1609060491.882502079,-3.752399541,5.029154959,3.202228782,-3.741759376,5.011577996,3.203013489,0.020561579
1609060491.929095984,-3.726591494,4.981031665,3.203006223,-3.720992311,4.969665736,3.203921009,0.012703229
1609060491.981079102,-3.702169081,4.930096379,3.203868706,-3.700487900,4.928558717,3.204745271,0.002441135
1609060492.029659986,-3.674120127,4.881933528,3.204206591,-3.655129652,4.843308350,3.207089595,0.043137620
1609060492.080188990,-3.649462889,4.832697743,3.203928734,-3.633943006,4.803434333,3.207944615,0.033366769
1609060492.128679991,-3.622000812,4.786274161,3.204064926,-3.611002685,4.761478332,3.208347344,0.027461446
1609060492.182240009,-3.594321221,4.737359832,3.203987835,-3.589180966,4.723560605,3.208270828,0.015335740
1609060492.230466127,-3.566749094,4.693640202,3.203867510,-3.542692384,4.647225290,3.207833778,0.052429006
1609060492.279041052,-3.537054089,4.647124168,3.204942137,-3.518365525,4.610372105,3.208062725,0.041348696
1609060492.328356028,-3.505496368,4.604561137,3.204753938,-3.493402829,4.574662235,3.207848599,0.032400231
1609060492.380124092,-3.472346932,4.557771619,3.203660406,-3.466819070,4.539121285,3.207841168,0.019896506
1609060492.428395033,-3.438167845,4.518526275,3.203879831,-3.439471868,4.504566067,3.208018658,0.014619090
1609060492.484305143,-3.403616868,4.475144930,3.204350490,-3.385992000,4.443769429,3.209911273,0.036414013
1609060492.534708023,-3.368660419,4.439005355,3.206526948,-3.356648628,4.414114568,3.211132559,0.028018673
1609060492.579715014,-3.334986424,4.407091348,3.208325069,-3.326930996,4.384746394,3.213330199,0.024274229
1609060492.630504131,-3.298753609,4.371866300,3.209926273,-3.298351328,4.360258222,3.214631762,0.012531997
1609060492.682944059,-3.257999241,4.337237888,3.212575641,-3.266403364,4.332971734,3.216635948,0.010262331
1609060492.730010033,-3.222373721,4.309597714,3.214577726,-3.201103353,4.284853059,3.220585444,0.033178595
1609060492.779417038,-3.186805756,4.282667755,3.216546416,-3.167986267,4.261301456,3.222875498,0.029167605
1609060492.828896046,-3.147017552,4.255530834,3.219483860,-3.134825952,4.238559232,3.225500692,0.021745635
1609060492.881380081,-3.105448188,4.228438757,3.222493898,-3.100137384,4.216246976,3.229099918,0.014848692
1609060492.929259062,-3.066561550,4.204273970,3.226845639,-3.064866152,4.195713653,3.232641618,0.010476010
1609060492.980987072,-3.025391164,4.180142017,3.232004274,-3.028526560,4.174427889,3.236056913,0.007675014
1609060493.029018164,-2.983097538,4.157726678,3.235790787,-2.958571463,4.135057385,3.242188162,0.034005171
1609060493.079579115,-2.941853870,4.133085000,3.241654663,-2.922918644,4.116735716,3.245304397,0.025281661
1609060493.128925085,-2.899287092,4.110008188,3.245469302,-2.886407097,4.097187428,3.248131554,0.018367192
1609060493.180499077,-2.858811896,4.087930617,3.246742361,-2.851639131,4.078082054,3.249714198,0.012540915
1609060493.228688002,-2.816213166,4.065853907,3.248203804,-2.781173357,4.041390048,3.252356812,0.042936186
1609060493.280271053,-2.777495875,4.043733434,3.249421440,-2.745748712,4.021707744,3.252869983,0.038793115
1609060493.328587055,-2.736079720,4.019801100,3.249525758,-2.710321055,3.999935933,3.252744508,0.032687827
1609060493.380046129,-2.690855327,3.990054565,3.247430372,-2.672423585,3.975660834,3.252795997,0.023993719
1609060493.428469181,-2.648206560,3.963088527,3.246897469,-2.635112776,3.952465592,3.253031316,0.017942073
1609060493.480937004,-2.604188745,3.929464536,3.249782625,-2.567651824,3.905626464,3.251602512,0.043663626
1609060493.529367208,-2.561138439,3.898576261,3.249458801,-2.532539672,3.878478870,3.251280253,0.035001604
1609060493.579791069,-2.518552002,3.863023920,3.250601995,-2.496910515,3.850924507,3.250728555,0.024794471
1609060493.628499031,-2.478174577,3.829117587,3.250103873,-2.463239674,3.824049623,3.249206015,0.015796890
1609060493.682790041,-2.431168224,3.787853221,3.248223979,-2.428404229,3.792664809,3.247636454,0.005579985
1609060493.728916168,-2.392891579,3.752185965,3.246758511,-2.361029762,3.729210011,3.244788498,0.039331295
1609060493.780441999,-2.347790151,3.708702108,3.244365038,-2.325410757,3.693198186,3.243257351,0.027247676
1609060493.829635143,-2.307259744,3.666271622,3.242028989,-2.292081848,3.657052042,3.241448752,0.017768114
1609060493.883442163,-2.264792427,3.619510676,3.239249476,-2.259343047,3.622228898,3.238913895,0.006098941
1609060493.929495096,-2.226223296,3.576125441,3.236898297,-2.191568300,3.542221051,3.235737674,0.048495602
1609060493.978958130,-2.186589920,3.526743594,3.233880307,-2.159084841,3.499883402,3.234381800,0.038448028
1609060494.028350115,-2.145933878,3.475301882,3.231477227,-2.125415477,3.454313186,3.234099123,0.029468703
1609060494.082203150,-2.104442542,3.417239442,3.229549700,-2.090688389,3.409114652,3.232799628,0.016301871
1609060494.129577160,-2.064666363,3.363779358,3.227629259,-2.058871205,3.364294182,3.230420373,0.006452845
1609060494.183086157,-2.025041527,3.303596676,3.227443227,-1.991515558,3.264740085,3.229604412,0.051366293
1609060494.228484154,-1.987685367,3.249773442,3.226455909,-1.960718796,3.217288761,3.228997738,0.042295524
1609060494.280737162,-1.948996088,3.188470048,3.226558439,-1.926748641,3.163868435,3.227845597,0.033194050
1609060494.329248190,-1.909170965,3.128703157,3.226085498,-1.893656536,3.111677271,3.226773194,0.023044549
1609060494.374109983,-1.877340729,3.072969280,3.222079052,-1.862042060,3.059907569,3.226303853,0.020554963
1609060494.429419041,-1.832919368,3.002434249,3.220689712,-1.796710871,2.950190359,3.224332308,0.063669048
1609060494.481046200,-1.783815380,2.928345146,3.224043430,-1.765327827,2.896246124,3.224341653,0.037043566
1609060494.533081055,-1.738633935,2.857089823,3.224068517,-1.730076865,2.837573805,3.223563262,0.021315573
1609060494.580868006,-1.702516638,2.787424284,3.223258988,-1.697214749,2.780494806,3.223064885,0.008727277
1609060494.630129099,-1.660063013,2.718095522,3.223526698,-1.633088229,2.667181617,3.221314744,0.057660710
1609060494.679522991,-1.624727441,2.647206396,3.216924386,-1.600595119,2.608029371,3.220332261,0.046139157
1609060494.730046988,-1.585180370,2.574716292,3.217186764,-1.567574717,2.549367349,3.220536377,0.031044288
1609060494.779560089,-1.543475830,2.502729173,3.216992814,-1.534147918,2.488909696,3.220489774,0.017035745
1609060494.830006123,-1.504177811,2.429109702,3.216824393,-1.503404247,2.431117246,3.220670708,0.004407127
1609060494.881098986,-1.460662628,2.353300246,3.216883885,-1.435695247,2.307606769,3.221762066,0.052297807
1609060494.928388119,-1.422481656,2.283390494,3.217667936,-1.402540359,2.244393296,3.221081630,0.043932790
1609060494.981044054,-1.382743327,2.206362569,3.219511745,-1.370315429,2.183008123,3.221011268,0.026497762
1609060495.029597044,-1.343401057,2.134303444,3.219728364,-1.338951074,2.124635702,3.220376968,0.010662470
1609060495.082610130,-1.302275177,2.055311419,3.219398557,-1.304259948,2.061595074,3.221049786,0.006793393
1609060495.129621983,-1.263882036,1.985092074,3.219670036,-1.237795808,1.936062033,3.221006990,0.055553791
1609060495.180171013,-1.224275754,1.909918250,3.220449377,-1.202918384,1.871570894,3.222882980,0.043961113
1609060495.229920149,-1.181849586,1.834281246,3.222031618,-1.167532852,1.805522412,3.223792771,0.032173608
1609060495.281436205,-1.146049236,1.759960644,3.224007729,-1.134313002,1.741766178,3.225028440,0.021675324
1609060495.335170031,-1.102074490,1.680226648,3.226128378,-1.101136290,1.679511269,3.226810097,0.001362618
1609060495.382240057,-1.068171699,1.611401873,3.227837043,-1.065809835,1.612928732,3.227376389,0.002849895
1609060495.429296017,-1.029336637,1.541466232,3.229991436,-1.000211104,1.486879204,3.231467122,0.061888754
1609060495.483244181,-0.989429604,1.461760144,3.233070453,-0.967205642,1.424889304,3.233416363,0.043052096
1609060495.528154135,-0.953438531,1.395769494,3.235889969,-0.933704499,1.361103850,3.235569885,0.039890367
1609060495.580590010,-0.909758202,1.310115636,3.239256075,-0.901207160,1.296931098,3.236480045,0.015958029
1609060495.628806114,-0.869390688,1.236893921,3.242516435,-0.837113574,1.172769303,3.241678384,0.071794715
1609060495.681596041,-0.829022706,1.151197654,3.244274756,-0.805307655,1.110413621,3.243975734,0.047178707
1609060495.728053093,-0.790247795,1.078976508,3.247558012,-0.775228782,1.050720609,3.246988666,0.032004542
1609060495.781130075,-0.748271791,0.993813215,3.251056039,-0.745857485,0.991173127,3.249720354,0.003818768
1609060495.830497026,-0.711574420,0.917847460,3.254337971,-0.683124295,0.868421135,3.254519745,0.057029854
1609060495.881890059,-0.670412613,0.838313639,3.257614972,-0.652257294,0.805430910,3.257045853,0.037566120
1609060495.929169178,-0.636043109,0.767165904,3.259752558,-0.623170721,0.745758375,3.260086996,0.024981844
1609060495.979615211,-0.596917818,0.689949005,3.262741406,-0.591049538,0.681773144,3.262922529,0.010065497
1609060496.030449152,-0.559596872,0.614236381,3.265626306,-0.560611592,0.620334410,3.265620562,0.006181881
1609060496.082633018,-0.523970368,0.538262513,3.268508099,-0.499661366,0.493562529,3.271095501,0.050948119
1609060496.130023003,-0.489776812,0.469579169,3.270995915,-0.469570200,0.433154098,3.274114971,0.041771060
1609060496.181450129,-0.454992642,0.395244949,3.273729852,-0.440845864,0.372602337,3.277456459,0.026957500
1609060496.229318142,-0.422684161,0.327386035,3.277463662,-0.414741500,0.316836397,3.280386927,0.013525021
1609060496.281906128,-0.388631423,0.254833029,3.282363505,-0.386991772,0.256650381,3.284046962,0.002970732
1609060496.329352140,-0.356093567,0.189843973,3.286203715,-0.334255418,0.148136035,3.292019429,0.047437110
1609060496.380367041,-0.325850777,0.123387581,3.292700304,-0.309930181,0.095996610,3.294562718,0.031736403
1609060496.429882050,-0.294295106,0.060482126,3.296747584,-0.284939612,0.041553059,3.297386038,0.021124452
1609060496.482614040,-0.266223305,-0.004098761,3.301226221,-0.258637283,-0.013177068,3.300757036,0.011839912
1609060496.530198097,-0.237164421,-0.061222852,3.304134618,-0.210631409,-0.116113964,3.306498570,0.061013303
1609060496.579577208,-0.210641321,-0.118491461,3.304795468,-0.187430686,-0.167036459,3.308461700,0.053933214
1609060496.629139185,-0.181472479,-0.177036771,3.308082006,-0.163613048,-0.217272934,3.311504005,0.044154481
1609060496.680529118,-0.151834150,-0.242335086,3.307993773,-0.141382721,-0.266433336,3.313924211,0.026928203
1609060496.729876995,-0.123838378,-0.297789840,3.310182674,-0.119887506,-0.314175011,3.316544079,0.018015291
1609060496.781874180,-0.098558302,-0.356816638,3.313471254,-0.098299298,-0.362419990,3.318586986,0.007591794
1609060496.830726147,-0.071974392,-0.409089069,3.314946547,-0.057081996,-0.451065930,3.321169145,0.044972893
1609060496.879760027,-0.049797986,-0.464092702,3.318338220,-0.038959558,-0.491149925,3.321262613,0.029293632
1609060496.931555986,-0.026644558,-0.516054491,3.320821365,-0.018386848,-0.536647688,3.321388132,0.022194386
1609060496.979130030,-0.003025008,-0.563377338,3.320652664,0.002798505,-0.581568063,3.320808969,0.019100791
1609060497.030738115,0.020630818,-0.613313274,3.318417064,0.021536078,-0.621414183,3.320352940,0.008378058
1609060497.082527161,0.045698245,-0.663045014,3.316758045,0.055830229,-0.695718915,3.317330175,0.034213568
1609060497.128504992,0.065740302,-0.704209278,3.314803775,0.073792077,-0.733090481,3.315870689,0.030001555
1609060497.180168152,0.084227160,-0.748499567,3.311777015,0.091132686,-0.769152604,3.313450407,0.021841119
1609060497.229369164,0.105334263,-0.791551586,3.308835886,0.106370274,-0.803048078,3.310915316,0.011728882
1609060497.282119989,0.126209783,-0.835823855,3.305067066,0.123442517,-0.839577249,3.307996109,0.005506816
1609060497.331099033,0.145807244,-0.876749714,3.301851462,0.155815628,-0.908944826,3.300499561,0.033741971
1609060497.379763126,0.163837630,-0.916089431,3.297998051,0.172546617,-0.943541423,3.296483047,0.028840138
1609060497.430797100,0.186125500,-0.956392970,3.292900651,0.188564341,-0.976454909,3.292615384,0.020211649
1609060497.479521990,0.200226697,-0.994506799,3.288207114,0.204139743,-1.010155358,3.287844360,0.016134463
1609060497.539794207,0.223021467,-1.041145128,3.280949578,0.235044667,-1.075728058,3.278412434,0.036701137
1609060497.585959196,0.238646187,-1.076284790,3.274039114,0.251135148,-1.107690187,3.273065840,0.033811542
1609060497.628929138,0.256096660,-1.109482343,3.267919966,0.266199512,-1.138513539,3.268508030,0.030744492
1609060497.679800987,0.273619225,-1.149351928,3.262908868,0.282451264,-1.172252752,3.262130762,0.024557242
1609060497.728677988,0.294223636,-1.187389126,3.256259893,0.298506463,-1.204324963,3.256194411,0.017469101
1609060497.782530069,0.318894904,-1.231356510,3.248995295,0.314620593,-1.235499023,3.250150742,0.006063432
1609060497.828576088,0.340083049,-1.266690776,3.243191143,0.348055942,-1.299843965,3.237289541,0.034605345
1609060497.881426096,0.359148845,-1.310457305,3.233884734,0.364203626,-1.330343563,3.232067036,0.020598982
1609060497.928340197,0.380838420,-1.347558704,3.228179799,0.382777432,-1.366105469,3.226017563,0.018772787
1609060497.980730057,0.400337808,-1.390875109,3.221069468,0.401406560,-1.402633319,3.219736480,0.011881691
1609060498.030624151,0.418330224,-1.431962292,3.211299950,0.418626662,-1.435508598,3.214974384,0.005115235
1609060498.081089020,0.441288856,-1.473283614,3.205385494,0.451847201,-1.500109200,3.207053620,0.028876866
1609060498.129364014,0.460891202,-1.510775690,3.202136201,0.469733985,-1.532517544,3.205384221,0.023694992
1609060498.179213047,0.483611487,-1.551265564,3.198203727,0.488028155,-1.566068542,3.202800150,0.016117140
1609060498.229629040,0.506003282,-1.592365679,3.194942369,0.504650558,-1.598114643,3.200512090,0.008118019
1609060498.282165051,0.527444405,-1.634836241,3.192536718,0.523496433,-1.631570006,3.197928202,0.007437935
1609060498.330411196,0.549385773,-1.670379612,3.191376399,0.560594924,-1.696362574,3.196577976,0.028771788
1609060498.380028009,0.570999419,-1.707592582,3.191014607,0.579103814,-1.730486854,3.195990700,0.024790934
1609060498.428318977,0.592755727,-1.747664866,3.190632947,0.598085001,-1.763263175,3.195829693,0.017283362
1609060498.482119083,0.616689954,-1.791606934,3.190898838,0.616225576,-1.795394515,3.195500316,0.005977877
1609060498.530372143,0.640420017,-1.830759032,3.190399691,0.636340672,-1.830204000,3.194826871,0.006045580
1609060498.580444098,0.660269948,-1.870190949,3.193256727,0.675411420,-1.899004356,3.193846242,0.032554940
1609060498.629819155,0.684419747,-1.910116475,3.192836006,0.695225138,-1.933949241,3.193127648,0.026169490
1609060498.681581020,0.704205556,-1.950944011,3.191312171,0.714873379,-1.970383204,3.192855119,0.022227581
1609060498.728110075,0.727214616,-1.989610009,3.190882085,0.735261492,-2.006046526,3.191339901,0.018306308
1609060498.786158085,0.750725814,-2.040899304,3.189040850,0.774662945,-2.078536311,3.188508770,0.044607327
1609060498.829328060,0.771569177,-2.079617614,3.187573798,0.793086814,-2.117108541,3.187203392,0.043228642
1609060498.881321192,0.798418705,-2.129991698,3.186858263,0.812392514,-2.154024829,3.185371746,0.027840051
1609060498.928911209,0.823508462,-2.174461931,3.185154740,0.833828395,-2.195656532,3.183215617,0.023653166
1609060498.980941057,0.847122629,-2.229194144,3.181423660,0.854665039,-2.235844598,3.180585920,0.010090505
1609060499.029283047,0.873910239,-2.275792044,3.179594052,0.875196330,-2.277531282,3.177600593,0.002941574
1609060499.083007097,0.898514651,-2.331791605,3.175206842,0.918051659,-2.362276772,3.173779257,0.036236419
1609060499.128166199,0.918482397,-2.376312570,3.173542071,0.938644391,-2.404922256,3.172494595,0.035015958
1609060499.180455208,0.946650224,-2.430678189,3.171415942,0.957290314,-2.446111225,3.170533068,0.018766181
1609060499.228965044,0.969653972,-2.479654214,3.172197230,0.978292701,-2.489510503,3.169128772,0.013460665
1609060499.279461145,0.996617947,-2.534335661,3.170561190,0.999394010,-2.532796268,3.168082031,0.004027715
1609060499.330644131,1.022951146,-2.589270262,3.168234406,1.042146209,-2.626644836,3.165356811,0.042114009
1609060499.381079197,1.048211314,-2.643371742,3.165382601,1.064241826,-2.673838470,3.164834574,0.034431079
1609060499.429335117,1.073507034,-2.696104204,3.164039832,1.084904091,-2.717344362,3.164096649,0.024104781
1609060499.481731176,1.098600826,-2.753504575,3.163659510,1.105016195,-2.763968826,3.163326733,0.012278773
1609060499.528813124,1.122617103,-2.805180257,3.163190815,1.124735219,-2.809377011,3.162861648,0.004712485
1609060499.632210016,1.174482937,-2.915324318,3.163624779,1.187770824,-2.950116038,3.161000473,0.037335221
1609060499.673256159,1.191130333,-2.959178222,3.164281024,1.206800512,-2.993947799,3.160523285,0.038322299
1609060499.721397161,1.216155763,-3.010469377,3.164169982,1.226380554,-3.040015523,3.159493533,0.031613134
1609060499.790719032,1.245684568,-3.082197187,3.160582812,1.265266504,-3.128293905,3.159222049,0.050102009
1609060499.834521055,1.267006178,-3.126933353,3.159917369,1.284326081,-3.174698080,3.158607495,0.050824836
1609060499.881643057,1.285856446,-3.173622574,3.158735747,1.302470931,-3.218113242,3.158249873,0.047494176
1609060499.929025173,1.306993013,-3.220905008,3.157380517,1.320014983,-3.257837555,3.158504897,0.039177149
1609060499.979601145,1.331453270,-3.275149190,3.158188233,1.338005211,-3.299189578,3.157511995,0.024926401
1609060500.030206203,1.356286463,-3.323775382,3.156659228,1.354948048,-3.339277395,3.155804845,0.015583123
1609060500.082598209,1.377252831,-3.376417354,3.153226879,1.372929120,-3.380834588,3.154294448,0.006272649
1609060500.131497145,1.399541597,-3.421104563,3.150957422,1.407341831,-3.458257745,3.149749377,0.037982390
1609060500.180402040,1.415972581,-3.465685317,3.145751960,1.421589136,-3.492261742,3.145584250,0.027163950
1609060500.229773998,1.433902199,-3.508022085,3.141523760,1.437404597,-3.527880031,3.140470138,0.020191952
1609060500.278079033,1.453381860,-3.548255674,3.134783657,1.452683628,-3.560550785,3.135748733,0.012352679
1609060500.330481052,1.470097596,-3.587902146,3.127449700,1.466991840,-3.593602264,3.128545511,0.006583150
1609060500.384297132,1.490278227,-3.628260948,3.118180154,1.495986430,-3.658248757,3.112539869,0.031042956
1609060500.430405140,1.506134281,-3.660786580,3.108896999,1.510504367,-3.687486119,3.104255764,0.027450030
1609060500.481509209,1.522366674,-3.695156340,3.096671193,1.523348550,-3.713684257,3.094869053,0.018641231
1609060500.528917074,1.537672842,-3.725428120,3.084130244,1.536279054,-3.740406006,3.082876498,0.015094754
1609060500.580059052,1.551472493,-3.756440512,3.069350995,1.548835110,-3.764451528,3.070365887,0.008494832
1609060500.630463123,1.566616266,-3.784582868,3.052653669,1.573627832,-3.811679199,3.041276756,0.030212702
1609060500.682104111,1.581234465,-3.812119806,3.034941830,1.585106289,-3.832768592,3.026873700,0.022504623
1609060500.730499029,1.595972080,-3.837506012,3.018441530,1.595903317,-3.854930496,3.011753347,0.018664114
1609060500.779981136,1.604135886,-3.863396088,3.002285636,1.605706461,-3.875862683,2.996498489,0.013833790
1609060500.830636978,1.617428989,-3.887968353,2.985388758,1.616179586,-3.896660228,2.981851546,0.009466867
1609060500.879229069,1.626397429,-3.911371268,2.963071380,1.634981431,-3.936735734,2.950692225,0.029500588
1609060500.929196119,1.638593076,-3.934756062,2.943487955,1.643560054,-3.955311500,2.935289826,0.022680526
1609060500.980226994,1.645490140,-3.957811013,2.923265373,1.651979785,-3.973264996,2.920011838,0.017074149
1609060501.030568123,1.656365182,-3.979274811,2.905682063,1.660450400,-3.990549418,2.905599035,0.011992191
1609060501.082099199,1.667855024,-4.003313355,2.891925453,1.669043758,-4.008770463,2.892024796,0.005585963
1609060501.130629063,1.679471022,-4.023554454,2.879674678,1.685280341,-4.044226078,2.868670499,0.024127913
1609060501.181288004,1.687097781,-4.046634365,2.864695834,1.692215348,-4.060390321,2.858543936,0.015914197
1609060501.229866028,1.697610772,-4.067883578,2.852472340,1.698273766,-4.078063103,2.848806990,0.010839607
1609060501.279139996,1.703237673,-4.092452099,2.837472946,1.704442747,-4.094989274,2.839058625,0.003225498
1609060501.331067085,1.710403669,-4.115442953,2.825970376,1.710206641,-4.113678458,2.828942473,0.003462026
1609060501.383850098,1.720265733,-4.141032105,2.810495213,1.723253554,-4.153280315,2.803293118,0.014519500
1609060501.428828001,1.725343632,-4.161787286,2.794946780,1.729516336,-4.173094190,2.788991298,0.013443411
1609060501.481386185,1.734929952,-4.188169251,2.774939795,1.735739741,-4.192130285,2.774240043,0.004103073
1609060501.528599024,1.743202554,-4.211169198,2.757074114,1.741968008,-4.212664702,2.758640250,0.002492672
1609060501.581145048,1.750461789,-4.236560108,2.738725879,1.748291162,-4.232697575,2.744467033,0.007252009
1609060501.629769087,1.759510165,-4.261241526,2.722658971,1.762380132,-4.274994108,2.716278272,0.015429956
1609060501.678136110,1.767245087,-4.285621309,2.707825568,1.768981116,-4.296033736,2.702940701,0.011631610
1609060501.729612112,1.775986894,-4.312095792,2.691774338,1.777551096,-4.316403409,2.689973841,0.004923828
1609060501.791958094,1.784739120,-4.343159316,2.673914884,1.790370331,-4.358932917,2.666102011,0.018481288
1609060501.833837032,1.793999636,-4.364074235,2.662658932,1.797908308,-4.381429826,2.653239880,0.020129898
1609060501.881379128,1.800545661,-4.387019797,2.648737097,1.805084512,-4.401128735,2.640890758,0.016769864
1609060501.927842140,1.810677737,-4.409658020,2.634404772,1.812226884,-4.422244135,2.627442357,0.014466698
1609060501.979767084,1.817889130,-4.433763458,2.616244131,1.825054556,-4.438562150,2.611524716,0.009830750
1609060502.030068159,1.828978990,-4.457961196,2.598836519,1.827800200,-4.463356763,2.598046002,0.005579123
1609060502.081687212,1.837874818,-4.481780082,2.583323568,1.843388201,-4.503028009,2.571089873,0.025130362
1609060502.129033089,1.848546279,-4.503290586,2.569049622,1.851217309,-4.522968999,2.557784611,0.022831443
1609060502.177217007,1.857924663,-4.525874924,2.553605539,1.858268396,-4.541673740,2.545176453,0.017910059
1609060502.228680134,1.870020490,-4.548421168,2.536291703,1.866207391,-4.561311068,2.530079985,0.014807927
1609060502.281580210,1.877958701,-4.572210862,2.514173977,1.874370041,-4.580009990,2.513603691,0.008604075
1609060502.331065178,1.889374911,-4.592300081,2.496636425,1.881955459,-4.598176492,2.497798745,0.009535799
1609060502.379868984,1.894616184,-4.612852618,2.480092635,1.896324288,-4.630264915,2.469318897,0.020546999
1609060502.429216146,1.901305971,-4.631494511,2.466715259,1.903005225,-4.645504936,2.456424674,0.017466414
1609060502.478612185,1.910536327,-4.648693714,2.452491155,1.909194679,-4.658640443,2.445465323,0.012251520
1609060502.529726028,1.918128538,-4.664197890,2.436375448,1.915735964,-4.672265867,2.432909506,0.009101067
1609060502.581580162,1.926593806,-4.679856970,2.420580164,1.922228836,-4.685122498,2.419888843,0.006874349
1609060502.628553152,1.934453663,-4.692022298,2.406524694,1.934614586,-4.705594494,2.397796479,0.016137290
1609060502.679982185,1.940525022,-4.705656836,2.391392040,1.940349513,-4.715312269,2.387783267,0.010309288
1609060502.729335070,1.947115498,-4.717436480,2.379314286,1.945905371,-4.724189657,2.378431082,0.006917359
1609060502.779874086,1.952881616,-4.727392804,2.367319260,1.951917065,-4.732926576,2.367916740,0.005648891
1609060502.831654072,1.959819149,-4.737777898,2.354080516,1.957777822,-4.741222748,2.356534268,0.004696265
1609060502.876046181,1.964621491,-4.746553034,2.342473464,1.967535255,-4.754052077,2.332783973,0.012594123
1609060502.925194979,1.972768286,-4.754501414,2.327715615,1.973602540,-4.761593341,2.319560346,0.010839734
1609060502.972741127,1.975871187,-4.761204246,2.311265419,1.978939358,-4.767139541,2.306380142,0.008276916
1609060503.024496078,1.985096046,-4.768222703,2.293574828,1.984531290,-4.772492103,2.291925556,0.004611597
1609060503.074285984,1.990065810,-4.775055857,2.278787643,1.989905706,-4.776998206,2.277965558,0.002115225
1609060503.123784065,1.998720644,-4.780879521,2.262288654,2.001895641,-4.786329638,2.249926267,0.013878508
1609060503.173135042,2.002133218,-4.786874259,2.244822232,2.008139990,-4.791332266,2.234913642,0.012415123
1609060503.222823143,2.011402682,-4.793295053,2.226080083,2.014414780,-4.796226762,2.218758307,0.008442515
1609060503.283221006,2.021784175,-4.798833312,2.199343956,2.020541485,-4.801181930,2.202482354,0.004112156
1609060503.329416037,2.031404277,-4.805315769,2.180174030,2.033505407,-4.812048320,2.168373006,0.013747951
1609060503.379991055,2.038768225,-4.816004968,2.156887660,2.033505367,-4.812047471,2.168374356,0.013240228
1609060503.429008007,2.050478027,-4.823723397,2.135752132,2.048794616,-4.823419146,2.132056423,0.004072432
1609060503.478389978,2.055257009,-4.831907490,2.115162653,2.055578919,-4.829078665,2.115369677,0.002854600
1609060503.532170057,2.062809661,-4.838988074,2.095507228,2.062853630,-4.834688989,2.098448637,0.005209218
1609060503.583558083,2.073386893,-4.847713947,2.074263205,2.078887706,-4.848114194,2.063939490,0.011704625
1609060503.628724098,2.081096138,-4.854570449,2.055806575,2.086496528,-4.855307463,2.047513469,0.009923860
1609060503.681049109,2.091957428,-4.864471392,2.034682622,2.093956935,-4.863170865,2.031962962,0.003617451
1609060503.730980158,2.100457214,-4.873805407,2.015546217,2.102212998,-4.871639815,2.016125590,0.002847497
1609060503.781499147,2.108355416,-4.883772352,1.998193248,2.109895162,-4.879423758,2.003262249,0.006853893
1609060503.830842018,2.118599121,-4.893948441,1.983982404,2.126867848,-4.899106965,1.978080339,0.011393709
1609060503.876079082,2.127562386,-4.903601381,1.971307480,2.134292528,-4.908698156,1.967278370,0.009354446
1609060503.923665047,2.137744462,-4.914808072,1.956926640,2.142161754,-4.919246032,1.955194536,0.006496779
1609060503.973829985,2.144045316,-4.927572525,1.942760743,2.149879764,-4.930112080,1.941969634,0.006412174
1609060504.025320053,2.155369217,-4.939874092,1.926541876,2.157417400,-4.940665039,1.929012164,0.003304993
1609060504.075659990,2.160016075,-4.951003476,1.911113139,2.165037356,-4.952413106,1.914822228,0.006399818
1609060504.124380112,2.169077578,-4.963208795,1.896363549,2.176832004,-4.974772111,1.890508764,0.015103639
1609060504.175167084,2.172952706,-4.976336048,1.880465292,2.181283235,-4.986006525,1.878297295,0.012946662
1609060504.224220037,2.180221700,-4.988267902,1.865232984,2.186339672,-4.996163101,1.866003159,0.010017830
1609060504.273495197,2.184617557,-5.000944222,1.851028726,2.191555814,-5.006360492,1.853701466,0.009198855
1609060504.325726032,2.192604283,-5.013597003,1.835164063,2.201105382,-5.028193526,1.829016547,0.017975515
1609060504.372953176,2.199610657,-5.024566392,1.821557728,2.205538876,-5.038947114,1.816161367,0.016464193
1609060504.428673029,2.209076382,-5.037322603,1.805242448,2.209739791,-5.048827840,1.804245642,0.011567377
1609060504.478152037,2.211701358,-5.050388137,1.790688192,2.213741732,-5.057878791,1.792746741,0.008031852
1609060504.529919147,2.220267152,-5.061067778,1.775713102,2.218180541,-5.066767637,1.780611415,0.007799731
1609060504.581017017,2.218797084,-5.070968091,1.759498088,2.224229530,-5.084263047,1.755061660,0.015031607
1609060504.631231070,2.221101188,-5.081629867,1.745907936,2.227282661,-5.092436384,1.742189888,0.012992894
1609060504.682337999,2.226170311,-5.091333572,1.729434494,2.229689811,-5.100100306,1.729740215,0.009451770
1609060504.729389191,2.228485294,-5.102464574,1.715058434,2.231868833,-5.107703037,1.716600027,0.006423888
1609060504.781613111,2.230114423,-5.113131435,1.699973568,2.232605624,-5.115397426,1.704476617,0.005623011
1609060504.830829144,2.230274362,-5.121848344,1.685871567,2.232912142,-5.129815051,1.680873793,0.009767499
1609060504.881592989,2.228695949,-5.130377294,1.671382750,2.232458809,-5.136552181,1.669604291,0.007446561
1609060504.929919004,2.228395317,-5.137572470,1.658779685,2.231508891,-5.143125380,1.658911742,0.006367621
1609060504.979718208,2.226359179,-5.143860497,1.646078291,2.230089493,-5.149392448,1.647730544,0.006873694
1609060505.031477213,2.224677265,-5.152486726,1.632476428,2.228025662,-5.155438672,1.637366654,0.006621183
1609060505.083100080,2.222414688,-5.161044173,1.618906466,2.222447071,-5.167626639,1.615805945,0.007276204
1609060505.129166126,2.219958196,-5.167617736,1.607349507,2.218833393,-5.173024941,1.606420973,0.005600466
1609060505.179536104,2.209233119,-5.173162253,1.594018154,2.214019420,-5.179113933,1.596495301,0.008029162
1609060505.229914188,2.204006162,-5.180337190,1.580930032,2.208788005,-5.185298527,1.587093144,0.009244719
1609060505.288335085,2.196863961,-5.188937373,1.569935100,2.196975499,-5.196991064,1.568267868,0.008225208
1609060505.329346180,2.191530086,-5.195038689,1.561331447,2.189959832,-5.203088405,1.559896877,0.008325960
1609060505.378872156,2.179937301,-5.200489304,1.552827491,2.182170065,-5.209262077,1.551427438,0.009160073
1609060505.430555105,2.173280310,-5.207496909,1.542806267,2.174908205,-5.214993430,1.543457146,0.007698799
1609060505.479947090,2.165087279,-5.216078380,1.531934942,2.167630549,-5.220849735,1.534713497,0.006079014
1609060505.532739162,2.158909636,-5.223794792,1.521527040,2.159774396,-5.227257937,1.525592767,0.005410297
1609060505.582180977,2.145465643,-5.231866997,1.510911417,2.142667173,-5.239890272,1.508934878,0.008724167
1609060505.672855139,2.128585820,-5.247220403,1.490931261,2.127134200,-5.251997530,1.490778222,0.004995155
1609060505.743427038,2.115296447,-5.259068812,1.473028311,2.111749490,-5.264329664,1.469306137,0.007356089
1609060505.785398006,2.110107834,-5.265537758,1.461637877,2.105622276,-5.269352277,1.458356963,0.006740562
1609060505.830541134,2.101245610,-5.271267781,1.451532229,2.099587683,-5.274465517,1.446778556,0.005964196
1609060505.880026102,2.096374053,-5.278000127,1.437566169,2.094147937,-5.279075014,1.435299732,0.003353761
1609060505.928045988,2.091943003,-5.284163281,1.423263916,2.089004406,-5.283706028,1.422459917,0.003080721
1609060505.980888128,2.083090321,-5.291669507,1.405551666,2.084048041,-5.287981753,1.408917819,0.005084068
1609060506.030166149,2.078321724,-5.296735048,1.388934929,2.079702151,-5.292415089,1.395330002,0.007839935
1609060506.082507133,2.073017078,-5.301249187,1.370041666,2.075404168,-5.296871806,1.380647769,0.011719602
1609060506.131301165,2.069892318,-5.305699852,1.352383986,2.070236269,-5.303733037,1.350404762,0.002811404
1609060506.181574106,2.067308138,-5.309865424,1.333245464,2.068540886,-5.307173654,1.334855021,0.003369862
1609060506.229834080,2.067992979,-5.313443107,1.314082203,2.067620044,-5.309989181,1.318572406,0.005677201
1609060506.283174038,2.063982965,-5.316112493,1.294391350,2.066595555,-5.312673865,1.303211049,0.009820228
1609060506.329013109,2.065329861,-5.318879232,1.277368745,2.065768412,-5.315564746,1.286953986,0.010151600
1609060506.381528139,2.063204781,-5.322150594,1.259944676,2.066810378,-5.321458667,1.256959631,0.004731763
1609060506.429151058,2.065766319,-5.325550984,1.245279607,2.067743253,-5.324013964,1.244029942,0.002798636
1609060506.479460001,2.064232317,-5.328435821,1.231346090,2.068418454,-5.326436365,1.231975622,0.004681653
1609060506.528196096,2.066856476,-5.331281559,1.217714478,2.069284775,-5.329207694,1.219640627,0.003729289
1609060506.575851202,2.067375772,-5.333696863,1.204123758,2.070615229,-5.331903075,1.208148772,0.005469233
1609060506.625441074,2.071703766,-5.336390268,1.191293993,2.073517564,-5.337746999,1.186320255,0.005465223
1609060506.676068068,2.071373886,-5.341368166,1.177058583,2.074891216,-5.340844543,1.176667130,0.003577573
1609060506.725394011,2.075483029,-5.345429385,1.165435481,2.076531009,-5.344410528,1.167091903,0.002209087
1609060506.773559093,2.074267331,-5.347404630,1.154606725,2.077910283,-5.347837600,1.157588037,0.004727238
1609060506.823841095,2.075030274,-5.352829331,1.142610646,2.079933314,-5.351790695,1.147887331,0.007277498
1609060506.874558210,2.077804510,-5.358033672,1.129726178,2.084317462,-5.360438414,1.127112343,0.007418455
1609060506.971599102,2.082782023,-5.369163693,1.104903965,2.088456419,-5.370377066,1.104817623,0.005803318
1609060507.042611122,2.085044083,-5.376839180,1.081226732,2.093177063,-5.380624646,1.078706807,0.009318001
1609060507.086133003,2.088227068,-5.382950564,1.066085758,2.094926008,-5.386581589,1.063938364,0.007916529
1609060507.130787134,2.089313736,-5.388209719,1.050658002,2.096764115,-5.392497455,1.049551430,0.008667026
1609060507.178247213,2.089143702,-5.393844161,1.033298927,2.098298228,-5.398486868,1.034590930,0.010345499
1609060507.229111195,2.092176669,-5.401170569,1.014039637,2.099973296,-5.405005621,1.017961896,0.009533055
1609060507.282870054,2.094353042,-5.408291740,0.993917839,2.101556902,-5.411370920,1.001660368,0.011014704
1609060507.330032110,2.098107884,-5.415147732,0.974688534,2.103538949,-5.418065166,0.984308004,0.011425502
1609060507.381578207,2.097550037,-5.427104484,0.952379116,2.106294911,-5.432747442,0.948925975,0.010965399
1609060507.430997133,2.101441596,-5.435666384,0.932330807,2.107967864,-5.439937345,0.931670940,0.007827433
1609060507.480647087,2.101473431,-5.444486912,0.912071491,2.108885628,-5.446370808,0.916857655,0.009022034
1609060507.532473087,2.104725799,-5.454508916,0.892088813,2.109153992,-5.454284482,0.900490467,0.009499845
1609060507.581765175,2.104926060,-5.465862561,0.875222684,2.110682339,-5.468657404,0.871576397,0.007364869
1609060507.629183054,2.108170250,-5.475231764,0.860238829,2.111255072,-5.475736420,0.858480166,0.003586600
1609060507.678351164,2.107413816,-5.483165889,0.843698743,2.111666371,-5.482600002,0.847247698,0.005567722
1609060507.730005980,2.110614412,-5.493174946,0.829925991,2.111370104,-5.490156770,0.835603933,0.006474526
1609060507.781391144,2.107133890,-5.504603213,0.814818774,2.111037180,-5.498230371,0.824689110,0.012380320
1609060507.829667091,2.109782768,-5.514189020,0.803030494,2.110277045,-5.505700814,0.815048489,0.014721622
1609060507.882309198,2.107511982,-5.524451994,0.790342919,2.109129957,-5.520064653,0.796793649,0.007967341
1609060507.930590153,2.103993066,-5.533380540,0.781227366,2.107549708,-5.526921568,0.788262900,0.010191504
1609060507.981079102,2.103628163,-5.543320141,0.770739264,2.105950804,-5.533665896,0.780505035,0.013927289
1609060508.029278040,2.098397837,-5.548839029,0.760477631,2.104100821,-5.540358613,0.772093272,0.015471413
1609060508.088443995,2.096933506,-5.558512725,0.748322109,2.099295121,-5.553662293,0.755348921,0.008858895
1609060508.131664038,2.094590190,-5.564546218,0.740425824,2.097304635,-5.559332980,0.747504908,0.009201059
1609060508.179089069,2.092775002,-5.570278269,0.731800433,2.095029141,-5.564894733,0.739120012,0.009361616
1609060508.230317116,2.090949970,-5.575770208,0.721838869,2.092889920,-5.570005486,0.731214191,0.011175513
1609060508.283871174,2.087640571,-5.580191372,0.711542779,2.090782768,-5.574866196,0.722832211,0.012871758
1609060508.331052065,2.086142015,-5.584737931,0.703373069,2.089028555,-5.579449623,0.714471511,0.012628290
1609060508.379541159,2.083302573,-5.589546996,0.694932676,2.084868127,-5.587774672,0.699176808,0.004858472
1609060508.430205107,2.083807180,-5.593432884,0.685459405,2.083191712,-5.591582701,0.691210792,0.006072926
1609060508.482200146,2.079008029,-5.596568111,0.674788226,2.081053181,-5.595160971,0.683637531,0.009190914
1609060508.530605078,2.078472353,-5.599860286,0.664539958,2.079040936,-5.598745720,0.674359027,0.009898467
1609060508.584336042,2.074909130,-5.602686538,0.652172769,2.076390585,-5.603722020,0.655022258,0.003374392
1609060508.630553007,2.075739476,-5.604939974,0.640569510,2.075414083,-5.605966545,0.644746777,0.004313849
1609060508.680194139,2.070978675,-5.605668749,0.626241111,2.074868178,-5.607285105,0.633325085,0.008241574
1609060508.729096174,2.072752532,-5.606624490,0.612603517,2.074331996,-5.608700132,0.621574093,0.009342067
1609060508.780822039,2.072355266,-5.607889930,0.600275680,2.074268861,-5.609514704,0.610940735,0.010956511
1609060508.873443127,2.074354662,-5.608964275,0.573179180,2.075651890,-5.610539071,0.587602717,0.014567127
1609060508.941129208,2.079359158,-5.609753479,0.553292588,2.077570081,-5.611849200,0.561998202,0.009131295
1609060508.986562014,2.076974691,-5.612380209,0.539090844,2.078481596,-5.612329133,0.549100015,0.010122098
1609060509.031994104,2.075702103,-5.611180335,0.524776614,2.078947145,-5.612611181,0.536534692,0.012281288
1609060509.076798201,2.077946609,-5.611431389,0.512137613,2.081054369,-5.612893020,0.513152367,0.003581098
1609060509.122907162,2.078504621,-5.611691987,0.499947413,2.082524033,-5.613001176,0.502947282,0.005183519
1609060509.176576138,2.080102048,-5.611603965,0.486268076,2.083671370,-5.612734658,0.492208300,0.007021737
1609060509.223483086,2.082594278,-5.611614923,0.474487393,2.084468902,-5.612635787,0.481213679,0.007056862
1609060509.276262999,2.080371180,-5.610654620,0.460237881,2.085186029,-5.612933584,0.470555306,0.011611447
1609060509.324488163,2.082520241,-5.610800473,0.447163201,2.086388171,-5.613250793,0.448497319,0.004769153
1609060509.372967005,2.080880577,-5.613509948,0.432914645,2.086746301,-5.613467937,0.435990786,0.006623529
1609060509.424610138,2.081837559,-5.614593166,0.418175743,2.086316458,-5.613762499,0.423790171,0.007229963
1609060509.473656178,2.081044773,-5.614862377,0.405167407,2.085822491,-5.614524517,0.411039444,0.007577702
1609060509.524735212,2.081526426,-5.616826435,0.390033175,2.084409384,-5.615120250,0.398467103,0.009074891
1609060509.575262070,2.075704392,-5.617719842,0.373568301,2.082717235,-5.616834432,0.384891555,0.013348409
1609060509.623697042,2.075140826,-5.619958323,0.358872870,2.078969137,-5.619701222,0.357711249,0.004008919
1609060509.675162077,2.071685096,-5.620792287,0.342152094,2.076782586,-5.620972570,0.344272964,0.005524038
1609060509.723975182,2.071748337,-5.622053801,0.327266606,2.074739287,-5.621943460,0.331290241,0.005014738
1609060509.774631023,2.069156617,-5.622626720,0.314746327,2.072798286,-5.622852202,0.318681572,0.005366446
1609060509.830249071,2.068765536,-5.624047962,0.298564357,2.067091159,-5.625466086,0.293287299,0.005715064
1609060509.879842043,2.063148515,-5.626761160,0.279558299,2.064497159,-5.627194447,0.280076865,0.001508473
1609060509.929027081,2.062755599,-5.628018193,0.264656571,2.062442927,-5.627450991,0.267502748,0.002918939
1609060509.978571177,2.056766044,-5.633254604,0.245500235,2.059435242,-5.628648853,0.255802110,0.011595956
1609060510.031541109,2.053897919,-5.636510848,0.229156884,2.054746786,-5.630608844,0.243812767,0.015822425
1609060510.084635019,2.044269986,-5.634515630,0.214596674,2.045230007,-5.634931152,0.220813650,0.006304371
1609060510.131839991,2.036138214,-5.634792706,0.200719765,2.040934944,-5.636895434,0.209410775,0.010147105
1609060510.181102991,2.033118855,-5.636717736,0.186129583,2.036871578,-5.639278951,0.197042624,0.011821050
1609060510.229454041,2.026141506,-5.638177565,0.172145656,2.032917117,-5.640920399,0.184968453,0.014759952
1609060510.282863140,2.022317780,-5.639481643,0.155006593,2.029363045,-5.642651566,0.172578806,0.019195490
1609060510.329972982,2.017977174,-5.640833685,0.139891886,2.021167897,-5.646106310,0.147754915,0.009990421
1609060510.380298138,2.011753583,-5.642837828,0.123934148,2.017516178,-5.647085295,0.135121015,0.013281358
1609060510.428771019,2.008692396,-5.644218701,0.109074986,2.014008994,-5.648325625,0.123160827,0.015605895
1609060510.478412151,2.002513588,-5.647460466,0.094216758,2.010195343,-5.650253201,0.111573074,0.019184640
1609060510.531696081,1.997633527,-5.651558729,0.075960872,2.005969609,-5.652004616,0.100053423,0.025497845
1609060510.584844112,1.992370912,-5.655851368,0.056091328,1.997106833,-5.656401343,0.076851155,0.021300277
1609060510.630853176,1.989688127,-5.659495986,0.040779256,1.992032837,-5.659060010,0.065392139,0.024728157
1609060510.681565046,1.981865371,-5.659208159,0.034640863,1.988080387,-5.661771706,0.053146892,0.019689370
1609060510.728801012,1.979536303,-5.662280288,0.021259224,1.984336306,-5.664557948,0.041945150,0.021357324
1609060510.782432079,1.976333253,-5.665810965,0.007785263,1.981874480,-5.667152143,0.032409660,0.025275777
1609060510.829675198,1.984748789,-5.659830114,0.011983541,1.988051513,-5.662985488,0.033439670,0.021936952
1609060510.881379128,1.984995219,-5.659577847,0.011431679,1.989558554,-5.662504261,0.028374574,0.017789031
1609060510.930631161,1.989382742,-5.658135227,0.006338207,1.992795235,-5.661190194,0.024978329,0.019194585
1609060510.983911991,1.997001572,-5.651516901,0.013890630,1.995167153,-5.656531266,0.026195738,0.013413599
1609060511.029888153,2.001256401,-5.649403556,0.013545170,1.996506724,-5.652999599,0.025823881,0.013647627
1609060511.082311153,1.995954736,-5.645472562,0.009667118,1.997334809,-5.645216069,0.024017111,0.014418484
1609060511.128465176,1.999013533,-5.643317492,0.009560381,1.994387077,-5.643668134,0.024149949,0.015309558
1609060511.178915977,1.995977201,-5.640680934,0.007655875,1.993796987,-5.642053609,0.024149340,0.016693471
1609060511.230607033,1.994170994,-5.639555802,0.008458661,1.994393331,-5.640481380,0.024072053,0.015642382
1609060511.283373117,1.995307610,-5.639754844,0.007905802,1.995036974,-5.640329502,0.024208418,0.016314986
1609060511.330246210,1.993697561,-5.641075995,0.006118384,1.994532430,-5.642142627,0.024073979,0.018006614
1609060511.382980108,1.995556241,-5.643060184,0.004439888,1.995380163,-5.643085298,0.024118753,0.019679669
1609060511.424667120,1.997870355,-5.643534043,0.003258785,1.996135075,-5.644282700,0.024306823,0.021132714
1609060511.474285126,1.996180109,-5.640422994,0.003196104,1.995889021,-5.645291175,0.024388039,0.021745851
1609060511.522655010,1.998524794,-5.640380695,0.001919571,1.996064824,-5.646020363,0.024607022,0.023506972
1609060511.576474190,1.997026175,-5.641146466,0.002175299,1.996853870,-5.646895609,0.024414930,0.022971363
1609060511.625574112,1.998404766,-5.640985947,0.001248666,1.996648570,-5.647257669,0.024338779,0.023991082
1609060511.672990084,1.997583007,-5.640767124,0.000796678,1.996332803,-5.646972234,0.024637620,0.024666919
1609060511.724516153,1.999724718,-5.640507168,-0.000356136,1.996448760,-5.646883178,0.024638888,0.026002628
1609060511.774074078,1.998118917,-5.639683329,-0.001835866,1.996756005,-5.646754286,0.024694503,0.027490297
1609060511.824729204,2.000531611,-5.639641708,-0.002778396,1.996695135,-5.647102481,0.024494105,0.028533681
1609060511.873460054,1.996290122,-5.640326358,-0.002827470,1.996638831,-5.647356409,0.024411421,0.028133617
1609060511.923904181,1.998481848,-5.640870866,-0.003713859,1.996852009,-5.647405194,0.024520381,0.029026300
1609060511.975442171,1.996980571,-5.638928075,-0.004507500,1.996976911,-5.647631830,0.024485706,0.030271461
1609060512.022669077,1.998739606,-5.639281657,-0.005124243,1.996893873,-5.647979673,0.024498660,0.030928605
1609060512.075103045,1.999206785,-5.638238505,-0.004560053,1.996965569,-5.648194747,0.024531368,0.030829540
1609060512.126736164,2.001785517,-5.638362609,-0.004664987,1.997159648,-5.648309710,0.024382292,0.031049765
1609060512.173801184,1.998591625,-5.639177792,-0.007112715,1.997159300,-5.648317929,0.024371981,0.032815846
1609060512.223273039,2.001031300,-5.639219122,-0.007693334,1.997090612,-5.648386167,0.024351159,0.033562081
1609060512.274697065,1.998015858,-5.639612540,-0.006266316,1.997140660,-5.648485465,0.024555260,0.032085267
1609060512.323801994,1.996812246,-5.640453158,-0.006017392,1.997202819,-5.648722068,0.024569451,0.031687260
1609060512.374632120,1.996939841,-5.641008520,-0.005847763,1.997118797,-5.648791186,0.024562588,0.031390944
1609060512.423748016,1.995159941,-5.641245349,-0.005011510,1.997266055,-5.648996546,0.024533488,0.030617375
1609060512.475403070,1.994844085,-5.642083227,-0.004295371,1.997362071,-5.649115691,0.024475553,0.029724768
1609060512.522479057,1.996658594,-5.642055498,-0.003896596,1.997313400,-5.649045040,0.024424010,0.029177718
1609060512.575136185,1.993546868,-5.642562588,-0.003474965,1.996859013,-5.647956271,0.024563323,0.028743829
1609060512.624689102,1.994613332,-5.641623032,-0.002502005,1.995671465,-5.644375918,0.024260348,0.026924367
1609060512.673336029,1.990880584,-5.639453890,-0.001707493,1.994954831,-5.642458604,0.024012629,0.026213593
1609060512.723724127,1.992060318,-5.637991121,-0.000751060,1.994292615,-5.640429225,0.023856694,0.024828795
1609060512.773655176,1.989454455,-5.636913380,-0.000124503,1.993592640,-5.639008097,0.023713618,0.024285149
1609060512.826208115,1.991046110,-5.636403915,0.001075512,1.993180814,-5.637650445,0.023777772,0.022836449
1609060512.874486208,1.988314774,-5.635833568,0.000745681,1.992937112,-5.636928212,0.023807826,0.023546270
1609060512.923703194,1.990623551,-5.636675656,0.001598585,1.993122488,-5.637137427,0.023736133,0.022282930
1609060512.974423170,1.986957190,-5.635630035,0.002013796,1.993267576,-5.637788002,0.023896132,0.022876066
1609060513.023060083,1.988844014,-5.636592924,0.002896588,1.993707452,-5.638602929,0.023934877,0.021686465
1609060513.077083111,1.987586144,-5.638382732,0.004609223,1.994011881,-5.639532840,0.023766825,0.020239234
1609060513.125016212,1.990014276,-5.639680295,0.005407455,1.994523582,-5.640728043,0.023815022,0.018980784
1609060513.173258066,1.988100097,-5.637573332,0.004397340,1.994662410,-5.641182944,0.023852781,0.020847241
1609060513.225908041,1.991275945,-5.637975884,0.004635389,1.994850951,-5.641422861,0.023929267,0.019922752
1609060513.277425051,1.989697107,-5.639417748,0.003306501,1.994747128,-5.641276095,0.023839651,0.021226550
1609060513.376724005,1.988559750,-5.637353861,0.002221098,1.994324512,-5.640257712,0.023856600,0.022577861
1609060513.424143076,1.987687337,-5.638350590,0.002985643,1.994255890,-5.639853782,0.023874703,0.021948993
1609060513.474897146,1.988512504,-5.638793198,0.002922797,1.994074367,-5.639613213,0.023792155,0.021613349
1609060513.524019003,1.989123371,-5.639081513,0.003616513,1.993925727,-5.639370653,0.023679807,0.020632062
1609060513.574426174,1.990382923,-5.639252766,0.003525983,1.994041769,-5.639066676,0.023577537,0.020383489
1609060513.626206160,1.992592200,-5.639282724,0.003612672,1.993853444,-5.638898760,0.023789656,0.020220012
1609060513.674419165,1.990712202,-5.637391871,0.004174671,1.993749668,-5.638811920,0.023622284,0.019734548
1609060513.723834038,1.993446225,-5.636939159,0.004364130,1.993568985,-5.638445677,0.023701885,0.019396738
1609060513.774116993,1.992591103,-5.634982682,0.004618343,1.993357313,-5.637884475,0.023682645,0.019299095
1609060513.823392153,1.995277264,-5.633719075,0.004817782,1.993333066,-5.637091844,0.023778967,0.019356705
1609060513.879414082,1.992528773,-5.631678556,0.004868559,1.992379657,-5.635314080,0.023965912,0.019440889
1609060513.923260212,1.995055203,-5.630363000,0.004895056,1.992304750,-5.634453268,0.024009509,0.019739747
1609060513.974857092,1.991485847,-5.628279123,0.004118524,1.992098671,-5.633905100,0.024159026,0.020824239
1609060514.024241209,1.993954219,-5.627163527,0.003854485,1.991760906,-5.633522798,0.023840866,0.021088062
1609060514.073918104,1.992915197,-5.626615701,0.005980454,1.991636191,-5.633097941,0.023750306,0.018958452
1609060514.127549171,1.996017636,-5.626179097,0.006318672,1.991584269,-5.632920093,0.023841015,0.019290626
1609060514.172559023,1.992649513,-5.628133479,0.005717240,1.991679525,-5.633268241,0.023868968,0.018888936
1609060514.223515034,1.995405624,-5.628839403,0.005997697,1.991707083,-5.633700620,0.024045464,0.019053413
